  0
SECTION
  2
HEADER
  9
$ACADVER
  1
AC1015
  9
$ACADMAINTVER
 70
6
  9
$DWGCODEPAGE
  3
ANSI_1252
  9
$INSBASE
 10
0.0
 20
0.0
 30
0.0
  9
$EXTMIN
 10
1e+20
 20
1e+20
 30
1e+20
  9
$EXTMAX
 10
-1e+20
 20
-1e+20
 30
-1e+20
  9
$LIMMIN
 10
0.0
 20
0.0
  9
$LIMMAX
 10
420.0
 20
297.0
  9
$ORTHOMODE
 70
0
  9
$REGENMODE
 70
1
  9
$FILLMODE
 70
1
  9
$QTEXTMODE
 70
0
  9
$MIRRTEXT
 70
1
  9
$LTSCALE
 40
1.0
  9
$ATTMODE
 70
1
  9
$TEXTSIZE
 40
2.5
  9
$TRACEWID
 40
1.0
  9
$TEXTSTYLE
  7
Standard
  9
$CLAYER
  8
0
  9
$CELTYPE
  6
ByLayer
  9
$CECOLOR
 62
256
  9
$CELTSCALE
 40
1.0
  9
$DISPSILH
 70
0
  9
$DIMSCALE
 40
1.0
  9
$DIMASZ
 40
2.5
  9
$DIMEXO
 40
0.625
  9
$DIMDLI
 40
3.75
  9
$DIMRND
 40
0.0
  9
$DIMDLE
 40
0.0
  9
$DIMEXE
 40
1.25
  9
$DIMTP
 40
0.0
  9
$DIMTM
 40
0.0
  9
$DIMTXT
 40
2.5
  9
$DIMCEN
 40
2.5
  9
$DIMTSZ
 40
0.0
  9
$DIMTOL
 70
0
  9
$DIMLIM
 70
0
  9
$DIMTIH
 70
0
  9
$DIMTOH
 70
0
  9
$DIMSE1
 70
0
  9
$DIMSE2
 70
0
  9
$DIMTAD
 70
1
  9
$DIMZIN
 70
8
  9
$DIMBLK
  1

  9
$DIMASO
 70
1
  9
$DIMSHO
 70
1
  9
$DIMPOST
  1

  9
$DIMAPOST
  1

  9
$DIMALT
 70
0
  9
$DIMALTD
 70
3
  9
$DIMALTF
 40
0.03937007874
  9
$DIMLFAC
 40
1.0
  9
$DIMTOFL
 70
1
  9
$DIMTVP
 40
0.0
  9
$DIMTIX
 70
0
  9
$DIMSOXD
 70
0
  9
$DIMSAH
 70
0
  9
$DIMBLK1
  1

  9
$DIMBLK2
  1

  9
$DIMSTYLE
  2
ISO-25
  9
$DIMCLRD
 70
0
  9
$DIMCLRE
 70
0
  9
$DIMCLRT
 70
0
  9
$DIMTFAC
 40
1.0
  9
$DIMGAP
 40
0.625
  9
$DIMJUST
 70
0
  9
$DIMSD1
 70
0
  9
$DIMSD2
 70
0
  9
$DIMTOLJ
 70
0
  9
$DIMTZIN
 70
8
  9
$DIMALTZ
 70
0
  9
$DIMALTTZ
 70
0
  9
$DIMUPT
 70
0
  9
$DIMDEC
 70
2
  9
$DIMTDEC
 70
2
  9
$DIMALTU
 70
2
  9
$DIMALTTD
 70
3
  9
$DIMTXSTY
  7
Standard
  9
$DIMAUNIT
 70
0
  9
$DIMADEC
 70
0
  9
$DIMALTRND
 40
0.0
  9
$DIMAZIN
 70
0
  9
$DIMDSEP
 70
44
  9
$DIMATFIT
 70
3
  9
$DIMFRAC
 70
0
  9
$DIMLDRBLK
  1

  9
$DIMLUNIT
 70
2
  9
$DIMLWD
 70
-2
  9
$DIMLWE
 70
-2
  9
$DIMTMOVE
 70
0
  9
$LUNITS
 70
2
  9
$LUPREC
 70
4
  9
$SKETCHINC
 40
1.0
  9
$FILLETRAD
 40
10.0
  9
$AUNITS
 70
0
  9
$AUPREC
 70
2
  9
$MENU
  1
.
  9
$ELEVATION
 40
0.0
  9
$PELEVATION
 40
0.0
  9
$THICKNESS
 40
0.0
  9
$LIMCHECK
 70
0
  9
$CHAMFERA
 40
0.0
  9
$CHAMFERB
 40
0.0
  9
$CHAMFERC
 40
0.0
  9
$CHAMFERD
 40
0.0
  9
$SKPOLY
 70
0
  9
$TDCREATE
 40
2461278.831377315
  9
$TDUCREATE
 40
2458532.153996898
  9
$TDUPDATE
 40
2461278.831377315
  9
$TDUUPDATE
 40
2458532.1544311
  9
$TDINDWG
 40
0.0
  9
$TDUSRTIMER
 40
0.0
  9
$USRTIMER
 70
1
  9
$ANGBASE
 50
0.0
  9
$ANGDIR
 70
0
  9
$PDMODE
 70
0
  9
$PDSIZE
 40
0.0
  9
$PLINEWID
 40
0.0
  9
$SPLFRAME
 70
0
  9
$SPLINETYPE
 70
6
  9
$SPLINESEGS
 70
8
  9
$HANDSEED
  5
384
  9
$SURFTAB1
 70
6
  9
$SURFTAB2
 70
6
  9
$SURFTYPE
 70
6
  9
$SURFU
 70
6
  9
$SURFV
 70
6
  9
$UCSBASE
  2

  9
$UCSNAME
  2

  9
$UCSORG
 10
0.0
 20
0.0
 30
0.0
  9
$UCSXDIR
 10
1.0
 20
0.0
 30
0.0
  9
$UCSYDIR
 10
0.0
 20
1.0
 30
0.0
  9
$UCSORTHOREF
  2

  9
$UCSORTHOVIEW
 70
0
  9
$UCSORGTOP
 10
0.0
 20
0.0
 30
0.0
  9
$UCSORGBOTTOM
 10
0.0
 20
0.0
 30
0.0
  9
$UCSORGLEFT
 10
0.0
 20
0.0
 30
0.0
  9
$UCSORGRIGHT
 10
0.0
 20
0.0
 30
0.0
  9
$UCSORGFRONT
 10
0.0
 20
0.0
 30
0.0
  9
$UCSORGBACK
 10
0.0
 20
0.0
 30
0.0
  9
$PUCSBASE
  2

  9
$PUCSNAME
  2

  9
$PUCSORG
 10
0.0
 20
0.0
 30
0.0
  9
$PUCSXDIR
 10
1.0
 20
0.0
 30
0.0
  9
$PUCSYDIR
 10
0.0
 20
1.0
 30
0.0
  9
$PUCSORTHOREF
  2

  9
$PUCSORTHOVIEW
 70
0
  9
$PUCSORGTOP
 10
0.0
 20
0.0
 30
0.0
  9
$PUCSORGBOTTOM
 10
0.0
 20
0.0
 30
0.0
  9
$PUCSORGLEFT
 10
0.0
 20
0.0
 30
0.0
  9
$PUCSORGRIGHT
 10
0.0
 20
0.0
 30
0.0
  9
$PUCSORGFRONT
 10
0.0
 20
0.0
 30
0.0
  9
$PUCSORGBACK
 10
0.0
 20
0.0
 30
0.0
  9
$USERI1
 70
0
  9
$USERI2
 70
0
  9
$USERI3
 70
0
  9
$USERI4
 70
0
  9
$USERI5
 70
0
  9
$USERR1
 40
0.0
  9
$USERR2
 40
0.0
  9
$USERR3
 40
0.0
  9
$USERR4
 40
0.0
  9
$USERR5
 40
0.0
  9
$WORLDVIEW
 70
1
  9
$SHADEDGE
 70
3
  9
$SHADEDIF
 70
70
  9
$TILEMODE
 70
1
  9
$MAXACTVP
 70
64
  9
$PINSBASE
 10
0.0
 20
0.0
 30
0.0
  9
$PLIMCHECK
 70
0
  9
$PEXTMIN
 10
1e+20
 20
1e+20
 30
1e+20
  9
$PEXTMAX
 10
-1e+20
 20
-1e+20
 30
-1e+20
  9
$PLIMMIN
 10
0.0
 20
0.0
  9
$PLIMMAX
 10
420.0
 20
297.0
  9
$UNITMODE
 70
0
  9
$VISRETAIN
 70
1
  9
$PLINEGEN
 70
0
  9
$PSLTSCALE
 70
1
  9
$TREEDEPTH
 70
3020
  9
$CMLSTYLE
  2
Standard
  9
$CMLJUST
 70
0
  9
$CMLSCALE
 40
20.0
  9
$PROXYGRAPHICS
 70
1
  9
$MEASUREMENT
 70
1
  9
$CELWEIGHT
370
-1
  9
$ENDCAPS
280
0
  9
$JOINSTYLE
280
0
  9
$LWDISPLAY
290
0
  9
$INSUNITS
 70
4
  9
$HYPERLINKBASE
  1

  9
$STYLESHEET
  1

  9
$XEDIT
290
1
  9
$CEPSNTYPE
380
0
  9
$PSTYLEMODE
290
1
  9
$FINGERPRINTGUID
  2
{973E4183-FC18-43AA-97F7-B89C9E026198}
  9
$VERSIONGUID
  2
{9AD2354F-F4D7-4568-B434-AE7A150DD119}
  9
$EXTNAMES
290
1
  9
$PSVPSCALE
 40
0.0
  9
$OLESTARTUP
290
0
  0
ENDSEC
  0
SECTION
  2
CLASSES
  0
CLASS
  1
ACDBDICTIONARYWDFLT
  2
AcDbDictionaryWithDefault
  3
ObjectDBX Classes
 90
0
280
0
281
0
  0
CLASS
  1
SUN
  2
AcDbSun
  3
SCENEOE
 90
1153
280
0
281
0
  0
CLASS
  1
VISUALSTYLE
  2
AcDbVisualStyle
  3
ObjectDBX Classes
 90
4095
280
0
281
0
  0
CLASS
  1
MATERIAL
  2
AcDbMaterial
  3
ObjectDBX Classes
 90
1153
280
0
281
0
  0
CLASS
  1
SCALE
  2
AcDbScale
  3
ObjectDBX Classes
 90
1153
280
0
281
0
  0
CLASS
  1
TABLESTYLE
  2
AcDbTableStyle
  3
ObjectDBX Classes
 90
4095
280
0
281
0
  0
CLASS
  1
MLEADERSTYLE
  2
AcDbMLeaderStyle
  3
ACDB_MLEADERSTYLE_CLASS
 90
4095
280
0
281
0
  0
CLASS
  1
DICTIONARYVAR
  2
AcDbDictionaryVar
  3
ObjectDBX Classes
 90
0
280
0
281
0
  0
CLASS
  1
CELLSTYLEMAP
  2
AcDbCellStyleMap
  3
ObjectDBX Classes
 90
1152
280
0
281
0
  0
CLASS
  1
MENTALRAYRENDERSETTINGS
  2
AcDbMentalRayRenderSettings
  3
SCENEOE
 90
1024
280
0
281
0
  0
CLASS
  1
ACDBDETAILVIEWSTYLE
  2
AcDbDetailViewStyle
  3
ObjectDBX Classes
 90
1025
280
0
281
0
  0
CLASS
  1
ACDBSECTIONVIEWSTYLE
  2
AcDbSectionViewStyle
  3
ObjectDBX Classes
 90
1025
280
0
281
0
  0
CLASS
  1
RASTERVARIABLES
  2
AcDbRasterVariables
  3
ISM
 90
0
280
0
281
0
  0
CLASS
  1
ACDBPLACEHOLDER
  2
AcDbPlaceHolder
  3
ObjectDBX Classes
 90
0
280
0
281
0
  0
CLASS
  1
LAYOUT
  2
AcDbLayout
  3
ObjectDBX Classes
 90
0
280
0
281
0
  0
ENDSEC
  0
SECTION
  2
TABLES
  0
TABLE
  2
VPORT
  5
8
330
0
100
AcDbSymbolTable
 70
1
  0
VPORT
  5
23
330
8
100
AcDbSymbolTableRecord
100
AcDbViewportTableRecord
  2
*Active
 70
0
 10
0.0
 20
0.0
 11
1.0
 21
1.0
 12
0.0
 22
0.0
 13
0.0
 23
0.0
 14
0.5
 24
0.5
 15
0.5
 25
0.5
 16
0.0
 26
0.0
 36
1.0
 17
0.0
 27
0.0
 37
0.0
 40
1000.0
 41
1.34
 42
50.0
 43
0.0
 44
0.0
 50
0.0
 51
0.0
 71
0
 72
1000
 73
1
 74
3
 75
0
 76
0
 77
0
 78
0
281
0
 65
0
146
0.0
  0
ENDTAB
  0
TABLE
  2
LTYPE
  5
2
330
0
100
AcDbSymbolTable
 70
3
  0
LTYPE
  5
24
330
2
100
AcDbSymbolTableRecord
100
AcDbLinetypeTableRecord
  2
ByBlock
 70
0
  3

 72
65
 73
0
 40
0.0
  0
LTYPE
  5
25
330
2
100
AcDbSymbolTableRecord
100
AcDbLinetypeTableRecord
  2
ByLayer
 70
0
  3

 72
65
 73
0
 40
0.0
  0
LTYPE
  5
26
330
2
100
AcDbSymbolTableRecord
100
AcDbLinetypeTableRecord
  2
Continuous
 70
0
  3

 72
65
 73
0
 40
0.0
  0
ENDTAB
  0
TABLE
  2
LAYER
  5
1
330
0
100
AcDbSymbolTable
 70
4
  0
LAYER
  5
27
330
1
100
AcDbSymbolTableRecord
100
AcDbLayerTableRecord
  2
0
 70
0
 62
7
  6
Continuous
370
-3
390
13
  0
LAYER
  5
28
330
1
100
AcDbSymbolTableRecord
100
AcDbLayerTableRecord
  2
Defpoints
 70
0
 62
7
  6
Continuous
290
0
370
-3
390
13
  0
LAYER
  5
2F
330
1
100
AcDbSymbolTableRecord
100
AcDbLayerTableRecord
  2
CUT
 70
0
 62
1
  6
Continuous
370
-3
390
13
  0
LAYER
  5
30
330
1
100
AcDbSymbolTableRecord
100
AcDbLayerTableRecord
  2
RASTER
 70
0
 62
7
  6
Continuous
370
-3
390
13
  0
ENDTAB
  0
TABLE
  2
STYLE
  5
5
330
0
100
AcDbSymbolTable
 70
1
  0
STYLE
  5
29
330
5
100
AcDbSymbolTableRecord
100
AcDbTextStyleTableRecord
  2
Standard
 70
0
 40
0.0
 41
1.0
 50
0.0
 71
0
 42
2.5
  3
txt
  4

  0
ENDTAB
  0
TABLE
  2
VIEW
  5
7
330
0
100
AcDbSymbolTable
 70
0
  0
ENDTAB
  0
TABLE
  2
UCS
  5
6
330
0
100
AcDbSymbolTable
 70
0
  0
ENDTAB
  0
TABLE
  2
APPID
  5
3
330
0
100
AcDbSymbolTable
 70
3
  0
APPID
  5
2A
330
3
100
AcDbSymbolTableRecord
100
AcDbRegAppTableRecord
  2
ACAD
 70
0
  0
APPID
  5
381
330
3
100
AcDbSymbolTableRecord
100
AcDbRegAppTableRecord
  2
HATCHBACKGROUNDCOLOR
 70
0
  0
APPID
  5
382
330
3
100
AcDbSymbolTableRecord
100
AcDbRegAppTableRecord
  2
EZDXF
 70
0
  0
ENDTAB
  0
TABLE
  2
DIMSTYLE
  5
4
330
0
100
AcDbSymbolTable
 70
1
100
AcDbDimStyleTable
  0
DIMSTYLE
105
2B
330
4
100
AcDbSymbolTableRecord
100
AcDbDimStyleTableRecord
  2
Standard
 70
0
  3

  4

 40
1.0
 41
2.5
 42
0.625
 43
3.75
 44
1.25
 45
0.0
 46
0.0
 47
0.0
 48
0.0
140
2.5
141
2.5
142
0.0
143
0.03937007874
144
1.0
145
0.0
146
1.0
147
0.625
148
0.0
 71
0
 72
0
 73
0
 74
0
 75
0
 76
0
 77
1
 78
8
 79
3
170
0
171
3
172
1
173
0
174
0
175
0
176
0
177
0
178
0
179
2
271
2
272
2
273
2
274
3
275
0
276
0
277
2
278
44
279
0
280
0
281
0
282
0
283
0
284
8
285
0
286
0
288
0
289
3
371
-2
372
-2
  0
ENDTAB
  0
TABLE
  2
BLOCK_RECORD
  5
9
330
0
100
AcDbSymbolTable
 70
2
  0
BLOCK_RECORD
  5
17
330
9
100
AcDbSymbolTableRecord
100
AcDbBlockTableRecord
  2
*Model_Space
340
1A
  0
BLOCK_RECORD
  5
1B
330
9
100
AcDbSymbolTableRecord
100
AcDbBlockTableRecord
  2
*Paper_Space
340
1E
  0
ENDTAB
  0
ENDSEC
  0
SECTION
  2
BLOCKS
  0
BLOCK
  5
18
330
17
100
AcDbEntity
  8
0
100
AcDbBlockBegin
  2
*Model_Space
 70
0
 10
0.0
 20
0.0
 30
0.0
  3
*Model_Space
  1

  0
ENDBLK
  5
19
330
17
100
AcDbEntity
  8
0
100
AcDbBlockEnd
  0
BLOCK
  5
1C
330
1B
100
AcDbEntity
  8
0
100
AcDbBlockBegin
  2
*Paper_Space
 70
0
 10
0.0
 20
0.0
 30
0.0
  3
*Paper_Space
  1

  0
ENDBLK
  5
1D
330
1B
100
AcDbEntity
  8
0
100
AcDbBlockEnd
  0
ENDSEC
  0
SECTION
  2
ENTITIES
  0
LWPOLYLINE
  5
31
330
17
100
AcDbEntity
  8
CUT
100
AcDbPolyline
 90
221
 70
1
 10
0.382
 20
217.143
 10
0.631
 20
220.706
 10
0.943
 20
224.264
 10
1.316
 20
227.816
 10
1.752
 20
231.361
 10
2.249
 20
234.898
 10
2.808
 20
238.425
 10
3.428
 20
241.943
 10
4.11
 20
245.449
 10
4.852
 20
248.942
 10
5.656
 20
252.422
 10
6.52
 20
255.888
 10
7.445
 20
259.338
 10
8.429
 20
262.771
 10
9.474
 20
266.186
 10
10.577
 20
269.583
 10
11.74
 20
272.96
 10
12.962
 20
276.316
 10
14.242
 20
279.651
 10
15.58
 20
282.962
 10
16.976
 20
286.25
 10
18.429
 20
289.513
 10
19.938
 20
292.75
 10
21.504
 20
295.96
 10
23.126
 20
299.142
 10
24.802
 20
302.296
 10
26.534
 20
305.419
 10
28.32
 20
308.512
 10
30.16
 20
311.574
 10
32.052
 20
314.603
 10
33.998
 20
317.598
 10
35.995
 20
320.559
 10
38.044
 20
323.485
 10
40.143
 20
326.374
 10
42.293
 20
329.226
 10
44.492
 20
332.041
 10
46.74
 20
334.817
 10
49.036
 20
337.552
 10
51.379
 20
340.248
 10
53.769
 20
342.902
 10
56.205
 20
345.514
 10
58.686
 20
348.083
 10
61.212
 20
350.609
 10
63.781
 20
353.09
 10
66.393
 20
355.525
 10
69.047
 20
357.915
 10
71.743
 20
360.258
 10
74.479
 20
362.554
 10
77.255
 20
364.802
 10
80.069
 20
367.001
 10
82.922
 20
369.15
 10
85.812
 20
371.249
 10
88.737
 20
373.298
 10
91.698
 20
375.295
 10
94.694
 20
377.24
 10
97.723
 20
379.133
 10
100.784
 20
380.972
 10
103.878
 20
382.758
 10
107.002
 20
384.489
 10
110.155
 20
386.166
 10
113.338
 20
387.787
 10
116.548
 20
389.353
 10
119.785
 20
390.862
 10
123.048
 20
392.315
 10
126.335
 20
393.71
 10
129.647
 20
395.048
 10
132.982
 20
396.328
 10
136.338
 20
397.549
 10
139.715
 20
398.712
 10
143.112
 20
399.816
 10
146.527
 20
400.86
 10
149.961
 20
401.844
 10
153.411
 20
402.768
 10
156.876
 20
403.632
 10
160.356
 20
404.436
 10
163.85
 20
405.178
 10
167.356
 20
405.86
 10
170.873
 20
406.48
 10
174.401
 20
407.038
 10
177.938
 20
407.535
 10
181.483
 20
407.97
 10
185.035
 20
408.344
 10
188.593
 20
408.655
 10
192.156
 20
408.904
 10
195.723
 20
409.091
 10
199.292
 20
409.215
 10
202.863
 20
409.277
 10
206.435
 20
409.277
 10
210.006
 20
409.215
 10
213.576
 20
409.09
 10
217.142
 20
408.903
 10
217.142
 20
358.643
 10
221.367
 20
358.643
 10
222.516
 20
359.475
 10
223.839
 20
359.986
 10
225.248
 20
360.142
 10
226.651
 20
359.932
 10
227.953
 20
359.37
 10
229.069
 20
358.494
 10
229.923
 20
357.362
 10
230.459
 20
356.049
 10
230.642
 20
354.643
 10
230.459
 20
353.236
 10
229.923
 20
351.923
 10
229.069
 20
350.791
 10
227.953
 20
349.915
 10
226.651
 20
349.354
 10
225.248
 20
349.144
 10
223.839
 20
349.299
 10
222.516
 20
349.81
 10
221.367
 20
350.643
 10
217.142
 20
350.643
 10
217.142
 20
308.693
 10
212.887
 20
308.693
 10
211.727
 20
309.527
 10
210.393
 20
310.038
 10
208.972
 20
310.191
 10
207.559
 20
309.977
 10
206.248
 20
309.408
 10
205.126
 20
308.524
 10
204.266
 20
307.383
 10
203.726
 20
306.06
 10
203.542
 20
304.643
 10
203.726
 20
303.226
 10
204.266
 20
301.902
 10
205.126
 20
300.761
 10
206.248
 20
299.877
 10
207.559
 20
299.309
 10
208.972
 20
299.094
 10
210.393
 20
299.247
 10
211.727
 20
299.758
 10
212.887
 20
300.593
 10
217.142
 20
300.593
 10
217.142
 20
258.643
 10
221.367
 20
258.643
 10
222.516
 20
259.475
 10
223.839
 20
259.986
 10
225.248
 20
260.142
 10
226.651
 20
259.932
 10
227.953
 20
259.37
 10
229.069
 20
258.494
 10
229.923
 20
257.362
 10
230.459
 20
256.049
 10
230.642
 20
254.643
 10
230.459
 20
253.236
 10
229.923
 20
251.923
 10
229.069
 20
250.791
 10
227.953
 20
249.915
 10
226.651
 20
249.354
 10
225.248
 20
249.144
 10
223.839
 20
249.299
 10
222.516
 20
249.81
 10
221.367
 20
250.643
 10
217.142
 20
250.643
 10
217.142
 20
217.143
 10
217.142
 20
192.143
 10
192.142
 20
192.143
 10
192.142
 20
217.143
 10
158.692
 20
217.143
 10
158.692
 20
221.398
 10
159.527
 20
222.558
 10
160.038
 20
223.892
 10
160.191
 20
225.313
 10
159.976
 20
226.726
 10
159.408
 20
228.037
 10
158.524
 20
229.159
 10
157.383
 20
230.019
 10
156.059
 20
230.559
 10
154.642
 20
230.743
 10
153.225
 20
230.559
 10
151.902
 20
230.019
 10
150.761
 20
229.159
 10
149.877
 20
228.037
 10
149.308
 20
226.726
 10
149.094
 20
225.313
 10
149.247
 20
223.892
 10
149.758
 20
222.558
 10
150.592
 20
221.398
 10
150.592
 20
217.143
 10
108.642
 20
217.143
 10
108.642
 20
212.918
 10
109.475
 20
211.769
 10
109.986
 20
210.446
 10
110.141
 20
209.037
 10
109.931
 20
207.634
 10
109.37
 20
206.332
 10
108.494
 20
205.216
 10
107.362
 20
204.362
 10
106.049
 20
203.826
 10
104.642
 20
203.643
 10
103.236
 20
203.826
 10
101.923
 20
204.362
 10
100.791
 20
205.216
 10
99.915
 20
206.332
 10
99.353
 20
207.634
 10
99.143
 20
209.037
 10
99.299
 20
210.446
 10
99.81
 20
211.769
 10
100.642
 20
212.918
 10
100.642
 20
217.143
 10
58.692
 20
217.143
 10
58.692
 20
221.398
 10
59.527
 20
222.558
 10
60.038
 20
223.892
 10
60.191
 20
225.313
 10
59.976
 20
226.726
 10
59.408
 20
228.037
 10
58.524
 20
229.159
 10
57.383
 20
230.019
 10
56.059
 20
230.559
 10
54.642
 20
230.743
 10
53.225
 20
230.559
 10
51.902
 20
230.019
 10
50.761
 20
229.159
 10
49.877
 20
228.037
 10
49.308
 20
226.726
 10
49.094
 20
225.313
 10
49.247
 20
223.892
 10
49.758
 20
222.558
 10
50.592
 20
221.398
 10
50.592
 20
217.143
  0
LWPOLYLINE
  5
32
330
17
100
AcDbEntity
  8
CUT
100
AcDbPolyline
 90
218
 70
1
 10
217.142
 20
408.903
 10
220.705
 20
408.654
 10
224.263
 20
408.342
 10
227.815
 20
407.969
 10
231.36
 20
407.533
 10
234.897
 20
407.036
 10
238.425
 20
406.477
 10
241.942
 20
405.857
 10
245.448
 20
405.175
 10
248.942
 20
404.433
 10
252.422
 20
403.629
 10
255.887
 20
402.765
 10
259.337
 20
401.84
 10
262.771
 20
400.856
 10
266.186
 20
399.811
 10
269.583
 20
398.708
 10
272.96
 20
397.545
 10
276.316
 20
396.323
 10
279.65
 20
395.043
 10
282.962
 20
393.705
 10
286.25
 20
392.309
 10
289.512
 20
390.856
 10
292.749
 20
389.347
 10
295.959
 20
387.781
 10
299.142
 20
386.159
 10
302.295
 20
384.483
 10
305.419
 20
382.751
 10
308.512
 20
380.965
 10
311.574
 20
379.125
 10
314.602
 20
377.233
 10
317.598
 20
375.287
 10
320.559
 20
373.29
 10
323.484
 20
371.241
 10
326.374
 20
369.142
 10
329.226
 20
366.992
 10
332.041
 20
364.793
 10
334.816
 20
362.545
 10
337.552
 20
360.249
 10
340.248
 20
357.906
 10
342.902
 20
355.516
 10
345.514
 20
353.08
 10
348.083
 20
350.599
 10
350.608
 20
348.073
 10
353.089
 20
345.504
 10
355.525
 20
342.892
 10
357.915
 20
340.238
 10
360.258
 20
337.542
 10
362.554
 20
334.806
 10
364.801
 20
332.03
 10
367.0
 20
329.216
 10
369.15
 20
326.363
 10
371.249
 20
323.473
 10
373.297
 20
320.548
 10
375.295
 20
317.587
 10
377.24
 20
314.591
 10
379.132
 20
311.562
 10
380.972
 20
308.501
 10
382.757
 20
305.407
 10
384.489
 20
302.283
 10
386.166
 20
299.13
 10
387.787
 20
295.947
 10
389.352
 20
292.737
 10
390.862
 20
289.5
 10
392.314
 20
286.237
 10
393.71
 20
282.95
 10
395.048
 20
279.638
 10
396.328
 20
276.303
 10
397.549
 20
272.947
 10
398.712
 20
269.57
 10
399.815
 20
266.173
 10
400.859
 20
262.758
 10
401.844
 20
259.324
 10
402.768
 20
255.874
 10
403.632
 20
252.409
 10
404.435
 20
248.929
 10
405.178
 20
245.435
 10
405.859
 20
241.929
 10
406.479
 20
238.412
 10
407.038
 20
234.884
 10
407.535
 20
231.347
 10
407.97
 20
227.802
 10
408.343
 20
224.25
 10
408.654
 20
220.692
 10
408.903
 20
217.129
 10
409.09
 20
213.562
 10
409.215
 20
209.993
 10
409.277
 20
206.422
 10
409.277
 20
202.85
 10
409.214
 20
199.279
 10
409.09
 20
195.709
 10
408.903
 20
192.143
 10
358.642
 20
192.143
 10
358.642
 20
187.918
 10
359.475
 20
186.769
 10
359.986
 20
185.446
 10
360.141
 20
184.037
 10
359.931
 20
182.634
 10
359.37
 20
181.332
 10
358.494
 20
180.216
 10
357.362
 20
179.362
 10
356.049
 20
178.826
 10
354.642
 20
178.643
 10
353.236
 20
178.826
 10
351.923
 20
179.362
 10
350.791
 20
180.216
 10
349.915
 20
181.332
 10
349.353
 20
182.634
 10
349.143
 20
184.037
 10
349.299
 20
185.446
 10
349.81
 20
186.769
 10
350.642
 20
187.918
 10
350.642
 20
192.143
 10
308.692
 20
192.143
 10
308.692
 20
196.398
 10
309.527
 20
197.558
 10
310.038
 20
198.892
 10
310.191
 20
200.313
 10
309.976
 20
201.726
 10
309.408
 20
203.037
 10
308.524
 20
204.159
 10
307.383
 20
205.019
 10
306.059
 20
205.559
 10
304.642
 20
205.743
 10
303.225
 20
205.559
 10
301.902
 20
205.019
 10
300.761
 20
204.159
 10
299.877
 20
203.037
 10
299.308
 20
201.726
 10
299.094
 20
200.313
 10
299.247
 20
198.892
 10
299.758
 20
197.558
 10
300.592
 20
196.398
 10
300.592
 20
192.143
 10
258.642
 20
192.143
 10
258.642
 20
187.918
 10
259.475
 20
186.769
 10
259.986
 20
185.446
 10
260.141
 20
184.037
 10
259.931
 20
182.634
 10
259.37
 20
181.332
 10
258.494
 20
180.216
 10
257.362
 20
179.362
 10
256.049
 20
178.826
 10
254.642
 20
178.643
 10
253.236
 20
178.826
 10
251.923
 20
179.362
 10
250.791
 20
180.216
 10
249.915
 20
181.332
 10
249.353
 20
182.634
 10
249.143
 20
184.037
 10
249.299
 20
185.446
 10
249.81
 20
186.769
 10
250.642
 20
187.918
 10
250.642
 20
192.143
 10
217.142
 20
192.143
 10
217.142
 20
250.593
 10
221.398
 20
250.593
 10
222.557
 20
249.758
 10
223.892
 20
249.247
 10
225.313
 20
249.094
 10
226.725
 20
249.309
 10
228.037
 20
249.877
 10
229.159
 20
250.761
 10
230.019
 20
251.902
 10
230.558
 20
253.226
 10
230.742
 20
254.643
 10
230.558
 20
256.06
 10
230.019
 20
257.383
 10
229.159
 20
258.524
 10
228.037
 20
259.408
 10
226.725
 20
259.977
 10
225.313
 20
260.191
 10
223.892
 20
260.038
 10
222.557
 20
259.527
 10
221.398
 20
258.693
 10
217.142
 20
258.693
 10
217.142
 20
300.643
 10
212.917
 20
300.643
 10
211.769
 20
299.81
 10
210.446
 20
299.299
 10
209.036
 20
299.144
 10
207.634
 20
299.354
 10
206.331
 20
299.915
 10
205.216
 20
300.791
 10
204.362
 20
301.923
 10
203.825
 20
303.236
 10
203.642
 20
304.643
 10
203.825
 20
306.049
 10
204.362
 20
307.362
 10
205.216
 20
308.494
 10
206.331
 20
309.37
 10
207.634
 20
309.932
 10
209.036
 20
310.142
 10
210.446
 20
309.986
 10
211.769
 20
309.475
 10
212.917
 20
308.643
 10
217.142
 20
308.643
 10
217.142
 20
350.593
 10
221.398
 20
350.593
 10
222.557
 20
349.758
 10
223.892
 20
349.247
 10
225.313
 20
349.094
 10
226.725
 20
349.309
 10
228.037
 20
349.877
 10
229.159
 20
350.761
 10
230.019
 20
351.902
 10
230.558
 20
353.226
 10
230.742
 20
354.643
 10
230.558
 20
356.06
 10
230.019
 20
357.383
 10
229.159
 20
358.524
 10
228.037
 20
359.408
 10
226.725
 20
359.977
 10
225.313
 20
360.191
 10
223.892
 20
360.038
 10
222.557
 20
359.527
 10
221.398
 20
358.693
 10
217.142
 20
358.693
  0
LWPOLYLINE
  5
33
330
17
100
AcDbEntity
  8
CUT
100
AcDbPolyline
 90
218
 70
1
 10
408.903
 20
192.143
 10
408.653
 20
188.58
 10
408.342
 20
185.022
 10
407.968
 20
181.47
 10
407.533
 20
177.925
 10
407.036
 20
174.388
 10
406.477
 20
170.86
 10
405.857
 20
167.343
 10
405.175
 20
163.837
 10
404.432
 20
160.343
 10
403.629
 20
156.863
 10
402.765
 20
153.398
 10
401.84
 20
149.948
 10
400.856
 20
146.514
 10
399.811
 20
143.099
 10
398.707
 20
139.702
 10
397.544
 20
136.325
 10
396.323
 20
132.969
 10
395.043
 20
129.635
 10
393.705
 20
126.323
 10
392.309
 20
123.035
 10
390.856
 20
119.773
 10
389.347
 20
116.536
 10
387.781
 20
113.326
 10
386.159
 20
110.143
 10
384.482
 20
106.99
 10
382.751
 20
103.866
 10
380.965
 20
100.773
 10
379.125
 20
97.711
 10
377.232
 20
94.683
 10
375.287
 20
91.687
 10
373.29
 20
88.726
 10
371.241
 20
85.801
 10
369.141
 20
82.911
 10
366.992
 20
80.059
 10
364.793
 20
77.244
 10
362.545
 20
74.469
 10
360.249
 20
71.733
 10
357.906
 20
69.037
 10
355.516
 20
66.383
 10
353.08
 20
63.771
 10
350.599
 20
61.202
 10
348.073
 20
58.677
 10
345.504
 20
56.196
 10
342.892
 20
53.76
 10
340.237
 20
51.37
 10
337.542
 20
49.027
 10
334.806
 20
46.731
 10
332.03
 20
44.484
 10
329.215
 20
42.285
 10
326.363
 20
40.135
 10
323.473
 20
38.036
 10
320.547
 20
35.988
 10
317.586
 20
33.99
 10
314.591
 20
32.045
 10
311.562
 20
30.153
 10
308.5
 20
28.313
 10
305.407
 20
26.528
 10
302.283
 20
24.796
 10
299.13
 20
23.119
 10
295.947
 20
21.498
 10
292.737
 20
19.933
 10
289.5
 20
18.423
 10
286.237
 20
16.971
 10
282.949
 20
15.575
 10
279.638
 20
14.237
 10
276.303
 20
12.957
 10
272.947
 20
11.736
 10
269.57
 20
10.573
 10
266.173
 20
9.47
 10
262.757
 20
8.426
 10
259.324
 20
7.441
 10
255.874
 20
6.517
 10
252.408
 20
5.653
 10
248.928
 20
4.85
 10
245.435
 20
4.107
 10
241.929
 20
3.426
 10
238.411
 20
2.806
 10
234.884
 20
2.247
 10
231.347
 20
1.75
 10
227.802
 20
1.315
 10
224.25
 20
0.942
 10
220.692
 20
0.631
 10
217.129
 20
0.382
 10
213.562
 20
0.195
 10
209.992
 20
0.07
 10
206.421
 20
0.008
 10
202.85
 20
0.008
 10
199.279
 20
0.071
 10
195.709
 20
0.195
 10
192.142
 20
0.382
 10
192.142
 20
50.643
 10
187.917
 20
50.643
 10
186.769
 20
49.81
 10
185.446
 20
49.299
 10
184.036
 20
49.144
 10
182.634
 20
49.354
 10
181.331
 20
49.915
 10
180.216
 20
50.791
 10
179.362
 20
51.923
 10
178.825
 20
53.236
 10
178.642
 20
54.643
 10
178.825
 20
56.049
 10
179.362
 20
57.362
 10
180.216
 20
58.494
 10
181.331
 20
59.37
 10
182.634
 20
59.932
 10
184.036
 20
60.142
 10
185.446
 20
59.986
 10
186.769
 20
59.475
 10
187.917
 20
58.643
 10
192.142
 20
58.643
 10
192.142
 20
100.593
 10
196.398
 20
100.593
 10
197.557
 20
99.758
 10
198.892
 20
99.247
 10
200.313
 20
99.094
 10
201.725
 20
99.309
 10
203.037
 20
99.877
 10
204.159
 20
100.761
 10
205.019
 20
101.902
 10
205.558
 20
103.226
 10
205.742
 20
104.643
 10
205.558
 20
106.06
 10
205.019
 20
107.383
 10
204.159
 20
108.524
 10
203.037
 20
109.408
 10
201.725
 20
109.977
 10
200.313
 20
110.191
 10
198.892
 20
110.038
 10
197.557
 20
109.527
 10
196.398
 20
108.693
 10
192.142
 20
108.693
 10
192.142
 20
150.643
 10
187.917
 20
150.643
 10
186.769
 20
149.81
 10
185.446
 20
149.299
 10
184.036
 20
149.144
 10
182.634
 20
149.354
 10
181.331
 20
149.915
 10
180.216
 20
150.791
 10
179.362
 20
151.923
 10
178.825
 20
153.236
 10
178.642
 20
154.643
 10
178.825
 20
156.049
 10
179.362
 20
157.362
 10
180.216
 20
158.494
 10
181.331
 20
159.37
 10
182.634
 20
159.932
 10
184.036
 20
160.142
 10
185.446
 20
159.986
 10
186.769
 20
159.475
 10
187.917
 20
158.643
 10
192.142
 20
158.643
 10
192.142
 20
192.143
 10
250.592
 20
192.143
 10
250.592
 20
187.887
 10
249.758
 20
186.728
 10
249.247
 20
185.393
 10
249.094
 20
183.972
 10
249.308
 20
182.56
 10
249.877
 20
181.248
 10
250.761
 20
180.126
 10
251.902
 20
179.266
 10
253.225
 20
178.727
 10
254.642
 20
178.543
 10
256.059
 20
178.727
 10
257.383
 20
179.266
 10
258.524
 20
180.126
 10
259.408
 20
181.248
 10
259.976
 20
182.56
 10
260.191
 20
183.972
 10
260.038
 20
185.393
 10
259.527
 20
186.728
 10
258.692
 20
187.887
 10
258.692
 20
192.143
 10
300.642
 20
192.143
 10
300.642
 20
196.368
 10
299.81
 20
197.516
 10
299.299
 20
198.839
 10
299.143
 20
200.249
 10
299.353
 20
201.651
 10
299.915
 20
202.954
 10
300.791
 20
204.069
 10
301.923
 20
204.923
 10
303.236
 20
205.46
 10
304.642
 20
205.643
 10
306.049
 20
205.46
 10
307.362
 20
204.923
 10
308.494
 20
204.069
 10
309.37
 20
202.954
 10
309.931
 20
201.651
 10
310.141
 20
200.249
 10
309.986
 20
198.839
 10
309.475
 20
197.516
 10
308.642
 20
196.368
 10
308.642
 20
192.143
 10
350.592
 20
192.143
 10
350.592
 20
187.887
 10
349.758
 20
186.728
 10
349.247
 20
185.393
 10
349.094
 20
183.972
 10
349.308
 20
182.56
 10
349.877
 20
181.248
 10
350.761
 20
180.126
 10
351.902
 20
179.266
 10
353.225
 20
178.727
 10
354.642
 20
178.543
 10
356.059
 20
178.727
 10
357.383
 20
179.266
 10
358.524
 20
180.126
 10
359.408
 20
181.248
 10
359.976
 20
182.56
 10
360.191
 20
183.972
 10
360.038
 20
185.393
 10
359.527
 20
186.728
 10
358.692
 20
187.887
 10
358.692
 20
192.143
  0
LWPOLYLINE
  5
34
330
17
100
AcDbEntity
  8
CUT
100
AcDbPolyline
 90
218
 70
1
 10
192.142
 20
0.382
 10
188.579
 20
0.632
 10
185.021
 20
0.943
 10
181.469
 20
1.317
 10
177.924
 20
1.752
 10
174.387
 20
2.249
 10
170.86
 20
2.808
 10
167.342
 20
3.428
 10
163.836
 20
4.11
 10
160.343
 20
4.853
 10
156.863
 20
5.656
 10
153.397
 20
6.52
 10
149.947
 20
7.445
 10
146.514
 20
8.429
 10
143.099
 20
9.474
 10
139.702
 20
10.578
 10
136.325
 20
11.741
 10
132.969
 20
12.962
 10
129.634
 20
14.242
 10
126.323
 20
15.58
 10
123.035
 20
16.976
 10
119.772
 20
18.429
 10
116.535
 20
19.938
 10
113.325
 20
21.504
 10
110.143
 20
23.126
 10
106.989
 20
24.803
 10
103.866
 20
26.534
 10
100.773
 20
28.32
 10
97.711
 20
30.16
 10
94.682
 20
32.053
 10
91.687
 20
33.998
 10
88.726
 20
35.995
 10
85.8
 20
38.044
 10
82.911
 20
40.144
 10
80.059
 20
42.293
 10
77.244
 20
44.492
 10
74.468
 20
46.74
 10
71.733
 20
49.036
 10
69.037
 20
51.379
 10
66.383
 20
53.769
 10
63.771
 20
56.205
 10
61.202
 20
58.686
 10
58.676
 20
61.212
 10
56.195
 20
63.781
 10
53.76
 20
66.393
 10
51.37
 20
69.048
 10
49.027
 20
71.743
 10
46.731
 20
74.479
 10
44.483
 20
77.255
 10
42.284
 20
80.07
 10
40.135
 20
82.922
 10
38.036
 20
85.812
 10
35.987
 20
88.738
 10
33.99
 20
91.699
 10
32.045
 20
94.694
 10
30.152
 20
97.723
 10
28.313
 20
100.785
 10
26.527
 20
103.878
 10
24.796
 20
107.002
 10
23.119
 20
110.155
 10
21.498
 20
113.338
 10
19.932
 20
116.548
 10
18.423
 20
119.785
 10
16.97
 20
123.048
 10
15.575
 20
126.336
 10
14.237
 20
129.647
 10
12.957
 20
132.982
 10
11.736
 20
136.338
 10
10.573
 20
139.715
 10
9.469
 20
143.112
 10
8.425
 20
146.528
 10
7.441
 20
149.961
 10
6.517
 20
153.411
 10
5.653
 20
156.877
 10
4.849
 20
160.357
 10
4.107
 20
163.85
 10
3.425
 20
167.356
 10
2.805
 20
170.874
 10
2.247
 20
174.401
 10
1.75
 20
177.938
 10
1.315
 20
181.483
 10
0.941
 20
185.035
 10
0.63
 20
188.593
 10
0.381
 20
192.156
 10
0.194
 20
195.723
 10
0.07
 20
199.293
 10
0.008
 20
202.864
 10
0.008
 20
206.435
 10
0.07
 20
210.006
 10
0.195
 20
213.576
 10
0.382
 20
217.143
 10
50.642
 20
217.143
 10
50.642
 20
221.368
 10
49.81
 20
222.516
 10
49.299
 20
223.839
 10
49.143
 20
225.249
 10
49.353
 20
226.651
 10
49.915
 20
227.954
 10
50.791
 20
229.069
 10
51.923
 20
229.923
 10
53.236
 20
230.46
 10
54.642
 20
230.643
 10
56.049
 20
230.46
 10
57.362
 20
229.923
 10
58.494
 20
229.069
 10
59.37
 20
227.954
 10
59.931
 20
226.651
 10
60.141
 20
225.249
 10
59.986
 20
223.839
 10
59.475
 20
222.516
 10
58.642
 20
221.368
 10
58.642
 20
217.143
 10
100.592
 20
217.143
 10
100.592
 20
212.887
 10
99.758
 20
211.728
 10
99.247
 20
210.393
 10
99.094
 20
208.972
 10
99.308
 20
207.56
 10
99.877
 20
206.248
 10
100.761
 20
205.126
 10
101.902
 20
204.266
 10
103.225
 20
203.727
 10
104.642
 20
203.543
 10
106.059
 20
203.727
 10
107.383
 20
204.266
 10
108.524
 20
205.126
 10
109.408
 20
206.248
 10
109.976
 20
207.56
 10
110.191
 20
208.972
 10
110.038
 20
210.393
 10
109.527
 20
211.728
 10
108.692
 20
212.887
 10
108.692
 20
217.143
 10
150.642
 20
217.143
 10
150.642
 20
221.368
 10
149.81
 20
222.516
 10
149.299
 20
223.839
 10
149.143
 20
225.249
 10
149.353
 20
226.651
 10
149.915
 20
227.954
 10
150.791
 20
229.069
 10
151.923
 20
229.923
 10
153.236
 20
230.46
 10
154.642
 20
230.643
 10
156.049
 20
230.46
 10
157.362
 20
229.923
 10
158.494
 20
229.069
 10
159.37
 20
227.954
 10
159.931
 20
226.651
 10
160.141
 20
225.249
 10
159.986
 20
223.839
 10
159.475
 20
222.516
 10
158.642
 20
221.368
 10
158.642
 20
217.143
 10
192.142
 20
217.143
 10
192.142
 20
158.693
 10
187.887
 20
158.693
 10
186.727
 20
159.527
 10
185.393
 20
160.038
 10
183.972
 20
160.191
 10
182.559
 20
159.977
 10
181.248
 20
159.408
 10
180.126
 20
158.524
 10
179.266
 20
157.383
 10
178.726
 20
156.06
 10
178.542
 20
154.643
 10
178.726
 20
153.226
 10
179.266
 20
151.902
 10
180.126
 20
150.761
 10
181.248
 20
149.877
 10
182.559
 20
149.309
 10
183.972
 20
149.094
 10
185.393
 20
149.247
 10
186.727
 20
149.758
 10
187.887
 20
150.593
 10
192.142
 20
150.593
 10
192.142
 20
108.643
 10
196.367
 20
108.643
 10
197.516
 20
109.475
 10
198.839
 20
109.986
 10
200.248
 20
110.142
 10
201.651
 20
109.932
 10
202.953
 20
109.37
 10
204.069
 20
108.494
 10
204.923
 20
107.362
 10
205.459
 20
106.049
 10
205.642
 20
104.643
 10
205.459
 20
103.236
 10
204.923
 20
101.923
 10
204.069
 20
100.791
 10
202.953
 20
99.915
 10
201.651
 20
99.354
 10
200.248
 20
99.144
 10
198.839
 20
99.299
 10
197.516
 20
99.81
 10
196.367
 20
100.643
 10
192.142
 20
100.643
 10
192.142
 20
58.693
 10
187.887
 20
58.693
 10
186.727
 20
59.527
 10
185.393
 20
60.038
 10
183.972
 20
60.191
 10
182.559
 20
59.977
 10
181.248
 20
59.408
 10
180.126
 20
58.524
 10
179.266
 20
57.383
 10
178.726
 20
56.06
 10
178.542
 20
54.643
 10
178.726
 20
53.226
 10
179.266
 20
51.902
 10
180.126
 20
50.761
 10
181.248
 20
49.877
 10
182.559
 20
49.309
 10
183.972
 20
49.094
 10
185.393
 20
49.247
 10
186.727
 20
49.758
 10
187.887
 20
50.593
 10
192.142
 20
50.593
  0
HATCH
  5
35
330
17
100
AcDbEntity
  8
RASTER
 62
7
100
AcDbHatch
 10
0.0
 20
0.0
 30
0.0
210
0.0
220
0.0
230
1.0
  2
SOLID
 70
1
 71
0
 91
1
 92
3
 72
0
 73
1
 93
54
 10
22.297
 20
251.573
 10
22.146
 20
251.499
 10
22.023
 20
251.459
 10
21.926
 20
251.452
 10
21.857
 20
251.48
 10
21.814
 20
251.542
 10
21.798
 20
251.637
 10
21.809
 20
251.766
 10
21.847
 20
251.93
 10
22.603
 20
254.574
 10
22.661
 20
254.749
 10
22.734
 20
254.912
 10
22.82
 20
255.065
 10
22.921
 20
255.206
 10
23.036
 20
255.336
 10
23.165
 20
255.455
 10
23.307
 20
255.563
 10
23.464
 20
255.659
 10
30.498
 20
259.567
 10
30.657
 20
259.642
 10
30.807
 20
259.685
 10
30.948
 20
259.697
 10
31.08
 20
259.676
 10
31.203
 20
259.624
 10
31.317
 20
259.539
 10
31.422
 20
259.423
 10
31.518
 20
259.275
 10
35.425
 20
252.242
 10
35.507
 20
252.077
 10
35.571
 20
251.91
 10
35.618
 20
251.741
 10
35.647
 20
251.57
 10
35.658
 20
251.397
 10
35.651
 20
251.222
 10
35.626
 20
251.044
 10
35.583
 20
250.865
 10
34.828
 20
248.221
 10
34.774
 20
248.062
 10
34.715
 20
247.947
 10
34.651
 20
247.874
 10
34.582
 20
247.844
 10
34.508
 20
247.857
 10
34.43
 20
247.914
 10
34.346
 20
248.013
 10
34.257
 20
248.156
 10
30.35
 20
255.189
 10
30.254
 20
255.337
 10
30.15
 20
255.453
 10
30.036
 20
255.537
 10
29.913
 20
255.59
 10
29.781
 20
255.61
 10
29.64
 20
255.599
 10
29.489
 20
255.555
 10
29.33
 20
255.48
 97
0
 75
0
 76
1
 98
0
  0
HATCH
  5
36
330
17
100
AcDbEntity
  8
RASTER
 62
7
100
AcDbHatch
 10
0.0
 20
0.0
 30
0.0
210
0.0
220
0.0
230
1.0
  2
SOLID
 70
1
 71
0
 91
1
 92
3
 72
0
 73
1
 93
54
 10
22.782
 20
225.603
 10
22.643
 20
225.509
 10
22.527
 20
225.452
 10
22.432
 20
225.433
 10
22.359
 20
225.451
 10
22.308
 20
225.506
 10
22.28
 20
225.598
 10
22.273
 20
225.728
 10
22.288
 20
225.895
 10
22.677
 20
228.617
 10
22.712
 20
228.798
 10
22.761
 20
228.97
 10
22.826
 20
229.133
 10
22.907
 20
229.287
 10
23.003
 20
229.431
 10
23.114
 20
229.567
 10
23.241
 20
229.693
 10
23.383
 20
229.81
 10
29.82
 20
234.637
 10
29.968
 20
234.733
 10
30.111
 20
234.797
 10
30.249
 20
234.827
 10
30.383
 20
234.825
 10
30.512
 20
234.79
 10
30.636
 20
234.722
 10
30.755
 20
234.621
 10
30.87
 20
234.487
 10
35.698
 20
228.051
 10
35.802
 20
227.898
 10
35.888
 20
227.742
 10
35.957
 20
227.581
 10
36.009
 20
227.415
 10
36.043
 20
227.245
 10
36.06
 20
227.07
 10
36.059
 20
226.892
 10
36.042
 20
226.708
 10
35.653
 20
223.986
 10
35.621
 20
223.821
 10
35.578
 20
223.698
 10
35.525
 20
223.618
 10
35.461
 20
223.579
 10
35.386
 20
223.582
 10
35.3
 20
223.627
 10
35.204
 20
223.714
 10
35.097
 20
223.843
 10
30.269
 20
230.28
 10
30.154
 20
230.414
 10
30.035
 20
230.514
 10
29.911
 20
230.582
 10
29.782
 20
230.618
 10
29.648
 20
230.62
 10
29.51
 20
230.589
 10
29.367
 20
230.526
 10
29.219
 20
230.43
 97
0
 75
0
 76
1
 98
0
  0
HATCH
  5
37
330
17
100
AcDbEntity
  8
RASTER
 62
7
100
AcDbHatch
 10
0.0
 20
0.0
 30
0.0
210
0.0
220
0.0
230
1.0
  2
SOLID
 70
1
 71
0
 91
1
 92
3
 72
0
 73
1
 93
54
 10
23.423
 20
199.673
 10
23.298
 20
199.56
 10
23.191
 20
199.488
 10
23.1
 20
199.455
 10
23.025
 20
199.463
 10
22.967
 20
199.51
 10
22.925
 20
199.598
 10
22.901
 20
199.725
 10
22.892
 20
199.893
 10
22.892
 20
202.643
 10
22.901
 20
202.827
 10
22.925
 20
203.004
 10
22.967
 20
203.174
 10
23.025
 20
203.338
 10
23.1
 20
203.494
 10
23.191
 20
203.644
 10
23.298
 20
203.787
 10
23.423
 20
203.923
 10
29.112
 20
209.612
 10
29.245
 20
209.728
 10
29.377
 20
209.811
 10
29.51
 20
209.861
 10
29.642
 20
209.877
 10
29.775
 20
209.861
 10
29.908
 20
209.811
 10
30.04
 20
209.728
 10
30.173
 20
209.612
 10
35.862
 20
203.923
 10
35.986
 20
203.787
 10
36.094
 20
203.644
 10
36.185
 20
203.494
 10
36.26
 20
203.338
 10
36.318
 20
203.174
 10
36.359
 20
203.004
 10
36.384
 20
202.827
 10
36.392
 20
202.643
 10
36.392
 20
199.893
 10
36.384
 20
199.725
 10
36.359
 20
199.598
 10
36.318
 20
199.51
 10
36.26
 20
199.463
 10
36.185
 20
199.455
 10
36.094
 20
199.488
 10
35.986
 20
199.56
 10
35.862
 20
199.673
 10
30.173
 20
205.362
 10
30.04
 20
205.478
 10
29.908
 20
205.561
 10
29.775
 20
205.611
 10
29.642
 20
205.627
 10
29.51
 20
205.611
 10
29.377
 20
205.561
 10
29.245
 20
205.478
 10
29.112
 20
205.362
 97
0
 75
0
 76
1
 98
0
  0
HATCH
  5
38
330
17
100
AcDbEntity
  8
RASTER
 62
7
100
AcDbHatch
 10
0.0
 20
0.0
 30
0.0
210
0.0
220
0.0
230
1.0
  2
SOLID
 70
1
 71
0
 91
1
 92
3
 72
0
 73
1
 93
54
 10
24.188
 20
173.843
 10
24.081
 20
173.714
 10
23.985
 20
173.627
 10
23.899
 20
173.582
 10
23.824
 20
173.579
 10
23.76
 20
173.618
 10
23.706
 20
173.698
 10
23.664
 20
173.821
 10
23.632
 20
173.986
 10
23.243
 20
176.708
 10
23.225
 20
176.892
 10
23.225
 20
177.07
 10
23.242
 20
177.245
 10
23.276
 20
177.415
 10
23.328
 20
177.581
 10
23.397
 20
177.742
 10
23.483
 20
177.898
 10
23.587
 20
178.051
 10
28.415
 20
184.487
 10
28.529
 20
184.621
 10
28.649
 20
184.722
 10
28.773
 20
184.79
 10
28.902
 20
184.825
 10
29.036
 20
184.827
 10
29.174
 20
184.797
 10
29.317
 20
184.733
 10
29.465
 20
184.637
 10
35.901
 20
179.81
 10
36.044
 20
179.693
 10
36.17
 20
179.567
 10
36.282
 20
179.431
 10
36.378
 20
179.287
 10
36.458
 20
179.133
 10
36.523
 20
178.97
 10
36.573
 20
178.798
 10
36.607
 20
178.617
 10
36.996
 20
175.895
 10
37.012
 20
175.728
 10
37.005
 20
175.598
 10
36.977
 20
175.506
 10
36.926
 20
175.451
 10
36.853
 20
175.433
 10
36.758
 20
175.452
 10
36.641
 20
175.509
 10
36.502
 20
175.603
 10
30.066
 20
180.43
 10
29.918
 20
180.526
 10
29.775
 20
180.589
 10
29.637
 20
180.62
 10
29.503
 20
180.618
 10
29.374
 20
180.582
 10
29.25
 20
180.514
 10
29.13
 20
180.414
 10
29.016
 20
180.28
 97
0
 75
0
 76
1
 98
0
  0
HATCH
  5
39
330
17
100
AcDbEntity
  8
RASTER
 62
7
100
AcDbHatch
 10
0.0
 20
0.0
 30
0.0
210
0.0
220
0.0
230
1.0
  2
SOLID
 70
1
 71
0
 91
1
 92
3
 72
0
 73
1
 93
54
 10
25.027
 20
148.156
 10
24.939
 20
148.013
 10
24.855
 20
147.914
 10
24.776
 20
147.857
 10
24.703
 20
147.844
 10
24.634
 20
147.874
 10
24.57
 20
147.947
 10
24.511
 20
148.062
 10
24.457
 20
148.221
 10
23.702
 20
150.865
 10
23.659
 20
151.044
 10
23.634
 20
151.222
 10
23.627
 20
151.397
 10
23.638
 20
151.57
 10
23.667
 20
151.741
 10
23.713
 20
151.91
 10
23.778
 20
152.077
 10
23.86
 20
152.242
 10
27.767
 20
159.275
 10
27.863
 20
159.423
 10
27.967
 20
159.539
 10
28.081
 20
159.624
 10
28.204
 20
159.676
 10
28.336
 20
159.697
 10
28.477
 20
159.685
 10
28.628
 20
159.642
 10
28.787
 20
159.567
 10
35.82
 20
155.659
 10
35.977
 20
155.563
 10
36.12
 20
155.455
 10
36.249
 20
155.336
 10
36.364
 20
155.206
 10
36.464
 20
155.065
 10
36.551
 20
154.912
 10
36.624
 20
154.749
 10
36.682
 20
154.574
 10
37.438
 20
151.93
 10
37.476
 20
151.766
 10
37.487
 20
151.637
 10
37.471
 20
151.542
 10
37.428
 20
151.48
 10
37.359
 20
151.452
 10
37.262
 20
151.459
 10
37.138
 20
151.499
 10
36.988
 20
151.573
 10
29.955
 20
155.48
 10
29.795
 20
155.555
 10
29.645
 20
155.599
 10
29.504
 20
155.61
 10
29.372
 20
155.59
 10
29.249
 20
155.537
 10
29.135
 20
155.453
 10
29.03
 20
155.337
 10
28.935
 20
155.189
 97
0
 75
0
 76
1
 98
0
  0
HATCH
  5
3A
330
17
100
AcDbEntity
  8
RASTER
 62
7
100
AcDbHatch
 10
0.0
 20
0.0
 30
0.0
210
0.0
220
0.0
230
1.0
  2
SOLID
 70
1
 71
0
 91
1
 92
3
 72
0
 73
1
 93
54
 10
46.711
 20
303.958
 10
46.545
 20
303.933
 10
46.415
 20
303.932
 10
46.321
 20
303.956
 10
46.263
 20
304.003
 10
46.241
 20
304.075
 10
46.255
 20
304.171
 10
46.305
 20
304.291
 10
46.391
 20
304.435
 10
47.917
 20
306.723
 10
48.026
 20
306.871
 10
48.145
 20
307.005
 10
48.274
 20
307.124
 10
48.412
 20
307.228
 10
48.561
 20
307.317
 10
48.72
 20
307.391
 10
48.889
 20
307.45
 10
49.068
 20
307.494
 10
56.958
 20
309.072
 10
57.132
 20
309.095
 10
57.289
 20
309.09
 10
57.427
 20
309.058
 10
57.546
 20
308.998
 10
57.647
 20
308.911
 10
57.73
 20
308.796
 10
57.794
 20
308.654
 10
57.84
 20
308.483
 10
59.418
 20
300.594
 10
59.446
 20
300.412
 10
59.457
 20
300.233
 10
59.449
 20
300.058
 10
59.425
 20
299.886
 10
59.382
 20
299.718
 10
59.322
 20
299.553
 10
59.245
 20
299.392
 10
59.149
 20
299.234
 10
57.624
 20
296.946
 10
57.524
 20
296.811
 10
57.433
 20
296.719
 10
57.35
 20
296.669
 10
57.275
 20
296.662
 10
57.209
 20
296.697
 10
57.151
 20
296.775
 10
57.102
 20
296.895
 10
57.061
 20
297.058
 10
55.483
 20
304.947
 10
55.437
 20
305.117
 10
55.373
 20
305.26
 10
55.29
 20
305.375
 10
55.189
 20
305.462
 10
55.069
 20
305.522
 10
54.931
 20
305.554
 10
54.775
 20
305.559
 10
54.6
 20
305.536
 97
0
 75
0
 76
1
 98
0
  0
HATCH
  5
3B
330
17
100
AcDbEntity
  8
RASTER
 62
7
100
AcDbHatch
 10
0.0
 20
0.0
 30
0.0
210
0.0
220
0.0
230
1.0
  2
SOLID
 70
1
 71
0
 91
1
 92
3
 72
0
 73
1
 93
54
 10
46.857
 20
277.979
 10
46.695
 20
277.934
 10
46.566
 20
277.917
 10
46.47
 20
277.929
 10
46.407
 20
277.969
 10
46.376
 20
278.037
 10
46.378
 20
278.134
 10
46.413
 20
278.259
 10
46.481
 20
278.413
 10
47.711
 20
280.872
 10
47.8
 20
281.033
 10
47.902
 20
281.181
 10
48.015
 20
281.315
 10
48.14
 20
281.435
 10
48.277
 20
281.542
 10
48.425
 20
281.635
 10
48.585
 20
281.714
 10
48.757
 20
281.78
 10
56.391
 20
284.325
 10
56.561
 20
284.369
 10
56.717
 20
284.384
 10
56.857
 20
284.369
 10
56.983
 20
284.325
 10
57.095
 20
284.251
 10
57.191
 20
284.147
 10
57.272
 20
284.014
 10
57.339
 20
283.85
 10
59.884
 20
276.217
 10
59.934
 20
276.04
 10
59.966
 20
275.864
 10
59.981
 20
275.69
 10
59.978
 20
275.516
 10
59.956
 20
275.344
 10
59.917
 20
275.173
 10
59.86
 20
275.003
 10
59.785
 20
274.835
 10
58.555
 20
272.375
 10
58.473
 20
272.229
 10
58.394
 20
272.126
 10
58.318
 20
272.067
 10
58.245
 20
272.05
 10
58.175
 20
272.077
 10
58.108
 20
272.147
 10
58.044
 20
272.26
 10
57.983
 20
272.416
 10
55.439
 20
280.049
 10
55.372
 20
280.212
 10
55.29
 20
280.346
 10
55.194
 20
280.449
 10
55.083
 20
280.524
 10
54.957
 20
280.568
 10
54.816
 20
280.583
 10
54.66
 20
280.568
 10
54.49
 20
280.524
 97
0
 75
0
 76
1
 98
0
  0
HATCH
  5
3C
330
17
100
AcDbEntity
  8
RASTER
 62
7
100
AcDbHatch
 10
0.0
 20
0.0
 30
0.0
210
0.0
220
0.0
230
1.0
  2
SOLID
 70
1
 71
0
 91
1
 92
3
 72
0
 73
1
 93
54
 10
51.302
 20
122.416
 10
51.241
 20
122.26
 10
51.177
 20
122.147
 10
51.11
 20
122.077
 10
51.04
 20
122.05
 10
50.967
 20
122.067
 10
50.891
 20
122.126
 10
50.812
 20
122.229
 10
50.729
 20
122.375
 10
49.499
 20
124.835
 10
49.424
 20
125.003
 10
49.367
 20
125.173
 10
49.328
 20
125.344
 10
49.307
 20
125.516
 10
49.304
 20
125.69
 10
49.318
 20
125.864
 10
49.351
 20
126.04
 10
49.401
 20
126.217
 10
51.946
 20
133.85
 10
52.012
 20
134.014
 10
52.094
 20
134.147
 10
52.19
 20
134.251
 10
52.301
 20
134.325
 10
52.427
 20
134.369
 10
52.568
 20
134.384
 10
52.724
 20
134.369
 10
52.894
 20
134.325
 10
60.527
 20
131.78
 10
60.699
 20
131.714
 10
60.859
 20
131.635
 10
61.008
 20
131.542
 10
61.145
 20
131.435
 10
61.27
 20
131.315
 10
61.383
 20
131.181
 10
61.484
 20
131.033
 10
61.574
 20
130.872
 10
62.804
 20
128.413
 10
62.871
 20
128.259
 10
62.906
 20
128.134
 10
62.908
 20
128.037
 10
62.878
 20
127.969
 10
62.814
 20
127.929
 10
62.718
 20
127.917
 10
62.589
 20
127.934
 10
62.428
 20
127.979
 10
54.795
 20
130.524
 10
54.624
 20
130.568
 10
54.469
 20
130.583
 10
54.328
 20
130.568
 10
54.202
 20
130.524
 10
54.091
 20
130.449
 10
53.994
 20
130.346
 10
53.913
 20
130.212
 10
53.846
 20
130.049
 97
0
 75
0
 76
1
 98
0
  0
HATCH
  5
3D
330
17
100
AcDbEntity
  8
RASTER
 62
7
100
AcDbHatch
 10
0.0
 20
0.0
 30
0.0
210
0.0
220
0.0
230
1.0
  2
SOLID
 70
1
 71
0
 91
1
 92
3
 72
0
 73
1
 93
54
 10
52.224
 20
97.058
 10
52.183
 20
96.895
 10
52.134
 20
96.775
 10
52.076
 20
96.697
 10
52.01
 20
96.662
 10
51.935
 20
96.669
 10
51.852
 20
96.719
 10
51.761
 20
96.811
 10
51.661
 20
96.946
 10
50.135
 20
99.234
 10
50.04
 20
99.392
 10
49.963
 20
99.553
 10
49.903
 20
99.718
 10
49.86
 20
99.886
 10
49.835
 20
100.058
 10
49.828
 20
100.233
 10
49.839
 20
100.412
 10
49.866
 20
100.594
 10
51.444
 20
108.483
 10
51.49
 20
108.654
 10
51.555
 20
108.796
 10
51.637
 20
108.911
 10
51.739
 20
108.998
 10
51.858
 20
109.058
 10
51.996
 20
109.09
 10
52.152
 20
109.095
 10
52.327
 20
109.072
 10
60.217
 20
107.494
 10
60.396
 20
107.45
 10
60.564
 20
107.391
 10
60.723
 20
107.317
 10
60.872
 20
107.228
 10
61.011
 20
107.124
 10
61.14
 20
107.005
 10
61.259
 20
106.871
 10
61.368
 20
106.723
 10
62.894
 20
104.435
 10
62.98
 20
104.291
 10
63.03
 20
104.171
 10
63.044
 20
104.075
 10
63.022
 20
104.003
 10
62.964
 20
103.956
 10
62.87
 20
103.932
 10
62.74
 20
103.933
 10
62.574
 20
103.958
 10
54.684
 20
105.536
 10
54.51
 20
105.559
 10
54.353
 20
105.554
 10
54.216
 20
105.522
 10
54.096
 20
105.462
 10
53.995
 20
105.375
 10
53.912
 20
105.26
 10
53.848
 20
105.117
 10
53.802
 20
104.947
 97
0
 75
0
 76
1
 98
0
  0
HATCH
  5
3E
330
17
100
AcDbEntity
  8
RASTER
 62
7
100
AcDbHatch
 10
0.0
 20
0.0
 30
0.0
210
0.0
220
0.0
230
1.0
  2
SOLID
 70
1
 71
0
 91
1
 92
3
 72
0
 73
1
 93
54
 10
71.73
 20
330.527
 10
71.563
 20
330.535
 10
71.435
 20
330.56
 10
71.348
 20
330.601
 10
71.3
 20
330.659
 10
71.293
 20
330.734
 10
71.325
 20
330.825
 10
71.398
 20
330.933
 10
71.511
 20
331.057
 10
73.455
 20
333.001
 10
73.591
 20
333.126
 10
73.734
 20
333.233
 10
73.884
 20
333.325
 10
74.04
 20
333.399
 10
74.204
 20
333.457
 10
74.374
 20
333.499
 10
74.551
 20
333.523
 10
74.735
 20
333.532
 10
82.781
 20
333.532
 10
82.957
 20
333.52
 10
83.11
 20
333.485
 10
83.238
 20
333.426
 10
83.344
 20
333.344
 10
83.426
 20
333.239
 10
83.485
 20
333.11
 10
83.52
 20
332.958
 10
83.531
 20
332.782
 10
83.531
 20
324.736
 10
83.523
 20
324.552
 10
83.498
 20
324.375
 10
83.457
 20
324.204
 10
83.399
 20
324.041
 10
83.324
 20
323.884
 10
83.233
 20
323.734
 10
83.125
 20
323.591
 10
83.001
 20
323.455
 10
81.057
 20
321.511
 10
80.932
 20
321.398
 10
80.825
 20
321.326
 10
80.733
 20
321.293
 10
80.659
 20
321.301
 10
80.601
 20
321.348
 10
80.559
 20
321.436
 10
80.535
 20
321.563
 10
80.526
 20
321.731
 10
80.526
 20
329.777
 10
80.515
 20
329.952
 10
80.479
 20
330.105
 10
80.421
 20
330.234
 10
80.339
 20
330.339
 10
80.233
 20
330.421
 10
80.104
 20
330.48
 10
79.952
 20
330.515
 10
79.776
 20
330.527
 97
0
 75
0
 76
1
 98
0
  0
HATCH
  5
3F
330
17
100
AcDbEntity
  8
RASTER
 62
7
100
AcDbHatch
 10
0.0
 20
0.0
 30
0.0
210
0.0
220
0.0
230
1.0
  2
SOLID
 70
1
 71
0
 91
1
 92
3
 72
0
 73
1
 93
54
 10
78.758
 20
71.731
 10
78.75
 20
71.563
 10
78.725
 20
71.436
 10
78.684
 20
71.348
 10
78.626
 20
71.301
 10
78.551
 20
71.293
 10
78.46
 20
71.326
 10
78.352
 20
71.398
 10
78.228
 20
71.511
 10
76.284
 20
73.455
 10
76.159
 20
73.591
 10
76.052
 20
73.734
 10
75.96
 20
73.884
 10
75.886
 20
74.041
 10
75.828
 20
74.204
 10
75.786
 20
74.375
 10
75.762
 20
74.552
 10
75.753
 20
74.736
 10
75.753
 20
82.782
 10
75.765
 20
82.958
 10
75.8
 20
83.11
 10
75.859
 20
83.239
 10
75.941
 20
83.344
 10
76.046
 20
83.426
 10
76.175
 20
83.485
 10
76.327
 20
83.52
 10
76.503
 20
83.532
 10
84.549
 20
83.532
 10
84.733
 20
83.523
 10
84.91
 20
83.499
 10
85.081
 20
83.457
 10
85.244
 20
83.399
 10
85.401
 20
83.325
 10
85.551
 20
83.233
 10
85.694
 20
83.126
 10
85.83
 20
83.001
 10
87.774
 20
81.057
 10
87.887
 20
80.933
 10
87.959
 20
80.825
 10
87.992
 20
80.734
 10
87.984
 20
80.659
 10
87.937
 20
80.601
 10
87.849
 20
80.56
 10
87.722
 20
80.535
 10
87.554
 20
80.527
 10
79.508
 20
80.527
 10
79.333
 20
80.515
 10
79.18
 20
80.48
 10
79.051
 20
80.421
 10
78.946
 20
80.339
 10
78.864
 20
80.234
 10
78.805
 20
80.105
 10
78.77
 20
79.952
 10
78.758
 20
79.777
 97
0
 75
0
 76
1
 98
0
  0
HATCH
  5
40
330
17
100
AcDbEntity
  8
RASTER
 62
7
100
AcDbHatch
 10
0.0
 20
0.0
 30
0.0
210
0.0
220
0.0
230
1.0
  2
SOLID
 70
1
 71
0
 91
1
 92
3
 72
0
 73
1
 93
54
 10
97.057
 20
357.061
 10
96.895
 20
357.102
 10
96.775
 20
357.151
 10
96.697
 20
357.209
 10
96.662
 20
357.275
 10
96.669
 20
357.35
 10
96.719
 20
357.433
 10
96.811
 20
357.524
 10
96.946
 20
357.624
 10
99.234
 20
359.15
 10
99.392
 20
359.245
 10
99.553
 20
359.322
 10
99.718
 20
359.382
 10
99.886
 20
359.425
 10
100.058
 20
359.45
 10
100.233
 20
359.457
 10
100.411
 20
359.446
 10
100.594
 20
359.419
 10
108.483
 20
357.841
 10
108.653
 20
357.795
 10
108.796
 20
357.73
 10
108.911
 20
357.648
 10
108.998
 20
357.546
 10
109.058
 20
357.427
 10
109.09
 20
357.289
 10
109.095
 20
357.133
 10
109.072
 20
356.958
 10
107.494
 20
349.068
 10
107.449
 20
348.889
 10
107.39
 20
348.721
 10
107.316
 20
348.562
 10
107.227
 20
348.413
 10
107.123
 20
348.274
 10
107.005
 20
348.145
 10
106.871
 20
348.026
 10
106.722
 20
347.917
 10
104.434
 20
346.391
 10
104.29
 20
346.305
 10
104.171
 20
346.255
 10
104.075
 20
346.241
 10
104.003
 20
346.263
 10
103.956
 20
346.321
 10
103.932
 20
346.415
 10
103.933
 20
346.545
 10
103.957
 20
346.711
 10
105.535
 20
354.601
 10
105.558
 20
354.775
 10
105.554
 20
354.932
 10
105.522
 20
355.069
 10
105.462
 20
355.189
 10
105.374
 20
355.29
 10
105.26
 20
355.373
 10
105.117
 20
355.437
 10
104.947
 20
355.483
 97
0
 75
0
 76
1
 98
0
  0
HATCH
  5
41
330
17
100
AcDbEntity
  8
RASTER
 62
7
100
AcDbHatch
 10
0.0
 20
0.0
 30
0.0
210
0.0
220
0.0
230
1.0
  2
SOLID
 70
1
 71
0
 91
1
 92
3
 72
0
 73
1
 93
54
 10
105.327
 20
46.711
 10
105.352
 20
46.545
 10
105.353
 20
46.415
 10
105.329
 20
46.321
 10
105.282
 20
46.263
 10
105.21
 20
46.241
 10
105.114
 20
46.255
 10
104.994
 20
46.305
 10
104.85
 20
46.391
 10
102.562
 20
47.917
 10
102.414
 20
48.026
 10
102.28
 20
48.145
 10
102.161
 20
48.274
 10
102.057
 20
48.413
 10
101.968
 20
48.562
 10
101.894
 20
48.721
 10
101.835
 20
48.889
 10
101.791
 20
49.068
 10
100.213
 20
56.958
 10
100.19
 20
57.133
 10
100.195
 20
57.289
 10
100.227
 20
57.427
 10
100.287
 20
57.546
 10
100.374
 20
57.648
 10
100.489
 20
57.73
 10
100.631
 20
57.795
 10
100.802
 20
57.841
 10
108.691
 20
59.419
 10
108.873
 20
59.446
 10
109.052
 20
59.457
 10
109.227
 20
59.45
 10
109.399
 20
59.425
 10
109.567
 20
59.382
 10
109.732
 20
59.322
 10
109.893
 20
59.245
 10
110.051
 20
59.15
 10
112.339
 20
57.624
 10
112.474
 20
57.524
 10
112.566
 20
57.433
 10
112.616
 20
57.35
 10
112.623
 20
57.275
 10
112.588
 20
57.209
 10
112.51
 20
57.151
 10
112.39
 20
57.102
 10
112.227
 20
57.061
 10
104.338
 20
55.483
 10
104.168
 20
55.437
 10
104.025
 20
55.373
 10
103.91
 20
55.29
 10
103.823
 20
55.189
 10
103.763
 20
55.069
 10
103.731
 20
54.932
 10
103.726
 20
54.775
 10
103.749
 20
54.601
 97
0
 75
0
 76
1
 98
0
  0
HATCH
  5
42
330
17
100
AcDbEntity
  8
RASTER
 62
7
100
AcDbHatch
 10
0.0
 20
0.0
 30
0.0
210
0.0
220
0.0
230
1.0
  2
SOLID
 70
1
 71
0
 91
1
 92
3
 72
0
 73
1
 93
54
 10
122.416
 20
357.983
 10
122.26
 20
358.044
 10
122.146
 20
358.108
 10
122.077
 20
358.175
 10
122.05
 20
358.245
 10
122.066
 20
358.318
 10
122.126
 20
358.394
 10
122.229
 20
358.473
 10
122.375
 20
358.556
 10
124.835
 20
359.786
 10
125.003
 20
359.861
 10
125.173
 20
359.918
 10
125.344
 20
359.957
 10
125.516
 20
359.978
 10
125.689
 20
359.981
 10
125.864
 20
359.967
 10
126.04
 20
359.934
 10
126.217
 20
359.884
 10
133.85
 20
357.339
 10
134.013
 20
357.273
 10
134.147
 20
357.191
 10
134.25
 20
357.095
 10
134.325
 20
356.984
 10
134.369
 20
356.858
 10
134.384
 20
356.717
 10
134.369
 20
356.561
 10
134.325
 20
356.391
 10
131.78
 20
348.758
 10
131.714
 20
348.586
 10
131.634
 20
348.426
 10
131.541
 20
348.277
 10
131.435
 20
348.14
 10
131.314
 20
348.015
 10
131.18
 20
347.902
 10
131.033
 20
347.801
 10
130.872
 20
347.711
 10
128.413
 20
346.481
 10
128.259
 20
346.414
 10
128.134
 20
346.379
 10
128.037
 20
346.377
 10
127.969
 20
346.407
 10
127.929
 20
346.471
 10
127.917
 20
346.567
 10
127.934
 20
346.696
 10
127.979
 20
346.857
 10
130.523
 20
354.49
 10
130.568
 20
354.661
 10
130.583
 20
354.816
 10
130.568
 20
354.957
 10
130.523
 20
355.083
 10
130.449
 20
355.194
 10
130.345
 20
355.291
 10
130.212
 20
355.372
 10
130.049
 20
355.439
 97
0
 75
0
 76
1
 98
0
  0
HATCH
  5
43
330
17
100
AcDbEntity
  8
RASTER
 62
7
100
AcDbHatch
 10
0.0
 20
0.0
 30
0.0
210
0.0
220
0.0
230
1.0
  2
SOLID
 70
1
 71
0
 91
1
 92
3
 72
0
 73
1
 93
54
 10
131.306
 20
46.857
 10
131.351
 20
46.696
 10
131.368
 20
46.567
 10
131.356
 20
46.471
 10
131.316
 20
46.407
 10
131.248
 20
46.377
 10
131.151
 20
46.379
 10
131.026
 20
46.414
 10
130.872
 20
46.481
 10
128.413
 20
47.711
 10
128.252
 20
47.801
 10
128.104
 20
47.902
 10
127.97
 20
48.015
 10
127.85
 20
48.14
 10
127.743
 20
48.277
 10
127.65
 20
48.426
 10
127.571
 20
48.586
 10
127.505
 20
48.758
 10
124.96
 20
56.391
 10
124.916
 20
56.561
 10
124.901
 20
56.717
 10
124.916
 20
56.858
 10
124.96
 20
56.984
 10
125.034
 20
57.095
 10
125.138
 20
57.191
 10
125.271
 20
57.273
 10
125.435
 20
57.339
 10
133.068
 20
59.884
 10
133.245
 20
59.934
 10
133.421
 20
59.967
 10
133.595
 20
59.981
 10
133.769
 20
59.978
 10
133.941
 20
59.957
 10
134.112
 20
59.918
 10
134.282
 20
59.861
 10
134.45
 20
59.786
 10
136.91
 20
58.556
 10
137.056
 20
58.473
 10
137.159
 20
58.394
 10
137.218
 20
58.318
 10
137.235
 20
58.245
 10
137.208
 20
58.175
 10
137.138
 20
58.108
 10
137.025
 20
58.044
 10
136.869
 20
57.983
 10
129.236
 20
55.439
 10
129.073
 20
55.372
 10
128.939
 20
55.291
 10
128.836
 20
55.194
 10
128.761
 20
55.083
 10
128.717
 20
54.957
 10
128.702
 20
54.816
 10
128.717
 20
54.661
 10
128.761
 20
54.49
 97
0
 75
0
 76
1
 98
0
  0
HATCH
  5
44
330
17
100
AcDbEntity
  8
RASTER
 62
7
100
AcDbHatch
 10
0.0
 20
0.0
 30
0.0
210
0.0
220
0.0
230
1.0
  2
SOLID
 70
1
 71
0
 91
1
 92
3
 72
0
 73
1
 93
54
 10
148.155
 20
384.258
 10
148.013
 20
384.346
 10
147.913
 20
384.43
 10
147.857
 20
384.509
 10
147.844
 20
384.582
 10
147.873
 20
384.651
 10
147.946
 20
384.715
 10
148.062
 20
384.774
 10
148.221
 20
384.828
 10
150.865
 20
385.583
 10
151.044
 20
385.626
 10
151.221
 20
385.651
 10
151.397
 20
385.658
 10
151.57
 20
385.647
 10
151.741
 20
385.618
 10
151.91
 20
385.572
 10
152.077
 20
385.507
 10
152.242
 20
385.425
 10
159.275
 20
381.518
 10
159.423
 20
381.422
 10
159.539
 20
381.318
 10
159.623
 20
381.204
 10
159.676
 20
381.081
 10
159.696
 20
380.949
 10
159.685
 20
380.808
 10
159.642
 20
380.657
 10
159.567
 20
380.498
 10
155.659
 20
373.465
 10
155.562
 20
373.308
 10
155.455
 20
373.165
 10
155.336
 20
373.036
 10
155.206
 20
372.921
 10
155.064
 20
372.821
 10
154.912
 20
372.734
 10
154.748
 20
372.661
 10
154.574
 20
372.603
 10
151.929
 20
371.847
 10
151.766
 20
371.809
 10
151.637
 20
371.798
 10
151.541
 20
371.814
 10
151.48
 20
371.857
 10
151.452
 20
371.926
 10
151.458
 20
372.023
 10
151.498
 20
372.147
 10
151.573
 20
372.297
 10
155.48
 20
379.33
 10
155.555
 20
379.49
 10
155.598
 20
379.64
 10
155.61
 20
379.781
 10
155.589
 20
379.913
 10
155.537
 20
380.036
 10
155.453
 20
380.15
 10
155.337
 20
380.255
 10
155.189
 20
380.35
 97
0
 75
0
 76
1
 98
0
  0
HATCH
  5
45
330
17
100
AcDbEntity
  8
RASTER
 62
7
100
AcDbHatch
 10
0.0
 20
0.0
 30
0.0
210
0.0
220
0.0
230
1.0
  2
SOLID
 70
1
 71
0
 91
1
 92
3
 72
0
 73
1
 93
54
 10
157.712
 20
22.297
 10
157.786
 20
22.147
 10
157.826
 20
22.023
 10
157.833
 20
21.926
 10
157.805
 20
21.857
 10
157.743
 20
21.814
 10
157.648
 20
21.798
 10
157.519
 20
21.809
 10
157.355
 20
21.847
 10
154.711
 20
22.603
 10
154.536
 20
22.661
 10
154.373
 20
22.734
 10
154.22
 20
22.821
 10
154.079
 20
22.921
 10
153.949
 20
23.036
 10
153.83
 20
23.165
 10
153.722
 20
23.308
 10
153.626
 20
23.465
 10
149.718
 20
30.498
 10
149.643
 20
30.657
 10
149.6
 20
30.808
 10
149.588
 20
30.949
 10
149.609
 20
31.081
 10
149.661
 20
31.204
 10
149.746
 20
31.318
 10
149.862
 20
31.422
 10
150.01
 20
31.518
 10
157.043
 20
35.425
 10
157.208
 20
35.507
 10
157.375
 20
35.572
 10
157.544
 20
35.618
 10
157.715
 20
35.647
 10
157.888
 20
35.658
 10
158.063
 20
35.651
 10
158.241
 20
35.626
 10
158.42
 20
35.583
 10
161.064
 20
34.828
 10
161.223
 20
34.774
 10
161.338
 20
34.715
 10
161.411
 20
34.651
 10
161.441
 20
34.582
 10
161.428
 20
34.509
 10
161.371
 20
34.43
 10
161.272
 20
34.346
 10
161.129
 20
34.258
 10
154.096
 20
30.35
 10
153.948
 20
30.255
 10
153.832
 20
30.15
 10
153.748
 20
30.036
 10
153.695
 20
29.913
 10
153.675
 20
29.781
 10
153.686
 20
29.64
 10
153.73
 20
29.49
 10
153.805
 20
29.33
 97
0
 75
0
 76
1
 98
0
  0
HATCH
  5
46
330
17
100
AcDbEntity
  8
RASTER
 62
7
100
AcDbHatch
 10
0.0
 20
0.0
 30
0.0
210
0.0
220
0.0
230
1.0
  2
SOLID
 70
1
 71
0
 91
1
 92
3
 72
0
 73
1
 93
54
 10
173.843
 20
385.097
 10
173.714
 20
385.204
 10
173.627
 20
385.3
 10
173.582
 20
385.386
 10
173.579
 20
385.461
 10
173.617
 20
385.525
 10
173.698
 20
385.579
 10
173.821
 20
385.621
 10
173.985
 20
385.653
 10
176.708
 20
386.042
 10
176.891
 20
386.06
 10
177.07
 20
386.06
 10
177.245
 20
386.043
 10
177.415
 20
386.009
 10
177.58
 20
385.957
 10
177.741
 20
385.888
 10
177.898
 20
385.802
 10
178.05
 20
385.698
 10
184.487
 20
380.87
 10
184.621
 20
380.756
 10
184.721
 20
380.636
 10
184.789
 20
380.512
 10
184.825
 20
380.383
 10
184.827
 20
380.249
 10
184.796
 20
380.111
 10
184.733
 20
379.968
 10
184.637
 20
379.82
 10
179.81
 20
373.384
 10
179.692
 20
373.241
 10
179.566
 20
373.115
 10
179.431
 20
373.003
 10
179.286
 20
372.907
 10
179.133
 20
372.827
 10
178.97
 20
372.762
 10
178.798
 20
372.712
 10
178.617
 20
372.678
 10
175.895
 20
372.289
 10
175.728
 20
372.273
 10
175.598
 20
372.28
 10
175.506
 20
372.308
 10
175.45
 20
372.359
 10
175.432
 20
372.432
 10
175.452
 20
372.527
 10
175.508
 20
372.644
 10
175.602
 20
372.783
 10
180.43
 20
379.219
 10
180.526
 20
379.367
 10
180.589
 20
379.51
 10
180.62
 20
379.648
 10
180.617
 20
379.782
 10
180.582
 20
379.911
 10
180.514
 20
380.035
 10
180.413
 20
380.155
 10
180.28
 20
380.269
 97
0
 75
0
 76
1
 98
0
  0
HATCH
  5
47
330
17
100
AcDbEntity
  8
RASTER
 62
7
100
AcDbHatch
 10
0.0
 20
0.0
 30
0.0
210
0.0
220
0.0
230
1.0
  2
SOLID
 70
1
 71
0
 91
1
 92
3
 72
0
 73
1
 93
54
 10
183.682
 20
22.783
 10
183.776
 20
22.644
 10
183.833
 20
22.527
 10
183.852
 20
22.432
 10
183.834
 20
22.359
 10
183.779
 20
22.308
 10
183.687
 20
22.28
 10
183.557
 20
22.273
 10
183.39
 20
22.289
 10
180.668
 20
22.678
 10
180.487
 20
22.712
 10
180.315
 20
22.762
 10
180.152
 20
22.827
 10
179.998
 20
22.907
 10
179.854
 20
23.003
 10
179.718
 20
23.115
 10
179.592
 20
23.241
 10
179.475
 20
23.384
 10
174.648
 20
29.82
 10
174.552
 20
29.968
 10
174.488
 20
30.111
 10
174.458
 20
30.249
 10
174.46
 20
30.383
 10
174.495
 20
30.512
 10
174.563
 20
30.636
 10
174.664
 20
30.756
 10
174.798
 20
30.87
 10
181.234
 20
35.698
 10
181.387
 20
35.802
 10
181.543
 20
35.888
 10
181.704
 20
35.957
 10
181.87
 20
36.009
 10
182.04
 20
36.043
 10
182.215
 20
36.06
 10
182.393
 20
36.06
 10
182.577
 20
36.042
 10
185.299
 20
35.653
 10
185.464
 20
35.621
 10
185.587
 20
35.579
 10
185.667
 20
35.525
 10
185.706
 20
35.461
 10
185.703
 20
35.386
 10
185.658
 20
35.3
 10
185.571
 20
35.204
 10
185.442
 20
35.097
 10
179.005
 20
30.269
 10
178.871
 20
30.155
 10
178.771
 20
30.035
 10
178.703
 20
29.911
 10
178.667
 20
29.782
 10
178.665
 20
29.648
 10
178.696
 20
29.51
 10
178.759
 20
29.367
 10
178.855
 20
29.219
 97
0
 75
0
 76
1
 98
0
  0
HATCH
  5
48
330
17
100
AcDbEntity
  8
RASTER
 62
7
100
AcDbHatch
 10
0.0
 20
0.0
 30
0.0
210
0.0
220
0.0
230
1.0
  2
SOLID
 70
1
 71
0
 91
1
 92
3
 72
0
 73
1
 93
54
 10
199.673
 20
385.862
 10
199.56
 20
385.987
 10
199.488
 20
386.094
 10
199.455
 20
386.185
 10
199.462
 20
386.26
 10
199.51
 20
386.318
 10
199.597
 20
386.36
 10
199.725
 20
386.384
 10
199.892
 20
386.393
 10
202.642
 20
386.393
 10
202.826
 20
386.384
 10
203.004
 20
386.36
 10
203.174
 20
386.318
 10
203.337
 20
386.26
 10
203.494
 20
386.185
 10
203.644
 20
386.094
 10
203.787
 20
385.987
 10
203.923
 20
385.862
 10
209.612
 20
380.173
 10
209.728
 20
380.04
 10
209.811
 20
379.908
 10
209.861
 20
379.775
 10
209.877
 20
379.643
 10
209.861
 20
379.51
 10
209.811
 20
379.377
 10
209.728
 20
379.245
 10
209.612
 20
379.112
 10
203.923
 20
373.423
 10
203.787
 20
373.299
 10
203.644
 20
373.191
 10
203.494
 20
373.1
 10
203.337
 20
373.025
 10
203.174
 20
372.967
 10
203.004
 20
372.926
 10
202.826
 20
372.901
 10
202.642
 20
372.893
 10
199.892
 20
372.893
 10
199.725
 20
372.901
 10
199.597
 20
372.926
 10
199.51
 20
372.967
 10
199.462
 20
373.025
 10
199.455
 20
373.1
 10
199.488
 20
373.191
 10
199.56
 20
373.299
 10
199.673
 20
373.423
 10
205.362
 20
379.112
 10
205.478
 20
379.245
 10
205.561
 20
379.377
 10
205.611
 20
379.51
 10
205.627
 20
379.643
 10
205.611
 20
379.775
 10
205.561
 20
379.908
 10
205.478
 20
380.04
 10
205.362
 20
380.173
 97
0
 75
0
 76
1
 98
0
  0
HATCH
  5
49
330
17
100
AcDbEntity
  8
RASTER
 62
7
100
AcDbHatch
 10
0.0
 20
0.0
 30
0.0
210
0.0
220
0.0
230
1.0
  2
SOLID
 70
1
 71
0
 91
1
 92
3
 72
0
 73
1
 93
54
 10
209.612
 20
23.423
 10
209.725
 20
23.299
 10
209.797
 20
23.191
 10
209.83
 20
23.1
 10
209.822
 20
23.025
 10
209.775
 20
22.967
 10
209.687
 20
22.926
 10
209.56
 20
22.901
 10
209.392
 20
22.893
 10
206.642
 20
22.893
 10
206.458
 20
22.901
 10
206.281
 20
22.926
 10
206.111
 20
22.967
 10
205.947
 20
23.025
 10
205.791
 20
23.1
 10
205.641
 20
23.191
 10
205.498
 20
23.299
 10
205.362
 20
23.423
 10
199.673
 20
29.112
 10
199.557
 20
29.245
 10
199.474
 20
29.377
 10
199.424
 20
29.51
 10
199.408
 20
29.643
 10
199.424
 20
29.775
 10
199.474
 20
29.908
 10
199.557
 20
30.04
 10
199.673
 20
30.173
 10
205.362
 20
35.862
 10
205.498
 20
35.987
 10
205.641
 20
36.094
 10
205.791
 20
36.185
 10
205.947
 20
36.26
 10
206.111
 20
36.318
 10
206.281
 20
36.36
 10
206.458
 20
36.384
 10
206.642
 20
36.393
 10
209.392
 20
36.393
 10
209.56
 20
36.384
 10
209.687
 20
36.36
 10
209.775
 20
36.318
 10
209.822
 20
36.26
 10
209.83
 20
36.185
 10
209.797
 20
36.094
 10
209.725
 20
35.987
 10
209.612
 20
35.862
 10
203.923
 20
30.173
 10
203.807
 20
30.04
 10
203.724
 20
29.908
 10
203.674
 20
29.775
 10
203.658
 20
29.643
 10
203.674
 20
29.51
 10
203.724
 20
29.377
 10
203.807
 20
29.245
 10
203.923
 20
29.112
 97
0
 75
0
 76
1
 98
0
  0
HATCH
  5
4A
330
17
100
AcDbEntity
  8
RASTER
 62
7
100
AcDbHatch
 10
0.0
 20
0.0
 30
0.0
210
0.0
220
0.0
230
1.0
  2
SOLID
 70
1
 71
0
 91
1
 92
3
 72
0
 73
1
 93
54
 10
225.602
 20
386.503
 10
225.508
 20
386.642
 10
225.452
 20
386.758
 10
225.432
 20
386.853
 10
225.45
 20
386.926
 10
225.506
 20
386.977
 10
225.598
 20
387.005
 10
225.728
 20
387.012
 10
225.895
 20
386.997
 10
228.617
 20
386.608
 10
228.798
 20
386.573
 10
228.97
 20
386.524
 10
229.133
 20
386.459
 10
229.286
 20
386.378
 10
229.431
 20
386.282
 10
229.566
 20
386.171
 10
229.692
 20
386.044
 10
229.81
 20
385.902
 10
234.637
 20
379.465
 10
234.733
 20
379.317
 10
234.796
 20
379.174
 10
234.827
 20
379.036
 10
234.825
 20
378.902
 10
234.789
 20
378.773
 10
234.721
 20
378.649
 10
234.621
 20
378.53
 10
234.487
 20
378.415
 10
228.05
 20
373.587
 10
227.898
 20
373.483
 10
227.741
 20
373.397
 10
227.58
 20
373.328
 10
227.415
 20
373.276
 10
227.245
 20
373.242
 10
227.07
 20
373.225
 10
226.891
 20
373.226
 10
226.708
 20
373.243
 10
223.985
 20
373.632
 10
223.821
 20
373.664
 10
223.698
 20
373.707
 10
223.617
 20
373.76
 10
223.579
 20
373.824
 10
223.582
 20
373.899
 10
223.627
 20
373.985
 10
223.714
 20
374.081
 10
223.843
 20
374.188
 10
230.28
 20
379.016
 10
230.413
 20
379.131
 10
230.514
 20
379.25
 10
230.582
 20
379.374
 10
230.617
 20
379.503
 10
230.62
 20
379.637
 10
230.589
 20
379.775
 10
230.526
 20
379.918
 10
230.43
 20
380.066
 97
0
 75
0
 76
1
 98
0
  0
HATCH
  5
4B
330
17
100
AcDbEntity
  8
RASTER
 62
7
100
AcDbHatch
 10
0.0
 20
0.0
 30
0.0
210
0.0
220
0.0
230
1.0
  2
SOLID
 70
1
 71
0
 91
1
 92
3
 72
0
 73
1
 93
54
 10
235.442
 20
24.188
 10
235.571
 20
24.081
 10
235.658
 20
23.985
 10
235.703
 20
23.899
 10
235.706
 20
23.824
 10
235.667
 20
23.76
 10
235.587
 20
23.707
 10
235.464
 20
23.664
 10
235.299
 20
23.632
 10
232.577
 20
23.243
 10
232.393
 20
23.226
 10
232.215
 20
23.225
 10
232.04
 20
23.242
 10
231.87
 20
23.276
 10
231.704
 20
23.328
 10
231.543
 20
23.397
 10
231.387
 20
23.483
 10
231.234
 20
23.587
 10
224.798
 20
28.415
 10
224.664
 20
28.53
 10
224.563
 20
28.649
 10
224.495
 20
28.773
 10
224.46
 20
28.902
 10
224.458
 20
29.036
 10
224.488
 20
29.174
 10
224.552
 20
29.317
 10
224.648
 20
29.465
 10
229.475
 20
35.902
 10
229.592
 20
36.044
 10
229.718
 20
36.171
 10
229.854
 20
36.282
 10
229.998
 20
36.378
 10
230.152
 20
36.459
 10
230.315
 20
36.524
 10
230.487
 20
36.573
 10
230.668
 20
36.608
 10
233.39
 20
36.997
 10
233.557
 20
37.012
 10
233.687
 20
37.005
 10
233.779
 20
36.977
 10
233.834
 20
36.926
 10
233.852
 20
36.853
 10
233.833
 20
36.758
 10
233.776
 20
36.642
 10
233.682
 20
36.503
 10
228.855
 20
30.066
 10
228.759
 20
29.918
 10
228.696
 20
29.775
 10
228.665
 20
29.637
 10
228.667
 20
29.503
 10
228.703
 20
29.374
 10
228.771
 20
29.25
 10
228.871
 20
29.131
 10
229.005
 20
29.016
 97
0
 75
0
 76
1
 98
0
  0
HATCH
  5
4C
330
17
100
AcDbEntity
  8
RASTER
 62
7
100
AcDbHatch
 10
0.0
 20
0.0
 30
0.0
210
0.0
220
0.0
230
1.0
  2
SOLID
 70
1
 71
0
 91
1
 92
3
 72
0
 73
1
 93
54
 10
251.573
 20
386.988
 10
251.498
 20
387.139
 10
251.458
 20
387.262
 10
251.452
 20
387.359
 10
251.48
 20
387.428
 10
251.541
 20
387.471
 10
251.637
 20
387.487
 10
251.766
 20
387.476
 10
251.929
 20
387.438
 10
254.574
 20
386.682
 10
254.748
 20
386.624
 10
254.912
 20
386.551
 10
255.064
 20
386.465
 10
255.206
 20
386.364
 10
255.336
 20
386.249
 10
255.455
 20
386.12
 10
255.562
 20
385.978
 10
255.659
 20
385.821
 10
259.567
 20
378.787
 10
259.642
 20
378.628
 10
259.685
 20
378.478
 10
259.696
 20
378.337
 10
259.676
 20
378.205
 10
259.623
 20
378.082
 10
259.539
 20
377.968
 10
259.423
 20
377.863
 10
259.275
 20
377.767
 10
252.242
 20
373.86
 10
252.077
 20
373.778
 10
251.91
 20
373.714
 10
251.741
 20
373.667
 10
251.57
 20
373.638
 10
251.397
 20
373.627
 10
251.221
 20
373.634
 10
251.044
 20
373.659
 10
250.865
 20
373.702
 10
248.221
 20
374.457
 10
248.062
 20
374.511
 10
247.946
 20
374.57
 10
247.873
 20
374.634
 10
247.844
 20
374.703
 10
247.857
 20
374.777
 10
247.913
 20
374.855
 10
248.013
 20
374.939
 10
248.155
 20
375.028
 10
255.189
 20
378.935
 10
255.337
 20
379.031
 10
255.453
 20
379.135
 10
255.537
 20
379.249
 10
255.589
 20
379.372
 10
255.61
 20
379.504
 10
255.598
 20
379.645
 10
255.555
 20
379.796
 10
255.48
 20
379.955
 97
0
 75
0
 76
1
 98
0
  0
HATCH
  5
4D
330
17
100
AcDbEntity
  8
RASTER
 62
7
100
AcDbHatch
 10
0.0
 20
0.0
 30
0.0
210
0.0
220
0.0
230
1.0
  2
SOLID
 70
1
 71
0
 91
1
 92
3
 72
0
 73
1
 93
54
 10
261.129
 20
25.028
 10
261.272
 20
24.939
 10
261.371
 20
24.855
 10
261.428
 20
24.777
 10
261.441
 20
24.703
 10
261.411
 20
24.634
 10
261.338
 20
24.57
 10
261.223
 20
24.511
 10
261.064
 20
24.457
 10
258.42
 20
23.702
 10
258.241
 20
23.659
 10
258.063
 20
23.634
 10
257.888
 20
23.627
 10
257.715
 20
23.638
 10
257.544
 20
23.667
 10
257.375
 20
23.714
 10
257.208
 20
23.778
 10
257.043
 20
23.86
 10
250.01
 20
27.767
 10
249.862
 20
27.863
 10
249.746
 20
27.968
 10
249.661
 20
28.082
 10
249.609
 20
28.205
 10
249.588
 20
28.337
 10
249.6
 20
28.478
 10
249.643
 20
28.628
 10
249.718
 20
28.787
 10
253.626
 20
35.821
 10
253.722
 20
35.978
 10
253.83
 20
36.12
 10
253.949
 20
36.249
 10
254.079
 20
36.364
 10
254.22
 20
36.465
 10
254.373
 20
36.551
 10
254.536
 20
36.624
 10
254.711
 20
36.682
 10
257.355
 20
37.438
 10
257.519
 20
37.476
 10
257.648
 20
37.487
 10
257.743
 20
37.471
 10
257.805
 20
37.428
 10
257.833
 20
37.359
 10
257.826
 20
37.262
 10
257.786
 20
37.139
 10
257.712
 20
36.988
 10
253.805
 20
29.955
 10
253.73
 20
29.796
 10
253.686
 20
29.645
 10
253.675
 20
29.504
 10
253.695
 20
29.372
 10
253.748
 20
29.249
 10
253.832
 20
29.135
 10
253.948
 20
29.031
 10
254.096
 20
28.935
 97
0
 75
0
 76
1
 98
0
  0
HATCH
  5
4E
330
17
100
AcDbEntity
  8
RASTER
 62
7
100
AcDbHatch
 10
0.0
 20
0.0
 30
0.0
210
0.0
220
0.0
230
1.0
  2
SOLID
 70
1
 71
0
 91
1
 92
3
 72
0
 73
1
 93
54
 10
277.979
 20
362.428
 10
277.934
 20
362.59
 10
277.917
 20
362.719
 10
277.929
 20
362.815
 10
277.969
 20
362.878
 10
278.037
 20
362.909
 10
278.134
 20
362.907
 10
278.259
 20
362.872
 10
278.413
 20
362.804
 10
280.872
 20
361.574
 10
281.033
 20
361.485
 10
281.18
 20
361.383
 10
281.314
 20
361.27
 10
281.435
 20
361.145
 10
281.541
 20
361.008
 10
281.634
 20
360.86
 10
281.714
 20
360.7
 10
281.78
 20
360.528
 10
284.325
 20
352.894
 10
284.369
 20
352.724
 10
284.384
 20
352.568
 10
284.369
 20
352.428
 10
284.325
 20
352.302
 10
284.25
 20
352.19
 10
284.147
 20
352.094
 10
284.013
 20
352.013
 10
283.85
 20
351.946
 10
276.217
 20
349.401
 10
276.04
 20
349.351
 10
275.864
 20
349.319
 10
275.689
 20
349.304
 10
275.516
 20
349.307
 10
275.344
 20
349.329
 10
275.173
 20
349.368
 10
275.003
 20
349.425
 10
274.835
 20
349.5
 10
272.375
 20
350.73
 10
272.229
 20
350.812
 10
272.126
 20
350.891
 10
272.066
 20
350.967
 10
272.05
 20
351.04
 10
272.077
 20
351.11
 10
272.146
 20
351.177
 10
272.26
 20
351.241
 10
272.416
 20
351.302
 10
280.049
 20
353.846
 10
280.212
 20
353.913
 10
280.345
 20
353.995
 10
280.449
 20
354.091
 10
280.523
 20
354.202
 10
280.568
 20
354.328
 10
280.583
 20
354.469
 10
280.568
 20
354.625
 10
280.523
 20
354.795
 97
0
 75
0
 76
1
 98
0
  0
HATCH
  5
4F
330
17
100
AcDbEntity
  8
RASTER
 62
7
100
AcDbHatch
 10
0.0
 20
0.0
 30
0.0
210
0.0
220
0.0
230
1.0
  2
SOLID
 70
1
 71
0
 91
1
 92
3
 72
0
 73
1
 93
54
 10
286.869
 20
51.302
 10
287.025
 20
51.241
 10
287.138
 20
51.177
 10
287.208
 20
51.11
 10
287.235
 20
51.04
 10
287.218
 20
50.967
 10
287.159
 20
50.891
 10
287.056
 20
50.812
 10
286.91
 20
50.73
 10
284.45
 20
49.5
 10
284.282
 20
49.425
 10
284.112
 20
49.368
 10
283.941
 20
49.329
 10
283.769
 20
49.307
 10
283.595
 20
49.304
 10
283.421
 20
49.319
 10
283.245
 20
49.351
 10
283.068
 20
49.401
 10
275.435
 20
51.946
 10
275.271
 20
52.013
 10
275.138
 20
52.094
 10
275.034
 20
52.19
 10
274.96
 20
52.302
 10
274.916
 20
52.428
 10
274.901
 20
52.568
 10
274.916
 20
52.724
 10
274.96
 20
52.894
 10
277.505
 20
60.528
 10
277.571
 20
60.7
 10
277.65
 20
60.86
 10
277.743
 20
61.008
 10
277.85
 20
61.145
 10
277.97
 20
61.27
 10
278.104
 20
61.383
 10
278.252
 20
61.485
 10
278.413
 20
61.574
 10
280.872
 20
62.804
 10
281.026
 20
62.872
 10
281.151
 20
62.907
 10
281.248
 20
62.909
 10
281.316
 20
62.878
 10
281.356
 20
62.815
 10
281.368
 20
62.719
 10
281.351
 20
62.59
 10
281.306
 20
62.428
 10
278.761
 20
54.795
 10
278.717
 20
54.625
 10
278.702
 20
54.469
 10
278.717
 20
54.328
 10
278.761
 20
54.202
 10
278.836
 20
54.091
 10
278.939
 20
53.995
 10
279.073
 20
53.913
 10
279.236
 20
53.846
 97
0
 75
0
 76
1
 98
0
  0
HATCH
  5
50
330
17
100
AcDbEntity
  8
RASTER
 62
7
100
AcDbHatch
 10
0.0
 20
0.0
 30
0.0
210
0.0
220
0.0
230
1.0
  2
SOLID
 70
1
 71
0
 91
1
 92
3
 72
0
 73
1
 93
54
 10
303.957
 20
362.574
 10
303.933
 20
362.74
 10
303.932
 20
362.87
 10
303.956
 20
362.964
 10
304.003
 20
363.022
 10
304.075
 20
363.044
 10
304.171
 20
363.03
 10
304.29
 20
362.98
 10
304.434
 20
362.894
 10
306.722
 20
361.368
 10
306.871
 20
361.259
 10
307.005
 20
361.14
 10
307.123
 20
361.011
 10
307.227
 20
360.873
 10
307.316
 20
360.724
 10
307.39
 20
360.565
 10
307.449
 20
360.396
 10
307.494
 20
360.217
 10
309.072
 20
352.327
 10
309.095
 20
352.153
 10
309.09
 20
351.996
 10
309.058
 20
351.858
 10
308.998
 20
351.739
 10
308.911
 20
351.638
 10
308.796
 20
351.555
 10
308.653
 20
351.491
 10
308.483
 20
351.445
 10
300.594
 20
349.867
 10
300.411
 20
349.839
 10
300.233
 20
349.828
 10
300.058
 20
349.836
 10
299.886
 20
349.86
 10
299.718
 20
349.903
 10
299.553
 20
349.963
 10
299.392
 20
350.04
 10
299.234
 20
350.136
 10
296.946
 20
351.661
 10
296.811
 20
351.761
 10
296.719
 20
351.852
 10
296.669
 20
351.935
 10
296.662
 20
352.01
 10
296.697
 20
352.076
 10
296.775
 20
352.134
 10
296.895
 20
352.183
 10
297.057
 20
352.224
 10
304.947
 20
353.802
 10
305.117
 20
353.848
 10
305.26
 20
353.912
 10
305.374
 20
353.995
 10
305.462
 20
354.096
 10
305.522
 20
354.216
 10
305.554
 20
354.354
 10
305.558
 20
354.51
 10
305.535
 20
354.685
 97
0
 75
0
 76
1
 98
0
  0
HATCH
  5
51
330
17
100
AcDbEntity
  8
RASTER
 62
7
100
AcDbHatch
 10
0.0
 20
0.0
 30
0.0
210
0.0
220
0.0
230
1.0
  2
SOLID
 70
1
 71
0
 91
1
 92
3
 72
0
 73
1
 93
54
 10
312.227
 20
52.224
 10
312.39
 20
52.183
 10
312.51
 20
52.134
 10
312.588
 20
52.076
 10
312.623
 20
52.01
 10
312.616
 20
51.935
 10
312.566
 20
51.852
 10
312.474
 20
51.761
 10
312.339
 20
51.661
 10
310.051
 20
50.136
 10
309.893
 20
50.04
 10
309.732
 20
49.963
 10
309.567
 20
49.903
 10
309.399
 20
49.86
 10
309.227
 20
49.836
 10
309.052
 20
49.828
 10
308.873
 20
49.839
 10
308.691
 20
49.867
 10
300.802
 20
51.445
 10
300.631
 20
51.491
 10
300.489
 20
51.555
 10
300.374
 20
51.638
 10
300.287
 20
51.739
 10
300.227
 20
51.858
 10
300.195
 20
51.996
 10
300.19
 20
52.153
 10
300.213
 20
52.327
 10
301.791
 20
60.217
 10
301.835
 20
60.396
 10
301.894
 20
60.565
 10
301.968
 20
60.724
 10
302.057
 20
60.873
 10
302.161
 20
61.011
 10
302.28
 20
61.14
 10
302.414
 20
61.259
 10
302.562
 20
61.368
 10
304.85
 20
62.894
 10
304.994
 20
62.98
 10
305.114
 20
63.03
 10
305.21
 20
63.044
 10
305.282
 20
63.022
 10
305.329
 20
62.964
 10
305.353
 20
62.87
 10
305.352
 20
62.74
 10
305.327
 20
62.574
 10
303.749
 20
54.685
 10
303.726
 20
54.51
 10
303.731
 20
54.354
 10
303.763
 20
54.216
 10
303.823
 20
54.096
 10
303.91
 20
53.995
 10
304.025
 20
53.912
 10
304.168
 20
53.848
 10
304.338
 20
53.802
 97
0
 75
0
 76
1
 98
0
  0
HATCH
  5
52
330
17
100
AcDbEntity
  8
RASTER
 62
7
100
AcDbHatch
 10
0.0
 20
0.0
 30
0.0
210
0.0
220
0.0
230
1.0
  2
SOLID
 70
1
 71
0
 91
1
 92
3
 72
0
 73
1
 93
54
 10
330.526
 20
337.555
 10
330.535
 20
337.722
 10
330.559
 20
337.85
 10
330.601
 20
337.937
 10
330.659
 20
337.985
 10
330.733
 20
337.992
 10
330.825
 20
337.96
 10
330.932
 20
337.887
 10
331.057
 20
337.774
 10
333.001
 20
335.83
 10
333.125
 20
335.694
 10
333.233
 20
335.551
 10
333.324
 20
335.401
 10
333.399
 20
335.245
 10
333.457
 20
335.081
 10
333.498
 20
334.911
 10
333.523
 20
334.734
 10
333.531
 20
334.55
 10
333.531
 20
326.504
 10
333.52
 20
326.328
 10
333.485
 20
326.175
 10
333.426
 20
326.047
 10
333.344
 20
325.941
 10
333.238
 20
325.859
 10
333.11
 20
325.8
 10
332.957
 20
325.765
 10
332.781
 20
325.754
 10
324.735
 20
325.754
 10
324.551
 20
325.762
 10
324.374
 20
325.787
 10
324.204
 20
325.828
 10
324.04
 20
325.886
 10
323.884
 20
325.961
 10
323.734
 20
326.052
 10
323.591
 20
326.16
 10
323.455
 20
326.284
 10
321.511
 20
328.228
 10
321.398
 20
328.353
 10
321.325
 20
328.46
 10
321.293
 20
328.552
 10
321.3
 20
328.626
 10
321.348
 20
328.684
 10
321.435
 20
328.726
 10
321.563
 20
328.75
 10
321.73
 20
328.759
 10
329.776
 20
328.759
 10
329.952
 20
328.77
 10
330.104
 20
328.806
 10
330.233
 20
328.864
 10
330.339
 20
328.946
 10
330.421
 20
329.052
 10
330.479
 20
329.181
 10
330.515
 20
329.333
 10
330.526
 20
329.509
 97
0
 75
0
 76
1
 98
0
  0
HATCH
  5
53
330
17
100
AcDbEntity
  8
RASTER
 62
7
100
AcDbHatch
 10
0.0
 20
0.0
 30
0.0
210
0.0
220
0.0
230
1.0
  2
SOLID
 70
1
 71
0
 91
1
 92
3
 72
0
 73
1
 93
54
 10
337.554
 20
78.759
 10
337.722
 20
78.75
 10
337.849
 20
78.726
 10
337.937
 20
78.684
 10
337.984
 20
78.626
 10
337.992
 20
78.552
 10
337.959
 20
78.46
 10
337.887
 20
78.353
 10
337.774
 20
78.228
 10
335.83
 20
76.284
 10
335.694
 20
76.16
 10
335.551
 20
76.052
 10
335.401
 20
75.961
 10
335.244
 20
75.886
 10
335.081
 20
75.828
 10
334.91
 20
75.787
 10
334.733
 20
75.762
 10
334.549
 20
75.754
 10
326.503
 20
75.754
 10
326.327
 20
75.765
 10
326.175
 20
75.8
 10
326.046
 20
75.859
 10
325.941
 20
75.941
 10
325.859
 20
76.047
 10
325.8
 20
76.175
 10
325.765
 20
76.328
 10
325.753
 20
76.504
 10
325.753
 20
84.55
 10
325.762
 20
84.734
 10
325.786
 20
84.911
 10
325.828
 20
85.081
 10
325.886
 20
85.245
 10
325.96
 20
85.401
 10
326.052
 20
85.551
 10
326.159
 20
85.694
 10
326.284
 20
85.83
 10
328.228
 20
87.774
 10
328.352
 20
87.887
 10
328.46
 20
87.96
 10
328.551
 20
87.992
 10
328.626
 20
87.985
 10
328.684
 20
87.937
 10
328.725
 20
87.85
 10
328.75
 20
87.722
 10
328.758
 20
87.555
 10
328.758
 20
79.509
 10
328.77
 20
79.333
 10
328.805
 20
79.181
 10
328.864
 20
79.052
 10
328.946
 20
78.946
 10
329.051
 20
78.864
 10
329.18
 20
78.806
 10
329.333
 20
78.77
 10
329.508
 20
78.759
 97
0
 75
0
 76
1
 98
0
  0
HATCH
  5
54
330
17
100
AcDbEntity
  8
RASTER
 62
7
100
AcDbHatch
 10
0.0
 20
0.0
 30
0.0
210
0.0
220
0.0
230
1.0
  2
SOLID
 70
1
 71
0
 91
1
 92
3
 72
0
 73
1
 93
54
 10
357.061
 20
312.228
 10
357.102
 20
312.39
 10
357.151
 20
312.51
 10
357.209
 20
312.588
 10
357.275
 20
312.623
 10
357.35
 20
312.616
 10
357.433
 20
312.566
 10
357.524
 20
312.474
 10
357.624
 20
312.339
 10
359.149
 20
310.051
 10
359.245
 20
309.893
 10
359.322
 20
309.732
 10
359.382
 20
309.567
 10
359.425
 20
309.399
 10
359.449
 20
309.227
 10
359.457
 20
309.052
 10
359.446
 20
308.874
 10
359.418
 20
308.691
 10
357.84
 20
300.802
 10
357.794
 20
300.632
 10
357.73
 20
300.489
 10
357.647
 20
300.374
 10
357.546
 20
300.287
 10
357.427
 20
300.227
 10
357.289
 20
300.195
 10
357.132
 20
300.19
 10
356.958
 20
300.213
 10
349.068
 20
301.791
 10
348.889
 20
301.836
 10
348.72
 20
301.895
 10
348.561
 20
301.969
 10
348.412
 20
302.058
 10
348.274
 20
302.162
 10
348.145
 20
302.28
 10
348.026
 20
302.414
 10
347.917
 20
302.563
 10
346.391
 20
304.851
 10
346.305
 20
304.995
 10
346.255
 20
305.114
 10
346.241
 20
305.21
 10
346.263
 20
305.282
 10
346.321
 20
305.329
 10
346.415
 20
305.353
 10
346.545
 20
305.352
 10
346.711
 20
305.328
 10
354.6
 20
303.75
 10
354.775
 20
303.727
 10
354.931
 20
303.731
 10
355.069
 20
303.763
 10
355.189
 20
303.823
 10
355.29
 20
303.911
 10
355.373
 20
304.025
 10
355.437
 20
304.168
 10
355.483
 20
304.338
 97
0
 75
0
 76
1
 98
0
  0
HATCH
  5
55
330
17
100
AcDbEntity
  8
RASTER
 62
7
100
AcDbHatch
 10
0.0
 20
0.0
 30
0.0
210
0.0
220
0.0
230
1.0
  2
SOLID
 70
1
 71
0
 91
1
 92
3
 72
0
 73
1
 93
54
 10
357.983
 20
286.869
 10
358.044
 20
287.025
 10
358.108
 20
287.139
 10
358.175
 20
287.208
 10
358.245
 20
287.235
 10
358.318
 20
287.219
 10
358.394
 20
287.159
 10
358.473
 20
287.056
 10
358.555
 20
286.91
 10
359.785
 20
284.45
 10
359.86
 20
284.282
 10
359.917
 20
284.112
 10
359.956
 20
283.941
 10
359.978
 20
283.769
 10
359.981
 20
283.596
 10
359.966
 20
283.421
 10
359.934
 20
283.245
 10
359.884
 20
283.068
 10
357.339
 20
275.435
 10
357.272
 20
275.272
 10
357.191
 20
275.138
 10
357.095
 20
275.035
 10
356.983
 20
274.96
 10
356.857
 20
274.916
 10
356.717
 20
274.901
 10
356.561
 20
274.916
 10
356.391
 20
274.96
 10
348.757
 20
277.505
 10
348.585
 20
277.571
 10
348.425
 20
277.651
 10
348.277
 20
277.744
 10
348.14
 20
277.85
 10
348.015
 20
277.971
 10
347.902
 20
278.105
 10
347.8
 20
278.252
 10
347.711
 20
278.413
 10
346.481
 20
280.872
 10
346.413
 20
281.026
 10
346.378
 20
281.151
 10
346.376
 20
281.248
 10
346.407
 20
281.316
 10
346.47
 20
281.356
 10
346.566
 20
281.368
 10
346.695
 20
281.351
 10
346.857
 20
281.306
 10
354.49
 20
278.762
 10
354.66
 20
278.717
 10
354.816
 20
278.702
 10
354.957
 20
278.717
 10
355.083
 20
278.762
 10
355.194
 20
278.836
 10
355.29
 20
278.94
 10
355.372
 20
279.073
 10
355.439
 20
279.236
 97
0
 75
0
 76
1
 98
0
  0
HATCH
  5
56
330
17
100
AcDbEntity
  8
RASTER
 62
7
100
AcDbHatch
 10
0.0
 20
0.0
 30
0.0
210
0.0
220
0.0
230
1.0
  2
SOLID
 70
1
 71
0
 91
1
 92
3
 72
0
 73
1
 93
54
 10
362.428
 20
131.306
 10
362.589
 20
131.351
 10
362.718
 20
131.368
 10
362.814
 20
131.356
 10
362.878
 20
131.316
 10
362.908
 20
131.248
 10
362.906
 20
131.151
 10
362.871
 20
131.026
 10
362.804
 20
130.872
 10
361.574
 20
128.413
 10
361.484
 20
128.252
 10
361.383
 20
128.105
 10
361.27
 20
127.971
 10
361.145
 20
127.85
 10
361.008
 20
127.744
 10
360.859
 20
127.651
 10
360.699
 20
127.571
 10
360.527
 20
127.505
 10
352.894
 20
124.96
 10
352.724
 20
124.916
 10
352.568
 20
124.901
 10
352.427
 20
124.916
 10
352.301
 20
124.96
 10
352.19
 20
125.035
 10
352.094
 20
125.138
 10
352.012
 20
125.272
 10
351.946
 20
125.435
 10
349.401
 20
133.068
 10
349.351
 20
133.245
 10
349.318
 20
133.421
 10
349.304
 20
133.596
 10
349.307
 20
133.769
 10
349.328
 20
133.941
 10
349.367
 20
134.112
 10
349.424
 20
134.282
 10
349.499
 20
134.45
 10
350.729
 20
136.91
 10
350.812
 20
137.056
 10
350.891
 20
137.159
 10
350.967
 20
137.219
 10
351.04
 20
137.235
 10
351.11
 20
137.208
 10
351.177
 20
137.139
 10
351.241
 20
137.025
 10
351.302
 20
136.869
 10
353.846
 20
129.236
 10
353.913
 20
129.073
 10
353.994
 20
128.94
 10
354.091
 20
128.836
 10
354.202
 20
128.762
 10
354.328
 20
128.717
 10
354.469
 20
128.702
 10
354.624
 20
128.717
 10
354.795
 20
128.762
 97
0
 75
0
 76
1
 98
0
  0
HATCH
  5
57
330
17
100
AcDbEntity
  8
RASTER
 62
7
100
AcDbHatch
 10
0.0
 20
0.0
 30
0.0
210
0.0
220
0.0
230
1.0
  2
SOLID
 70
1
 71
0
 91
1
 92
3
 72
0
 73
1
 93
54
 10
362.574
 20
105.328
 10
362.74
 20
105.352
 10
362.87
 20
105.353
 10
362.964
 20
105.329
 10
363.022
 20
105.282
 10
363.044
 20
105.21
 10
363.03
 20
105.114
 10
362.98
 20
104.995
 10
362.894
 20
104.851
 10
361.368
 20
102.563
 10
361.259
 20
102.414
 10
361.14
 20
102.28
 10
361.011
 20
102.162
 10
360.872
 20
102.058
 10
360.723
 20
101.969
 10
360.564
 20
101.895
 10
360.396
 20
101.836
 10
360.217
 20
101.791
 10
352.327
 20
100.213
 10
352.152
 20
100.19
 10
351.996
 20
100.195
 10
351.858
 20
100.227
 10
351.739
 20
100.287
 10
351.637
 20
100.374
 10
351.555
 20
100.489
 10
351.49
 20
100.632
 10
351.444
 20
100.802
 10
349.866
 20
108.691
 10
349.839
 20
108.874
 10
349.828
 20
109.052
 10
349.835
 20
109.227
 10
349.86
 20
109.399
 10
349.903
 20
109.567
 10
349.963
 20
109.732
 10
350.04
 20
109.893
 10
350.135
 20
110.051
 10
351.661
 20
112.339
 10
351.761
 20
112.474
 10
351.852
 20
112.566
 10
351.935
 20
112.616
 10
352.01
 20
112.623
 10
352.076
 20
112.588
 10
352.134
 20
112.51
 10
352.183
 20
112.39
 10
352.224
 20
112.228
 10
353.802
 20
104.338
 10
353.848
 20
104.168
 10
353.912
 20
104.025
 10
353.995
 20
103.911
 10
354.096
 20
103.823
 10
354.216
 20
103.763
 10
354.353
 20
103.731
 10
354.51
 20
103.727
 10
354.684
 20
103.75
 97
0
 75
0
 76
1
 98
0
  0
HATCH
  5
58
330
17
100
AcDbEntity
  8
RASTER
 62
7
100
AcDbHatch
 10
0.0
 20
0.0
 30
0.0
210
0.0
220
0.0
230
1.0
  2
SOLID
 70
1
 71
0
 91
1
 92
3
 72
0
 73
1
 93
54
 10
384.257
 20
261.13
 10
384.346
 20
261.272
 10
384.43
 20
261.372
 10
384.508
 20
261.428
 10
384.582
 20
261.441
 10
384.651
 20
261.412
 10
384.715
 20
261.339
 10
384.774
 20
261.223
 10
384.828
 20
261.064
 10
385.583
 20
258.42
 10
385.626
 20
258.241
 10
385.651
 20
258.064
 10
385.658
 20
257.888
 10
385.647
 20
257.715
 10
385.618
 20
257.544
 10
385.571
 20
257.375
 10
385.507
 20
257.208
 10
385.425
 20
257.043
 10
381.518
 20
250.01
 10
381.422
 20
249.862
 10
381.317
 20
249.746
 10
381.203
 20
249.662
 10
381.08
 20
249.609
 10
380.948
 20
249.589
 10
380.807
 20
249.6
 10
380.657
 20
249.643
 10
380.498
 20
249.718
 10
373.464
 20
253.626
 10
373.307
 20
253.723
 10
373.165
 20
253.83
 10
373.036
 20
253.949
 10
372.921
 20
254.079
 10
372.82
 20
254.221
 10
372.734
 20
254.373
 10
372.661
 20
254.537
 10
372.603
 20
254.711
 10
371.847
 20
257.356
 10
371.809
 20
257.519
 10
371.798
 20
257.648
 10
371.814
 20
257.744
 10
371.857
 20
257.805
 10
371.926
 20
257.833
 10
372.023
 20
257.827
 10
372.146
 20
257.787
 10
372.297
 20
257.712
 10
379.33
 20
253.805
 10
379.489
 20
253.73
 10
379.64
 20
253.687
 10
379.781
 20
253.675
 10
379.913
 20
253.696
 10
380.036
 20
253.748
 10
380.15
 20
253.832
 10
380.254
 20
253.948
 10
380.35
 20
254.096
 97
0
 75
0
 76
1
 98
0
  0
HATCH
  5
59
330
17
100
AcDbEntity
  8
RASTER
 62
7
100
AcDbHatch
 10
0.0
 20
0.0
 30
0.0
210
0.0
220
0.0
230
1.0
  2
SOLID
 70
1
 71
0
 91
1
 92
3
 72
0
 73
1
 93
54
 10
385.097
 20
235.442
 10
385.204
 20
235.571
 10
385.3
 20
235.658
 10
385.386
 20
235.703
 10
385.461
 20
235.706
 10
385.525
 20
235.668
 10
385.578
 20
235.587
 10
385.621
 20
235.464
 10
385.653
 20
235.3
 10
386.042
 20
232.577
 10
386.059
 20
232.394
 10
386.06
 20
232.215
 10
386.043
 20
232.04
 10
386.009
 20
231.87
 10
385.957
 20
231.705
 10
385.888
 20
231.544
 10
385.802
 20
231.387
 10
385.698
 20
231.235
 10
380.87
 20
224.798
 10
380.755
 20
224.664
 10
380.636
 20
224.564
 10
380.512
 20
224.496
 10
380.383
 20
224.46
 10
380.249
 20
224.458
 10
380.111
 20
224.489
 10
379.968
 20
224.552
 10
379.82
 20
224.648
 10
373.383
 20
229.475
 10
373.241
 20
229.593
 10
373.114
 20
229.719
 10
373.003
 20
229.854
 10
372.907
 20
229.999
 10
372.826
 20
230.152
 10
372.761
 20
230.315
 10
372.712
 20
230.487
 10
372.677
 20
230.668
 10
372.288
 20
233.39
 10
372.273
 20
233.557
 10
372.28
 20
233.687
 10
372.308
 20
233.779
 10
372.359
 20
233.835
 10
372.432
 20
233.853
 10
372.527
 20
233.833
 10
372.643
 20
233.777
 10
372.782
 20
233.683
 10
379.219
 20
228.855
 10
379.367
 20
228.759
 10
379.51
 20
228.696
 10
379.648
 20
228.665
 10
379.782
 20
228.668
 10
379.911
 20
228.703
 10
380.035
 20
228.771
 10
380.154
 20
228.872
 10
380.269
 20
229.005
 97
0
 75
0
 76
1
 98
0
  0
HATCH
  5
5A
330
17
100
AcDbEntity
  8
RASTER
 62
7
100
AcDbHatch
 10
0.0
 20
0.0
 30
0.0
210
0.0
220
0.0
230
1.0
  2
SOLID
 70
1
 71
0
 91
1
 92
3
 72
0
 73
1
 93
54
 10
385.862
 20
209.612
 10
385.986
 20
209.725
 10
386.094
 20
209.797
 10
386.185
 20
209.83
 10
386.26
 20
209.823
 10
386.318
 20
209.775
 10
386.359
 20
209.688
 10
386.384
 20
209.56
 10
386.392
 20
209.393
 10
386.392
 20
206.643
 10
386.384
 20
206.459
 10
386.359
 20
206.281
 10
386.318
 20
206.111
 10
386.26
 20
205.948
 10
386.185
 20
205.791
 10
386.094
 20
205.641
 10
385.986
 20
205.498
 10
385.862
 20
205.362
 10
380.173
 20
199.673
 10
380.04
 20
199.557
 10
379.908
 20
199.474
 10
379.775
 20
199.424
 10
379.642
 20
199.408
 10
379.51
 20
199.424
 10
379.377
 20
199.474
 10
379.245
 20
199.557
 10
379.112
 20
199.673
 10
373.423
 20
205.362
 10
373.298
 20
205.498
 10
373.191
 20
205.641
 10
373.1
 20
205.791
 10
373.025
 20
205.948
 10
372.967
 20
206.111
 10
372.925
 20
206.281
 10
372.901
 20
206.459
 10
372.892
 20
206.643
 10
372.892
 20
209.393
 10
372.901
 20
209.56
 10
372.925
 20
209.688
 10
372.967
 20
209.775
 10
373.025
 20
209.823
 10
373.1
 20
209.83
 10
373.191
 20
209.797
 10
373.298
 20
209.725
 10
373.423
 20
209.612
 10
379.112
 20
203.923
 10
379.245
 20
203.807
 10
379.377
 20
203.724
 10
379.51
 20
203.674
 10
379.642
 20
203.658
 10
379.775
 20
203.674
 10
379.908
 20
203.724
 10
380.04
 20
203.807
 10
380.173
 20
203.923
 97
0
 75
0
 76
1
 98
0
  0
HATCH
  5
5B
330
17
100
AcDbEntity
  8
RASTER
 62
7
100
AcDbHatch
 10
0.0
 20
0.0
 30
0.0
210
0.0
220
0.0
230
1.0
  2
SOLID
 70
1
 71
0
 91
1
 92
3
 72
0
 73
1
 93
54
 10
386.502
 20
183.683
 10
386.641
 20
183.777
 10
386.758
 20
183.833
 10
386.853
 20
183.853
 10
386.926
 20
183.835
 10
386.977
 20
183.779
 10
387.005
 20
183.687
 10
387.012
 20
183.557
 10
386.996
 20
183.39
 10
386.607
 20
180.668
 10
386.573
 20
180.487
 10
386.523
 20
180.315
 10
386.458
 20
180.152
 10
386.378
 20
179.999
 10
386.282
 20
179.854
 10
386.17
 20
179.719
 10
386.044
 20
179.593
 10
385.901
 20
179.475
 10
379.465
 20
174.648
 10
379.317
 20
174.552
 10
379.174
 20
174.489
 10
379.036
 20
174.458
 10
378.902
 20
174.46
 10
378.773
 20
174.496
 10
378.649
 20
174.564
 10
378.529
 20
174.664
 10
378.415
 20
174.798
 10
373.587
 20
181.235
 10
373.483
 20
181.387
 10
373.397
 20
181.544
 10
373.328
 20
181.705
 10
373.276
 20
181.87
 10
373.242
 20
182.04
 10
373.225
 20
182.215
 10
373.225
 20
182.394
 10
373.243
 20
182.577
 10
373.632
 20
185.3
 10
373.664
 20
185.464
 10
373.706
 20
185.587
 10
373.76
 20
185.668
 10
373.824
 20
185.706
 10
373.899
 20
185.703
 10
373.985
 20
185.658
 10
374.081
 20
185.571
 10
374.188
 20
185.442
 10
379.016
 20
179.005
 10
379.13
 20
178.872
 10
379.25
 20
178.771
 10
379.374
 20
178.703
 10
379.503
 20
178.668
 10
379.637
 20
178.665
 10
379.775
 20
178.696
 10
379.918
 20
178.759
 10
380.066
 20
178.855
 97
0
 75
0
 76
1
 98
0
  0
HATCH
  5
5C
330
17
100
AcDbEntity
  8
RASTER
 62
7
100
AcDbHatch
 10
0.0
 20
0.0
 30
0.0
210
0.0
220
0.0
230
1.0
  2
SOLID
 70
1
 71
0
 91
1
 92
3
 72
0
 73
1
 93
54
 10
386.988
 20
157.712
 10
387.138
 20
157.787
 10
387.262
 20
157.827
 10
387.359
 20
157.833
 10
387.428
 20
157.805
 10
387.471
 20
157.744
 10
387.487
 20
157.648
 10
387.476
 20
157.519
 10
387.438
 20
157.356
 10
386.682
 20
154.711
 10
386.624
 20
154.537
 10
386.551
 20
154.373
 10
386.464
 20
154.221
 10
386.364
 20
154.079
 10
386.249
 20
153.949
 10
386.12
 20
153.83
 10
385.977
 20
153.723
 10
385.82
 20
153.626
 10
378.787
 20
149.718
 10
378.628
 20
149.643
 10
378.477
 20
149.6
 10
378.336
 20
149.589
 10
378.204
 20
149.609
 10
378.081
 20
149.662
 10
377.967
 20
149.746
 10
377.863
 20
149.862
 10
377.767
 20
150.01
 10
373.86
 20
157.043
 10
373.778
 20
157.208
 10
373.713
 20
157.375
 10
373.667
 20
157.544
 10
373.638
 20
157.715
 10
373.627
 20
157.888
 10
373.634
 20
158.064
 10
373.659
 20
158.241
 10
373.702
 20
158.42
 10
374.457
 20
161.064
 10
374.511
 20
161.223
 10
374.57
 20
161.339
 10
374.634
 20
161.412
 10
374.703
 20
161.441
 10
374.776
 20
161.428
 10
374.855
 20
161.372
 10
374.939
 20
161.272
 10
375.027
 20
161.13
 10
378.935
 20
154.096
 10
379.03
 20
153.948
 10
379.135
 20
153.832
 10
379.249
 20
153.748
 10
379.372
 20
153.696
 10
379.504
 20
153.675
 10
379.645
 20
153.687
 10
379.795
 20
153.73
 10
379.955
 20
153.805
 97
0
 75
0
 76
1
 98
0
  0
HATCH
  5
5D
330
17
100
AcDbEntity
  8
RASTER
 62
7
100
AcDbHatch
 10
0.0
 20
0.0
 30
0.0
210
0.0
220
0.0
230
1.0
  2
SOLID
 70
1
 71
0
 91
1
 92
3
 72
0
 73
1
 93
4
 10
228.966
 20
213.018
 10
229.043
 20
211.035
 10
229.442
 20
211.05
 10
229.366
 20
213.033
 97
0
 75
0
 76
1
 98
0
  0
HATCH
  5
5E
330
17
100
AcDbEntity
  8
RASTER
 62
7
100
AcDbHatch
 10
0.0
 20
0.0
 30
0.0
210
0.0
220
0.0
230
1.0
  2
SOLID
 70
1
 71
0
 91
1
 92
3
 72
0
 73
1
 93
4
 10
229.042
 20
209.043
 10
229.042
 20
207.443
 10
229.442
 20
207.443
 10
229.442
 20
209.043
 97
0
 75
0
 76
1
 98
0
  0
HATCH
  5
5F
330
17
100
AcDbEntity
  8
RASTER
 62
7
100
AcDbHatch
 10
0.0
 20
0.0
 30
0.0
210
0.0
220
0.0
230
1.0
  2
SOLID
 70
1
 71
0
 91
1
 92
3
 72
0
 73
1
 93
4
 10
229.042
 20
205.443
 10
229.042
 20
203.843
 10
229.442
 20
203.843
 10
229.442
 20
205.443
 97
0
 75
0
 76
1
 98
0
  0
HATCH
  5
60
330
17
100
AcDbEntity
  8
RASTER
 62
7
100
AcDbHatch
 10
0.0
 20
0.0
 30
0.0
210
0.0
220
0.0
230
1.0
  2
SOLID
 70
1
 71
0
 91
1
 92
3
 72
0
 73
1
 93
4
 10
229.042
 20
201.843
 10
229.042
 20
200.243
 10
229.442
 20
200.243
 10
229.442
 20
201.843
 97
0
 75
0
 76
1
 98
0
  0
HATCH
  5
61
330
17
100
AcDbEntity
  8
RASTER
 62
7
100
AcDbHatch
 10
0.0
 20
0.0
 30
0.0
210
0.0
220
0.0
230
1.0
  2
SOLID
 70
1
 71
0
 91
1
 92
3
 72
0
 73
1
 93
4
 10
229.042
 20
198.243
 10
229.042
 20
196.643
 10
229.442
 20
196.643
 10
229.442
 20
198.243
 97
0
 75
0
 76
1
 98
0
  0
HATCH
  5
62
330
17
100
AcDbEntity
  8
RASTER
 62
7
100
AcDbHatch
 10
0.0
 20
0.0
 30
0.0
210
0.0
220
0.0
230
1.0
  2
SOLID
 70
1
 71
0
 91
1
 92
3
 72
0
 73
1
 93
4
 10
227.877
 20
195.842
 10
226.37
 20
195.919
 10
226.35
 20
195.519
 10
227.857
 20
195.443
 97
0
 75
0
 76
1
 98
0
  0
HATCH
  5
63
330
17
100
AcDbEntity
  8
RASTER
 62
7
100
AcDbHatch
 10
0.0
 20
0.0
 30
0.0
210
0.0
220
0.0
230
1.0
  2
SOLID
 70
1
 71
0
 91
1
 92
3
 72
0
 73
1
 93
4
 10
225.942
 20
197.42
 10
225.942
 20
198.976
 10
225.542
 20
198.976
 10
225.542
 20
197.42
 97
0
 75
0
 76
1
 98
0
  0
HATCH
  5
64
330
17
100
AcDbEntity
  8
RASTER
 62
7
100
AcDbHatch
 10
0.0
 20
0.0
 30
0.0
210
0.0
220
0.0
230
1.0
  2
SOLID
 70
1
 71
0
 91
1
 92
3
 72
0
 73
1
 93
4
 10
224.96
 20
200.343
 10
223.395
 20
200.343
 10
223.395
 20
199.943
 10
224.96
 20
199.943
 97
0
 75
0
 76
1
 98
0
  0
HATCH
  5
65
330
17
100
AcDbEntity
  8
RASTER
 62
7
100
AcDbHatch
 10
0.0
 20
0.0
 30
0.0
210
0.0
220
0.0
230
1.0
  2
SOLID
 70
1
 71
0
 91
1
 92
3
 72
0
 73
1
 93
4
 10
221.438
 20
200.343
 10
219.481
 20
200.343
 10
219.481
 20
199.943
 10
221.438
 20
199.943
 97
0
 75
0
 76
1
 98
0
  0
HATCH
  5
66
330
17
100
AcDbEntity
  8
RASTER
 62
7
100
AcDbHatch
 10
0.0
 20
0.0
 30
0.0
210
0.0
220
0.0
230
1.0
  2
SOLID
 70
1
 71
0
 91
1
 92
3
 72
0
 73
1
 93
4
 10
217.375
 20
200.275
 10
216.592
 20
199.389
 10
216.892
 20
199.124
 10
217.675
 20
200.01
 97
0
 75
0
 76
1
 98
0
  0
HATCH
  5
67
330
17
100
AcDbEntity
  8
RASTER
 62
7
100
AcDbHatch
 10
0.0
 20
0.0
 30
0.0
210
0.0
220
0.0
230
1.0
  2
SOLID
 70
1
 71
0
 91
1
 92
3
 72
0
 73
1
 93
4
 10
216.543
 20
197.563
 10
216.368
 20
195.864
 10
216.766
 20
195.823
 10
216.941
 20
197.522
 97
0
 75
0
 76
1
 98
0
  0
HATCH
  5
68
330
17
100
AcDbEntity
  8
RASTER
 62
7
100
AcDbHatch
 10
0.0
 20
0.0
 30
0.0
210
0.0
220
0.0
230
1.0
  2
SOLID
 70
1
 71
0
 91
1
 92
3
 72
0
 73
1
 93
4
 10
215.663
 20
194.283
 10
214.256
 20
193.189
 10
214.502
 20
192.873
 10
215.908
 20
193.967
 97
0
 75
0
 76
1
 98
0
  0
HATCH
  5
69
330
17
100
AcDbEntity
  8
RASTER
 62
7
100
AcDbHatch
 10
0.0
 20
0.0
 30
0.0
210
0.0
220
0.0
230
1.0
  2
SOLID
 70
1
 71
0
 91
1
 92
3
 72
0
 73
1
 93
4
 10
212.625
 20
192.791
 10
211.002
 20
192.743
 10
211.014
 20
192.343
 10
212.637
 20
192.392
 97
0
 75
0
 76
1
 98
0
  0
HATCH
  5
6A
330
17
100
AcDbEntity
  8
RASTER
 62
7
100
AcDbHatch
 10
0.0
 20
0.0
 30
0.0
210
0.0
220
0.0
230
1.0
  2
SOLID
 70
1
 71
0
 91
1
 92
3
 72
0
 73
1
 93
4
 10
208.942
 20
192.543
 10
208.942
 20
190.586
 10
209.342
 20
190.586
 10
209.342
 20
192.543
 97
0
 75
0
 76
1
 98
0
  0
HATCH
  5
6B
330
17
100
AcDbEntity
  8
RASTER
 62
7
100
AcDbHatch
 10
0.0
 20
0.0
 30
0.0
210
0.0
220
0.0
230
1.0
  2
SOLID
 70
1
 71
0
 91
1
 92
3
 72
0
 73
1
 93
4
 10
208.942
 20
188.63
 10
208.942
 20
187.064
 10
209.342
 20
187.064
 10
209.342
 20
188.63
 97
0
 75
0
 76
1
 98
0
  0
HATCH
  5
6C
330
17
100
AcDbEntity
  8
RASTER
 62
7
100
AcDbHatch
 10
0.0
 20
0.0
 30
0.0
210
0.0
220
0.0
230
1.0
  2
SOLID
 70
1
 71
0
 91
1
 92
3
 72
0
 73
1
 93
4
 10
208.942
 20
185.108
 10
208.942
 20
183.543
 10
209.342
 20
183.543
 10
209.342
 20
185.108
 97
0
 75
0
 76
1
 98
0
  0
HATCH
  5
6D
330
17
100
AcDbEntity
  8
RASTER
 62
7
100
AcDbHatch
 10
0.0
 20
0.0
 30
0.0
210
0.0
220
0.0
230
1.0
  2
SOLID
 70
1
 71
0
 91
1
 92
3
 72
0
 73
1
 93
4
 10
211.087
 20
183.343
 10
212.642
 20
183.343
 10
212.642
 20
183.743
 10
211.087
 20
183.743
 97
0
 75
0
 76
1
 98
0
  0
HATCH
  5
6E
330
17
100
AcDbEntity
  8
RASTER
 62
7
100
AcDbHatch
 10
0.0
 20
0.0
 30
0.0
210
0.0
220
0.0
230
1.0
  2
SOLID
 70
1
 71
0
 91
1
 92
3
 72
0
 73
1
 93
4
 10
213.445
 20
182.199
 10
213.152
 20
180.367
 10
213.547
 20
180.304
 10
213.84
 20
182.136
 97
0
 75
0
 76
1
 98
0
  0
HATCH
  5
6F
330
17
100
AcDbEntity
  8
RASTER
 62
7
100
AcDbHatch
 10
0.0
 20
0.0
 30
0.0
210
0.0
220
0.0
230
1.0
  2
SOLID
 70
1
 71
0
 91
1
 92
3
 72
0
 73
1
 93
4
 10
211.442
 20
180.243
 10
209.842
 20
180.243
 10
209.842
 20
179.843
 10
211.442
 20
179.843
 97
0
 75
0
 76
1
 98
0
  0
HATCH
  5
70
330
17
100
AcDbEntity
  8
RASTER
 62
7
100
AcDbHatch
 10
0.0
 20
0.0
 30
0.0
210
0.0
220
0.0
230
1.0
  2
SOLID
 70
1
 71
0
 91
1
 92
3
 72
0
 73
1
 93
4
 10
207.842
 20
180.243
 10
206.242
 20
180.243
 10
206.242
 20
179.843
 10
207.842
 20
179.843
 97
0
 75
0
 76
1
 98
0
  0
HATCH
  5
71
330
17
100
AcDbEntity
  8
RASTER
 62
7
100
AcDbHatch
 10
0.0
 20
0.0
 30
0.0
210
0.0
220
0.0
230
1.0
  2
SOLID
 70
1
 71
0
 91
1
 92
3
 72
0
 73
1
 93
4
 10
204.242
 20
180.243
 10
202.642
 20
180.243
 10
202.642
 20
179.843
 10
204.242
 20
179.843
 97
0
 75
0
 76
1
 98
0
  0
HATCH
  5
72
330
17
100
AcDbEntity
  8
RASTER
 62
7
100
AcDbHatch
 10
0.0
 20
0.0
 30
0.0
210
0.0
220
0.0
230
1.0
  2
SOLID
 70
1
 71
0
 91
1
 92
3
 72
0
 73
1
 93
4
 10
200.642
 20
180.243
 10
199.042
 20
180.243
 10
199.042
 20
179.843
 10
200.642
 20
179.843
 97
0
 75
0
 76
1
 98
0
  0
HATCH
  5
73
330
17
100
AcDbEntity
  8
RASTER
 62
7
100
AcDbHatch
 10
0.0
 20
0.0
 30
0.0
210
0.0
220
0.0
230
1.0
  2
SOLID
 70
1
 71
0
 91
1
 92
3
 72
0
 73
1
 93
4
 10
197.127
 20
180.224
 10
195.803
 20
180.841
 10
195.634
 20
180.479
 10
196.958
 20
179.861
 97
0
 75
0
 76
1
 98
0
  0
HATCH
  5
74
330
17
100
AcDbEntity
  8
RASTER
 62
7
100
AcDbHatch
 10
0.0
 20
0.0
 30
0.0
210
0.0
220
0.0
230
1.0
  2
SOLID
 70
1
 71
0
 91
1
 92
3
 72
0
 73
1
 93
4
 10
195.784
 20
182.401
 10
196.784
 20
183.401
 10
196.501
 20
183.684
 10
195.501
 20
182.684
 97
0
 75
0
 76
1
 98
0
  0
HATCH
  5
75
330
17
100
AcDbEntity
  8
RASTER
 62
7
100
AcDbHatch
 10
0.0
 20
0.0
 30
0.0
210
0.0
220
0.0
230
1.0
  2
SOLID
 70
1
 71
0
 91
1
 92
3
 72
0
 73
1
 93
4
 10
198.587
 20
183.343
 10
200.142
 20
183.343
 10
200.142
 20
183.743
 10
198.587
 20
183.743
 97
0
 75
0
 76
1
 98
0
  0
HATCH
  5
76
330
17
100
AcDbEntity
  8
RASTER
 62
7
100
AcDbHatch
 10
0.0
 20
0.0
 30
0.0
210
0.0
220
0.0
230
1.0
  2
SOLID
 70
1
 71
0
 91
1
 92
3
 72
0
 73
1
 93
4
 10
200.342
 20
185.499
 10
200.342
 20
187.456
 10
199.942
 20
187.456
 10
199.942
 20
185.499
 97
0
 75
0
 76
1
 98
0
  0
HATCH
  5
77
330
17
100
AcDbEntity
  8
RASTER
 62
7
100
AcDbHatch
 10
0.0
 20
0.0
 30
0.0
210
0.0
220
0.0
230
1.0
  2
SOLID
 70
1
 71
0
 91
1
 92
3
 72
0
 73
1
 93
4
 10
200.342
 20
189.412
 10
200.342
 20
190.977
 10
199.942
 20
190.977
 10
199.942
 20
189.412
 97
0
 75
0
 76
1
 98
0
  0
HATCH
  5
78
330
17
100
AcDbEntity
  8
RASTER
 62
7
100
AcDbHatch
 10
0.0
 20
0.0
 30
0.0
210
0.0
220
0.0
230
1.0
  2
SOLID
 70
1
 71
0
 91
1
 92
3
 72
0
 73
1
 93
4
 10
199.822
 20
192.743
 10
198.032
 20
192.743
 10
198.032
 20
192.343
 10
199.822
 20
192.343
 97
0
 75
0
 76
1
 98
0
  0
HATCH
  5
79
330
17
100
AcDbEntity
  8
RASTER
 62
7
100
AcDbHatch
 10
0.0
 20
0.0
 30
0.0
210
0.0
220
0.0
230
1.0
  2
SOLID
 70
1
 71
0
 91
1
 92
3
 72
0
 73
1
 93
4
 10
196.43
 20
192.812
 10
194.76
 20
193.329
 10
194.641
 20
192.947
 10
196.311
 20
192.43
 97
0
 75
0
 76
1
 98
0
  0
HATCH
  5
7A
330
17
100
AcDbEntity
  8
RASTER
 62
7
100
AcDbHatch
 10
0.0
 20
0.0
 30
0.0
210
0.0
220
0.0
230
1.0
  2
SOLID
 70
1
 71
0
 91
1
 92
3
 72
0
 73
1
 93
4
 10
193.434
 20
194.563
 10
192.858
 20
196.174
 10
192.481
 20
196.04
 10
193.057
 20
194.428
 97
0
 75
0
 76
1
 98
0
  0
HATCH
  5
7B
330
17
100
AcDbEntity
  8
RASTER
 62
7
100
AcDbHatch
 10
0.0
 20
0.0
 30
0.0
210
0.0
220
0.0
230
1.0
  2
SOLID
 70
1
 71
0
 91
1
 92
3
 72
0
 73
1
 93
4
 10
192.742
 20
197.787
 10
192.742
 20
199.501
 10
192.342
 20
199.501
 10
192.342
 20
197.787
 97
0
 75
0
 76
1
 98
0
  0
HATCH
  5
7C
330
17
100
AcDbEntity
  8
RASTER
 62
7
100
AcDbHatch
 10
0.0
 20
0.0
 30
0.0
210
0.0
220
0.0
230
1.0
  2
SOLID
 70
1
 71
0
 91
1
 92
3
 72
0
 73
1
 93
4
 10
190.977
 20
200.343
 10
189.412
 20
200.343
 10
189.412
 20
199.943
 10
190.977
 20
199.943
 97
0
 75
0
 76
1
 98
0
  0
HATCH
  5
7D
330
17
100
AcDbEntity
  8
RASTER
 62
7
100
AcDbHatch
 10
0.0
 20
0.0
 30
0.0
210
0.0
220
0.0
230
1.0
  2
SOLID
 70
1
 71
0
 91
1
 92
3
 72
0
 73
1
 93
4
 10
187.455
 20
200.343
 10
185.89
 20
200.343
 10
185.89
 20
199.943
 10
187.455
 20
199.943
 97
0
 75
0
 76
1
 98
0
  0
HATCH
  5
7E
330
17
100
AcDbEntity
  8
RASTER
 62
7
100
AcDbHatch
 10
0.0
 20
0.0
 30
0.0
210
0.0
220
0.0
230
1.0
  2
SOLID
 70
1
 71
0
 91
1
 92
3
 72
0
 73
1
 93
4
 10
183.744
 20
200.206
 10
183.353
 20
199.04
 10
183.732
 20
198.912
 10
184.123
 20
200.079
 97
0
 75
0
 76
1
 98
0
  0
HATCH
  5
7F
330
17
100
AcDbEntity
  8
RASTER
 62
7
100
AcDbHatch
 10
0.0
 20
0.0
 30
0.0
210
0.0
220
0.0
230
1.0
  2
SOLID
 70
1
 71
0
 91
1
 92
3
 72
0
 73
1
 93
4
 10
183.361
 20
197.117
 10
182.744
 20
195.804
 10
183.106
 20
195.634
 10
183.723
 20
196.946
 97
0
 75
0
 76
1
 98
0
  0
HATCH
  5
80
330
17
100
AcDbEntity
  8
RASTER
 62
7
100
AcDbHatch
 10
0.0
 20
0.0
 30
0.0
210
0.0
220
0.0
230
1.0
  2
SOLID
 70
1
 71
0
 91
1
 92
3
 72
0
 73
1
 93
4
 10
180.841
 20
195.803
 10
180.224
 20
197.127
 10
179.861
 20
196.958
 10
180.478
 20
195.634
 97
0
 75
0
 76
1
 98
0
  0
HATCH
  5
81
330
17
100
AcDbEntity
  8
RASTER
 62
7
100
AcDbHatch
 10
0.0
 20
0.0
 30
0.0
210
0.0
220
0.0
230
1.0
  2
SOLID
 70
1
 71
0
 91
1
 92
3
 72
0
 73
1
 93
4
 10
180.242
 20
199.043
 10
180.242
 20
200.643
 10
179.842
 20
200.643
 10
179.842
 20
199.043
 97
0
 75
0
 76
1
 98
0
  0
HATCH
  5
82
330
17
100
AcDbEntity
  8
RASTER
 62
7
100
AcDbHatch
 10
0.0
 20
0.0
 30
0.0
210
0.0
220
0.0
230
1.0
  2
SOLID
 70
1
 71
0
 91
1
 92
3
 72
0
 73
1
 93
4
 10
180.242
 20
202.643
 10
180.242
 20
204.243
 10
179.842
 20
204.243
 10
179.842
 20
202.643
 97
0
 75
0
 76
1
 98
0
  0
HATCH
  5
83
330
17
100
AcDbEntity
  8
RASTER
 62
7
100
AcDbHatch
 10
0.0
 20
0.0
 30
0.0
210
0.0
220
0.0
230
1.0
  2
SOLID
 70
1
 71
0
 91
1
 92
3
 72
0
 73
1
 93
4
 10
180.242
 20
206.243
 10
180.242
 20
207.843
 10
179.842
 20
207.843
 10
179.842
 20
206.243
 97
0
 75
0
 76
1
 98
0
  0
HATCH
  5
84
330
17
100
AcDbEntity
  8
RASTER
 62
7
100
AcDbHatch
 10
0.0
 20
0.0
 30
0.0
210
0.0
220
0.0
230
1.0
  2
SOLID
 70
1
 71
0
 91
1
 92
3
 72
0
 73
1
 93
4
 10
180.242
 20
209.843
 10
180.242
 20
211.443
 10
179.842
 20
211.443
 10
179.842
 20
209.843
 97
0
 75
0
 76
1
 98
0
  0
HATCH
  5
85
330
17
100
AcDbEntity
  8
RASTER
 62
7
100
AcDbHatch
 10
0.0
 20
0.0
 30
0.0
210
0.0
220
0.0
230
1.0
  2
SOLID
 70
1
 71
0
 91
1
 92
3
 72
0
 73
1
 93
4
 10
180.375
 20
213.154
 10
181.832
 20
213.447
 10
181.753
 20
213.839
 10
180.296
 20
213.546
 97
0
 75
0
 76
1
 98
0
  0
HATCH
  5
86
330
17
100
AcDbEntity
  8
RASTER
 62
7
100
AcDbHatch
 10
0.0
 20
0.0
 30
0.0
210
0.0
220
0.0
230
1.0
  2
SOLID
 70
1
 71
0
 91
1
 92
3
 72
0
 73
1
 93
4
 10
183.266
 20
213.016
 10
183.343
 20
211.466
 10
183.742
 20
211.486
 10
183.666
 20
213.035
 97
0
 75
0
 76
1
 98
0
  0
HATCH
  5
87
330
17
100
AcDbEntity
  8
RASTER
 62
7
100
AcDbHatch
 10
0.0
 20
0.0
 30
0.0
210
0.0
220
0.0
230
1.0
  2
SOLID
 70
1
 71
0
 91
1
 92
3
 72
0
 73
1
 93
4
 10
183.494
 20
209.337
 10
185.059
 20
208.949
 10
185.156
 20
209.337
 10
183.591
 20
209.726
 97
0
 75
0
 76
1
 98
0
  0
HATCH
  5
88
330
17
100
AcDbEntity
  8
RASTER
 62
7
100
AcDbHatch
 10
0.0
 20
0.0
 30
0.0
210
0.0
220
0.0
230
1.0
  2
SOLID
 70
1
 71
0
 91
1
 92
3
 72
0
 73
1
 93
4
 10
187.064
 20
208.943
 10
188.629
 20
208.943
 10
188.629
 20
209.343
 10
187.064
 20
209.343
 97
0
 75
0
 76
1
 98
0
  0
HATCH
  5
89
330
17
100
AcDbEntity
  8
RASTER
 62
7
100
AcDbHatch
 10
0.0
 20
0.0
 30
0.0
210
0.0
220
0.0
230
1.0
  2
SOLID
 70
1
 71
0
 91
1
 92
3
 72
0
 73
1
 93
4
 10
190.586
 20
208.943
 10
192.151
 20
208.943
 10
192.151
 20
209.343
 10
190.586
 20
209.343
 97
0
 75
0
 76
1
 98
0
  0
HATCH
  5
8A
330
17
100
AcDbEntity
  8
RASTER
 62
7
100
AcDbHatch
 10
0.0
 20
0.0
 30
0.0
210
0.0
220
0.0
230
1.0
  2
SOLID
 70
1
 71
0
 91
1
 92
3
 72
0
 73
1
 93
4
 10
192.742
 20
210.761
 10
192.762
 20
212.346
 10
192.362
 20
212.351
 10
192.342
 20
210.766
 97
0
 75
0
 76
1
 98
0
  0
HATCH
  5
8B
330
17
100
AcDbEntity
  8
RASTER
 62
7
100
AcDbHatch
 10
0.0
 20
0.0
 30
0.0
210
0.0
220
0.0
230
1.0
  2
SOLID
 70
1
 71
0
 91
1
 92
3
 72
0
 73
1
 93
4
 10
193.108
 20
214.042
 10
194.123
 20
215.526
 10
193.793
 20
215.752
 10
192.778
 20
214.268
 97
0
 75
0
 76
1
 98
0
  0
HATCH
  5
8C
330
17
100
AcDbEntity
  8
RASTER
 62
7
100
AcDbHatch
 10
0.0
 20
0.0
 30
0.0
210
0.0
220
0.0
230
1.0
  2
SOLID
 70
1
 71
0
 91
1
 92
3
 72
0
 73
1
 93
4
 10
195.627
 20
216.301
 10
197.268
 20
216.535
 10
197.211
 20
216.931
 10
195.571
 20
216.696
 97
0
 75
0
 76
1
 98
0
  0
HATCH
  5
8D
330
17
100
AcDbEntity
  8
RASTER
 62
7
100
AcDbHatch
 10
0.0
 20
0.0
 30
0.0
210
0.0
220
0.0
230
1.0
  2
SOLID
 70
1
 71
0
 91
1
 92
3
 72
0
 73
1
 93
4
 10
199.125
 20
216.578
 10
200.256
 20
217.361
 10
200.029
 20
217.69
 10
198.898
 20
216.907
 97
0
 75
0
 76
1
 98
0
  0
HATCH
  5
8E
330
17
100
AcDbEntity
  8
RASTER
 62
7
100
AcDbHatch
 10
0.0
 20
0.0
 30
0.0
210
0.0
220
0.0
230
1.0
  2
SOLID
 70
1
 71
0
 91
1
 92
3
 72
0
 73
1
 93
4
 10
200.342
 20
219.482
 10
200.342
 20
221.047
 10
199.942
 20
221.047
 10
199.942
 20
219.482
 97
0
 75
0
 76
1
 98
0
  0
HATCH
  5
8F
330
17
100
AcDbEntity
  8
RASTER
 62
7
100
AcDbHatch
 10
0.0
 20
0.0
 30
0.0
210
0.0
220
0.0
230
1.0
  2
SOLID
 70
1
 71
0
 91
1
 92
3
 72
0
 73
1
 93
4
 10
200.342
 20
223.004
 10
200.342
 20
224.569
 10
199.942
 20
224.569
 10
199.942
 20
223.004
 97
0
 75
0
 76
1
 98
0
  0
HATCH
  5
90
330
17
100
AcDbEntity
  8
RASTER
 62
7
100
AcDbHatch
 10
0.0
 20
0.0
 30
0.0
210
0.0
220
0.0
230
1.0
  2
SOLID
 70
1
 71
0
 91
1
 92
3
 72
0
 73
1
 93
4
 10
199.365
 20
225.943
 10
197.809
 20
225.943
 10
197.809
 20
225.543
 10
199.365
 20
225.543
 97
0
 75
0
 76
1
 98
0
  0
HATCH
  5
91
330
17
100
AcDbEntity
  8
RASTER
 62
7
100
AcDbHatch
 10
0.0
 20
0.0
 30
0.0
210
0.0
220
0.0
230
1.0
  2
SOLID
 70
1
 71
0
 91
1
 92
3
 72
0
 73
1
 93
4
 10
196.133
 20
226.067
 10
195.84
 20
227.899
 10
195.445
 20
227.836
 10
195.738
 20
226.004
 97
0
 75
0
 76
1
 98
0
  0
HATCH
  5
92
330
17
100
AcDbEntity
  8
RASTER
 62
7
100
AcDbHatch
 10
0.0
 20
0.0
 30
0.0
210
0.0
220
0.0
230
1.0
  2
SOLID
 70
1
 71
0
 91
1
 92
3
 72
0
 73
1
 93
4
 10
196.642
 20
229.043
 10
198.242
 20
229.043
 10
198.242
 20
229.443
 10
196.642
 20
229.443
 97
0
 75
0
 76
1
 98
0
  0
HATCH
  5
93
330
17
100
AcDbEntity
  8
RASTER
 62
7
100
AcDbHatch
 10
0.0
 20
0.0
 30
0.0
210
0.0
220
0.0
230
1.0
  2
SOLID
 70
1
 71
0
 91
1
 92
3
 72
0
 73
1
 93
4
 10
200.242
 20
229.043
 10
201.842
 20
229.043
 10
201.842
 20
229.443
 10
200.242
 20
229.443
 97
0
 75
0
 76
1
 98
0
  0
HATCH
  5
94
330
17
100
AcDbEntity
  8
RASTER
 62
7
100
AcDbHatch
 10
0.0
 20
0.0
 30
0.0
210
0.0
220
0.0
230
1.0
  2
SOLID
 70
1
 71
0
 91
1
 92
3
 72
0
 73
1
 93
4
 10
203.842
 20
229.043
 10
205.442
 20
229.043
 10
205.442
 20
229.443
 10
203.842
 20
229.443
 97
0
 75
0
 76
1
 98
0
  0
HATCH
  5
95
330
17
100
AcDbEntity
  8
RASTER
 62
7
100
AcDbHatch
 10
0.0
 20
0.0
 30
0.0
210
0.0
220
0.0
230
1.0
  2
SOLID
 70
1
 71
0
 91
1
 92
3
 72
0
 73
1
 93
4
 10
207.442
 20
229.043
 10
209.042
 20
229.043
 10
209.042
 20
229.443
 10
207.442
 20
229.443
 97
0
 75
0
 76
1
 98
0
  0
HATCH
  5
96
330
17
100
AcDbEntity
  8
RASTER
 62
7
100
AcDbHatch
 10
0.0
 20
0.0
 30
0.0
210
0.0
220
0.0
230
1.0
  2
SOLID
 70
1
 71
0
 91
1
 92
3
 72
0
 73
1
 93
4
 10
211.042
 20
229.043
 10
212.642
 20
229.043
 10
212.642
 20
229.443
 10
211.042
 20
229.443
 97
0
 75
0
 76
1
 98
0
  0
HATCH
  5
97
330
17
100
AcDbEntity
  8
RASTER
 62
7
100
AcDbHatch
 10
0.0
 20
0.0
 30
0.0
210
0.0
220
0.0
230
1.0
  2
SOLID
 70
1
 71
0
 91
1
 92
3
 72
0
 73
1
 93
4
 10
213.443
 20
227.878
 10
213.366
 20
226.37
 10
213.766
 20
226.35
 10
213.842
 20
227.858
 97
0
 75
0
 76
1
 98
0
  0
HATCH
  5
98
330
17
100
AcDbEntity
  8
RASTER
 62
7
100
AcDbHatch
 10
0.0
 20
0.0
 30
0.0
210
0.0
220
0.0
230
1.0
  2
SOLID
 70
1
 71
0
 91
1
 92
3
 72
0
 73
1
 93
4
 10
211.865
 20
225.943
 10
210.309
 20
225.943
 10
210.309
 20
225.543
 10
211.865
 20
225.543
 97
0
 75
0
 76
1
 98
0
  0
HATCH
  5
99
330
17
100
AcDbEntity
  8
RASTER
 62
7
100
AcDbHatch
 10
0.0
 20
0.0
 30
0.0
210
0.0
220
0.0
230
1.0
  2
SOLID
 70
1
 71
0
 91
1
 92
3
 72
0
 73
1
 93
4
 10
208.942
 20
224.569
 10
208.942
 20
223.004
 10
209.342
 20
223.004
 10
209.342
 20
224.569
 97
0
 75
0
 76
1
 98
0
  0
HATCH
  5
9A
330
17
100
AcDbEntity
  8
RASTER
 62
7
100
AcDbHatch
 10
0.0
 20
0.0
 30
0.0
210
0.0
220
0.0
230
1.0
  2
SOLID
 70
1
 71
0
 91
1
 92
3
 72
0
 73
1
 93
4
 10
208.942
 20
221.047
 10
208.942
 20
219.482
 10
209.342
 20
219.482
 10
209.342
 20
221.047
 97
0
 75
0
 76
1
 98
0
  0
HATCH
  5
9B
330
17
100
AcDbEntity
  8
RASTER
 62
7
100
AcDbHatch
 10
0.0
 20
0.0
 30
0.0
210
0.0
220
0.0
230
1.0
  2
SOLID
 70
1
 71
0
 91
1
 92
3
 72
0
 73
1
 93
4
 10
209.01
 20
217.375
 10
209.896
 20
216.593
 10
210.161
 20
216.893
 10
209.275
 20
217.675
 97
0
 75
0
 76
1
 98
0
  0
HATCH
  5
9C
330
17
100
AcDbEntity
  8
RASTER
 62
7
100
AcDbHatch
 10
0.0
 20
0.0
 30
0.0
210
0.0
220
0.0
230
1.0
  2
SOLID
 70
1
 71
0
 91
1
 92
3
 72
0
 73
1
 93
4
 10
212.017
 20
216.535
 10
213.657
 20
216.301
 10
213.714
 20
216.696
 10
212.073
 20
216.931
 97
0
 75
0
 76
1
 98
0
  0
HATCH
  5
9D
330
17
100
AcDbEntity
  8
RASTER
 62
7
100
AcDbHatch
 10
0.0
 20
0.0
 30
0.0
210
0.0
220
0.0
230
1.0
  2
SOLID
 70
1
 71
0
 91
1
 92
3
 72
0
 73
1
 93
4
 10
215.165
 20
215.521
 10
216.093
 20
214.261
 10
216.415
 20
214.498
 10
215.487
 20
215.758
 97
0
 75
0
 76
1
 98
0
  0
HATCH
  5
9E
330
17
100
AcDbEntity
  8
RASTER
 62
7
100
AcDbHatch
 10
0.0
 20
0.0
 30
0.0
210
0.0
220
0.0
230
1.0
  2
SOLID
 70
1
 71
0
 91
1
 92
3
 72
0
 73
1
 93
4
 10
216.494
 20
212.626
 10
216.542
 20
210.758
 10
216.942
 20
210.769
 10
216.893
 20
212.637
 97
0
 75
0
 76
1
 98
0
  0
HATCH
  5
9F
330
17
100
AcDbEntity
  8
RASTER
 62
7
100
AcDbHatch
 10
0.0
 20
0.0
 30
0.0
210
0.0
220
0.0
230
1.0
  2
SOLID
 70
1
 71
0
 91
1
 92
3
 72
0
 73
1
 93
4
 10
217.134
 20
208.943
 10
218.699
 20
208.943
 10
218.699
 20
209.343
 10
217.134
 20
209.343
 97
0
 75
0
 76
1
 98
0
  0
HATCH
  5
A0
330
17
100
AcDbEntity
  8
RASTER
 62
7
100
AcDbHatch
 10
0.0
 20
0.0
 30
0.0
210
0.0
220
0.0
230
1.0
  2
SOLID
 70
1
 71
0
 91
1
 92
3
 72
0
 73
1
 93
4
 10
220.655
 20
208.943
 10
222.221
 20
208.943
 10
222.221
 20
209.343
 10
220.655
 20
209.343
 97
0
 75
0
 76
1
 98
0
  0
HATCH
  5
A1
330
17
100
AcDbEntity
  8
RASTER
 62
7
100
AcDbHatch
 10
0.0
 20
0.0
 30
0.0
210
0.0
220
0.0
230
1.0
  2
SOLID
 70
1
 71
0
 91
1
 92
3
 72
0
 73
1
 93
4
 10
224.177
 20
208.943
 10
225.742
 20
208.943
 10
225.742
 20
209.343
 10
224.177
 20
209.343
 97
0
 75
0
 76
1
 98
0
  0
HATCH
  5
A2
330
17
100
AcDbEntity
  8
RASTER
 62
7
100
AcDbHatch
 10
0.0
 20
0.0
 30
0.0
210
0.0
220
0.0
230
1.0
  2
SOLID
 70
1
 71
0
 91
1
 92
3
 72
0
 73
1
 93
4
 10
225.942
 20
211.079
 10
226.018
 20
213.017
 10
225.619
 20
213.033
 10
225.543
 20
211.095
 97
0
 75
0
 76
1
 98
0
  0
HATCH
  5
A3
330
17
100
AcDbEntity
  8
RASTER
 62
7
100
AcDbHatch
 10
0.0
 20
0.0
 30
0.0
210
0.0
220
0.0
230
1.0
  2
SOLID
 70
1
 71
0
 91
1
 92
3
 72
0
 73
1
 93
4
 10
227.453
 20
213.447
 10
228.91
 20
213.154
 10
228.989
 20
213.546
 10
227.532
 20
213.839
 97
0
 75
0
 76
1
 98
0
  0
HATCH
  5
A4
330
17
100
AcDbEntity
  8
RASTER
 62
7
100
AcDbHatch
 10
0.0
 20
0.0
 30
0.0
210
0.0
220
0.0
230
1.0
  2
SOLID
 70
1
 71
0
 91
1
 92
3
 72
0
 73
1
 93
32
 10
177.102
 20
221.923
 10
178.062
 20
223.439
 10
179.7
 20
224.43
 10
181.595
 20
225.093
 10
183.258
 20
225.837
 10
184.421
 20
227.024
 10
185.184
 20
228.724
 10
185.91
 20
230.635
 10
186.98
 20
232.24
 10
188.555
 20
233.123
 10
190.508
 20
233.239
 10
192.536
 20
232.966
 10
194.372
 20
232.887
 10
195.937
 20
233.432
 10
197.358
 20
234.603
 10
198.835
 20
235.96
 10
198.838
 20
235.94
 10
197.386
 20
234.489
 10
195.998
 20
233.229
 10
194.473
 20
232.608
 10
192.682
 20
232.626
 10
190.698
 20
232.855
 10
188.785
 20
232.715
 10
187.243
 20
231.828
 10
186.196
 20
230.239
 10
185.478
 20
228.36
 10
184.708
 20
226.706
 10
183.521
 20
225.576
 10
181.818
 20
224.896
 10
179.865
 20
224.298
 10
178.158
 20
223.371
 10
177.119
 20
221.912
 97
0
 75
0
 76
1
 98
0
  0
HATCH
  5
A5
330
17
100
AcDbEntity
  8
RASTER
 62
7
100
AcDbHatch
 10
0.0
 20
0.0
 30
0.0
210
0.0
220
0.0
230
1.0
  2
SOLID
 70
1
 71
0
 91
1
 92
3
 72
0
 73
1
 93
28
 10
207.971
 20
232.662
 10
209.439
 20
232.203
 10
211.043
 20
232.425
 10
212.724
 20
232.693
 10
214.229
 20
232.217
 10
215.465
 20
231.068
 10
216.695
 20
230.06
 10
218.219
 20
229.68
 10
219.906
 20
229.484
 10
221.291
 20
228.715
 10
222.186
 20
227.286
 10
222.993
 20
225.852
 10
224.214
 20
224.934
 10
225.753
 20
224.283
 10
225.738
 20
224.27
 10
224.129
 20
224.845
 10
222.849
 20
225.685
 10
221.998
 20
227.044
 10
221.077
 20
228.406
 10
219.684
 20
229.122
 10
218.005
 20
229.285
 10
216.503
 20
229.655
 10
215.304
 20
230.675
 10
214.106
 20
231.862
 10
212.639
 20
232.398
 10
210.993
 20
232.21
 10
209.418
 20
232.082
 10
207.968
 20
232.642
 97
0
 75
0
 76
1
 98
0
  0
HATCH
  5
A6
330
17
100
AcDbEntity
  8
RASTER
 62
7
100
AcDbHatch
 10
0.0
 20
0.0
 30
0.0
210
0.0
220
0.0
230
1.0
  2
SOLID
 70
1
 71
0
 91
1
 92
3
 72
0
 73
1
 93
30
 10
234.577
 20
214.146
 10
235.966
 20
212.742
 10
234.949
 20
210.743
 10
234.985
 20
209.05
 10
236.822
 20
207.543
 10
236.62
 20
205.778
 10
235.178
 20
204.066
 10
236.033
 20
202.339
 10
236.951
 20
200.496
 10
235.315
 20
198.997
 10
234.39
 20
197.476
 10
235.444
 20
195.425
 10
234.785
 20
193.805
 10
232.666
 20
192.81
 10
232.557
 20
191.023
 10
232.539
 20
191.032
 10
232.548
 20
192.86
 10
234.568
 20
193.883
 10
235.135
 20
195.517
 10
234.001
 20
197.57
 10
234.865
 20
199.08
 10
236.462
 20
200.559
 10
235.529
 20
202.376
 10
234.684
 20
204.075
 10
236.162
 20
205.762
 10
236.423
 20
207.507
 10
234.665
 20
209.004
 10
234.723
 20
210.697
 10
235.842
 20
212.709
 10
234.558
 20
214.139
 97
0
 75
0
 76
1
 98
0
  0
HATCH
  5
A7
330
17
100
AcDbEntity
  8
RASTER
 62
7
100
AcDbHatch
 10
0.0
 20
0.0
 30
0.0
210
0.0
220
0.0
230
1.0
  2
SOLID
 70
1
 71
0
 91
1
 92
3
 72
0
 73
1
 93
32
 10
226.743
 20
182.27
 10
225.024
 20
181.588
 10
223.36
 20
180.95
 10
222.409
 20
179.401
 10
221.391
 20
177.808
 10
219.649
 20
177.346
 10
217.776
 20
177.267
 10
216.394
 20
176.217
 10
215.091
 20
174.791
 10
213.353
 20
174.507
 10
211.465
 20
174.977
 10
209.827
 20
174.572
 10
208.258
 20
173.451
 10
206.528
 20
173.303
 10
204.787
 20
174.214
 10
203.116
 20
174.49
 10
203.117
 20
174.51
 10
204.787
 20
174.337
 10
206.514
 20
173.524
 10
208.222
 20
173.761
 10
209.761
 20
174.955
 10
211.364
 20
175.416
 10
213.216
 20
174.98
 10
214.922
 20
175.275
 10
216.198
 20
176.691
 10
217.564
 20
177.711
 10
219.432
 20
177.74
 10
221.185
 20
178.138
 10
222.229
 20
179.656
 10
223.223
 20
181.124
 10
224.943
 20
181.681
 10
226.729
 20
182.284
 97
0
 75
0
 76
1
 98
0
  0
HATCH
  5
A8
330
17
100
AcDbEntity
  8
RASTER
 62
7
100
AcDbHatch
 10
0.0
 20
0.0
 30
0.0
210
0.0
220
0.0
230
1.0
  2
SOLID
 70
1
 71
0
 91
1
 92
3
 72
0
 73
1
 93
30
 10
193.45
 20
179.245
 10
192.034
 20
179.862
 10
190.191
 20
179.762
 10
188.262
 20
179.737
 10
186.793
 20
180.534
 10
185.996
 20
182.181
 10
185.481
 20
184.009
 10
184.581
 20
185.313
 10
182.997
 20
185.99
 10
181.148
 20
186.569
 10
179.83
 20
187.661
 10
179.465
 20
189.392
 10
179.66
 20
191.347
 10
179.536
 20
193.021
 10
178.546
 20
194.281
 10
178.565
 20
194.289
 10
179.641
 20
193.07
 10
179.844
 20
191.445
 10
179.713
 20
189.542
 10
180.126
 20
187.864
 10
181.474
 20
186.819
 10
183.332
 20
186.278
 10
184.907
 20
185.627
 10
185.782
 20
184.333
 10
186.258
 20
182.497
 10
187.007
 20
180.822
 10
188.422
 20
179.979
 10
190.296
 20
179.942
 10
192.087
 20
179.965
 10
193.458
 20
179.264
 97
0
 75
0
 76
1
 98
0
  0
HATCH
  5
A9
330
17
100
AcDbEntity
  8
RASTER
 62
7
100
AcDbHatch
 10
0.0
 20
0.0
 30
0.0
210
0.0
220
0.0
230
1.0
  2
SOLID
 70
1
 71
0
 91
1
 92
3
 72
0
 73
1
 93
28
 10
180.716
 20
232.981
 10
181.484
 20
234.594
 10
182.279
 20
236.288
 10
183.47
 20
237.514
 10
185.12
 20
238.02
 10
186.972
 20
238.072
 10
188.681
 20
238.261
 10
190.088
 20
239.04
 10
191.313
 20
240.347
 10
192.617
 20
241.636
 10
194.168
 20
242.297
 10
195.928
 20
242.142
 10
197.719
 20
241.568
 10
199.395
 20
241.253
 10
199.398
 20
241.233
 10
197.741
 20
241.452
 10
195.976
 20
241.936
 10
194.247
 20
242.015
 10
192.727
 20
241.295
 10
191.455
 20
239.969
 10
190.255
 20
238.646
 10
188.865
 20
237.875
 10
187.161
 20
237.715
 10
185.301
 20
237.711
 10
183.628
 20
237.268
 10
182.4
 20
236.116
 10
181.556
 20
234.5
 10
180.729
 20
232.966
 97
0
 75
0
 76
1
 98
0
  0
HATCH
  5
AA
330
17
100
AcDbEntity
  8
RASTER
 62
7
100
AcDbHatch
 10
0.0
 20
0.0
 30
0.0
210
0.0
220
0.0
230
1.0
  2
SOLID
 70
1
 71
0
 91
1
 92
3
 72
0
 73
1
 93
14
 10
211.915
 20
238.803
 10
213.101
 20
238.153
 10
214.279
 20
237.568
 10
215.51
 20
237.193
 10
216.819
 20
237.02
 10
218.173
 20
236.897
 10
219.487
 20
236.614
 10
219.478
 20
236.596
 10
218.098
 20
236.719
 10
216.706
 20
236.721
 10
215.394
 20
236.846
 10
214.19
 20
237.262
 10
213.054
 20
237.966
 10
211.911
 20
238.783
 97
0
 75
0
 76
1
 98
0
  0
HATCH
  5
AB
330
17
100
AcDbEntity
  8
RASTER
 62
7
100
AcDbHatch
 10
0.0
 20
0.0
 30
0.0
210
0.0
220
0.0
230
1.0
  2
SOLID
 70
1
 71
0
 91
1
 92
3
 72
0
 73
1
 93
26
 10
230.551
 20
231.671
 10
232.112
 20
230.95
 10
233.245
 20
229.781
 10
233.897
 20
228.216
 10
234.283
 20
226.506
 10
234.764
 20
224.931
 10
235.624
 20
223.638
 10
236.89
 20
222.564
 10
238.297
 20
221.506
 10
239.436
 20
220.253
 10
240.004
 20
218.725
 10
239.992
 20
216.997
 10
239.706
 20
215.239
 10
239.687
 20
215.233
 10
239.881
 20
216.958
 10
239.81
 20
218.647
 10
239.174
 20
220.136
 10
237.987
 20
221.35
 10
236.554
 20
222.377
 10
235.284
 20
223.43
 10
234.444
 20
224.716
 10
234.004
 20
226.299
 10
233.673
 20
228.036
 10
233.088
 20
229.643
 10
232.027
 20
230.868
 10
230.538
 20
231.656
 97
0
 75
0
 76
1
 98
0
  0
HATCH
  5
AC
330
17
100
AcDbEntity
  8
RASTER
 62
7
100
AcDbHatch
 10
0.0
 20
0.0
 30
0.0
210
0.0
220
0.0
230
1.0
  2
SOLID
 70
1
 71
0
 91
1
 92
3
 72
0
 73
1
 93
18
 10
238.426
 20
209.077
 10
237.937
 20
207.578
 10
237.641
 20
206.141
 10
237.722
 20
204.735
 10
238.172
 20
203.309
 10
238.794
 20
201.825
 10
239.281
 20
200.294
 10
239.356
 20
198.774
 10
238.887
 20
197.342
 10
238.868
 20
197.346
 10
239.196
 20
198.801
 10
239.0
 20
200.329
 10
238.431
 20
201.854
 10
237.78
 20
203.324
 10
237.358
 20
204.734
 10
237.358
 20
206.128
 10
237.775
 20
207.564
 10
238.407
 20
209.074
 97
0
 75
0
 76
1
 98
0
  0
HATCH
  5
AD
330
17
100
AcDbEntity
  8
RASTER
 62
7
100
AcDbHatch
 10
0.0
 20
0.0
 30
0.0
210
0.0
220
0.0
230
1.0
  2
SOLID
 70
1
 71
0
 91
1
 92
3
 72
0
 73
1
 93
24
 10
235.799
 20
187.572
 10
234.699
 20
186.423
 10
233.428
 20
185.424
 10
232.343
 20
184.345
 10
231.601
 20
183.015
 10
231.065
 20
181.476
 10
230.413
 20
179.974
 10
229.386
 20
178.793
 10
227.965
 20
178.042
 10
226.37
 20
177.559
 10
224.888
 20
177.013
 10
223.669
 20
176.143
 10
223.658
 20
176.16
 10
224.796
 20
177.139
 10
226.194
 20
177.777
 10
227.712
 20
178.33
 10
229.069
 20
179.124
 10
230.055
 20
180.318
 10
230.692
 20
181.804
 10
231.244
 20
183.302
 10
232.033
 20
184.572
 10
233.195
 20
185.58
 10
234.566
 20
186.504
 10
235.782
 20
187.582
 97
0
 75
0
 76
1
 98
0
  0
HATCH
  5
AE
330
17
100
AcDbEntity
  8
RASTER
 62
7
100
AcDbHatch
 10
0.0
 20
0.0
 30
0.0
210
0.0
220
0.0
230
1.0
  2
SOLID
 70
1
 71
0
 91
1
 92
3
 72
0
 73
1
 93
32
 10
208.324
 20
166.819
 10
206.658
 20
165.965
 10
204.92
 20
165.738
 10
203.192
 20
166.323
 10
201.508
 20
166.864
 10
199.768
 20
166.689
 10
197.949
 20
166.27
 10
196.217
 20
166.541
 10
194.677
 20
167.568
 10
193.153
 20
168.469
 10
191.414
 20
168.68
 10
189.572
 20
168.74
 10
187.994
 20
169.496
 10
186.758
 20
170.897
 10
185.473
 20
172.096
 10
183.817
 20
172.665
 10
183.828
 20
172.682
 10
185.534
 20
172.201
 10
186.861
 20
171.091
 10
188.125
 20
169.775
 10
189.72
 20
169.095
 10
191.567
 20
169.098
 10
193.301
 20
168.933
 10
194.809
 20
168.058
 10
196.326
 20
167.036
 10
198.033
 20
166.749
 10
199.825
 20
167.13
 10
201.54
 20
167.247
 10
203.204
 20
166.631
 10
204.918
 20
165.957
 10
206.652
 20
166.087
 10
208.322
 20
166.839
 97
0
 75
0
 76
1
 98
0
  0
HATCH
  5
AF
330
17
100
AcDbEntity
  8
RASTER
 62
7
100
AcDbHatch
 10
0.0
 20
0.0
 30
0.0
210
0.0
220
0.0
230
1.0
  2
SOLID
 70
1
 71
0
 91
1
 92
3
 72
0
 73
1
 93
22
 10
174.83
 20
185.83
 10
174.119
 20
187.257
 10
174.063
 20
189.009
 10
173.641
 20
190.521
 10
172.416
 20
191.686
 10
171.198
 20
192.92
 10
170.932
 20
194.511
 10
171.341
 20
196.253
 10
171.291
 20
197.825
 10
170.394
 20
199.239
 10
169.576
 20
200.723
 10
169.596
 20
200.725
 10
170.517
 20
199.259
 10
171.505
 20
197.869
 10
171.626
 20
196.325
 10
171.26
 20
194.61
 10
171.537
 20
193.039
 10
172.733
 20
191.813
 10
173.909
 20
190.643
 10
174.258
 20
189.109
 10
174.227
 20
187.319
 10
174.847
 20
185.841
 97
0
 75
0
 76
1
 98
0
  0
HATCH
  5
B0
330
17
100
AcDbEntity
  8
RASTER
 62
7
100
AcDbHatch
 10
0.0
 20
0.0
 30
0.0
210
0.0
220
0.0
230
1.0
  2
SOLID
 70
1
 71
0
 91
1
 92
3
 72
0
 73
1
 93
30
 10
187.003
 20
246.524
 10
188.725
 20
246.686
 10
190.535
 20
246.481
 10
192.24
 20
246.429
 10
193.766
 20
246.919
 10
195.18
 20
247.949
 10
196.623
 20
249.115
 10
198.19
 20
249.873
 10
199.873
 20
249.896
 10
201.588
 20
249.29
 10
203.255
 20
248.532
 10
204.864
 20
248.155
 10
206.473
 20
248.398
 10
208.136
 20
249.05
 10
209.844
 20
249.592
 10
209.842
 20
249.572
 10
208.126
 20
248.929
 10
206.463
 20
248.18
 10
204.863
 20
247.851
 10
203.267
 20
248.157
 10
201.617
 20
248.861
 10
199.922
 20
249.434
 10
198.257
 20
249.403
 10
196.705
 20
248.659
 10
195.272
 20
247.529
 10
193.859
 20
246.555
 10
192.327
 20
246.138
 10
190.604
 20
246.275
 10
188.768
 20
246.572
 10
187.011
 20
246.505
 97
0
 75
0
 76
1
 98
0
  0
HATCH
  5
B1
330
17
100
AcDbEntity
  8
RASTER
 62
7
100
AcDbHatch
 10
0.0
 20
0.0
 30
0.0
210
0.0
220
0.0
230
1.0
  2
SOLID
 70
1
 71
0
 91
1
 92
3
 72
0
 73
1
 93
22
 10
219.093
 20
243.945
 10
220.501
 20
243.17
 10
222.096
 20
242.838
 10
223.829
 20
242.718
 10
225.495
 20
242.372
 10
226.891
 20
241.503
 10
227.988
 20
240.183
 10
228.98
 20
238.78
 10
230.137
 20
237.663
 10
231.584
 20
236.913
 10
233.176
 20
236.284
 10
233.162
 20
236.27
 10
231.51
 20
236.825
 10
230.014
 20
237.503
 10
228.823
 20
238.56
 10
227.815
 20
239.92
 10
226.72
 20
241.22
 10
225.343
 20
242.096
 10
223.707
 20
242.476
 10
222.012
 20
242.654
 10
220.457
 20
243.063
 10
219.086
 20
243.926
 97
0
 75
0
 76
1
 98
0
  0
HATCH
  5
B2
330
17
100
AcDbEntity
  8
RASTER
 62
7
100
AcDbHatch
 10
0.0
 20
0.0
 30
0.0
210
0.0
220
0.0
230
1.0
  2
SOLID
 70
1
 71
0
 91
1
 92
3
 72
0
 73
1
 93
22
 10
236.476
 20
229.21
 10
238.102
 20
228.474
 10
239.853
 20
227.737
 10
241.301
 20
226.723
 10
242.127
 20
225.303
 10
242.3
 20
223.551
 10
242.102
 20
221.685
 10
241.989
 20
219.932
 10
242.347
 20
218.414
 10
243.287
 20
217.099
 10
244.576
 20
215.842
 10
244.557
 20
215.836
 10
243.136
 20
217.05
 10
242.08
 20
218.317
 10
241.634
 20
219.787
 10
241.695
 20
221.5
 10
241.88
 20
223.341
 10
241.735
 20
225.087
 10
240.972
 20
226.525
 10
239.616
 20
227.582
 10
237.972
 20
228.382
 10
236.46
 20
229.198
 97
0
 75
0
 76
1
 98
0
  0
HATCH
  5
B3
330
17
100
AcDbEntity
  8
RASTER
 62
7
100
AcDbHatch
 10
0.0
 20
0.0
 30
0.0
210
0.0
220
0.0
230
1.0
  2
SOLID
 70
1
 71
0
 91
1
 92
3
 72
0
 73
1
 93
18
 10
246.363
 20
201.404
 10
246.194
 20
199.812
 10
245.047
 20
198.37
 10
243.898
 20
197.0
 10
243.635
 20
195.491
 10
244.194
 20
193.748
 10
244.635
 20
191.961
 10
244.07
 20
190.459
 10
242.525
 20
189.354
 10
242.507
 20
189.361
 10
243.878
 20
190.528
 10
244.293
 20
192.07
 10
243.748
 20
193.871
 10
243.149
 20
195.605
 10
243.444
 20
197.089
 10
244.692
 20
198.425
 10
245.992
 20
199.835
 10
246.343
 20
201.405
 97
0
 75
0
 76
1
 98
0
  0
HATCH
  5
B4
330
17
100
AcDbEntity
  8
RASTER
 62
7
100
AcDbHatch
 10
0.0
 20
0.0
 30
0.0
210
0.0
220
0.0
230
1.0
  2
SOLID
 70
1
 71
0
 91
1
 92
3
 72
0
 73
1
 93
32
 10
241.607
 20
183.38
 10
241.552
 20
181.534
 10
241.227
 20
179.786
 10
239.902
 20
178.709
 10
238.217
 20
177.957
 10
237.211
 20
176.709
 10
236.827
 20
174.878
 10
236.065
 20
173.325
 10
234.447
 20
172.629
 10
232.658
 20
172.198
 10
231.503
 20
171.077
 10
230.775
 20
169.36
 10
229.633
 20
168.122
 10
227.839
 20
167.866
 10
226.029
 20
167.746
 10
224.75
 20
166.756
 10
224.741
 20
166.774
 10
225.972
 20
167.845
 10
227.73
 20
168.039
 10
229.472
 20
168.358
 10
230.563
 20
169.647
 10
231.245
 20
171.399
 10
232.363
 20
172.54
 10
234.126
 20
172.974
 10
235.731
 20
173.657
 10
236.496
 20
175.185
 10
236.898
 20
176.977
 10
237.938
 20
178.18
 10
239.671
 20
178.879
 10
241.058
 20
179.901
 10
241.455
 20
181.594
 10
241.59
 20
183.39
 97
0
 75
0
 76
1
 98
0
  0
HATCH
  5
B5
330
17
100
AcDbEntity
  8
RASTER
 62
7
100
AcDbHatch
 10
0.0
 20
0.0
 30
0.0
210
0.0
220
0.0
230
1.0
  2
SOLID
 70
1
 71
0
 91
1
 92
3
 72
0
 73
1
 93
34
 10
218.033
 20
158.968
 10
216.329
 20
158.455
 10
214.4
 20
158.963
 10
212.606
 20
159.097
 10
210.998
 20
158.105
 10
209.341
 20
157.024
 10
207.543
 20
157.14
 10
205.743
 20
158.054
 10
204.005
 20
158.274
 10
202.229
 20
157.452
 10
200.408
 20
156.91
 10
198.698
 20
157.651
 10
197.104
 20
158.863
 10
195.392
 20
159.143
 10
193.474
 20
158.596
 10
191.651
 20
158.653
 10
190.185
 20
159.922
 10
190.192
 20
159.941
 10
191.674
 20
158.733
 10
193.508
 20
158.734
 10
195.432
 20
159.338
 10
197.144
 20
159.107
 10
198.734
 20
157.936
 10
200.436
 20
157.226
 10
202.246
 20
157.787
 10
204.01
 20
158.615
 10
205.735
 20
158.39
 10
207.524
 20
157.456
 10
209.313
 20
157.31
 10
210.964
 20
158.35
 10
212.571
 20
159.293
 10
214.371
 20
159.103
 10
216.309
 20
158.536
 10
218.028
 20
158.987
 97
0
 75
0
 76
1
 98
0
  0
HATCH
  5
B6
330
17
100
AcDbEntity
  8
RASTER
 62
7
100
AcDbHatch
 10
0.0
 20
0.0
 30
0.0
210
0.0
220
0.0
230
1.0
  2
SOLID
 70
1
 71
0
 91
1
 92
3
 72
0
 73
1
 93
26
 10
181.497
 20
171.795
 10
179.524
 20
171.644
 10
177.873
 20
172.036
 10
177.238
 20
173.661
 10
176.873
 20
175.483
 10
175.614
 20
176.324
 10
173.643
 20
176.551
 10
172.314
 20
177.443
 10
172.178
 20
179.308
 10
172.096
 20
181.117
 10
170.863
 20
182.07
 10
169.027
 20
182.694
 10
168.153
 20
183.967
 10
168.171
 20
183.977
 10
169.145
 20
182.766
 10
171.069
 20
182.208
 10
172.373
 20
181.318
 10
172.505
 20
179.563
 10
172.666
 20
177.74
 10
173.996
 20
176.87
 10
175.944
 20
176.645
 10
177.159
 20
175.783
 10
177.465
 20
173.917
 10
178.03
 20
172.228
 10
179.608
 20
171.754
 10
181.508
 20
171.811
 97
0
 75
0
 76
1
 98
0
  0
HATCH
  5
B7
330
17
100
AcDbEntity
  8
RASTER
 62
7
100
AcDbHatch
 10
0.0
 20
0.0
 30
0.0
210
0.0
220
0.0
230
1.0
  2
SOLID
 70
1
 71
0
 91
1
 92
3
 72
0
 73
1
 93
14
 10
160.983
 20
198.759
 10
161.398
 20
200.142
 10
161.295
 20
201.452
 10
160.621
 20
202.739
 10
159.886
 20
204.062
 10
159.719
 20
205.418
 10
160.308
 20
206.751
 10
160.328
 20
206.75
 10
159.909
 20
205.415
 10
160.201
 20
204.066
 10
160.981
 20
202.754
 10
161.609
 20
201.475
 10
161.587
 20
200.161
 10
161.003
 20
198.762
 97
0
 75
0
 76
1
 98
0
  0
HATCH
  5
B8
330
17
100
AcDbEntity
  8
RASTER
 62
7
100
AcDbHatch
 10
0.0
 20
0.0
 30
0.0
210
0.0
220
0.0
230
1.0
  2
SOLID
 70
1
 71
0
 91
1
 92
3
 72
0
 73
1
 93
22
 10
165.027
 20
219.838
 10
166.004
 20
221.076
 10
166.812
 20
222.36
 10
167.376
 20
223.754
 10
167.733
 20
225.275
 10
168.02
 20
226.875
 10
168.412
 20
228.455
 10
169.065
 20
229.898
 10
170.049
 20
231.115
 10
171.332
 20
232.082
 10
172.789
 20
232.859
 10
172.804
 20
232.845
 10
171.449
 20
231.985
 10
170.265
 20
230.95
 10
169.364
 20
229.686
 10
168.77
 20
228.22
 10
168.403
 20
226.642
 10
168.107
 20
225.066
 10
167.702
 20
223.587
 10
167.058
 20
222.245
 10
166.144
 20
221.016
 10
165.046
 20
219.831
 97
0
 75
0
 76
1
 98
0
  0
HATCH
  5
B9
330
17
100
AcDbEntity
  8
RASTER
 62
7
100
AcDbHatch
 10
0.0
 20
0.0
 30
0.0
210
0.0
220
0.0
230
1.0
  2
SOLID
 70
1
 71
0
 91
1
 92
3
 72
0
 73
1
 93
16
 10
178.342
 20
236.115
 10
179.594
 20
236.925
 10
180.184
 20
238.64
 10
180.872
 20
240.343
 10
182.286
 20
241.009
 10
184.192
 20
240.78
 10
185.857
 20
240.838
 10
186.953
 20
241.974
 10
186.962
 20
241.956
 10
185.927
 20
240.702
 10
184.32
 20
240.555
 10
182.453
 20
240.738
 10
181.049
 20
240.078
 10
180.335
 20
238.429
 10
179.688
 20
236.804
 10
178.355
 20
236.099
 97
0
 75
0
 76
1
 98
0
  0
HATCH
  5
BA
330
17
100
AcDbEntity
  8
RASTER
 62
7
100
AcDbHatch
 10
0.0
 20
0.0
 30
0.0
210
0.0
220
0.0
230
1.0
  2
SOLID
 70
1
 71
0
 91
1
 92
3
 72
0
 73
1
 93
16
 10
255.722
 20
208.999
 10
256.444
 20
207.429
 10
256.764
 20
205.81
 10
256.567
 20
204.178
 10
255.976
 20
202.573
 10
255.283
 20
201.008
 10
254.795
 20
199.459
 10
254.671
 20
197.881
 10
254.651
 20
197.884
 10
254.601
 20
199.479
 10
254.949
 20
201.032
 10
255.564
 20
202.589
 10
256.155
 20
204.181
 10
256.429
 20
205.802
 10
256.25
 20
207.419
 10
255.702
 20
208.998
 97
0
 75
0
 76
1
 98
0
  0
HATCH
  5
BB
330
17
100
AcDbEntity
  8
RASTER
 62
7
100
AcDbHatch
 10
0.0
 20
0.0
 30
0.0
210
0.0
220
0.0
230
1.0
  2
SOLID
 70
1
 71
0
 91
1
 92
3
 72
0
 73
1
 93
26
 10
249.256
 20
187.058
 10
249.211
 20
185.509
 10
249.024
 20
183.988
 10
248.556
 20
182.576
 10
247.764
 20
181.325
 10
246.715
 20
180.23
 10
245.555
 20
179.23
 10
244.451
 20
178.225
 10
243.521
 20
177.124
 10
242.794
 20
175.879
 10
242.2
 20
174.514
 10
241.603
 20
173.121
 10
240.862
 20
171.822
 10
240.847
 20
171.836
 10
241.495
 20
173.213
 10
242.0
 20
174.674
 10
242.512
 20
176.092
 10
243.171
 20
177.371
 10
244.054
 20
178.488
 10
245.137
 20
179.489
 10
246.303
 20
180.469
 10
247.387
 20
181.529
 10
248.24
 20
182.735
 10
248.792
 20
184.096
 10
249.08
 20
185.565
 10
249.237
 20
187.066
 97
0
 75
0
 76
1
 98
0
  0
HATCH
  5
BC
330
17
100
AcDbEntity
  8
RASTER
 62
7
100
AcDbHatch
 10
0.0
 20
0.0
 30
0.0
210
0.0
220
0.0
230
1.0
  2
SOLID
 70
1
 71
0
 91
1
 92
3
 72
0
 73
1
 93
34
 10
232.809
 20
161.818
 10
231.183
 20
161.32
 10
229.402
 20
161.149
 10
227.676
 20
160.973
 10
226.154
 20
160.475
 10
224.855
 20
159.513
 10
223.674
 20
158.205
 10
222.449
 20
156.875
 10
221.051
 20
155.891
 10
219.447
 20
155.485
 10
217.703
 20
155.625
 10
215.934
 20
156.033
 10
214.243
 20
156.318
 10
212.662
 20
156.172
 10
211.155
 20
155.53
 10
209.648
 20
154.603
 10
208.084
 20
153.774
 10
208.083
 20
153.794
 10
209.639
 20
154.689
 10
211.135
 20
155.679
 10
212.628
 20
156.378
 10
214.192
 20
156.573
 10
215.866
 20
156.328
 10
217.617
 20
155.947
 10
219.346
 20
155.822
 10
220.937
 20
156.232
 10
222.325
 20
157.205
 10
223.547
 20
158.514
 10
224.732
 20
159.789
 10
226.04
 20
160.708
 10
227.579
 20
161.158
 10
229.327
 20
161.279
 10
231.138
 20
161.393
 10
232.798
 20
161.835
 97
0
 75
0
 76
1
 98
0
  0
HATCH
  5
BD
330
17
100
AcDbEntity
  8
RASTER
 62
7
100
AcDbHatch
 10
0.0
 20
0.0
 30
0.0
210
0.0
220
0.0
230
1.0
  2
SOLID
 70
1
 71
0
 91
1
 92
3
 72
0
 73
1
 93
30
 10
190.977
 20
157.201
 10
189.377
 20
157.216
 10
187.714
 20
157.145
 10
186.156
 20
157.445
 10
184.81
 20
158.288
 10
183.613
 20
159.415
 10
182.367
 20
160.373
 10
180.915
 20
160.914
 10
179.3
 20
161.201
 10
177.747
 20
161.654
 10
176.479
 20
162.58
 10
175.501
 20
163.907
 10
174.584
 20
165.26
 10
173.45
 20
166.296
 10
172.029
 20
166.993
 10
172.042
 20
167.008
 10
173.523
 20
166.386
 10
174.709
 20
165.424
 10
175.668
 20
164.14
 10
176.676
 20
162.875
 10
177.963
 20
161.998
 10
179.52
 20
161.578
 10
181.129
 20
161.308
 10
182.564
 20
160.764
 10
183.784
 20
159.783
 10
184.949
 20
158.614
 10
186.26
 20
157.712
 10
187.783
 20
157.338
 10
189.412
 20
157.326
 10
190.983
 20
157.22
 97
0
 75
0
 76
1
 98
0
  0
HATCH
  5
BE
330
17
100
AcDbEntity
  8
RASTER
 62
7
100
AcDbHatch
 10
0.0
 20
0.0
 30
0.0
210
0.0
220
0.0
230
1.0
  2
SOLID
 70
1
 71
0
 91
1
 92
3
 72
0
 73
1
 93
22
 10
166.902
 20
169.386
 10
165.251
 20
170.174
 10
163.677
 20
171.085
 10
162.579
 20
172.414
 10
161.99
 20
174.112
 10
161.532
 20
175.858
 10
160.742
 20
177.353
 10
159.492
 20
178.573
 10
158.119
 20
179.762
 10
157.139
 20
181.191
 10
156.785
 20
182.923
 10
156.803
 20
182.932
 10
157.269
 20
181.256
 10
158.347
 20
179.883
 10
159.793
 20
178.746
 10
161.086
 20
177.567
 10
161.885
 20
176.094
 10
162.319
 20
174.348
 10
162.855
 20
172.625
 10
163.876
 20
171.249
 10
165.36
 20
170.27
 10
166.916
 20
169.399
 97
0
 75
0
 76
1
 98
0
  0
HATCH
  5
BF
330
17
100
AcDbEntity
  8
RASTER
 62
7
100
AcDbHatch
 10
0.0
 20
0.0
 30
0.0
210
0.0
220
0.0
230
1.0
  2
SOLID
 70
1
 71
0
 91
1
 92
3
 72
0
 73
1
 93
22
 10
152.684
 20
199.483
 10
152.854
 20
201.134
 10
153.305
 20
202.778
 10
153.635
 20
204.389
 10
153.566
 20
205.989
 10
153.146
 20
207.617
 10
152.716
 20
209.277
 10
152.665
 20
210.929
 10
153.16
 20
212.512
 10
154.023
 20
214.012
 10
154.859
 20
215.48
 10
154.879
 20
215.476
 10
154.136
 20
213.991
 10
153.359
 20
212.482
 10
152.933
 20
210.896
 10
153.028
 20
209.25
 10
153.474
 20
207.598
 10
153.879
 20
205.981
 10
153.905
 20
204.39
 10
153.506
 20
202.785
 10
152.969
 20
201.142
 10
152.704
 20
199.485
 97
0
 75
0
 76
1
 98
0
  0
HATCH
  5
C0
330
17
100
AcDbEntity
  8
RASTER
 62
7
100
AcDbHatch
 10
0.0
 20
0.0
 30
0.0
210
0.0
220
0.0
230
1.0
  2
SOLID
 70
1
 71
0
 91
1
 92
3
 72
0
 73
1
 93
32
 10
158.822
 20
229.127
 10
159.937
 20
230.388
 10
161.724
 20
231.208
 10
163.225
 20
232.135
 10
163.834
 20
233.638
 10
163.858
 20
235.615
 10
164.186
 20
237.442
 10
165.424
 20
238.558
 10
167.332
 20
239.038
 10
169.097
 20
239.562
 10
170.126
 20
240.776
 10
170.588
 20
242.636
 10
171.212
 20
244.412
 10
172.557
 20
245.37
 10
174.503
 20
245.505
 10
176.407
 20
245.583
 10
176.418
 20
245.566
 10
174.558
 20
245.429
 10
172.659
 20
245.24
 10
171.359
 20
244.236
 10
170.778
 20
242.424
 10
170.353
 20
240.538
 10
169.353
 20
239.311
 10
167.607
 20
238.784
 10
165.707
 20
238.313
 10
164.465
 20
237.216
 10
164.12
 20
235.416
 10
164.066
 20
233.473
 10
163.416
 20
232.008
 10
161.864
 20
231.121
 10
160.019
 20
230.341
 10
158.84
 20
229.117
 97
0
 75
0
 76
1
 98
0
  0
HATCH
  5
C1
330
17
100
AcDbEntity
  8
RASTER
 62
7
100
AcDbHatch
 10
0.0
 20
0.0
 30
0.0
210
0.0
220
0.0
230
1.0
  2
SOLID
 70
1
 71
0
 91
1
 92
3
 72
0
 73
1
 93
24
 10
188.705
 20
253.352
 10
190.407
 20
253.141
 10
192.023
 20
253.094
 10
193.505
 20
253.51
 10
194.901
 20
254.392
 10
196.306
 20
255.444
 10
197.796
 20
256.233
 10
199.382
 20
256.435
 10
201.013
 20
256.028
 10
202.626
 20
255.301
 10
204.188
 20
254.694
 10
205.722
 20
254.548
 10
205.722
 20
254.528
 10
204.189
 20
254.548
 10
202.636
 20
255.04
 10
201.039
 20
255.672
 10
199.425
 20
256.012
 10
197.857
 20
255.776
 10
196.381
 20
254.989
 10
194.983
 20
253.975
 10
193.585
 20
253.162
 10
192.089
 20
252.842
 10
190.448
 20
253.001
 10
188.711
 20
253.333
 97
0
 75
0
 76
1
 98
0
  0
HATCH
  5
C2
330
17
100
AcDbEntity
  8
RASTER
 62
7
100
AcDbHatch
 10
0.0
 20
0.0
 30
0.0
210
0.0
220
0.0
230
1.0
  2
SOLID
 70
1
 71
0
 91
1
 92
3
 72
0
 73
1
 93
24
 10
220.448
 20
253.618
 10
221.733
 20
252.405
 10
223.4
 20
252.282
 10
225.377
 20
252.804
 10
227.2
 20
252.805
 10
228.48
 20
251.632
 10
229.37
 20
249.807
 10
230.45
 20
248.449
 10
232.119
 20
248.096
 10
234.12
 20
248.167
 10
235.759
 20
247.61
 10
236.636
 20
246.017
 10
236.624
 20
246.001
 10
235.676
 20
247.495
 10
233.979
 20
247.957
 10
231.935
 20
247.804
 10
230.241
 20
248.094
 10
229.156
 20
249.415
 10
228.278
 20
251.234
 10
227.025
 20
252.432
 10
225.241
 20
252.486
 10
223.307
 20
252.047
 10
221.685
 20
252.272
 10
220.442
 20
253.599
 97
0
 75
0
 76
1
 98
0
  0
HATCH
  5
C3
330
17
100
AcDbEntity
  8
RASTER
 62
7
100
AcDbHatch
 10
0.0
 20
0.0
 30
0.0
210
0.0
220
0.0
230
1.0
  2
SOLID
 70
1
 71
0
 91
1
 92
3
 72
0
 73
1
 93
16
 10
240.8
 20
238.612
 10
242.163
 20
237.83
 10
243.464
 20
236.957
 10
244.579
 20
235.904
 10
245.436
 20
234.645
 10
246.044
 20
233.219
 10
246.494
 20
231.712
 10
246.924
 20
230.224
 10
246.906
 20
230.213
 10
246.304
 20
231.589
 10
245.722
 20
232.996
 10
245.046
 20
234.359
 10
244.198
 20
235.606
 10
243.163
 20
236.706
 10
241.994
 20
237.68
 10
240.786
 20
238.598
 97
0
 75
0
 76
1
 98
0
  0
HATCH
  5
C4
330
17
100
AcDbEntity
  8
RASTER
 62
7
100
AcDbHatch
 10
0.0
 20
0.0
 30
0.0
210
0.0
220
0.0
230
1.0
  2
SOLID
 70
1
 71
0
 91
1
 92
3
 72
0
 73
1
 93
22
 10
246.935
 20
161.926
 10
246.05
 20
160.457
 10
245.128
 20
158.991
 10
243.95
 20
157.788
 10
242.481
 20
156.937
 10
240.89
 20
156.272
 10
239.4
 20
155.505
 10
238.111
 20
154.459
 10
236.932
 20
153.222
 10
235.67
 20
152.081
 10
234.19
 20
151.293
 10
234.18
 20
151.31
 10
235.608
 20
152.185
 10
236.819
 20
153.402
 10
237.952
 20
154.697
 10
239.208
 20
155.776
 10
240.681
 20
156.551
 10
242.275
 20
157.197
 10
243.766
 20
158.007
 10
244.986
 20
159.15
 10
245.967
 20
160.546
 10
246.921
 20
161.94
 97
0
 75
0
 76
1
 98
0
  0
HATCH
  5
C5
330
17
100
AcDbEntity
  8
RASTER
 62
7
100
AcDbHatch
 10
0.0
 20
0.0
 30
0.0
210
0.0
220
0.0
230
1.0
  2
SOLID
 70
1
 71
0
 91
1
 92
3
 72
0
 73
1
 93
22
 10
226.131
 20
152.335
 10
224.379
 20
152.769
 10
222.84
 20
152.759
 10
221.588
 20
151.944
 10
220.494
 20
150.516
 10
219.337
 20
149.105
 10
217.962
 20
148.373
 10
216.371
 20
148.575
 10
214.695
 20
149.394
 10
213.091
 20
150.132
 10
211.628
 20
150.171
 10
211.625
 20
150.191
 10
213.072
 20
150.253
 10
214.657
 20
149.605
 10
216.312
 20
148.858
 10
217.885
 20
148.699
 10
219.247
 20
149.445
 10
220.399
 20
150.838
 10
221.5
 20
152.218
 10
222.769
 20
152.962
 10
224.335
 20
152.884
 10
226.123
 20
152.353
 97
0
 75
0
 76
1
 98
0
  0
HATCH
  5
C6
330
17
100
AcDbEntity
  8
RASTER
 62
7
100
AcDbHatch
 10
0.0
 20
0.0
 30
0.0
210
0.0
220
0.0
230
1.0
  2
SOLID
 70
1
 71
0
 91
1
 92
3
 72
0
 73
1
 93
16
 10
194.307
 20
147.457
 10
192.525
 20
147.005
 10
190.856
 20
147.219
 10
189.377
 20
148.173
 10
188.011
 20
149.4
 10
186.576
 20
150.276
 10
184.935
 20
150.525
 10
183.137
 20
150.43
 10
183.145
 20
150.449
 10
184.994
 20
150.688
 10
186.669
 20
150.558
 10
188.116
 20
149.75
 10
189.472
 20
148.526
 10
190.925
 20
147.507
 10
192.561
 20
147.175
 10
194.31
 20
147.477
 97
0
 75
0
 76
1
 98
0
  0
HATCH
  5
C7
330
17
100
AcDbEntity
  8
RASTER
 62
7
100
AcDbHatch
 10
0.0
 20
0.0
 30
0.0
210
0.0
220
0.0
230
1.0
  2
SOLID
 70
1
 71
0
 91
1
 92
3
 72
0
 73
1
 93
26
 10
179.53
 20
154.573
 10
177.967
 20
154.854
 10
176.396
 20
155.176
 10
174.866
 20
155.616
 10
173.422
 20
156.232
 10
172.101
 20
157.053
 10
170.921
 20
158.076
 10
169.878
 20
159.264
 10
168.943
 20
160.56
 10
168.069
 20
161.893
 10
167.2
 20
163.195
 10
166.281
 20
164.414
 10
165.271
 20
165.524
 10
165.285
 20
165.539
 10
166.357
 20
164.494
 10
167.331
 20
163.339
 10
168.243
 20
162.096
 10
169.146
 20
160.811
 10
170.096
 20
159.549
 10
171.138
 20
158.376
 10
172.303
 20
157.349
 10
173.597
 20
156.504
 10
175.005
 20
155.845
 10
176.493
 20
155.346
 10
178.019
 20
154.951
 10
179.539
 20
154.591
 97
0
 75
0
 76
1
 98
0
  0
HATCH
  5
C8
330
17
100
AcDbEntity
  8
RASTER
 62
7
100
AcDbHatch
 10
0.0
 20
0.0
 30
0.0
210
0.0
220
0.0
230
1.0
  2
SOLID
 70
1
 71
0
 91
1
 92
3
 72
0
 73
1
 93
16
 10
154.576
 20
178.316
 10
153.428
 20
179.554
 10
152.392
 20
180.874
 10
151.575
 20
182.31
 10
151.03
 20
183.863
 10
150.742
 20
185.505
 10
150.632
 20
187.187
 10
150.578
 20
188.862
 10
150.597
 20
188.867
 10
150.852
 20
187.259
 10
151.121
 20
185.64
 10
151.493
 20
184.043
 10
152.033
 20
182.502
 10
152.758
 20
181.04
 10
153.636
 20
179.656
 10
154.594
 20
178.325
 97
0
 75
0
 76
1
 98
0
  0
HATCH
  5
C9
330
17
100
AcDbEntity
  8
RASTER
 62
7
100
AcDbHatch
 10
0.0
 20
0.0
 30
0.0
210
0.0
220
0.0
230
1.0
  2
SOLID
 70
1
 71
0
 91
1
 92
3
 72
0
 73
1
 93
24
 10
147.836
 20
202.819
 10
147.905
 20
204.417
 10
148.435
 20
206.0
 10
149.029
 20
207.552
 10
149.279
 20
209.103
 10
149.065
 20
210.697
 10
148.643
 20
212.342
 10
148.456
 20
213.984
 10
148.815
 20
215.545
 10
149.675
 20
216.991
 10
150.67
 20
218.373
 10
151.377
 20
219.799
 10
151.396
 20
219.794
 10
150.782
 20
218.344
 10
149.873
 20
216.947
 10
149.085
 20
215.493
 10
148.779
 20
213.93
 10
148.995
 20
212.293
 10
149.418
 20
210.659
 10
149.605
 20
209.076
 10
149.304
 20
207.538
 10
148.638
 20
205.995
 10
148.02
 20
204.418
 10
147.856
 20
202.82
 97
0
 75
0
 76
1
 98
0
  0
HATCH
  5
CA
330
17
100
AcDbEntity
  8
RASTER
 62
7
100
AcDbHatch
 10
0.0
 20
0.0
 30
0.0
210
0.0
220
0.0
230
1.0
  2
SOLID
 70
1
 71
0
 91
1
 92
3
 72
0
 73
1
 93
14
 10
152.225
 20
233.168
 10
152.189
 20
235.01
 10
152.078
 20
236.957
 10
152.444
 20
238.663
 10
153.567
 20
239.887
 10
155.289
 20
240.659
 10
157.126
 20
241.28
 10
157.142
 20
241.268
 10
155.435
 20
240.553
 10
153.813
 20
239.718
 10
152.73
 20
238.477
 10
152.332
 20
236.801
 10
152.346
 20
234.919
 10
152.242
 20
233.159
 97
0
 75
0
 76
1
 98
0
  0
HATCH
  5
CB
330
17
100
AcDbEntity
  8
RASTER
 62
7
100
AcDbHatch
 10
0.0
 20
0.0
 30
0.0
210
0.0
220
0.0
230
1.0
  2
SOLID
 70
1
 71
0
 91
1
 92
3
 72
0
 73
1
 93
34
 10
163.234
 20
243.886
 10
164.573
 20
244.688
 10
165.403
 20
245.996
 10
165.944
 20
247.656
 10
166.66
 20
249.182
 10
167.875
 20
250.148
 10
169.516
 20
250.558
 10
171.193
 20
250.856
 10
172.54
 20
251.567
 10
173.504
 20
252.855
 10
174.366
 20
254.367
 10
175.488
 20
255.514
 10
177.014
 20
255.961
 10
178.768
 20
255.917
 10
180.425
 20
255.975
 10
181.784
 20
256.623
 10
182.917
 20
257.834
 10
182.925
 20
257.815
 10
181.828
 20
256.524
 10
180.508
 20
255.799
 10
178.891
 20
255.673
 10
177.176
 20
255.66
 10
175.686
 20
255.167
 10
174.595
 20
253.99
 10
173.757
 20
252.462
 10
172.809
 20
251.174
 10
171.467
 20
250.477
 10
169.784
 20
250.207
 10
168.126
 20
249.837
 10
166.882
 20
248.921
 10
166.126
 20
247.453
 10
165.537
 20
245.855
 10
164.65
 20
244.611
 10
163.249
 20
243.872
 97
0
 75
0
 76
1
 98
0
  0
HATCH
  5
CC
330
17
100
AcDbEntity
  8
RASTER
 62
7
100
AcDbHatch
 10
0.0
 20
0.0
 30
0.0
210
0.0
220
0.0
230
1.0
  2
SOLID
 70
1
 71
0
 91
1
 92
3
 72
0
 73
1
 93
30
 10
192.592
 20
259.932
 10
194.141
 20
260.119
 10
195.649
 20
260.527
 10
197.14
 20
261.134
 10
198.64
 20
261.861
 10
200.172
 20
262.585
 10
201.744
 20
263.173
 10
203.35
 20
263.51
 10
204.97
 20
263.531
 10
206.582
 20
263.232
 10
208.164
 20
262.673
 10
209.708
 20
261.968
 10
211.218
 20
261.248
 10
212.715
 20
260.64
 10
214.224
 20
260.23
 10
214.22
 20
260.21
 10
212.697
 20
260.517
 10
211.192
 20
261.027
 10
209.68
 20
261.657
 10
208.141
 20
262.288
 10
206.567
 20
262.79
 10
204.968
 20
263.055
 10
203.361
 20
263.023
 10
201.768
 20
262.697
 10
200.206
 20
262.145
 10
198.681
 20
261.477
 10
197.181
 20
260.825
 10
195.685
 20
260.307
 10
194.164
 20
259.997
 10
192.596
 20
259.913
 97
0
 75
0
 76
1
 98
0
  0
HATCH
  5
CD
330
17
100
AcDbEntity
  8
RASTER
 62
7
100
AcDbHatch
 10
0.0
 20
0.0
 30
0.0
210
0.0
220
0.0
230
1.0
  2
SOLID
 70
1
 71
0
 91
1
 92
3
 72
0
 73
1
 93
20
 10
229.089
 20
256.415
 10
230.351
 20
255.366
 10
231.777
 20
254.661
 10
233.398
 20
254.287
 10
235.149
 20
254.07
 10
236.884
 20
253.755
 10
238.438
 20
253.113
 10
239.696
 20
252.037
 10
240.654
 20
250.588
 10
241.424
 20
248.961
 10
241.411
 20
248.945
 10
240.552
 20
250.458
 10
239.521
 20
251.801
 10
238.215
 20
252.793
 10
236.642
 20
253.387
 10
234.918
 20
253.696
 10
233.203
 20
253.95
 10
231.637
 20
254.403
 10
230.276
 20
255.218
 10
229.08
 20
256.397
 97
0
 75
0
 76
1
 98
0
  0
HATCH
  5
CE
330
17
100
AcDbEntity
  8
RASTER
 62
7
100
AcDbHatch
 10
0.0
 20
0.0
 30
0.0
210
0.0
220
0.0
230
1.0
  2
SOLID
 70
1
 71
0
 91
1
 92
3
 72
0
 73
1
 93
22
 10
253.108
 20
243.086
 10
254.466
 20
242.07
 10
255.68
 20
240.921
 10
256.692
 20
239.616
 10
257.48
 20
238.162
 10
258.06
 20
236.591
 10
258.485
 20
234.95
 10
258.832
 20
233.295
 10
259.19
 20
231.672
 10
259.637
 20
230.114
 10
260.226
 20
228.631
 10
260.207
 20
228.623
 10
259.531
 20
230.065
 10
259.008
 20
231.582
 10
258.591
 20
233.167
 10
258.208
 20
234.795
 10
257.775
 20
236.42
 10
257.212
 20
237.992
 10
256.466
 20
239.464
 10
255.514
 20
240.803
 10
254.373
 20
242.0
 10
253.092
 20
243.074
 97
0
 75
0
 76
1
 98
0
  0
HATCH
  5
CF
330
17
100
AcDbEntity
  8
RASTER
 62
7
100
AcDbHatch
 10
0.0
 20
0.0
 30
0.0
210
0.0
220
0.0
230
1.0
  2
SOLID
 70
1
 71
0
 91
1
 92
3
 72
0
 73
1
 93
24
 10
261.897
 20
211.853
 10
261.414
 20
210.249
 10
261.067
 20
208.69
 10
261.138
 20
207.173
 10
261.66
 20
205.664
 10
262.399
 20
204.127
 10
262.976
 20
202.555
 10
263.069
 20
200.98
 10
262.58
 20
199.446
 10
261.693
 20
197.978
 10
260.772
 20
196.554
 10
260.17
 20
195.113
 10
260.151
 20
195.116
 10
260.622
 20
196.575
 10
261.423
 20
198.01
 10
262.21
 20
199.48
 10
262.626
 20
201.008
 10
262.496
 20
202.573
 10
261.918
 20
204.132
 10
261.217
 20
205.656
 10
260.767
 20
207.156
 10
260.796
 20
208.67
 10
261.263
 20
210.235
 10
261.877
 20
211.851
 97
0
 75
0
 76
1
 98
0
  0
HATCH
  5
D0
330
17
100
AcDbEntity
  8
RASTER
 62
7
100
AcDbHatch
 10
0.0
 20
0.0
 30
0.0
210
0.0
220
0.0
230
1.0
  2
SOLID
 70
1
 71
0
 91
1
 92
3
 72
0
 73
1
 93
18
 10
265.093
 20
187.384
 10
264.613
 20
185.839
 10
263.746
 20
184.427
 10
262.643
 20
183.122
 10
261.522
 20
181.857
 10
260.58
 20
180.547
 10
259.927
 20
179.122
 10
259.55
 20
177.561
 10
259.317
 20
175.904
 10
259.3
 20
175.914
 10
259.374
 20
177.648
 10
259.615
 20
179.266
 10
260.172
 20
180.722
 10
261.077
 20
182.035
 10
262.227
 20
183.277
 10
263.42
 20
184.539
 10
264.427
 20
185.898
 10
265.073
 20
187.39
 97
0
 75
0
 76
1
 98
0
  0
HATCH
  5
D1
330
17
100
AcDbEntity
  8
RASTER
 62
7
100
AcDbHatch
 10
0.0
 20
0.0
 30
0.0
210
0.0
220
0.0
230
1.0
  2
SOLID
 70
1
 71
0
 91
1
 92
3
 72
0
 73
1
 93
14
 10
257.157
 20
167.861
 10
256.228
 20
167.057
 10
255.282
 20
166.28
 10
254.33
 20
165.52
 10
253.39
 20
164.765
 10
252.481
 20
163.995
 10
251.624
 20
163.189
 10
251.609
 20
163.202
 10
252.329
 20
164.125
 10
253.133
 20
164.975
 10
254.032
 20
165.755
 10
255.017
 20
166.48
 10
256.066
 20
167.175
 10
257.14
 20
167.872
 97
0
 75
0
 76
1
 98
0
  0
HATCH
  5
D2
330
17
100
AcDbEntity
  8
RASTER
 62
7
100
AcDbHatch
 10
0.0
 20
0.0
 30
0.0
210
0.0
220
0.0
230
1.0
  2
SOLID
 70
1
 71
0
 91
1
 92
3
 72
0
 73
1
 93
22
 10
250.55
 20
158.307
 10
249.304
 20
157.294
 10
247.607
 20
156.791
 10
245.835
 20
156.435
 10
244.367
 20
155.773
 10
243.353
 20
154.557
 10
242.634
 20
152.909
 10
241.86
 20
151.265
 10
240.714
 20
150.1
 10
239.112
 20
149.633
 10
237.237
 20
149.671
 10
237.226
 20
149.689
 10
239.022
 20
149.778
 10
240.545
 20
150.356
 10
241.623
 20
151.604
 10
242.348
 20
153.299
 10
243.043
 20
154.958
 10
244.062
 20
156.148
 10
245.566
 20
156.75
 10
247.403
 20
157.019
 10
249.187
 20
157.418
 10
250.536
 20
158.321
 97
0
 75
0
 76
1
 98
0
  0
HATCH
  5
D3
330
17
100
AcDbEntity
  8
RASTER
 62
7
100
AcDbHatch
 10
0.0
 20
0.0
 30
0.0
210
0.0
220
0.0
230
1.0
  2
SOLID
 70
1
 71
0
 91
1
 92
3
 72
0
 73
1
 93
16
 10
229.317
 20
143.714
 10
227.889
 20
142.961
 10
226.505
 20
142.056
 10
225.112
 20
141.112
 10
223.663
 20
140.278
 10
222.129
 20
139.687
 10
220.512
 20
139.402
 10
218.84
 20
139.397
 10
218.836
 20
139.416
 10
220.464
 20
139.602
 10
222.037
 20
140.029
 10
223.539
 20
140.698
 10
224.978
 20
141.528
 10
226.388
 20
142.39
 10
227.817
 20
143.154
 10
229.309
 20
143.732
 97
0
 75
0
 76
1
 98
0
  0
HATCH
  5
D4
330
17
100
AcDbEntity
  8
RASTER
 62
7
100
AcDbHatch
 10
0.0
 20
0.0
 30
0.0
210
0.0
220
0.0
230
1.0
  2
SOLID
 70
1
 71
0
 91
1
 92
3
 72
0
 73
1
 93
22
 10
211.661
 20
141.735
 10
210.101
 20
141.323
 10
208.53
 20
140.88
 10
206.939
 20
140.479
 10
205.33
 20
140.197
 10
203.71
 20
140.093
 10
202.091
 20
140.191
 10
200.487
 20
140.481
 10
198.905
 20
140.912
 10
197.345
 20
141.413
 10
195.801
 20
141.907
 10
195.804
 20
141.927
 10
197.364
 20
141.579
 10
198.932
 20
141.21
 10
200.513
 20
140.885
 10
202.11
 20
140.664
 10
203.717
 20
140.589
 10
205.325
 20
140.67
 10
206.924
 20
140.884
 10
208.511
 20
141.179
 10
210.087
 20
141.489
 10
211.659
 20
141.755
 97
0
 75
0
 76
1
 98
0
  0
HATCH
  5
D5
330
17
100
AcDbEntity
  8
RASTER
 62
7
100
AcDbHatch
 10
0.0
 20
0.0
 30
0.0
210
0.0
220
0.0
230
1.0
  2
SOLID
 70
1
 71
0
 91
1
 92
3
 72
0
 73
1
 93
34
 10
180.931
 20
145.981
 10
179.409
 20
146.346
 10
177.921
 20
146.815
 10
176.485
 20
147.412
 10
175.114
 20
148.142
 10
173.809
 20
148.993
 10
172.564
 20
149.933
 10
171.361
 20
150.924
 10
170.176
 20
151.925
 10
168.985
 20
152.901
 10
167.769
 20
153.832
 10
166.518
 20
154.713
 10
165.232
 20
155.556
 10
163.927
 20
156.387
 10
162.628
 20
157.241
 10
161.367
 20
158.15
 10
160.173
 20
159.143
 10
160.187
 20
159.157
 10
161.434
 20
158.223
 10
162.744
 20
157.372
 10
164.085
 20
156.575
 10
165.424
 20
155.795
 10
166.734
 20
154.997
 10
168.001
 20
154.151
 10
169.222
 20
153.245
 10
170.409
 20
152.281
 10
171.581
 20
151.279
 10
172.764
 20
150.273
 10
173.983
 20
149.305
 10
175.256
 20
148.414
 10
176.594
 20
147.632
 10
177.995
 20
146.974
 10
179.449
 20
146.437
 10
180.938
 20
146.0
 97
0
 75
0
 76
1
 98
0
  0
HATCH
  5
D6
330
17
100
AcDbEntity
  8
RASTER
 62
7
100
AcDbHatch
 10
0.0
 20
0.0
 30
0.0
210
0.0
220
0.0
230
1.0
  2
SOLID
 70
1
 71
0
 91
1
 92
3
 72
0
 73
1
 93
16
 10
149.436
 20
167.432
 10
148.3
 20
168.645
 10
147.251
 20
169.929
 10
146.323
 20
171.295
 10
145.534
 20
172.743
 10
144.889
 20
174.265
 10
144.372
 20
175.841
 10
143.953
 20
177.45
 10
143.971
 20
177.458
 10
144.512
 20
175.908
 10
145.124
 20
174.384
 10
145.82
 20
172.897
 10
146.604
 20
171.456
 10
147.477
 20
170.066
 10
148.431
 20
168.729
 10
149.453
 20
167.443
 97
0
 75
0
 76
1
 98
0
  0
HATCH
  5
D7
330
17
100
AcDbEntity
  8
RASTER
 62
7
100
AcDbHatch
 10
0.0
 20
0.0
 30
0.0
210
0.0
220
0.0
230
1.0
  2
SOLID
 70
1
 71
0
 91
1
 92
3
 72
0
 73
1
 93
24
 10
138.098
 20
185.648
 10
138.365
 20
187.521
 10
138.744
 20
189.382
 10
138.812
 20
191.139
 10
138.324
 20
192.775
 10
137.35
 20
194.346
 10
136.235
 20
195.936
 10
135.428
 20
197.603
 10
135.251
 20
199.351
 10
135.729
 20
201.134
 10
136.577
 20
202.898
 10
137.345
 20
204.617
 10
137.365
 20
204.617
 10
136.687
 20
202.901
 10
135.922
 20
201.144
 10
135.512
 20
199.371
 10
135.738
 20
197.635
 10
136.569
 20
195.978
 10
137.683
 20
194.397
 10
138.631
 20
192.829
 10
139.068
 20
191.191
 10
138.932
 20
189.426
 10
138.472
 20
187.548
 10
138.117
 20
185.653
 97
0
 75
0
 76
1
 98
0
  0
HATCH
  5
D8
330
17
100
AcDbEntity
  8
RASTER
 62
7
100
AcDbHatch
 10
0.0
 20
0.0
 30
0.0
210
0.0
220
0.0
230
1.0
  2
SOLID
 70
1
 71
0
 91
1
 92
3
 72
0
 73
1
 93
20
 10
138.116
 20
217.632
 10
139.158
 20
219.082
 10
140.0
 20
220.546
 10
140.423
 20
222.101
 10
140.412
 20
223.785
 10
140.168
 20
225.57
 10
140.015
 20
227.362
 10
140.254
 20
229.045
 10
141.032
 20
230.527
 10
142.278
 20
231.798
 10
142.297
 20
231.79
 10
141.172
 20
230.471
 10
140.502
 20
228.951
 10
140.346
 20
227.246
 10
140.545
 20
225.447
 10
140.792
 20
223.672
 10
140.761
 20
222.009
 10
140.258
 20
220.483
 10
139.305
 20
219.05
 10
138.136
 20
217.628
 97
0
 75
0
 76
1
 98
0
  0
HATCH
  5
D9
330
17
100
AcDbEntity
  8
RASTER
 62
7
100
AcDbHatch
 10
0.0
 20
0.0
 30
0.0
210
0.0
220
0.0
230
1.0
  2
SOLID
 70
1
 71
0
 91
1
 92
3
 72
0
 73
1
 93
14
 10
147.727
 20
235.741
 10
148.531
 20
237.162
 10
149.29
 20
238.613
 10
150.026
 20
240.085
 10
150.767
 20
241.565
 10
151.545
 20
243.032
 10
152.386
 20
244.466
 10
152.402
 20
244.454
 10
151.695
 20
242.924
 10
151.019
 20
241.392
 10
150.319
 20
239.895
 10
149.551
 20
238.453
 10
148.691
 20
237.07
 10
147.745
 20
235.731
 97
0
 75
0
 76
1
 98
0
  0
HATCH
  5
DA
330
17
100
AcDbEntity
  8
RASTER
 62
7
100
AcDbHatch
 10
0.0
 20
0.0
 30
0.0
210
0.0
220
0.0
230
1.0
  2
SOLID
 70
1
 71
0
 91
1
 92
3
 72
0
 73
1
 93
20
 10
159.868
 20
253.541
 10
161.291
 20
254.474
 10
162.752
 20
255.344
 10
164.218
 20
256.185
 10
165.663
 20
257.033
 10
167.071
 20
257.918
 10
168.437
 20
258.858
 10
169.767
 20
259.857
 10
171.079
 20
260.901
 10
172.393
 20
261.962
 10
172.403
 20
261.945
 10
171.157
 20
260.77
 10
169.911
 20
259.63
 10
168.634
 20
258.563
 10
167.302
 20
257.59
 10
165.903
 20
256.711
 10
164.437
 20
255.905
 10
162.923
 20
255.137
 10
161.391
 20
254.359
 10
159.882
 20
253.526
 97
0
 75
0
 76
1
 98
0
  0
HATCH
  5
DB
330
17
100
AcDbEntity
  8
RASTER
 62
7
100
AcDbHatch
 10
0.0
 20
0.0
 30
0.0
210
0.0
220
0.0
230
1.0
  2
SOLID
 70
1
 71
0
 91
1
 92
3
 72
0
 73
1
 93
34
 10
182.564
 20
270.731
 10
184.221
 20
271.209
 10
186.042
 20
271.1
 10
187.892
 20
270.751
 10
189.651
 20
270.628
 10
191.274
 20
271.05
 10
192.811
 20
271.995
 10
194.354
 20
273.115
 10
195.979
 20
273.93
 10
197.698
 20
274.106
 10
199.466
 20
273.644
 10
201.219
 20
272.888
 10
202.925
 20
272.322
 10
204.6
 20
272.296
 10
206.288
 20
272.823
 10
208.015
 20
273.574
 10
209.764
 20
274.065
 10
209.762
 20
274.045
 10
208.01
 20
273.485
 10
206.284
 20
272.666
 10
204.601
 20
272.077
 10
202.932
 20
272.048
 10
201.234
 20
272.57
 10
199.492
 20
273.294
 10
197.735
 20
273.736
 10
196.026
 20
273.555
 10
194.409
 20
272.748
 10
192.871
 20
271.649
 10
191.337
 20
270.738
 10
189.711
 20
270.362
 10
187.946
 20
270.538
 10
186.084
 20
270.949
 10
184.248
 20
271.123
 10
182.571
 20
270.712
 97
0
 75
0
 76
1
 98
0
  0
HATCH
  5
DC
330
17
100
AcDbEntity
  8
RASTER
 62
7
100
AcDbHatch
 10
0.0
 20
0.0
 30
0.0
210
0.0
220
0.0
230
1.0
  2
SOLID
 70
1
 71
0
 91
1
 92
3
 72
0
 73
1
 93
22
 10
218.846
 20
271.295
 10
220.617
 20
271.871
 10
222.348
 20
272.12
 10
223.933
 20
271.746
 10
225.327
 20
270.746
 10
226.58
 20
269.41
 10
227.825
 20
268.169
 10
229.207
 20
267.374
 10
230.804
 20
267.121
 10
232.575
 20
267.211
 10
234.364
 20
267.255
 10
234.356
 20
267.237
 10
232.52
 20
267.09
 10
230.714
 20
266.905
 10
229.092
 20
267.08
 10
227.698
 20
267.824
 10
226.456
 20
269.045
 10
225.217
 20
270.394
 10
223.846
 20
271.442
 10
222.288
 20
271.893
 10
220.586
 20
271.742
 10
218.842
 20
271.275
 97
0
 75
0
 76
1
 98
0
  0
HATCH
  5
DD
330
17
100
AcDbEntity
  8
RASTER
 62
7
100
AcDbHatch
 10
0.0
 20
0.0
 30
0.0
210
0.0
220
0.0
230
1.0
  2
SOLID
 70
1
 71
0
 91
1
 92
3
 72
0
 73
1
 93
32
 10
246.49
 20
252.861
 10
248.249
 20
252.441
 10
249.899
 20
251.845
 10
251.267
 20
250.92
 10
252.265
 20
249.623
 10
252.92
 20
248.029
 10
253.376
 20
246.302
 10
253.839
 20
244.631
 10
254.51
 20
243.164
 10
255.512
 20
241.963
 10
256.842
 20
240.983
 10
258.363
 20
240.099
 10
259.857
 20
239.151
 10
261.092
 20
238.007
 10
261.907
 20
236.6
 10
262.273
 20
234.957
 10
262.255
 20
234.947
 10
261.819
 20
236.552
 10
260.94
 20
237.917
 10
259.648
 20
239.021
 10
258.107
 20
239.93
 10
256.551
 20
240.781
 10
255.201
 20
241.734
 10
254.191
 20
242.918
 10
253.525
 20
244.376
 10
253.082
 20
246.051
 10
252.657
 20
247.793
 10
252.042
 20
249.412
 10
251.092
 20
250.746
 10
249.776
 20
251.717
 10
248.182
 20
252.367
 10
246.477
 20
252.845
 97
0
 75
0
 76
1
 98
0
  0
HATCH
  5
DE
330
17
100
AcDbEntity
  8
RASTER
 62
7
100
AcDbHatch
 10
0.0
 20
0.0
 30
0.0
210
0.0
220
0.0
230
1.0
  2
SOLID
 70
1
 71
0
 91
1
 92
3
 72
0
 73
1
 93
14
 10
266.604
 20
224.672
 10
266.836
 20
223.388
 10
266.931
 20
222.072
 10
266.901
 20
220.735
 10
266.774
 20
219.39
 10
266.595
 20
218.051
 10
266.419
 20
216.731
 10
266.4
 20
216.727
 10
266.383
 20
218.005
 10
266.423
 20
219.307
 10
266.501
 20
220.632
 10
266.583
 20
221.975
 10
266.628
 20
223.325
 10
266.585
 20
224.665
 97
0
 75
0
 76
1
 98
0
  0
HATCH
  5
DF
330
17
100
AcDbEntity
  8
RASTER
 62
7
100
AcDbHatch
 10
0.0
 20
0.0
 30
0.0
210
0.0
220
0.0
230
1.0
  2
SOLID
 70
1
 71
0
 91
1
 92
3
 72
0
 73
1
 93
28
 10
270.593
 20
203.475
 10
270.125
 20
201.869
 10
270.023
 20
200.259
 10
270.33
 20
198.61
 10
270.77
 20
196.924
 10
270.937
 20
195.244
 10
270.585
 20
193.631
 10
269.801
 20
192.106
 10
268.936
 20
190.622
 10
268.36
 20
189.095
 10
268.199
 20
187.466
 10
268.25
 20
185.759
 10
268.131
 20
184.08
 10
267.556
 20
182.541
 10
267.537
 20
182.548
 10
267.999
 20
184.123
 10
268.009
 20
185.831
 10
267.861
 20
187.557
 10
267.942
 20
189.197
 10
268.462
 20
190.726
 10
269.296
 20
192.203
 10
270.078
 20
193.716
 10
270.456
 20
195.313
 10
270.343
 20
196.974
 10
269.982
 20
198.642
 10
269.772
 20
200.276
 10
269.986
 20
201.875
 10
270.573
 20
203.476
 97
0
 75
0
 76
1
 98
0
  0
HATCH
  5
E0
330
17
100
AcDbEntity
  8
RASTER
 62
7
100
AcDbHatch
 10
0.0
 20
0.0
 30
0.0
210
0.0
220
0.0
230
1.0
  2
SOLID
 70
1
 71
0
 91
1
 92
3
 72
0
 73
1
 93
24
 10
142.087
 20
240.887
 10
142.796
 20
242.335
 10
143.45
 20
243.826
 10
144.091
 20
245.338
 10
144.773
 20
246.839
 10
145.546
 20
248.29
 10
146.448
 20
249.655
 10
147.491
 20
250.911
 10
148.666
 20
252.056
 10
149.938
 20
253.105
 10
151.26
 20
254.092
 10
152.581
 20
255.062
 10
152.595
 20
255.048
 10
151.368
 20
253.993
 10
150.135
 20
252.93
 10
148.941
 20
251.823
 10
147.825
 20
250.641
 10
146.816
 20
249.37
 10
145.921
 20
248.013
 10
145.124
 20
246.592
 10
144.39
 20
245.137
 10
143.672
 20
243.684
 10
142.921
 20
242.259
 10
142.104
 20
240.877
 97
0
 75
0
 76
1
 98
0
  0
HATCH
  5
E1
330
17
100
AcDbEntity
  8
RASTER
 62
7
100
AcDbHatch
 10
0.0
 20
0.0
 30
0.0
210
0.0
220
0.0
230
1.0
  2
SOLID
 70
1
 71
0
 91
1
 92
3
 72
0
 73
1
 93
24
 10
158.277
 20
260.634
 10
159.381
 20
261.814
 10
160.666
 20
262.772
 10
162.107
 20
263.513
 10
163.648
 20
264.09
 10
165.218
 20
264.592
 10
166.747
 20
265.122
 10
168.189
 20
265.766
 10
169.529
 20
266.574
 10
170.785
 20
267.543
 10
172.001
 20
268.615
 10
173.232
 20
269.695
 10
173.241
 20
269.677
 10
172.065
 20
268.49
 10
170.904
 20
267.322
 10
169.698
 20
266.276
 10
168.399
 20
265.415
 10
166.982
 20
264.746
 10
165.461
 20
264.222
 10
163.88
 20
263.754
 10
162.308
 20
263.235
 10
160.817
 20
262.572
 10
159.468
 20
261.703
 10
158.289
 20
260.619
 97
0
 75
0
 76
1
 98
0
  0
HATCH
  5
E2
330
17
100
AcDbEntity
  8
RASTER
 62
7
100
AcDbHatch
 10
0.0
 20
0.0
 30
0.0
210
0.0
220
0.0
230
1.0
  2
SOLID
 70
1
 71
0
 91
1
 92
3
 72
0
 73
1
 93
16
 10
184.648
 20
273.062
 10
185.966
 20
273.988
 10
187.347
 20
274.753
 10
188.804
 20
275.264
 10
190.327
 20
275.478
 10
191.897
 20
275.419
 10
193.482
 20
275.166
 10
195.056
 20
274.839
 10
195.059
 20
274.819
 10
193.512
 20
274.979
 10
191.955
 20
275.098
 10
190.407
 20
275.084
 10
188.891
 20
274.871
 10
187.425
 20
274.437
 10
186.015
 20
273.805
 10
184.654
 20
273.043
 97
0
 75
0
 76
1
 98
0
  0
HATCH
  5
E3
330
17
100
AcDbEntity
  8
RASTER
 62
7
100
AcDbHatch
 10
0.0
 20
0.0
 30
0.0
210
0.0
220
0.0
230
1.0
  2
SOLID
 70
1
 71
0
 91
1
 92
3
 72
0
 73
1
 93
30
 10
212.141
 20
279.656
 10
213.802
 20
279.87
 10
215.473
 20
280.025
 10
217.143
 20
280.073
 10
218.8
 20
279.977
 10
220.431
 20
279.714
 10
222.026
 20
279.28
 10
223.577
 20
278.688
 10
225.085
 20
277.968
 10
226.553
 20
277.161
 10
227.993
 20
276.315
 10
229.42
 20
275.478
 10
230.85
 20
274.689
 10
232.3
 20
273.978
 10
233.782
 20
273.357
 10
233.775
 20
273.339
 10
232.267
 20
273.897
 10
230.796
 20
274.546
 10
229.35
 20
275.279
 10
227.913
 20
276.069
 10
226.468
 20
276.878
 10
224.999
 20
277.661
 10
223.497
 20
278.372
 10
221.954
 20
278.97
 10
220.37
 20
279.425
 10
218.752
 20
279.722
 10
217.108
 20
279.865
 10
215.451
 20
279.874
 10
213.791
 20
279.783
 10
212.139
 20
279.636
 97
0
 75
0
 76
1
 98
0
  0
HATCH
  5
E4
330
17
100
AcDbEntity
  8
RASTER
 62
7
100
AcDbHatch
 10
0.0
 20
0.0
 30
0.0
210
0.0
220
0.0
230
1.0
  2
SOLID
 70
1
 71
0
 91
1
 92
3
 72
0
 73
1
 93
20
 10
237.053
 20
266.71
 10
238.269
 20
265.924
 10
239.524
 20
265.213
 10
240.822
 20
264.574
 10
242.163
 20
263.993
 10
243.54
 20
263.45
 10
244.941
 20
262.918
 10
246.347
 20
262.37
 10
247.739
 20
261.776
 10
249.095
 20
261.112
 10
249.082
 20
261.096
 10
247.652
 20
261.661
 10
246.198
 20
262.164
 10
244.75
 20
262.642
 10
243.331
 20
263.134
 10
241.96
 20
263.672
 10
240.648
 20
264.286
 10
239.397
 20
264.992
 10
238.2
 20
265.797
 10
237.044
 20
266.692
 97
0
 75
0
 76
1
 98
0
  0
HATCH
  5
E5
330
17
100
AcDbEntity
  8
RASTER
 62
7
100
AcDbHatch
 10
0.0
 20
0.0
 30
0.0
210
0.0
220
0.0
230
1.0
  2
SOLID
 70
1
 71
0
 91
1
 92
3
 72
0
 73
1
 93
28
 10
258.742
 20
249.858
 10
259.506
 20
248.537
 10
260.426
 20
247.347
 10
261.532
 20
246.293
 10
262.742
 20
245.298
 10
263.9
 20
244.246
 10
264.857
 20
243.047
 10
265.545
 20
241.676
 10
266.016
 20
240.186
 10
266.42
 20
238.675
 10
266.923
 20
237.234
 10
267.627
 20
235.904
 10
268.511
 20
234.656
 10
269.441
 20
233.416
 10
269.422
 20
233.408
 10
268.4
 20
234.604
 10
267.431
 20
235.807
 10
266.654
 20
237.094
 10
266.094
 20
238.496
 10
265.653
 20
239.976
 10
265.166
 20
241.445
 10
264.483
 20
242.808
 10
263.552
 20
244.013
 10
262.437
 20
245.085
 10
261.287
 20
246.114
 10
260.253
 20
247.214
 10
259.411
 20
248.461
 10
258.726
 20
249.845
 97
0
 75
0
 76
1
 98
0
  0
HATCH
  5
E6
330
17
100
AcDbEntity
  8
RASTER
 62
7
100
AcDbHatch
 10
0.0
 20
0.0
 30
0.0
210
0.0
220
0.0
230
1.0
  2
SOLID
 70
1
 71
0
 91
1
 92
3
 72
0
 73
1
 93
24
 10
277.899
 20
229.414
 10
278.657
 20
227.868
 10
279.069
 20
226.21
 10
279.195
 20
224.479
 10
279.241
 20
222.743
 10
279.439
 20
221.057
 10
279.904
 20
219.431
 10
280.568
 20
217.833
 10
281.219
 20
216.216
 10
281.621
 20
214.549
 10
281.658
 20
212.835
 10
281.403
 20
211.103
 10
281.383
 20
211.102
 10
281.551
 20
212.824
 10
281.435
 20
214.525
 10
280.968
 20
216.178
 10
280.271
 20
217.781
 10
279.584
 20
219.368
 10
279.12
 20
220.987
 10
278.948
 20
222.672
 10
278.949
 20
224.414
 10
278.889
 20
226.158
 10
278.555
 20
227.836
 10
277.88
 20
229.408
 97
0
 75
0
 76
1
 98
0
  0
HATCH
  5
E7
330
17
100
AcDbEntity
  8
RASTER
 62
7
100
AcDbHatch
 10
0.0
 20
0.0
 30
0.0
210
0.0
220
0.0
230
1.0
  2
SOLID
 70
1
 71
0
 91
1
 92
3
 72
0
 73
1
 93
14
 10
278.339
 20
198.713
 10
278.731
 20
197.33
 10
278.976
 20
195.946
 10
278.999
 20
194.576
 10
278.764
 20
193.239
 10
278.283
 20
191.946
 10
277.61
 20
190.698
 10
277.59
 20
190.702
 10
278.08
 20
191.981
 10
278.426
 20
193.291
 10
278.611
 20
194.629
 10
278.637
 20
195.985
 10
278.526
 20
197.35
 10
278.319
 20
198.714
 97
0
 75
0
 76
1
 98
0
  0
HATCH
  5
E8
330
17
100
AcDbEntity
  8
RASTER
 62
7
100
AcDbHatch
 10
0.0
 20
0.0
 30
0.0
210
0.0
220
0.0
230
1.0
  2
SOLID
 70
1
 71
0
 91
1
 92
3
 72
0
 73
1
 93
24
 10
275.071
 20
179.343
 10
274.75
 20
177.773
 10
274.282
 20
176.251
 10
273.659
 20
174.79
 10
272.887
 20
173.397
 10
271.984
 20
172.072
 10
270.979
 20
170.811
 10
269.909
 20
169.6
 10
268.813
 20
168.422
 10
267.728
 20
167.256
 10
266.685
 20
166.08
 10
265.707
 20
164.875
 10
265.69
 20
164.886
 10
266.548
 20
166.165
 10
267.478
 20
167.403
 10
268.467
 20
168.617
 10
269.492
 20
169.824
 10
270.521
 20
171.044
 10
271.521
 20
172.296
 10
272.456
 20
173.594
 10
273.294
 20
174.948
 10
274.014
 20
176.361
 10
274.6
 20
177.831
 10
275.052
 20
179.35
 97
0
 75
0
 76
1
 98
0
  0
HATCH
  5
E9
330
17
100
AcDbEntity
  8
RASTER
 62
7
100
AcDbHatch
 10
0.0
 20
0.0
 30
0.0
210
0.0
220
0.0
230
1.0
  2
SOLID
 70
1
 71
0
 91
1
 92
3
 72
0
 73
1
 93
22
 10
257.184
 20
155.662
 10
256.279
 20
154.318
 10
255.549
 20
152.776
 10
254.86
 20
151.153
 10
254.059
 20
149.606
 10
253.027
 20
148.287
 10
251.714
 20
147.288
 10
250.155
 20
146.606
 10
248.455
 20
146.144
 10
246.749
 20
145.741
 10
245.159
 20
145.219
 10
245.147
 20
145.236
 10
246.659
 20
145.866
 10
248.29
 20
146.364
 10
249.926
 20
146.897
 10
251.44
 20
147.622
 10
252.732
 20
148.631
 10
253.77
 20
149.928
 10
254.606
 20
151.423
 10
255.356
 20
152.972
 10
256.168
 20
154.425
 10
257.17
 20
155.676
 97
0
 75
0
 76
1
 98
0
  0
HATCH
  5
EA
330
17
100
AcDbEntity
  8
RASTER
 62
7
100
AcDbHatch
 10
0.0
 20
0.0
 30
0.0
210
0.0
220
0.0
230
1.0
  2
SOLID
 70
1
 71
0
 91
1
 92
3
 72
0
 73
1
 93
18
 10
236.411
 20
141.884
 10
235.109
 20
141.099
 10
233.822
 20
140.268
 10
232.532
 20
139.417
 10
231.223
 20
138.582
 10
229.881
 20
137.8
 10
228.496
 20
137.106
 10
227.064
 20
136.526
 10
225.589
 20
136.075
 10
225.583
 20
136.094
 10
227.014
 20
136.678
 10
228.403
 20
137.369
 10
229.754
 20
138.135
 10
231.079
 20
138.941
 10
232.391
 20
139.747
 10
233.707
 20
140.522
 10
235.04
 20
141.244
 10
236.402
 20
141.902
 97
0
 75
0
 76
1
 98
0
  0
HATCH
  5
EB
330
17
100
AcDbEntity
  8
RASTER
 62
7
100
AcDbHatch
 10
0.0
 20
0.0
 30
0.0
210
0.0
220
0.0
230
1.0
  2
SOLID
 70
1
 71
0
 91
1
 92
3
 72
0
 73
1
 93
16
 10
216.606
 20
129.478
 10
214.982
 20
129.54
 10
213.367
 20
129.631
 10
211.766
 20
129.708
 10
210.177
 20
129.734
 10
208.599
 20
129.685
 10
207.025
 20
129.549
 10
205.448
 20
129.337
 10
205.448
 20
129.357
 10
207.02
 20
129.701
 10
208.586
 20
129.94
 10
210.154
 20
130.048
 10
211.736
 20
130.021
 10
213.338
 20
129.885
 10
214.962
 20
129.69
 10
216.602
 20
129.498
 97
0
 75
0
 76
1
 98
0
  0
HATCH
  5
EC
330
17
100
AcDbEntity
  8
RASTER
 62
7
100
AcDbHatch
 10
0.0
 20
0.0
 30
0.0
210
0.0
220
0.0
230
1.0
  2
SOLID
 70
1
 71
0
 91
1
 92
3
 72
0
 73
1
 93
28
 10
194.089
 20
129.885
 10
192.586
 20
130.557
 10
191.104
 20
131.245
 10
189.592
 20
131.707
 10
188.012
 20
131.842
 10
186.364
 20
131.743
 10
184.695
 20
131.647
 10
183.08
 20
131.811
 10
181.578
 20
132.373
 10
180.199
 20
133.284
 10
178.89
 20
134.334
 10
177.558
 20
135.263
 10
176.122
 20
135.899
 10
174.56
 20
136.246
 10
174.568
 20
136.264
 10
176.169
 20
136.014
 10
177.639
 20
135.47
 10
178.996
 20
134.624
 10
180.322
 20
133.643
 10
181.708
 20
132.781
 10
183.208
 20
132.246
 10
184.815
 20
132.085
 10
186.468
 20
132.158
 10
188.097
 20
132.212
 10
189.655
 20
132.01
 10
191.144
 20
131.464
 10
192.606
 20
130.68
 10
194.092
 20
129.904
 97
0
 75
0
 76
1
 98
0
  0
HATCH
  5
ED
330
17
100
AcDbEntity
  8
RASTER
 62
7
100
AcDbHatch
 10
0.0
 20
0.0
 30
0.0
210
0.0
220
0.0
230
1.0
  2
SOLID
 70
1
 71
0
 91
1
 92
3
 72
0
 73
1
 93
22
 10
165.123
 20
145.38
 10
163.696
 20
145.971
 10
162.459
 20
146.846
 10
161.416
 20
147.978
 10
160.494
 20
149.244
 10
159.573
 20
150.482
 10
158.537
 20
151.565
 10
157.333
 20
152.455
 10
155.998
 20
153.214
 10
154.641
 20
153.974
 10
153.404
 20
154.874
 10
153.418
 20
154.888
 10
154.758
 20
154.093
 10
156.203
 20
153.431
 10
157.605
 20
152.754
 10
158.846
 20
151.921
 10
159.889
 20
150.862
 10
160.788
 20
149.612
 10
161.661
 20
148.299
 10
162.635
 20
147.087
 10
163.791
 20
146.107
 10
165.134
 20
145.396
 97
0
 75
0
 76
1
 98
0
  0
HATCH
  5
EE
330
17
100
AcDbEntity
  8
RASTER
 62
7
100
AcDbHatch
 10
0.0
 20
0.0
 30
0.0
210
0.0
220
0.0
230
1.0
  2
SOLID
 70
1
 71
0
 91
1
 92
3
 72
0
 73
1
 93
16
 10
146.961
 20
156.848
 10
146.215
 20
158.262
 10
145.708
 20
159.842
 10
145.326
 20
161.484
 10
144.928
 20
163.081
 10
144.378
 20
164.548
 10
143.59
 20
165.846
 10
142.544
 20
166.986
 10
142.561
 20
166.996
 10
143.719
 20
165.928
 10
144.595
 20
164.693
 10
145.19
 20
163.264
 10
145.585
 20
161.672
 10
145.915
 20
159.999
 10
146.335
 20
158.357
 10
146.976
 20
156.861
 97
0
 75
0
 76
1
 98
0
  0
HATCH
  5
EF
330
17
100
AcDbEntity
  8
RASTER
 62
7
100
AcDbHatch
 10
0.0
 20
0.0
 30
0.0
210
0.0
220
0.0
230
1.0
  2
SOLID
 70
1
 71
0
 91
1
 92
3
 72
0
 73
1
 93
14
 10
139.959
 20
171.251
 10
139.453
 20
172.317
 10
138.922
 20
173.37
 10
138.382
 20
174.42
 10
137.838
 20
175.471
 10
137.289
 20
176.522
 10
136.725
 20
177.57
 10
136.744
 20
177.578
 10
137.478
 20
176.601
 10
138.15
 20
175.607
 10
138.737
 20
174.582
 10
139.23
 20
173.517
 10
139.636
 20
172.408
 10
139.977
 20
171.26
 97
0
 75
0
 76
1
 98
0
  0
HATCH
  5
F0
330
17
100
AcDbEntity
  8
RASTER
 62
7
100
AcDbHatch
 10
0.0
 20
0.0
 30
0.0
210
0.0
220
0.0
230
1.0
  2
SOLID
 70
1
 71
0
 91
1
 92
3
 72
0
 73
1
 93
18
 10
135.74
 20
187.754
 10
135.31
 20
189.288
 10
134.609
 20
190.771
 10
133.759
 20
192.247
 10
132.956
 20
193.756
 10
132.399
 20
195.322
 10
132.212
 20
196.944
 10
132.406
 20
198.598
 10
132.865
 20
200.254
 10
132.885
 20
200.255
 10
132.547
 20
198.61
 10
132.455
 20
196.97
 10
132.709
 20
195.362
 10
133.289
 20
193.806
 10
134.067
 20
192.3
 10
134.848
 20
190.818
 10
135.448
 20
189.318
 10
135.76
 20
187.759
 97
0
 75
0
 76
1
 98
0
  0
HATCH
  5
F1
330
17
100
AcDbEntity
  8
RASTER
 62
7
100
AcDbHatch
 10
0.0
 20
0.0
 30
0.0
210
0.0
220
0.0
230
1.0
  2
SOLID
 70
1
 71
0
 91
1
 92
3
 72
0
 73
1
 93
30
 10
129.597
 20
207.373
 10
130.344
 20
208.976
 10
130.931
 20
210.562
 10
131.144
 20
212.167
 10
130.942
 20
213.821
 10
130.478
 20
215.532
 10
130.03
 20
217.271
 10
129.889
 20
218.984
 10
130.232
 20
220.614
 10
131.05
 20
222.131
 10
132.153
 20
223.554
 10
133.252
 20
224.946
 10
134.079
 20
226.39
 10
134.502
 20
227.952
 10
134.575
 20
229.643
 10
134.594
 20
229.637
 10
134.613
 20
227.915
 10
134.277
 20
226.329
 10
133.53
 20
224.867
 10
132.499
 20
223.464
 10
131.448
 20
222.037
 10
130.663
 20
220.521
 10
130.333
 20
218.899
 10
130.465
 20
217.197
 10
130.882
 20
215.472
 10
131.297
 20
213.777
 10
131.432
 20
212.137
 10
131.138
 20
210.545
 10
130.459
 20
208.969
 10
129.617
 20
207.372
 97
0
 75
0
 76
1
 98
0
  0
HATCH
  5
F2
330
17
100
AcDbEntity
  8
RASTER
 62
7
100
AcDbHatch
 10
0.0
 20
0.0
 30
0.0
210
0.0
220
0.0
230
1.0
  2
SOLID
 70
1
 71
0
 91
1
 92
3
 72
0
 73
1
 93
30
 10
287.293
 20
204.545
 10
286.547
 20
202.968
 10
285.981
 20
201.411
 10
285.845
 20
199.849
 10
286.18
 20
198.251
 10
286.804
 20
196.607
 10
287.387
 20
194.938
 10
287.603
 20
193.289
 10
287.269
 20
191.709
 10
286.434
 20
190.221
 10
285.347
 20
188.804
 10
284.353
 20
187.398
 10
283.733
 20
185.931
 10
283.588
 20
184.352
 10
283.788
 20
182.667
 10
283.769
 20
182.672
 10
283.466
 20
184.383
 10
283.513
 20
185.983
 10
284.043
 20
187.465
 10
284.963
 20
188.879
 10
285.992
 20
190.298
 10
286.791
 20
191.784
 10
287.111
 20
193.356
 10
286.907
 20
194.994
 10
286.358
 20
196.651
 10
285.79
 20
198.282
 10
285.529
 20
199.868
 10
285.755
 20
201.42
 10
286.421
 20
202.971
 10
287.273
 20
204.545
 97
0
 75
0
 76
1
 98
0
  0
HATCH
  5
F3
330
17
100
AcDbEntity
  8
RASTER
 62
7
100
AcDbHatch
 10
0.0
 20
0.0
 30
0.0
210
0.0
220
0.0
230
1.0
  2
SOLID
 70
1
 71
0
 91
1
 92
3
 72
0
 73
1
 93
16
 10
281.469
 20
175.49
 10
281.118
 20
173.9
 10
280.747
 20
172.308
 10
280.32
 20
170.728
 10
279.809
 20
169.178
 10
279.193
 20
167.67
 10
278.468
 20
166.214
 10
277.639
 20
164.814
 10
277.622
 20
164.823
 10
278.278
 20
166.313
 10
278.862
 20
167.834
 10
279.396
 20
169.372
 10
279.904
 20
170.915
 10
280.406
 20
172.452
 10
280.919
 20
173.98
 10
281.45
 20
175.497
 97
0
 75
0
 76
1
 98
0
  0
HATCH
  5
F4
330
17
100
AcDbEntity
  8
RASTER
 62
7
100
AcDbHatch
 10
0.0
 20
0.0
 30
0.0
210
0.0
220
0.0
230
1.0
  2
SOLID
 70
1
 71
0
 91
1
 92
3
 72
0
 73
1
 93
14
 10
264.83
 20
153.708
 10
263.826
 20
152.865
 10
262.714
 20
152.128
 10
261.536
 20
151.468
 10
260.346
 20
150.837
 10
259.198
 20
150.185
 10
258.137
 20
149.459
 10
258.123
 20
149.474
 10
259.075
 20
150.308
 10
260.14
 20
151.037
 10
261.296
 20
151.692
 10
262.501
 20
152.321
 10
263.695
 20
152.979
 10
264.815
 20
153.721
 97
0
 75
0
 76
1
 98
0
  0
HATCH
  5
F5
330
17
100
AcDbEntity
  8
RASTER
 62
7
100
AcDbHatch
 10
0.0
 20
0.0
 30
0.0
210
0.0
220
0.0
230
1.0
  2
SOLID
 70
1
 71
0
 91
1
 92
3
 72
0
 73
1
 93
32
 10
253.918
 20
138.36
 10
252.737
 20
137.242
 10
251.576
 20
136.079
 10
250.407
 20
134.906
 10
249.203
 20
133.764
 10
247.939
 20
132.698
 10
246.599
 20
131.744
 10
245.178
 20
130.924
 10
243.681
 20
130.243
 10
242.126
 20
129.69
 10
240.533
 20
129.234
 10
238.927
 20
128.832
 10
237.329
 20
128.44
 10
235.756
 20
128.015
 10
234.216
 20
127.526
 10
232.708
 20
126.958
 10
232.701
 20
126.977
 10
234.173
 20
127.637
 10
235.676
 20
128.213
 10
237.211
 20
128.716
 10
238.773
 20
129.173
 10
240.347
 20
129.624
 10
241.914
 20
130.113
 10
243.452
 20
130.681
 10
244.94
 20
131.356
 10
246.363
 20
132.154
 10
247.716
 20
133.069
 10
249.004
 20
134.081
 10
250.243
 20
135.157
 10
251.455
 20
136.256
 10
252.668
 20
137.339
 10
253.906
 20
138.376
 97
0
 75
0
 76
1
 98
0
  0
HATCH
  5
F6
330
17
100
AcDbEntity
  8
RASTER
 62
7
100
AcDbHatch
 10
0.0
 20
0.0
 30
0.0
210
0.0
220
0.0
230
1.0
  2
SOLID
 70
1
 71
0
 91
1
 92
3
 72
0
 73
1
 93
20
 10
225.75
 20
126.982
 10
224.383
 20
126.22
 10
222.91
 20
125.852
 10
221.353
 20
125.871
 10
219.762
 20
126.136
 10
218.188
 20
126.424
 10
216.665
 20
126.519
 10
215.197
 20
126.296
 10
213.763
 20
125.767
 10
212.332
 20
125.08
 10
212.33
 20
125.1
 10
213.746
 20
125.922
 10
215.16
 20
126.568
 10
216.61
 20
126.878
 10
218.118
 20
126.828
 10
219.684
 20
126.538
 10
221.277
 20
126.226
 10
222.848
 20
126.119
 10
224.345
 20
126.371
 10
225.745
 20
127.001
 97
0
 75
0
 76
1
 98
0
  0
HATCH
  5
F7
330
17
100
AcDbEntity
  8
RASTER
 62
7
100
AcDbHatch
 10
0.0
 20
0.0
 30
0.0
210
0.0
220
0.0
230
1.0
  2
SOLID
 70
1
 71
0
 91
1
 92
3
 72
0
 73
1
 93
22
 10
208.149
 20
121.136
 10
206.484
 20
121.455
 10
204.832
 20
121.8
 10
203.193
 20
122.069
 10
201.558
 20
122.189
 10
199.915
 20
122.137
 10
198.256
 20
121.947
 10
196.579
 20
121.698
 10
194.89
 20
121.496
 10
193.207
 20
121.444
 10
191.547
 20
121.617
 10
191.55
 20
121.637
 10
193.223
 20
121.562
 10
194.914
 20
121.701
 10
196.605
 20
121.974
 10
198.281
 20
122.268
 10
199.934
 20
122.474
 10
201.57
 20
122.51
 10
203.198
 20
122.345
 10
204.832
 20
122.007
 10
206.481
 20
121.573
 10
208.148
 20
121.156
 97
0
 75
0
 76
1
 98
0
  0
HATCH
  5
F8
330
17
100
AcDbEntity
  8
RASTER
 62
7
100
AcDbHatch
 10
0.0
 20
0.0
 30
0.0
210
0.0
220
0.0
230
1.0
  2
SOLID
 70
1
 71
0
 91
1
 92
3
 72
0
 73
1
 93
24
 10
185.909
 20
127.471
 10
184.512
 20
128.354
 10
183.144
 20
129.263
 10
181.758
 20
130.051
 10
180.314
 20
130.617
 10
178.786
 20
130.932
 10
177.176
 20
131.051
 10
175.517
 20
131.093
 10
173.863
 20
131.208
 10
172.279
 20
131.533
 10
170.818
 20
132.154
 10
169.504
 20
133.08
 10
169.513
 20
133.098
 10
170.865
 20
132.255
 10
172.358
 20
131.712
 10
173.965
 20
131.453
 10
175.633
 20
131.386
 10
177.296
 20
131.37
 10
178.899
 20
131.253
 10
180.413
 20
130.916
 10
181.836
 20
130.305
 10
183.197
 20
129.451
 10
184.541
 20
128.462
 10
185.913
 20
127.49
 97
0
 75
0
 76
1
 98
0
  0
HATCH
  5
F9
330
17
100
AcDbEntity
  8
RASTER
 62
7
100
AcDbHatch
 10
0.0
 20
0.0
 30
0.0
210
0.0
220
0.0
230
1.0
  2
SOLID
 70
1
 71
0
 91
1
 92
3
 72
0
 73
1
 93
22
 10
154.87
 20
135.96
 10
153.297
 20
136.674
 10
151.818
 20
137.533
 10
150.461
 20
138.556
 10
149.238
 20
139.739
 10
148.144
 20
141.062
 10
147.157
 20
142.485
 10
146.24
 20
143.96
 10
145.351
 20
145.437
 10
144.441
 20
146.873
 10
143.471
 20
148.235
 10
143.486
 20
148.248
 10
144.542
 20
146.97
 10
145.526
 20
145.613
 10
146.472
 20
144.201
 10
147.421
 20
142.771
 10
148.415
 20
141.367
 10
149.491
 20
140.036
 10
150.673
 20
138.814
 10
151.972
 20
137.728
 10
153.381
 20
136.786
 10
154.882
 20
135.976
 97
0
 75
0
 76
1
 98
0
  0
HATCH
  5
FA
330
17
100
AcDbEntity
  8
RASTER
 62
7
100
AcDbHatch
 10
0.0
 20
0.0
 30
0.0
210
0.0
220
0.0
230
1.0
  2
SOLID
 70
1
 71
0
 91
1
 92
3
 72
0
 73
1
 93
24
 10
141.892
 20
152.682
 10
140.763
 20
153.79
 10
139.495
 20
154.801
 10
138.187
 20
155.802
 10
136.969
 20
156.889
 10
135.951
 20
158.127
 10
135.18
 20
159.533
 10
134.621
 20
161.066
 10
134.167
 20
162.646
 10
133.682
 20
164.19
 10
133.053
 20
165.64
 10
132.233
 20
166.985
 10
132.251
 20
166.994
 10
133.163
 20
165.7
 10
133.875
 20
164.3
 10
134.427
 20
162.801
 10
134.926
 20
161.256
 10
135.507
 20
159.746
 10
136.274
 20
158.346
 10
137.263
 20
157.096
 10
138.431
 20
155.982
 10
139.671
 20
154.936
 10
140.861
 20
153.868
 10
141.907
 20
152.694
 97
0
 75
0
 76
1
 98
0
  0
HATCH
  5
FB
330
17
100
AcDbEntity
  8
RASTER
 62
7
100
AcDbHatch
 10
0.0
 20
0.0
 30
0.0
210
0.0
220
0.0
230
1.0
  2
SOLID
 70
1
 71
0
 91
1
 92
3
 72
0
 73
1
 93
34
 10
124.479
 20
183.307
 10
123.978
 20
184.87
 10
123.354
 20
186.41
 10
122.635
 20
187.942
 10
121.866
 20
189.48
 10
121.105
 20
191.039
 10
120.412
 20
192.628
 10
119.845
 20
194.251
 10
119.45
 20
195.906
 10
119.255
 20
197.586
 10
119.267
 20
199.281
 10
119.469
 20
200.98
 10
119.825
 20
202.671
 10
120.283
 20
204.348
 10
120.782
 20
206.005
 10
121.261
 20
207.644
 10
121.666
 20
209.271
 10
121.686
 20
209.27
 10
121.362
 20
207.641
 10
120.961
 20
206.002
 10
120.534
 20
204.348
 10
120.139
 20
202.679
 10
119.834
 20
200.995
 10
119.67
 20
199.306
 10
119.681
 20
197.621
 10
119.884
 20
195.95
 10
120.27
 20
194.303
 10
120.812
 20
192.685
 10
121.465
 20
191.098
 10
122.175
 20
189.537
 10
122.881
 20
187.992
 10
123.528
 20
186.449
 10
124.076
 20
184.894
 10
124.498
 20
183.312
 97
0
 75
0
 76
1
 98
0
  0
HATCH
  5
FC
330
17
100
AcDbEntity
  8
RASTER
 62
7
100
AcDbHatch
 10
0.0
 20
0.0
 30
0.0
210
0.0
220
0.0
230
1.0
  2
SOLID
 70
1
 71
0
 91
1
 92
3
 72
0
 73
1
 93
16
 10
125.607
 20
214.665
 10
126.105
 20
216.215
 10
126.891
 20
217.706
 10
127.809
 20
219.15
 10
128.681
 20
220.578
 10
129.355
 20
222.028
 10
129.743
 20
223.537
 10
129.85
 20
225.122
 10
129.869
 20
225.117
 10
129.927
 20
223.49
 10
129.672
 20
221.955
 10
129.074
 20
220.495
 10
128.203
 20
219.075
 10
127.212
 20
217.652
 10
126.293
 20
216.187
 10
125.626
 20
214.662
 97
0
 75
0
 76
1
 98
0
  0
HATCH
  5
FD
330
17
100
AcDbEntity
  8
RASTER
 62
7
100
AcDbHatch
 10
0.0
 20
0.0
 30
0.0
210
0.0
220
0.0
230
1.0
  2
SOLID
 70
1
 71
0
 91
1
 92
3
 72
0
 73
1
 93
28
 10
130.099
 20
236.87
 10
130.967
 20
238.255
 10
131.819
 20
239.637
 10
132.642
 20
241.027
 10
133.425
 20
242.433
 10
134.167
 20
243.861
 10
134.87
 20
245.313
 10
135.546
 20
246.788
 10
136.208
 20
248.28
 10
136.876
 20
249.781
 10
137.568
 20
251.278
 10
138.305
 20
252.756
 10
139.105
 20
254.201
 10
139.982
 20
255.596
 10
139.998
 20
255.584
 10
139.184
 20
254.142
 10
138.444
 20
252.655
 10
137.762
 20
251.143
 10
137.116
 20
249.621
 10
136.483
 20
248.106
 10
135.84
 20
246.609
 10
135.168
 20
245.14
 10
134.451
 20
243.703
 10
133.68
 20
242.298
 10
132.853
 20
240.921
 10
131.974
 20
239.563
 10
131.056
 20
238.214
 10
130.118
 20
236.862
 97
0
 75
0
 76
1
 98
0
  0
HATCH
  5
FE
330
17
100
AcDbEntity
  8
RASTER
 62
7
100
AcDbHatch
 10
0.0
 20
0.0
 30
0.0
210
0.0
220
0.0
230
1.0
  2
SOLID
 70
1
 71
0
 91
1
 92
3
 72
0
 73
1
 93
32
 10
146.521
 20
257.998
 10
147.047
 20
259.575
 10
147.43
 20
261.331
 10
147.955
 20
262.993
 10
148.846
 20
264.31
 10
150.172
 20
265.165
 10
151.823
 20
265.629
 10
153.565
 20
265.941
 10
155.146
 20
266.401
 10
156.405
 20
267.239
 10
157.336
 20
268.513
 10
158.085
 20
270.073
 10
158.879
 20
271.625
 10
159.919
 20
272.859
 10
161.301
 20
273.582
 10
162.975
 20
273.81
 10
162.986
 20
273.793
 10
161.366
 20
273.478
 10
160.04
 20
272.674
 10
159.053
 20
271.369
 10
158.309
 20
269.758
 10
157.602
 20
268.154
 10
156.703
 20
266.852
 10
155.465
 20
266.003
 10
153.892
 20
265.549
 10
152.143
 20
265.26
 10
150.471
 20
264.833
 10
149.11
 20
264.028
 10
148.171
 20
262.771
 10
147.586
 20
261.176
 10
147.135
 20
259.49
 10
146.535
 20
257.984
 97
0
 75
0
 76
1
 98
0
  0
HATCH
  5
FF
330
17
100
AcDbEntity
  8
RASTER
 62
7
100
AcDbHatch
 10
0.0
 20
0.0
 30
0.0
210
0.0
220
0.0
230
1.0
  2
SOLID
 70
1
 71
0
 91
1
 92
3
 72
0
 73
1
 93
22
 10
171.489
 20
276.438
 10
172.826
 20
277.345
 10
174.251
 20
278.071
 10
175.761
 20
278.593
 10
177.332
 20
278.94
 10
178.931
 20
279.181
 10
180.523
 20
279.405
 10
182.083
 20
279.695
 10
183.605
 20
280.1
 10
185.095
 20
280.621
 10
186.575
 20
281.214
 10
186.579
 20
281.194
 10
185.138
 20
280.457
 10
183.687
 20
279.806
 10
182.202
 20
279.3
 10
180.671
 20
278.947
 10
179.096
 20
278.703
 10
177.498
 20
278.488
 10
175.911
 20
278.209
 10
174.368
 20
277.789
 10
172.894
 20
277.189
 10
171.498
 20
276.42
 97
0
 75
0
 76
1
 98
0
  0
HATCH
  5
100
330
17
100
AcDbEntity
  8
RASTER
 62
7
100
AcDbHatch
 10
0.0
 20
0.0
 30
0.0
210
0.0
220
0.0
230
1.0
  2
SOLID
 70
1
 71
0
 91
1
 92
3
 72
0
 73
1
 93
32
 10
194.557
 20
286.282
 10
196.079
 20
286.985
 10
197.617
 20
287.744
 10
199.183
 20
288.437
 10
200.781
 20
288.953
 10
202.402
 20
289.206
 10
204.034
 20
289.16
 10
205.66
 20
288.833
 10
207.267
 20
288.292
 10
208.85
 20
287.642
 10
210.412
 20
287.004
 10
211.964
 20
286.487
 10
213.523
 20
286.167
 10
215.105
 20
286.071
 10
216.721
 20
286.175
 10
218.371
 20
286.404
 10
218.368
 20
286.384
 10
216.706
 20
286.077
 10
215.083
 20
285.898
 10
213.497
 20
285.925
 10
211.937
 20
286.185
 10
210.387
 20
286.656
 10
208.831
 20
287.261
 10
207.255
 20
287.893
 10
205.655
 20
288.434
 10
204.036
 20
288.779
 10
202.411
 20
288.857
 10
200.794
 20
288.651
 10
199.199
 20
288.194
 10
197.632
 20
287.569
 10
196.089
 20
286.887
 10
194.56
 20
286.262
 97
0
 75
0
 76
1
 98
0
  0
HATCH
  5
101
330
17
100
AcDbEntity
  8
RASTER
 62
7
100
AcDbHatch
 10
0.0
 20
0.0
 30
0.0
210
0.0
220
0.0
230
1.0
  2
SOLID
 70
1
 71
0
 91
1
 92
3
 72
0
 73
1
 93
16
 10
235.345
 20
280.113
 10
236.789
 20
279.435
 10
238.186
 20
278.662
 10
239.537
 20
277.801
 10
240.843
 20
276.868
 10
242.112
 20
275.886
 10
243.356
 20
274.881
 10
244.591
 20
273.882
 10
244.581
 20
273.865
 10
243.272
 20
274.728
 10
241.973
 20
275.622
 10
240.679
 20
276.541
 10
239.379
 20
277.471
 10
238.064
 20
278.391
 10
236.72
 20
279.275
 10
235.338
 20
280.095
 97
0
 75
0
 76
1
 98
0
  0
HATCH
  5
102
330
17
100
AcDbEntity
  8
RASTER
 62
7
100
AcDbHatch
 10
0.0
 20
0.0
 30
0.0
210
0.0
220
0.0
230
1.0
  2
SOLID
 70
1
 71
0
 91
1
 92
3
 72
0
 73
1
 93
28
 10
261.174
 20
267.675
 10
262.725
 20
266.81
 10
264.159
 20
265.801
 10
265.444
 20
264.628
 10
266.567
 20
263.297
 10
267.535
 20
261.83
 10
268.375
 20
260.266
 10
269.132
 20
258.654
 10
269.861
 20
257.043
 10
270.616
 20
255.474
 10
271.446
 20
253.979
 10
272.381
 20
252.57
 10
273.433
 20
251.242
 10
274.59
 20
249.976
 10
274.573
 20
249.965
 10
273.327
 20
251.17
 10
272.192
 20
252.436
 10
271.187
 20
253.788
 10
270.304
 20
255.234
 10
269.514
 20
256.764
 10
268.771
 20
258.351
 10
268.02
 20
259.956
 10
267.205
 20
261.53
 10
266.281
 20
263.026
 10
265.215
 20
264.402
 10
263.998
 20
265.635
 10
262.637
 20
266.716
 10
261.16
 20
267.66
 97
0
 75
0
 76
1
 98
0
  0
HATCH
  5
103
330
17
100
AcDbEntity
  8
RASTER
 62
7
100
AcDbHatch
 10
0.0
 20
0.0
 30
0.0
210
0.0
220
0.0
230
1.0
  2
SOLID
 70
1
 71
0
 91
1
 92
3
 72
0
 73
1
 93
18
 10
281.07
 20
233.41
 10
281.464
 20
231.862
 10
281.707
 20
230.27
 10
281.881
 20
228.668
 10
282.075
 20
227.084
 10
282.362
 20
225.535
 10
282.78
 20
224.023
 10
283.317
 20
222.538
 10
283.919
 20
221.058
 10
283.9
 20
221.054
 10
283.126
 20
222.494
 10
282.444
 20
223.94
 10
281.933
 20
225.419
 10
281.614
 20
226.95
 10
281.456
 20
228.536
 10
281.38
 20
230.161
 10
281.279
 20
231.796
 10
281.051
 20
233.403
 97
0
 75
0
 76
1
 98
0
  0
HATCH
  5
104
330
17
100
AcDbEntity
  8
RASTER
 62
7
100
AcDbHatch
 10
0.0
 20
0.0
 30
0.0
210
0.0
220
0.0
230
1.0
  2
SOLID
 70
1
 71
0
 91
1
 92
3
 72
0
 73
1
 93
20
 10
251.396
 20
283.025
 10
252.879
 20
282.38
 10
254.373
 20
281.738
 10
255.868
 20
281.08
 10
257.35
 20
280.386
 10
258.806
 20
279.638
 10
260.221
 20
278.823
 10
261.586
 20
277.931
 10
262.891
 20
276.958
 10
264.133
 20
275.905
 10
264.121
 20
275.89
 10
262.805
 20
276.851
 10
261.439
 20
277.741
 10
260.032
 20
278.569
 10
258.597
 20
279.349
 10
257.146
 20
280.093
 10
255.692
 20
280.817
 10
254.243
 20
281.536
 10
252.806
 20
282.263
 10
251.386
 20
283.008
 97
0
 75
0
 76
1
 98
0
  0
HATCH
  5
105
330
17
100
AcDbEntity
  8
RASTER
 62
7
100
AcDbHatch
 10
0.0
 20
0.0
 30
0.0
210
0.0
220
0.0
230
1.0
  2
SOLID
 70
1
 71
0
 91
1
 92
3
 72
0
 73
1
 93
16
 10
268.563
 20
264.561
 10
269.827
 20
263.523
 10
271.232
 20
262.596
 10
272.722
 20
261.718
 10
274.219
 20
260.818
 10
275.639
 20
259.83
 10
276.902
 20
258.702
 10
277.956
 20
257.407
 10
277.94
 20
257.395
 10
276.777
 20
258.608
 10
275.429
 20
259.667
 10
273.966
 20
260.614
 10
272.472
 20
261.509
 10
271.032
 20
262.422
 10
269.711
 20
263.419
 10
268.548
 20
264.548
 97
0
 75
0
 76
1
 98
0
  0
HATCH
  5
106
330
17
100
AcDbEntity
  8
RASTER
 62
7
100
AcDbHatch
 10
0.0
 20
0.0
 30
0.0
210
0.0
220
0.0
230
1.0
  2
SOLID
 70
1
 71
0
 91
1
 92
3
 72
0
 73
1
 93
34
 10
280.03
 20
249.801
 10
280.407
 20
248.177
 10
281.106
 20
246.75
 10
282.175
 20
245.521
 10
283.526
 20
244.419
 10
284.962
 20
243.33
 10
286.243
 20
242.136
 10
287.168
 20
240.76
 10
287.643
 20
239.186
 10
287.716
 20
237.459
 10
287.563
 20
235.67
 10
287.429
 20
233.917
 10
287.543
 20
232.274
 10
288.041
 20
230.767
 10
288.919
 20
229.37
 10
290.029
 20
228.02
 10
291.135
 20
226.642
 10
291.116
 20
226.637
 10
289.934
 20
227.994
 10
288.752
 20
229.321
 10
287.809
 20
230.694
 10
287.254
 20
232.177
 10
287.095
 20
233.799
 10
287.196
 20
235.533
 10
287.33
 20
237.307
 10
287.252
 20
239.024
 10
286.788
 20
240.594
 10
285.887
 20
241.973
 10
284.642
 20
243.176
 10
283.254
 20
244.282
 10
281.96
 20
245.407
 10
280.954
 20
246.666
 10
280.322
 20
248.127
 10
280.013
 20
249.791
 97
0
 75
0
 76
1
 98
0
  0
HATCH
  5
107
330
17
100
AcDbEntity
  8
RASTER
 62
7
100
AcDbHatch
 10
0.0
 20
0.0
 30
0.0
210
0.0
220
0.0
230
1.0
  2
SOLID
 70
1
 71
0
 91
1
 92
3
 72
0
 73
1
 93
24
 10
289.31
 20
217.257
 10
289.852
 20
215.759
 10
290.439
 20
214.254
 10
291.018
 20
212.732
 10
291.531
 20
211.19
 10
291.927
 20
209.627
 10
292.164
 20
208.047
 10
292.218
 20
206.456
 10
292.089
 20
204.864
 10
291.794
 20
203.28
 10
291.371
 20
201.709
 10
290.873
 20
200.156
 10
290.853
 20
200.158
 10
291.237
 20
201.714
 10
291.554
 20
203.283
 10
291.762
 20
204.863
 10
291.829
 20
206.448
 10
291.742
 20
208.03
 10
291.506
 20
209.603
 10
291.143
 20
211.161
 10
290.692
 20
212.702
 10
290.201
 20
214.227
 10
289.718
 20
215.741
 10
289.29
 20
217.254
 97
0
 75
0
 76
1
 98
0
  0
HATCH
  5
108
330
17
100
AcDbEntity
  8
RASTER
 62
7
100
AcDbHatch
 10
0.0
 20
0.0
 30
0.0
210
0.0
220
0.0
230
1.0
  2
SOLID
 70
1
 71
0
 91
1
 92
3
 72
0
 73
1
 93
22
 10
293.437
 20
194.112
 10
293.354
 20
192.576
 10
293.093
 20
191.064
 10
292.666
 20
189.581
 10
292.115
 20
188.127
 10
291.496
 20
186.697
 10
290.872
 20
185.28
 10
290.299
 20
183.86
 10
289.816
 20
182.425
 10
289.439
 20
180.964
 10
289.158
 20
179.473
 10
289.139
 20
179.479
 10
289.284
 20
181.007
 10
289.538
 20
182.497
 10
289.922
 20
183.951
 10
290.431
 20
185.379
 10
291.032
 20
186.793
 10
291.672
 20
188.211
 10
292.285
 20
189.646
 10
292.809
 20
191.108
 10
293.195
 20
192.598
 10
293.417
 20
194.114
 97
0
 75
0
 76
1
 98
0
  0
HATCH
  5
109
330
17
100
AcDbEntity
  8
RASTER
 62
7
100
AcDbHatch
 10
0.0
 20
0.0
 30
0.0
210
0.0
220
0.0
230
1.0
  2
SOLID
 70
1
 71
0
 91
1
 92
3
 72
0
 73
1
 93
16
 10
285.635
 20
171.751
 10
284.912
 20
170.322
 10
284.107
 20
168.936
 10
283.239
 20
167.585
 10
282.339
 20
166.259
 10
281.435
 20
164.944
 10
280.559
 20
163.622
 10
279.731
 20
162.279
 10
279.714
 20
162.289
 10
280.357
 20
163.731
 10
281.082
 20
165.126
 10
281.899
 20
166.476
 10
282.796
 20
167.794
 10
283.744
 20
169.099
 10
284.702
 20
170.413
 10
285.616
 20
171.758
 97
0
 75
0
 76
1
 98
0
  0
HATCH
  5
10A
330
17
100
AcDbEntity
  8
RASTER
 62
7
100
AcDbHatch
 10
0.0
 20
0.0
 30
0.0
210
0.0
220
0.0
230
1.0
  2
SOLID
 70
1
 71
0
 91
1
 92
3
 72
0
 73
1
 93
14
 10
274.009
 20
152.545
 10
273.406
 20
151.456
 10
272.716
 20
150.43
 10
271.928
 20
149.48
 10
271.041
 20
148.613
 10
270.069
 20
147.825
 10
269.031
 20
147.104
 10
269.016
 20
147.118
 10
269.939
 20
147.938
 10
270.825
 20
148.795
 10
271.677
 20
149.685
 10
272.495
 20
150.606
 10
273.271
 20
151.561
 10
273.993
 20
152.557
 97
0
 75
0
 76
1
 98
0
  0
HATCH
  5
10B
330
17
100
AcDbEntity
  8
RASTER
 62
7
100
AcDbHatch
 10
0.0
 20
0.0
 30
0.0
210
0.0
220
0.0
230
1.0
  2
SOLID
 70
1
 71
0
 91
1
 92
3
 72
0
 73
1
 93
20
 10
260.199
 20
137.192
 10
259.157
 20
135.893
 10
258.084
 20
134.612
 10
256.944
 20
133.399
 10
255.712
 20
132.297
 10
254.376
 20
131.335
 10
252.94
 20
130.524
 10
251.423
 20
129.85
 10
249.852
 20
129.281
 10
248.262
 20
128.771
 10
248.252
 20
128.788
 10
249.758
 20
129.439
 10
251.249
 20
130.127
 10
252.703
 20
130.887
 10
254.1
 20
131.741
 10
255.429
 20
132.698
 10
256.687
 20
133.749
 10
257.885
 20
134.872
 10
259.043
 20
136.036
 10
260.186
 20
137.207
 97
0
 75
0
 76
1
 98
0
  0
HATCH
  5
10C
330
17
100
AcDbEntity
  8
RASTER
 62
7
100
AcDbHatch
 10
0.0
 20
0.0
 30
0.0
210
0.0
220
0.0
230
1.0
  2
SOLID
 70
1
 71
0
 91
1
 92
3
 72
0
 73
1
 93
30
 10
239.391
 20
120.103
 10
237.972
 20
119.139
 10
236.54
 20
118.169
 10
235.077
 20
117.242
 10
233.569
 20
116.405
 10
232.009
 20
115.697
 10
230.396
 20
115.147
 10
228.734
 20
114.763
 10
227.036
 20
114.538
 10
225.314
 20
114.445
 10
223.584
 20
114.447
 10
221.858
 20
114.495
 10
220.147
 20
114.539
 10
218.455
 20
114.535
 10
216.783
 20
114.448
 10
216.781
 20
114.468
 10
218.439
 20
114.639
 10
220.115
 20
114.723
 10
221.809
 20
114.75
 10
223.518
 20
114.762
 10
225.232
 20
114.803
 10
226.941
 20
114.922
 10
228.629
 20
115.155
 10
230.286
 20
115.527
 10
231.901
 20
116.049
 10
233.469
 20
116.71
 10
234.991
 20
117.488
 10
236.475
 20
118.345
 10
237.933
 20
119.237
 10
239.383
 20
120.122
 97
0
 75
0
 76
1
 98
0
  0
HATCH
  5
10D
330
17
100
AcDbEntity
  8
RASTER
 62
7
100
AcDbHatch
 10
0.0
 20
0.0
 30
0.0
210
0.0
220
0.0
230
1.0
  2
SOLID
 70
1
 71
0
 91
1
 92
3
 72
0
 73
1
 93
14
 10
203.832
 20
117.597
 10
202.459
 20
117.818
 10
201.081
 20
117.777
 10
199.686
 20
117.498
 10
198.271
 20
117.088
 10
196.842
 20
116.701
 10
195.415
 20
116.495
 10
195.417
 20
116.515
 10
196.858
 20
116.89
 10
198.294
 20
117.401
 10
199.707
 20
117.857
 10
201.094
 20
118.091
 10
202.464
 20
118.008
 10
203.832
 20
117.617
 97
0
 75
0
 76
1
 98
0
  0
HATCH
  5
10E
330
17
100
AcDbEntity
  8
RASTER
 62
7
100
AcDbHatch
 10
0.0
 20
0.0
 30
0.0
210
0.0
220
0.0
230
1.0
  2
SOLID
 70
1
 71
0
 91
1
 92
3
 72
0
 73
1
 93
18
 10
181.419
 20
118.341
 10
180.034
 20
119.073
 10
178.652
 20
119.777
 10
177.25
 20
120.389
 10
175.809
 20
120.873
 10
174.322
 20
121.231
 10
172.795
 20
121.5
 10
171.246
 20
121.743
 10
169.706
 20
122.039
 10
169.714
 20
122.057
 10
171.299
 20
121.874
 10
172.882
 20
121.727
 10
174.429
 20
121.524
 10
175.919
 20
121.191
 10
177.347
 20
120.686
 10
178.724
 20
120.01
 10
180.073
 20
119.208
 10
181.424
 20
118.361
 97
0
 75
0
 76
1
 98
0
  0
HATCH
  5
10F
330
17
100
AcDbEntity
  8
RASTER
 62
7
100
AcDbHatch
 10
0.0
 20
0.0
 30
0.0
210
0.0
220
0.0
230
1.0
  2
SOLID
 70
1
 71
0
 91
1
 92
3
 72
0
 73
1
 93
22
 10
158.802
 20
132.268
 10
157.006
 20
132.468
 10
155.19
 20
132.693
 10
153.518
 20
133.174
 10
152.118
 20
134.056
 10
151.03
 20
135.35
 10
150.193
 20
136.935
 10
149.459
 20
138.601
 10
148.645
 20
140.128
 10
147.597
 20
141.362
 10
146.252
 20
142.267
 10
146.266
 20
142.281
 10
147.679
 20
141.453
 10
148.785
 20
140.29
 10
149.643
 20
138.821
 10
150.402
 20
137.195
 10
151.244
 20
135.626
 10
152.316
 20
134.323
 10
153.685
 20
133.407
 10
155.311
 20
132.869
 10
157.073
 20
132.57
 10
158.813
 20
132.285
 97
0
 75
0
 76
1
 98
0
  0
HATCH
  5
110
330
17
100
AcDbEntity
  8
RASTER
 62
7
100
AcDbHatch
 10
0.0
 20
0.0
 30
0.0
210
0.0
220
0.0
230
1.0
  2
SOLID
 70
1
 71
0
 91
1
 92
3
 72
0
 73
1
 93
26
 10
134.942
 20
148.648
 10
134.014
 20
149.894
 10
133.062
 20
151.122
 10
132.085
 20
152.333
 10
131.088
 20
153.533
 10
130.076
 20
154.73
 10
129.062
 20
155.932
 10
128.059
 20
157.149
 10
127.083
 20
158.391
 10
126.15
 20
159.665
 10
125.273
 20
160.978
 10
124.466
 20
162.332
 10
123.736
 20
163.729
 10
123.754
 20
163.738
 10
124.56
 20
162.382
 10
125.437
 20
161.068
 10
126.372
 20
159.792
 10
127.349
 20
158.549
 10
128.35
 20
157.329
 10
129.359
 20
156.124
 10
130.361
 20
154.92
 10
131.342
 20
153.71
 10
132.293
 20
152.483
 10
133.211
 20
151.234
 10
134.098
 20
149.959
 10
134.958
 20
148.66
 97
0
 75
0
 76
1
 98
0
  0
HATCH
  5
111
330
17
100
AcDbEntity
  8
RASTER
 62
7
100
AcDbHatch
 10
0.0
 20
0.0
 30
0.0
210
0.0
220
0.0
230
1.0
  2
SOLID
 70
1
 71
0
 91
1
 92
3
 72
0
 73
1
 93
22
 10
125.229
 20
171.488
 10
124.809
 20
172.936
 10
124.252
 20
174.328
 10
123.553
 20
175.669
 10
122.743
 20
176.981
 10
121.884
 20
178.291
 10
121.059
 20
179.625
 10
120.35
 20
181.007
 10
119.823
 20
182.448
 10
119.514
 20
183.947
 10
119.417
 20
185.491
 10
119.436
 20
185.496
 10
119.658
 20
183.982
 10
120.079
 20
182.515
 10
120.692
 20
181.103
 10
121.456
 20
179.744
 10
122.299
 20
178.423
 10
123.135
 20
177.114
 10
123.887
 20
175.789
 10
124.499
 20
174.421
 10
124.946
 20
172.991
 10
125.248
 20
171.495
 97
0
 75
0
 76
1
 98
0
  0
HATCH
  5
112
330
17
100
AcDbEntity
  8
RASTER
 62
7
100
AcDbHatch
 10
0.0
 20
0.0
 30
0.0
210
0.0
220
0.0
230
1.0
  2
SOLID
 70
1
 71
0
 91
1
 92
3
 72
0
 73
1
 93
20
 10
117.307
 20
201.799
 10
117.313
 20
203.346
 10
117.428
 20
204.891
 10
117.644
 20
206.43
 10
117.948
 20
207.96
 10
118.322
 20
209.477
 10
118.743
 20
210.98
 10
119.186
 20
212.47
 10
119.626
 20
213.95
 10
120.039
 20
215.423
 10
120.059
 20
215.42
 10
119.753
 20
213.936
 10
119.408
 20
212.45
 10
119.036
 20
210.958
 10
118.653
 20
209.458
 10
118.279
 20
207.947
 10
117.937
 20
206.424
 10
117.651
 20
204.89
 10
117.441
 20
203.347
 10
117.327
 20
201.799
 97
0
 75
0
 76
1
 98
0
  0
HATCH
  5
113
330
17
100
AcDbEntity
  8
RASTER
 62
7
100
AcDbHatch
 10
0.0
 20
0.0
 30
0.0
210
0.0
220
0.0
230
1.0
  2
SOLID
 70
1
 71
0
 91
1
 92
3
 72
0
 73
1
 93
34
 10
115.547
 20
221.059
 10
115.812
 20
222.629
 10
116.296
 20
224.154
 10
116.971
 20
225.627
 10
117.783
 20
227.053
 10
118.664
 20
228.445
 10
119.542
 20
229.82
 10
120.349
 20
231.201
 10
121.034
 20
232.61
 10
121.568
 20
234.064
 10
121.951
 20
235.574
 10
122.208
 20
237.14
 10
122.389
 20
238.751
 10
122.557
 20
240.385
 10
122.78
 20
242.012
 10
123.124
 20
243.601
 10
123.636
 20
245.12
 10
123.654
 20
245.111
 10
123.216
 20
243.557
 10
122.945
 20
241.937
 10
122.789
 20
240.284
 10
122.682
 20
238.63
 10
122.552
 20
237.005
 10
122.333
 20
235.431
 10
121.975
 20
233.92
 10
121.451
 20
232.47
 10
120.761
 20
231.071
 10
119.933
 20
229.705
 10
119.02
 20
228.347
 10
118.089
 20
226.974
 10
117.217
 20
225.568
 10
116.473
 20
224.115
 10
115.912
 20
222.609
 10
115.567
 20
221.055
 97
0
 75
0
 76
1
 98
0
  0
HATCH
  5
114
330
17
100
AcDbEntity
  8
RASTER
 62
7
100
AcDbHatch
 10
0.0
 20
0.0
 30
0.0
210
0.0
220
0.0
230
1.0
  2
SOLID
 70
1
 71
0
 91
1
 92
3
 72
0
 73
1
 93
28
 10
132.35
 20
258.05
 10
133.203
 20
259.454
 10
134.097
 20
260.835
 10
135.037
 20
262.184
 10
136.029
 20
263.495
 10
137.074
 20
264.764
 10
138.174
 20
265.985
 10
139.327
 20
267.157
 10
140.529
 20
268.28
 10
141.774
 20
269.354
 10
143.057
 20
270.383
 10
144.368
 20
271.374
 10
145.701
 20
272.332
 10
147.048
 20
273.264
 10
147.061
 20
273.249
 10
145.769
 20
272.254
 10
144.49
 20
271.239
 10
143.228
 20
270.201
 10
141.988
 20
269.134
 10
140.774
 20
268.037
 10
139.591
 20
266.905
 10
138.443
 20
265.738
 10
137.332
 20
264.535
 10
136.261
 20
263.296
 10
135.23
 20
262.024
 10
134.238
 20
260.721
 10
133.285
 20
259.391
 10
132.366
 20
258.038
 97
0
 75
0
 76
1
 98
0
  0
HATCH
  5
115
330
17
100
AcDbEntity
  8
RASTER
 62
7
100
AcDbHatch
 10
0.0
 20
0.0
 30
0.0
210
0.0
220
0.0
230
1.0
  2
SOLID
 70
1
 71
0
 91
1
 92
3
 72
0
 73
1
 93
32
 10
158.862
 20
284.925
 10
160.286
 20
285.827
 10
161.833
 20
286.502
 10
163.476
 20
286.975
 10
165.173
 20
287.308
 10
166.879
 20
287.586
 10
168.55
 20
287.901
 10
170.158
 20
288.332
 10
171.694
 20
288.929
 10
173.165
 20
289.699
 10
174.597
 20
290.605
 10
176.022
 20
291.577
 10
177.474
 20
292.519
 10
178.98
 20
293.336
 10
180.555
 20
293.95
 10
182.198
 20
294.318
 10
182.203
 20
294.298
 10
180.582
 20
293.849
 10
179.031
 20
293.159
 10
177.55
 20
292.273
 10
176.122
 20
291.272
 10
174.719
 20
290.255
 10
173.306
 20
289.319
 10
171.848
 20
288.535
 10
170.319
 20
287.941
 10
168.711
 20
287.529
 10
167.032
 20
287.248
 10
165.312
 20
287.018
 10
163.591
 20
286.745
 10
161.918
 20
286.339
 10
160.336
 20
285.735
 10
158.872
 20
284.907
 97
0
 75
0
 76
1
 98
0
  0
HATCH
  5
116
330
17
100
AcDbEntity
  8
RASTER
 62
7
100
AcDbHatch
 10
0.0
 20
0.0
 30
0.0
210
0.0
220
0.0
230
1.0
  2
SOLID
 70
1
 71
0
 91
1
 92
3
 72
0
 73
1
 93
34
 10
194.035
 20
291.916
 10
195.565
 20
292.48
 10
197.119
 20
292.937
 10
198.694
 20
293.257
 10
200.284
 20
293.42
 10
201.882
 20
293.42
 10
203.481
 20
293.266
 10
205.072
 20
292.979
 10
206.652
 20
292.591
 10
208.216
 20
292.143
 10
209.765
 20
291.676
 10
211.302
 20
291.233
 10
212.834
 20
290.848
 10
214.366
 20
290.545
 10
215.906
 20
290.337
 10
217.459
 20
290.224
 10
219.031
 20
290.19
 10
219.028
 20
290.171
 10
217.444
 20
290.124
 10
215.882
 20
290.16
 10
214.337
 20
290.295
 10
212.804
 20
290.535
 10
211.274
 20
290.868
 10
209.741
 20
291.273
 10
208.198
 20
291.715
 10
206.642
 20
292.155
 10
205.07
 20
292.55
 10
203.486
 20
292.861
 10
201.894
 20
293.054
 10
200.299
 20
293.106
 10
198.711
 20
293.006
 10
197.134
 20
292.758
 10
195.576
 20
292.379
 10
194.037
 20
291.896
 97
0
 75
0
 76
1
 98
0
  0
HATCH
  5
117
330
17
100
AcDbEntity
  8
RASTER
 62
7
100
AcDbHatch
 10
0.0
 20
0.0
 30
0.0
210
0.0
220
0.0
230
1.0
  2
SOLID
 70
1
 71
0
 91
1
 92
3
 72
0
 73
1
 93
18
 10
234.188
 20
288.229
 10
235.708
 20
287.678
 10
237.182
 20
287.012
 10
238.614
 20
286.25
 10
240.01
 20
285.421
 10
241.384
 20
284.561
 10
242.751
 20
283.706
 10
244.129
 20
282.884
 10
245.528
 20
282.112
 10
245.519
 20
282.095
 10
244.047
 20
282.721
 10
242.613
 20
283.418
 10
241.212
 20
284.188
 10
239.832
 20
285.015
 10
238.456
 20
285.871
 10
237.065
 20
286.716
 10
235.644
 20
287.508
 10
234.182
 20
288.21
 97
0
 75
0
 76
1
 98
0
  0
HATCH
  5
118
330
17
100
AcDbEntity
  8
RASTER
 62
7
100
AcDbHatch
 10
0.0
 20
0.0
 30
0.0
210
0.0
220
0.0
230
1.0
  2
SOLID
 70
1
 71
0
 91
1
 92
3
 72
0
 73
1
 93
14
 10
244.477
 20
291.358
 10
245.657
 20
290.669
 10
246.803
 20
289.916
 10
247.907
 20
289.093
 10
248.97
 20
288.206
 10
249.999
 20
287.274
 10
251.01
 20
286.328
 10
251.0
 20
286.31
 10
249.881
 20
287.058
 10
248.777
 20
287.842
 10
247.692
 20
288.673
 10
246.621
 20
289.547
 10
245.551
 20
290.447
 10
244.468
 20
291.34
 97
0
 75
0
 76
1
 98
0
  0
HATCH
  5
119
330
17
100
AcDbEntity
  8
RASTER
 62
7
100
AcDbHatch
 10
0.0
 20
0.0
 30
0.0
210
0.0
220
0.0
230
1.0
  2
SOLID
 70
1
 71
0
 91
1
 92
3
 72
0
 73
1
 93
16
 10
261.252
 20
284.882
 10
262.374
 20
283.673
 10
263.449
 20
282.419
 10
264.498
 20
281.149
 10
265.543
 20
279.894
 10
266.611
 20
278.682
 10
267.725
 20
277.536
 10
268.905
 20
276.471
 10
268.891
 20
276.456
 10
267.593
 20
277.383
 10
266.387
 20
278.415
 10
265.273
 20
279.56
 10
264.233
 20
280.811
 10
263.239
 20
282.141
 10
262.255
 20
283.51
 10
261.24
 20
284.865
 97
0
 75
0
 76
1
 98
0
  0
HATCH
  5
11A
330
17
100
AcDbEntity
  8
RASTER
 62
7
100
AcDbHatch
 10
0.0
 20
0.0
 30
0.0
210
0.0
220
0.0
230
1.0
  2
SOLID
 70
1
 71
0
 91
1
 92
3
 72
0
 73
1
 93
26
 10
280.343
 20
267.068
 10
281.235
 20
265.745
 10
282.13
 20
264.429
 10
283.044
 20
263.131
 10
283.986
 20
261.856
 10
284.96
 20
260.601
 10
285.959
 20
259.361
 10
286.971
 20
258.123
 10
287.975
 20
256.874
 10
288.949
 20
255.6
 10
289.872
 20
254.289
 10
290.723
 20
252.933
 10
291.489
 20
251.529
 10
291.472
 20
251.519
 10
290.628
 20
252.88
 10
289.708
 20
254.194
 10
288.727
 20
255.466
 10
287.709
 20
256.707
 10
286.679
 20
257.934
 10
285.661
 20
259.16
 10
284.674
 20
260.402
 10
283.731
 20
261.672
 10
282.835
 20
262.976
 10
281.98
 20
264.313
 10
281.15
 20
265.678
 10
280.327
 20
267.055
 97
0
 75
0
 76
1
 98
0
  0
HATCH
  5
11B
330
17
100
AcDbEntity
  8
RASTER
 62
7
100
AcDbHatch
 10
0.0
 20
0.0
 30
0.0
210
0.0
220
0.0
230
1.0
  2
SOLID
 70
1
 71
0
 91
1
 92
3
 72
0
 73
1
 93
20
 10
297.062
 20
240.884
 10
298.081
 20
239.532
 10
299.032
 20
238.139
 10
299.87
 20
236.693
 10
300.563
 20
235.19
 10
301.087
 20
233.629
 10
301.437
 20
232.017
 10
301.622
 20
230.364
 10
301.668
 20
228.686
 10
301.612
 20
226.995
 10
301.592
 20
226.991
 10
301.529
 20
228.651
 10
301.38
 20
230.3
 10
301.119
 20
231.927
 10
300.73
 20
233.521
 10
300.208
 20
235.077
 10
299.557
 20
236.588
 10
298.796
 20
238.055
 10
297.948
 20
239.482
 10
297.044
 20
240.877
 97
0
 75
0
 76
1
 98
0
  0
HATCH
  5
11C
330
17
100
AcDbEntity
  8
RASTER
 62
7
100
AcDbHatch
 10
0.0
 20
0.0
 30
0.0
210
0.0
220
0.0
230
1.0
  2
SOLID
 70
1
 71
0
 91
1
 92
3
 72
0
 73
1
 93
26
 10
304.19
 20
212.079
 10
304.309
 20
210.489
 10
304.288
 20
208.892
 10
304.138
 20
207.294
 10
303.879
 20
205.702
 10
303.539
 20
204.118
 10
303.151
 20
202.547
 10
302.75
 20
200.987
 10
302.369
 20
199.437
 10
302.036
 20
197.893
 10
301.772
 20
196.351
 10
301.589
 20
194.805
 10
301.489
 20
193.249
 10
301.469
 20
193.252
 10
301.442
 20
194.82
 10
301.505
 20
196.374
 10
301.667
 20
197.919
 10
301.921
 20
199.461
 10
302.252
 20
201.005
 10
302.636
 20
202.558
 10
303.04
 20
204.121
 10
303.43
 20
205.697
 10
303.767
 20
207.284
 10
304.02
 20
208.88
 10
304.161
 20
210.48
 10
304.17
 20
212.077
 97
0
 75
0
 76
1
 98
0
  0
HATCH
  5
11D
330
17
100
AcDbEntity
  8
RASTER
 62
7
100
AcDbHatch
 10
0.0
 20
0.0
 30
0.0
210
0.0
220
0.0
230
1.0
  2
SOLID
 70
1
 71
0
 91
1
 92
3
 72
0
 73
1
 93
28
 10
293.798
 20
178.3
 10
293.671
 20
176.771
 10
293.553
 20
175.228
 10
293.398
 20
173.686
 10
293.158
 20
172.162
 10
292.799
 20
170.674
 10
292.297
 20
169.236
 10
291.648
 20
167.858
 10
290.865
 20
166.541
 10
289.975
 20
165.28
 10
289.02
 20
164.061
 10
288.044
 20
162.864
 10
287.09
 20
161.668
 10
286.194
 20
160.451
 10
286.176
 20
160.461
 10
286.97
 20
161.73
 10
287.827
 20
162.973
 10
288.716
 20
164.207
 10
289.6
 20
165.454
 10
290.437
 20
166.73
 10
291.192
 20
168.051
 10
291.838
 20
169.421
 10
292.363
 20
170.842
 10
292.77
 20
172.304
 10
293.079
 20
173.797
 10
293.323
 20
175.304
 10
293.543
 20
176.811
 10
293.779
 20
178.305
 97
0
 75
0
 76
1
 98
0
  0
HATCH
  5
11E
330
17
100
AcDbEntity
  8
RASTER
 62
7
100
AcDbHatch
 10
0.0
 20
0.0
 30
0.0
210
0.0
220
0.0
230
1.0
  2
SOLID
 70
1
 71
0
 91
1
 92
3
 72
0
 73
1
 93
22
 10
281.658
 20
146.062
 10
280.384
 20
145.085
 10
279.165
 20
144.081
 10
278.046
 20
143.006
 10
277.051
 20
141.831
 10
276.174
 20
140.549
 10
275.385
 20
139.176
 10
274.633
 20
137.752
 10
273.859
 20
136.33
 10
273.005
 20
134.97
 10
272.025
 20
133.725
 10
272.011
 20
133.74
 10
272.917
 20
135.06
 10
273.702
 20
136.485
 10
274.419
 20
137.957
 10
275.132
 20
139.41
 10
275.904
 20
140.79
 10
276.79
 20
142.057
 10
277.819
 20
143.197
 10
278.994
 20
144.22
 10
280.286
 20
145.163
 10
281.642
 20
146.074
 97
0
 75
0
 76
1
 98
0
  0
HATCH
  5
11F
330
17
100
AcDbEntity
  8
RASTER
 62
7
100
AcDbHatch
 10
0.0
 20
0.0
 30
0.0
210
0.0
220
0.0
230
1.0
  2
SOLID
 70
1
 71
0
 91
1
 92
3
 72
0
 73
1
 93
16
 10
265.842
 20
131.605
 10
264.258
 20
130.998
 10
262.611
 20
130.501
 10
261.044
 20
129.932
 10
259.661
 20
129.139
 10
258.485
 20
128.062
 10
257.46
 20
126.748
 10
256.474
 20
125.346
 10
256.463
 20
125.362
 10
257.336
 20
126.932
 10
258.264
 20
128.375
 10
259.382
 20
129.522
 10
260.759
 20
130.309
 10
262.375
 20
130.803
 10
264.119
 20
131.171
 10
265.829
 20
131.621
 97
0
 75
0
 76
1
 98
0
  0
HATCH
  5
120
330
17
100
AcDbEntity
  8
RASTER
 62
7
100
AcDbHatch
 10
0.0
 20
0.0
 30
0.0
210
0.0
220
0.0
230
1.0
  2
SOLID
 70
1
 71
0
 91
1
 92
3
 72
0
 73
1
 93
20
 10
250.291
 20
122.075
 10
249.091
 20
120.811
 10
247.824
 20
119.637
 10
246.466
 20
118.611
 10
245.008
 20
117.774
 10
243.452
 20
117.147
 10
241.81
 20
116.725
 10
240.107
 20
116.48
 10
238.372
 20
116.36
 10
236.633
 20
116.302
 10
236.626
 20
116.32
 10
238.318
 20
116.502
 10
240.007
 20
116.728
 10
241.672
 20
117.051
 10
243.289
 20
117.512
 10
244.84
 20
118.136
 10
246.312
 20
118.929
 10
247.702
 20
119.876
 10
249.02
 20
120.946
 10
250.281
 20
122.092
 97
0
 75
0
 76
1
 98
0
  0
HATCH
  5
121
330
17
100
AcDbEntity
  8
RASTER
 62
7
100
AcDbHatch
 10
0.0
 20
0.0
 30
0.0
210
0.0
220
0.0
230
1.0
  2
SOLID
 70
1
 71
0
 91
1
 92
3
 72
0
 73
1
 93
34
 10
222.63
 20
108.609
 10
221.085
 20
108.112
 10
219.553
 20
107.481
 10
218.016
 20
106.793
 10
216.458
 20
106.143
 10
214.872
 20
105.625
 10
213.257
 20
105.311
 10
211.619
 20
105.233
 10
209.97
 20
105.38
 10
208.322
 20
105.697
 10
206.686
 20
106.099
 10
205.063
 20
106.487
 10
203.453
 20
106.776
 10
201.847
 20
106.905
 10
200.235
 20
106.859
 10
198.611
 20
106.665
 10
196.97
 20
106.392
 10
196.972
 20
106.412
 10
198.616
 20
106.748
 10
200.242
 20
107.002
 10
201.852
 20
107.105
 10
203.456
 20
107.024
 10
205.062
 20
106.776
 10
206.679
 20
106.417
 10
208.31
 20
106.034
 10
209.951
 20
105.723
 10
211.595
 20
105.569
 10
213.229
 20
105.628
 10
214.842
 20
105.913
 10
216.429
 20
106.39
 10
217.989
 20
106.991
 10
219.531
 20
107.623
 10
221.072
 20
108.193
 10
222.627
 20
108.628
 97
0
 75
0
 76
1
 98
0
  0
HATCH
  5
122
330
17
100
AcDbEntity
  8
RASTER
 62
7
100
AcDbHatch
 10
0.0
 20
0.0
 30
0.0
210
0.0
220
0.0
230
1.0
  2
SOLID
 70
1
 71
0
 91
1
 92
3
 72
0
 73
1
 93
30
 10
190.758
 20
110.688
 10
189.233
 20
111.277
 10
187.687
 20
111.683
 10
186.097
 20
111.853
 10
184.459
 20
111.821
 10
182.786
 20
111.701
 10
181.113
 20
111.643
 10
179.478
 20
111.791
 10
177.917
 20
112.226
 10
176.443
 20
112.948
 10
175.043
 20
113.869
 10
173.68
 20
114.85
 10
172.302
 20
115.743
 10
170.862
 20
116.439
 10
169.336
 20
116.908
 10
169.343
 20
116.927
 10
170.9
 20
116.538
 10
172.366
 20
115.918
 10
173.765
 20
115.095
 10
175.143
 20
114.173
 10
176.55
 20
113.297
 10
178.026
 20
112.605
 10
179.584
 20
112.181
 10
181.209
 20
112.026
 10
182.87
 20
112.057
 10
184.527
 20
112.134
 10
186.148
 20
112.107
 10
187.72
 20
111.867
 10
189.25
 20
111.381
 10
190.76
 20
110.707
 97
0
 75
0
 76
1
 98
0
  0
HATCH
  5
123
330
17
100
AcDbEntity
  8
RASTER
 62
7
100
AcDbHatch
 10
0.0
 20
0.0
 30
0.0
210
0.0
220
0.0
230
1.0
  2
SOLID
 70
1
 71
0
 91
1
 92
3
 72
0
 73
1
 93
30
 10
157.491
 20
122.889
 10
156.16
 20
123.794
 10
154.703
 20
124.492
 10
153.129
 20
125.019
 10
151.485
 20
125.467
 10
149.843
 20
125.951
 10
148.285
 20
126.582
 10
146.878
 20
127.438
 10
145.655
 20
128.54
 10
144.605
 20
129.851
 10
143.676
 20
131.288
 10
142.784
 20
132.741
 10
141.837
 20
134.107
 10
140.763
 20
135.314
 10
139.525
 20
136.342
 10
139.538
 20
136.356
 10
140.822
 20
135.379
 10
141.938
 20
134.221
 10
142.92
 20
132.9
 10
143.84
 20
131.486
 10
144.789
 20
130.08
 10
145.848
 20
128.789
 10
147.072
 20
127.697
 10
148.47
 20
126.838
 10
150.011
 20
126.192
 10
151.628
 20
125.681
 10
153.243
 20
125.195
 10
154.784
 20
124.62
 10
156.205
 20
123.869
 10
157.501
 20
122.906
 97
0
 75
0
 76
1
 98
0
  0
HATCH
  5
124
330
17
100
AcDbEntity
  8
RASTER
 62
7
100
AcDbHatch
 10
0.0
 20
0.0
 30
0.0
210
0.0
220
0.0
230
1.0
  2
SOLID
 70
1
 71
0
 91
1
 92
3
 72
0
 73
1
 93
26
 10
132.69
 20
143.074
 10
131.44
 20
144.164
 10
130.033
 20
145.143
 10
128.544
 20
146.078
 10
127.071
 20
147.053
 10
125.72
 20
148.14
 10
124.577
 20
149.39
 10
123.688
 20
150.819
 10
123.05
 20
152.406
 10
122.61
 20
154.102
 10
122.274
 20
155.84
 10
121.931
 20
157.549
 10
121.472
 20
159.174
 10
121.49
 20
159.183
 10
122.021
 20
157.6
 10
122.431
 20
155.933
 10
122.823
 20
154.233
 10
123.304
 20
152.569
 10
123.966
 20
151.003
 10
124.861
 20
149.586
 10
125.992
 20
148.334
 10
127.313
 20
147.233
 10
128.742
 20
146.231
 10
130.176
 20
145.256
 10
131.52
 20
144.231
 10
132.706
 20
143.087
 97
0
 75
0
 76
1
 98
0
  0
HATCH
  5
125
330
17
100
AcDbEntity
  8
RASTER
 62
7
100
AcDbHatch
 10
0.0
 20
0.0
 30
0.0
210
0.0
220
0.0
230
1.0
  2
SOLID
 70
1
 71
0
 91
1
 92
3
 72
0
 73
1
 93
22
 10
115.979
 20
164.363
 10
114.951
 20
165.696
 10
113.857
 20
167.018
 10
112.809
 20
168.376
 10
111.913
 20
169.808
 10
111.249
 20
171.335
 10
110.844
 20
172.953
 10
110.666
 20
174.638
 10
110.633
 20
176.356
 10
110.633
 20
178.067
 10
110.552
 20
179.74
 10
110.571
 20
179.745
 10
110.745
 20
178.098
 10
110.828
 20
176.415
 10
110.926
 20
174.721
 10
111.145
 20
173.054
 10
111.563
 20
171.446
 10
112.21
 20
169.919
 10
113.062
 20
168.476
 10
114.045
 20
167.096
 10
115.058
 20
165.743
 10
115.997
 20
164.371
 97
0
 75
0
 76
1
 98
0
  0
HATCH
  5
126
330
17
100
AcDbEntity
  8
RASTER
 62
7
100
AcDbHatch
 10
0.0
 20
0.0
 30
0.0
210
0.0
220
0.0
230
1.0
  2
SOLID
 70
1
 71
0
 91
1
 92
3
 72
0
 73
1
 93
30
 10
108.203
 20
185.489
 10
108.109
 20
187.078
 10
108.01
 20
188.66
 10
107.887
 20
190.233
 10
107.728
 20
191.798
 10
107.525
 20
193.356
 10
107.279
 20
194.91
 10
106.996
 20
196.465
 10
106.688
 20
198.022
 10
106.373
 20
199.586
 10
106.074
 20
201.158
 10
105.811
 20
202.738
 10
105.608
 20
204.326
 10
105.483
 20
205.92
 10
105.45
 20
207.515
 10
105.47
 20
207.515
 10
105.573
 20
205.919
 10
105.764
 20
204.327
 10
106.026
 20
202.743
 10
106.337
 20
201.167
 10
106.674
 20
199.602
 10
107.011
 20
198.044
 10
107.326
 20
196.492
 10
107.602
 20
194.943
 10
107.824
 20
193.391
 10
107.989
 20
191.832
 10
108.099
 20
190.264
 10
108.163
 20
188.685
 10
108.197
 20
187.094
 10
108.223
 20
185.493
 97
0
 75
0
 76
1
 98
0
  0
HATCH
  5
127
330
17
100
AcDbEntity
  8
RASTER
 62
7
100
AcDbHatch
 10
0.0
 20
0.0
 30
0.0
210
0.0
220
0.0
230
1.0
  2
SOLID
 70
1
 71
0
 91
1
 92
3
 72
0
 73
1
 93
28
 10
108.917
 20
224.566
 10
109.442
 20
226.064
 10
109.971
 20
227.556
 10
110.479
 20
229.047
 10
110.949
 20
230.545
 10
111.372
 20
232.056
 10
111.748
 20
233.581
 10
112.088
 20
235.121
 10
112.409
 20
236.674
 10
112.735
 20
238.232
 10
113.092
 20
239.785
 10
113.507
 20
241.323
 10
114.001
 20
242.835
 10
114.589
 20
244.31
 10
114.607
 20
244.302
 10
114.102
 20
242.792
 10
113.687
 20
241.251
 10
113.342
 20
239.689
 10
113.042
 20
238.119
 10
112.757
 20
236.553
 10
112.459
 20
234.999
 10
112.121
 20
233.465
 10
111.726
 20
231.951
 10
111.264
 20
230.458
 10
110.738
 20
228.98
 10
110.159
 20
227.51
 10
109.549
 20
226.04
 10
108.936
 20
224.562
 97
0
 75
0
 76
1
 98
0
  0
HATCH
  5
128
330
17
100
AcDbEntity
  8
RASTER
 62
7
100
AcDbHatch
 10
0.0
 20
0.0
 30
0.0
210
0.0
220
0.0
230
1.0
  2
SOLID
 70
1
 71
0
 91
1
 92
3
 72
0
 73
1
 93
14
 10
122.415
 20
255.078
 10
123.234
 20
256.055
 10
123.935
 20
257.104
 10
124.523
 20
258.228
 10
125.021
 20
259.418
 10
125.463
 20
260.656
 10
125.892
 20
261.916
 10
125.908
 20
261.904
 10
125.644
 20
260.528
 10
125.324
 20
259.209
 10
124.874
 20
257.993
 10
124.244
 20
256.903
 10
123.422
 20
255.937
 10
122.432
 20
255.067
 97
0
 75
0
 76
1
 98
0
  0
HATCH
  5
129
330
17
100
AcDbEntity
  8
RASTER
 62
7
100
AcDbHatch
 10
0.0
 20
0.0
 30
0.0
210
0.0
220
0.0
230
1.0
  2
SOLID
 70
1
 71
0
 91
1
 92
3
 72
0
 73
1
 93
20
 10
138.07
 20
274.495
 10
139.531
 20
275.321
 10
141.086
 20
276.023
 10
142.655
 20
276.682
 10
144.163
 20
277.386
 10
145.556
 20
278.211
 10
146.811
 20
279.201
 10
147.937
 20
280.364
 10
148.975
 20
281.663
 10
149.988
 20
283.026
 10
149.999
 20
283.01
 10
149.053
 20
281.556
 10
148.075
 20
280.18
 10
146.997
 20
278.962
 10
145.771
 20
277.944
 10
144.382
 20
277.123
 10
142.852
 20
276.452
 10
141.239
 20
275.851
 10
139.62
 20
275.224
 10
138.084
 20
274.481
 97
0
 75
0
 76
1
 98
0
  0
HATCH
  5
12A
330
17
100
AcDbEntity
  8
RASTER
 62
7
100
AcDbHatch
 10
0.0
 20
0.0
 30
0.0
210
0.0
220
0.0
230
1.0
  2
SOLID
 70
1
 71
0
 91
1
 92
3
 72
0
 73
1
 93
20
 10
161.58
 20
290.21
 10
162.827
 20
291.347
 10
164.196
 20
292.257
 10
165.695
 20
292.896
 10
167.305
 20
293.268
 10
168.992
 20
293.423
 10
170.711
 20
293.45
 10
172.416
 20
293.455
 10
174.071
 20
293.548
 10
175.654
 20
293.812
 10
175.66
 20
293.793
 10
174.122
 20
293.399
 10
172.511
 20
293.193
 10
170.842
 20
293.105
 10
169.147
 20
293.037
 10
167.467
 20
292.885
 10
165.843
 20
292.559
 10
164.313
 20
292.004
 10
162.895
 20
291.205
 10
161.589
 20
290.192
 97
0
 75
0
 76
1
 98
0
  0
HATCH
  5
12B
330
17
100
AcDbEntity
  8
RASTER
 62
7
100
AcDbHatch
 10
0.0
 20
0.0
 30
0.0
210
0.0
220
0.0
230
1.0
  2
SOLID
 70
1
 71
0
 91
1
 92
3
 72
0
 73
1
 93
28
 10
179.864
 20
298.472
 10
181.583
 20
298.414
 10
183.249
 20
298.516
 10
184.85
 20
298.888
 10
186.398
 20
299.536
 10
187.927
 20
300.362
 10
189.474
 20
301.195
 10
191.066
 20
301.846
 10
192.713
 20
302.176
 10
194.402
 20
302.143
 10
196.109
 20
301.813
 10
197.811
 20
301.342
 10
199.489
 20
300.925
 10
201.142
 20
300.724
 10
201.143
 20
300.704
 10
199.495
 20
300.811
 10
197.825
 20
301.141
 10
196.134
 20
301.535
 10
194.437
 20
301.803
 10
192.759
 20
301.793
 10
191.123
 20
301.441
 10
189.537
 20
300.791
 10
187.993
 20
299.982
 10
186.462
 20
299.2
 10
184.907
 20
298.614
 10
183.294
 20
298.319
 10
181.61
 20
298.303
 10
179.869
 20
298.453
 97
0
 75
0
 76
1
 98
0
  0
HATCH
  5
12C
330
17
100
AcDbEntity
  8
RASTER
 62
7
100
AcDbHatch
 10
0.0
 20
0.0
 30
0.0
210
0.0
220
0.0
230
1.0
  2
SOLID
 70
1
 71
0
 91
1
 92
3
 72
0
 73
1
 93
22
 10
211.585
 20
301.219
 10
213.189
 20
301.697
 10
214.804
 20
302.089
 10
216.415
 20
302.29
 10
218.002
 20
302.231
 10
219.551
 20
301.888
 10
221.053
 20
301.285
 10
222.508
 20
300.495
 10
223.93
 20
299.62
 10
225.338
 20
298.772
 10
226.759
 20
298.05
 10
226.755
 20
298.03
 10
225.308
 20
298.636
 10
223.881
 20
299.38
 10
222.448
 20
300.171
 10
220.989
 20
300.906
 10
219.49
 20
301.489
 10
217.95
 20
301.85
 10
216.375
 20
301.962
 10
214.779
 20
301.844
 10
213.177
 20
301.559
 10
211.583
 20
301.199
 97
0
 75
0
 76
1
 98
0
  0
HATCH
  5
12D
330
17
100
AcDbEntity
  8
RASTER
 62
7
100
AcDbHatch
 10
0.0
 20
0.0
 30
0.0
210
0.0
220
0.0
230
1.0
  2
SOLID
 70
1
 71
0
 91
1
 92
3
 72
0
 73
1
 93
28
 10
195.634
 20
305.324
 10
197.128
 20
305.718
 10
198.627
 20
306.169
 10
200.136
 20
306.636
 10
201.658
 20
307.074
 10
203.193
 20
307.438
 10
204.738
 20
307.688
 10
206.288
 20
307.795
 10
207.837
 20
307.744
 10
209.379
 20
307.535
 10
210.909
 20
307.187
 10
212.422
 20
306.731
 10
213.919
 20
306.206
 10
215.402
 20
305.66
 10
215.4
 20
305.64
 10
213.907
 20
306.076
 10
212.404
 20
306.496
 10
210.889
 20
306.861
 10
209.361
 20
307.135
 10
207.823
 20
307.291
 10
206.28
 20
307.316
 10
204.737
 20
307.209
 10
203.199
 20
306.986
 10
201.67
 20
306.674
 10
200.15
 20
306.309
 10
198.641
 20
305.934
 10
197.138
 20
305.588
 10
195.636
 20
305.304
 97
0
 75
0
 76
1
 98
0
  0
HATCH
  5
12E
330
17
100
AcDbEntity
  8
RASTER
 62
7
100
AcDbHatch
 10
0.0
 20
0.0
 30
0.0
210
0.0
220
0.0
230
1.0
  2
SOLID
 70
1
 71
0
 91
1
 92
3
 72
0
 73
1
 93
18
 10
226.293
 20
305.85
 10
227.899
 20
305.645
 10
229.477
 20
305.3
 10
231.018
 20
304.814
 10
232.523
 20
304.206
 10
233.997
 20
303.516
 10
235.453
 20
302.791
 10
236.904
 20
302.079
 10
238.367
 20
301.419
 10
238.36
 20
301.4
 10
236.842
 20
301.891
 10
235.349
 20
302.459
 10
233.87
 20
303.086
 10
232.392
 20
303.74
 10
230.904
 20
304.379
 10
229.393
 20
304.962
 10
227.855
 20
305.452
 10
226.289
 20
305.83
 97
0
 75
0
 76
1
 98
0
  0
HATCH
  5
12F
330
17
100
AcDbEntity
  8
RASTER
 62
7
100
AcDbHatch
 10
0.0
 20
0.0
 30
0.0
210
0.0
220
0.0
230
1.0
  2
SOLID
 70
1
 71
0
 91
1
 92
3
 72
0
 73
1
 93
16
 10
249.87
 20
299.648
 10
251.562
 20
299.224
 10
253.208
 20
298.682
 10
254.779
 20
297.982
 10
256.259
 20
297.11
 10
257.644
 20
296.079
 10
258.949
 20
294.925
 10
260.198
 20
293.702
 10
260.188
 20
293.685
 10
258.843
 20
294.749
 10
257.466
 20
295.772
 10
256.045
 20
296.728
 10
254.572
 20
297.596
 10
253.045
 20
298.366
 10
251.471
 20
299.039
 10
249.861
 20
299.63
 97
0
 75
0
 76
1
 98
0
  0
HATCH
  5
130
330
17
100
AcDbEntity
  8
RASTER
 62
7
100
AcDbHatch
 10
0.0
 20
0.0
 30
0.0
210
0.0
220
0.0
230
1.0
  2
SOLID
 70
1
 71
0
 91
1
 92
3
 72
0
 73
1
 93
34
 10
270.321
 20
282.435
 10
271.226
 20
281.035
 10
272.186
 20
279.717
 10
273.276
 20
278.555
 10
274.534
 20
277.574
 10
275.943
 20
276.737
 10
277.434
 20
275.964
 10
278.907
 20
275.151
 10
280.257
 20
274.202
 10
281.405
 20
273.059
 10
282.325
 20
271.716
 10
283.049
 20
270.215
 10
283.662
 20
268.642
 10
284.277
 20
267.09
 10
285.001
 20
265.64
 10
285.908
 20
264.336
 10
287.011
 20
263.173
 10
286.994
 20
263.161
 10
285.844
 20
264.289
 10
284.893
 20
265.558
 10
284.129
 20
266.974
 10
283.48
 20
268.495
 10
282.841
 20
270.041
 10
282.098
 20
271.52
 10
281.169
 20
272.849
 10
280.019
 20
273.984
 10
278.678
 20
274.933
 10
277.221
 20
275.755
 10
275.752
 20
276.544
 10
274.373
 20
277.405
 10
273.148
 20
278.417
 10
272.095
 20
279.616
 10
271.175
 20
280.976
 10
270.308
 20
282.42
 97
0
 75
0
 76
1
 98
0
  0
HATCH
  5
131
330
17
100
AcDbEntity
  8
RASTER
 62
7
100
AcDbHatch
 10
0.0
 20
0.0
 30
0.0
210
0.0
220
0.0
230
1.0
  2
SOLID
 70
1
 71
0
 91
1
 92
3
 72
0
 73
1
 93
22
 10
296.012
 20
254.769
 10
297.036
 20
253.521
 10
298.077
 20
252.27
 10
299.099
 20
250.998
 10
300.069
 20
249.689
 10
300.954
 20
248.332
 10
301.728
 20
246.918
 10
302.377
 20
245.446
 10
302.894
 20
243.921
 10
303.289
 20
242.353
 10
303.58
 20
240.752
 10
303.561
 20
240.745
 10
303.163
 20
242.304
 10
302.674
 20
243.833
 10
302.081
 20
245.323
 10
301.387
 20
246.769
 10
300.598
 20
248.17
 10
299.732
 20
249.53
 10
298.812
 20
250.857
 10
297.865
 20
252.162
 10
296.918
 20
253.458
 10
295.994
 20
254.759
 97
0
 75
0
 76
1
 98
0
  0
HATCH
  5
132
330
17
100
AcDbEntity
  8
RASTER
 62
7
100
AcDbHatch
 10
0.0
 20
0.0
 30
0.0
210
0.0
220
0.0
230
1.0
  2
SOLID
 70
1
 71
0
 91
1
 92
3
 72
0
 73
1
 93
22
 10
305.507
 20
233.126
 10
305.712
 20
231.589
 10
305.649
 20
229.99
 10
305.426
 20
228.368
 10
305.181
 20
226.759
 10
305.049
 20
225.19
 10
305.134
 20
223.675
 10
305.485
 20
222.213
 10
306.08
 20
220.787
 10
306.835
 20
219.373
 10
307.625
 20
217.947
 10
307.605
 20
217.945
 10
306.679
 20
219.35
 10
305.799
 20
220.742
 10
305.108
 20
222.147
 10
304.695
 20
223.592
 10
304.59
 20
225.096
 10
304.745
 20
226.663
 10
305.054
 20
228.28
 10
305.374
 20
229.921
 10
305.558
 20
231.548
 10
305.488
 20
233.12
 97
0
 75
0
 76
1
 98
0
  0
HATCH
  5
133
330
17
100
AcDbEntity
  8
RASTER
 62
7
100
AcDbHatch
 10
0.0
 20
0.0
 30
0.0
210
0.0
220
0.0
230
1.0
  2
SOLID
 70
1
 71
0
 91
1
 92
3
 72
0
 73
1
 93
34
 10
307.628
 20
206.849
 10
307.475
 20
205.257
 10
307.347
 20
203.669
 10
307.273
 20
202.083
 10
307.268
 20
200.496
 10
307.329
 20
198.903
 10
307.435
 20
197.302
 10
307.55
 20
195.693
 10
307.632
 20
194.08
 10
307.64
 20
192.468
 10
307.538
 20
190.865
 10
307.308
 20
189.278
 10
306.948
 20
187.711
 10
306.474
 20
186.169
 10
305.919
 20
184.648
 10
305.324
 20
183.144
 10
304.735
 20
181.647
 10
304.715
 20
181.652
 10
305.211
 20
183.168
 10
305.714
 20
184.689
 10
306.185
 20
186.221
 10
306.584
 20
187.771
 10
306.883
 20
189.341
 10
307.067
 20
190.928
 10
307.14
 20
192.528
 10
307.122
 20
194.133
 10
307.049
 20
195.737
 10
306.961
 20
197.336
 10
306.9
 20
198.927
 10
306.9
 20
200.51
 10
306.98
 20
202.09
 10
307.138
 20
203.671
 10
307.359
 20
205.256
 10
307.608
 20
206.849
 97
0
 75
0
 76
1
 98
0
  0
HATCH
  5
134
330
17
100
AcDbEntity
  8
RASTER
 62
7
100
AcDbHatch
 10
0.0
 20
0.0
 30
0.0
210
0.0
220
0.0
230
1.0
  2
SOLID
 70
1
 71
0
 91
1
 92
3
 72
0
 73
1
 93
34
 10
299.942
 20
171.612
 10
298.986
 20
170.257
 10
298.087
 20
168.896
 10
297.308
 20
167.498
 10
296.687
 20
166.041
 10
296.229
 20
164.514
 10
295.901
 20
162.919
 10
295.648
 20
161.277
 10
295.391
 20
159.619
 10
295.054
 20
157.985
 10
294.567
 20
156.415
 10
293.885
 20
154.942
 10
292.994
 20
153.585
 10
291.913
 20
152.346
 10
290.689
 20
151.206
 10
289.392
 20
150.13
 10
288.096
 20
149.072
 10
288.08
 20
149.084
 10
289.315
 20
150.18
 10
290.553
 20
151.29
 10
291.721
 20
152.461
 10
292.752
 20
153.725
 10
293.601
 20
155.1
 10
294.251
 20
156.584
 10
294.717
 20
158.159
 10
295.045
 20
159.791
 10
295.305
 20
161.44
 10
295.575
 20
163.068
 10
295.931
 20
164.644
 10
296.43
 20
166.149
 10
297.101
 20
167.581
 10
297.937
 20
168.953
 10
298.9
 20
170.289
 10
299.923
 20
171.618
 97
0
 75
0
 76
1
 98
0
  0
HATCH
  5
135
330
17
100
AcDbEntity
  8
RASTER
 62
7
100
AcDbHatch
 10
0.0
 20
0.0
 30
0.0
210
0.0
220
0.0
230
1.0
  2
SOLID
 70
1
 71
0
 91
1
 92
3
 72
0
 73
1
 93
14
 10
285.398
 20
136.772
 10
284.649
 20
135.323
 10
283.766
 20
133.977
 10
282.727
 20
132.766
 10
281.531
 20
131.701
 10
280.198
 20
130.775
 10
278.765
 20
129.963
 10
278.751
 20
129.978
 10
280.025
 20
130.944
 10
281.239
 20
131.978
 10
282.387
 20
133.078
 10
283.466
 20
134.245
 10
284.467
 20
135.48
 10
285.383
 20
136.785
 97
0
 75
0
 76
1
 98
0
  0
HATCH
  5
136
330
17
100
AcDbEntity
  8
RASTER
 62
7
100
AcDbHatch
 10
0.0
 20
0.0
 30
0.0
210
0.0
220
0.0
230
1.0
  2
SOLID
 70
1
 71
0
 91
1
 92
3
 72
0
 73
1
 93
28
 10
265.943
 20
120.958
 10
264.927
 20
119.694
 10
263.79
 20
118.584
 10
262.512
 20
117.671
 10
261.1
 20
116.963
 10
259.585
 20
116.429
 10
258.016
 20
116.006
 10
256.445
 20
115.613
 10
254.921
 20
115.164
 10
253.476
 20
114.592
 10
252.121
 20
113.86
 10
250.845
 20
112.97
 10
249.618
 20
111.962
 10
248.401
 20
110.909
 10
248.392
 20
110.927
 10
249.566
 20
112.07
 10
250.749
 20
113.16
 10
251.984
 20
114.122
 10
253.303
 20
114.91
 10
254.721
 20
115.52
 10
256.228
 20
115.987
 10
257.793
 20
116.377
 10
259.369
 20
116.776
 10
260.904
 20
117.268
 10
262.348
 20
117.917
 10
263.669
 20
118.76
 10
264.858
 20
119.792
 10
265.931
 20
120.974
 97
0
 75
0
 76
1
 98
0
  0
HATCH
  5
137
330
17
100
AcDbEntity
  8
RASTER
 62
7
100
AcDbHatch
 10
0.0
 20
0.0
 30
0.0
210
0.0
220
0.0
230
1.0
  2
SOLID
 70
1
 71
0
 91
1
 92
3
 72
0
 73
1
 93
30
 10
241.466
 20
102.888
 10
239.844
 20
102.391
 10
238.191
 20
101.993
 10
236.516
 20
101.684
 10
234.825
 20
101.448
 10
233.128
 20
101.266
 10
231.431
 20
101.117
 10
229.741
 20
100.979
 10
228.061
 20
100.83
 10
226.394
 20
100.654
 10
224.741
 20
100.436
 10
223.1
 20
100.168
 10
221.467
 20
99.848
 10
219.84
 20
99.48
 10
218.214
 20
99.072
 10
218.211
 20
99.092
 10
219.824
 20
99.59
 10
221.436
 20
100.044
 10
223.051
 20
100.441
 10
224.676
 20
100.772
 10
226.314
 20
101.037
 10
227.968
 20
101.242
 10
229.639
 20
101.399
 10
231.325
 20
101.526
 10
233.024
 20
101.644
 10
234.729
 20
101.777
 10
236.434
 20
101.949
 10
238.13
 20
102.182
 10
239.808
 20
102.497
 10
241.459
 20
102.907
 97
0
 75
0
 76
1
 98
0
  0
HATCH
  5
138
330
17
100
AcDbEntity
  8
RASTER
 62
7
100
AcDbHatch
 10
0.0
 20
0.0
 30
0.0
210
0.0
220
0.0
230
1.0
  2
SOLID
 70
1
 71
0
 91
1
 92
3
 72
0
 73
1
 93
28
 10
205.987
 20
103.461
 10
204.391
 20
103.175
 10
202.787
 20
102.923
 10
201.176
 20
102.74
 10
199.562
 20
102.653
 10
197.95
 20
102.681
 10
196.346
 20
102.831
 10
194.754
 20
103.097
 10
193.177
 20
103.462
 10
191.614
 20
103.898
 10
190.065
 20
104.373
 10
188.524
 20
104.854
 10
186.987
 20
105.311
 10
185.446
 20
105.722
 10
185.45
 20
105.741
 10
187.008
 20
105.431
 10
188.559
 20
105.068
 10
190.108
 20
104.67
 10
191.661
 20
104.262
 10
193.223
 20
103.874
 10
194.797
 20
103.535
 10
196.382
 20
103.269
 10
197.977
 20
103.096
 10
199.58
 20
103.021
 10
201.186
 20
103.04
 10
202.791
 20
103.14
 10
204.392
 20
103.296
 10
205.987
 20
103.481
 97
0
 75
0
 76
1
 98
0
  0
HATCH
  5
139
330
17
100
AcDbEntity
  8
RASTER
 62
7
100
AcDbHatch
 10
0.0
 20
0.0
 30
0.0
210
0.0
220
0.0
230
1.0
  2
SOLID
 70
1
 71
0
 91
1
 92
3
 72
0
 73
1
 93
28
 10
166.825
 20
105.33
 10
165.125
 20
105.64
 10
163.417
 20
105.96
 10
161.708
 20
106.306
 10
160.007
 20
106.697
 10
158.322
 20
107.148
 10
156.662
 20
107.674
 10
155.037
 20
108.285
 10
153.455
 20
108.988
 10
151.921
 20
109.788
 10
150.44
 20
110.683
 10
149.015
 20
111.669
 10
147.646
 20
112.738
 10
146.33
 20
113.878
 10
146.34
 20
113.894
 10
147.708
 20
112.837
 10
149.122
 20
111.848
 10
150.584
 20
110.933
 10
152.092
 20
110.097
 10
153.643
 20
109.34
 10
155.23
 20
108.66
 10
156.849
 20
108.052
 10
158.493
 20
107.508
 10
160.153
 20
107.018
 10
161.824
 20
106.57
 10
163.497
 20
106.152
 10
165.168
 20
105.749
 10
166.832
 20
105.349
 97
0
 75
0
 76
1
 98
0
  0
HATCH
  5
13A
330
17
100
AcDbEntity
  8
RASTER
 62
7
100
AcDbHatch
 10
0.0
 20
0.0
 30
0.0
210
0.0
220
0.0
230
1.0
  2
SOLID
 70
1
 71
0
 91
1
 92
3
 72
0
 73
1
 93
32
 10
136.376
 20
127.192
 10
134.988
 20
128.042
 10
133.637
 20
128.945
 10
132.332
 20
129.907
 10
131.083
 20
130.935
 10
129.898
 20
132.031
 10
128.781
 20
133.195
 10
127.735
 20
134.424
 10
126.76
 20
135.714
 10
125.852
 20
137.057
 10
125.007
 20
138.445
 10
124.216
 20
139.866
 10
123.468
 20
141.31
 10
122.752
 20
142.767
 10
122.055
 20
144.226
 10
121.364
 20
145.678
 10
121.38
 20
145.689
 10
122.123
 20
144.276
 10
122.868
 20
142.855
 10
123.627
 20
141.434
 10
124.41
 20
140.022
 10
125.228
 20
138.628
 10
126.09
 20
137.261
 10
127.004
 20
135.931
 10
127.976
 20
134.644
 10
129.009
 20
133.409
 10
130.104
 20
132.231
 10
131.259
 20
131.111
 10
132.472
 20
130.052
 10
133.736
 20
129.051
 10
135.045
 20
128.105
 10
136.389
 20
127.207
 97
0
 75
0
 76
1
 98
0
  0
HATCH
  5
13B
330
17
100
AcDbEntity
  8
RASTER
 62
7
100
AcDbHatch
 10
0.0
 20
0.0
 30
0.0
210
0.0
220
0.0
230
1.0
  2
SOLID
 70
1
 71
0
 91
1
 92
3
 72
0
 73
1
 93
14
 10
112.377
 20
156.512
 10
111.237
 20
157.86
 10
110.417
 20
159.377
 10
109.942
 20
161.055
 10
109.732
 20
162.841
 10
109.632
 20
164.654
 10
109.46
 20
166.416
 10
109.479
 20
166.423
 10
109.858
 20
164.749
 10
110.107
 20
163.006
 10
110.369
 20
161.252
 10
110.786
 20
159.554
 10
111.456
 20
157.97
 10
112.395
 20
156.522
 97
0
 75
0
 76
1
 98
0
  0
HATCH
  5
13C
330
17
100
AcDbEntity
  8
RASTER
 62
7
100
AcDbHatch
 10
0.0
 20
0.0
 30
0.0
210
0.0
220
0.0
230
1.0
  2
SOLID
 70
1
 71
0
 91
1
 92
3
 72
0
 73
1
 93
18
 10
106.065
 20
177.782
 10
105.464
 20
179.337
 10
104.814
 20
180.887
 10
104.139
 20
182.44
 10
103.464
 20
184.004
 10
102.816
 20
185.584
 10
102.219
 20
187.185
 10
101.696
 20
188.807
 10
101.262
 20
190.451
 10
101.281
 20
190.454
 10
101.842
 20
188.83
 10
102.473
 20
187.228
 10
103.14
 20
185.645
 10
103.812
 20
184.075
 10
104.461
 20
182.511
 10
105.064
 20
180.946
 10
105.608
 20
179.373
 10
106.085
 20
177.787
 97
0
 75
0
 76
1
 98
0
  0
HATCH
  5
13D
330
17
100
AcDbEntity
  8
RASTER
 62
7
100
AcDbHatch
 10
0.0
 20
0.0
 30
0.0
210
0.0
220
0.0
230
1.0
  2
SOLID
 70
1
 71
0
 91
1
 92
3
 72
0
 73
1
 93
34
 10
101.398
 20
208.324
 10
101.455
 20
209.941
 10
101.4
 20
211.566
 10
101.251
 20
213.204
 10
101.041
 20
214.857
 10
100.814
 20
216.524
 10
100.62
 20
218.2
 10
100.51
 20
219.876
 10
100.526
 20
221.543
 10
100.698
 20
223.19
 10
101.038
 20
224.808
 10
101.542
 20
226.39
 10
102.187
 20
227.936
 10
102.935
 20
229.447
 10
103.739
 20
230.931
 10
104.549
 20
232.401
 10
105.317
 20
233.87
 10
105.336
 20
233.865
 10
104.636
 20
232.377
 10
103.892
 20
230.891
 10
103.149
 20
229.395
 10
102.455
 20
227.875
 10
101.855
 20
226.324
 10
101.384
 20
224.74
 10
101.065
 20
223.124
 10
100.901
 20
221.482
 10
100.879
 20
219.822
 10
100.97
 20
218.154
 10
101.131
 20
216.488
 10
101.314
 20
214.83
 10
101.471
 20
213.186
 10
101.558
 20
211.556
 10
101.545
 20
209.936
 10
101.418
 20
208.324
 97
0
 75
0
 76
1
 98
0
  0
HATCH
  5
13E
330
17
100
AcDbEntity
  8
RASTER
 62
7
100
AcDbHatch
 10
0.0
 20
0.0
 30
0.0
210
0.0
220
0.0
230
1.0
  2
SOLID
 70
1
 71
0
 91
1
 92
3
 72
0
 73
1
 93
28
 10
109.06
 20
245.04
 10
109.793
 20
246.449
 10
110.569
 20
247.835
 10
111.379
 20
249.201
 10
112.209
 20
250.551
 10
113.049
 20
251.891
 10
113.888
 20
253.228
 10
114.719
 20
254.565
 10
115.536
 20
255.907
 10
116.336
 20
257.258
 10
117.12
 20
258.62
 10
117.891
 20
259.99
 10
118.657
 20
261.368
 10
119.425
 20
262.749
 10
119.441
 20
262.737
 10
118.757
 20
261.302
 10
118.071
 20
259.876
 10
117.371
 20
258.465
 10
116.646
 20
257.073
 10
115.889
 20
255.704
 10
115.097
 20
254.355
 10
114.269
 20
253.024
 10
113.412
 20
251.704
 10
112.533
 20
250.39
 10
111.645
 20
249.073
 10
110.763
 20
247.746
 10
109.902
 20
246.401
 10
109.079
 20
245.032
 97
0
 75
0
 76
1
 98
0
  0
HATCH
  5
13F
330
17
100
AcDbEntity
  8
RASTER
 62
7
100
AcDbHatch
 10
0.0
 20
0.0
 30
0.0
210
0.0
220
0.0
230
1.0
  2
SOLID
 70
1
 71
0
 91
1
 92
3
 72
0
 73
1
 93
18
 10
122.488
 20
266.122
 10
123.434
 20
267.348
 10
124.483
 20
268.492
 10
125.628
 20
269.553
 10
126.856
 20
270.535
 10
128.146
 20
271.451
 10
129.472
 20
272.319
 10
130.808
 20
273.162
 10
132.124
 20
274.007
 10
132.138
 20
273.993
 10
130.948
 20
273.032
 10
129.723
 20
272.093
 10
128.473
 20
271.165
 10
127.214
 20
270.232
 10
125.964
 20
269.277
 10
124.747
 20
268.282
 10
123.586
 20
267.231
 10
122.504
 20
266.11
 97
0
 75
0
 76
1
 98
0
  0
HATCH
  5
140
330
17
100
AcDbEntity
  8
RASTER
 62
7
100
AcDbHatch
 10
0.0
 20
0.0
 30
0.0
210
0.0
220
0.0
230
1.0
  2
SOLID
 70
1
 71
0
 91
1
 92
3
 72
0
 73
1
 93
26
 10
140.308
 20
282.58
 10
141.263
 20
283.822
 10
142.282
 20
284.999
 10
143.393
 20
286.068
 10
144.608
 20
287.005
 10
145.923
 20
287.804
 10
147.316
 20
288.481
 10
148.759
 20
289.071
 10
150.215
 20
289.623
 10
151.653
 20
290.187
 10
153.047
 20
290.807
 10
154.385
 20
291.512
 10
155.669
 20
292.313
 10
155.679
 20
292.295
 10
154.452
 20
291.397
 10
153.17
 20
290.602
 10
151.826
 20
289.908
 10
150.43
 20
289.288
 10
149.002
 20
288.703
 10
147.574
 20
288.104
 10
146.177
 20
287.443
 10
144.843
 20
286.684
 10
143.591
 20
285.806
 10
142.428
 20
284.811
 10
141.346
 20
283.719
 10
140.321
 20
282.565
 97
0
 75
0
 76
1
 98
0
  0
HATCH
  5
141
330
17
100
AcDbEntity
  8
RASTER
 62
7
100
AcDbHatch
 10
0.0
 20
0.0
 30
0.0
210
0.0
220
0.0
230
1.0
  2
SOLID
 70
1
 71
0
 91
1
 92
3
 72
0
 73
1
 93
18
 10
161.665
 20
296.277
 10
163.068
 20
296.836
 10
164.538
 20
297.233
 10
166.044
 20
297.528
 10
167.548
 20
297.801
 10
169.021
 20
298.132
 10
170.446
 20
298.575
 10
171.824
 20
299.15
 10
173.168
 20
299.832
 10
173.175
 20
299.813
 10
171.879
 20
298.99
 10
170.548
 20
298.296
 10
169.157
 20
297.775
 10
167.701
 20
297.419
 10
166.19
 20
297.175
 10
164.656
 20
296.961
 10
163.137
 20
296.681
 10
161.674
 20
296.259
 97
0
 75
0
 76
1
 98
0
  0
HATCH
  5
142
330
17
100
AcDbEntity
  8
RASTER
 62
7
100
AcDbHatch
 10
0.0
 20
0.0
 30
0.0
210
0.0
220
0.0
230
1.0
  2
SOLID
 70
1
 71
0
 91
1
 92
3
 72
0
 73
1
 93
26
 10
195.891
 20
319.182
 10
197.615
 20
318.882
 10
199.327
 20
318.581
 10
201.025
 20
318.374
 10
202.712
 20
318.326
 10
204.397
 20
318.461
 10
206.087
 20
318.755
 10
207.79
 20
319.14
 10
209.505
 20
319.524
 10
211.228
 20
319.804
 10
212.948
 20
319.896
 10
214.654
 20
319.75
 10
216.336
 20
319.364
 10
216.334
 20
319.345
 10
214.646
 20
319.653
 10
212.936
 20
319.726
 10
211.214
 20
319.572
 10
209.493
 20
319.244
 10
207.781
 20
318.83
 10
206.083
 20
318.434
 10
204.397
 20
318.151
 10
202.717
 20
318.046
 10
201.032
 20
318.142
 10
199.335
 20
318.411
 10
197.621
 20
318.784
 10
195.892
 20
319.162
 97
0
 75
0
 76
1
 98
0
  0
HATCH
  5
143
330
17
100
AcDbEntity
  8
RASTER
 62
7
100
AcDbHatch
 10
0.0
 20
0.0
 30
0.0
210
0.0
220
0.0
230
1.0
  2
SOLID
 70
1
 71
0
 91
1
 92
3
 72
0
 73
1
 93
14
 10
226.639
 20
310.078
 10
227.847
 20
309.893
 10
229.062
 20
309.732
 10
230.28
 20
309.57
 10
231.497
 20
309.388
 10
232.707
 20
309.176
 10
233.913
 20
308.934
 10
233.907
 20
308.915
 10
232.641
 20
308.929
 10
231.39
 20
308.973
 10
230.164
 20
309.092
 10
228.965
 20
309.314
 10
227.791
 20
309.642
 10
226.635
 20
310.059
 97
0
 75
0
 76
1
 98
0
  0
HATCH
  5
144
330
17
100
AcDbEntity
  8
RASTER
 62
7
100
AcDbHatch
 10
0.0
 20
0.0
 30
0.0
210
0.0
220
0.0
230
1.0
  2
SOLID
 70
1
 71
0
 91
1
 92
3
 72
0
 73
1
 93
30
 10
243.772
 20
308.963
 10
245.433
 20
308.917
 10
247.078
 20
308.79
 10
248.671
 20
308.504
 10
250.181
 20
308.005
 10
251.591
 20
307.278
 10
252.901
 20
306.345
 10
254.129
 20
305.261
 10
255.307
 20
304.106
 10
256.477
 20
302.966
 10
257.682
 20
301.919
 10
258.958
 20
301.016
 10
260.326
 20
300.28
 10
261.785
 20
299.692
 10
263.315
 20
299.206
 10
263.304
 20
299.189
 10
261.722
 20
299.588
 10
260.216
 20
300.091
 10
258.808
 20
300.75
 10
257.501
 20
301.587
 10
256.275
 20
302.584
 10
255.095
 20
303.691
 10
253.918
 20
304.832
 10
252.702
 20
305.923
 10
251.411
 20
306.885
 10
250.029
 20
307.659
 10
248.551
 20
308.222
 10
246.995
 20
308.587
 10
245.388
 20
308.803
 10
243.765
 20
308.945
 97
0
 75
0
 76
1
 98
0
  0
HATCH
  5
145
330
17
100
AcDbEntity
  8
RASTER
 62
7
100
AcDbHatch
 10
0.0
 20
0.0
 30
0.0
210
0.0
220
0.0
230
1.0
  2
SOLID
 70
1
 71
0
 91
1
 92
3
 72
0
 73
1
 93
22
 10
272.728
 20
295.83
 10
274.028
 20
294.934
 10
275.277
 20
293.969
 10
276.471
 20
292.935
 10
277.609
 20
291.836
 10
278.693
 20
290.68
 10
279.73
 20
289.477
 10
280.726
 20
288.24
 10
281.694
 20
286.98
 10
282.644
 20
285.714
 10
283.591
 20
284.453
 10
283.577
 20
284.439
 10
282.562
 20
285.628
 10
281.551
 20
286.828
 10
280.538
 20
288.033
 10
279.514
 20
289.234
 10
278.471
 20
290.422
 10
277.4
 20
291.587
 10
276.294
 20
292.718
 10
275.147
 20
293.805
 10
273.955
 20
294.839
 10
272.716
 20
295.814
 97
0
 75
0
 76
1
 98
0
  0
HATCH
  5
146
330
17
100
AcDbEntity
  8
RASTER
 62
7
100
AcDbHatch
 10
0.0
 20
0.0
 30
0.0
210
0.0
220
0.0
230
1.0
  2
SOLID
 70
1
 71
0
 91
1
 92
3
 72
0
 73
1
 93
30
 10
285.411
 20
280.28
 10
287.036
 20
279.596
 10
288.627
 20
278.854
 10
290.054
 20
277.943
 10
291.222
 20
276.799
 10
292.095
 20
275.41
 10
292.709
 20
273.824
 10
293.16
 20
272.132
 10
293.583
 20
270.444
 10
294.119
 20
268.86
 10
294.875
 20
267.447
 10
295.896
 20
266.219
 10
297.155
 20
265.141
 10
298.555
 20
264.136
 10
299.957
 20
263.111
 10
299.94
 20
263.101
 10
298.476
 20
264.086
 10
297.017
 20
265.05
 10
295.707
 20
266.091
 10
294.644
 20
267.286
 10
293.858
 20
268.673
 10
293.305
 20
270.238
 10
292.878
 20
271.917
 10
292.437
 20
273.61
 10
291.846
 20
275.208
 10
291.006
 20
276.619
 10
289.881
 20
277.795
 10
288.503
 20
278.744
 10
286.966
 20
279.533
 10
285.396
 20
280.267
 97
0
 75
0
 76
1
 98
0
  0
HATCH
  5
147
330
17
100
AcDbEntity
  8
RASTER
 62
7
100
AcDbHatch
 10
0.0
 20
0.0
 30
0.0
210
0.0
220
0.0
230
1.0
  2
SOLID
 70
1
 71
0
 91
1
 92
3
 72
0
 73
1
 93
20
 10
306.102
 20
252.641
 10
306.729
 20
251.246
 10
307.272
 20
249.814
 10
307.731
 20
248.349
 10
308.111
 20
246.857
 10
308.423
 20
245.344
 10
308.68
 20
243.817
 10
308.9
 20
242.286
 10
309.104
 20
240.759
 10
309.313
 20
239.242
 10
309.294
 20
239.235
 10
308.959
 20
240.709
 10
308.646
 20
242.195
 10
308.345
 20
243.691
 10
308.047
 20
245.196
 10
307.738
 20
246.704
 10
307.402
 20
248.21
 10
307.024
 20
249.705
 10
306.59
 20
251.182
 10
306.084
 20
252.632
 97
0
 75
0
 76
1
 98
0
  0
HATCH
  5
148
330
17
100
AcDbEntity
  8
RASTER
 62
7
100
AcDbHatch
 10
0.0
 20
0.0
 30
0.0
210
0.0
220
0.0
230
1.0
  2
SOLID
 70
1
 71
0
 91
1
 92
3
 72
0
 73
1
 93
20
 10
317.246
 20
222.942
 10
317.147
 20
221.195
 10
317.201
 20
219.478
 10
317.465
 20
217.792
 10
317.931
 20
216.124
 10
318.529
 20
214.458
 10
319.141
 20
212.78
 10
319.638
 20
211.08
 10
319.91
 20
209.36
 10
319.899
 20
207.625
 10
319.879
 20
207.625
 10
319.771
 20
209.354
 10
319.394
 20
211.067
 10
318.82
 20
212.757
 10
318.166
 20
214.427
 10
317.569
 20
216.087
 10
317.145
 20
217.755
 10
316.959
 20
219.447
 10
317.009
 20
221.174
 10
317.226
 20
222.938
 97
0
 75
0
 76
1
 98
0
  0
HATCH
  5
149
330
17
100
AcDbEntity
  8
RASTER
 62
7
100
AcDbHatch
 10
0.0
 20
0.0
 30
0.0
210
0.0
220
0.0
230
1.0
  2
SOLID
 70
1
 71
0
 91
1
 92
3
 72
0
 73
1
 93
28
 10
315.412
 20
192.052
 10
315.434
 20
190.383
 10
315.366
 20
188.721
 10
315.198
 20
187.069
 10
314.924
 20
185.433
 10
314.545
 20
183.816
 10
314.07
 20
182.222
 10
313.512
 20
180.65
 10
312.886
 20
179.1
 10
312.216
 20
177.57
 10
311.521
 20
176.054
 10
310.823
 20
174.548
 10
310.144
 20
173.044
 10
309.497
 20
171.537
 10
309.478
 20
171.543
 10
310.042
 20
173.075
 10
310.642
 20
174.599
 10
311.27
 20
176.121
 10
311.908
 20
177.647
 10
312.538
 20
179.183
 10
313.142
 20
180.732
 10
313.699
 20
182.298
 10
314.194
 20
183.883
 10
314.611
 20
185.488
 10
314.941
 20
187.11
 10
315.18
 20
188.747
 10
315.328
 20
190.397
 10
315.392
 20
192.054
 97
0
 75
0
 76
1
 98
0
  0
HATCH
  5
14A
330
17
100
AcDbEntity
  8
RASTER
 62
7
100
AcDbHatch
 10
0.0
 20
0.0
 30
0.0
210
0.0
220
0.0
230
1.0
  2
SOLID
 70
1
 71
0
 91
1
 92
3
 72
0
 73
1
 93
26
 10
306.474
 20
163.566
 10
306.089
 20
161.951
 10
305.621
 20
160.362
 10
305.062
 20
158.808
 10
304.405
 20
157.297
 10
303.65
 20
155.832
 10
302.8
 20
154.416
 10
301.864
 20
153.05
 10
300.854
 20
151.73
 10
299.785
 20
150.453
 10
298.675
 20
149.211
 10
297.541
 20
147.994
 10
296.403
 20
146.792
 10
296.386
 20
146.802
 10
297.424
 20
148.065
 10
298.463
 20
149.336
 10
299.49
 20
150.621
 10
300.494
 20
151.928
 10
301.461
 20
153.263
 10
302.38
 20
154.631
 10
303.241
 20
156.033
 10
304.034
 20
157.473
 10
304.753
 20
158.949
 10
305.396
 20
160.461
 10
305.963
 20
162.004
 10
306.456
 20
163.574
 97
0
 75
0
 76
1
 98
0
  0
HATCH
  5
14B
330
17
100
AcDbEntity
  8
RASTER
 62
7
100
AcDbHatch
 10
0.0
 20
0.0
 30
0.0
210
0.0
220
0.0
230
1.0
  2
SOLID
 70
1
 71
0
 91
1
 92
3
 72
0
 73
1
 93
18
 10
290.345
 20
136.355
 10
289.549
 20
135.027
 10
288.753
 20
133.689
 10
287.939
 20
132.359
 10
287.09
 20
131.05
 10
286.192
 20
129.777
 10
285.237
 20
128.55
 10
284.222
 20
127.375
 10
283.148
 20
126.256
 10
283.134
 20
126.27
 10
284.084
 20
127.509
 10
284.991
 20
128.782
 10
285.871
 20
130.072
 10
286.739
 20
131.363
 10
287.61
 20
132.644
 10
288.495
 20
133.907
 10
289.4
 20
135.149
 10
290.329
 20
136.368
 97
0
 75
0
 76
1
 98
0
  0
HATCH
  5
14C
330
17
100
AcDbEntity
  8
RASTER
 62
7
100
AcDbHatch
 10
0.0
 20
0.0
 30
0.0
210
0.0
220
0.0
230
1.0
  2
SOLID
 70
1
 71
0
 91
1
 92
3
 72
0
 73
1
 93
32
 10
275.483
 20
119.266
 10
274.393
 20
118.16
 10
273.241
 20
117.124
 10
272.026
 20
116.165
 10
270.752
 20
115.286
 10
269.424
 20
114.485
 10
268.049
 20
113.757
 10
266.636
 20
113.093
 10
265.197
 20
112.483
 10
263.742
 20
111.911
 10
262.283
 20
111.362
 10
260.83
 20
110.82
 10
259.39
 20
110.27
 10
257.97
 20
109.698
 10
256.576
 20
109.092
 10
255.207
 20
108.444
 10
255.198
 20
108.461
 10
256.533
 20
109.171
 10
257.894
 20
109.834
 10
259.281
 20
110.457
 10
260.692
 20
111.05
 10
262.121
 20
111.624
 10
263.561
 20
112.195
 10
265.004
 20
112.776
 10
266.439
 20
113.384
 10
267.856
 20
114.033
 10
269.244
 20
114.736
 10
270.593
 20
115.501
 10
271.896
 20
116.337
 10
273.145
 20
117.246
 10
274.337
 20
118.229
 10
275.47
 20
119.282
 97
0
 75
0
 76
1
 98
0
  0
HATCH
  5
14D
330
17
100
AcDbEntity
  8
RASTER
 62
7
100
AcDbHatch
 10
0.0
 20
0.0
 30
0.0
210
0.0
220
0.0
230
1.0
  2
SOLID
 70
1
 71
0
 91
1
 92
3
 72
0
 73
1
 93
30
 10
239.355
 20
101.126
 10
237.873
 20
100.479
 10
236.389
 20
99.82
 10
234.897
 20
99.168
 10
233.392
 20
98.542
 10
231.869
 20
97.96
 10
230.326
 20
97.439
 10
228.761
 20
96.994
 10
227.176
 20
96.632
 10
225.573
 20
96.358
 10
223.956
 20
96.166
 10
222.331
 20
96.048
 10
220.7
 20
95.99
 10
219.07
 20
95.972
 10
217.443
 20
95.976
 10
217.441
 20
95.995
 10
219.058
 20
96.061
 10
220.678
 20
96.144
 10
222.296
 20
96.261
 10
223.91
 20
96.427
 10
225.515
 20
96.654
 10
227.109
 20
96.951
 10
228.688
 20
97.319
 10
230.25
 20
97.755
 10
231.794
 20
98.252
 10
233.323
 20
98.797
 10
234.838
 20
99.375
 10
236.344
 20
99.969
 10
237.846
 20
100.564
 10
239.349
 20
101.145
 97
0
 75
0
 76
1
 98
0
  0
HATCH
  5
14E
330
17
100
AcDbEntity
  8
RASTER
 62
7
100
AcDbHatch
 10
0.0
 20
0.0
 30
0.0
210
0.0
220
0.0
230
1.0
  2
SOLID
 70
1
 71
0
 91
1
 92
3
 72
0
 73
1
 93
14
 10
210.204
 20
93.692
 10
208.821
 20
92.987
 10
207.418
 20
92.423
 10
205.998
 20
92.09
 10
204.571
 20
92.041
 10
203.146
 20
92.277
 10
201.733
 20
92.754
 10
201.734
 20
92.774
 10
203.15
 20
92.542
 10
204.571
 20
92.484
 10
205.992
 20
92.599
 10
207.407
 20
92.866
 10
208.811
 20
93.251
 10
210.203
 20
93.712
 97
0
 75
0
 76
1
 98
0
  0
HATCH
  5
14F
330
17
100
AcDbEntity
  8
RASTER
 62
7
100
AcDbHatch
 10
0.0
 20
0.0
 30
0.0
210
0.0
220
0.0
230
1.0
  2
SOLID
 70
1
 71
0
 91
1
 92
3
 72
0
 73
1
 93
14
 10
189.291
 20
92.848
 10
188.108
 20
92.984
 10
186.936
 20
93.192
 10
185.779
 20
93.487
 10
184.64
 20
93.869
 10
183.518
 20
94.319
 10
182.408
 20
94.802
 10
182.412
 20
94.821
 10
183.569
 20
94.582
 10
184.721
 20
94.312
 10
185.866
 20
93.997
 10
187.007
 20
93.637
 10
188.147
 20
93.25
 10
189.293
 20
92.868
 97
0
 75
0
 76
1
 98
0
  0
HATCH
  5
150
330
17
100
AcDbEntity
  8
RASTER
 62
7
100
AcDbHatch
 10
0.0
 20
0.0
 30
0.0
210
0.0
220
0.0
230
1.0
  2
SOLID
 70
1
 71
0
 91
1
 92
3
 72
0
 73
1
 93
20
 10
173.623
 20
93.919
 10
172.14
 20
94.559
 10
170.746
 20
95.466
 10
169.415
 20
96.528
 10
168.106
 20
97.603
 10
166.771
 20
98.554
 10
165.366
 20
99.282
 10
163.865
 20
99.748
 10
162.268
 20
99.984
 10
160.599
 20
100.078
 10
160.607
 20
100.097
 10
162.323
 20
100.119
 10
163.959
 20
99.988
 10
165.485
 20
99.6
 10
166.9
 20
98.915
 10
168.23
 20
97.965
 10
169.52
 20
96.851
 10
170.822
 20
95.712
 10
172.181
 20
94.699
 10
173.628
 20
93.938
 97
0
 75
0
 76
1
 98
0
  0
HATCH
  5
151
330
17
100
AcDbEntity
  8
RASTER
 62
7
100
AcDbHatch
 10
0.0
 20
0.0
 30
0.0
210
0.0
220
0.0
230
1.0
  2
SOLID
 70
1
 71
0
 91
1
 92
3
 72
0
 73
1
 93
20
 10
146.308
 20
108.328
 10
145.057
 20
109.281
 10
143.825
 20
110.255
 10
142.602
 20
111.235
 10
141.377
 20
112.205
 10
140.141
 20
113.156
 10
138.888
 20
114.079
 10
137.615
 20
114.974
 10
136.323
 20
115.847
 10
135.015
 20
116.705
 10
135.027
 20
116.72
 10
136.432
 20
115.989
 10
137.807
 20
115.231
 10
139.138
 20
114.423
 10
140.418
 20
113.549
 10
141.649
 20
112.602
 10
142.837
 20
111.589
 10
143.999
 20
110.525
 10
145.153
 20
109.434
 10
146.318
 20
108.345
 97
0
 75
0
 76
1
 98
0
  0
HATCH
  5
152
330
17
100
AcDbEntity
  8
RASTER
 62
7
100
AcDbHatch
 10
0.0
 20
0.0
 30
0.0
210
0.0
220
0.0
230
1.0
  2
SOLID
 70
1
 71
0
 91
1
 92
3
 72
0
 73
1
 93
28
 10
124.776
 20
122.417
 10
123.549
 20
123.544
 10
122.381
 20
124.731
 10
121.272
 20
125.975
 10
120.218
 20
127.267
 10
119.211
 20
128.597
 10
118.238
 20
129.952
 10
117.288
 20
131.319
 10
116.344
 20
132.687
 10
115.396
 20
134.046
 10
114.434
 20
135.39
 10
113.451
 20
136.717
 10
112.447
 20
138.029
 10
111.425
 20
139.33
 10
111.442
 20
139.342
 10
112.533
 20
138.091
 10
113.601
 20
136.829
 10
114.639
 20
135.547
 10
115.644
 20
134.242
 10
116.62
 20
132.912
 10
117.576
 20
131.561
 10
118.523
 20
130.198
 10
119.477
 20
128.833
 10
120.451
 20
127.48
 10
121.46
 20
126.152
 10
122.515
 20
124.862
 10
123.624
 20
123.619
 10
124.79
 20
122.431
 97
0
 75
0
 76
1
 98
0
  0
HATCH
  5
153
330
17
100
AcDbEntity
  8
RASTER
 62
7
100
AcDbHatch
 10
0.0
 20
0.0
 30
0.0
210
0.0
220
0.0
230
1.0
  2
SOLID
 70
1
 71
0
 91
1
 92
3
 72
0
 73
1
 93
28
 10
104.018
 20
153.9
 10
103.234
 20
155.272
 10
102.512
 20
156.678
 10
101.858
 20
158.115
 10
101.269
 20
159.582
 10
100.745
 20
161.073
 10
100.278
 20
162.586
 10
99.861
 20
164.113
 10
99.483
 20
165.65
 10
99.133
 20
167.192
 10
98.798
 20
168.733
 10
98.467
 20
170.271
 10
98.128
 20
171.801
 10
97.774
 20
173.323
 10
97.793
 20
173.329
 10
98.253
 20
171.84
 10
98.691
 20
170.343
 10
99.108
 20
168.839
 10
99.511
 20
167.326
 10
99.908
 20
165.808
 10
100.309
 20
164.286
 10
100.724
 20
162.765
 10
101.163
 20
161.249
 10
101.638
 20
159.742
 10
102.156
 20
158.25
 10
102.726
 20
156.778
 10
103.352
 20
155.33
 10
104.036
 20
153.909
 97
0
 75
0
 76
1
 98
0
  0
HATCH
  5
154
330
17
100
AcDbEntity
  8
RASTER
 62
7
100
AcDbHatch
 10
0.0
 20
0.0
 30
0.0
210
0.0
220
0.0
230
1.0
  2
SOLID
 70
1
 71
0
 91
1
 92
3
 72
0
 73
1
 93
14
 10
97.524
 20
181.83
 10
96.804
 20
183.237
 10
96.111
 20
184.661
 10
95.489
 20
186.108
 10
94.973
 20
187.583
 10
94.582
 20
189.083
 10
94.319
 20
190.604
 10
94.339
 20
190.607
 10
94.772
 20
189.11
 10
95.287
 20
187.631
 10
95.848
 20
186.169
 10
96.424
 20
184.718
 10
96.993
 20
183.274
 10
97.543
 20
181.835
 97
0
 75
0
 76
1
 98
0
  0
HATCH
  5
155
330
17
100
AcDbEntity
  8
RASTER
 62
7
100
AcDbHatch
 10
0.0
 20
0.0
 30
0.0
210
0.0
220
0.0
230
1.0
  2
SOLID
 70
1
 71
0
 91
1
 92
3
 72
0
 73
1
 93
24
 10
90.648
 20
199.625
 10
90.928
 20
201.307
 10
91.071
 20
202.978
 10
91.034
 20
204.644
 10
90.816
 20
206.314
 10
90.462
 20
207.995
 10
90.053
 20
209.69
 10
89.688
 20
211.397
 10
89.463
 20
213.107
 10
89.451
 20
214.808
 10
89.688
 20
216.489
 10
90.163
 20
218.14
 10
90.183
 20
218.137
 10
89.808
 20
216.477
 10
89.662
 20
214.79
 10
89.75
 20
213.086
 10
90.03
 20
211.377
 10
90.425
 20
209.674
 10
90.834
 20
207.984
 10
91.159
 20
206.309
 10
91.322
 20
204.644
 10
91.283
 20
202.981
 10
91.048
 20
201.311
 10
90.668
 20
199.626
 97
0
 75
0
 76
1
 98
0
  0
HATCH
  5
156
330
17
100
AcDbEntity
  8
RASTER
 62
7
100
AcDbHatch
 10
0.0
 20
0.0
 30
0.0
210
0.0
220
0.0
230
1.0
  2
SOLID
 70
1
 71
0
 91
1
 92
3
 72
0
 73
1
 93
14
 10
97.801
 20
231.191
 10
97.901
 20
232.576
 10
98.063
 20
233.95
 10
98.313
 20
235.303
 10
98.663
 20
236.63
 10
99.111
 20
237.928
 10
99.637
 20
239.199
 10
99.656
 20
239.193
 10
99.317
 20
237.863
 10
99.007
 20
236.527
 10
98.709
 20
235.189
 10
98.409
 20
233.854
 10
98.11
 20
232.521
 10
97.821
 20
231.186
 97
0
 75
0
 76
1
 98
0
  0
HATCH
  5
157
330
17
100
AcDbEntity
  8
RASTER
 62
7
100
AcDbHatch
 10
0.0
 20
0.0
 30
0.0
210
0.0
220
0.0
230
1.0
  2
SOLID
 70
1
 71
0
 91
1
 92
3
 72
0
 73
1
 93
30
 10
102.592
 20
251.682
 10
103.352
 20
253.082
 10
104.045
 20
254.513
 10
104.671
 20
255.978
 10
105.238
 20
257.479
 10
105.76
 20
259.011
 10
106.257
 20
260.567
 10
106.752
 20
262.134
 10
107.27
 20
263.7
 10
107.836
 20
265.248
 10
108.473
 20
266.762
 10
109.198
 20
268.227
 10
110.024
 20
269.63
 10
110.956
 20
270.961
 10
111.992
 20
272.217
 10
112.008
 20
272.205
 10
111.061
 20
270.887
 10
110.216
 20
269.498
 10
109.47
 20
268.046
 10
108.812
 20
266.543
 10
108.228
 20
265.003
 10
107.696
 20
263.442
 10
107.192
 20
261.876
 10
106.69
 20
260.32
 10
106.165
 20
258.789
 10
105.594
 20
257.29
 10
104.961
 20
255.829
 10
104.254
 20
254.409
 10
103.469
 20
253.026
 10
102.61
 20
251.673
 97
0
 75
0
 76
1
 98
0
  0
HATCH
  5
158
330
17
100
AcDbEntity
  8
RASTER
 62
7
100
AcDbHatch
 10
0.0
 20
0.0
 30
0.0
210
0.0
220
0.0
230
1.0
  2
SOLID
 70
1
 71
0
 91
1
 92
3
 72
0
 73
1
 93
36
 10
120.898
 20
282.287
 10
121.995
 20
283.483
 10
123.237
 20
284.538
 10
124.594
 20
285.471
 10
126.02
 20
286.32
 10
127.46
 20
287.138
 10
128.863
 20
287.981
 10
130.189
 20
288.897
 10
131.416
 20
289.92
 10
132.545
 20
291.06
 10
133.597
 20
292.302
 10
134.61
 20
293.606
 10
135.632
 20
294.918
 10
136.709
 20
296.175
 10
137.879
 20
297.321
 10
139.165
 20
298.314
 10
140.57
 20
299.135
 10
142.078
 20
299.794
 10
142.089
 20
299.777
 10
140.622
 20
299.059
 10
139.258
 20
298.181
 10
138.012
 20
297.137
 10
136.879
 20
295.947
 10
135.835
 20
294.652
 10
134.84
 20
293.313
 10
133.847
 20
291.992
 10
132.808
 20
290.744
 10
131.684
 20
289.608
 10
130.453
 20
288.599
 10
129.113
 20
287.705
 10
127.688
 20
286.894
 10
126.217
 20
286.115
 10
124.754
 20
285.31
 10
123.353
 20
284.425
 10
122.062
 20
283.419
 10
120.913
 20
282.274
 97
0
 75
0
 76
1
 98
0
  0
HATCH
  5
159
330
17
100
AcDbEntity
  8
RASTER
 62
7
100
AcDbHatch
 10
0.0
 20
0.0
 30
0.0
210
0.0
220
0.0
230
1.0
  2
SOLID
 70
1
 71
0
 91
1
 92
3
 72
0
 73
1
 93
34
 10
153.174
 20
306.567
 10
154.409
 20
307.738
 10
155.715
 20
308.79
 10
157.123
 20
309.646
 10
158.638
 20
310.27
 10
160.245
 20
310.67
 10
161.913
 20
310.901
 10
163.6
 20
311.049
 10
165.267
 20
311.216
 10
166.881
 20
311.494
 10
168.429
 20
311.945
 10
169.913
 20
312.587
 10
171.352
 20
313.39
 10
172.777
 20
314.28
 10
174.218
 20
315.159
 10
175.702
 20
315.924
 10
177.245
 20
316.492
 10
177.25
 20
316.472
 10
175.722
 20
315.846
 10
174.254
 20
315.025
 10
172.83
 20
314.095
 10
171.423
 20
313.16
 10
169.998
 20
312.322
 10
168.527
 20
311.653
 10
166.989
 20
311.187
 10
165.381
 20
310.905
 10
163.717
 20
310.746
 10
162.028
 20
310.616
 10
160.353
 20
310.413
 10
158.733
 20
310.05
 10
157.202
 20
309.471
 10
155.775
 20
308.664
 10
154.444
 20
307.666
 10
153.183
 20
306.549
 97
0
 75
0
 76
1
 98
0
  0
HATCH
  5
15A
330
17
100
AcDbEntity
  8
RASTER
 62
7
100
AcDbHatch
 10
0.0
 20
0.0
 30
0.0
210
0.0
220
0.0
230
1.0
  2
SOLID
 70
1
 71
0
 91
1
 92
3
 72
0
 73
1
 93
30
 10
319.451
 20
216.09
 10
319.453
 20
214.52
 10
319.462
 20
212.953
 10
319.485
 20
211.39
 10
319.529
 20
209.829
 10
319.596
 20
208.271
 10
319.686
 20
206.712
 10
319.795
 20
205.151
 10
319.919
 20
203.588
 10
320.048
 20
202.02
 10
320.174
 20
200.449
 10
320.286
 20
198.873
 10
320.372
 20
197.293
 10
320.421
 20
195.712
 10
320.423
 20
194.13
 10
320.403
 20
194.132
 10
320.321
 20
195.72
 10
320.195
 20
197.305
 10
320.041
 20
198.885
 10
319.871
 20
200.46
 10
319.702
 20
202.028
 10
319.545
 20
203.591
 10
319.413
 20
205.149
 10
319.313
 20
206.705
 10
319.25
 20
208.26
 10
319.226
 20
209.816
 10
319.24
 20
211.375
 10
319.285
 20
212.94
 10
319.352
 20
214.511
 10
319.431
 20
216.088
 97
0
 75
0
 76
1
 98
0
  0
HATCH
  5
15B
330
17
100
AcDbEntity
  8
RASTER
 62
7
100
AcDbHatch
 10
0.0
 20
0.0
 30
0.0
210
0.0
220
0.0
230
1.0
  2
SOLID
 70
1
 71
0
 91
1
 92
3
 72
0
 73
1
 93
14
 10
325.294
 20
183.759
 10
325.227
 20
182.358
 10
324.999
 20
180.984
 10
324.595
 20
179.645
 10
324.03
 20
178.345
 10
323.343
 20
177.08
 10
322.594
 20
175.838
 10
322.574
 20
175.843
 10
323.11
 20
177.133
 10
323.641
 20
178.431
 10
324.148
 20
179.738
 10
324.608
 20
181.06
 10
324.993
 20
182.401
 10
325.275
 20
183.762
 97
0
 75
0
 76
1
 98
0
  0
HATCH
  5
15C
330
17
100
AcDbEntity
  8
RASTER
 62
7
100
AcDbHatch
 10
0.0
 20
0.0
 30
0.0
210
0.0
220
0.0
230
1.0
  2
SOLID
 70
1
 71
0
 91
1
 92
3
 72
0
 73
1
 93
32
 10
314.042
 20
164.306
 10
313.704
 20
162.728
 10
313.337
 20
161.153
 10
312.925
 20
159.59
 10
312.454
 20
158.046
 10
311.913
 20
156.528
 10
311.294
 20
155.042
 10
310.597
 20
153.592
 10
309.823
 20
152.18
 10
308.979
 20
150.806
 10
308.075
 20
149.468
 10
307.126
 20
148.16
 10
306.146
 20
146.876
 10
305.151
 20
145.608
 10
304.155
 20
144.347
 10
303.173
 20
143.084
 10
303.156
 20
143.094
 10
304.053
 20
144.409
 10
304.965
 20
145.717
 10
305.883
 20
147.026
 10
306.796
 20
148.342
 10
307.691
 20
149.673
 10
308.556
 20
151.025
 10
309.378
 20
152.402
 10
310.149
 20
153.808
 10
310.863
 20
155.243
 10
311.515
 20
156.706
 10
312.108
 20
158.195
 10
312.646
 20
159.706
 10
313.138
 20
161.233
 10
313.593
 20
162.771
 10
314.024
 20
164.313
 97
0
 75
0
 76
1
 98
0
  0
HATCH
  5
15D
330
17
100
AcDbEntity
  8
RASTER
 62
7
100
AcDbHatch
 10
0.0
 20
0.0
 30
0.0
210
0.0
220
0.0
230
1.0
  2
SOLID
 70
1
 71
0
 91
1
 92
3
 72
0
 73
1
 93
28
 10
296.745
 20
126.951
 10
295.655
 20
125.706
 10
294.462
 20
124.551
 10
293.194
 20
123.47
 10
291.884
 20
122.436
 10
290.57
 20
121.415
 10
289.286
 20
120.374
 10
288.055
 20
119.285
 10
286.886
 20
118.135
 10
285.772
 20
116.924
 10
284.694
 20
115.667
 10
283.623
 20
114.393
 10
282.526
 20
113.139
 10
281.373
 20
111.942
 10
281.36
 20
111.958
 10
282.443
 20
113.237
 10
283.472
 20
114.566
 10
284.481
 20
115.904
 10
285.506
 20
117.211
 10
286.581
 20
118.455
 10
287.728
 20
119.62
 10
288.955
 20
120.704
 10
290.253
 20
121.723
 10
291.599
 20
122.704
 10
292.958
 20
123.686
 10
294.291
 20
124.704
 10
295.558
 20
125.789
 10
296.73
 20
126.964
 97
0
 75
0
 76
1
 98
0
  0
HATCH
  5
15E
330
17
100
AcDbEntity
  8
RASTER
 62
7
100
AcDbHatch
 10
0.0
 20
0.0
 30
0.0
210
0.0
220
0.0
230
1.0
  2
SOLID
 70
1
 71
0
 91
1
 92
3
 72
0
 73
1
 93
32
 10
273.185
 20
108.802
 10
271.914
 20
107.765
 10
270.55
 20
106.86
 10
269.103
 20
106.083
 10
267.589
 20
105.419
 10
266.032
 20
104.839
 10
264.457
 20
104.305
 10
262.891
 20
103.776
 10
261.355
 20
103.211
 10
259.864
 20
102.579
 10
258.423
 20
101.859
 10
257.031
 20
101.045
 10
255.677
 20
100.147
 10
254.345
 20
99.188
 10
253.015
 20
98.206
 10
251.666
 20
97.241
 10
251.658
 20
97.259
 10
252.977
 20
98.289
 10
254.277
 20
99.334
 10
255.579
 20
100.347
 10
256.906
 20
101.292
 10
258.275
 20
102.142
 10
259.698
 20
102.886
 10
261.178
 20
103.528
 10
262.71
 20
104.09
 10
264.279
 20
104.604
 10
265.865
 20
105.111
 10
267.441
 20
105.653
 10
268.981
 20
106.27
 10
270.461
 20
106.993
 10
271.861
 20
107.841
 10
273.173
 20
108.818
 97
0
 75
0
 76
1
 98
0
  0
HATCH
  5
15F
330
17
100
AcDbEntity
  8
RASTER
 62
7
100
AcDbHatch
 10
0.0
 20
0.0
 30
0.0
210
0.0
220
0.0
230
1.0
  2
SOLID
 70
1
 71
0
 91
1
 92
3
 72
0
 73
1
 93
18
 10
245.408
 20
92.908
 10
243.841
 20
92.41
 10
242.264
 20
91.949
 10
240.676
 20
91.527
 10
239.078
 20
91.142
 10
237.474
 20
90.792
 10
235.865
 20
90.471
 10
234.254
 20
90.167
 10
232.645
 20
89.871
 10
232.64
 20
89.891
 10
234.217
 20
90.312
 10
235.797
 20
90.72
 10
237.382
 20
91.111
 10
238.975
 20
91.484
 10
240.575
 20
91.843
 10
242.182
 20
92.195
 10
243.792
 20
92.551
 10
245.401
 20
92.927
 97
0
 75
0
 76
1
 98
0
  0
HATCH
  5
160
330
17
100
AcDbEntity
  8
RASTER
 62
7
100
AcDbHatch
 10
0.0
 20
0.0
 30
0.0
210
0.0
220
0.0
230
1.0
  2
SOLID
 70
1
 71
0
 91
1
 92
3
 72
0
 73
1
 93
14
 10
222.996
 20
84.095
 10
221.653
 20
83.899
 10
220.298
 20
83.799
 10
218.932
 20
83.808
 10
217.558
 20
83.924
 10
216.182
 20
84.125
 10
214.809
 20
84.375
 10
214.807
 20
84.395
 10
216.158
 20
84.374
 10
217.513
 20
84.341
 10
218.875
 20
84.286
 10
220.244
 20
84.215
 10
221.618
 20
84.147
 10
222.993
 20
84.115
 97
0
 75
0
 76
1
 98
0
  0
HATCH
  5
161
330
17
100
AcDbEntity
  8
RASTER
 62
7
100
AcDbHatch
 10
0.0
 20
0.0
 30
0.0
210
0.0
220
0.0
230
1.0
  2
SOLID
 70
1
 71
0
 91
1
 92
3
 72
0
 73
1
 93
28
 10
196.734
 20
87.073
 10
195.203
 20
87.201
 10
193.672
 20
87.314
 10
192.138
 20
87.413
 10
190.601
 20
87.5
 10
189.061
 20
87.582
 10
187.518
 20
87.666
 10
185.973
 20
87.763
 10
184.428
 20
87.881
 10
182.885
 20
88.032
 10
181.347
 20
88.223
 10
179.816
 20
88.464
 10
178.296
 20
88.759
 10
176.788
 20
89.111
 10
176.792
 20
89.13
 10
178.32
 20
88.867
 10
179.858
 20
88.656
 10
181.401
 20
88.49
 10
182.946
 20
88.359
 10
184.492
 20
88.251
 10
186.036
 20
88.155
 10
187.575
 20
88.059
 10
189.11
 20
87.954
 10
190.641
 20
87.83
 10
192.167
 20
87.683
 10
193.69
 20
87.51
 10
195.212
 20
87.312
 10
196.735
 20
87.093
 97
0
 75
0
 76
1
 98
0
  0
HATCH
  5
162
330
17
100
AcDbEntity
  8
RASTER
 62
7
100
AcDbHatch
 10
0.0
 20
0.0
 30
0.0
210
0.0
220
0.0
230
1.0
  2
SOLID
 70
1
 71
0
 91
1
 92
3
 72
0
 73
1
 93
24
 10
168.321
 20
94.612
 10
166.656
 20
94.523
 10
164.96
 20
94.394
 10
163.28
 20
94.361
 10
161.665
 20
94.541
 10
160.157
 20
95.012
 10
158.774
 20
95.791
 10
157.513
 20
96.836
 10
156.342
 20
98.05
 10
155.21
 20
99.309
 10
154.057
 20
100.484
 10
152.827
 20
101.473
 10
152.836
 20
101.491
 10
154.115
 20
100.604
 10
155.311
 20
99.524
 10
156.476
 20
98.345
 10
157.668
 20
97.19
 10
158.937
 20
96.177
 10
160.314
 20
95.4
 10
161.806
 20
94.901
 10
163.394
 20
94.664
 10
165.041
 20
94.618
 10
166.7
 20
94.65
 10
168.327
 20
94.631
 97
0
 75
0
 76
1
 98
0
  0
HATCH
  5
163
330
17
100
AcDbEntity
  8
RASTER
 62
7
100
AcDbHatch
 10
0.0
 20
0.0
 30
0.0
210
0.0
220
0.0
230
1.0
  2
SOLID
 70
1
 71
0
 91
1
 92
3
 72
0
 73
1
 93
34
 10
138.434
 20
108.19
 10
136.862
 20
108.641
 10
135.321
 20
109.158
 10
133.859
 20
109.802
 10
132.514
 20
110.615
 10
131.306
 20
111.609
 10
130.236
 20
112.771
 10
129.28
 20
114.062
 10
128.397
 20
115.422
 10
127.535
 20
116.788
 10
126.639
 20
118.098
 10
125.662
 20
119.306
 10
124.574
 20
120.389
 10
123.366
 20
121.348
 10
122.056
 20
122.21
 10
120.681
 20
123.021
 10
119.297
 20
123.839
 10
119.311
 20
123.853
 10
120.762
 20
123.1
 10
122.199
 20
122.353
 10
123.564
 20
121.551
 10
124.819
 20
120.647
 10
125.944
 20
119.611
 10
126.946
 20
118.44
 10
127.856
 20
117.154
 10
128.719
 20
115.799
 10
129.591
 20
114.436
 10
130.525
 20
113.128
 10
131.563
 20
111.935
 10
132.731
 20
110.897
 10
134.029
 20
110.03
 10
135.44
 20
109.322
 10
136.927
 20
108.733
 10
138.445
 20
108.206
 97
0
 75
0
 76
1
 98
0
  0
HATCH
  5
164
330
17
100
AcDbEntity
  8
RASTER
 62
7
100
AcDbHatch
 10
0.0
 20
0.0
 30
0.0
210
0.0
220
0.0
230
1.0
  2
SOLID
 70
1
 71
0
 91
1
 92
3
 72
0
 73
1
 93
14
 10
114.509
 20
125.903
 10
113.647
 20
126.726
 10
112.823
 20
127.583
 10
112.05
 20
128.485
 10
111.336
 20
129.435
 10
110.675
 20
130.426
 10
110.055
 20
131.445
 10
110.071
 20
131.458
 10
110.826
 20
130.544
 10
111.583
 20
129.634
 10
112.331
 20
128.716
 10
113.066
 20
127.787
 10
113.793
 20
126.851
 10
114.524
 20
125.916
 97
0
 75
0
 76
1
 98
0
  0
HATCH
  5
165
330
17
100
AcDbEntity
  8
RASTER
 62
7
100
AcDbHatch
 10
0.0
 20
0.0
 30
0.0
210
0.0
220
0.0
230
1.0
  2
SOLID
 70
1
 71
0
 91
1
 92
3
 72
0
 73
1
 93
24
 10
103.1
 20
138.288
 10
102.093
 20
139.529
 10
101.065
 20
140.764
 10
100.038
 20
142.006
 10
99.035
 20
143.27
 10
98.079
 20
144.567
 10
97.191
 20
145.906
 10
96.386
 20
147.294
 10
95.672
 20
148.731
 10
95.049
 20
150.212
 10
94.508
 20
151.729
 10
94.031
 20
153.272
 10
94.049
 20
153.28
 10
94.642
 20
151.794
 10
95.288
 20
150.331
 10
95.997
 20
148.898
 10
96.771
 20
147.498
 10
97.605
 20
146.133
 10
98.49
 20
144.798
 10
99.411
 20
143.488
 10
100.351
 20
142.194
 10
101.292
 20
140.904
 10
102.218
 20
139.609
 10
103.117
 20
138.299
 97
0
 75
0
 76
1
 98
0
  0
HATCH
  5
166
330
17
100
AcDbEntity
  8
RASTER
 62
7
100
AcDbHatch
 10
0.0
 20
0.0
 30
0.0
210
0.0
220
0.0
230
1.0
  2
SOLID
 70
1
 71
0
 91
1
 92
3
 72
0
 73
1
 93
28
 10
97.289
 20
159.619
 10
96.409
 20
160.982
 10
95.642
 20
162.397
 10
95.013
 20
163.869
 10
94.528
 20
165.395
 10
94.178
 20
166.965
 10
93.941
 20
168.567
 10
93.78
 20
170.185
 10
93.651
 20
171.803
 10
93.51
 20
173.408
 10
93.318
 20
174.991
 10
93.044
 20
176.548
 10
92.675
 20
178.078
 10
92.212
 20
179.588
 10
92.231
 20
179.592
 10
92.778
 20
178.103
 10
93.224
 20
176.593
 10
93.565
 20
175.057
 10
93.811
 20
173.493
 10
93.989
 20
171.903
 10
94.136
 20
170.296
 10
94.296
 20
168.683
 10
94.512
 20
167.079
 10
94.822
 20
165.5
 10
95.253
 20
163.958
 10
95.815
 20
162.464
 10
96.506
 20
161.021
 10
97.307
 20
159.627
 97
0
 75
0
 76
1
 98
0
  0
HATCH
  5
167
330
17
100
AcDbEntity
  8
RASTER
 62
7
100
AcDbHatch
 10
0.0
 20
0.0
 30
0.0
210
0.0
220
0.0
230
1.0
  2
SOLID
 70
1
 71
0
 91
1
 92
3
 72
0
 73
1
 93
16
 10
83.23
 20
192.6
 10
83.193
 20
194.228
 10
83.185
 20
195.855
 10
83.202
 20
197.48
 10
83.237
 20
199.104
 10
83.281
 20
200.725
 10
83.319
 20
202.343
 10
83.337
 20
203.959
 10
83.357
 20
203.959
 10
83.511
 20
202.347
 10
83.611
 20
200.735
 10
83.643
 20
199.122
 10
83.607
 20
197.504
 10
83.514
 20
195.878
 10
83.385
 20
194.244
 10
83.25
 20
192.602
 97
0
 75
0
 76
1
 98
0
  0
HATCH
  5
168
330
17
100
AcDbEntity
  8
RASTER
 62
7
100
AcDbHatch
 10
0.0
 20
0.0
 30
0.0
210
0.0
220
0.0
230
1.0
  2
SOLID
 70
1
 71
0
 91
1
 92
3
 72
0
 73
1
 93
18
 10
86.344
 20
215.179
 10
86.634
 20
216.828
 10
86.926
 20
218.474
 10
87.222
 20
220.117
 10
87.521
 20
221.757
 10
87.823
 20
223.394
 10
88.123
 20
225.031
 10
88.419
 20
226.669
 10
88.703
 20
228.309
 10
88.723
 20
228.305
 10
88.553
 20
226.643
 10
88.356
 20
224.99
 10
88.122
 20
223.346
 10
87.844
 20
221.709
 10
87.522
 20
220.077
 10
87.161
 20
218.447
 10
86.77
 20
216.814
 10
86.364
 20
215.177
 97
0
 75
0
 76
1
 98
0
  0
HATCH
  5
169
330
17
100
AcDbEntity
  8
RASTER
 62
7
100
AcDbHatch
 10
0.0
 20
0.0
 30
0.0
210
0.0
220
0.0
230
1.0
  2
SOLID
 70
1
 71
0
 91
1
 92
3
 72
0
 73
1
 93
26
 10
94.284
 20
244.979
 10
94.734
 20
246.478
 10
95.158
 20
247.992
 10
95.569
 20
249.515
 10
95.986
 20
251.042
 10
96.428
 20
252.564
 10
96.914
 20
254.072
 10
97.461
 20
255.556
 10
98.08
 20
257.01
 10
98.778
 20
258.425
 10
99.555
 20
259.8
 10
100.407
 20
261.133
 10
101.321
 20
262.427
 10
101.338
 20
262.418
 10
100.502
 20
261.081
 10
99.724
 20
259.711
 10
99.011
 20
258.307
 10
98.363
 20
256.871
 10
97.777
 20
255.406
 10
97.243
 20
253.921
 10
96.748
 20
252.422
 10
96.276
 20
250.918
 10
95.811
 20
249.416
 10
95.335
 20
247.922
 10
94.835
 20
246.44
 10
94.302
 20
244.972
 97
0
 75
0
 76
1
 98
0
  0
HATCH
  5
16A
330
17
100
AcDbEntity
  8
RASTER
 62
7
100
AcDbHatch
 10
0.0
 20
0.0
 30
0.0
210
0.0
220
0.0
230
1.0
  2
SOLID
 70
1
 71
0
 91
1
 92
3
 72
0
 73
1
 93
30
 10
105.225
 20
271.632
 10
106.138
 20
272.949
 10
107.091
 20
274.237
 10
108.08
 20
275.497
 10
109.103
 20
276.73
 10
110.155
 20
277.938
 10
111.231
 20
279.124
 10
112.326
 20
280.292
 10
113.433
 20
281.445
 10
114.549
 20
282.587
 10
115.668
 20
283.722
 10
116.787
 20
284.854
 10
117.904
 20
285.986
 10
119.018
 20
287.12
 10
120.127
 20
288.258
 10
120.141
 20
288.244
 10
119.092
 20
287.048
 10
118.037
 20
285.861
 10
116.974
 20
284.683
 10
115.901
 20
283.515
 10
114.818
 20
282.354
 10
113.727
 20
281.197
 10
112.63
 20
280.043
 10
111.531
 20
278.885
 10
110.437
 20
277.72
 10
109.352
 20
276.542
 10
108.284
 20
275.348
 10
107.239
 20
274.131
 10
106.223
 20
272.89
 10
105.242
 20
271.621
 97
0
 75
0
 76
1
 98
0
  0
HATCH
  5
16B
330
17
100
AcDbEntity
  8
RASTER
 62
7
100
AcDbHatch
 10
0.0
 20
0.0
 30
0.0
210
0.0
220
0.0
230
1.0
  2
SOLID
 70
1
 71
0
 91
1
 92
3
 72
0
 73
1
 93
30
 10
124.214
 20
290.669
 10
125.434
 20
291.662
 10
126.694
 20
292.606
 10
127.98
 20
293.515
 10
129.275
 20
294.407
 10
130.566
 20
295.297
 10
131.842
 20
296.202
 10
133.094
 20
297.132
 10
134.323
 20
298.093
 10
135.53
 20
299.084
 10
136.724
 20
300.097
 10
137.916
 20
301.121
 10
139.118
 20
302.136
 10
140.344
 20
303.125
 10
141.603
 20
304.069
 10
141.613
 20
304.052
 10
140.41
 20
303.024
 10
139.239
 20
301.957
 10
138.088
 20
300.873
 10
136.941
 20
299.793
 10
135.782
 20
298.739
 10
134.6
 20
297.725
 10
133.383
 20
296.759
 10
132.128
 20
295.841
 10
130.837
 20
294.966
 10
129.515
 20
294.121
 10
128.177
 20
293.287
 10
126.838
 20
292.444
 10
125.515
 20
291.573
 10
124.228
 20
290.655
 97
0
 75
0
 76
1
 98
0
  0
HATCH
  5
16C
330
17
100
AcDbEntity
  8
RASTER
 62
7
100
AcDbHatch
 10
0.0
 20
0.0
 30
0.0
210
0.0
220
0.0
230
1.0
  2
SOLID
 70
1
 71
0
 91
1
 92
3
 72
0
 73
1
 93
34
 10
143.597
 20
308.626
 10
144.962
 20
309.498
 10
146.299
 20
310.426
 10
147.616
 20
311.403
 10
148.92
 20
312.416
 10
150.225
 20
313.448
 10
151.54
 20
314.478
 10
152.876
 20
315.486
 10
154.243
 20
316.448
 10
155.648
 20
317.344
 10
157.096
 20
318.157
 10
158.588
 20
318.872
 10
160.125
 20
319.482
 10
161.702
 20
319.984
 10
163.313
 20
320.382
 10
164.952
 20
320.685
 10
166.61
 20
320.911
 10
166.617
 20
320.892
 10
164.981
 20
320.603
 10
163.364
 20
320.238
 10
161.775
 20
319.785
 10
160.22
 20
319.236
 10
158.703
 20
318.587
 10
157.227
 20
317.844
 10
155.791
 20
317.015
 10
154.394
 20
316.115
 10
153.028
 20
315.161
 10
151.688
 20
314.173
 10
150.362
 20
313.173
 10
149.042
 20
312.181
 10
147.715
 20
311.216
 10
146.373
 20
310.293
 10
145.006
 20
309.422
 10
143.607
 20
308.608
 97
0
 75
0
 76
1
 98
0
  0
HATCH
  5
16D
330
17
100
AcDbEntity
  8
RASTER
 62
7
100
AcDbHatch
 10
0.0
 20
0.0
 30
0.0
210
0.0
220
0.0
230
1.0
  2
SOLID
 70
1
 71
0
 91
1
 92
3
 72
0
 73
1
 93
18
 10
181.947
 20
321.569
 10
183.509
 20
321.779
 10
185.06
 20
322.044
 10
186.602
 20
322.364
 10
188.14
 20
322.73
 10
189.68
 20
323.116
 10
191.226
 20
323.49
 10
192.782
 20
323.819
 10
194.349
 20
324.071
 10
194.351
 20
324.051
 10
192.797
 20
323.67
 10
191.255
 20
323.232
 10
189.722
 20
322.785
 10
188.19
 20
322.374
 10
186.653
 20
322.034
 10
185.102
 20
321.787
 10
183.535
 20
321.632
 10
181.951
 20
321.549
 97
0
 75
0
 76
1
 98
0
  0
HATCH
  5
16E
330
17
100
AcDbEntity
  8
RASTER
 62
7
100
AcDbHatch
 10
0.0
 20
0.0
 30
0.0
210
0.0
220
0.0
230
1.0
  2
SOLID
 70
1
 71
0
 91
1
 92
3
 72
0
 73
1
 93
30
 10
198.446
 20
324.24
 10
200.033
 20
324.301
 10
201.622
 20
324.289
 10
203.211
 20
324.212
 10
204.797
 20
324.086
 10
206.379
 20
323.925
 10
207.957
 20
323.747
 10
209.532
 20
323.567
 10
211.104
 20
323.399
 10
212.675
 20
323.252
 10
214.247
 20
323.13
 10
215.822
 20
323.032
 10
217.4
 20
322.952
 10
218.981
 20
322.88
 10
220.565
 20
322.801
 10
220.562
 20
322.781
 10
218.966
 20
322.755
 10
217.376
 20
322.728
 10
215.792
 20
322.718
 10
214.216
 20
322.74
 10
212.645
 20
322.805
 10
211.078
 20
322.917
 10
209.512
 20
323.073
 10
207.944
 20
323.265
 10
206.373
 20
323.478
 10
204.796
 20
323.695
 10
203.215
 20
323.897
 10
201.628
 20
324.063
 10
200.038
 20
324.176
 10
198.447
 20
324.22
 97
0
 75
0
 76
1
 98
0
  0
HATCH
  5
16F
330
17
100
AcDbEntity
  8
RASTER
 62
7
100
AcDbHatch
 10
0.0
 20
0.0
 30
0.0
210
0.0
220
0.0
230
1.0
  2
SOLID
 70
1
 71
0
 91
1
 92
3
 72
0
 73
1
 93
20
 10
234.447
 20
320.794
 10
235.999
 20
320.299
 10
237.556
 20
319.828
 10
239.121
 20
319.385
 10
240.693
 20
318.965
 10
242.273
 20
318.562
 10
243.86
 20
318.167
 10
245.449
 20
317.77
 10
247.037
 20
317.357
 10
248.62
 20
316.916
 10
248.613
 20
316.897
 10
246.994
 20
317.241
 10
245.376
 20
317.568
 10
243.768
 20
317.901
 10
242.174
 20
318.261
 10
240.598
 20
318.662
 10
239.04
 20
319.115
 10
237.498
 20
319.623
 10
235.967
 20
320.18
 10
234.442
 20
320.774
 97
0
 75
0
 76
1
 98
0
  0
HATCH
  5
170
330
17
100
AcDbEntity
  8
RASTER
 62
7
100
AcDbHatch
 10
0.0
 20
0.0
 30
0.0
210
0.0
220
0.0
230
1.0
  2
SOLID
 70
1
 71
0
 91
1
 92
3
 72
0
 73
1
 93
14
 10
259.152
 20
314.096
 10
260.825
 20
313.614
 10
262.464
 20
313.047
 10
264.051
 20
312.369
 10
265.574
 20
311.569
 10
267.028
 20
310.649
 10
268.418
 20
309.626
 10
268.407
 20
309.609
 10
266.937
 20
310.495
 10
265.428
 20
311.313
 10
263.889
 20
312.074
 10
262.326
 20
312.787
 10
260.744
 20
313.455
 10
259.143
 20
314.079
 97
0
 75
0
 76
1
 98
0
  0
HATCH
  5
171
330
17
100
AcDbEntity
  8
RASTER
 62
7
100
AcDbHatch
 10
0.0
 20
0.0
 30
0.0
210
0.0
220
0.0
230
1.0
  2
SOLID
 70
1
 71
0
 91
1
 92
3
 72
0
 73
1
 93
24
 10
280.534
 20
296.782
 10
281.849
 20
295.749
 10
283.123
 20
294.668
 10
284.354
 20
293.537
 10
285.54
 20
292.358
 10
286.68
 20
291.133
 10
287.776
 20
289.867
 10
288.831
 20
288.565
 10
289.849
 20
287.235
 10
290.836
 20
285.884
 10
291.801
 20
284.519
 10
292.751
 20
283.149
 10
292.736
 20
283.136
 10
291.697
 20
284.424
 10
290.653
 20
285.711
 10
289.602
 20
286.996
 10
288.541
 20
288.276
 10
287.466
 20
289.549
 10
286.375
 20
290.811
 10
285.263
 20
292.057
 10
284.125
 20
293.281
 10
282.958
 20
294.478
 10
281.758
 20
295.642
 10
280.521
 20
296.767
 97
0
 75
0
 76
1
 98
0
  0
HATCH
  5
172
330
17
100
AcDbEntity
  8
RASTER
 62
7
100
AcDbHatch
 10
0.0
 20
0.0
 30
0.0
210
0.0
220
0.0
230
1.0
  2
SOLID
 70
1
 71
0
 91
1
 92
3
 72
0
 73
1
 93
24
 10
299.271
 20
278.917
 10
300.187
 20
277.65
 10
301.237
 20
276.485
 10
302.411
 20
275.405
 10
303.67
 20
274.374
 10
304.954
 20
273.347
 10
306.191
 20
272.274
 10
307.314
 20
271.113
 10
308.271
 20
269.838
 10
309.033
 20
268.44
 10
309.607
 20
266.933
 10
310.029
 20
265.347
 10
310.012
 20
265.337
 10
309.47
 20
266.852
 10
308.788
 20
268.29
 10
307.937
 20
269.628
 10
306.919
 20
270.857
 10
305.767
 20
271.991
 10
304.533
 20
273.058
 10
303.285
 20
274.103
 10
302.092
 20
275.174
 10
301.006
 20
276.314
 10
300.06
 20
277.554
 10
299.256
 20
278.905
 97
0
 75
0
 76
1
 98
0
  0
HATCH
  5
173
330
17
100
AcDbEntity
  8
RASTER
 62
7
100
AcDbHatch
 10
0.0
 20
0.0
 30
0.0
210
0.0
220
0.0
230
1.0
  2
SOLID
 70
1
 71
0
 91
1
 92
3
 72
0
 73
1
 93
14
 10
315.62
 20
249.301
 10
316.137
 20
247.87
 10
316.614
 20
246.425
 10
317.04
 20
244.963
 10
317.414
 20
243.485
 10
317.747
 20
241.998
 10
318.062
 20
240.509
 10
318.043
 20
240.503
 10
317.536
 20
241.928
 10
317.064
 20
243.365
 10
316.641
 20
244.819
 10
316.267
 20
246.295
 10
315.929
 20
247.789
 10
315.601
 20
249.293
 97
0
 75
0
 76
1
 98
0
  0
HATCH
  5
174
330
17
100
AcDbEntity
  8
RASTER
 62
7
100
AcDbHatch
 10
0.0
 20
0.0
 30
0.0
210
0.0
220
0.0
230
1.0
  2
SOLID
 70
1
 71
0
 91
1
 92
3
 72
0
 73
1
 93
16
 10
320.82
 20
235.541
 10
320.899
 20
233.932
 10
320.894
 20
232.311
 10
320.874
 20
230.698
 10
320.912
 20
229.106
 10
321.064
 20
227.545
 10
321.361
 20
226.015
 10
321.804
 20
224.508
 10
321.784
 20
224.505
 10
321.208
 20
225.987
 10
320.805
 20
227.494
 10
320.595
 20
229.04
 10
320.558
 20
230.627
 10
320.637
 20
232.25
 10
320.748
 20
233.894
 10
320.8
 20
235.536
 97
0
 75
0
 76
1
 98
0
  0
HATCH
  5
175
330
17
100
AcDbEntity
  8
RASTER
 62
7
100
AcDbHatch
 10
0.0
 20
0.0
 30
0.0
210
0.0
220
0.0
230
1.0
  2
SOLID
 70
1
 71
0
 91
1
 92
3
 72
0
 73
1
 93
30
 10
182.536
 20
330.415
 10
184.083
 20
330.813
 10
185.646
 20
331.127
 10
187.223
 20
331.351
 10
188.811
 20
331.488
 10
190.407
 20
331.548
 10
192.005
 20
331.547
 10
193.604
 20
331.503
 10
195.199
 20
331.439
 10
196.79
 20
331.375
 10
198.375
 20
331.329
 10
199.957
 20
331.315
 10
201.536
 20
331.339
 10
203.113
 20
331.402
 10
204.692
 20
331.496
 10
204.692
 20
331.476
 10
203.115
 20
331.273
 10
201.541
 20
331.108
 10
199.969
 20
330.992
 10
198.395
 20
330.929
 10
196.818
 20
330.917
 10
195.236
 20
330.945
 10
193.648
 20
330.998
 10
192.054
 20
331.054
 10
190.458
 20
331.092
 10
188.861
 20
331.091
 10
187.267
 20
331.03
 10
185.68
 20
330.898
 10
184.103
 20
330.687
 10
182.539
 20
330.395
 97
0
 75
0
 76
1
 98
0
  0
HATCH
  5
176
330
17
100
AcDbEntity
  8
RASTER
 62
7
100
AcDbHatch
 10
0.0
 20
0.0
 30
0.0
210
0.0
220
0.0
230
1.0
  2
SOLID
 70
1
 71
0
 91
1
 92
3
 72
0
 73
1
 93
26
 10
219.501
 20
332.816
 10
221.071
 20
332.733
 10
222.625
 20
332.52
 10
224.16
 20
332.181
 10
225.676
 20
331.739
 10
227.176
 20
331.231
 10
228.664
 20
330.697
 10
230.15
 20
330.181
 10
231.642
 20
329.715
 10
233.147
 20
329.323
 10
234.67
 20
329.01
 10
236.211
 20
328.763
 10
237.767
 20
328.558
 10
237.762
 20
328.538
 10
236.181
 20
328.645
 10
234.619
 20
328.8
 10
233.081
 20
329.033
 10
231.566
 20
329.364
 10
230.071
 20
329.79
 10
228.587
 20
330.292
 10
227.106
 20
330.838
 10
225.618
 20
331.384
 10
224.115
 20
331.887
 10
222.595
 20
332.306
 10
221.055
 20
332.613
 10
219.498
 20
332.796
 97
0
 75
0
 76
1
 98
0
  0
HATCH
  5
177
330
17
100
AcDbEntity
  8
RASTER
 62
7
100
AcDbHatch
 10
0.0
 20
0.0
 30
0.0
210
0.0
220
0.0
230
1.0
  2
SOLID
 70
1
 71
0
 91
1
 92
3
 72
0
 73
1
 93
22
 10
250.434
 20
321.466
 10
251.864
 20
320.791
 10
253.286
 20
320.104
 10
254.702
 20
319.406
 10
256.109
 20
318.696
 10
257.51
 20
317.974
 10
258.904
 20
317.241
 10
260.292
 20
316.502
 10
261.678
 20
315.759
 10
263.063
 20
315.016
 10
264.449
 20
314.277
 10
264.44
 20
314.26
 10
262.984
 20
314.868
 10
261.54
 20
315.491
 10
260.111
 20
316.138
 10
258.697
 20
316.814
 10
257.299
 20
317.522
 10
255.914
 20
318.263
 10
254.539
 20
319.033
 10
253.17
 20
319.827
 10
251.801
 20
320.635
 10
250.427
 20
321.447
 97
0
 75
0
 76
1
 98
0
  0
HATCH
  5
178
330
17
100
AcDbEntity
  8
RASTER
 62
7
100
AcDbHatch
 10
0.0
 20
0.0
 30
0.0
210
0.0
220
0.0
230
1.0
  2
SOLID
 70
1
 71
0
 91
1
 92
3
 72
0
 73
1
 93
14
 10
280.629
 20
310.512
 10
282.252
 20
309.74
 10
283.74
 20
308.775
 10
285.068
 20
307.599
 10
286.242
 20
306.237
 10
287.301
 20
304.748
 10
288.307
 20
303.217
 10
288.294
 20
303.201
 10
287.191
 20
304.615
 10
286.064
 20
306.015
 10
284.868
 20
307.342
 10
283.568
 20
308.548
 10
282.15
 20
309.601
 10
280.617
 20
310.495
 97
0
 75
0
 76
1
 98
0
  0
HATCH
  5
179
330
17
100
AcDbEntity
  8
RASTER
 62
7
100
AcDbHatch
 10
0.0
 20
0.0
 30
0.0
210
0.0
220
0.0
230
1.0
  2
SOLID
 70
1
 71
0
 91
1
 92
3
 72
0
 73
1
 93
30
 10
289.253
 20
294.514
 10
290.333
 20
293.394
 10
291.412
 20
292.276
 10
292.493
 20
291.16
 10
293.574
 20
290.046
 10
294.658
 20
288.933
 10
295.742
 20
287.82
 10
296.827
 20
286.705
 10
297.911
 20
285.588
 10
298.992
 20
284.465
 10
300.068
 20
283.335
 10
301.137
 20
282.195
 10
302.195
 20
281.043
 10
303.239
 20
279.877
 10
304.267
 20
278.695
 10
304.251
 20
278.683
 10
303.168
 20
279.823
 10
302.073
 20
280.947
 10
300.97
 20
282.061
 10
299.865
 20
283.167
 10
298.763
 20
284.271
 10
297.667
 20
285.376
 10
296.58
 20
286.485
 10
295.504
 20
287.602
 10
294.439
 20
288.727
 10
293.385
 20
289.864
 10
292.34
 20
291.01
 10
291.304
 20
292.166
 10
290.271
 20
293.33
 10
289.239
 20
294.499
 97
0
 75
0
 76
1
 98
0
  0
HATCH
  5
17A
330
17
100
AcDbEntity
  8
RASTER
 62
7
100
AcDbHatch
 10
0.0
 20
0.0
 30
0.0
210
0.0
220
0.0
230
1.0
  2
SOLID
 70
1
 71
0
 91
1
 92
3
 72
0
 73
1
 93
36
 10
312.837
 20
273.727
 10
313.718
 20
272.397
 10
314.497
 20
271.005
 10
315.183
 20
269.56
 10
315.791
 20
268.074
 10
316.347
 20
266.565
 10
316.878
 20
265.05
 10
317.416
 20
263.545
 10
317.986
 20
262.062
 10
318.609
 20
260.61
 10
319.295
 20
259.191
 10
320.047
 20
257.802
 10
320.854
 20
256.434
 10
321.696
 20
255.076
 10
322.546
 20
253.716
 10
323.374
 20
252.339
 10
324.147
 20
250.935
 10
324.84
 20
249.494
 10
324.821
 20
249.487
 10
324.061
 20
250.901
 10
323.224
 20
252.279
 10
322.337
 20
253.628
 10
321.435
 20
254.964
 10
320.55
 20
256.298
 10
319.71
 20
257.646
 10
318.937
 20
259.02
 10
318.24
 20
260.429
 10
317.619
 20
261.877
 10
317.064
 20
263.361
 10
316.552
 20
264.874
 10
316.055
 20
266.403
 10
315.544
 20
267.933
 10
314.987
 20
269.445
 10
314.359
 20
270.922
 10
313.64
 20
272.349
 10
312.82
 20
273.716
 97
0
 75
0
 76
1
 98
0
  0
HATCH
  5
17B
330
17
100
AcDbEntity
  8
RASTER
 62
7
100
AcDbHatch
 10
0.0
 20
0.0
 30
0.0
210
0.0
220
0.0
230
1.0
  2
SOLID
 70
1
 71
0
 91
1
 92
3
 72
0
 73
1
 93
14
 10
323.173
 20
241.535
 10
324.042
 20
240.104
 10
324.88
 20
238.651
 10
325.616
 20
237.161
 10
326.199
 20
235.623
 10
326.6
 20
234.036
 10
326.826
 20
232.408
 10
326.806
 20
232.404
 10
326.399
 20
233.987
 10
325.865
 20
235.537
 10
325.235
 20
237.058
 10
324.548
 20
238.558
 10
323.843
 20
240.044
 10
323.154
 20
241.529
 97
0
 75
0
 76
1
 98
0
  0
HATCH
  5
17C
330
17
100
AcDbEntity
  8
RASTER
 62
7
100
AcDbHatch
 10
0.0
 20
0.0
 30
0.0
210
0.0
220
0.0
230
1.0
  2
SOLID
 70
1
 71
0
 91
1
 92
3
 72
0
 73
1
 93
32
 10
330.674
 20
227.255
 10
330.576
 20
225.597
 10
330.544
 20
223.958
 10
330.623
 20
222.342
 10
330.838
 20
220.748
 10
331.193
 20
219.169
 10
331.669
 20
217.598
 10
332.229
 20
216.026
 10
332.816
 20
214.446
 10
333.371
 20
212.852
 10
333.831
 20
211.242
 10
334.144
 20
209.617
 10
334.275
 20
207.98
 10
334.209
 20
206.339
 10
333.956
 20
204.7
 10
333.548
 20
203.069
 10
333.528
 20
203.07
 10
333.838
 20
204.7
 10
333.996
 20
206.336
 10
333.976
 20
207.973
 10
333.772
 20
209.602
 10
333.4
 20
211.22
 10
332.901
 20
212.822
 10
332.326
 20
214.409
 10
331.739
 20
215.983
 10
331.201
 20
217.55
 10
330.765
 20
219.12
 10
330.468
 20
220.701
 10
330.327
 20
222.301
 10
330.334
 20
223.926
 10
330.459
 20
225.577
 10
330.654
 20
227.252
 97
0
 75
0
 76
1
 98
0
  0
HATCH
  5
17D
330
17
100
AcDbEntity
  8
RASTER
 62
7
100
AcDbHatch
 10
0.0
 20
0.0
 30
0.0
210
0.0
220
0.0
230
1.0
  2
SOLID
 70
1
 71
0
 91
1
 92
3
 72
0
 73
1
 93
26
 10
327.139
 20
190.934
 10
327.342
 20
189.292
 10
327.502
 20
187.644
 10
327.582
 20
185.998
 10
327.553
 20
184.362
 10
327.391
 20
182.743
 10
327.088
 20
181.148
 10
326.644
 20
179.582
 10
326.074
 20
178.047
 10
325.402
 20
176.541
 10
324.661
 20
175.061
 10
323.888
 20
173.599
 10
323.121
 20
172.146
 10
323.102
 20
172.151
 10
323.777
 20
173.628
 10
324.463
 20
175.11
 10
325.129
 20
176.605
 10
325.742
 20
178.119
 10
326.276
 20
179.658
 10
326.706
 20
181.222
 10
327.021
 20
182.809
 10
327.218
 20
184.417
 10
327.305
 20
186.04
 10
327.299
 20
187.672
 10
327.227
 20
189.306
 10
327.119
 20
190.937
 97
0
 75
0
 76
1
 98
0
  0
HATCH
  5
17E
330
17
100
AcDbEntity
  8
RASTER
 62
7
100
AcDbHatch
 10
0.0
 20
0.0
 30
0.0
210
0.0
220
0.0
230
1.0
  2
SOLID
 70
1
 71
0
 91
1
 92
3
 72
0
 73
1
 93
34
 10
325.329
 20
160.643
 10
324.494
 20
159.202
 10
323.703
 20
157.752
 10
322.976
 20
156.281
 10
322.322
 20
154.783
 10
321.744
 20
153.251
 10
321.237
 20
151.686
 10
320.784
 20
150.089
 10
320.365
 20
148.468
 10
319.954
 20
146.834
 10
319.52
 20
145.201
 10
319.035
 20
143.584
 10
318.475
 20
142.0
 10
317.817
 20
140.462
 10
317.05
 20
138.984
 10
316.168
 20
137.572
 10
315.174
 20
136.229
 10
315.157
 20
136.24
 10
316.08
 20
137.624
 10
316.894
 20
139.075
 10
317.597
 20
140.587
 10
318.197
 20
142.153
 10
318.71
 20
143.758
 10
319.157
 20
145.388
 10
319.568
 20
147.027
 10
319.97
 20
148.66
 10
320.394
 20
150.272
 10
320.865
 20
151.854
 10
321.406
 20
153.4
 10
322.03
 20
154.907
 10
322.741
 20
156.377
 10
323.535
 20
157.818
 10
324.399
 20
159.238
 10
325.31
 20
160.65
 97
0
 75
0
 76
1
 98
0
  0
HATCH
  5
17F
330
17
100
AcDbEntity
  8
RASTER
 62
7
100
AcDbHatch
 10
0.0
 20
0.0
 30
0.0
210
0.0
220
0.0
230
1.0
  2
SOLID
 70
1
 71
0
 91
1
 92
3
 72
0
 73
1
 93
16
 10
308.006
 20
130.312
 10
307.307
 20
128.816
 10
306.581
 20
127.33
 10
305.806
 20
125.872
 10
304.965
 20
124.458
 10
304.052
 20
123.096
 10
303.066
 20
121.789
 10
302.015
 20
120.535
 10
302.0
 20
120.548
 10
302.886
 20
121.94
 10
303.738
 20
123.353
 10
304.574
 20
124.771
 10
305.41
 20
126.18
 10
306.258
 20
127.576
 10
307.119
 20
128.955
 10
307.99
 20
130.323
 97
0
 75
0
 76
1
 98
0
  0
HATCH
  5
180
330
17
100
AcDbEntity
  8
RASTER
 62
7
100
AcDbHatch
 10
0.0
 20
0.0
 30
0.0
210
0.0
220
0.0
230
1.0
  2
SOLID
 70
1
 71
0
 91
1
 92
3
 72
0
 73
1
 93
14
 10
289.501
 20
108.281
 10
288.333
 20
107.031
 10
287.057
 20
105.904
 10
285.669
 20
104.913
 10
284.178
 20
104.055
 10
282.614
 20
103.304
 10
281.014
 20
102.618
 10
281.002
 20
102.634
 10
282.482
 20
103.477
 10
283.954
 20
104.339
 10
285.407
 20
105.236
 10
286.825
 20
106.182
 10
288.192
 20
107.197
 10
289.488
 20
108.296
 97
0
 75
0
 76
1
 98
0
  0
HATCH
  5
181
330
17
100
AcDbEntity
  8
RASTER
 62
7
100
AcDbHatch
 10
0.0
 20
0.0
 30
0.0
210
0.0
220
0.0
230
1.0
  2
SOLID
 70
1
 71
0
 91
1
 92
3
 72
0
 73
1
 93
18
 10
268.083
 20
92.583
 10
266.488
 20
92.022
 10
264.888
 20
91.484
 10
263.293
 20
90.953
 10
261.71
 20
90.411
 10
260.147
 20
89.842
 10
258.609
 20
89.23
 10
257.098
 20
88.564
 10
255.615
 20
87.836
 10
255.607
 20
87.854
 10
257.025
 20
88.725
 10
258.478
 20
89.511
 10
259.973
 20
90.201
 10
261.517
 20
90.796
 10
263.109
 20
91.308
 10
264.742
 20
91.758
 10
266.402
 20
92.177
 10
268.073
 20
92.601
 97
0
 75
0
 76
1
 98
0
  0
HATCH
  5
182
330
17
100
AcDbEntity
  8
RASTER
 62
7
100
AcDbHatch
 10
0.0
 20
0.0
 30
0.0
210
0.0
220
0.0
230
1.0
  2
SOLID
 70
1
 71
0
 91
1
 92
3
 72
0
 73
1
 93
18
 10
250.425
 20
86.166
 10
248.97
 20
85.656
 10
247.465
 20
85.291
 10
245.923
 20
85.045
 10
244.363
 20
84.873
 10
242.804
 20
84.724
 10
241.263
 20
84.545
 10
239.751
 20
84.289
 10
238.274
 20
83.927
 10
238.268
 20
83.946
 10
239.693
 20
84.49
 10
241.155
 20
84.899
 10
242.659
 20
85.18
 10
244.201
 20
85.363
 10
245.767
 20
85.497
 10
247.34
 20
85.64
 10
248.897
 20
85.853
 10
250.417
 20
86.185
 97
0
 75
0
 76
1
 98
0
  0
HATCH
  5
183
330
17
100
AcDbEntity
  8
RASTER
 62
7
100
AcDbHatch
 10
0.0
 20
0.0
 30
0.0
210
0.0
220
0.0
230
1.0
  2
SOLID
 70
1
 71
0
 91
1
 92
3
 72
0
 73
1
 93
14
 10
221.893
 20
80.038
 10
220.529
 20
79.823
 10
219.154
 20
79.705
 10
217.769
 20
79.689
 10
216.378
 20
79.764
 10
214.986
 20
79.902
 10
213.598
 20
80.064
 10
213.597
 20
80.084
 10
214.969
 20
80.105
 10
216.346
 20
80.099
 10
217.728
 20
80.073
 10
219.115
 20
80.04
 10
220.504
 20
80.024
 10
221.89
 20
80.057
 97
0
 75
0
 76
1
 98
0
  0
HATCH
  5
184
330
17
100
AcDbEntity
  8
RASTER
 62
7
100
AcDbHatch
 10
0.0
 20
0.0
 30
0.0
210
0.0
220
0.0
230
1.0
  2
SOLID
 70
1
 71
0
 91
1
 92
3
 72
0
 73
1
 93
20
 10
197.788
 20
76.274
 10
196.209
 20
76.371
 10
194.624
 20
76.386
 10
193.03
 20
76.331
 10
191.426
 20
76.227
 10
189.812
 20
76.102
 10
188.193
 20
75.988
 10
186.572
 20
75.918
 10
184.955
 20
75.922
 10
183.348
 20
76.023
 10
183.351
 20
76.043
 10
184.975
 20
76.056
 10
186.605
 20
76.153
 10
188.233
 20
76.298
 10
189.853
 20
76.452
 10
191.462
 20
76.578
 10
193.058
 20
76.642
 10
194.642
 20
76.622
 10
196.218
 20
76.506
 10
197.789
 20
76.294
 97
0
 75
0
 76
1
 98
0
  0
HATCH
  5
185
330
17
100
AcDbEntity
  8
RASTER
 62
7
100
AcDbHatch
 10
0.0
 20
0.0
 30
0.0
210
0.0
220
0.0
230
1.0
  2
SOLID
 70
1
 71
0
 91
1
 92
3
 72
0
 73
1
 93
26
 10
173.665
 20
81.257
 10
172.179
 20
81.892
 10
170.716
 20
82.589
 10
169.274
 20
83.328
 10
167.845
 20
84.087
 10
166.424
 20
84.844
 10
165.002
 20
85.578
 10
163.574
 20
86.273
 10
162.132
 20
86.915
 10
160.67
 20
87.498
 10
159.186
 20
88.02
 10
157.677
 20
88.484
 10
156.144
 20
88.9
 10
156.152
 20
88.918
 10
157.717
 20
88.583
 10
159.254
 20
88.194
 10
160.761
 20
87.739
 10
162.237
 20
87.207
 10
163.687
 20
86.598
 10
165.115
 20
85.915
 10
166.528
 20
85.172
 10
167.935
 20
84.384
 10
169.346
 20
83.575
 10
170.767
 20
82.77
 10
172.206
 20
81.995
 10
173.669
 20
81.276
 97
0
 75
0
 76
1
 98
0
  0
HATCH
  5
186
330
17
100
AcDbEntity
  8
RASTER
 62
7
100
AcDbHatch
 10
0.0
 20
0.0
 30
0.0
210
0.0
220
0.0
230
1.0
  2
SOLID
 70
1
 71
0
 91
1
 92
3
 72
0
 73
1
 93
20
 10
144.198
 20
93.765
 10
143.007
 20
94.943
 10
141.827
 20
96.119
 10
140.623
 20
97.233
 10
139.363
 20
98.239
 10
138.026
 20
99.113
 10
136.602
 20
99.853
 10
135.1
 20
100.481
 10
133.54
 20
101.042
 10
131.959
 20
101.589
 10
131.97
 20
101.605
 10
133.632
 20
101.175
 10
135.258
 20
100.719
 10
136.808
 20
100.17
 10
138.254
 20
99.474
 10
139.587
 20
98.603
 10
140.816
 20
97.557
 10
141.97
 20
96.366
 10
143.086
 20
95.084
 10
144.208
 20
93.782
 97
0
 75
0
 76
1
 98
0
  0
HATCH
  5
187
330
17
100
AcDbEntity
  8
RASTER
 62
7
100
AcDbHatch
 10
0.0
 20
0.0
 30
0.0
210
0.0
220
0.0
230
1.0
  2
SOLID
 70
1
 71
0
 91
1
 92
3
 72
0
 73
1
 93
18
 10
122.667
 20
108.265
 10
121.471
 20
109.447
 10
120.302
 20
110.654
 10
119.159
 20
111.885
 10
118.039
 20
113.135
 10
116.935
 20
114.397
 10
115.841
 20
115.663
 10
114.747
 20
116.926
 10
113.645
 20
118.176
 10
113.66
 20
118.19
 10
114.864
 20
117.04
 10
116.042
 20
115.865
 10
117.19
 20
114.66
 10
118.31
 20
113.422
 10
119.407
 20
112.155
 10
120.493
 20
110.866
 10
121.579
 20
109.57
 10
122.68
 20
108.281
 97
0
 75
0
 76
1
 98
0
  0
HATCH
  5
188
330
17
100
AcDbEntity
  8
RASTER
 62
7
100
AcDbHatch
 10
0.0
 20
0.0
 30
0.0
210
0.0
220
0.0
230
1.0
  2
SOLID
 70
1
 71
0
 91
1
 92
3
 72
0
 73
1
 93
36
 10
103.863
 20
124.688
 10
102.823
 20
125.895
 10
101.706
 20
127.047
 10
100.527
 20
128.159
 10
99.314
 20
129.255
 10
98.101
 20
130.363
 10
96.929
 20
131.508
 10
95.832
 20
132.713
 10
94.84
 20
133.993
 10
93.97
 20
135.354
 10
93.225
 20
136.791
 10
92.595
 20
138.293
 10
92.053
 20
139.839
 10
91.566
 20
141.408
 10
91.093
 20
142.974
 10
90.595
 20
144.518
 10
90.037
 20
146.024
 10
89.396
 20
147.483
 10
89.414
 20
147.492
 10
90.113
 20
146.062
 10
90.726
 20
144.587
 10
91.275
 20
143.073
 10
91.792
 20
141.534
 10
92.316
 20
139.991
 10
92.885
 20
138.465
 10
93.534
 20
136.979
 10
94.286
 20
135.552
 10
95.153
 20
134.195
 10
96.133
 20
132.912
 10
97.208
 20
131.698
 10
98.35
 20
130.536
 10
99.524
 20
129.406
 10
100.694
 20
128.281
 10
101.825
 20
127.136
 10
102.891
 20
125.948
 10
103.878
 20
124.7
 97
0
 75
0
 76
1
 98
0
  0
HATCH
  5
189
330
17
100
AcDbEntity
  8
RASTER
 62
7
100
AcDbHatch
 10
0.0
 20
0.0
 30
0.0
210
0.0
220
0.0
230
1.0
  2
SOLID
 70
1
 71
0
 91
1
 92
3
 72
0
 73
1
 93
24
 10
89.35
 20
152.302
 10
88.401
 20
153.567
 10
87.516
 20
154.868
 10
86.729
 20
156.218
 10
86.061
 20
157.62
 10
85.525
 20
159.076
 10
85.117
 20
160.579
 10
84.823
 20
162.118
 10
84.614
 20
163.68
 10
84.456
 20
165.251
 10
84.31
 20
166.817
 10
84.137
 20
168.367
 10
84.156
 20
168.373
 10
84.46
 20
166.864
 10
84.725
 20
165.339
 10
84.981
 20
163.805
 10
85.259
 20
162.272
 10
85.588
 20
160.752
 10
85.993
 20
159.255
 10
86.491
 20
157.791
 10
87.087
 20
156.365
 10
87.777
 20
154.979
 10
88.545
 20
153.63
 10
89.368
 20
152.31
 97
0
 75
0
 76
1
 98
0
  0
HATCH
  5
18A
330
17
100
AcDbEntity
  8
RASTER
 62
7
100
AcDbHatch
 10
0.0
 20
0.0
 30
0.0
210
0.0
220
0.0
230
1.0
  2
SOLID
 70
1
 71
0
 91
1
 92
3
 72
0
 73
1
 93
34
 10
78.235
 20
176.887
 10
77.613
 20
178.436
 10
77.161
 20
180.025
 10
76.896
 20
181.651
 10
76.81
 20
183.307
 10
76.874
 20
184.981
 10
77.039
 20
186.661
 10
77.244
 20
188.336
 10
77.429
 20
189.998
 10
77.537
 20
191.643
 10
77.526
 20
193.27
 10
77.378
 20
194.883
 10
77.094
 20
196.488
 10
76.702
 20
198.092
 10
76.247
 20
199.701
 10
75.788
 20
201.321
 10
75.387
 20
202.951
 10
75.407
 20
202.952
 10
75.877
 20
201.323
 10
76.402
 20
199.707
 10
76.918
 20
198.103
 10
77.364
 20
196.505
 10
77.691
 20
194.907
 10
77.872
 20
193.301
 10
77.902
 20
191.68
 10
77.801
 20
190.041
 10
77.609
 20
188.383
 10
77.382
 20
186.709
 10
77.185
 20
185.029
 10
77.077
 20
183.352
 10
77.109
 20
181.69
 10
77.313
 20
180.054
 10
77.7
 20
178.454
 10
78.255
 20
176.891
 97
0
 75
0
 76
1
 98
0
  0
HATCH
  5
18B
330
17
100
AcDbEntity
  8
RASTER
 62
7
100
AcDbHatch
 10
0.0
 20
0.0
 30
0.0
210
0.0
220
0.0
230
1.0
  2
SOLID
 70
1
 71
0
 91
1
 92
3
 72
0
 73
1
 93
22
 10
79.533
 20
219.198
 10
79.742
 20
220.824
 10
80.082
 20
222.431
 10
80.538
 20
224.017
 10
81.085
 20
225.582
 10
81.69
 20
227.129
 10
82.319
 20
228.663
 10
82.934
 20
230.192
 10
83.504
 20
231.722
 10
84.006
 20
233.264
 10
84.424
 20
234.822
 10
84.444
 20
234.817
 10
84.162
 20
233.226
 10
83.785
 20
231.66
 10
83.314
 20
230.112
 10
82.763
 20
228.576
 10
82.158
 20
227.044
 10
81.531
 20
225.506
 10
80.921
 20
223.957
 10
80.366
 20
222.39
 10
79.901
 20
220.803
 10
79.553
 20
219.196
 97
0
 75
0
 76
1
 98
0
  0
HATCH
  5
18C
330
17
100
AcDbEntity
  8
RASTER
 62
7
100
AcDbHatch
 10
0.0
 20
0.0
 30
0.0
210
0.0
220
0.0
230
1.0
  2
SOLID
 70
1
 71
0
 91
1
 92
3
 72
0
 73
1
 93
22
 10
85.06
 20
238.958
 10
85.663
 20
240.503
 10
86.262
 20
242.045
 10
86.846
 20
243.59
 10
87.406
 20
245.14
 10
87.939
 20
246.7
 10
88.448
 20
248.269
 10
88.939
 20
249.848
 10
89.424
 20
251.432
 10
89.916
 20
253.018
 10
90.43
 20
254.599
 10
90.449
 20
254.591
 10
90.072
 20
252.952
 10
89.705
 20
251.318
 10
89.321
 20
249.699
 10
88.896
 20
248.101
 10
88.412
 20
246.53
 10
87.858
 20
244.984
 10
87.235
 20
243.461
 10
86.552
 20
241.954
 10
85.825
 20
240.454
 10
85.08
 20
238.953
 97
0
 75
0
 76
1
 98
0
  0
HATCH
  5
18D
330
17
100
AcDbEntity
  8
RASTER
 62
7
100
AcDbHatch
 10
0.0
 20
0.0
 30
0.0
210
0.0
220
0.0
230
1.0
  2
SOLID
 70
1
 71
0
 91
1
 92
3
 72
0
 73
1
 93
24
 10
95.694
 20
270.644
 10
96.439
 20
272.154
 10
97.196
 20
273.661
 10
97.974
 20
275.161
 10
98.779
 20
276.647
 10
99.619
 20
278.115
 10
100.498
 20
279.559
 10
101.42
 20
280.975
 10
102.389
 20
282.36
 10
103.403
 20
283.711
 10
104.463
 20
285.027
 10
105.565
 20
286.308
 10
105.581
 20
286.295
 10
104.547
 20
284.959
 10
103.552
 20
283.595
 10
102.593
 20
282.205
 10
101.665
 20
280.794
 10
100.765
 20
279.367
 10
99.889
 20
277.926
 10
99.031
 20
276.476
 10
98.188
 20
275.019
 10
97.355
 20
273.559
 10
96.531
 20
272.097
 10
95.711
 20
270.633
 97
0
 75
0
 76
1
 98
0
  0
HATCH
  5
18E
330
17
100
AcDbEntity
  8
RASTER
 62
7
100
AcDbHatch
 10
0.0
 20
0.0
 30
0.0
210
0.0
220
0.0
230
1.0
  2
SOLID
 70
1
 71
0
 91
1
 92
3
 72
0
 73
1
 93
28
 10
113.994
 20
288.884
 10
114.713
 20
290.3
 10
115.594
 20
291.574
 10
116.656
 20
292.676
 10
117.892
 20
293.601
 10
119.269
 20
294.37
 10
120.736
 20
295.028
 10
122.23
 20
295.637
 10
123.69
 20
296.265
 10
125.065
 20
296.973
 10
126.319
 20
297.81
 10
127.444
 20
298.799
 10
128.453
 20
299.935
 10
129.379
 20
301.186
 10
129.391
 20
301.171
 10
128.537
 20
299.829
 10
127.598
 20
298.611
 10
126.537
 20
297.551
 10
125.335
 20
296.659
 10
124.001
 20
295.914
 10
122.564
 20
295.269
 10
121.074
 20
294.664
 10
119.592
 20
294.03
 10
118.182
 20
293.304
 10
116.895
 20
292.437
 10
115.767
 20
291.405
 10
114.81
 20
290.207
 10
114.008
 20
288.87
 97
0
 75
0
 76
1
 98
0
  0
HATCH
  5
18F
330
17
100
AcDbEntity
  8
RASTER
 62
7
100
AcDbHatch
 10
0.0
 20
0.0
 30
0.0
210
0.0
220
0.0
230
1.0
  2
SOLID
 70
1
 71
0
 91
1
 92
3
 72
0
 73
1
 93
18
 10
131.012
 20
309.616
 10
132.529
 20
310.436
 10
134.023
 20
311.281
 10
135.493
 20
312.157
 10
136.939
 20
313.068
 10
138.365
 20
314.014
 10
139.773
 20
314.993
 10
141.169
 20
316.0
 10
142.559
 20
317.03
 10
142.568
 20
317.012
 10
141.263
 20
315.836
 10
139.942
 20
314.706
 10
138.587
 20
313.647
 10
137.184
 20
312.676
 10
135.725
 20
311.797
 10
134.207
 20
311.003
 10
132.636
 20
310.279
 10
131.024
 20
309.6
 97
0
 75
0
 76
1
 98
0
  0
HATCH
  5
190
330
17
100
AcDbEntity
  8
RASTER
 62
7
100
AcDbHatch
 10
0.0
 20
0.0
 30
0.0
210
0.0
220
0.0
230
1.0
  2
SOLID
 70
1
 71
0
 91
1
 92
3
 72
0
 73
1
 93
18
 10
155.867
 20
318.501
 10
157.257
 20
319.468
 10
158.671
 20
320.402
 10
160.117
 20
321.28
 10
161.599
 20
322.081
 10
163.12
 20
322.793
 10
164.677
 20
323.408
 10
166.268
 20
323.929
 10
167.886
 20
324.361
 10
167.892
 20
324.342
 10
166.332
 20
323.729
 10
164.796
 20
323.057
 10
163.278
 20
322.342
 10
161.777
 20
321.596
 10
160.288
 20
320.833
 10
158.808
 20
320.058
 10
157.337
 20
319.274
 10
155.875
 20
318.483
 97
0
 75
0
 76
1
 98
0
  0
HATCH
  5
191
330
17
100
AcDbEntity
  8
RASTER
 62
7
100
AcDbHatch
 10
0.0
 20
0.0
 30
0.0
210
0.0
220
0.0
230
1.0
  2
SOLID
 70
1
 71
0
 91
1
 92
3
 72
0
 73
1
 93
20
 10
79.799
 20
250.685
 10
79.987
 20
252.325
 10
80.176
 20
253.974
 10
80.414
 20
255.615
 10
80.742
 20
257.229
 10
81.194
 20
258.796
 10
81.789
 20
260.305
 10
82.534
 20
261.745
 10
83.417
 20
263.117
 10
84.416
 20
264.426
 10
84.434
 20
264.417
 10
83.533
 20
263.061
 10
82.736
 20
261.65
 10
82.057
 20
260.183
 10
81.498
 20
258.663
 10
81.048
 20
257.099
 10
80.686
 20
255.504
 10
80.384
 20
253.892
 10
80.106
 20
252.279
 10
79.817
 20
250.678
 97
0
 75
0
 76
1
 98
0
  0
HATCH
  5
192
330
17
100
AcDbEntity
  8
RASTER
 62
7
100
AcDbHatch
 10
0.0
 20
0.0
 30
0.0
210
0.0
220
0.0
230
1.0
  2
SOLID
 70
1
 71
0
 91
1
 92
3
 72
0
 73
1
 93
16
 10
87.874
 20
272.584
 10
88.633
 20
273.923
 10
89.328
 20
275.302
 10
89.976
 20
276.713
 10
90.599
 20
278.146
 10
91.221
 20
279.587
 10
91.863
 20
281.022
 10
92.546
 20
282.437
 10
92.562
 20
282.425
 10
92.004
 20
280.927
 10
91.464
 20
279.427
 10
90.9
 20
277.953
 10
90.279
 20
276.523
 10
89.576
 20
275.15
 10
88.779
 20
273.836
 10
87.891
 20
272.574
 97
0
 75
0
 76
1
 98
0
  0
HATCH
  5
193
330
17
100
AcDbEntity
  8
RASTER
 62
7
100
AcDbHatch
 10
0.0
 20
0.0
 30
0.0
210
0.0
220
0.0
230
1.0
  2
SOLID
 70
1
 71
0
 91
1
 92
3
 72
0
 73
1
 93
26
 10
100.233
 20
291.854
 10
101.551
 20
292.929
 10
102.813
 20
294.044
 10
103.999
 20
295.219
 10
105.101
 20
296.47
 10
106.123
 20
297.796
 10
107.081
 20
299.191
 10
108.001
 20
300.633
 10
108.915
 20
302.095
 10
109.856
 20
303.542
 10
110.856
 20
304.94
 10
111.942
 20
306.257
 10
113.13
 20
307.468
 10
113.143
 20
307.453
 10
112.026
 20
306.165
 10
111.008
 20
304.777
 10
110.068
 20
303.32
 10
109.175
 20
301.83
 10
108.294
 20
300.343
 10
107.387
 20
298.895
 10
106.422
 20
297.513
 10
105.374
 20
296.218
 10
104.227
 20
295.014
 10
102.98
 20
293.897
 10
101.646
 20
292.848
 10
100.248
 20
291.841
 97
0
 75
0
 76
1
 98
0
  0
HATCH
  5
194
330
17
100
AcDbEntity
  8
RASTER
 62
7
100
AcDbHatch
 10
0.0
 20
0.0
 30
0.0
210
0.0
220
0.0
230
1.0
  2
SOLID
 70
1
 71
0
 91
1
 92
3
 72
0
 73
1
 93
30
 10
120.503
 20
310.247
 10
121.706
 20
311.307
 10
122.877
 20
312.414
 10
124.029
 20
313.552
 10
125.18
 20
314.701
 10
126.349
 20
315.836
 10
127.554
 20
316.928
 10
128.81
 20
317.955
 10
130.125
 20
318.897
 10
131.502
 20
319.745
 10
132.936
 20
320.499
 10
134.416
 20
321.172
 10
135.928
 20
321.782
 10
137.454
 20
322.355
 10
138.977
 20
322.922
 10
138.986
 20
322.905
 10
137.514
 20
322.251
 10
136.037
 20
321.595
 10
134.572
 20
320.913
 10
133.132
 20
320.182
 10
131.731
 20
319.384
 10
130.376
 20
318.511
 10
129.072
 20
317.563
 10
127.815
 20
316.549
 10
126.595
 20
315.487
 10
125.399
 20
314.399
 10
124.209
 20
313.309
 10
123.008
 20
312.241
 10
121.78
 20
311.212
 10
120.516
 20
310.231
 97
0
 75
0
 76
1
 98
0
  0
HATCH
  5
195
330
17
100
AcDbEntity
  8
RASTER
 62
7
100
AcDbHatch
 10
0.0
 20
0.0
 30
0.0
210
0.0
220
0.0
230
1.0
  2
SOLID
 70
1
 71
0
 91
1
 92
3
 72
0
 73
1
 93
22
 10
145.835
 20
322.379
 10
147.225
 20
323.163
 10
148.608
 20
323.967
 10
149.989
 20
324.785
 10
151.371
 20
325.611
 10
152.759
 20
326.435
 10
154.155
 20
327.252
 10
155.563
 20
328.055
 10
156.984
 20
328.839
 10
158.42
 20
329.6
 10
159.871
 20
330.332
 10
159.878
 20
330.313
 10
158.467
 20
329.472
 10
157.07
 20
328.615
 10
155.683
 20
327.755
 10
154.299
 20
326.904
 10
152.914
 20
326.072
 10
151.523
 20
325.266
 10
150.123
 20
324.491
 10
148.71
 20
323.75
 10
147.284
 20
323.041
 10
145.844
 20
322.361
 97
0
 75
0
 76
1
 98
0
  0
HATCH
  5
196
330
17
100
AcDbEntity
  8
RASTER
 62
7
100
AcDbHatch
 10
0.0
 20
0.0
 30
0.0
210
0.0
220
0.0
230
1.0
  2
SOLID
 70
1
 71
0
 91
1
 92
3
 72
0
 73
1
 93
24
 10
169.455
 20
334.316
 10
170.921
 20
335.142
 10
172.37
 20
336.079
 10
173.827
 20
337.041
 10
175.315
 20
337.935
 10
176.848
 20
338.674
 10
178.434
 20
339.193
 10
180.072
 20
339.457
 10
181.751
 20
339.472
 10
183.456
 20
339.278
 10
185.17
 20
338.949
 10
186.876
 20
338.577
 10
186.879
 20
338.557
 10
185.187
 20
338.836
 10
183.488
 20
339.079
 10
181.797
 20
339.202
 10
180.13
 20
339.137
 10
178.501
 20
338.847
 10
176.919
 20
338.329
 10
175.385
 20
337.617
 10
173.889
 20
336.774
 10
172.418
 20
335.883
 10
170.949
 20
335.031
 10
169.46
 20
334.297
 97
0
 75
0
 76
1
 98
0
  0
HATCH
  5
197
330
17
100
AcDbEntity
  8
RASTER
 62
7
100
AcDbHatch
 10
0.0
 20
0.0
 30
0.0
210
0.0
220
0.0
230
1.0
  2
SOLID
 70
1
 71
0
 91
1
 92
3
 72
0
 73
1
 93
20
 10
200.702
 20
334.881
 10
202.348
 20
334.698
 10
203.989
 20
334.533
 10
205.626
 20
334.393
 10
207.26
 20
334.284
 10
208.893
 20
334.209
 10
210.528
 20
334.169
 10
212.165
 20
334.164
 10
213.807
 20
334.193
 10
215.455
 20
334.252
 10
215.453
 20
334.232
 10
213.796
 20
334.043
 10
212.149
 20
333.898
 10
210.512
 20
333.817
 10
208.88
 20
333.812
 10
207.252
 20
333.887
 10
205.623
 20
334.042
 10
203.99
 20
334.267
 10
202.351
 20
334.547
 10
200.703
 20
334.861
 97
0
 75
0
 76
1
 98
0
  0
HATCH
  5
198
330
17
100
AcDbEntity
  8
RASTER
 62
7
100
AcDbHatch
 10
0.0
 20
0.0
 30
0.0
210
0.0
220
0.0
230
1.0
  2
SOLID
 70
1
 71
0
 91
1
 92
3
 72
0
 73
1
 93
24
 10
221.371
 20
336.276
 10
222.944
 20
335.897
 10
224.49
 20
335.359
 10
226.011
 20
334.717
 10
227.516
 20
334.038
 10
229.017
 20
333.39
 10
230.527
 20
332.833
 10
232.059
 20
332.407
 10
233.622
 20
332.125
 10
235.218
 20
331.974
 10
236.843
 20
331.916
 10
238.486
 20
331.893
 10
238.481
 20
331.873
 10
236.809
 20
331.78
 10
235.16
 20
331.73
 10
233.546
 20
331.79
 10
231.974
 20
332.007
 10
230.44
 20
332.399
 10
228.935
 20
332.955
 10
227.445
 20
333.635
 10
225.955
 20
334.379
 10
224.452
 20
335.111
 10
222.925
 20
335.758
 10
221.368
 20
336.256
 97
0
 75
0
 76
1
 98
0
  0
HATCH
  5
199
330
17
100
AcDbEntity
  8
RASTER
 62
7
100
AcDbHatch
 10
0.0
 20
0.0
 30
0.0
210
0.0
220
0.0
230
1.0
  2
SOLID
 70
1
 71
0
 91
1
 92
3
 72
0
 73
1
 93
20
 10
243.545
 20
332.583
 10
245.053
 20
332.162
 10
246.579
 20
331.795
 10
248.124
 20
331.472
 10
249.683
 20
331.178
 10
251.254
 20
330.895
 10
252.828
 20
330.606
 10
254.401
 20
330.293
 10
255.964
 20
329.94
 10
257.512
 20
329.533
 10
257.504
 20
329.515
 10
255.914
 20
329.818
 10
254.316
 20
330.078
 10
252.719
 20
330.321
 10
251.134
 20
330.573
 10
249.568
 20
330.854
 10
248.025
 20
331.184
 10
246.507
 20
331.576
 10
245.013
 20
332.035
 10
243.54
 20
332.564
 97
0
 75
0
 76
1
 98
0
  0
HATCH
  5
19A
330
17
100
AcDbEntity
  8
RASTER
 62
7
100
AcDbHatch
 10
0.0
 20
0.0
 30
0.0
210
0.0
220
0.0
230
1.0
  2
SOLID
 70
1
 71
0
 91
1
 92
3
 72
0
 73
1
 93
14
 10
266.868
 20
319.89
 10
268.21
 20
318.957
 10
269.565
 20
318.056
 10
270.939
 20
317.191
 10
272.335
 20
316.365
 10
273.757
 20
315.58
 10
275.206
 20
314.834
 10
275.195
 20
314.818
 10
273.62
 20
315.361
 10
272.11
 20
315.995
 10
270.687
 20
316.763
 10
269.35
 20
317.68
 10
268.084
 20
318.731
 10
266.859
 20
319.872
 97
0
 75
0
 76
1
 98
0
  0
HATCH
  5
19B
330
17
100
AcDbEntity
  8
RASTER
 62
7
100
AcDbHatch
 10
0.0
 20
0.0
 30
0.0
210
0.0
220
0.0
230
1.0
  2
SOLID
 70
1
 71
0
 91
1
 92
3
 72
0
 73
1
 93
16
 10
279.388
 20
313.065
 10
280.754
 20
312.152
 10
282.017
 20
311.097
 10
283.179
 20
309.909
 10
284.253
 20
308.618
 10
285.264
 20
307.261
 10
286.246
 20
305.887
 10
287.24
 20
304.544
 10
287.227
 20
304.528
 10
286.11
 20
305.718
 10
285.033
 20
306.967
 10
283.972
 20
308.251
 10
282.903
 20
309.539
 10
281.797
 20
310.794
 10
280.629
 20
311.975
 10
279.377
 20
313.049
 97
0
 75
0
 76
1
 98
0
  0
HATCH
  5
19C
330
17
100
AcDbEntity
  8
RASTER
 62
7
100
AcDbHatch
 10
0.0
 20
0.0
 30
0.0
210
0.0
220
0.0
230
1.0
  2
SOLID
 70
1
 71
0
 91
1
 92
3
 72
0
 73
1
 93
24
 10
298.975
 20
295.823
 10
300.243
 20
294.827
 10
301.511
 20
293.823
 10
302.771
 20
292.803
 10
304.015
 20
291.761
 10
305.235
 20
290.69
 10
306.424
 20
289.587
 10
307.577
 20
288.448
 10
308.69
 20
287.271
 10
309.76
 20
286.057
 10
310.785
 20
284.806
 10
311.766
 20
283.52
 10
311.75
 20
283.508
 10
310.66
 20
284.711
 10
309.536
 20
285.883
 10
308.386
 20
287.03
 10
307.218
 20
288.156
 10
306.038
 20
289.265
 10
304.853
 20
290.364
 10
303.666
 20
291.455
 10
302.482
 20
292.544
 10
301.303
 20
293.631
 10
300.129
 20
294.719
 10
298.961
 20
295.809
 97
0
 75
0
 76
1
 98
0
  0
HATCH
  5
19D
330
17
100
AcDbEntity
  8
RASTER
 62
7
100
AcDbHatch
 10
0.0
 20
0.0
 30
0.0
210
0.0
220
0.0
230
1.0
  2
SOLID
 70
1
 71
0
 91
1
 92
3
 72
0
 73
1
 93
32
 10
317.534
 20
272.743
 10
318.194
 20
271.295
 10
318.765
 20
269.8
 10
319.283
 20
268.283
 10
319.791
 20
266.768
 10
320.332
 20
265.278
 10
320.94
 20
263.827
 10
321.635
 20
262.422
 10
322.421
 20
261.062
 10
323.283
 20
259.733
 10
324.193
 20
258.42
 10
325.108
 20
257.101
 10
325.982
 20
255.757
 10
326.772
 20
254.372
 10
327.444
 20
252.935
 10
327.981
 20
251.444
 10
327.963
 20
251.437
 10
327.366
 20
252.904
 10
326.638
 20
254.317
 10
325.797
 20
255.68
 10
324.88
 20
257.002
 10
323.933
 20
258.303
 10
323.001
 20
259.602
 10
322.128
 20
260.921
 10
321.344
 20
262.279
 10
320.662
 20
263.686
 10
320.079
 20
265.145
 10
319.573
 20
266.65
 10
319.108
 20
268.185
 10
318.639
 20
269.728
 10
318.122
 20
271.252
 10
317.517
 20
272.733
 97
0
 75
0
 76
1
 98
0
  0
HATCH
  5
19E
330
17
100
AcDbEntity
  8
RASTER
 62
7
100
AcDbHatch
 10
0.0
 20
0.0
 30
0.0
210
0.0
220
0.0
230
1.0
  2
SOLID
 70
1
 71
0
 91
1
 92
3
 72
0
 73
1
 93
20
 10
335.525
 20
235.931
 10
335.999
 20
234.35
 10
336.496
 20
232.771
 10
337.007
 20
231.191
 10
337.519
 20
229.607
 10
338.024
 20
228.016
 10
338.511
 20
226.417
 10
338.974
 20
224.808
 10
339.408
 20
223.19
 10
339.808
 20
221.563
 10
339.788
 20
221.56
 10
339.252
 20
223.169
 10
338.699
 20
224.767
 10
338.148
 20
226.358
 10
337.614
 20
227.944
 10
337.111
 20
229.53
 10
336.646
 20
231.119
 10
336.224
 20
232.713
 10
335.845
 20
234.315
 10
335.505
 20
235.926
 97
0
 75
0
 76
1
 98
0
  0
HATCH
  5
19F
330
17
100
AcDbEntity
  8
RASTER
 62
7
100
AcDbHatch
 10
0.0
 20
0.0
 30
0.0
210
0.0
220
0.0
230
1.0
  2
SOLID
 70
1
 71
0
 91
1
 92
3
 72
0
 73
1
 93
14
 10
337.651
 20
205.548
 10
337.7
 20
204.14
 10
337.615
 20
202.733
 10
337.392
 20
201.331
 10
337.045
 20
199.937
 10
336.617
 20
198.554
 10
336.161
 20
197.179
 10
336.141
 20
197.18
 10
336.348
 20
198.566
 10
336.595
 20
199.953
 10
336.874
 20
201.344
 10
337.164
 20
202.74
 10
337.431
 20
204.141
 10
337.631
 20
205.548
 97
0
 75
0
 76
1
 98
0
  0
HATCH
  5
1A0
330
17
100
AcDbEntity
  8
RASTER
 62
7
100
AcDbHatch
 10
0.0
 20
0.0
 30
0.0
210
0.0
220
0.0
230
1.0
  2
SOLID
 70
1
 71
0
 91
1
 92
3
 72
0
 73
1
 93
20
 10
336.304
 20
181.563
 10
336.055
 20
179.97
 10
335.95
 20
178.347
 10
335.963
 20
176.694
 10
336.05
 20
175.015
 10
336.154
 20
173.321
 10
336.215
 20
171.626
 10
336.175
 20
169.945
 10
335.986
 20
168.296
 10
335.62
 20
166.691
 10
335.601
 20
166.697
 10
335.805
 20
168.346
 10
335.849
 20
170.031
 10
335.782
 20
171.734
 10
335.663
 20
173.438
 10
335.557
 20
175.126
 10
335.526
 20
176.787
 10
335.62
 20
178.413
 10
335.87
 20
180.005
 10
336.284
 20
181.566
 97
0
 75
0
 76
1
 98
0
  0
HATCH
  5
1A1
330
17
100
AcDbEntity
  8
RASTER
 62
7
100
AcDbHatch
 10
0.0
 20
0.0
 30
0.0
210
0.0
220
0.0
230
1.0
  2
SOLID
 70
1
 71
0
 91
1
 92
3
 72
0
 73
1
 93
26
 10
330.361
 20
161.891
 10
329.782
 20
160.444
 10
329.125
 20
159.026
 10
328.405
 20
157.636
 10
327.636
 20
156.269
 10
326.837
 20
154.92
 10
326.026
 20
153.582
 10
325.222
 20
152.248
 10
324.44
 20
150.908
 10
323.693
 20
149.556
 10
322.989
 20
148.187
 10
322.33
 20
146.796
 10
321.715
 20
145.384
 10
321.697
 20
145.393
 10
322.235
 20
146.843
 10
322.821
 20
148.267
 10
323.462
 20
149.663
 10
324.16
 20
151.033
 10
324.91
 20
152.383
 10
325.702
 20
153.719
 10
326.522
 20
155.049
 10
327.35
 20
156.382
 10
328.167
 20
157.726
 10
328.951
 20
159.09
 10
329.682
 20
160.479
 10
330.342
 20
161.898
 97
0
 75
0
 76
1
 98
0
  0
HATCH
  5
1A2
330
17
100
AcDbEntity
  8
RASTER
 62
7
100
AcDbHatch
 10
0.0
 20
0.0
 30
0.0
210
0.0
220
0.0
230
1.0
  2
SOLID
 70
1
 71
0
 91
1
 92
3
 72
0
 73
1
 93
34
 10
317.605
 20
131.716
 10
316.839
 20
130.293
 10
316.096
 20
128.851
 10
315.361
 20
127.398
 10
314.617
 20
125.945
 10
313.844
 20
124.505
 10
313.026
 20
123.093
 10
312.149
 20
121.72
 10
311.204
 20
120.396
 10
310.187
 20
119.129
 10
309.099
 20
117.92
 10
307.948
 20
116.767
 10
306.745
 20
115.662
 10
305.507
 20
114.596
 10
304.249
 20
113.554
 10
302.99
 20
112.521
 10
301.743
 20
111.483
 10
301.729
 20
111.497
 10
302.922
 20
112.585
 10
304.129
 20
113.664
 10
305.337
 20
114.748
 10
306.531
 20
115.849
 10
307.695
 20
116.981
 10
308.817
 20
118.154
 10
309.886
 20
119.373
 10
310.895
 20
120.641
 10
311.842
 20
121.956
 10
312.733
 20
123.313
 10
313.577
 20
124.701
 10
314.385
 20
126.111
 10
315.174
 20
127.528
 10
315.961
 20
128.943
 10
316.761
 20
130.345
 10
317.588
 20
131.726
 97
0
 75
0
 76
1
 98
0
  0
HATCH
  5
1A3
330
17
100
AcDbEntity
  8
RASTER
 62
7
100
AcDbHatch
 10
0.0
 20
0.0
 30
0.0
210
0.0
220
0.0
230
1.0
  2
SOLID
 70
1
 71
0
 91
1
 92
3
 72
0
 73
1
 93
20
 10
285.989
 20
102.36
 10
285.098
 20
100.999
 10
284.248
 20
99.564
 10
283.374
 20
98.137
 10
282.414
 20
96.803
 10
281.321
 20
95.636
 10
280.071
 20
94.686
 10
278.662
 20
93.97
 10
277.12
 20
93.465
 10
275.491
 20
93.116
 10
275.48
 20
93.133
 10
277.026
 20
93.609
 10
278.492
 20
94.224
 10
279.841
 20
95.021
 10
281.058
 20
96.011
 10
282.146
 20
97.175
 10
283.133
 20
98.463
 10
284.063
 20
99.808
 10
284.992
 20
101.136
 10
285.976
 20
102.376
 97
0
 75
0
 76
1
 98
0
  0
HATCH
  5
1A4
330
17
100
AcDbEntity
  8
RASTER
 62
7
100
AcDbHatch
 10
0.0
 20
0.0
 30
0.0
210
0.0
220
0.0
230
1.0
  2
SOLID
 70
1
 71
0
 91
1
 92
3
 72
0
 73
1
 93
36
 10
264.304
 20
84.931
 10
262.971
 20
84.043
 10
261.638
 20
83.141
 10
260.3
 20
82.237
 10
258.95
 20
81.343
 10
257.583
 20
80.471
 10
256.195
 20
79.635
 10
254.782
 20
78.846
 10
253.342
 20
78.115
 10
251.873
 20
77.451
 10
250.374
 20
76.858
 10
248.849
 20
76.341
 10
247.299
 20
75.9
 10
245.727
 20
75.532
 10
244.138
 20
75.231
 10
242.536
 20
74.988
 10
240.926
 20
74.793
 10
239.313
 20
74.633
 10
239.308
 20
74.653
 10
240.897
 20
74.897
 10
242.482
 20
75.174
 10
244.058
 20
75.493
 10
245.622
 20
75.86
 10
247.171
 20
76.284
 10
248.702
 20
76.768
 10
250.211
 20
77.314
 10
251.698
 20
77.919
 10
253.162
 20
78.582
 10
254.603
 20
79.296
 10
256.023
 20
80.052
 10
257.425
 20
80.843
 10
258.811
 20
81.658
 10
260.186
 20
82.486
 10
261.556
 20
83.316
 10
262.924
 20
84.14
 10
264.295
 20
84.949
 97
0
 75
0
 76
1
 98
0
  0
HATCH
  5
1A5
330
17
100
AcDbEntity
  8
RASTER
 62
7
100
AcDbHatch
 10
0.0
 20
0.0
 30
0.0
210
0.0
220
0.0
230
1.0
  2
SOLID
 70
1
 71
0
 91
1
 92
3
 72
0
 73
1
 93
32
 10
228.338
 20
74.808
 10
226.674
 20
74.931
 10
225.017
 20
75.074
 10
223.375
 20
75.18
 10
221.753
 20
75.199
 10
220.151
 20
75.096
 10
218.567
 20
74.855
 10
216.993
 20
74.483
 10
215.422
 20
74.005
 10
213.847
 20
73.467
 10
212.262
 20
72.925
 10
210.663
 20
72.439
 10
209.05
 20
72.064
 10
207.426
 20
71.845
 10
205.796
 20
71.81
 10
204.167
 20
71.962
 10
204.167
 20
71.982
 10
205.796
 20
71.911
 10
207.423
 20
72.025
 10
209.042
 20
72.315
 10
210.649
 20
72.751
 10
212.241
 20
73.285
 10
213.819
 20
73.861
 10
215.388
 20
74.415
 10
216.954
 20
74.892
 10
218.524
 20
75.247
 10
220.108
 20
75.454
 10
221.712
 20
75.508
 10
223.339
 20
75.428
 10
224.989
 20
75.252
 10
226.657
 20
75.031
 10
228.334
 20
74.828
 97
0
 75
0
 76
1
 98
0
  0
HATCH
  5
1A6
330
17
100
AcDbEntity
  8
RASTER
 62
7
100
AcDbHatch
 10
0.0
 20
0.0
 30
0.0
210
0.0
220
0.0
230
1.0
  2
SOLID
 70
1
 71
0
 91
1
 92
3
 72
0
 73
1
 93
24
 10
199.979
 20
75.047
 10
198.383
 20
75.053
 10
196.782
 20
75.028
 10
195.177
 20
74.982
 10
193.567
 20
74.924
 10
191.952
 20
74.865
 10
190.333
 20
74.817
 10
188.711
 20
74.791
 10
187.088
 20
74.798
 10
185.466
 20
74.847
 10
183.847
 20
74.946
 10
182.234
 20
75.101
 10
182.238
 20
75.121
 10
183.873
 20
75.103
 10
185.508
 20
75.131
 10
187.141
 20
75.189
 10
188.769
 20
75.258
 10
190.389
 20
75.325
 10
192.002
 20
75.374
 10
193.607
 20
75.393
 10
195.206
 20
75.376
 10
196.8
 20
75.316
 10
198.39
 20
75.212
 10
199.98
 20
75.067
 97
0
 75
0
 76
1
 98
0
  0
HATCH
  5
1A7
330
17
100
AcDbEntity
  8
RASTER
 62
7
100
AcDbHatch
 10
0.0
 20
0.0
 30
0.0
210
0.0
220
0.0
230
1.0
  2
SOLID
 70
1
 71
0
 91
1
 92
3
 72
0
 73
1
 93
26
 10
168.427
 20
75.928
 10
166.836
 20
76.218
 10
165.238
 20
76.5
 10
163.637
 20
76.787
 10
162.037
 20
77.095
 10
160.443
 20
77.437
 10
158.862
 20
77.827
 10
157.298
 20
78.276
 10
155.758
 20
78.792
 10
154.243
 20
79.379
 10
152.758
 20
80.037
 10
151.303
 20
80.763
 10
149.878
 20
81.549
 10
149.886
 20
81.567
 10
151.361
 20
80.896
 10
152.858
 20
80.277
 10
154.378
 20
79.713
 10
155.916
 20
79.198
 10
157.468
 20
78.729
 10
159.032
 20
78.298
 10
160.602
 20
77.894
 10
162.175
 20
77.509
 10
163.747
 20
77.13
 10
165.315
 20
76.749
 10
166.877
 20
76.357
 10
168.433
 20
75.947
 97
0
 75
0
 76
1
 98
0
  0
HATCH
  5
1A8
330
17
100
AcDbEntity
  8
RASTER
 62
7
100
AcDbHatch
 10
0.0
 20
0.0
 30
0.0
210
0.0
220
0.0
230
1.0
  2
SOLID
 70
1
 71
0
 91
1
 92
3
 72
0
 73
1
 93
14
 10
147.258
 20
85.803
 10
146.1
 20
86.164
 10
144.954
 20
86.556
 10
143.831
 20
87.0
 10
142.737
 20
87.505
 10
141.673
 20
88.065
 10
140.629
 20
88.664
 10
140.639
 20
88.682
 10
141.788
 20
88.279
 10
142.927
 20
87.864
 10
144.045
 20
87.414
 10
145.137
 20
86.919
 10
146.208
 20
86.382
 10
147.267
 20
85.821
 97
0
 75
0
 76
1
 98
0
  0
HATCH
  5
1A9
330
17
100
AcDbEntity
  8
RASTER
 62
7
100
AcDbHatch
 10
0.0
 20
0.0
 30
0.0
210
0.0
220
0.0
230
1.0
  2
SOLID
 70
1
 71
0
 91
1
 92
3
 72
0
 73
1
 93
14
 10
134.189
 20
85.833
 10
132.962
 20
86.62
 10
131.781
 20
87.479
 10
130.652
 20
88.415
 10
129.574
 20
89.423
 10
128.54
 20
90.487
 10
127.536
 20
91.583
 10
127.547
 20
91.6
 10
128.643
 20
90.641
 10
129.74
 20
89.678
 10
130.839
 20
88.709
 10
131.942
 20
87.738
 10
133.058
 20
86.778
 10
134.199
 20
85.85
 97
0
 75
0
 76
1
 98
0
  0
HATCH
  5
1AA
330
17
100
AcDbEntity
  8
RASTER
 62
7
100
AcDbHatch
 10
0.0
 20
0.0
 30
0.0
210
0.0
220
0.0
230
1.0
  2
SOLID
 70
1
 71
0
 91
1
 92
3
 72
0
 73
1
 93
30
 10
116.307
 20
100.511
 10
115.174
 20
101.614
 10
114.038
 20
102.711
 10
112.896
 20
103.799
 10
111.746
 20
104.878
 10
110.586
 20
105.945
 10
109.417
 20
107.004
 10
108.238
 20
108.056
 10
107.054
 20
109.105
 10
105.868
 20
110.156
 10
104.685
 20
111.214
 10
103.511
 20
112.284
 10
102.352
 20
113.372
 10
101.213
 20
114.483
 10
100.102
 20
115.62
 10
100.117
 20
115.633
 10
101.287
 20
114.547
 10
102.48
 20
113.487
 10
103.687
 20
112.445
 10
104.9
 20
111.415
 10
106.111
 20
110.388
 10
107.313
 20
109.358
 10
108.5
 20
108.318
 10
109.669
 20
107.263
 10
110.818
 20
106.188
 10
111.946
 20
105.093
 10
113.057
 20
103.976
 10
114.152
 20
102.839
 10
115.238
 20
101.688
 10
116.32
 20
100.526
 97
0
 75
0
 76
1
 98
0
  0
HATCH
  5
1AB
330
17
100
AcDbEntity
  8
RASTER
 62
7
100
AcDbHatch
 10
0.0
 20
0.0
 30
0.0
210
0.0
220
0.0
230
1.0
  2
SOLID
 70
1
 71
0
 91
1
 92
3
 72
0
 73
1
 93
32
 10
99.136
 20
120.777
 10
98.069
 20
121.979
 10
96.965
 20
123.156
 10
95.831
 20
124.315
 10
94.676
 20
125.466
 10
93.511
 20
126.618
 10
92.35
 20
127.781
 10
91.206
 20
128.964
 10
90.095
 20
130.176
 10
89.029
 20
131.425
 10
88.023
 20
132.717
 10
87.085
 20
134.056
 10
86.224
 20
135.442
 10
85.442
 20
136.874
 10
84.739
 20
138.349
 10
84.112
 20
139.863
 10
84.129
 20
139.872
 10
84.829
 20
138.399
 10
85.6
 20
136.964
 10
86.443
 20
135.57
 10
87.356
 20
134.218
 10
88.334
 20
132.909
 10
89.366
 20
131.639
 10
90.443
 20
130.403
 10
91.552
 20
129.194
 10
92.679
 20
128.006
 10
93.81
 20
126.828
 10
94.933
 20
125.651
 10
96.036
 20
124.466
 10
97.11
 20
123.265
 10
98.15
 20
122.042
 10
99.152
 20
120.79
 97
0
 75
0
 76
1
 98
0
  0
HATCH
  5
1AC
330
17
100
AcDbEntity
  8
RASTER
 62
7
100
AcDbHatch
 10
0.0
 20
0.0
 30
0.0
210
0.0
220
0.0
230
1.0
  2
SOLID
 70
1
 71
0
 91
1
 92
3
 72
0
 73
1
 93
28
 10
85.229
 20
147.514
 10
84.545
 20
148.955
 10
83.822
 20
150.379
 10
83.065
 20
151.79
 10
82.283
 20
153.194
 10
81.49
 20
154.598
 10
80.703
 20
156.009
 10
79.941
 20
157.436
 10
79.223
 20
158.884
 10
78.565
 20
160.358
 10
77.982
 20
161.86
 10
77.48
 20
163.391
 10
77.061
 20
164.948
 10
76.72
 20
166.526
 10
76.74
 20
166.532
 10
77.156
 20
164.977
 10
77.646
 20
163.445
 10
78.209
 20
161.937
 10
78.842
 20
160.455
 10
79.533
 20
158.997
 10
80.268
 20
157.56
 10
81.028
 20
156.137
 10
81.796
 20
154.722
 10
82.554
 20
153.307
 10
83.286
 20
151.886
 10
83.981
 20
150.45
 10
84.635
 20
148.997
 10
85.247
 20
147.523
 97
0
 75
0
 76
1
 98
0
  0
HATCH
  5
1AD
330
17
100
AcDbEntity
  8
RASTER
 62
7
100
AcDbHatch
 10
0.0
 20
0.0
 30
0.0
210
0.0
220
0.0
230
1.0
  2
SOLID
 70
1
 71
0
 91
1
 92
3
 72
0
 73
1
 93
14
 10
72.603
 20
174.387
 10
72.278
 20
175.937
 10
71.984
 20
177.494
 10
71.736
 20
179.059
 10
71.536
 20
180.631
 10
71.378
 20
182.209
 10
71.242
 20
183.787
 10
71.261
 20
183.79
 10
71.564
 20
182.24
 10
71.844
 20
180.687
 10
72.088
 20
179.127
 10
72.291
 20
177.557
 10
72.463
 20
175.977
 10
72.623
 20
174.391
 97
0
 75
0
 76
1
 98
0
  0
HATCH
  5
1AE
330
17
100
AcDbEntity
  8
RASTER
 62
7
100
AcDbHatch
 10
0.0
 20
0.0
 30
0.0
210
0.0
220
0.0
230
1.0
  2
SOLID
 70
1
 71
0
 91
1
 92
3
 72
0
 73
1
 93
20
 10
71.248
 20
200.859
 10
71.308
 20
202.465
 10
71.427
 20
204.07
 10
71.6
 20
205.671
 10
71.818
 20
207.268
 10
72.069
 20
208.859
 10
72.339
 20
210.444
 10
72.613
 20
212.024
 10
72.876
 20
213.601
 10
73.113
 20
215.176
 10
73.133
 20
215.174
 10
73.026
 20
213.59
 10
72.878
 20
212.009
 10
72.69
 20
210.429
 10
72.465
 20
208.846
 10
72.215
 20
207.26
 10
71.952
 20
205.669
 10
71.693
 20
204.071
 10
71.458
 20
202.468
 10
71.268
 20
200.859
 97
0
 75
0
 76
1
 98
0
  0
HATCH
  5
1AF
330
17
100
AcDbEntity
  8
RASTER
 62
7
100
AcDbHatch
 10
0.0
 20
0.0
 30
0.0
210
0.0
220
0.0
230
1.0
  2
SOLID
 70
1
 71
0
 91
1
 92
3
 72
0
 73
1
 93
24
 10
72.631
 20
226.118
 10
72.971
 20
227.613
 10
73.391
 20
229.093
 10
73.883
 20
230.554
 10
74.437
 20
231.998
 10
75.04
 20
233.425
 10
75.675
 20
234.839
 10
76.328
 20
236.241
 10
76.979
 20
237.636
 10
77.613
 20
239.029
 10
78.215
 20
240.425
 10
78.772
 20
241.83
 10
78.791
 20
241.824
 10
78.36
 20
240.384
 10
77.874
 20
238.958
 10
77.338
 20
237.543
 10
76.757
 20
236.135
 10
76.142
 20
234.729
 10
75.508
 20
233.322
 10
74.87
 20
231.907
 10
74.247
 20
230.482
 10
73.657
 20
229.043
 10
73.12
 20
227.588
 10
72.651
 20
226.114
 97
0
 75
0
 76
1
 98
0
  0
HATCH
  5
1B0
330
17
100
AcDbEntity
  8
RASTER
 62
7
100
AcDbHatch
 10
0.0
 20
0.0
 30
0.0
210
0.0
220
0.0
230
1.0
  2
SOLID
 70
1
 71
0
 91
1
 92
3
 72
0
 73
1
 93
16
 10
67.777
 20
168.815
 10
66.994
 20
170.346
 10
66.245
 20
171.895
 10
65.563
 20
173.468
 10
64.969
 20
175.067
 10
64.478
 20
176.693
 10
64.092
 20
178.342
 10
63.802
 20
180.01
 10
63.821
 20
180.013
 10
64.319
 20
178.384
 10
64.871
 20
176.771
 10
65.453
 20
175.169
 10
66.045
 20
173.576
 10
66.635
 20
171.987
 10
67.218
 20
170.402
 10
67.796
 20
168.82
 97
0
 75
0
 76
1
 98
0
  0
HATCH
  5
1B1
330
17
100
AcDbEntity
  8
RASTER
 62
7
100
AcDbHatch
 10
0.0
 20
0.0
 30
0.0
210
0.0
220
0.0
230
1.0
  2
SOLID
 70
1
 71
0
 91
1
 92
3
 72
0
 73
1
 93
20
 10
67.068
 20
184.661
 10
67.036
 20
186.327
 10
67.137
 20
188.006
 10
67.318
 20
189.686
 10
67.517
 20
191.359
 10
67.671
 20
193.02
 10
67.731
 20
194.666
 10
67.664
 20
196.301
 10
67.467
 20
197.929
 10
67.158
 20
199.555
 10
67.178
 20
199.555
 10
67.599
 20
197.935
 10
67.894
 20
196.315
 10
68.033
 20
194.688
 10
68.012
 20
193.049
 10
67.858
 20
191.392
 10
67.62
 20
189.719
 10
67.366
 20
188.034
 10
67.167
 20
186.345
 10
67.088
 20
184.663
 97
0
 75
0
 76
1
 98
0
  0
HATCH
  5
1B2
330
17
100
AcDbEntity
  8
RASTER
 62
7
100
AcDbHatch
 10
0.0
 20
0.0
 30
0.0
210
0.0
220
0.0
230
1.0
  2
SOLID
 70
1
 71
0
 91
1
 92
3
 72
0
 73
1
 93
26
 10
63.377
 20
206.915
 10
63.099
 20
208.504
 10
62.851
 20
210.1
 10
62.653
 20
211.699
 10
62.518
 20
213.301
 10
62.46
 20
214.903
 10
62.488
 20
216.501
 10
62.608
 20
218.094
 10
62.819
 20
219.677
 10
63.119
 20
221.248
 10
63.501
 20
222.807
 10
63.952
 20
224.352
 10
64.459
 20
225.883
 10
64.479
 20
225.88
 10
64.073
 20
224.335
 10
63.716
 20
222.779
 10
63.416
 20
221.213
 10
63.178
 20
219.639
 10
63.006
 20
218.056
 10
62.901
 20
216.467
 10
62.86
 20
214.874
 10
62.879
 20
213.279
 10
62.951
 20
211.684
 10
63.068
 20
210.091
 10
63.221
 20
208.501
 10
63.397
 20
206.915
 97
0
 75
0
 76
1
 98
0
  0
HATCH
  5
1B3
330
17
100
AcDbEntity
  8
RASTER
 62
7
100
AcDbHatch
 10
0.0
 20
0.0
 30
0.0
210
0.0
220
0.0
230
1.0
  2
SOLID
 70
1
 71
0
 91
1
 92
3
 72
0
 73
1
 93
22
 10
65.101
 20
235.711
 10
65.115
 20
237.293
 10
65.138
 20
238.88
 10
65.196
 20
240.466
 10
65.313
 20
242.044
 10
65.51
 20
243.606
 10
65.802
 20
245.145
 10
66.198
 20
246.657
 10
66.7
 20
248.136
 10
67.303
 20
249.582
 10
67.995
 20
250.994
 10
68.014
 20
250.988
 10
67.446
 20
249.535
 10
66.956
 20
248.055
 10
66.544
 20
246.552
 10
66.207
 20
245.027
 10
65.936
 20
243.487
 10
65.72
 20
241.935
 10
65.546
 20
240.376
 10
65.398
 20
238.816
 10
65.261
 20
237.259
 10
65.121
 20
235.707
 97
0
 75
0
 76
1
 98
0
  0
HATCH
  5
1B4
330
17
100
AcDbEntity
  8
RASTER
 62
7
100
AcDbHatch
 10
0.0
 20
0.0
 30
0.0
210
0.0
220
0.0
230
1.0
  2
SOLID
 70
1
 71
0
 91
1
 92
3
 72
0
 73
1
 93
34
 10
73.945
 20
266.399
 10
74.795
 20
267.805
 10
75.656
 20
269.203
 10
76.515
 20
270.598
 10
77.365
 20
271.995
 10
78.198
 20
273.398
 10
79.011
 20
274.812
 10
79.8
 20
276.238
 10
80.568
 20
277.677
 10
81.319
 20
279.128
 10
82.059
 20
280.589
 10
82.797
 20
282.055
 10
83.543
 20
283.521
 10
84.306
 20
284.979
 10
85.098
 20
286.423
 10
85.927
 20
287.845
 10
86.801
 20
289.239
 10
86.817
 20
289.227
 10
85.993
 20
287.799
 10
85.213
 20
286.344
 10
84.467
 20
284.872
 10
83.745
 20
283.389
 10
83.033
 20
281.905
 10
82.322
 20
280.427
 10
81.598
 20
278.96
 10
80.855
 20
277.508
 10
80.083
 20
276.075
 10
79.28
 20
274.661
 10
78.444
 20
273.265
 10
77.578
 20
271.882
 10
76.687
 20
270.51
 10
75.78
 20
269.141
 10
74.868
 20
267.77
 10
73.963
 20
266.39
 97
0
 75
0
 76
1
 98
0
  0
HATCH
  5
1B5
330
17
100
AcDbEntity
  8
RASTER
 62
7
100
AcDbHatch
 10
0.0
 20
0.0
 30
0.0
210
0.0
220
0.0
230
1.0
  2
SOLID
 70
1
 71
0
 91
1
 92
3
 72
0
 73
1
 93
18
 10
99.595
 20
299.2
 10
100.553
 20
300.383
 10
101.629
 20
301.457
 10
102.817
 20
302.423
 10
104.097
 20
303.293
 10
105.439
 20
304.092
 10
106.806
 20
304.852
 10
108.163
 20
305.611
 10
109.475
 20
306.406
 10
109.488
 20
306.392
 10
108.262
 20
305.508
 10
106.979
 20
304.675
 10
105.662
 20
303.868
 10
104.34
 20
303.054
 10
103.045
 20
302.204
 10
101.809
 20
301.288
 10
100.658
 20
300.286
 10
99.61
 20
299.186
 97
0
 75
0
 76
1
 98
0
  0
HATCH
  5
1B6
330
17
100
AcDbEntity
  8
RASTER
 62
7
100
AcDbHatch
 10
0.0
 20
0.0
 30
0.0
210
0.0
220
0.0
230
1.0
  2
SOLID
 70
1
 71
0
 91
1
 92
3
 72
0
 73
1
 93
22
 10
122.166
 20
314.333
 10
123.448
 20
315.274
 10
124.724
 20
316.222
 10
125.997
 20
317.176
 10
127.27
 20
318.131
 10
128.546
 20
319.086
 10
129.827
 20
320.037
 10
131.113
 20
320.983
 10
132.406
 20
321.924
 10
133.706
 20
322.859
 10
135.012
 20
323.788
 10
135.022
 20
323.771
 10
133.781
 20
322.734
 10
132.542
 20
321.704
 10
131.299
 20
320.689
 10
130.047
 20
319.697
 10
128.782
 20
318.732
 10
127.498
 20
317.797
 10
126.196
 20
316.891
 10
124.874
 20
316.013
 10
123.534
 20
315.157
 10
122.178
 20
314.317
 97
0
 75
0
 76
1
 98
0
  0
HATCH
  5
1B7
330
17
100
AcDbEntity
  8
RASTER
 62
7
100
AcDbHatch
 10
0.0
 20
0.0
 30
0.0
210
0.0
220
0.0
230
1.0
  2
SOLID
 70
1
 71
0
 91
1
 92
3
 72
0
 73
1
 93
20
 10
140.977
 20
327.254
 10
142.329
 20
328.205
 10
143.706
 20
329.118
 10
145.114
 20
329.978
 10
146.557
 20
330.774
 10
148.034
 20
331.497
 10
149.546
 20
332.144
 10
151.089
 20
332.718
 10
152.658
 20
333.224
 10
154.246
 20
333.672
 10
154.253
 20
333.653
 10
152.729
 20
333.048
 10
151.22
 20
332.406
 10
149.725
 20
331.732
 10
148.241
 20
331.033
 10
146.769
 20
330.312
 10
145.307
 20
329.573
 10
143.855
 20
328.814
 10
142.414
 20
328.036
 10
140.986
 20
327.236
 97
0
 75
0
 76
1
 98
0
  0
HATCH
  5
1B8
330
17
100
AcDbEntity
  8
RASTER
 62
7
100
AcDbHatch
 10
0.0
 20
0.0
 30
0.0
210
0.0
220
0.0
230
1.0
  2
SOLID
 70
1
 71
0
 91
1
 92
3
 72
0
 73
1
 93
32
 10
158.867
 20
337.103
 10
160.448
 20
337.331
 10
162.023
 20
337.553
 10
163.585
 20
337.801
 10
165.126
 20
338.1
 10
166.644
 20
338.468
 10
168.139
 20
338.916
 10
169.614
 20
339.442
 10
171.076
 20
340.034
 10
172.533
 20
340.67
 10
173.993
 20
341.322
 10
175.464
 20
341.957
 10
176.952
 20
342.542
 10
178.462
 20
343.047
 10
179.995
 20
343.447
 10
181.551
 20
343.727
 10
181.554
 20
343.707
 10
180.013
 20
343.346
 10
178.495
 20
342.87
 10
177.001
 20
342.296
 10
175.529
 20
341.652
 10
174.072
 20
340.97
 10
172.624
 20
340.287
 10
171.175
 20
339.635
 10
169.717
 20
339.045
 10
168.242
 20
338.536
 10
166.742
 20
338.122
 10
165.215
 20
337.801
 10
163.659
 20
337.561
 10
162.078
 20
337.382
 10
160.48
 20
337.234
 10
158.874
 20
337.084
 97
0
 75
0
 76
1
 98
0
  0
HATCH
  5
1B9
330
17
100
AcDbEntity
  8
RASTER
 62
7
100
AcDbHatch
 10
0.0
 20
0.0
 30
0.0
210
0.0
220
0.0
230
1.0
  2
SOLID
 70
1
 71
0
 91
1
 92
3
 72
0
 73
1
 93
14
 10
198.748
 20
341.947
 10
199.938
 20
341.952
 10
201.128
 20
341.998
 10
202.317
 20
342.071
 10
203.507
 20
342.162
 10
204.698
 20
342.27
 10
205.891
 20
342.398
 10
205.891
 20
342.378
 10
204.698
 20
342.067
 10
203.509
 20
341.825
 10
202.323
 20
341.685
 10
201.136
 20
341.662
 10
199.945
 20
341.75
 10
198.748
 20
341.927
 97
0
 75
0
 76
1
 98
0
  0
HATCH
  5
1BA
330
17
100
AcDbEntity
  8
RASTER
 62
7
100
AcDbHatch
 10
0.0
 20
0.0
 30
0.0
210
0.0
220
0.0
230
1.0
  2
SOLID
 70
1
 71
0
 91
1
 92
3
 72
0
 73
1
 93
34
 10
217.953
 20
348.039
 10
219.585
 20
347.817
 10
221.214
 20
347.587
 10
222.842
 20
347.351
 10
224.468
 20
347.109
 10
226.093
 20
346.863
 10
227.718
 20
346.612
 10
229.342
 20
346.357
 10
230.965
 20
346.096
 10
232.589
 20
345.829
 10
234.211
 20
345.554
 10
235.834
 20
345.269
 10
237.455
 20
344.972
 10
239.074
 20
344.661
 10
240.691
 20
344.333
 10
242.305
 20
343.985
 10
243.915
 20
343.616
 10
243.909
 20
343.597
 10
242.279
 20
343.891
 10
240.648
 20
344.166
 10
239.016
 20
344.427
 10
237.386
 20
344.679
 10
235.758
 20
344.927
 10
234.132
 20
345.175
 10
232.509
 20
345.427
 10
230.889
 20
345.685
 10
229.271
 20
345.953
 10
227.655
 20
346.229
 10
226.041
 20
346.516
 10
224.426
 20
346.81
 10
222.811
 20
347.112
 10
221.194
 20
347.416
 10
219.575
 20
347.72
 10
217.951
 20
348.019
 97
0
 75
0
 76
1
 98
0
  0
HATCH
  5
1BB
330
17
100
AcDbEntity
  8
RASTER
 62
7
100
AcDbHatch
 10
0.0
 20
0.0
 30
0.0
210
0.0
220
0.0
230
1.0
  2
SOLID
 70
1
 71
0
 91
1
 92
3
 72
0
 73
1
 93
28
 10
257.229
 20
335.427
 10
258.738
 20
334.86
 10
260.232
 20
334.254
 10
261.709
 20
333.606
 10
263.167
 20
332.918
 10
264.605
 20
332.189
 10
266.024
 20
331.422
 10
267.423
 20
330.619
 10
268.803
 20
329.783
 10
270.165
 20
328.92
 10
271.512
 20
328.034
 10
272.844
 20
327.129
 10
274.166
 20
326.212
 10
275.48
 20
325.287
 10
275.47
 20
325.27
 10
274.116
 20
326.124
 10
272.758
 20
326.973
 10
271.394
 20
327.817
 10
270.025
 20
328.654
 10
268.649
 20
329.482
 10
267.263
 20
330.298
 10
265.868
 20
331.1
 10
264.461
 20
331.883
 10
263.042
 20
332.645
 10
261.609
 20
333.381
 10
260.162
 20
334.09
 10
258.699
 20
334.766
 10
257.221
 20
335.408
 97
0
 75
0
 76
1
 98
0
  0
HATCH
  5
1BC
330
17
100
AcDbEntity
  8
RASTER
 62
7
100
AcDbHatch
 10
0.0
 20
0.0
 30
0.0
210
0.0
220
0.0
230
1.0
  2
SOLID
 70
1
 71
0
 91
1
 92
3
 72
0
 73
1
 93
22
 10
285.241
 20
324.001
 10
286.521
 20
323.023
 10
287.812
 20
322.063
 10
289.114
 20
321.121
 10
290.429
 20
320.194
 10
291.755
 20
319.282
 10
293.09
 20
318.378
 10
294.431
 20
317.478
 10
295.773
 20
316.575
 10
297.113
 20
315.663
 10
298.444
 20
314.736
 10
298.431
 20
314.721
 10
297.021
 20
315.553
 10
295.613
 20
316.378
 10
294.217
 20
317.21
 10
292.845
 20
318.063
 10
291.501
 20
318.948
 10
290.191
 20
319.874
 10
288.913
 20
320.843
 10
287.665
 20
321.855
 10
286.44
 20
322.906
 10
285.229
 20
323.984
 97
0
 75
0
 76
1
 98
0
  0
HATCH
  5
1BD
330
17
100
AcDbEntity
  8
RASTER
 62
7
100
AcDbHatch
 10
0.0
 20
0.0
 30
0.0
210
0.0
220
0.0
230
1.0
  2
SOLID
 70
1
 71
0
 91
1
 92
3
 72
0
 73
1
 93
34
 10
303.022
 20
307.839
 10
304.277
 20
306.784
 10
305.497
 20
305.691
 10
306.678
 20
304.556
 10
307.819
 20
303.381
 10
308.917
 20
302.166
 10
309.973
 20
300.914
 10
310.989
 20
299.627
 10
311.966
 20
298.31
 10
312.909
 20
296.967
 10
313.82
 20
295.603
 10
314.706
 20
294.223
 10
315.572
 20
292.832
 10
316.424
 20
291.437
 10
317.268
 20
290.04
 10
318.11
 20
288.647
 10
318.955
 20
287.261
 10
318.939
 20
287.249
 10
318.027
 20
288.586
 10
317.122
 20
289.93
 10
316.222
 20
291.279
 10
315.321
 20
292.633
 10
314.416
 20
293.987
 10
313.503
 20
295.338
 10
312.576
 20
296.683
 10
311.631
 20
298.017
 10
310.663
 20
299.335
 10
309.668
 20
300.635
 10
308.644
 20
301.911
 10
307.587
 20
303.159
 10
306.495
 20
304.377
 10
305.368
 20
305.561
 10
304.206
 20
306.711
 10
303.008
 20
307.824
 97
0
 75
0
 76
1
 98
0
  0
HATCH
  5
1BE
330
17
100
AcDbEntity
  8
RASTER
 62
7
100
AcDbHatch
 10
0.0
 20
0.0
 30
0.0
210
0.0
220
0.0
230
1.0
  2
SOLID
 70
1
 71
0
 91
1
 92
3
 72
0
 73
1
 93
14
 10
322.626
 20
276.29
 10
323.194
 20
275.073
 10
323.726
 20
273.838
 10
324.212
 20
272.581
 10
324.654
 20
271.304
 10
325.07
 20
270.017
 10
325.486
 20
268.736
 10
325.468
 20
268.727
 10
324.835
 20
269.889
 10
324.262
 20
271.086
 10
323.764
 20
272.326
 10
323.338
 20
273.613
 10
322.964
 20
274.936
 10
322.609
 20
276.279
 97
0
 75
0
 76
1
 98
0
  0
HATCH
  5
1BF
330
17
100
AcDbEntity
  8
RASTER
 62
7
100
AcDbHatch
 10
0.0
 20
0.0
 30
0.0
210
0.0
220
0.0
230
1.0
  2
SOLID
 70
1
 71
0
 91
1
 92
3
 72
0
 73
1
 93
28
 10
337.55
 20
260.93
 10
338.033
 20
259.381
 10
338.358
 20
257.773
 10
338.564
 20
256.126
 10
338.707
 20
254.465
 10
338.845
 20
252.813
 10
339.039
 20
251.19
 10
339.335
 20
249.61
 10
339.767
 20
248.078
 10
340.343
 20
246.592
 10
341.05
 20
245.143
 10
341.853
 20
243.715
 10
342.701
 20
242.29
 10
343.534
 20
240.851
 10
343.515
 20
240.846
 10
342.605
 20
242.264
 10
341.684
 20
243.667
 10
340.818
 20
245.074
 10
340.061
 20
246.505
 10
339.45
 20
247.976
 10
339.001
 20
249.498
 10
338.706
 20
251.074
 10
338.532
 20
252.7
 10
338.43
 20
254.362
 10
338.339
 20
256.039
 10
338.195
 20
257.708
 10
337.94
 20
259.343
 10
337.532
 20
260.922
 97
0
 75
0
 76
1
 98
0
  0
HATCH
  5
1C0
330
17
100
AcDbEntity
  8
RASTER
 62
7
100
AcDbHatch
 10
0.0
 20
0.0
 30
0.0
210
0.0
220
0.0
230
1.0
  2
SOLID
 70
1
 71
0
 91
1
 92
3
 72
0
 73
1
 93
14
 10
341.848
 20
225.135
 10
342.227
 20
223.89
 10
342.577
 20
222.638
 10
342.878
 20
221.376
 10
343.121
 20
220.104
 10
343.31
 20
218.826
 10
343.457
 20
217.542
 10
343.437
 20
217.54
 10
343.114
 20
218.806
 10
342.798
 20
220.068
 10
342.508
 20
221.331
 10
342.254
 20
222.595
 10
342.032
 20
223.863
 10
341.828
 20
225.132
 97
0
 75
0
 76
1
 98
0
  0
HATCH
  5
1C1
330
17
100
AcDbEntity
  8
RASTER
 62
7
100
AcDbHatch
 10
0.0
 20
0.0
 30
0.0
210
0.0
220
0.0
230
1.0
  2
SOLID
 70
1
 71
0
 91
1
 92
3
 72
0
 73
1
 93
14
 10
348.322
 20
203.654
 10
348.492
 20
201.972
 10
348.599
 20
200.287
 10
348.622
 20
198.601
 10
348.553
 20
196.918
 10
348.397
 20
195.241
 10
348.173
 20
193.57
 10
348.153
 20
193.571
 10
348.184
 20
195.255
 10
348.199
 20
196.937
 10
348.216
 20
198.618
 10
348.245
 20
200.297
 10
348.278
 20
201.976
 10
348.302
 20
203.654
 97
0
 75
0
 76
1
 98
0
  0
HATCH
  5
1C2
330
17
100
AcDbEntity
  8
RASTER
 62
7
100
AcDbHatch
 10
0.0
 20
0.0
 30
0.0
210
0.0
220
0.0
230
1.0
  2
SOLID
 70
1
 71
0
 91
1
 92
3
 72
0
 73
1
 93
24
 10
340.154
 20
177.923
 10
339.899
 20
176.373
 10
339.67
 20
174.815
 10
339.463
 20
173.249
 10
339.267
 20
171.677
 10
339.074
 20
170.1
 10
338.875
 20
168.52
 10
338.658
 20
166.939
 10
338.416
 20
165.361
 10
338.14
 20
163.788
 10
337.822
 20
162.224
 10
337.456
 20
160.671
 10
337.437
 20
160.677
 10
337.704
 20
162.261
 10
337.931
 20
163.852
 10
338.132
 20
165.444
 10
338.319
 20
167.034
 10
338.506
 20
168.619
 10
338.704
 20
170.195
 10
338.924
 20
171.761
 10
339.174
 20
173.316
 10
339.458
 20
174.862
 10
339.778
 20
176.398
 10
340.134
 20
177.927
 97
0
 75
0
 76
1
 98
0
  0
HATCH
  5
1C3
330
17
100
AcDbEntity
  8
RASTER
 62
7
100
AcDbHatch
 10
0.0
 20
0.0
 30
0.0
210
0.0
220
0.0
230
1.0
  2
SOLID
 70
1
 71
0
 91
1
 92
3
 72
0
 73
1
 93
18
 10
335.592
 20
146.318
 10
334.726
 20
144.902
 10
333.846
 20
143.497
 10
332.958
 20
142.102
 10
332.067
 20
140.712
 10
331.182
 20
139.324
 10
330.312
 20
137.932
 10
329.467
 20
136.53
 10
328.653
 20
135.111
 10
328.636
 20
135.121
 10
329.32
 20
136.609
 10
330.055
 20
138.069
 10
330.849
 20
139.496
 10
331.706
 20
140.893
 10
332.621
 20
142.266
 10
333.583
 20
143.622
 10
334.574
 20
144.971
 10
335.574
 20
146.326
 97
0
 75
0
 76
1
 98
0
  0
HATCH
  5
1C4
330
17
100
AcDbEntity
  8
RASTER
 62
7
100
AcDbHatch
 10
0.0
 20
0.0
 30
0.0
210
0.0
220
0.0
230
1.0
  2
SOLID
 70
1
 71
0
 91
1
 92
3
 72
0
 73
1
 93
28
 10
317.418
 20
122.808
 10
316.662
 20
121.423
 10
315.905
 20
120.032
 10
315.134
 20
118.646
 10
314.333
 20
117.276
 10
313.49
 20
115.934
 10
312.593
 20
114.631
 10
311.635
 20
113.376
 10
310.613
 20
112.174
 10
309.528
 20
111.029
 10
308.383
 20
109.939
 10
307.187
 20
108.9
 10
305.951
 20
107.904
 10
304.689
 20
106.94
 10
304.675
 20
106.954
 10
305.855
 20
107.995
 10
307.012
 20
109.062
 10
308.137
 20
110.162
 10
309.224
 20
111.3
 10
310.267
 20
112.476
 10
311.265
 20
113.692
 10
312.219
 20
114.943
 10
313.134
 20
116.224
 10
314.015
 20
117.529
 10
314.872
 20
118.849
 10
315.715
 20
120.176
 10
316.555
 20
121.502
 10
317.402
 20
122.82
 97
0
 75
0
 76
1
 98
0
  0
HATCH
  5
1C5
330
17
100
AcDbEntity
  8
RASTER
 62
7
100
AcDbHatch
 10
0.0
 20
0.0
 30
0.0
210
0.0
220
0.0
230
1.0
  2
SOLID
 70
1
 71
0
 91
1
 92
3
 72
0
 73
1
 93
20
 10
298.211
 20
95.383
 10
297.16
 20
94.005
 10
296.07
 20
92.66
 10
294.915
 20
91.384
 10
293.676
 20
90.206
 10
292.343
 20
89.144
 10
290.919
 20
88.205
 10
289.414
 20
87.38
 10
287.849
 20
86.649
 10
286.249
 20
85.981
 10
286.238
 20
85.998
 10
287.776
 20
86.752
 10
289.286
 20
87.557
 10
290.747
 20
88.436
 10
292.147
 20
89.402
 10
293.477
 20
90.462
 10
294.736
 20
91.609
 10
295.932
 20
92.829
 10
297.079
 20
94.101
 10
298.198
 20
95.398
 97
0
 75
0
 76
1
 98
0
  0
HATCH
  5
1C6
330
17
100
AcDbEntity
  8
RASTER
 62
7
100
AcDbHatch
 10
0.0
 20
0.0
 30
0.0
210
0.0
220
0.0
230
1.0
  2
SOLID
 70
1
 71
0
 91
1
 92
3
 72
0
 73
1
 93
30
 10
282.162
 20
83.372
 10
280.741
 20
82.46
 10
279.295
 20
81.588
 10
277.826
 20
80.757
 10
276.335
 20
79.965
 10
274.825
 20
79.209
 10
273.299
 20
78.485
 10
271.761
 20
77.79
 10
270.214
 20
77.118
 10
268.661
 20
76.463
 10
267.106
 20
75.82
 10
265.549
 20
75.184
 10
263.994
 20
74.549
 10
262.442
 20
73.913
 10
260.893
 20
73.272
 10
260.885
 20
73.29
 10
262.398
 20
74.012
 10
263.915
 20
74.724
 10
265.436
 20
75.425
 10
266.962
 20
76.117
 10
268.493
 20
76.8
 10
270.028
 20
77.479
 10
271.567
 20
78.158
 10
273.105
 20
78.842
 10
274.641
 20
79.538
 10
276.17
 20
80.251
 10
277.69
 20
80.987
 10
279.196
 20
81.752
 10
280.684
 20
82.552
 10
282.151
 20
83.389
 97
0
 75
0
 76
1
 98
0
  0
HATCH
  5
1C7
330
17
100
AcDbEntity
  8
RASTER
 62
7
100
AcDbHatch
 10
0.0
 20
0.0
 30
0.0
210
0.0
220
0.0
230
1.0
  2
SOLID
 70
1
 71
0
 91
1
 92
3
 72
0
 73
1
 93
30
 10
256.027
 20
73.993
 10
254.626
 20
73.295
 10
253.223
 20
72.595
 10
251.815
 20
71.897
 10
250.4
 20
71.206
 10
248.977
 20
70.527
 10
247.543
 20
69.866
 10
246.098
 20
69.227
 10
244.641
 20
68.616
 10
243.17
 20
68.036
 10
241.686
 20
67.492
 10
240.189
 20
66.987
 10
238.68
 20
66.524
 10
237.158
 20
66.103
 10
235.625
 20
65.725
 10
235.621
 20
65.745
 10
237.138
 20
66.19
 10
238.642
 20
66.675
 10
240.136
 20
67.196
 10
241.617
 20
67.748
 10
243.088
 20
68.327
 10
244.549
 20
68.928
 10
246.0
 20
69.546
 10
247.444
 20
70.176
 10
248.882
 20
70.814
 10
250.314
 20
71.456
 10
251.743
 20
72.1
 10
253.169
 20
72.742
 10
254.594
 20
73.379
 10
256.019
 20
74.011
 97
0
 75
0
 76
1
 98
0
  0
HATCH
  5
1C8
330
17
100
AcDbEntity
  8
RASTER
 62
7
100
AcDbHatch
 10
0.0
 20
0.0
 30
0.0
210
0.0
220
0.0
230
1.0
  2
SOLID
 70
1
 71
0
 91
1
 92
3
 72
0
 73
1
 93
14
 10
219.741
 20
66.021
 10
218.21
 20
65.804
 10
216.655
 20
65.838
 10
215.086
 20
66.105
 10
213.515
 20
66.55
 10
211.95
 20
67.082
 10
210.401
 20
67.597
 10
210.4
 20
67.617
 10
211.938
 20
67.313
 10
213.49
 20
66.935
 10
215.053
 20
66.546
 10
216.622
 20
66.222
 10
218.187
 20
66.034
 10
219.739
 20
66.041
 97
0
 75
0
 76
1
 98
0
  0
HATCH
  5
1C9
330
17
100
AcDbEntity
  8
RASTER
 62
7
100
AcDbHatch
 10
0.0
 20
0.0
 30
0.0
210
0.0
220
0.0
230
1.0
  2
SOLID
 70
1
 71
0
 91
1
 92
3
 72
0
 73
1
 93
28
 10
195.117
 20
62.073
 10
193.411
 20
61.685
 10
191.701
 20
61.388
 10
189.995
 20
61.244
 10
188.305
 20
61.298
 10
186.639
 20
61.563
 10
185.001
 20
62.028
 10
183.392
 20
62.653
 10
181.809
 20
63.379
 10
180.242
 20
64.136
 10
178.679
 20
64.851
 10
177.106
 20
65.465
 10
175.51
 20
65.936
 10
173.882
 20
66.248
 10
173.886
 20
66.267
 10
175.533
 20
66.045
 10
177.144
 20
65.658
 10
178.729
 20
65.119
 10
180.299
 20
64.464
 10
181.869
 20
63.75
 10
183.451
 20
63.046
 10
185.055
 20
62.421
 10
186.685
 20
61.935
 10
188.343
 20
61.628
 10
190.023
 20
61.515
 10
191.718
 20
61.583
 10
193.42
 20
61.795
 10
195.119
 20
62.093
 97
0
 75
0
 76
1
 98
0
  0
HATCH
  5
1CA
330
17
100
AcDbEntity
  8
RASTER
 62
7
100
AcDbHatch
 10
0.0
 20
0.0
 30
0.0
210
0.0
220
0.0
230
1.0
  2
SOLID
 70
1
 71
0
 91
1
 92
3
 72
0
 73
1
 93
14
 10
165.4
 20
71.87
 10
163.832
 20
72.369
 10
162.288
 20
72.936
 10
160.77
 20
73.578
 10
159.279
 20
74.29
 10
157.811
 20
75.051
 10
156.356
 20
75.835
 10
156.363
 20
75.853
 10
157.879
 20
75.239
 10
159.388
 20
74.603
 10
160.89
 20
73.939
 10
162.389
 20
73.252
 10
163.891
 20
72.56
 10
165.405
 20
71.89
 97
0
 75
0
 76
1
 98
0
  0
HATCH
  5
1CB
330
17
100
AcDbEntity
  8
RASTER
 62
7
100
AcDbHatch
 10
0.0
 20
0.0
 30
0.0
210
0.0
220
0.0
230
1.0
  2
SOLID
 70
1
 71
0
 91
1
 92
3
 72
0
 73
1
 93
26
 10
143.775
 20
75.993
 10
142.243
 20
76.497
 10
140.703
 20
76.997
 10
139.164
 20
77.511
 10
137.638
 20
78.06
 10
136.134
 20
78.661
 10
134.664
 20
79.331
 10
133.234
 20
80.077
 10
131.85
 20
80.904
 10
130.513
 20
81.809
 10
129.222
 20
82.783
 10
127.97
 20
83.814
 10
126.749
 20
84.883
 10
126.759
 20
84.9
 10
128.033
 20
83.914
 10
129.332
 20
82.962
 10
130.662
 20
82.056
 10
132.027
 20
81.205
 10
133.426
 20
80.413
 10
134.859
 20
79.68
 10
136.319
 20
79.001
 10
137.801
 20
78.368
 10
139.296
 20
77.767
 10
140.797
 20
77.184
 10
142.294
 20
76.604
 10
143.783
 20
76.011
 97
0
 75
0
 76
1
 98
0
  0
HATCH
  5
1CC
330
17
100
AcDbEntity
  8
RASTER
 62
7
100
AcDbHatch
 10
0.0
 20
0.0
 30
0.0
210
0.0
220
0.0
230
1.0
  2
SOLID
 70
1
 71
0
 91
1
 92
3
 72
0
 73
1
 93
28
 10
124.743
 20
89.669
 10
123.509
 20
90.72
 10
122.303
 20
91.801
 10
121.113
 20
92.899
 10
119.931
 20
94.0
 10
118.746
 20
95.092
 10
117.548
 20
96.163
 10
116.332
 20
97.209
 10
115.094
 20
98.227
 10
113.832
 20
99.219
 10
112.551
 20
100.19
 10
111.256
 20
101.151
 10
109.956
 20
102.112
 10
108.663
 20
103.086
 10
108.677
 20
103.1
 10
110.034
 20
102.196
 10
111.392
 20
101.302
 10
112.738
 20
100.402
 10
114.058
 20
99.481
 10
115.345
 20
98.525
 10
116.594
 20
97.528
 10
117.807
 20
96.485
 10
118.986
 20
95.398
 10
120.141
 20
94.275
 10
121.282
 20
93.126
 10
122.423
 20
91.966
 10
123.576
 20
90.813
 10
124.754
 20
89.686
 97
0
 75
0
 76
1
 98
0
  0
HATCH
  5
1CD
330
17
100
AcDbEntity
  8
RASTER
 62
7
100
AcDbHatch
 10
0.0
 20
0.0
 30
0.0
210
0.0
220
0.0
230
1.0
  2
SOLID
 70
1
 71
0
 91
1
 92
3
 72
0
 73
1
 93
20
 10
106.049
 20
108.559
 10
104.737
 20
109.427
 10
103.429
 20
110.309
 10
102.15
 20
111.229
 10
100.927
 20
112.208
 10
99.779
 20
113.26
 10
98.721
 20
114.394
 10
97.761
 20
115.612
 10
96.895
 20
116.905
 10
96.113
 20
118.261
 10
96.129
 20
118.273
 10
97.013
 20
117.001
 10
97.968
 20
115.784
 10
98.993
 20
114.626
 10
100.083
 20
113.525
 10
101.228
 20
112.476
 10
102.414
 20
111.469
 10
103.626
 20
110.493
 10
104.848
 20
109.532
 10
106.064
 20
108.573
 97
0
 75
0
 76
1
 98
0
  0
HATCH
  5
1CE
330
17
100
AcDbEntity
  8
RASTER
 62
7
100
AcDbHatch
 10
0.0
 20
0.0
 30
0.0
210
0.0
220
0.0
230
1.0
  2
SOLID
 70
1
 71
0
 91
1
 92
3
 72
0
 73
1
 93
20
 10
89.791
 20
121.619
 10
88.702
 20
122.893
 10
87.565
 20
124.138
 10
86.399
 20
125.37
 10
85.228
 20
126.608
 10
84.079
 20
127.867
 10
82.979
 20
129.165
 10
81.949
 20
130.512
 10
81.007
 20
131.916
 10
80.162
 20
133.379
 10
80.18
 20
133.389
 10
81.167
 20
132.01
 10
82.232
 20
130.683
 10
83.351
 20
129.396
 10
84.497
 20
128.133
 10
85.643
 20
126.878
 10
86.762
 20
125.614
 10
87.837
 20
124.325
 10
88.853
 20
122.999
 10
89.807
 20
121.631
 97
0
 75
0
 76
1
 98
0
  0
HATCH
  5
1CF
330
17
100
AcDbEntity
  8
RASTER
 62
7
100
AcDbHatch
 10
0.0
 20
0.0
 30
0.0
210
0.0
220
0.0
230
1.0
  2
SOLID
 70
1
 71
0
 91
1
 92
3
 72
0
 73
1
 93
14
 10
117.166
 20
82.224
 10
115.734
 20
82.886
 10
114.368
 20
83.649
 10
113.089
 20
84.531
 10
111.906
 20
85.538
 10
110.814
 20
86.66
 10
109.801
 20
87.871
 10
109.814
 20
87.887
 10
110.944
 20
86.823
 10
112.119
 20
85.812
 10
113.33
 20
84.847
 10
114.576
 20
83.926
 10
115.857
 20
83.054
 10
117.177
 20
82.24
 97
0
 75
0
 76
1
 98
0
  0
HATCH
  5
1D0
330
17
100
AcDbEntity
  8
RASTER
 62
7
100
AcDbHatch
 10
0.0
 20
0.0
 30
0.0
210
0.0
220
0.0
230
1.0
  2
SOLID
 70
1
 71
0
 91
1
 92
3
 72
0
 73
1
 93
32
 10
106.787
 20
95.037
 10
105.549
 20
95.986
 10
104.293
 20
96.921
 10
103.026
 20
97.849
 10
101.756
 20
98.779
 10
100.49
 20
99.721
 10
99.239
 20
100.684
 10
98.012
 20
101.677
 10
96.819
 20
102.707
 10
95.666
 20
103.779
 10
94.562
 20
104.898
 10
93.509
 20
106.065
 10
92.509
 20
107.279
 10
91.563
 20
108.536
 10
90.666
 20
109.833
 10
89.813
 20
111.161
 10
89.829
 20
111.173
 10
90.737
 20
109.892
 10
91.686
 20
108.641
 10
92.679
 20
107.426
 10
93.717
 20
106.249
 10
94.799
 20
105.114
 10
95.924
 20
104.017
 10
97.084
 20
102.958
 10
98.275
 20
101.931
 10
99.489
 20
100.93
 10
100.716
 20
99.949
 10
101.95
 20
98.979
 10
103.181
 20
98.012
 10
104.403
 20
97.039
 10
105.611
 20
96.054
 10
106.8
 20
95.052
 97
0
 75
0
 76
1
 98
0
  0
HATCH
  5
1D1
330
17
100
AcDbEntity
  8
RASTER
 62
7
100
AcDbHatch
 10
0.0
 20
0.0
 30
0.0
210
0.0
220
0.0
230
1.0
  2
SOLID
 70
1
 71
0
 91
1
 92
3
 72
0
 73
1
 93
14
 10
78.99
 20
121.686
 10
78.261
 20
122.724
 10
77.575
 20
123.79
 10
76.944
 20
124.89
 10
76.373
 20
126.026
 10
75.855
 20
127.192
 10
75.378
 20
128.378
 10
75.396
 20
128.389
 10
76.001
 20
127.279
 10
76.612
 20
126.172
 10
77.216
 20
125.06
 10
77.811
 20
123.94
 10
78.404
 20
122.816
 10
79.006
 20
121.698
 97
0
 75
0
 76
1
 98
0
  0
HATCH
  5
1D2
330
17
100
AcDbEntity
  8
RASTER
 62
7
100
AcDbHatch
 10
0.0
 20
0.0
 30
0.0
210
0.0
220
0.0
230
1.0
  2
SOLID
 70
1
 71
0
 91
1
 92
3
 72
0
 73
1
 93
34
 10
70.239
 20
144.959
 10
69.573
 20
146.368
 10
68.874
 20
147.764
 10
68.147
 20
149.151
 10
67.402
 20
150.535
 10
66.652
 20
151.921
 10
65.91
 20
153.315
 10
65.194
 20
154.722
 10
64.517
 20
156.148
 10
63.894
 20
157.595
 10
63.335
 20
159.066
 10
62.848
 20
160.562
 10
62.434
 20
162.079
 10
62.093
 20
163.617
 10
61.816
 20
165.17
 10
61.593
 20
166.735
 10
61.411
 20
168.306
 10
61.431
 20
168.31
 10
61.69
 20
166.761
 10
61.987
 20
165.218
 10
62.331
 20
163.686
 10
62.732
 20
162.168
 10
63.194
 20
160.669
 10
63.716
 20
159.189
 10
64.296
 20
157.729
 10
64.925
 20
156.289
 10
65.592
 20
154.865
 10
66.286
 20
153.453
 10
66.99
 20
152.05
 10
67.691
 20
150.649
 10
68.377
 20
149.245
 10
69.037
 20
147.832
 10
69.665
 20
146.407
 10
70.257
 20
144.967
 97
0
 75
0
 76
1
 98
0
  0
HATCH
  5
1D3
330
17
100
AcDbEntity
  8
RASTER
 62
7
100
AcDbHatch
 10
0.0
 20
0.0
 30
0.0
210
0.0
220
0.0
230
1.0
  2
SOLID
 70
1
 71
0
 91
1
 92
3
 72
0
 73
1
 93
20
 10
58.812
 20
185.606
 10
58.261
 20
187.05
 10
57.698
 20
188.5
 10
57.154
 20
189.961
 10
56.662
 20
191.434
 10
56.25
 20
192.921
 10
55.938
 20
194.421
 10
55.742
 20
195.932
 10
55.666
 20
197.451
 10
55.706
 20
198.974
 10
55.726
 20
198.975
 10
55.856
 20
197.46
 10
56.082
 20
195.952
 10
56.389
 20
194.452
 10
56.759
 20
192.961
 10
57.171
 20
191.48
 10
57.604
 20
190.006
 10
58.036
 20
188.538
 10
58.45
 20
187.073
 10
58.832
 20
185.609
 97
0
 75
0
 76
1
 98
0
  0
HATCH
  5
1D4
330
17
100
AcDbEntity
  8
RASTER
 62
7
100
AcDbHatch
 10
0.0
 20
0.0
 30
0.0
210
0.0
220
0.0
230
1.0
  2
SOLID
 70
1
 71
0
 91
1
 92
3
 72
0
 73
1
 93
34
 10
53.893
 20
206.837
 10
54.03
 20
208.496
 10
54.223
 20
210.152
 10
54.461
 20
211.802
 10
54.728
 20
213.447
 10
55.011
 20
215.087
 10
55.293
 20
216.723
 10
55.562
 20
218.358
 10
55.808
 20
219.992
 10
56.024
 20
221.628
 10
56.208
 20
223.267
 10
56.362
 20
224.911
 10
56.49
 20
226.56
 10
56.602
 20
228.214
 10
56.711
 20
229.872
 10
56.83
 20
231.533
 10
56.975
 20
233.192
 10
56.994
 20
233.188
 10
56.944
 20
231.512
 10
56.916
 20
229.838
 10
56.891
 20
228.168
 10
56.852
 20
226.506
 10
56.785
 20
224.853
 10
56.677
 20
223.208
 10
56.522
 20
221.571
 10
56.315
 20
219.94
 10
56.06
 20
218.312
 10
55.764
 20
216.685
 10
55.437
 20
215.057
 10
55.094
 20
213.425
 10
54.753
 20
211.788
 10
54.43
 20
210.144
 10
54.145
 20
208.493
 10
53.913
 20
206.837
 97
0
 75
0
 76
1
 98
0
  0
HATCH
  5
1D5
330
17
100
AcDbEntity
  8
RASTER
 62
7
100
AcDbHatch
 10
0.0
 20
0.0
 30
0.0
210
0.0
220
0.0
230
1.0
  2
SOLID
 70
1
 71
0
 91
1
 92
3
 72
0
 73
1
 93
14
 10
63.183
 20
239.887
 10
63.362
 20
241.436
 10
63.514
 20
242.998
 10
63.679
 20
244.561
 10
63.886
 20
246.118
 10
64.155
 20
247.662
 10
64.491
 20
249.188
 10
64.51
 20
249.182
 10
64.369
 20
247.596
 10
64.244
 20
246.013
 10
64.091
 20
244.445
 10
63.874
 20
242.9
 10
63.578
 20
241.38
 10
63.202
 20
239.882
 97
0
 75
0
 76
1
 98
0
  0
HATCH
  5
1D6
330
17
100
AcDbEntity
  8
RASTER
 62
7
100
AcDbHatch
 10
0.0
 20
0.0
 30
0.0
210
0.0
220
0.0
230
1.0
  2
SOLID
 70
1
 71
0
 91
1
 92
3
 72
0
 73
1
 93
36
 10
62.362
 20
256.207
 10
62.885
 20
257.725
 10
63.468
 20
259.22
 10
64.11
 20
260.692
 10
64.808
 20
262.139
 10
65.558
 20
263.562
 10
66.353
 20
264.962
 10
67.187
 20
266.341
 10
68.051
 20
267.702
 10
68.938
 20
269.046
 10
69.838
 20
270.379
 10
70.743
 20
271.704
 10
71.645
 20
273.026
 10
72.537
 20
274.348
 10
73.414
 20
275.674
 10
74.27
 20
277.008
 10
75.102
 20
278.353
 10
75.909
 20
279.712
 10
75.927
 20
279.702
 10
75.181
 20
278.308
 10
74.409
 20
276.931
 10
73.609
 20
275.568
 10
72.784
 20
274.217
 10
71.935
 20
272.876
 10
71.068
 20
271.541
 10
70.188
 20
270.208
 10
69.302
 20
268.874
 10
68.417
 20
267.533
 10
67.542
 20
266.182
 10
66.687
 20
264.817
 10
65.859
 20
263.435
 10
65.066
 20
262.033
 10
64.316
 20
260.609
 10
63.616
 20
259.163
 10
62.969
 20
257.693
 10
62.381
 20
256.201
 97
0
 75
0
 76
1
 98
0
  0
HATCH
  5
1D7
330
17
100
AcDbEntity
  8
RASTER
 62
7
100
AcDbHatch
 10
0.0
 20
0.0
 30
0.0
210
0.0
220
0.0
230
1.0
  2
SOLID
 70
1
 71
0
 91
1
 92
3
 72
0
 73
1
 93
16
 10
82.783
 20
283.38
 10
83.759
 20
284.596
 10
84.664
 20
285.856
 10
85.502
 20
287.162
 10
86.281
 20
288.51
 10
87.014
 20
289.896
 10
87.718
 20
291.31
 10
88.408
 20
292.741
 10
88.424
 20
292.729
 10
87.871
 20
291.197
 10
87.28
 20
289.704
 10
86.611
 20
288.277
 10
85.834
 20
286.932
 10
84.936
 20
285.672
 10
83.918
 20
284.491
 10
82.8
 20
283.369
 97
0
 75
0
 76
1
 98
0
  0
HATCH
  5
1D8
330
17
100
AcDbEntity
  8
RASTER
 62
7
100
AcDbHatch
 10
0.0
 20
0.0
 30
0.0
210
0.0
220
0.0
230
1.0
  2
SOLID
 70
1
 71
0
 91
1
 92
3
 72
0
 73
1
 93
20
 10
98.358
 20
305.492
 10
99.526
 20
306.587
 10
100.731
 20
307.644
 10
101.969
 20
308.664
 10
103.234
 20
309.652
 10
104.518
 20
310.614
 10
105.813
 20
311.559
 10
107.108
 20
312.497
 10
108.395
 20
313.439
 10
109.666
 20
314.394
 10
109.679
 20
314.379
 10
108.493
 20
313.328
 10
107.282
 20
312.305
 10
106.045
 20
311.308
 10
104.784
 20
310.333
 10
103.503
 20
309.374
 10
102.21
 20
308.42
 10
100.916
 20
307.461
 10
99.632
 20
306.485
 10
98.373
 20
305.478
 97
0
 75
0
 76
1
 98
0
  0
HATCH
  5
1D9
330
17
100
AcDbEntity
  8
RASTER
 62
7
100
AcDbHatch
 10
0.0
 20
0.0
 30
0.0
210
0.0
220
0.0
230
1.0
  2
SOLID
 70
1
 71
0
 91
1
 92
3
 72
0
 73
1
 93
28
 10
114.241
 20
318.949
 10
115.35
 20
320.004
 10
116.467
 20
321.055
 10
117.595
 20
322.096
 10
118.739
 20
323.121
 10
119.901
 20
324.127
 10
121.084
 20
325.107
 10
122.29
 20
326.059
 10
123.52
 20
326.978
 10
124.775
 20
327.862
 10
126.055
 20
328.71
 10
127.358
 20
329.52
 10
128.685
 20
330.293
 10
130.031
 20
331.03
 10
130.042
 20
331.012
 10
128.737
 20
330.205
 10
127.453
 20
329.367
 10
126.187
 20
328.501
 10
124.939
 20
327.609
 10
123.708
 20
326.694
 10
122.492
 20
325.761
 10
121.289
 20
324.811
 10
120.098
 20
323.849
 10
118.916
 20
322.877
 10
117.742
 20
321.897
 10
116.575
 20
320.912
 10
115.413
 20
319.924
 10
114.254
 20
318.933
 97
0
 75
0
 76
1
 98
0
  0
HATCH
  5
1DA
330
17
100
AcDbEntity
  8
RASTER
 62
7
100
AcDbHatch
 10
0.0
 20
0.0
 30
0.0
210
0.0
220
0.0
230
1.0
  2
SOLID
 70
1
 71
0
 91
1
 92
3
 72
0
 73
1
 93
22
 10
138.095
 20
337.451
 10
139.481
 20
338.217
 10
140.858
 20
339.003
 10
142.231
 20
339.804
 10
143.605
 20
340.611
 10
144.984
 20
341.416
 10
146.372
 20
342.212
 10
147.771
 20
342.99
 10
149.183
 20
343.744
 10
150.612
 20
344.467
 10
152.058
 20
345.156
 10
152.065
 20
345.137
 10
150.658
 20
344.349
 10
149.267
 20
343.536
 10
147.885
 20
342.712
 10
146.508
 20
341.889
 10
145.131
 20
341.079
 10
143.749
 20
340.291
 10
142.358
 20
339.53
 10
140.954
 20
338.801
 10
139.536
 20
338.102
 10
138.104
 20
337.433
 97
0
 75
0
 76
1
 98
0
  0
HATCH
  5
1DB
330
17
100
AcDbEntity
  8
RASTER
 62
7
100
AcDbHatch
 10
0.0
 20
0.0
 30
0.0
210
0.0
220
0.0
230
1.0
  2
SOLID
 70
1
 71
0
 91
1
 92
3
 72
0
 73
1
 93
18
 10
167.645
 20
349.996
 10
169.091
 20
350.514
 10
170.536
 20
351.05
 10
171.986
 20
351.584
 10
173.445
 20
352.099
 10
174.915
 20
352.577
 10
176.398
 20
353.005
 10
177.894
 20
353.376
 10
179.403
 20
353.686
 10
179.406
 20
353.666
 10
177.922
 20
353.219
 10
176.45
 20
352.733
 10
174.985
 20
352.227
 10
173.524
 20
351.723
 10
172.064
 20
351.236
 10
170.599
 20
350.78
 10
169.128
 20
350.359
 10
167.649
 20
349.976
 97
0
 75
0
 76
1
 98
0
  0
HATCH
  5
1DC
330
17
100
AcDbEntity
  8
RASTER
 62
7
100
AcDbHatch
 10
0.0
 20
0.0
 30
0.0
210
0.0
220
0.0
230
1.0
  2
SOLID
 70
1
 71
0
 91
1
 92
3
 72
0
 73
1
 93
34
 10
192.899
 20
349.16
 10
194.424
 20
349.579
 10
195.951
 20
350.072
 10
197.485
 20
350.601
 10
199.029
 20
351.119
 10
200.584
 20
351.581
 10
202.15
 20
351.944
 10
203.724
 20
352.175
 10
205.302
 20
352.251
 10
206.879
 20
352.165
 10
208.451
 20
351.923
 10
210.014
 20
351.549
 10
211.565
 20
351.075
 10
213.104
 20
350.543
 10
214.633
 20
350.0
 10
216.156
 20
349.491
 10
217.677
 20
349.055
 10
217.675
 20
349.035
 10
216.148
 20
349.395
 10
214.622
 20
349.832
 10
213.091
 20
350.307
 10
211.551
 20
350.78
 10
210.001
 20
351.205
 10
208.441
 20
351.543
 10
206.873
 20
351.762
 10
205.3
 20
351.841
 10
203.726
 20
351.772
 10
202.156
 20
351.564
 10
200.593
 20
351.237
 10
199.04
 20
350.823
 10
197.496
 20
350.364
 10
195.961
 20
349.903
 10
194.431
 20
349.483
 10
192.901
 20
349.14
 97
0
 75
0
 76
1
 98
0
  0
HATCH
  5
1DD
330
17
100
AcDbEntity
  8
RASTER
 62
7
100
AcDbHatch
 10
0.0
 20
0.0
 30
0.0
210
0.0
220
0.0
230
1.0
  2
SOLID
 70
1
 71
0
 91
1
 92
3
 72
0
 73
1
 93
24
 10
234.719
 20
348.704
 10
236.215
 20
348.231
 10
237.711
 20
347.773
 10
239.208
 20
347.332
 10
240.708
 20
346.909
 10
242.213
 20
346.504
 10
243.722
 20
346.117
 10
245.237
 20
345.747
 10
246.757
 20
345.393
 10
248.284
 20
345.052
 10
249.817
 20
344.72
 10
251.356
 20
344.394
 10
251.349
 20
344.375
 10
249.774
 20
344.586
 10
248.209
 20
344.811
 10
246.659
 20
345.063
 10
245.123
 20
345.353
 10
243.603
 20
345.688
 10
242.099
 20
346.074
 10
240.608
 20
346.511
 10
239.127
 20
346.997
 10
237.654
 20
347.528
 10
236.185
 20
348.094
 10
234.715
 20
348.684
 97
0
 75
0
 76
1
 98
0
  0
HATCH
  5
1DE
330
17
100
AcDbEntity
  8
RASTER
 62
7
100
AcDbHatch
 10
0.0
 20
0.0
 30
0.0
210
0.0
220
0.0
230
1.0
  2
SOLID
 70
1
 71
0
 91
1
 92
3
 72
0
 73
1
 93
24
 10
258.691
 20
346.444
 10
260.317
 20
346.081
 10
261.931
 20
345.676
 10
263.529
 20
345.218
 10
265.104
 20
344.698
 10
266.654
 20
344.111
 10
268.173
 20
343.454
 10
269.66
 20
342.727
 10
271.114
 20
341.932
 10
272.535
 20
341.075
 10
273.925
 20
340.164
 10
275.287
 20
339.208
 10
275.278
 20
339.19
 10
273.855
 20
340.027
 10
272.411
 20
340.827
 10
270.949
 20
341.591
 10
269.467
 20
342.318
 10
267.969
 20
343.008
 10
266.454
 20
343.663
 10
264.925
 20
344.283
 10
263.382
 20
344.868
 10
261.827
 20
345.42
 10
260.26
 20
345.938
 10
258.684
 20
346.425
 97
0
 75
0
 76
1
 98
0
  0
HATCH
  5
1DF
330
17
100
AcDbEntity
  8
RASTER
 62
7
100
AcDbHatch
 10
0.0
 20
0.0
 30
0.0
210
0.0
220
0.0
230
1.0
  2
SOLID
 70
1
 71
0
 91
1
 92
3
 72
0
 73
1
 93
32
 10
284.853
 20
329.162
 10
285.981
 20
328.052
 10
287.068
 20
326.894
 10
288.136
 20
325.721
 10
289.207
 20
324.566
 10
290.303
 20
323.455
 10
291.441
 20
322.412
 10
292.635
 20
321.449
 10
293.892
 20
320.57
 10
295.21
 20
319.766
 10
296.582
 20
319.022
 10
297.991
 20
318.315
 10
299.415
 20
317.615
 10
300.831
 20
316.892
 10
302.212
 20
316.118
 10
303.534
 20
315.267
 10
303.521
 20
315.252
 10
302.148
 20
316.045
 10
300.72
 20
316.763
 10
299.263
 20
317.433
 10
297.803
 20
318.087
 10
296.368
 20
318.757
 10
294.98
 20
319.474
 10
293.655
 20
320.262
 10
292.401
 20
321.14
 10
291.22
 20
322.113
 10
290.103
 20
323.179
 10
289.037
 20
324.325
 10
288.002
 20
325.526
 10
286.973
 20
326.753
 10
285.927
 20
327.971
 10
284.843
 20
329.145
 97
0
 75
0
 76
1
 98
0
  0
HATCH
  5
1E0
330
17
100
AcDbEntity
  8
RASTER
 62
7
100
AcDbHatch
 10
0.0
 20
0.0
 30
0.0
210
0.0
220
0.0
230
1.0
  2
SOLID
 70
1
 71
0
 91
1
 92
3
 72
0
 73
1
 93
18
 10
307.41
 20
311.035
 10
308.79
 20
310.081
 10
310.138
 20
309.088
 10
311.439
 20
308.04
 10
312.679
 20
306.928
 10
313.848
 20
305.746
 10
314.943
 20
304.496
 10
315.967
 20
303.184
 10
316.927
 20
301.819
 10
316.912
 20
301.806
 10
315.858
 20
303.087
 10
314.756
 20
304.327
 10
313.61
 20
305.526
 10
312.425
 20
306.688
 10
311.207
 20
307.815
 10
309.959
 20
308.91
 10
308.687
 20
309.977
 10
307.396
 20
311.02
 97
0
 75
0
 76
1
 98
0
  0
HATCH
  5
1E1
330
17
100
AcDbEntity
  8
RASTER
 62
7
100
AcDbHatch
 10
0.0
 20
0.0
 30
0.0
210
0.0
220
0.0
230
1.0
  2
SOLID
 70
1
 71
0
 91
1
 92
3
 72
0
 73
1
 93
18
 10
320.627
 20
293.139
 10
321.58
 20
291.825
 10
322.512
 20
290.496
 10
323.418
 20
289.149
 10
324.294
 20
287.782
 10
325.139
 20
286.397
 10
325.957
 20
284.995
 10
326.754
 20
283.582
 10
327.538
 20
282.164
 10
327.521
 20
282.153
 10
326.615
 20
283.492
 10
325.717
 20
284.836
 10
324.832
 20
286.188
 10
323.965
 20
287.554
 10
323.116
 20
288.934
 10
322.279
 20
290.326
 10
321.448
 20
291.726
 10
320.612
 20
293.127
 97
0
 75
0
 76
1
 98
0
  0
HATCH
  5
1E2
330
17
100
AcDbEntity
  8
RASTER
 62
7
100
AcDbHatch
 10
0.0
 20
0.0
 30
0.0
210
0.0
220
0.0
230
1.0
  2
SOLID
 70
1
 71
0
 91
1
 92
3
 72
0
 73
1
 93
22
 10
338.39
 20
276.323
 10
339.394
 20
274.929
 10
340.379
 20
273.518
 10
341.333
 20
272.086
 10
342.245
 20
270.629
 10
343.107
 20
269.144
 10
343.913
 20
267.629
 10
344.658
 20
266.085
 10
345.341
 20
264.513
 10
345.965
 20
262.916
 10
346.531
 20
261.297
 10
346.513
 20
261.29
 10
345.834
 20
262.862
 10
345.111
 20
264.415
 10
344.35
 20
265.949
 10
343.555
 20
267.467
 10
342.734
 20
268.97
 10
341.891
 20
270.459
 10
341.03
 20
271.937
 10
340.156
 20
273.405
 10
339.269
 20
274.863
 10
338.372
 20
276.314
 97
0
 75
0
 76
1
 98
0
  0
HATCH
  5
1E3
330
17
100
AcDbEntity
  8
RASTER
 62
7
100
AcDbHatch
 10
0.0
 20
0.0
 30
0.0
210
0.0
220
0.0
230
1.0
  2
SOLID
 70
1
 71
0
 91
1
 92
3
 72
0
 73
1
 93
28
 10
346.174
 20
249.685
 10
346.848
 20
248.166
 10
347.513
 20
246.64
 10
348.16
 20
245.105
 10
348.78
 20
243.557
 10
349.362
 20
241.995
 10
349.898
 20
240.417
 10
350.381
 20
238.824
 10
350.806
 20
237.216
 10
351.17
 20
235.593
 10
351.473
 20
233.958
 10
351.714
 20
232.311
 10
351.9
 20
230.656
 10
352.034
 20
228.995
 10
352.015
 20
228.992
 10
351.787
 20
230.636
 10
351.514
 20
232.274
 10
351.196
 20
233.902
 10
350.833
 20
235.522
 10
350.426
 20
237.131
 10
349.98
 20
238.73
 10
349.498
 20
240.319
 10
348.985
 20
241.897
 10
348.447
 20
243.467
 10
347.889
 20
245.028
 10
347.318
 20
246.583
 10
346.738
 20
248.132
 10
346.155
 20
249.679
 97
0
 75
0
 76
1
 98
0
  0
HATCH
  5
1E4
330
17
100
AcDbEntity
  8
RASTER
 62
7
100
AcDbHatch
 10
0.0
 20
0.0
 30
0.0
210
0.0
220
0.0
230
1.0
  2
SOLID
 70
1
 71
0
 91
1
 92
3
 72
0
 73
1
 93
26
 10
351.433
 20
218.513
 10
351.764
 20
216.964
 10
352.176
 20
215.416
 10
352.641
 20
213.865
 10
353.127
 20
212.308
 10
353.595
 20
210.741
 10
354.008
 20
209.164
 10
354.331
 20
207.578
 10
354.536
 20
205.984
 10
354.606
 20
204.386
 10
354.533
 20
202.789
 10
354.322
 20
201.196
 10
353.99
 20
199.61
 10
353.97
 20
199.611
 10
354.218
 20
201.198
 10
354.351
 20
202.791
 10
354.358
 20
204.387
 10
354.237
 20
205.981
 10
353.999
 20
207.571
 10
353.665
 20
209.154
 10
353.264
 20
210.728
 10
352.828
 20
212.293
 10
352.393
 20
213.85
 10
351.995
 20
215.403
 10
351.661
 20
216.955
 10
351.414
 20
218.511
 97
0
 75
0
 76
1
 98
0
  0
HATCH
  5
1E5
330
17
100
AcDbEntity
  8
RASTER
 62
7
100
AcDbHatch
 10
0.0
 20
0.0
 30
0.0
210
0.0
220
0.0
230
1.0
  2
SOLID
 70
1
 71
0
 91
1
 92
3
 72
0
 73
1
 93
22
 10
351.105
 20
184.868
 10
351.024
 20
183.272
 10
350.786
 20
181.697
 10
350.392
 20
180.149
 10
349.864
 20
178.627
 10
349.237
 20
177.129
 10
348.56
 20
175.649
 10
347.881
 20
174.177
 10
347.25
 20
172.703
 10
346.704
 20
171.215
 10
346.267
 20
169.704
 10
346.248
 20
169.709
 10
346.591
 20
171.241
 10
347.053
 20
172.747
 10
347.617
 20
174.233
 10
348.252
 20
175.711
 10
348.915
 20
177.19
 10
349.555
 20
178.682
 10
350.126
 20
180.193
 10
350.587
 20
181.729
 10
350.91
 20
183.289
 10
351.085
 20
184.871
 97
0
 75
0
 76
1
 98
0
  0
HATCH
  5
1E6
330
17
100
AcDbEntity
  8
RASTER
 62
7
100
AcDbHatch
 10
0.0
 20
0.0
 30
0.0
210
0.0
220
0.0
230
1.0
  2
SOLID
 70
1
 71
0
 91
1
 92
3
 72
0
 73
1
 93
24
 10
345.711
 20
152.146
 10
345.007
 20
150.723
 10
344.289
 20
149.31
 10
343.559
 20
147.905
 10
342.824
 20
146.505
 10
342.087
 20
145.109
 10
341.353
 20
143.715
 10
340.626
 20
142.32
 10
339.909
 20
140.922
 10
339.206
 20
139.519
 10
338.518
 20
138.108
 10
337.847
 20
136.689
 10
337.829
 20
136.698
 10
338.405
 20
138.164
 10
339.004
 20
139.616
 10
339.633
 20
141.052
 10
340.296
 20
142.471
 10
340.994
 20
143.875
 10
341.726
 20
145.266
 10
342.49
 20
146.646
 10
343.277
 20
148.02
 10
344.08
 20
149.393
 10
344.889
 20
150.769
 10
345.692
 20
152.152
 97
0
 75
0
 76
1
 98
0
  0
HATCH
  5
1E7
330
17
100
AcDbEntity
  8
RASTER
 62
7
100
AcDbHatch
 10
0.0
 20
0.0
 30
0.0
210
0.0
220
0.0
230
1.0
  2
SOLID
 70
1
 71
0
 91
1
 92
3
 72
0
 73
1
 93
30
 10
330.954
 20
122.849
 10
329.911
 20
121.533
 10
328.853
 20
120.23
 10
327.79
 20
118.935
 10
326.731
 20
117.641
 10
325.685
 20
116.34
 10
324.657
 20
115.028
 10
323.648
 20
113.702
 10
322.66
 20
112.36
 10
321.688
 20
111.004
 10
320.728
 20
109.636
 10
319.77
 20
108.261
 10
318.807
 20
106.887
 10
317.829
 20
105.522
 10
316.825
 20
104.175
 10
316.81
 20
104.188
 10
317.763
 20
105.58
 10
318.692
 20
106.986
 10
319.61
 20
108.395
 10
320.529
 20
109.798
 10
321.46
 20
111.186
 10
322.412
 20
112.554
 10
323.392
 20
113.898
 10
324.404
 20
115.217
 10
325.449
 20
116.512
 10
326.522
 20
117.789
 10
327.619
 20
119.055
 10
328.728
 20
120.315
 10
329.838
 20
121.581
 10
330.937
 20
122.86
 97
0
 75
0
 76
1
 98
0
  0
HATCH
  5
1E8
330
17
100
AcDbEntity
  8
RASTER
 62
7
100
AcDbHatch
 10
0.0
 20
0.0
 30
0.0
210
0.0
220
0.0
230
1.0
  2
SOLID
 70
1
 71
0
 91
1
 92
3
 72
0
 73
1
 93
22
 10
306.881
 20
100.675
 10
305.605
 20
99.715
 10
304.315
 20
98.775
 10
303.024
 20
97.844
 10
301.741
 20
96.91
 10
300.476
 20
95.961
 10
299.233
 20
94.99
 10
298.017
 20
93.99
 10
296.829
 20
92.958
 10
295.665
 20
91.893
 10
294.52
 20
90.801
 10
294.508
 20
90.817
 10
295.592
 20
91.984
 10
296.699
 20
93.115
 10
297.841
 20
94.199
 10
299.025
 20
95.231
 10
300.255
 20
96.212
 10
301.528
 20
97.146
 10
302.839
 20
98.045
 10
304.175
 20
98.924
 10
305.524
 20
99.799
 10
306.867
 20
100.689
 97
0
 75
0
 76
1
 98
0
  0
HATCH
  5
1E9
330
17
100
AcDbEntity
  8
RASTER
 62
7
100
AcDbHatch
 10
0.0
 20
0.0
 30
0.0
210
0.0
220
0.0
230
1.0
  2
SOLID
 70
1
 71
0
 91
1
 92
3
 72
0
 73
1
 93
30
 10
283.621
 20
80.6
 10
282.203
 20
79.885
 10
280.786
 20
79.175
 10
279.37
 20
78.468
 10
277.956
 20
77.762
 10
276.544
 20
77.056
 10
275.135
 20
76.348
 10
273.73
 20
75.638
 10
272.327
 20
74.923
 10
270.927
 20
74.203
 10
269.53
 20
73.478
 10
268.135
 20
72.747
 10
266.742
 20
72.009
 10
265.349
 20
71.266
 10
263.957
 20
70.518
 10
263.948
 20
70.536
 10
265.301
 20
71.372
 10
266.654
 20
72.197
 10
268.01
 20
73.007
 10
269.372
 20
73.798
 10
270.742
 20
74.568
 10
272.123
 20
75.314
 10
273.516
 20
76.036
 10
274.923
 20
76.735
 10
276.343
 20
77.412
 10
277.777
 20
78.071
 10
279.222
 20
78.716
 10
280.678
 20
79.352
 10
282.142
 20
79.983
 10
283.61
 20
80.617
 97
0
 75
0
 76
1
 98
0
  0
HATCH
  5
1EA
330
17
100
AcDbEntity
  8
RASTER
 62
7
100
AcDbHatch
 10
0.0
 20
0.0
 30
0.0
210
0.0
220
0.0
230
1.0
  2
SOLID
 70
1
 71
0
 91
1
 92
3
 72
0
 73
1
 93
26
 10
255.389
 20
61.088
 10
253.782
 20
60.761
 10
252.164
 20
60.482
 10
250.547
 20
60.215
 10
248.942
 20
59.929
 10
247.355
 20
59.594
 10
245.79
 20
59.193
 10
244.246
 20
58.718
 10
242.718
 20
58.174
 10
241.201
 20
57.579
 10
239.684
 20
56.96
 10
238.159
 20
56.351
 10
236.62
 20
55.786
 10
236.615
 20
55.806
 10
238.126
 20
56.496
 10
239.622
 20
57.223
 10
241.111
 20
57.941
 10
242.605
 20
58.612
 10
244.114
 20
59.202
 10
245.649
 20
59.692
 10
247.213
 20
60.076
 10
248.81
 20
60.361
 10
250.434
 20
60.57
 10
252.079
 20
60.737
 10
253.733
 20
60.902
 10
255.382
 20
61.107
 97
0
 75
0
 76
1
 98
0
  0
HATCH
  5
1EB
330
17
100
AcDbEntity
  8
RASTER
 62
7
100
AcDbHatch
 10
0.0
 20
0.0
 30
0.0
210
0.0
220
0.0
230
1.0
  2
SOLID
 70
1
 71
0
 91
1
 92
3
 72
0
 73
1
 93
16
 10
227.34
 20
59.806
 10
225.859
 20
59.244
 10
224.37
 20
58.682
 10
222.867
 20
58.172
 10
221.346
 20
57.763
 10
219.807
 20
57.485
 10
218.251
 20
57.353
 10
216.684
 20
57.359
 10
216.683
 20
57.378
 10
218.23
 20
57.576
 10
219.767
 20
57.871
 10
221.292
 20
58.239
 10
222.808
 20
58.648
 10
224.318
 20
59.066
 10
225.826
 20
59.466
 10
227.337
 20
59.826
 97
0
 75
0
 76
1
 98
0
  0
HATCH
  5
1EC
330
17
100
AcDbEntity
  8
RASTER
 62
7
100
AcDbHatch
 10
0.0
 20
0.0
 30
0.0
210
0.0
220
0.0
230
1.0
  2
SOLID
 70
1
 71
0
 91
1
 92
3
 72
0
 73
1
 93
28
 10
199.363
 20
58.884
 10
197.746
 20
59.069
 10
196.13
 20
59.251
 10
194.516
 20
59.428
 10
192.903
 20
59.597
 10
191.289
 20
59.756
 10
189.675
 20
59.905
 10
188.06
 20
60.044
 10
186.442
 20
60.175
 10
184.822
 20
60.301
 10
183.2
 20
60.426
 10
181.575
 20
60.554
 10
179.949
 20
60.689
 10
178.322
 20
60.838
 10
178.326
 20
60.857
 10
179.972
 20
60.822
 10
181.614
 20
60.794
 10
183.25
 20
60.762
 10
184.879
 20
60.714
 10
186.501
 20
60.642
 10
188.116
 20
60.539
 10
189.727
 20
60.4
 10
191.333
 20
60.224
 10
192.936
 20
60.012
 10
194.54
 20
59.767
 10
196.144
 20
59.494
 10
197.752
 20
59.204
 10
199.364
 20
58.904
 97
0
 75
0
 76
1
 98
0
  0
HATCH
  5
1ED
330
17
100
AcDbEntity
  8
RASTER
 62
7
100
AcDbHatch
 10
0.0
 20
0.0
 30
0.0
210
0.0
220
0.0
230
1.0
  2
SOLID
 70
1
 71
0
 91
1
 92
3
 72
0
 73
1
 93
28
 10
160.599
 20
62.661
 10
158.996
 20
63.031
 10
157.345
 20
63.263
 10
155.651
 20
63.396
 10
153.931
 20
63.483
 10
152.207
 20
63.59
 10
150.502
 20
63.779
 10
148.842
 20
64.105
 10
147.246
 20
64.606
 10
145.727
 20
65.299
 10
144.29
 20
66.174
 10
142.925
 20
67.201
 10
141.617
 20
68.329
 10
140.341
 20
69.499
 10
140.349
 20
69.517
 10
141.659
 20
68.419
 10
142.996
 20
67.358
 10
144.385
 20
66.392
 10
145.841
 20
65.566
 10
147.37
 20
64.909
 10
148.97
 20
64.427
 10
150.627
 20
64.102
 10
152.321
 20
63.897
 10
154.03
 20
63.757
 10
155.729
 20
63.621
 10
157.399
 20
63.427
 10
159.027
 20
63.125
 10
160.605
 20
62.68
 97
0
 75
0
 76
1
 98
0
  0
HATCH
  5
1EE
330
17
100
AcDbEntity
  8
RASTER
 62
7
100
AcDbHatch
 10
0.0
 20
0.0
 30
0.0
210
0.0
220
0.0
230
1.0
  2
SOLID
 70
1
 71
0
 91
1
 92
3
 72
0
 73
1
 93
26
 10
137.701
 20
74.679
 10
136.298
 20
75.443
 10
134.895
 20
76.205
 10
133.491
 20
76.967
 10
132.089
 20
77.731
 10
130.687
 20
78.499
 10
129.288
 20
79.272
 10
127.891
 20
80.051
 10
126.497
 20
80.838
 10
125.106
 20
81.633
 10
123.719
 20
82.437
 10
122.335
 20
83.25
 10
120.957
 20
84.074
 10
120.968
 20
84.091
 10
122.394
 20
83.337
 10
123.819
 20
82.589
 10
125.241
 20
81.842
 10
126.657
 20
81.092
 10
128.066
 20
80.335
 10
129.465
 20
79.567
 10
130.856
 20
78.787
 10
132.238
 20
77.993
 10
133.613
 20
77.185
 10
134.982
 20
76.365
 10
136.347
 20
75.534
 10
137.71
 20
74.697
 97
0
 75
0
 76
1
 98
0
  0
HATCH
  5
1EF
330
17
100
AcDbEntity
  8
RASTER
 62
7
100
AcDbHatch
 10
0.0
 20
0.0
 30
0.0
210
0.0
220
0.0
230
1.0
  2
SOLID
 70
1
 71
0
 91
2
 92
3
 72
0
 73
1
 93
48
 10
405.485
 20
204.643
 10
403.766
 20
178.427
 10
398.641
 20
152.661
 10
390.196
 20
127.784
 10
378.577
 20
104.221
 10
363.981
 20
82.378
 10
346.659
 20
62.626
 10
326.907
 20
45.304
 10
305.064
 20
30.708
 10
281.501
 20
19.089
 10
256.624
 20
10.644
 10
230.858
 20
5.519
 10
204.642
 20
3.8
 10
178.427
 20
5.519
 10
152.661
 20
10.644
 10
127.783
 20
19.089
 10
104.221
 20
30.708
 10
82.377
 20
45.304
 10
62.625
 20
62.626
 10
45.303
 20
82.378
 10
30.708
 20
104.221
 10
19.088
 20
127.784
 10
10.644
 20
152.661
 10
5.518
 20
178.427
 10
3.8
 20
204.643
 10
5.518
 20
230.858
 10
10.644
 20
256.624
 10
19.088
 20
281.502
 10
30.708
 20
305.064
 10
45.303
 20
326.908
 10
62.625
 20
346.66
 10
82.377
 20
363.982
 10
104.221
 20
378.577
 10
127.783
 20
390.197
 10
152.661
 20
398.641
 10
178.427
 20
403.767
 10
204.642
 20
405.485
 10
230.858
 20
403.767
 10
256.624
 20
398.641
 10
281.501
 20
390.197
 10
305.064
 20
378.577
 10
326.907
 20
363.982
 10
346.659
 20
346.66
 10
363.981
 20
326.908
 10
378.577
 20
305.064
 10
390.196
 20
281.502
 10
398.641
 20
256.624
 10
403.766
 20
230.858
 97
0
 92
3
 72
0
 73
1
 93
48
 10
404.785
 20
204.643
 10
403.072
 20
178.519
 10
397.965
 20
152.842
 10
389.55
 20
128.051
 10
377.971
 20
104.571
 10
363.426
 20
82.804
 10
346.164
 20
63.121
 10
326.481
 20
45.859
 10
304.714
 20
31.314
 10
281.234
 20
19.735
 10
256.443
 20
11.32
 10
230.766
 20
6.213
 10
204.642
 20
4.5
 10
178.519
 20
6.213
 10
152.842
 20
11.32
 10
128.051
 20
19.735
 10
104.571
 20
31.314
 10
82.803
 20
45.859
 10
63.12
 20
63.121
 10
45.859
 20
82.804
 10
31.314
 20
104.571
 10
19.735
 20
128.051
 10
11.32
 20
152.842
 10
6.212
 20
178.519
 10
4.5
 20
204.643
 10
6.212
 20
230.766
 10
11.32
 20
256.443
 10
19.735
 20
281.234
 10
31.314
 20
304.714
 10
45.859
 20
326.482
 10
63.12
 20
346.165
 10
82.803
 20
363.426
 10
104.571
 20
377.971
 10
128.051
 20
389.55
 10
152.842
 20
397.965
 10
178.519
 20
403.073
 10
204.642
 20
404.785
 10
230.766
 20
403.073
 10
256.443
 20
397.965
 10
281.234
 20
389.55
 10
304.714
 20
377.971
 10
326.481
 20
363.426
 10
346.164
 20
346.165
 10
363.426
 20
326.482
 10
377.971
 20
304.714
 10
389.55
 20
281.234
 10
397.965
 20
256.443
 10
403.072
 20
230.766
 97
0
 75
0
 76
1
 98
0
  0
HATCH
  5
1F0
330
17
100
AcDbEntity
  8
RASTER
 62
7
100
AcDbHatch
 10
0.0
 20
0.0
 30
0.0
210
0.0
220
0.0
230
1.0
  2
SOLID
 70
1
 71
0
 91
2
 92
3
 72
0
 73
1
 93
48
 10
404.185
 20
204.643
 10
402.478
 20
178.597
 10
397.385
 20
152.997
 10
388.995
 20
128.281
 10
377.451
 20
104.871
 10
362.95
 20
83.169
 10
345.74
 20
63.545
 10
326.116
 20
46.335
 10
304.414
 20
31.834
 10
281.004
 20
20.29
 10
256.288
 20
11.9
 10
230.688
 20
6.807
 10
204.642
 20
5.1
 10
178.597
 20
6.807
 10
152.997
 20
11.9
 10
128.281
 20
20.29
 10
104.871
 20
31.834
 10
83.169
 20
46.335
 10
63.545
 20
63.545
 10
46.335
 20
83.169
 10
31.834
 20
104.871
 10
20.289
 20
128.281
 10
11.899
 20
152.997
 10
6.807
 20
178.597
 10
5.1
 20
204.643
 10
6.807
 20
230.688
 10
11.899
 20
256.288
 10
20.289
 20
281.004
 10
31.834
 20
304.414
 10
46.335
 20
326.116
 10
63.545
 20
345.74
 10
83.169
 20
362.95
 10
104.871
 20
377.451
 10
128.281
 20
388.996
 10
152.997
 20
397.386
 10
178.597
 20
402.478
 10
204.642
 20
404.185
 10
230.688
 20
402.478
 10
256.288
 20
397.386
 10
281.004
 20
388.996
 10
304.414
 20
377.451
 10
326.116
 20
362.95
 10
345.74
 20
345.74
 10
362.95
 20
326.116
 10
377.451
 20
304.414
 10
388.995
 20
281.004
 10
397.385
 20
256.288
 10
402.478
 20
230.688
 97
0
 92
3
 72
0
 73
1
 93
48
 10
403.685
 20
204.643
 10
401.982
 20
178.662
 10
396.903
 20
153.127
 10
388.534
 20
128.472
 10
377.018
 20
105.121
 10
362.553
 20
83.473
 10
345.387
 20
63.898
 10
325.812
 20
46.732
 10
304.164
 20
32.267
 10
280.813
 20
20.751
 10
256.158
 20
12.382
 10
230.623
 20
7.303
 10
204.642
 20
5.6
 10
178.662
 20
7.303
 10
153.126
 20
12.382
 10
128.472
 20
20.751
 10
105.121
 20
32.267
 10
83.473
 20
46.732
 10
63.898
 20
63.898
 10
46.731
 20
83.473
 10
32.267
 20
105.121
 10
20.751
 20
128.472
 10
12.382
 20
153.127
 10
7.303
 20
178.662
 10
5.6
 20
204.643
 10
7.303
 20
230.623
 10
12.382
 20
256.159
 10
20.751
 20
280.813
 10
32.267
 20
304.164
 10
46.731
 20
325.812
 10
63.898
 20
345.387
 10
83.473
 20
362.554
 10
105.121
 20
377.018
 10
128.472
 20
388.534
 10
153.126
 20
396.903
 10
178.662
 20
401.982
 10
204.642
 20
403.685
 10
230.623
 20
401.982
 10
256.158
 20
396.903
 10
280.813
 20
388.534
 10
304.164
 20
377.018
 10
325.812
 20
362.554
 10
345.387
 20
345.387
 10
362.553
 20
325.812
 10
377.018
 20
304.164
 10
388.534
 20
280.813
 10
396.903
 20
256.159
 10
401.982
 20
230.623
 97
0
 75
0
 76
1
 98
0
  0
HATCH
  5
1F1
330
17
100
AcDbEntity
  8
RASTER
 62
7
100
AcDbHatch
 10
0.0
 20
0.0
 30
0.0
210
0.0
220
0.0
230
1.0
  2
SOLID
 70
1
 71
0
 91
1
 92
3
 72
0
 73
1
 93
4
 10
16.967
 20
267.318
 10
42.317
 20
267.318
 10
42.317
 20
266.968
 10
16.967
 20
266.968
 97
0
 75
0
 76
1
 98
0
  0
HATCH
  5
1F2
330
17
100
AcDbEntity
  8
RASTER
 62
7
100
AcDbHatch
 10
0.0
 20
0.0
 30
0.0
210
0.0
220
0.0
230
1.0
  2
SOLID
 70
1
 71
0
 91
1
 92
3
 72
0
 73
1
 93
4
 10
16.967
 20
242.318
 10
42.317
 20
242.318
 10
42.317
 20
241.968
 10
16.967
 20
241.968
 97
0
 75
0
 76
1
 98
0
  0
HATCH
  5
1F3
330
17
100
AcDbEntity
  8
RASTER
 62
7
100
AcDbHatch
 10
0.0
 20
0.0
 30
0.0
210
0.0
220
0.0
230
1.0
  2
SOLID
 70
1
 71
0
 91
1
 92
3
 72
0
 73
1
 93
4
 10
16.967
 20
217.318
 10
42.317
 20
217.318
 10
42.317
 20
216.968
 10
16.967
 20
216.968
 97
0
 75
0
 76
1
 98
0
  0
HATCH
  5
1F4
330
17
100
AcDbEntity
  8
RASTER
 62
7
100
AcDbHatch
 10
0.0
 20
0.0
 30
0.0
210
0.0
220
0.0
230
1.0
  2
SOLID
 70
1
 71
0
 91
1
 92
3
 72
0
 73
1
 93
4
 10
16.967
 20
192.318
 10
42.317
 20
192.318
 10
42.317
 20
191.968
 10
16.967
 20
191.968
 97
0
 75
0
 76
1
 98
0
  0
HATCH
  5
1F5
330
17
100
AcDbEntity
  8
RASTER
 62
7
100
AcDbHatch
 10
0.0
 20
0.0
 30
0.0
210
0.0
220
0.0
230
1.0
  2
SOLID
 70
1
 71
0
 91
1
 92
3
 72
0
 73
1
 93
4
 10
16.967
 20
167.318
 10
42.317
 20
167.318
 10
42.317
 20
166.968
 10
16.967
 20
166.968
 97
0
 75
0
 76
1
 98
0
  0
HATCH
  5
1F6
330
17
100
AcDbEntity
  8
RASTER
 62
7
100
AcDbHatch
 10
0.0
 20
0.0
 30
0.0
210
0.0
220
0.0
230
1.0
  2
SOLID
 70
1
 71
0
 91
1
 92
3
 72
0
 73
1
 93
4
 10
16.967
 20
142.318
 10
42.317
 20
142.318
 10
42.317
 20
141.968
 10
16.967
 20
141.968
 97
0
 75
0
 76
1
 98
0
  0
HATCH
  5
1F7
330
17
100
AcDbEntity
  8
RASTER
 62
7
100
AcDbHatch
 10
0.0
 20
0.0
 30
0.0
210
0.0
220
0.0
230
1.0
  2
SOLID
 70
1
 71
0
 91
1
 92
3
 72
0
 73
1
 93
4
 10
41.967
 20
317.318
 10
67.317
 20
317.318
 10
67.317
 20
316.968
 10
41.967
 20
316.968
 97
0
 75
0
 76
1
 98
0
  0
HATCH
  5
1F8
330
17
100
AcDbEntity
  8
RASTER
 62
7
100
AcDbHatch
 10
0.0
 20
0.0
 30
0.0
210
0.0
220
0.0
230
1.0
  2
SOLID
 70
1
 71
0
 91
1
 92
3
 72
0
 73
1
 93
4
 10
41.967
 20
292.318
 10
67.317
 20
292.318
 10
67.317
 20
291.968
 10
41.967
 20
291.968
 97
0
 75
0
 76
1
 98
0
  0
HATCH
  5
1F9
330
17
100
AcDbEntity
  8
RASTER
 62
7
100
AcDbHatch
 10
0.0
 20
0.0
 30
0.0
210
0.0
220
0.0
230
1.0
  2
SOLID
 70
1
 71
0
 91
1
 92
3
 72
0
 73
1
 93
4
 10
41.967
 20
267.318
 10
67.317
 20
267.318
 10
67.317
 20
266.968
 10
41.967
 20
266.968
 97
0
 75
0
 76
1
 98
0
  0
HATCH
  5
1FA
330
17
100
AcDbEntity
  8
RASTER
 62
7
100
AcDbHatch
 10
0.0
 20
0.0
 30
0.0
210
0.0
220
0.0
230
1.0
  2
SOLID
 70
1
 71
0
 91
1
 92
3
 72
0
 73
1
 93
4
 10
41.967
 20
242.318
 10
67.317
 20
242.318
 10
67.317
 20
241.968
 10
41.967
 20
241.968
 97
0
 75
0
 76
1
 98
0
  0
HATCH
  5
1FB
330
17
100
AcDbEntity
  8
RASTER
 62
7
100
AcDbHatch
 10
0.0
 20
0.0
 30
0.0
210
0.0
220
0.0
230
1.0
  2
SOLID
 70
1
 71
0
 91
1
 92
3
 72
0
 73
1
 93
4
 10
41.967
 20
217.318
 10
67.317
 20
217.318
 10
67.317
 20
216.968
 10
41.967
 20
216.968
 97
0
 75
0
 76
1
 98
0
  0
HATCH
  5
1FC
330
17
100
AcDbEntity
  8
RASTER
 62
7
100
AcDbHatch
 10
0.0
 20
0.0
 30
0.0
210
0.0
220
0.0
230
1.0
  2
SOLID
 70
1
 71
0
 91
1
 92
3
 72
0
 73
1
 93
4
 10
41.967
 20
192.318
 10
67.317
 20
192.318
 10
67.317
 20
191.968
 10
41.967
 20
191.968
 97
0
 75
0
 76
1
 98
0
  0
HATCH
  5
1FD
330
17
100
AcDbEntity
  8
RASTER
 62
7
100
AcDbHatch
 10
0.0
 20
0.0
 30
0.0
210
0.0
220
0.0
230
1.0
  2
SOLID
 70
1
 71
0
 91
1
 92
3
 72
0
 73
1
 93
4
 10
41.967
 20
167.318
 10
67.317
 20
167.318
 10
67.317
 20
166.968
 10
41.967
 20
166.968
 97
0
 75
0
 76
1
 98
0
  0
HATCH
  5
1FE
330
17
100
AcDbEntity
  8
RASTER
 62
7
100
AcDbHatch
 10
0.0
 20
0.0
 30
0.0
210
0.0
220
0.0
230
1.0
  2
SOLID
 70
1
 71
0
 91
1
 92
3
 72
0
 73
1
 93
4
 10
41.967
 20
142.318
 10
67.317
 20
142.318
 10
67.317
 20
141.968
 10
41.967
 20
141.968
 97
0
 75
0
 76
1
 98
0
  0
HATCH
  5
1FF
330
17
100
AcDbEntity
  8
RASTER
 62
7
100
AcDbHatch
 10
0.0
 20
0.0
 30
0.0
210
0.0
220
0.0
230
1.0
  2
SOLID
 70
1
 71
0
 91
1
 92
3
 72
0
 73
1
 93
4
 10
41.967
 20
117.318
 10
67.317
 20
117.318
 10
67.317
 20
116.968
 10
41.967
 20
116.968
 97
0
 75
0
 76
1
 98
0
  0
HATCH
  5
200
330
17
100
AcDbEntity
  8
RASTER
 62
7
100
AcDbHatch
 10
0.0
 20
0.0
 30
0.0
210
0.0
220
0.0
230
1.0
  2
SOLID
 70
1
 71
0
 91
1
 92
3
 72
0
 73
1
 93
4
 10
41.967
 20
92.318
 10
67.317
 20
92.318
 10
67.317
 20
91.968
 10
41.967
 20
91.968
 97
0
 75
0
 76
1
 98
0
  0
HATCH
  5
201
330
17
100
AcDbEntity
  8
RASTER
 62
7
100
AcDbHatch
 10
0.0
 20
0.0
 30
0.0
210
0.0
220
0.0
230
1.0
  2
SOLID
 70
1
 71
0
 91
1
 92
3
 72
0
 73
1
 93
4
 10
66.967
 20
342.318
 10
92.317
 20
342.318
 10
92.317
 20
341.968
 10
66.967
 20
341.968
 97
0
 75
0
 76
1
 98
0
  0
HATCH
  5
202
330
17
100
AcDbEntity
  8
RASTER
 62
7
100
AcDbHatch
 10
0.0
 20
0.0
 30
0.0
210
0.0
220
0.0
230
1.0
  2
SOLID
 70
1
 71
0
 91
1
 92
3
 72
0
 73
1
 93
4
 10
66.967
 20
317.318
 10
92.317
 20
317.318
 10
92.317
 20
316.968
 10
66.967
 20
316.968
 97
0
 75
0
 76
1
 98
0
  0
HATCH
  5
203
330
17
100
AcDbEntity
  8
RASTER
 62
7
100
AcDbHatch
 10
0.0
 20
0.0
 30
0.0
210
0.0
220
0.0
230
1.0
  2
SOLID
 70
1
 71
0
 91
1
 92
3
 72
0
 73
1
 93
4
 10
66.967
 20
292.318
 10
92.317
 20
292.318
 10
92.317
 20
291.968
 10
66.967
 20
291.968
 97
0
 75
0
 76
1
 98
0
  0
HATCH
  5
204
330
17
100
AcDbEntity
  8
RASTER
 62
7
100
AcDbHatch
 10
0.0
 20
0.0
 30
0.0
210
0.0
220
0.0
230
1.0
  2
SOLID
 70
1
 71
0
 91
1
 92
3
 72
0
 73
1
 93
4
 10
66.967
 20
267.318
 10
92.317
 20
267.318
 10
92.317
 20
266.968
 10
66.967
 20
266.968
 97
0
 75
0
 76
1
 98
0
  0
HATCH
  5
205
330
17
100
AcDbEntity
  8
RASTER
 62
7
100
AcDbHatch
 10
0.0
 20
0.0
 30
0.0
210
0.0
220
0.0
230
1.0
  2
SOLID
 70
1
 71
0
 91
1
 92
3
 72
0
 73
1
 93
4
 10
66.967
 20
242.318
 10
92.317
 20
242.318
 10
92.317
 20
241.968
 10
66.967
 20
241.968
 97
0
 75
0
 76
1
 98
0
  0
HATCH
  5
206
330
17
100
AcDbEntity
  8
RASTER
 62
7
100
AcDbHatch
 10
0.0
 20
0.0
 30
0.0
210
0.0
220
0.0
230
1.0
  2
SOLID
 70
1
 71
0
 91
1
 92
3
 72
0
 73
1
 93
4
 10
66.967
 20
217.318
 10
92.317
 20
217.318
 10
92.317
 20
216.968
 10
66.967
 20
216.968
 97
0
 75
0
 76
1
 98
0
  0
HATCH
  5
207
330
17
100
AcDbEntity
  8
RASTER
 62
7
100
AcDbHatch
 10
0.0
 20
0.0
 30
0.0
210
0.0
220
0.0
230
1.0
  2
SOLID
 70
1
 71
0
 91
1
 92
3
 72
0
 73
1
 93
4
 10
66.967
 20
192.318
 10
92.317
 20
192.318
 10
92.317
 20
191.968
 10
66.967
 20
191.968
 97
0
 75
0
 76
1
 98
0
  0
HATCH
  5
208
330
17
100
AcDbEntity
  8
RASTER
 62
7
100
AcDbHatch
 10
0.0
 20
0.0
 30
0.0
210
0.0
220
0.0
230
1.0
  2
SOLID
 70
1
 71
0
 91
1
 92
3
 72
0
 73
1
 93
4
 10
66.967
 20
167.318
 10
92.317
 20
167.318
 10
92.317
 20
166.968
 10
66.967
 20
166.968
 97
0
 75
0
 76
1
 98
0
  0
HATCH
  5
209
330
17
100
AcDbEntity
  8
RASTER
 62
7
100
AcDbHatch
 10
0.0
 20
0.0
 30
0.0
210
0.0
220
0.0
230
1.0
  2
SOLID
 70
1
 71
0
 91
1
 92
3
 72
0
 73
1
 93
4
 10
66.967
 20
142.318
 10
92.317
 20
142.318
 10
92.317
 20
141.968
 10
66.967
 20
141.968
 97
0
 75
0
 76
1
 98
0
  0
HATCH
  5
20A
330
17
100
AcDbEntity
  8
RASTER
 62
7
100
AcDbHatch
 10
0.0
 20
0.0
 30
0.0
210
0.0
220
0.0
230
1.0
  2
SOLID
 70
1
 71
0
 91
1
 92
3
 72
0
 73
1
 93
4
 10
66.967
 20
117.318
 10
92.317
 20
117.318
 10
92.317
 20
116.968
 10
66.967
 20
116.968
 97
0
 75
0
 76
1
 98
0
  0
HATCH
  5
20B
330
17
100
AcDbEntity
  8
RASTER
 62
7
100
AcDbHatch
 10
0.0
 20
0.0
 30
0.0
210
0.0
220
0.0
230
1.0
  2
SOLID
 70
1
 71
0
 91
1
 92
3
 72
0
 73
1
 93
4
 10
66.967
 20
92.318
 10
92.317
 20
92.318
 10
92.317
 20
91.968
 10
66.967
 20
91.968
 97
0
 75
0
 76
1
 98
0
  0
HATCH
  5
20C
330
17
100
AcDbEntity
  8
RASTER
 62
7
100
AcDbHatch
 10
0.0
 20
0.0
 30
0.0
210
0.0
220
0.0
230
1.0
  2
SOLID
 70
1
 71
0
 91
1
 92
3
 72
0
 73
1
 93
4
 10
66.967
 20
67.318
 10
92.317
 20
67.318
 10
92.317
 20
66.968
 10
66.967
 20
66.968
 97
0
 75
0
 76
1
 98
0
  0
HATCH
  5
20D
330
17
100
AcDbEntity
  8
RASTER
 62
7
100
AcDbHatch
 10
0.0
 20
0.0
 30
0.0
210
0.0
220
0.0
230
1.0
  2
SOLID
 70
1
 71
0
 91
1
 92
3
 72
0
 73
1
 93
4
 10
91.967
 20
367.318
 10
117.317
 20
367.318
 10
117.317
 20
366.968
 10
91.967
 20
366.968
 97
0
 75
0
 76
1
 98
0
  0
HATCH
  5
20E
330
17
100
AcDbEntity
  8
RASTER
 62
7
100
AcDbHatch
 10
0.0
 20
0.0
 30
0.0
210
0.0
220
0.0
230
1.0
  2
SOLID
 70
1
 71
0
 91
1
 92
3
 72
0
 73
1
 93
4
 10
91.967
 20
342.318
 10
117.317
 20
342.318
 10
117.317
 20
341.968
 10
91.967
 20
341.968
 97
0
 75
0
 76
1
 98
0
  0
HATCH
  5
20F
330
17
100
AcDbEntity
  8
RASTER
 62
7
100
AcDbHatch
 10
0.0
 20
0.0
 30
0.0
210
0.0
220
0.0
230
1.0
  2
SOLID
 70
1
 71
0
 91
1
 92
3
 72
0
 73
1
 93
4
 10
91.967
 20
317.318
 10
117.317
 20
317.318
 10
117.317
 20
316.968
 10
91.967
 20
316.968
 97
0
 75
0
 76
1
 98
0
  0
HATCH
  5
210
330
17
100
AcDbEntity
  8
RASTER
 62
7
100
AcDbHatch
 10
0.0
 20
0.0
 30
0.0
210
0.0
220
0.0
230
1.0
  2
SOLID
 70
1
 71
0
 91
1
 92
3
 72
0
 73
1
 93
4
 10
91.967
 20
292.318
 10
117.317
 20
292.318
 10
117.317
 20
291.968
 10
91.967
 20
291.968
 97
0
 75
0
 76
1
 98
0
  0
HATCH
  5
211
330
17
100
AcDbEntity
  8
RASTER
 62
7
100
AcDbHatch
 10
0.0
 20
0.0
 30
0.0
210
0.0
220
0.0
230
1.0
  2
SOLID
 70
1
 71
0
 91
1
 92
3
 72
0
 73
1
 93
4
 10
91.967
 20
267.318
 10
117.317
 20
267.318
 10
117.317
 20
266.968
 10
91.967
 20
266.968
 97
0
 75
0
 76
1
 98
0
  0
HATCH
  5
212
330
17
100
AcDbEntity
  8
RASTER
 62
7
100
AcDbHatch
 10
0.0
 20
0.0
 30
0.0
210
0.0
220
0.0
230
1.0
  2
SOLID
 70
1
 71
0
 91
1
 92
3
 72
0
 73
1
 93
4
 10
91.967
 20
242.318
 10
117.317
 20
242.318
 10
117.317
 20
241.968
 10
91.967
 20
241.968
 97
0
 75
0
 76
1
 98
0
  0
HATCH
  5
213
330
17
100
AcDbEntity
  8
RASTER
 62
7
100
AcDbHatch
 10
0.0
 20
0.0
 30
0.0
210
0.0
220
0.0
230
1.0
  2
SOLID
 70
1
 71
0
 91
1
 92
3
 72
0
 73
1
 93
4
 10
91.967
 20
217.318
 10
117.317
 20
217.318
 10
117.317
 20
216.968
 10
91.967
 20
216.968
 97
0
 75
0
 76
1
 98
0
  0
HATCH
  5
214
330
17
100
AcDbEntity
  8
RASTER
 62
7
100
AcDbHatch
 10
0.0
 20
0.0
 30
0.0
210
0.0
220
0.0
230
1.0
  2
SOLID
 70
1
 71
0
 91
1
 92
3
 72
0
 73
1
 93
4
 10
91.967
 20
192.318
 10
117.317
 20
192.318
 10
117.317
 20
191.968
 10
91.967
 20
191.968
 97
0
 75
0
 76
1
 98
0
  0
HATCH
  5
215
330
17
100
AcDbEntity
  8
RASTER
 62
7
100
AcDbHatch
 10
0.0
 20
0.0
 30
0.0
210
0.0
220
0.0
230
1.0
  2
SOLID
 70
1
 71
0
 91
1
 92
3
 72
0
 73
1
 93
4
 10
91.967
 20
167.318
 10
117.317
 20
167.318
 10
117.317
 20
166.968
 10
91.967
 20
166.968
 97
0
 75
0
 76
1
 98
0
  0
HATCH
  5
216
330
17
100
AcDbEntity
  8
RASTER
 62
7
100
AcDbHatch
 10
0.0
 20
0.0
 30
0.0
210
0.0
220
0.0
230
1.0
  2
SOLID
 70
1
 71
0
 91
1
 92
3
 72
0
 73
1
 93
4
 10
91.967
 20
142.318
 10
117.317
 20
142.318
 10
117.317
 20
141.968
 10
91.967
 20
141.968
 97
0
 75
0
 76
1
 98
0
  0
HATCH
  5
217
330
17
100
AcDbEntity
  8
RASTER
 62
7
100
AcDbHatch
 10
0.0
 20
0.0
 30
0.0
210
0.0
220
0.0
230
1.0
  2
SOLID
 70
1
 71
0
 91
1
 92
3
 72
0
 73
1
 93
4
 10
91.967
 20
117.318
 10
117.317
 20
117.318
 10
117.317
 20
116.968
 10
91.967
 20
116.968
 97
0
 75
0
 76
1
 98
0
  0
HATCH
  5
218
330
17
100
AcDbEntity
  8
RASTER
 62
7
100
AcDbHatch
 10
0.0
 20
0.0
 30
0.0
210
0.0
220
0.0
230
1.0
  2
SOLID
 70
1
 71
0
 91
1
 92
3
 72
0
 73
1
 93
4
 10
91.967
 20
92.318
 10
117.317
 20
92.318
 10
117.317
 20
91.968
 10
91.967
 20
91.968
 97
0
 75
0
 76
1
 98
0
  0
HATCH
  5
219
330
17
100
AcDbEntity
  8
RASTER
 62
7
100
AcDbHatch
 10
0.0
 20
0.0
 30
0.0
210
0.0
220
0.0
230
1.0
  2
SOLID
 70
1
 71
0
 91
1
 92
3
 72
0
 73
1
 93
4
 10
91.967
 20
67.318
 10
117.317
 20
67.318
 10
117.317
 20
66.968
 10
91.967
 20
66.968
 97
0
 75
0
 76
1
 98
0
  0
HATCH
  5
21A
330
17
100
AcDbEntity
  8
RASTER
 62
7
100
AcDbHatch
 10
0.0
 20
0.0
 30
0.0
210
0.0
220
0.0
230
1.0
  2
SOLID
 70
1
 71
0
 91
1
 92
3
 72
0
 73
1
 93
4
 10
91.967
 20
42.318
 10
117.317
 20
42.318
 10
117.317
 20
41.968
 10
91.967
 20
41.968
 97
0
 75
0
 76
1
 98
0
  0
HATCH
  5
21B
330
17
100
AcDbEntity
  8
RASTER
 62
7
100
AcDbHatch
 10
0.0
 20
0.0
 30
0.0
210
0.0
220
0.0
230
1.0
  2
SOLID
 70
1
 71
0
 91
1
 92
3
 72
0
 73
1
 93
4
 10
116.967
 20
367.318
 10
142.317
 20
367.318
 10
142.317
 20
366.968
 10
116.967
 20
366.968
 97
0
 75
0
 76
1
 98
0
  0
HATCH
  5
21C
330
17
100
AcDbEntity
  8
RASTER
 62
7
100
AcDbHatch
 10
0.0
 20
0.0
 30
0.0
210
0.0
220
0.0
230
1.0
  2
SOLID
 70
1
 71
0
 91
1
 92
3
 72
0
 73
1
 93
4
 10
116.967
 20
342.318
 10
142.317
 20
342.318
 10
142.317
 20
341.968
 10
116.967
 20
341.968
 97
0
 75
0
 76
1
 98
0
  0
HATCH
  5
21D
330
17
100
AcDbEntity
  8
RASTER
 62
7
100
AcDbHatch
 10
0.0
 20
0.0
 30
0.0
210
0.0
220
0.0
230
1.0
  2
SOLID
 70
1
 71
0
 91
1
 92
3
 72
0
 73
1
 93
4
 10
116.967
 20
317.318
 10
142.317
 20
317.318
 10
142.317
 20
316.968
 10
116.967
 20
316.968
 97
0
 75
0
 76
1
 98
0
  0
HATCH
  5
21E
330
17
100
AcDbEntity
  8
RASTER
 62
7
100
AcDbHatch
 10
0.0
 20
0.0
 30
0.0
210
0.0
220
0.0
230
1.0
  2
SOLID
 70
1
 71
0
 91
1
 92
3
 72
0
 73
1
 93
4
 10
116.967
 20
292.318
 10
142.317
 20
292.318
 10
142.317
 20
291.968
 10
116.967
 20
291.968
 97
0
 75
0
 76
1
 98
0
  0
HATCH
  5
21F
330
17
100
AcDbEntity
  8
RASTER
 62
7
100
AcDbHatch
 10
0.0
 20
0.0
 30
0.0
210
0.0
220
0.0
230
1.0
  2
SOLID
 70
1
 71
0
 91
1
 92
3
 72
0
 73
1
 93
4
 10
116.967
 20
267.318
 10
142.317
 20
267.318
 10
142.317
 20
266.968
 10
116.967
 20
266.968
 97
0
 75
0
 76
1
 98
0
  0
HATCH
  5
220
330
17
100
AcDbEntity
  8
RASTER
 62
7
100
AcDbHatch
 10
0.0
 20
0.0
 30
0.0
210
0.0
220
0.0
230
1.0
  2
SOLID
 70
1
 71
0
 91
1
 92
3
 72
0
 73
1
 93
4
 10
116.967
 20
242.318
 10
142.317
 20
242.318
 10
142.317
 20
241.968
 10
116.967
 20
241.968
 97
0
 75
0
 76
1
 98
0
  0
HATCH
  5
221
330
17
100
AcDbEntity
  8
RASTER
 62
7
100
AcDbHatch
 10
0.0
 20
0.0
 30
0.0
210
0.0
220
0.0
230
1.0
  2
SOLID
 70
1
 71
0
 91
1
 92
3
 72
0
 73
1
 93
4
 10
116.967
 20
217.318
 10
142.317
 20
217.318
 10
142.317
 20
216.968
 10
116.967
 20
216.968
 97
0
 75
0
 76
1
 98
0
  0
HATCH
  5
222
330
17
100
AcDbEntity
  8
RASTER
 62
7
100
AcDbHatch
 10
0.0
 20
0.0
 30
0.0
210
0.0
220
0.0
230
1.0
  2
SOLID
 70
1
 71
0
 91
1
 92
3
 72
0
 73
1
 93
4
 10
116.967
 20
192.318
 10
142.317
 20
192.318
 10
142.317
 20
191.968
 10
116.967
 20
191.968
 97
0
 75
0
 76
1
 98
0
  0
HATCH
  5
223
330
17
100
AcDbEntity
  8
RASTER
 62
7
100
AcDbHatch
 10
0.0
 20
0.0
 30
0.0
210
0.0
220
0.0
230
1.0
  2
SOLID
 70
1
 71
0
 91
1
 92
3
 72
0
 73
1
 93
4
 10
116.967
 20
167.318
 10
142.317
 20
167.318
 10
142.317
 20
166.968
 10
116.967
 20
166.968
 97
0
 75
0
 76
1
 98
0
  0
HATCH
  5
224
330
17
100
AcDbEntity
  8
RASTER
 62
7
100
AcDbHatch
 10
0.0
 20
0.0
 30
0.0
210
0.0
220
0.0
230
1.0
  2
SOLID
 70
1
 71
0
 91
1
 92
3
 72
0
 73
1
 93
4
 10
116.967
 20
142.318
 10
142.317
 20
142.318
 10
142.317
 20
141.968
 10
116.967
 20
141.968
 97
0
 75
0
 76
1
 98
0
  0
HATCH
  5
225
330
17
100
AcDbEntity
  8
RASTER
 62
7
100
AcDbHatch
 10
0.0
 20
0.0
 30
0.0
210
0.0
220
0.0
230
1.0
  2
SOLID
 70
1
 71
0
 91
1
 92
3
 72
0
 73
1
 93
4
 10
116.967
 20
117.318
 10
142.317
 20
117.318
 10
142.317
 20
116.968
 10
116.967
 20
116.968
 97
0
 75
0
 76
1
 98
0
  0
HATCH
  5
226
330
17
100
AcDbEntity
  8
RASTER
 62
7
100
AcDbHatch
 10
0.0
 20
0.0
 30
0.0
210
0.0
220
0.0
230
1.0
  2
SOLID
 70
1
 71
0
 91
1
 92
3
 72
0
 73
1
 93
4
 10
116.967
 20
92.318
 10
142.317
 20
92.318
 10
142.317
 20
91.968
 10
116.967
 20
91.968
 97
0
 75
0
 76
1
 98
0
  0
HATCH
  5
227
330
17
100
AcDbEntity
  8
RASTER
 62
7
100
AcDbHatch
 10
0.0
 20
0.0
 30
0.0
210
0.0
220
0.0
230
1.0
  2
SOLID
 70
1
 71
0
 91
1
 92
3
 72
0
 73
1
 93
4
 10
116.967
 20
67.318
 10
142.317
 20
67.318
 10
142.317
 20
66.968
 10
116.967
 20
66.968
 97
0
 75
0
 76
1
 98
0
  0
HATCH
  5
228
330
17
100
AcDbEntity
  8
RASTER
 62
7
100
AcDbHatch
 10
0.0
 20
0.0
 30
0.0
210
0.0
220
0.0
230
1.0
  2
SOLID
 70
1
 71
0
 91
1
 92
3
 72
0
 73
1
 93
4
 10
116.967
 20
42.318
 10
142.317
 20
42.318
 10
142.317
 20
41.968
 10
116.967
 20
41.968
 97
0
 75
0
 76
1
 98
0
  0
HATCH
  5
229
330
17
100
AcDbEntity
  8
RASTER
 62
7
100
AcDbHatch
 10
0.0
 20
0.0
 30
0.0
210
0.0
220
0.0
230
1.0
  2
SOLID
 70
1
 71
0
 91
1
 92
3
 72
0
 73
1
 93
4
 10
141.967
 20
392.318
 10
167.317
 20
392.318
 10
167.317
 20
391.968
 10
141.967
 20
391.968
 97
0
 75
0
 76
1
 98
0
  0
HATCH
  5
22A
330
17
100
AcDbEntity
  8
RASTER
 62
7
100
AcDbHatch
 10
0.0
 20
0.0
 30
0.0
210
0.0
220
0.0
230
1.0
  2
SOLID
 70
1
 71
0
 91
1
 92
3
 72
0
 73
1
 93
4
 10
141.967
 20
367.318
 10
167.317
 20
367.318
 10
167.317
 20
366.968
 10
141.967
 20
366.968
 97
0
 75
0
 76
1
 98
0
  0
HATCH
  5
22B
330
17
100
AcDbEntity
  8
RASTER
 62
7
100
AcDbHatch
 10
0.0
 20
0.0
 30
0.0
210
0.0
220
0.0
230
1.0
  2
SOLID
 70
1
 71
0
 91
1
 92
3
 72
0
 73
1
 93
4
 10
141.967
 20
342.318
 10
167.317
 20
342.318
 10
167.317
 20
341.968
 10
141.967
 20
341.968
 97
0
 75
0
 76
1
 98
0
  0
HATCH
  5
22C
330
17
100
AcDbEntity
  8
RASTER
 62
7
100
AcDbHatch
 10
0.0
 20
0.0
 30
0.0
210
0.0
220
0.0
230
1.0
  2
SOLID
 70
1
 71
0
 91
1
 92
3
 72
0
 73
1
 93
4
 10
141.967
 20
317.318
 10
167.317
 20
317.318
 10
167.317
 20
316.968
 10
141.967
 20
316.968
 97
0
 75
0
 76
1
 98
0
  0
HATCH
  5
22D
330
17
100
AcDbEntity
  8
RASTER
 62
7
100
AcDbHatch
 10
0.0
 20
0.0
 30
0.0
210
0.0
220
0.0
230
1.0
  2
SOLID
 70
1
 71
0
 91
1
 92
3
 72
0
 73
1
 93
4
 10
141.967
 20
292.318
 10
167.317
 20
292.318
 10
167.317
 20
291.968
 10
141.967
 20
291.968
 97
0
 75
0
 76
1
 98
0
  0
HATCH
  5
22E
330
17
100
AcDbEntity
  8
RASTER
 62
7
100
AcDbHatch
 10
0.0
 20
0.0
 30
0.0
210
0.0
220
0.0
230
1.0
  2
SOLID
 70
1
 71
0
 91
1
 92
3
 72
0
 73
1
 93
4
 10
141.967
 20
267.318
 10
167.317
 20
267.318
 10
167.317
 20
266.968
 10
141.967
 20
266.968
 97
0
 75
0
 76
1
 98
0
  0
HATCH
  5
22F
330
17
100
AcDbEntity
  8
RASTER
 62
7
100
AcDbHatch
 10
0.0
 20
0.0
 30
0.0
210
0.0
220
0.0
230
1.0
  2
SOLID
 70
1
 71
0
 91
1
 92
3
 72
0
 73
1
 93
4
 10
141.967
 20
242.318
 10
167.317
 20
242.318
 10
167.317
 20
241.968
 10
141.967
 20
241.968
 97
0
 75
0
 76
1
 98
0
  0
HATCH
  5
230
330
17
100
AcDbEntity
  8
RASTER
 62
7
100
AcDbHatch
 10
0.0
 20
0.0
 30
0.0
210
0.0
220
0.0
230
1.0
  2
SOLID
 70
1
 71
0
 91
1
 92
3
 72
0
 73
1
 93
4
 10
141.967
 20
217.318
 10
167.317
 20
217.318
 10
167.317
 20
216.968
 10
141.967
 20
216.968
 97
0
 75
0
 76
1
 98
0
  0
HATCH
  5
231
330
17
100
AcDbEntity
  8
RASTER
 62
7
100
AcDbHatch
 10
0.0
 20
0.0
 30
0.0
210
0.0
220
0.0
230
1.0
  2
SOLID
 70
1
 71
0
 91
1
 92
3
 72
0
 73
1
 93
4
 10
141.967
 20
192.318
 10
167.317
 20
192.318
 10
167.317
 20
191.968
 10
141.967
 20
191.968
 97
0
 75
0
 76
1
 98
0
  0
HATCH
  5
232
330
17
100
AcDbEntity
  8
RASTER
 62
7
100
AcDbHatch
 10
0.0
 20
0.0
 30
0.0
210
0.0
220
0.0
230
1.0
  2
SOLID
 70
1
 71
0
 91
1
 92
3
 72
0
 73
1
 93
4
 10
141.967
 20
167.318
 10
167.317
 20
167.318
 10
167.317
 20
166.968
 10
141.967
 20
166.968
 97
0
 75
0
 76
1
 98
0
  0
HATCH
  5
233
330
17
100
AcDbEntity
  8
RASTER
 62
7
100
AcDbHatch
 10
0.0
 20
0.0
 30
0.0
210
0.0
220
0.0
230
1.0
  2
SOLID
 70
1
 71
0
 91
1
 92
3
 72
0
 73
1
 93
4
 10
141.967
 20
142.318
 10
167.317
 20
142.318
 10
167.317
 20
141.968
 10
141.967
 20
141.968
 97
0
 75
0
 76
1
 98
0
  0
HATCH
  5
234
330
17
100
AcDbEntity
  8
RASTER
 62
7
100
AcDbHatch
 10
0.0
 20
0.0
 30
0.0
210
0.0
220
0.0
230
1.0
  2
SOLID
 70
1
 71
0
 91
1
 92
3
 72
0
 73
1
 93
4
 10
141.967
 20
117.318
 10
167.317
 20
117.318
 10
167.317
 20
116.968
 10
141.967
 20
116.968
 97
0
 75
0
 76
1
 98
0
  0
HATCH
  5
235
330
17
100
AcDbEntity
  8
RASTER
 62
7
100
AcDbHatch
 10
0.0
 20
0.0
 30
0.0
210
0.0
220
0.0
230
1.0
  2
SOLID
 70
1
 71
0
 91
1
 92
3
 72
0
 73
1
 93
4
 10
141.967
 20
92.318
 10
167.317
 20
92.318
 10
167.317
 20
91.968
 10
141.967
 20
91.968
 97
0
 75
0
 76
1
 98
0
  0
HATCH
  5
236
330
17
100
AcDbEntity
  8
RASTER
 62
7
100
AcDbHatch
 10
0.0
 20
0.0
 30
0.0
210
0.0
220
0.0
230
1.0
  2
SOLID
 70
1
 71
0
 91
1
 92
3
 72
0
 73
1
 93
4
 10
141.967
 20
67.318
 10
167.317
 20
67.318
 10
167.317
 20
66.968
 10
141.967
 20
66.968
 97
0
 75
0
 76
1
 98
0
  0
HATCH
  5
237
330
17
100
AcDbEntity
  8
RASTER
 62
7
100
AcDbHatch
 10
0.0
 20
0.0
 30
0.0
210
0.0
220
0.0
230
1.0
  2
SOLID
 70
1
 71
0
 91
1
 92
3
 72
0
 73
1
 93
4
 10
141.967
 20
42.318
 10
167.317
 20
42.318
 10
167.317
 20
41.968
 10
141.967
 20
41.968
 97
0
 75
0
 76
1
 98
0
  0
HATCH
  5
238
330
17
100
AcDbEntity
  8
RASTER
 62
7
100
AcDbHatch
 10
0.0
 20
0.0
 30
0.0
210
0.0
220
0.0
230
1.0
  2
SOLID
 70
1
 71
0
 91
1
 92
3
 72
0
 73
1
 93
4
 10
141.967
 20
17.318
 10
167.317
 20
17.318
 10
167.317
 20
16.968
 10
141.967
 20
16.968
 97
0
 75
0
 76
1
 98
0
  0
HATCH
  5
239
330
17
100
AcDbEntity
  8
RASTER
 62
7
100
AcDbHatch
 10
0.0
 20
0.0
 30
0.0
210
0.0
220
0.0
230
1.0
  2
SOLID
 70
1
 71
0
 91
1
 92
3
 72
0
 73
1
 93
4
 10
166.967
 20
392.318
 10
192.317
 20
392.318
 10
192.317
 20
391.968
 10
166.967
 20
391.968
 97
0
 75
0
 76
1
 98
0
  0
HATCH
  5
23A
330
17
100
AcDbEntity
  8
RASTER
 62
7
100
AcDbHatch
 10
0.0
 20
0.0
 30
0.0
210
0.0
220
0.0
230
1.0
  2
SOLID
 70
1
 71
0
 91
1
 92
3
 72
0
 73
1
 93
4
 10
166.967
 20
367.318
 10
192.317
 20
367.318
 10
192.317
 20
366.968
 10
166.967
 20
366.968
 97
0
 75
0
 76
1
 98
0
  0
HATCH
  5
23B
330
17
100
AcDbEntity
  8
RASTER
 62
7
100
AcDbHatch
 10
0.0
 20
0.0
 30
0.0
210
0.0
220
0.0
230
1.0
  2
SOLID
 70
1
 71
0
 91
1
 92
3
 72
0
 73
1
 93
4
 10
166.967
 20
342.318
 10
192.317
 20
342.318
 10
192.317
 20
341.968
 10
166.967
 20
341.968
 97
0
 75
0
 76
1
 98
0
  0
HATCH
  5
23C
330
17
100
AcDbEntity
  8
RASTER
 62
7
100
AcDbHatch
 10
0.0
 20
0.0
 30
0.0
210
0.0
220
0.0
230
1.0
  2
SOLID
 70
1
 71
0
 91
1
 92
3
 72
0
 73
1
 93
4
 10
166.967
 20
317.318
 10
192.317
 20
317.318
 10
192.317
 20
316.968
 10
166.967
 20
316.968
 97
0
 75
0
 76
1
 98
0
  0
HATCH
  5
23D
330
17
100
AcDbEntity
  8
RASTER
 62
7
100
AcDbHatch
 10
0.0
 20
0.0
 30
0.0
210
0.0
220
0.0
230
1.0
  2
SOLID
 70
1
 71
0
 91
1
 92
3
 72
0
 73
1
 93
4
 10
166.967
 20
292.318
 10
192.317
 20
292.318
 10
192.317
 20
291.968
 10
166.967
 20
291.968
 97
0
 75
0
 76
1
 98
0
  0
HATCH
  5
23E
330
17
100
AcDbEntity
  8
RASTER
 62
7
100
AcDbHatch
 10
0.0
 20
0.0
 30
0.0
210
0.0
220
0.0
230
1.0
  2
SOLID
 70
1
 71
0
 91
1
 92
3
 72
0
 73
1
 93
4
 10
166.967
 20
267.318
 10
192.317
 20
267.318
 10
192.317
 20
266.968
 10
166.967
 20
266.968
 97
0
 75
0
 76
1
 98
0
  0
HATCH
  5
23F
330
17
100
AcDbEntity
  8
RASTER
 62
7
100
AcDbHatch
 10
0.0
 20
0.0
 30
0.0
210
0.0
220
0.0
230
1.0
  2
SOLID
 70
1
 71
0
 91
1
 92
3
 72
0
 73
1
 93
4
 10
166.967
 20
242.318
 10
192.317
 20
242.318
 10
192.317
 20
241.968
 10
166.967
 20
241.968
 97
0
 75
0
 76
1
 98
0
  0
HATCH
  5
240
330
17
100
AcDbEntity
  8
RASTER
 62
7
100
AcDbHatch
 10
0.0
 20
0.0
 30
0.0
210
0.0
220
0.0
230
1.0
  2
SOLID
 70
1
 71
0
 91
1
 92
3
 72
0
 73
1
 93
4
 10
166.967
 20
217.318
 10
192.317
 20
217.318
 10
192.317
 20
216.968
 10
166.967
 20
216.968
 97
0
 75
0
 76
1
 98
0
  0
HATCH
  5
241
330
17
100
AcDbEntity
  8
RASTER
 62
7
100
AcDbHatch
 10
0.0
 20
0.0
 30
0.0
210
0.0
220
0.0
230
1.0
  2
SOLID
 70
1
 71
0
 91
1
 92
3
 72
0
 73
1
 93
4
 10
166.967
 20
192.318
 10
192.317
 20
192.318
 10
192.317
 20
191.968
 10
166.967
 20
191.968
 97
0
 75
0
 76
1
 98
0
  0
HATCH
  5
242
330
17
100
AcDbEntity
  8
RASTER
 62
7
100
AcDbHatch
 10
0.0
 20
0.0
 30
0.0
210
0.0
220
0.0
230
1.0
  2
SOLID
 70
1
 71
0
 91
1
 92
3
 72
0
 73
1
 93
4
 10
166.967
 20
167.318
 10
192.317
 20
167.318
 10
192.317
 20
166.968
 10
166.967
 20
166.968
 97
0
 75
0
 76
1
 98
0
  0
HATCH
  5
243
330
17
100
AcDbEntity
  8
RASTER
 62
7
100
AcDbHatch
 10
0.0
 20
0.0
 30
0.0
210
0.0
220
0.0
230
1.0
  2
SOLID
 70
1
 71
0
 91
1
 92
3
 72
0
 73
1
 93
4
 10
166.967
 20
142.318
 10
192.317
 20
142.318
 10
192.317
 20
141.968
 10
166.967
 20
141.968
 97
0
 75
0
 76
1
 98
0
  0
HATCH
  5
244
330
17
100
AcDbEntity
  8
RASTER
 62
7
100
AcDbHatch
 10
0.0
 20
0.0
 30
0.0
210
0.0
220
0.0
230
1.0
  2
SOLID
 70
1
 71
0
 91
1
 92
3
 72
0
 73
1
 93
4
 10
166.967
 20
117.318
 10
192.317
 20
117.318
 10
192.317
 20
116.968
 10
166.967
 20
116.968
 97
0
 75
0
 76
1
 98
0
  0
HATCH
  5
245
330
17
100
AcDbEntity
  8
RASTER
 62
7
100
AcDbHatch
 10
0.0
 20
0.0
 30
0.0
210
0.0
220
0.0
230
1.0
  2
SOLID
 70
1
 71
0
 91
1
 92
3
 72
0
 73
1
 93
4
 10
166.967
 20
92.318
 10
192.317
 20
92.318
 10
192.317
 20
91.968
 10
166.967
 20
91.968
 97
0
 75
0
 76
1
 98
0
  0
HATCH
  5
246
330
17
100
AcDbEntity
  8
RASTER
 62
7
100
AcDbHatch
 10
0.0
 20
0.0
 30
0.0
210
0.0
220
0.0
230
1.0
  2
SOLID
 70
1
 71
0
 91
1
 92
3
 72
0
 73
1
 93
4
 10
166.967
 20
67.318
 10
192.317
 20
67.318
 10
192.317
 20
66.968
 10
166.967
 20
66.968
 97
0
 75
0
 76
1
 98
0
  0
HATCH
  5
247
330
17
100
AcDbEntity
  8
RASTER
 62
7
100
AcDbHatch
 10
0.0
 20
0.0
 30
0.0
210
0.0
220
0.0
230
1.0
  2
SOLID
 70
1
 71
0
 91
1
 92
3
 72
0
 73
1
 93
4
 10
166.967
 20
42.318
 10
192.317
 20
42.318
 10
192.317
 20
41.968
 10
166.967
 20
41.968
 97
0
 75
0
 76
1
 98
0
  0
HATCH
  5
248
330
17
100
AcDbEntity
  8
RASTER
 62
7
100
AcDbHatch
 10
0.0
 20
0.0
 30
0.0
210
0.0
220
0.0
230
1.0
  2
SOLID
 70
1
 71
0
 91
1
 92
3
 72
0
 73
1
 93
4
 10
166.967
 20
17.318
 10
192.317
 20
17.318
 10
192.317
 20
16.968
 10
166.967
 20
16.968
 97
0
 75
0
 76
1
 98
0
  0
HATCH
  5
249
330
17
100
AcDbEntity
  8
RASTER
 62
7
100
AcDbHatch
 10
0.0
 20
0.0
 30
0.0
210
0.0
220
0.0
230
1.0
  2
SOLID
 70
1
 71
0
 91
1
 92
3
 72
0
 73
1
 93
4
 10
191.967
 20
392.318
 10
217.317
 20
392.318
 10
217.317
 20
391.968
 10
191.967
 20
391.968
 97
0
 75
0
 76
1
 98
0
  0
HATCH
  5
24A
330
17
100
AcDbEntity
  8
RASTER
 62
7
100
AcDbHatch
 10
0.0
 20
0.0
 30
0.0
210
0.0
220
0.0
230
1.0
  2
SOLID
 70
1
 71
0
 91
1
 92
3
 72
0
 73
1
 93
4
 10
191.967
 20
367.318
 10
217.317
 20
367.318
 10
217.317
 20
366.968
 10
191.967
 20
366.968
 97
0
 75
0
 76
1
 98
0
  0
HATCH
  5
24B
330
17
100
AcDbEntity
  8
RASTER
 62
7
100
AcDbHatch
 10
0.0
 20
0.0
 30
0.0
210
0.0
220
0.0
230
1.0
  2
SOLID
 70
1
 71
0
 91
1
 92
3
 72
0
 73
1
 93
4
 10
191.967
 20
342.318
 10
217.317
 20
342.318
 10
217.317
 20
341.968
 10
191.967
 20
341.968
 97
0
 75
0
 76
1
 98
0
  0
HATCH
  5
24C
330
17
100
AcDbEntity
  8
RASTER
 62
7
100
AcDbHatch
 10
0.0
 20
0.0
 30
0.0
210
0.0
220
0.0
230
1.0
  2
SOLID
 70
1
 71
0
 91
1
 92
3
 72
0
 73
1
 93
4
 10
191.967
 20
317.318
 10
217.317
 20
317.318
 10
217.317
 20
316.968
 10
191.967
 20
316.968
 97
0
 75
0
 76
1
 98
0
  0
HATCH
  5
24D
330
17
100
AcDbEntity
  8
RASTER
 62
7
100
AcDbHatch
 10
0.0
 20
0.0
 30
0.0
210
0.0
220
0.0
230
1.0
  2
SOLID
 70
1
 71
0
 91
1
 92
3
 72
0
 73
1
 93
4
 10
191.967
 20
292.318
 10
217.317
 20
292.318
 10
217.317
 20
291.968
 10
191.967
 20
291.968
 97
0
 75
0
 76
1
 98
0
  0
HATCH
  5
24E
330
17
100
AcDbEntity
  8
RASTER
 62
7
100
AcDbHatch
 10
0.0
 20
0.0
 30
0.0
210
0.0
220
0.0
230
1.0
  2
SOLID
 70
1
 71
0
 91
1
 92
3
 72
0
 73
1
 93
4
 10
191.967
 20
267.318
 10
217.317
 20
267.318
 10
217.317
 20
266.968
 10
191.967
 20
266.968
 97
0
 75
0
 76
1
 98
0
  0
HATCH
  5
24F
330
17
100
AcDbEntity
  8
RASTER
 62
7
100
AcDbHatch
 10
0.0
 20
0.0
 30
0.0
210
0.0
220
0.0
230
1.0
  2
SOLID
 70
1
 71
0
 91
1
 92
3
 72
0
 73
1
 93
4
 10
191.967
 20
242.318
 10
217.317
 20
242.318
 10
217.317
 20
241.968
 10
191.967
 20
241.968
 97
0
 75
0
 76
1
 98
0
  0
HATCH
  5
250
330
17
100
AcDbEntity
  8
RASTER
 62
7
100
AcDbHatch
 10
0.0
 20
0.0
 30
0.0
210
0.0
220
0.0
230
1.0
  2
SOLID
 70
1
 71
0
 91
1
 92
3
 72
0
 73
1
 93
4
 10
191.967
 20
217.318
 10
217.317
 20
217.318
 10
217.317
 20
216.968
 10
191.967
 20
216.968
 97
0
 75
0
 76
1
 98
0
  0
HATCH
  5
251
330
17
100
AcDbEntity
  8
RASTER
 62
7
100
AcDbHatch
 10
0.0
 20
0.0
 30
0.0
210
0.0
220
0.0
230
1.0
  2
SOLID
 70
1
 71
0
 91
1
 92
3
 72
0
 73
1
 93
4
 10
191.967
 20
192.318
 10
217.317
 20
192.318
 10
217.317
 20
191.968
 10
191.967
 20
191.968
 97
0
 75
0
 76
1
 98
0
  0
HATCH
  5
252
330
17
100
AcDbEntity
  8
RASTER
 62
7
100
AcDbHatch
 10
0.0
 20
0.0
 30
0.0
210
0.0
220
0.0
230
1.0
  2
SOLID
 70
1
 71
0
 91
1
 92
3
 72
0
 73
1
 93
4
 10
191.967
 20
167.318
 10
217.317
 20
167.318
 10
217.317
 20
166.968
 10
191.967
 20
166.968
 97
0
 75
0
 76
1
 98
0
  0
HATCH
  5
253
330
17
100
AcDbEntity
  8
RASTER
 62
7
100
AcDbHatch
 10
0.0
 20
0.0
 30
0.0
210
0.0
220
0.0
230
1.0
  2
SOLID
 70
1
 71
0
 91
1
 92
3
 72
0
 73
1
 93
4
 10
191.967
 20
142.318
 10
217.317
 20
142.318
 10
217.317
 20
141.968
 10
191.967
 20
141.968
 97
0
 75
0
 76
1
 98
0
  0
HATCH
  5
254
330
17
100
AcDbEntity
  8
RASTER
 62
7
100
AcDbHatch
 10
0.0
 20
0.0
 30
0.0
210
0.0
220
0.0
230
1.0
  2
SOLID
 70
1
 71
0
 91
1
 92
3
 72
0
 73
1
 93
4
 10
191.967
 20
117.318
 10
217.317
 20
117.318
 10
217.317
 20
116.968
 10
191.967
 20
116.968
 97
0
 75
0
 76
1
 98
0
  0
HATCH
  5
255
330
17
100
AcDbEntity
  8
RASTER
 62
7
100
AcDbHatch
 10
0.0
 20
0.0
 30
0.0
210
0.0
220
0.0
230
1.0
  2
SOLID
 70
1
 71
0
 91
1
 92
3
 72
0
 73
1
 93
4
 10
191.967
 20
92.318
 10
217.317
 20
92.318
 10
217.317
 20
91.968
 10
191.967
 20
91.968
 97
0
 75
0
 76
1
 98
0
  0
HATCH
  5
256
330
17
100
AcDbEntity
  8
RASTER
 62
7
100
AcDbHatch
 10
0.0
 20
0.0
 30
0.0
210
0.0
220
0.0
230
1.0
  2
SOLID
 70
1
 71
0
 91
1
 92
3
 72
0
 73
1
 93
4
 10
191.967
 20
67.318
 10
217.317
 20
67.318
 10
217.317
 20
66.968
 10
191.967
 20
66.968
 97
0
 75
0
 76
1
 98
0
  0
HATCH
  5
257
330
17
100
AcDbEntity
  8
RASTER
 62
7
100
AcDbHatch
 10
0.0
 20
0.0
 30
0.0
210
0.0
220
0.0
230
1.0
  2
SOLID
 70
1
 71
0
 91
1
 92
3
 72
0
 73
1
 93
4
 10
191.967
 20
42.318
 10
217.317
 20
42.318
 10
217.317
 20
41.968
 10
191.967
 20
41.968
 97
0
 75
0
 76
1
 98
0
  0
HATCH
  5
258
330
17
100
AcDbEntity
  8
RASTER
 62
7
100
AcDbHatch
 10
0.0
 20
0.0
 30
0.0
210
0.0
220
0.0
230
1.0
  2
SOLID
 70
1
 71
0
 91
1
 92
3
 72
0
 73
1
 93
4
 10
191.967
 20
17.318
 10
217.317
 20
17.318
 10
217.317
 20
16.968
 10
191.967
 20
16.968
 97
0
 75
0
 76
1
 98
0
  0
HATCH
  5
259
330
17
100
AcDbEntity
  8
RASTER
 62
7
100
AcDbHatch
 10
0.0
 20
0.0
 30
0.0
210
0.0
220
0.0
230
1.0
  2
SOLID
 70
1
 71
0
 91
1
 92
3
 72
0
 73
1
 93
4
 10
216.967
 20
392.318
 10
242.317
 20
392.318
 10
242.317
 20
391.968
 10
216.967
 20
391.968
 97
0
 75
0
 76
1
 98
0
  0
HATCH
  5
25A
330
17
100
AcDbEntity
  8
RASTER
 62
7
100
AcDbHatch
 10
0.0
 20
0.0
 30
0.0
210
0.0
220
0.0
230
1.0
  2
SOLID
 70
1
 71
0
 91
1
 92
3
 72
0
 73
1
 93
4
 10
216.967
 20
367.318
 10
242.317
 20
367.318
 10
242.317
 20
366.968
 10
216.967
 20
366.968
 97
0
 75
0
 76
1
 98
0
  0
HATCH
  5
25B
330
17
100
AcDbEntity
  8
RASTER
 62
7
100
AcDbHatch
 10
0.0
 20
0.0
 30
0.0
210
0.0
220
0.0
230
1.0
  2
SOLID
 70
1
 71
0
 91
1
 92
3
 72
0
 73
1
 93
4
 10
216.967
 20
342.318
 10
242.317
 20
342.318
 10
242.317
 20
341.968
 10
216.967
 20
341.968
 97
0
 75
0
 76
1
 98
0
  0
HATCH
  5
25C
330
17
100
AcDbEntity
  8
RASTER
 62
7
100
AcDbHatch
 10
0.0
 20
0.0
 30
0.0
210
0.0
220
0.0
230
1.0
  2
SOLID
 70
1
 71
0
 91
1
 92
3
 72
0
 73
1
 93
4
 10
216.967
 20
317.318
 10
242.317
 20
317.318
 10
242.317
 20
316.968
 10
216.967
 20
316.968
 97
0
 75
0
 76
1
 98
0
  0
HATCH
  5
25D
330
17
100
AcDbEntity
  8
RASTER
 62
7
100
AcDbHatch
 10
0.0
 20
0.0
 30
0.0
210
0.0
220
0.0
230
1.0
  2
SOLID
 70
1
 71
0
 91
1
 92
3
 72
0
 73
1
 93
4
 10
216.967
 20
292.318
 10
242.317
 20
292.318
 10
242.317
 20
291.968
 10
216.967
 20
291.968
 97
0
 75
0
 76
1
 98
0
  0
HATCH
  5
25E
330
17
100
AcDbEntity
  8
RASTER
 62
7
100
AcDbHatch
 10
0.0
 20
0.0
 30
0.0
210
0.0
220
0.0
230
1.0
  2
SOLID
 70
1
 71
0
 91
1
 92
3
 72
0
 73
1
 93
4
 10
216.967
 20
267.318
 10
242.317
 20
267.318
 10
242.317
 20
266.968
 10
216.967
 20
266.968
 97
0
 75
0
 76
1
 98
0
  0
HATCH
  5
25F
330
17
100
AcDbEntity
  8
RASTER
 62
7
100
AcDbHatch
 10
0.0
 20
0.0
 30
0.0
210
0.0
220
0.0
230
1.0
  2
SOLID
 70
1
 71
0
 91
1
 92
3
 72
0
 73
1
 93
4
 10
216.967
 20
242.318
 10
242.317
 20
242.318
 10
242.317
 20
241.968
 10
216.967
 20
241.968
 97
0
 75
0
 76
1
 98
0
  0
HATCH
  5
260
330
17
100
AcDbEntity
  8
RASTER
 62
7
100
AcDbHatch
 10
0.0
 20
0.0
 30
0.0
210
0.0
220
0.0
230
1.0
  2
SOLID
 70
1
 71
0
 91
1
 92
3
 72
0
 73
1
 93
4
 10
216.967
 20
217.318
 10
242.317
 20
217.318
 10
242.317
 20
216.968
 10
216.967
 20
216.968
 97
0
 75
0
 76
1
 98
0
  0
HATCH
  5
261
330
17
100
AcDbEntity
  8
RASTER
 62
7
100
AcDbHatch
 10
0.0
 20
0.0
 30
0.0
210
0.0
220
0.0
230
1.0
  2
SOLID
 70
1
 71
0
 91
1
 92
3
 72
0
 73
1
 93
4
 10
216.967
 20
192.318
 10
242.317
 20
192.318
 10
242.317
 20
191.968
 10
216.967
 20
191.968
 97
0
 75
0
 76
1
 98
0
  0
HATCH
  5
262
330
17
100
AcDbEntity
  8
RASTER
 62
7
100
AcDbHatch
 10
0.0
 20
0.0
 30
0.0
210
0.0
220
0.0
230
1.0
  2
SOLID
 70
1
 71
0
 91
1
 92
3
 72
0
 73
1
 93
4
 10
216.967
 20
167.318
 10
242.317
 20
167.318
 10
242.317
 20
166.968
 10
216.967
 20
166.968
 97
0
 75
0
 76
1
 98
0
  0
HATCH
  5
263
330
17
100
AcDbEntity
  8
RASTER
 62
7
100
AcDbHatch
 10
0.0
 20
0.0
 30
0.0
210
0.0
220
0.0
230
1.0
  2
SOLID
 70
1
 71
0
 91
1
 92
3
 72
0
 73
1
 93
4
 10
216.967
 20
142.318
 10
242.317
 20
142.318
 10
242.317
 20
141.968
 10
216.967
 20
141.968
 97
0
 75
0
 76
1
 98
0
  0
HATCH
  5
264
330
17
100
AcDbEntity
  8
RASTER
 62
7
100
AcDbHatch
 10
0.0
 20
0.0
 30
0.0
210
0.0
220
0.0
230
1.0
  2
SOLID
 70
1
 71
0
 91
1
 92
3
 72
0
 73
1
 93
4
 10
216.967
 20
117.318
 10
242.317
 20
117.318
 10
242.317
 20
116.968
 10
216.967
 20
116.968
 97
0
 75
0
 76
1
 98
0
  0
HATCH
  5
265
330
17
100
AcDbEntity
  8
RASTER
 62
7
100
AcDbHatch
 10
0.0
 20
0.0
 30
0.0
210
0.0
220
0.0
230
1.0
  2
SOLID
 70
1
 71
0
 91
1
 92
3
 72
0
 73
1
 93
4
 10
216.967
 20
92.318
 10
242.317
 20
92.318
 10
242.317
 20
91.968
 10
216.967
 20
91.968
 97
0
 75
0
 76
1
 98
0
  0
HATCH
  5
266
330
17
100
AcDbEntity
  8
RASTER
 62
7
100
AcDbHatch
 10
0.0
 20
0.0
 30
0.0
210
0.0
220
0.0
230
1.0
  2
SOLID
 70
1
 71
0
 91
1
 92
3
 72
0
 73
1
 93
4
 10
216.967
 20
67.318
 10
242.317
 20
67.318
 10
242.317
 20
66.968
 10
216.967
 20
66.968
 97
0
 75
0
 76
1
 98
0
  0
HATCH
  5
267
330
17
100
AcDbEntity
  8
RASTER
 62
7
100
AcDbHatch
 10
0.0
 20
0.0
 30
0.0
210
0.0
220
0.0
230
1.0
  2
SOLID
 70
1
 71
0
 91
1
 92
3
 72
0
 73
1
 93
4
 10
216.967
 20
42.318
 10
242.317
 20
42.318
 10
242.317
 20
41.968
 10
216.967
 20
41.968
 97
0
 75
0
 76
1
 98
0
  0
HATCH
  5
268
330
17
100
AcDbEntity
  8
RASTER
 62
7
100
AcDbHatch
 10
0.0
 20
0.0
 30
0.0
210
0.0
220
0.0
230
1.0
  2
SOLID
 70
1
 71
0
 91
1
 92
3
 72
0
 73
1
 93
4
 10
216.967
 20
17.318
 10
242.317
 20
17.318
 10
242.317
 20
16.968
 10
216.967
 20
16.968
 97
0
 75
0
 76
1
 98
0
  0
HATCH
  5
269
330
17
100
AcDbEntity
  8
RASTER
 62
7
100
AcDbHatch
 10
0.0
 20
0.0
 30
0.0
210
0.0
220
0.0
230
1.0
  2
SOLID
 70
1
 71
0
 91
1
 92
3
 72
0
 73
1
 93
4
 10
241.967
 20
392.318
 10
267.317
 20
392.318
 10
267.317
 20
391.968
 10
241.967
 20
391.968
 97
0
 75
0
 76
1
 98
0
  0
HATCH
  5
26A
330
17
100
AcDbEntity
  8
RASTER
 62
7
100
AcDbHatch
 10
0.0
 20
0.0
 30
0.0
210
0.0
220
0.0
230
1.0
  2
SOLID
 70
1
 71
0
 91
1
 92
3
 72
0
 73
1
 93
4
 10
241.967
 20
367.318
 10
267.317
 20
367.318
 10
267.317
 20
366.968
 10
241.967
 20
366.968
 97
0
 75
0
 76
1
 98
0
  0
HATCH
  5
26B
330
17
100
AcDbEntity
  8
RASTER
 62
7
100
AcDbHatch
 10
0.0
 20
0.0
 30
0.0
210
0.0
220
0.0
230
1.0
  2
SOLID
 70
1
 71
0
 91
1
 92
3
 72
0
 73
1
 93
4
 10
241.967
 20
342.318
 10
267.317
 20
342.318
 10
267.317
 20
341.968
 10
241.967
 20
341.968
 97
0
 75
0
 76
1
 98
0
  0
HATCH
  5
26C
330
17
100
AcDbEntity
  8
RASTER
 62
7
100
AcDbHatch
 10
0.0
 20
0.0
 30
0.0
210
0.0
220
0.0
230
1.0
  2
SOLID
 70
1
 71
0
 91
1
 92
3
 72
0
 73
1
 93
4
 10
241.967
 20
317.318
 10
267.317
 20
317.318
 10
267.317
 20
316.968
 10
241.967
 20
316.968
 97
0
 75
0
 76
1
 98
0
  0
HATCH
  5
26D
330
17
100
AcDbEntity
  8
RASTER
 62
7
100
AcDbHatch
 10
0.0
 20
0.0
 30
0.0
210
0.0
220
0.0
230
1.0
  2
SOLID
 70
1
 71
0
 91
1
 92
3
 72
0
 73
1
 93
4
 10
241.967
 20
292.318
 10
267.317
 20
292.318
 10
267.317
 20
291.968
 10
241.967
 20
291.968
 97
0
 75
0
 76
1
 98
0
  0
HATCH
  5
26E
330
17
100
AcDbEntity
  8
RASTER
 62
7
100
AcDbHatch
 10
0.0
 20
0.0
 30
0.0
210
0.0
220
0.0
230
1.0
  2
SOLID
 70
1
 71
0
 91
1
 92
3
 72
0
 73
1
 93
4
 10
241.967
 20
267.318
 10
267.317
 20
267.318
 10
267.317
 20
266.968
 10
241.967
 20
266.968
 97
0
 75
0
 76
1
 98
0
  0
HATCH
  5
26F
330
17
100
AcDbEntity
  8
RASTER
 62
7
100
AcDbHatch
 10
0.0
 20
0.0
 30
0.0
210
0.0
220
0.0
230
1.0
  2
SOLID
 70
1
 71
0
 91
1
 92
3
 72
0
 73
1
 93
4
 10
241.967
 20
242.318
 10
267.317
 20
242.318
 10
267.317
 20
241.968
 10
241.967
 20
241.968
 97
0
 75
0
 76
1
 98
0
  0
HATCH
  5
270
330
17
100
AcDbEntity
  8
RASTER
 62
7
100
AcDbHatch
 10
0.0
 20
0.0
 30
0.0
210
0.0
220
0.0
230
1.0
  2
SOLID
 70
1
 71
0
 91
1
 92
3
 72
0
 73
1
 93
4
 10
241.967
 20
217.318
 10
267.317
 20
217.318
 10
267.317
 20
216.968
 10
241.967
 20
216.968
 97
0
 75
0
 76
1
 98
0
  0
HATCH
  5
271
330
17
100
AcDbEntity
  8
RASTER
 62
7
100
AcDbHatch
 10
0.0
 20
0.0
 30
0.0
210
0.0
220
0.0
230
1.0
  2
SOLID
 70
1
 71
0
 91
1
 92
3
 72
0
 73
1
 93
4
 10
241.967
 20
192.318
 10
267.317
 20
192.318
 10
267.317
 20
191.968
 10
241.967
 20
191.968
 97
0
 75
0
 76
1
 98
0
  0
HATCH
  5
272
330
17
100
AcDbEntity
  8
RASTER
 62
7
100
AcDbHatch
 10
0.0
 20
0.0
 30
0.0
210
0.0
220
0.0
230
1.0
  2
SOLID
 70
1
 71
0
 91
1
 92
3
 72
0
 73
1
 93
4
 10
241.967
 20
167.318
 10
267.317
 20
167.318
 10
267.317
 20
166.968
 10
241.967
 20
166.968
 97
0
 75
0
 76
1
 98
0
  0
HATCH
  5
273
330
17
100
AcDbEntity
  8
RASTER
 62
7
100
AcDbHatch
 10
0.0
 20
0.0
 30
0.0
210
0.0
220
0.0
230
1.0
  2
SOLID
 70
1
 71
0
 91
1
 92
3
 72
0
 73
1
 93
4
 10
241.967
 20
142.318
 10
267.317
 20
142.318
 10
267.317
 20
141.968
 10
241.967
 20
141.968
 97
0
 75
0
 76
1
 98
0
  0
HATCH
  5
274
330
17
100
AcDbEntity
  8
RASTER
 62
7
100
AcDbHatch
 10
0.0
 20
0.0
 30
0.0
210
0.0
220
0.0
230
1.0
  2
SOLID
 70
1
 71
0
 91
1
 92
3
 72
0
 73
1
 93
4
 10
241.967
 20
117.318
 10
267.317
 20
117.318
 10
267.317
 20
116.968
 10
241.967
 20
116.968
 97
0
 75
0
 76
1
 98
0
  0
HATCH
  5
275
330
17
100
AcDbEntity
  8
RASTER
 62
7
100
AcDbHatch
 10
0.0
 20
0.0
 30
0.0
210
0.0
220
0.0
230
1.0
  2
SOLID
 70
1
 71
0
 91
1
 92
3
 72
0
 73
1
 93
4
 10
241.967
 20
92.318
 10
267.317
 20
92.318
 10
267.317
 20
91.968
 10
241.967
 20
91.968
 97
0
 75
0
 76
1
 98
0
  0
HATCH
  5
276
330
17
100
AcDbEntity
  8
RASTER
 62
7
100
AcDbHatch
 10
0.0
 20
0.0
 30
0.0
210
0.0
220
0.0
230
1.0
  2
SOLID
 70
1
 71
0
 91
1
 92
3
 72
0
 73
1
 93
4
 10
241.967
 20
67.318
 10
267.317
 20
67.318
 10
267.317
 20
66.968
 10
241.967
 20
66.968
 97
0
 75
0
 76
1
 98
0
  0
HATCH
  5
277
330
17
100
AcDbEntity
  8
RASTER
 62
7
100
AcDbHatch
 10
0.0
 20
0.0
 30
0.0
210
0.0
220
0.0
230
1.0
  2
SOLID
 70
1
 71
0
 91
1
 92
3
 72
0
 73
1
 93
4
 10
241.967
 20
42.318
 10
267.317
 20
42.318
 10
267.317
 20
41.968
 10
241.967
 20
41.968
 97
0
 75
0
 76
1
 98
0
  0
HATCH
  5
278
330
17
100
AcDbEntity
  8
RASTER
 62
7
100
AcDbHatch
 10
0.0
 20
0.0
 30
0.0
210
0.0
220
0.0
230
1.0
  2
SOLID
 70
1
 71
0
 91
1
 92
3
 72
0
 73
1
 93
4
 10
241.967
 20
17.318
 10
267.317
 20
17.318
 10
267.317
 20
16.968
 10
241.967
 20
16.968
 97
0
 75
0
 76
1
 98
0
  0
HATCH
  5
279
330
17
100
AcDbEntity
  8
RASTER
 62
7
100
AcDbHatch
 10
0.0
 20
0.0
 30
0.0
210
0.0
220
0.0
230
1.0
  2
SOLID
 70
1
 71
0
 91
1
 92
3
 72
0
 73
1
 93
4
 10
266.967
 20
367.318
 10
292.317
 20
367.318
 10
292.317
 20
366.968
 10
266.967
 20
366.968
 97
0
 75
0
 76
1
 98
0
  0
HATCH
  5
27A
330
17
100
AcDbEntity
  8
RASTER
 62
7
100
AcDbHatch
 10
0.0
 20
0.0
 30
0.0
210
0.0
220
0.0
230
1.0
  2
SOLID
 70
1
 71
0
 91
1
 92
3
 72
0
 73
1
 93
4
 10
266.967
 20
342.318
 10
292.317
 20
342.318
 10
292.317
 20
341.968
 10
266.967
 20
341.968
 97
0
 75
0
 76
1
 98
0
  0
HATCH
  5
27B
330
17
100
AcDbEntity
  8
RASTER
 62
7
100
AcDbHatch
 10
0.0
 20
0.0
 30
0.0
210
0.0
220
0.0
230
1.0
  2
SOLID
 70
1
 71
0
 91
1
 92
3
 72
0
 73
1
 93
4
 10
266.967
 20
317.318
 10
292.317
 20
317.318
 10
292.317
 20
316.968
 10
266.967
 20
316.968
 97
0
 75
0
 76
1
 98
0
  0
HATCH
  5
27C
330
17
100
AcDbEntity
  8
RASTER
 62
7
100
AcDbHatch
 10
0.0
 20
0.0
 30
0.0
210
0.0
220
0.0
230
1.0
  2
SOLID
 70
1
 71
0
 91
1
 92
3
 72
0
 73
1
 93
4
 10
266.967
 20
292.318
 10
292.317
 20
292.318
 10
292.317
 20
291.968
 10
266.967
 20
291.968
 97
0
 75
0
 76
1
 98
0
  0
HATCH
  5
27D
330
17
100
AcDbEntity
  8
RASTER
 62
7
100
AcDbHatch
 10
0.0
 20
0.0
 30
0.0
210
0.0
220
0.0
230
1.0
  2
SOLID
 70
1
 71
0
 91
1
 92
3
 72
0
 73
1
 93
4
 10
266.967
 20
267.318
 10
292.317
 20
267.318
 10
292.317
 20
266.968
 10
266.967
 20
266.968
 97
0
 75
0
 76
1
 98
0
  0
HATCH
  5
27E
330
17
100
AcDbEntity
  8
RASTER
 62
7
100
AcDbHatch
 10
0.0
 20
0.0
 30
0.0
210
0.0
220
0.0
230
1.0
  2
SOLID
 70
1
 71
0
 91
1
 92
3
 72
0
 73
1
 93
4
 10
266.967
 20
242.318
 10
292.317
 20
242.318
 10
292.317
 20
241.968
 10
266.967
 20
241.968
 97
0
 75
0
 76
1
 98
0
  0
HATCH
  5
27F
330
17
100
AcDbEntity
  8
RASTER
 62
7
100
AcDbHatch
 10
0.0
 20
0.0
 30
0.0
210
0.0
220
0.0
230
1.0
  2
SOLID
 70
1
 71
0
 91
1
 92
3
 72
0
 73
1
 93
4
 10
266.967
 20
217.318
 10
292.317
 20
217.318
 10
292.317
 20
216.968
 10
266.967
 20
216.968
 97
0
 75
0
 76
1
 98
0
  0
HATCH
  5
280
330
17
100
AcDbEntity
  8
RASTER
 62
7
100
AcDbHatch
 10
0.0
 20
0.0
 30
0.0
210
0.0
220
0.0
230
1.0
  2
SOLID
 70
1
 71
0
 91
1
 92
3
 72
0
 73
1
 93
4
 10
266.967
 20
192.318
 10
292.317
 20
192.318
 10
292.317
 20
191.968
 10
266.967
 20
191.968
 97
0
 75
0
 76
1
 98
0
  0
HATCH
  5
281
330
17
100
AcDbEntity
  8
RASTER
 62
7
100
AcDbHatch
 10
0.0
 20
0.0
 30
0.0
210
0.0
220
0.0
230
1.0
  2
SOLID
 70
1
 71
0
 91
1
 92
3
 72
0
 73
1
 93
4
 10
266.967
 20
167.318
 10
292.317
 20
167.318
 10
292.317
 20
166.968
 10
266.967
 20
166.968
 97
0
 75
0
 76
1
 98
0
  0
HATCH
  5
282
330
17
100
AcDbEntity
  8
RASTER
 62
7
100
AcDbHatch
 10
0.0
 20
0.0
 30
0.0
210
0.0
220
0.0
230
1.0
  2
SOLID
 70
1
 71
0
 91
1
 92
3
 72
0
 73
1
 93
4
 10
266.967
 20
142.318
 10
292.317
 20
142.318
 10
292.317
 20
141.968
 10
266.967
 20
141.968
 97
0
 75
0
 76
1
 98
0
  0
HATCH
  5
283
330
17
100
AcDbEntity
  8
RASTER
 62
7
100
AcDbHatch
 10
0.0
 20
0.0
 30
0.0
210
0.0
220
0.0
230
1.0
  2
SOLID
 70
1
 71
0
 91
1
 92
3
 72
0
 73
1
 93
4
 10
266.967
 20
117.318
 10
292.317
 20
117.318
 10
292.317
 20
116.968
 10
266.967
 20
116.968
 97
0
 75
0
 76
1
 98
0
  0
HATCH
  5
284
330
17
100
AcDbEntity
  8
RASTER
 62
7
100
AcDbHatch
 10
0.0
 20
0.0
 30
0.0
210
0.0
220
0.0
230
1.0
  2
SOLID
 70
1
 71
0
 91
1
 92
3
 72
0
 73
1
 93
4
 10
266.967
 20
92.318
 10
292.317
 20
92.318
 10
292.317
 20
91.968
 10
266.967
 20
91.968
 97
0
 75
0
 76
1
 98
0
  0
HATCH
  5
285
330
17
100
AcDbEntity
  8
RASTER
 62
7
100
AcDbHatch
 10
0.0
 20
0.0
 30
0.0
210
0.0
220
0.0
230
1.0
  2
SOLID
 70
1
 71
0
 91
1
 92
3
 72
0
 73
1
 93
4
 10
266.967
 20
67.318
 10
292.317
 20
67.318
 10
292.317
 20
66.968
 10
266.967
 20
66.968
 97
0
 75
0
 76
1
 98
0
  0
HATCH
  5
286
330
17
100
AcDbEntity
  8
RASTER
 62
7
100
AcDbHatch
 10
0.0
 20
0.0
 30
0.0
210
0.0
220
0.0
230
1.0
  2
SOLID
 70
1
 71
0
 91
1
 92
3
 72
0
 73
1
 93
4
 10
266.967
 20
42.318
 10
292.317
 20
42.318
 10
292.317
 20
41.968
 10
266.967
 20
41.968
 97
0
 75
0
 76
1
 98
0
  0
HATCH
  5
287
330
17
100
AcDbEntity
  8
RASTER
 62
7
100
AcDbHatch
 10
0.0
 20
0.0
 30
0.0
210
0.0
220
0.0
230
1.0
  2
SOLID
 70
1
 71
0
 91
1
 92
3
 72
0
 73
1
 93
4
 10
291.967
 20
367.318
 10
317.317
 20
367.318
 10
317.317
 20
366.968
 10
291.967
 20
366.968
 97
0
 75
0
 76
1
 98
0
  0
HATCH
  5
288
330
17
100
AcDbEntity
  8
RASTER
 62
7
100
AcDbHatch
 10
0.0
 20
0.0
 30
0.0
210
0.0
220
0.0
230
1.0
  2
SOLID
 70
1
 71
0
 91
1
 92
3
 72
0
 73
1
 93
4
 10
291.967
 20
342.318
 10
317.317
 20
342.318
 10
317.317
 20
341.968
 10
291.967
 20
341.968
 97
0
 75
0
 76
1
 98
0
  0
HATCH
  5
289
330
17
100
AcDbEntity
  8
RASTER
 62
7
100
AcDbHatch
 10
0.0
 20
0.0
 30
0.0
210
0.0
220
0.0
230
1.0
  2
SOLID
 70
1
 71
0
 91
1
 92
3
 72
0
 73
1
 93
4
 10
291.967
 20
317.318
 10
317.317
 20
317.318
 10
317.317
 20
316.968
 10
291.967
 20
316.968
 97
0
 75
0
 76
1
 98
0
  0
HATCH
  5
28A
330
17
100
AcDbEntity
  8
RASTER
 62
7
100
AcDbHatch
 10
0.0
 20
0.0
 30
0.0
210
0.0
220
0.0
230
1.0
  2
SOLID
 70
1
 71
0
 91
1
 92
3
 72
0
 73
1
 93
4
 10
291.967
 20
292.318
 10
317.317
 20
292.318
 10
317.317
 20
291.968
 10
291.967
 20
291.968
 97
0
 75
0
 76
1
 98
0
  0
HATCH
  5
28B
330
17
100
AcDbEntity
  8
RASTER
 62
7
100
AcDbHatch
 10
0.0
 20
0.0
 30
0.0
210
0.0
220
0.0
230
1.0
  2
SOLID
 70
1
 71
0
 91
1
 92
3
 72
0
 73
1
 93
4
 10
291.967
 20
267.318
 10
317.317
 20
267.318
 10
317.317
 20
266.968
 10
291.967
 20
266.968
 97
0
 75
0
 76
1
 98
0
  0
HATCH
  5
28C
330
17
100
AcDbEntity
  8
RASTER
 62
7
100
AcDbHatch
 10
0.0
 20
0.0
 30
0.0
210
0.0
220
0.0
230
1.0
  2
SOLID
 70
1
 71
0
 91
1
 92
3
 72
0
 73
1
 93
4
 10
291.967
 20
242.318
 10
317.317
 20
242.318
 10
317.317
 20
241.968
 10
291.967
 20
241.968
 97
0
 75
0
 76
1
 98
0
  0
HATCH
  5
28D
330
17
100
AcDbEntity
  8
RASTER
 62
7
100
AcDbHatch
 10
0.0
 20
0.0
 30
0.0
210
0.0
220
0.0
230
1.0
  2
SOLID
 70
1
 71
0
 91
1
 92
3
 72
0
 73
1
 93
4
 10
291.967
 20
217.318
 10
317.317
 20
217.318
 10
317.317
 20
216.968
 10
291.967
 20
216.968
 97
0
 75
0
 76
1
 98
0
  0
HATCH
  5
28E
330
17
100
AcDbEntity
  8
RASTER
 62
7
100
AcDbHatch
 10
0.0
 20
0.0
 30
0.0
210
0.0
220
0.0
230
1.0
  2
SOLID
 70
1
 71
0
 91
1
 92
3
 72
0
 73
1
 93
4
 10
291.967
 20
192.318
 10
317.317
 20
192.318
 10
317.317
 20
191.968
 10
291.967
 20
191.968
 97
0
 75
0
 76
1
 98
0
  0
HATCH
  5
28F
330
17
100
AcDbEntity
  8
RASTER
 62
7
100
AcDbHatch
 10
0.0
 20
0.0
 30
0.0
210
0.0
220
0.0
230
1.0
  2
SOLID
 70
1
 71
0
 91
1
 92
3
 72
0
 73
1
 93
4
 10
291.967
 20
167.318
 10
317.317
 20
167.318
 10
317.317
 20
166.968
 10
291.967
 20
166.968
 97
0
 75
0
 76
1
 98
0
  0
HATCH
  5
290
330
17
100
AcDbEntity
  8
RASTER
 62
7
100
AcDbHatch
 10
0.0
 20
0.0
 30
0.0
210
0.0
220
0.0
230
1.0
  2
SOLID
 70
1
 71
0
 91
1
 92
3
 72
0
 73
1
 93
4
 10
291.967
 20
142.318
 10
317.317
 20
142.318
 10
317.317
 20
141.968
 10
291.967
 20
141.968
 97
0
 75
0
 76
1
 98
0
  0
HATCH
  5
291
330
17
100
AcDbEntity
  8
RASTER
 62
7
100
AcDbHatch
 10
0.0
 20
0.0
 30
0.0
210
0.0
220
0.0
230
1.0
  2
SOLID
 70
1
 71
0
 91
1
 92
3
 72
0
 73
1
 93
4
 10
291.967
 20
117.318
 10
317.317
 20
117.318
 10
317.317
 20
116.968
 10
291.967
 20
116.968
 97
0
 75
0
 76
1
 98
0
  0
HATCH
  5
292
330
17
100
AcDbEntity
  8
RASTER
 62
7
100
AcDbHatch
 10
0.0
 20
0.0
 30
0.0
210
0.0
220
0.0
230
1.0
  2
SOLID
 70
1
 71
0
 91
1
 92
3
 72
0
 73
1
 93
4
 10
291.967
 20
92.318
 10
317.317
 20
92.318
 10
317.317
 20
91.968
 10
291.967
 20
91.968
 97
0
 75
0
 76
1
 98
0
  0
HATCH
  5
293
330
17
100
AcDbEntity
  8
RASTER
 62
7
100
AcDbHatch
 10
0.0
 20
0.0
 30
0.0
210
0.0
220
0.0
230
1.0
  2
SOLID
 70
1
 71
0
 91
1
 92
3
 72
0
 73
1
 93
4
 10
291.967
 20
67.318
 10
317.317
 20
67.318
 10
317.317
 20
66.968
 10
291.967
 20
66.968
 97
0
 75
0
 76
1
 98
0
  0
HATCH
  5
294
330
17
100
AcDbEntity
  8
RASTER
 62
7
100
AcDbHatch
 10
0.0
 20
0.0
 30
0.0
210
0.0
220
0.0
230
1.0
  2
SOLID
 70
1
 71
0
 91
1
 92
3
 72
0
 73
1
 93
4
 10
291.967
 20
42.318
 10
317.317
 20
42.318
 10
317.317
 20
41.968
 10
291.967
 20
41.968
 97
0
 75
0
 76
1
 98
0
  0
HATCH
  5
295
330
17
100
AcDbEntity
  8
RASTER
 62
7
100
AcDbHatch
 10
0.0
 20
0.0
 30
0.0
210
0.0
220
0.0
230
1.0
  2
SOLID
 70
1
 71
0
 91
1
 92
3
 72
0
 73
1
 93
4
 10
316.967
 20
342.318
 10
342.317
 20
342.318
 10
342.317
 20
341.968
 10
316.967
 20
341.968
 97
0
 75
0
 76
1
 98
0
  0
HATCH
  5
296
330
17
100
AcDbEntity
  8
RASTER
 62
7
100
AcDbHatch
 10
0.0
 20
0.0
 30
0.0
210
0.0
220
0.0
230
1.0
  2
SOLID
 70
1
 71
0
 91
1
 92
3
 72
0
 73
1
 93
4
 10
316.967
 20
317.318
 10
342.317
 20
317.318
 10
342.317
 20
316.968
 10
316.967
 20
316.968
 97
0
 75
0
 76
1
 98
0
  0
HATCH
  5
297
330
17
100
AcDbEntity
  8
RASTER
 62
7
100
AcDbHatch
 10
0.0
 20
0.0
 30
0.0
210
0.0
220
0.0
230
1.0
  2
SOLID
 70
1
 71
0
 91
1
 92
3
 72
0
 73
1
 93
4
 10
316.967
 20
292.318
 10
342.317
 20
292.318
 10
342.317
 20
291.968
 10
316.967
 20
291.968
 97
0
 75
0
 76
1
 98
0
  0
HATCH
  5
298
330
17
100
AcDbEntity
  8
RASTER
 62
7
100
AcDbHatch
 10
0.0
 20
0.0
 30
0.0
210
0.0
220
0.0
230
1.0
  2
SOLID
 70
1
 71
0
 91
1
 92
3
 72
0
 73
1
 93
4
 10
316.967
 20
267.318
 10
342.317
 20
267.318
 10
342.317
 20
266.968
 10
316.967
 20
266.968
 97
0
 75
0
 76
1
 98
0
  0
HATCH
  5
299
330
17
100
AcDbEntity
  8
RASTER
 62
7
100
AcDbHatch
 10
0.0
 20
0.0
 30
0.0
210
0.0
220
0.0
230
1.0
  2
SOLID
 70
1
 71
0
 91
1
 92
3
 72
0
 73
1
 93
4
 10
316.967
 20
242.318
 10
342.317
 20
242.318
 10
342.317
 20
241.968
 10
316.967
 20
241.968
 97
0
 75
0
 76
1
 98
0
  0
HATCH
  5
29A
330
17
100
AcDbEntity
  8
RASTER
 62
7
100
AcDbHatch
 10
0.0
 20
0.0
 30
0.0
210
0.0
220
0.0
230
1.0
  2
SOLID
 70
1
 71
0
 91
1
 92
3
 72
0
 73
1
 93
4
 10
316.967
 20
217.318
 10
342.317
 20
217.318
 10
342.317
 20
216.968
 10
316.967
 20
216.968
 97
0
 75
0
 76
1
 98
0
  0
HATCH
  5
29B
330
17
100
AcDbEntity
  8
RASTER
 62
7
100
AcDbHatch
 10
0.0
 20
0.0
 30
0.0
210
0.0
220
0.0
230
1.0
  2
SOLID
 70
1
 71
0
 91
1
 92
3
 72
0
 73
1
 93
4
 10
316.967
 20
192.318
 10
342.317
 20
192.318
 10
342.317
 20
191.968
 10
316.967
 20
191.968
 97
0
 75
0
 76
1
 98
0
  0
HATCH
  5
29C
330
17
100
AcDbEntity
  8
RASTER
 62
7
100
AcDbHatch
 10
0.0
 20
0.0
 30
0.0
210
0.0
220
0.0
230
1.0
  2
SOLID
 70
1
 71
0
 91
1
 92
3
 72
0
 73
1
 93
4
 10
316.967
 20
167.318
 10
342.317
 20
167.318
 10
342.317
 20
166.968
 10
316.967
 20
166.968
 97
0
 75
0
 76
1
 98
0
  0
HATCH
  5
29D
330
17
100
AcDbEntity
  8
RASTER
 62
7
100
AcDbHatch
 10
0.0
 20
0.0
 30
0.0
210
0.0
220
0.0
230
1.0
  2
SOLID
 70
1
 71
0
 91
1
 92
3
 72
0
 73
1
 93
4
 10
316.967
 20
142.318
 10
342.317
 20
142.318
 10
342.317
 20
141.968
 10
316.967
 20
141.968
 97
0
 75
0
 76
1
 98
0
  0
HATCH
  5
29E
330
17
100
AcDbEntity
  8
RASTER
 62
7
100
AcDbHatch
 10
0.0
 20
0.0
 30
0.0
210
0.0
220
0.0
230
1.0
  2
SOLID
 70
1
 71
0
 91
1
 92
3
 72
0
 73
1
 93
4
 10
316.967
 20
117.318
 10
342.317
 20
117.318
 10
342.317
 20
116.968
 10
316.967
 20
116.968
 97
0
 75
0
 76
1
 98
0
  0
HATCH
  5
29F
330
17
100
AcDbEntity
  8
RASTER
 62
7
100
AcDbHatch
 10
0.0
 20
0.0
 30
0.0
210
0.0
220
0.0
230
1.0
  2
SOLID
 70
1
 71
0
 91
1
 92
3
 72
0
 73
1
 93
4
 10
316.967
 20
92.318
 10
342.317
 20
92.318
 10
342.317
 20
91.968
 10
316.967
 20
91.968
 97
0
 75
0
 76
1
 98
0
  0
HATCH
  5
2A0
330
17
100
AcDbEntity
  8
RASTER
 62
7
100
AcDbHatch
 10
0.0
 20
0.0
 30
0.0
210
0.0
220
0.0
230
1.0
  2
SOLID
 70
1
 71
0
 91
1
 92
3
 72
0
 73
1
 93
4
 10
316.967
 20
67.318
 10
342.317
 20
67.318
 10
342.317
 20
66.968
 10
316.967
 20
66.968
 97
0
 75
0
 76
1
 98
0
  0
HATCH
  5
2A1
330
17
100
AcDbEntity
  8
RASTER
 62
7
100
AcDbHatch
 10
0.0
 20
0.0
 30
0.0
210
0.0
220
0.0
230
1.0
  2
SOLID
 70
1
 71
0
 91
1
 92
3
 72
0
 73
1
 93
4
 10
341.967
 20
317.318
 10
367.317
 20
317.318
 10
367.317
 20
316.968
 10
341.967
 20
316.968
 97
0
 75
0
 76
1
 98
0
  0
HATCH
  5
2A2
330
17
100
AcDbEntity
  8
RASTER
 62
7
100
AcDbHatch
 10
0.0
 20
0.0
 30
0.0
210
0.0
220
0.0
230
1.0
  2
SOLID
 70
1
 71
0
 91
1
 92
3
 72
0
 73
1
 93
4
 10
341.967
 20
292.318
 10
367.317
 20
292.318
 10
367.317
 20
291.968
 10
341.967
 20
291.968
 97
0
 75
0
 76
1
 98
0
  0
HATCH
  5
2A3
330
17
100
AcDbEntity
  8
RASTER
 62
7
100
AcDbHatch
 10
0.0
 20
0.0
 30
0.0
210
0.0
220
0.0
230
1.0
  2
SOLID
 70
1
 71
0
 91
1
 92
3
 72
0
 73
1
 93
4
 10
341.967
 20
267.318
 10
367.317
 20
267.318
 10
367.317
 20
266.968
 10
341.967
 20
266.968
 97
0
 75
0
 76
1
 98
0
  0
HATCH
  5
2A4
330
17
100
AcDbEntity
  8
RASTER
 62
7
100
AcDbHatch
 10
0.0
 20
0.0
 30
0.0
210
0.0
220
0.0
230
1.0
  2
SOLID
 70
1
 71
0
 91
1
 92
3
 72
0
 73
1
 93
4
 10
341.967
 20
242.318
 10
367.317
 20
242.318
 10
367.317
 20
241.968
 10
341.967
 20
241.968
 97
0
 75
0
 76
1
 98
0
  0
HATCH
  5
2A5
330
17
100
AcDbEntity
  8
RASTER
 62
7
100
AcDbHatch
 10
0.0
 20
0.0
 30
0.0
210
0.0
220
0.0
230
1.0
  2
SOLID
 70
1
 71
0
 91
1
 92
3
 72
0
 73
1
 93
4
 10
341.967
 20
217.318
 10
367.317
 20
217.318
 10
367.317
 20
216.968
 10
341.967
 20
216.968
 97
0
 75
0
 76
1
 98
0
  0
HATCH
  5
2A6
330
17
100
AcDbEntity
  8
RASTER
 62
7
100
AcDbHatch
 10
0.0
 20
0.0
 30
0.0
210
0.0
220
0.0
230
1.0
  2
SOLID
 70
1
 71
0
 91
1
 92
3
 72
0
 73
1
 93
4
 10
341.967
 20
192.318
 10
367.317
 20
192.318
 10
367.317
 20
191.968
 10
341.967
 20
191.968
 97
0
 75
0
 76
1
 98
0
  0
HATCH
  5
2A7
330
17
100
AcDbEntity
  8
RASTER
 62
7
100
AcDbHatch
 10
0.0
 20
0.0
 30
0.0
210
0.0
220
0.0
230
1.0
  2
SOLID
 70
1
 71
0
 91
1
 92
3
 72
0
 73
1
 93
4
 10
341.967
 20
167.318
 10
367.317
 20
167.318
 10
367.317
 20
166.968
 10
341.967
 20
166.968
 97
0
 75
0
 76
1
 98
0
  0
HATCH
  5
2A8
330
17
100
AcDbEntity
  8
RASTER
 62
7
100
AcDbHatch
 10
0.0
 20
0.0
 30
0.0
210
0.0
220
0.0
230
1.0
  2
SOLID
 70
1
 71
0
 91
1
 92
3
 72
0
 73
1
 93
4
 10
341.967
 20
142.318
 10
367.317
 20
142.318
 10
367.317
 20
141.968
 10
341.967
 20
141.968
 97
0
 75
0
 76
1
 98
0
  0
HATCH
  5
2A9
330
17
100
AcDbEntity
  8
RASTER
 62
7
100
AcDbHatch
 10
0.0
 20
0.0
 30
0.0
210
0.0
220
0.0
230
1.0
  2
SOLID
 70
1
 71
0
 91
1
 92
3
 72
0
 73
1
 93
4
 10
341.967
 20
117.318
 10
367.317
 20
117.318
 10
367.317
 20
116.968
 10
341.967
 20
116.968
 97
0
 75
0
 76
1
 98
0
  0
HATCH
  5
2AA
330
17
100
AcDbEntity
  8
RASTER
 62
7
100
AcDbHatch
 10
0.0
 20
0.0
 30
0.0
210
0.0
220
0.0
230
1.0
  2
SOLID
 70
1
 71
0
 91
1
 92
3
 72
0
 73
1
 93
4
 10
341.967
 20
92.318
 10
367.317
 20
92.318
 10
367.317
 20
91.968
 10
341.967
 20
91.968
 97
0
 75
0
 76
1
 98
0
  0
HATCH
  5
2AB
330
17
100
AcDbEntity
  8
RASTER
 62
7
100
AcDbHatch
 10
0.0
 20
0.0
 30
0.0
210
0.0
220
0.0
230
1.0
  2
SOLID
 70
1
 71
0
 91
1
 92
3
 72
0
 73
1
 93
4
 10
366.967
 20
267.318
 10
392.317
 20
267.318
 10
392.317
 20
266.968
 10
366.967
 20
266.968
 97
0
 75
0
 76
1
 98
0
  0
HATCH
  5
2AC
330
17
100
AcDbEntity
  8
RASTER
 62
7
100
AcDbHatch
 10
0.0
 20
0.0
 30
0.0
210
0.0
220
0.0
230
1.0
  2
SOLID
 70
1
 71
0
 91
1
 92
3
 72
0
 73
1
 93
4
 10
366.967
 20
242.318
 10
392.317
 20
242.318
 10
392.317
 20
241.968
 10
366.967
 20
241.968
 97
0
 75
0
 76
1
 98
0
  0
HATCH
  5
2AD
330
17
100
AcDbEntity
  8
RASTER
 62
7
100
AcDbHatch
 10
0.0
 20
0.0
 30
0.0
210
0.0
220
0.0
230
1.0
  2
SOLID
 70
1
 71
0
 91
1
 92
3
 72
0
 73
1
 93
4
 10
366.967
 20
217.318
 10
392.317
 20
217.318
 10
392.317
 20
216.968
 10
366.967
 20
216.968
 97
0
 75
0
 76
1
 98
0
  0
HATCH
  5
2AE
330
17
100
AcDbEntity
  8
RASTER
 62
7
100
AcDbHatch
 10
0.0
 20
0.0
 30
0.0
210
0.0
220
0.0
230
1.0
  2
SOLID
 70
1
 71
0
 91
1
 92
3
 72
0
 73
1
 93
4
 10
366.967
 20
192.318
 10
392.317
 20
192.318
 10
392.317
 20
191.968
 10
366.967
 20
191.968
 97
0
 75
0
 76
1
 98
0
  0
HATCH
  5
2AF
330
17
100
AcDbEntity
  8
RASTER
 62
7
100
AcDbHatch
 10
0.0
 20
0.0
 30
0.0
210
0.0
220
0.0
230
1.0
  2
SOLID
 70
1
 71
0
 91
1
 92
3
 72
0
 73
1
 93
4
 10
366.967
 20
167.318
 10
392.317
 20
167.318
 10
392.317
 20
166.968
 10
366.967
 20
166.968
 97
0
 75
0
 76
1
 98
0
  0
HATCH
  5
2B0
330
17
100
AcDbEntity
  8
RASTER
 62
7
100
AcDbHatch
 10
0.0
 20
0.0
 30
0.0
210
0.0
220
0.0
230
1.0
  2
SOLID
 70
1
 71
0
 91
1
 92
3
 72
0
 73
1
 93
4
 10
366.967
 20
142.318
 10
392.317
 20
142.318
 10
392.317
 20
141.968
 10
366.967
 20
141.968
 97
0
 75
0
 76
1
 98
0
  0
HATCH
  5
2B1
330
17
100
AcDbEntity
  8
RASTER
 62
7
100
AcDbHatch
 10
0.0
 20
0.0
 30
0.0
210
0.0
220
0.0
230
1.0
  2
SOLID
 70
1
 71
0
 91
1
 92
3
 72
0
 73
1
 93
4
 10
16.967
 20
266.968
 10
17.317
 20
266.968
 10
17.317
 20
242.318
 10
16.967
 20
242.318
 97
0
 75
0
 76
1
 98
0
  0
HATCH
  5
2B2
330
17
100
AcDbEntity
  8
RASTER
 62
7
100
AcDbHatch
 10
0.0
 20
0.0
 30
0.0
210
0.0
220
0.0
230
1.0
  2
SOLID
 70
1
 71
0
 91
1
 92
3
 72
0
 73
1
 93
4
 10
41.967
 20
266.968
 10
42.317
 20
266.968
 10
42.317
 20
242.318
 10
41.967
 20
242.318
 97
0
 75
0
 76
1
 98
0
  0
HATCH
  5
2B3
330
17
100
AcDbEntity
  8
RASTER
 62
7
100
AcDbHatch
 10
0.0
 20
0.0
 30
0.0
210
0.0
220
0.0
230
1.0
  2
SOLID
 70
1
 71
0
 91
1
 92
3
 72
0
 73
1
 93
4
 10
16.967
 20
241.968
 10
17.317
 20
241.968
 10
17.317
 20
217.318
 10
16.967
 20
217.318
 97
0
 75
0
 76
1
 98
0
  0
HATCH
  5
2B4
330
17
100
AcDbEntity
  8
RASTER
 62
7
100
AcDbHatch
 10
0.0
 20
0.0
 30
0.0
210
0.0
220
0.0
230
1.0
  2
SOLID
 70
1
 71
0
 91
1
 92
3
 72
0
 73
1
 93
4
 10
41.967
 20
241.968
 10
42.317
 20
241.968
 10
42.317
 20
217.318
 10
41.967
 20
217.318
 97
0
 75
0
 76
1
 98
0
  0
HATCH
  5
2B5
330
17
100
AcDbEntity
  8
RASTER
 62
7
100
AcDbHatch
 10
0.0
 20
0.0
 30
0.0
210
0.0
220
0.0
230
1.0
  2
SOLID
 70
1
 71
0
 91
1
 92
3
 72
0
 73
1
 93
4
 10
16.967
 20
216.968
 10
17.317
 20
216.968
 10
17.317
 20
192.318
 10
16.967
 20
192.318
 97
0
 75
0
 76
1
 98
0
  0
HATCH
  5
2B6
330
17
100
AcDbEntity
  8
RASTER
 62
7
100
AcDbHatch
 10
0.0
 20
0.0
 30
0.0
210
0.0
220
0.0
230
1.0
  2
SOLID
 70
1
 71
0
 91
1
 92
3
 72
0
 73
1
 93
4
 10
41.967
 20
216.968
 10
42.317
 20
216.968
 10
42.317
 20
192.318
 10
41.967
 20
192.318
 97
0
 75
0
 76
1
 98
0
  0
HATCH
  5
2B7
330
17
100
AcDbEntity
  8
RASTER
 62
7
100
AcDbHatch
 10
0.0
 20
0.0
 30
0.0
210
0.0
220
0.0
230
1.0
  2
SOLID
 70
1
 71
0
 91
1
 92
3
 72
0
 73
1
 93
4
 10
16.967
 20
191.968
 10
17.317
 20
191.968
 10
17.317
 20
167.318
 10
16.967
 20
167.318
 97
0
 75
0
 76
1
 98
0
  0
HATCH
  5
2B8
330
17
100
AcDbEntity
  8
RASTER
 62
7
100
AcDbHatch
 10
0.0
 20
0.0
 30
0.0
210
0.0
220
0.0
230
1.0
  2
SOLID
 70
1
 71
0
 91
1
 92
3
 72
0
 73
1
 93
4
 10
41.967
 20
191.968
 10
42.317
 20
191.968
 10
42.317
 20
167.318
 10
41.967
 20
167.318
 97
0
 75
0
 76
1
 98
0
  0
HATCH
  5
2B9
330
17
100
AcDbEntity
  8
RASTER
 62
7
100
AcDbHatch
 10
0.0
 20
0.0
 30
0.0
210
0.0
220
0.0
230
1.0
  2
SOLID
 70
1
 71
0
 91
1
 92
3
 72
0
 73
1
 93
4
 10
16.967
 20
166.968
 10
17.317
 20
166.968
 10
17.317
 20
142.318
 10
16.967
 20
142.318
 97
0
 75
0
 76
1
 98
0
  0
HATCH
  5
2BA
330
17
100
AcDbEntity
  8
RASTER
 62
7
100
AcDbHatch
 10
0.0
 20
0.0
 30
0.0
210
0.0
220
0.0
230
1.0
  2
SOLID
 70
1
 71
0
 91
1
 92
3
 72
0
 73
1
 93
4
 10
41.967
 20
166.968
 10
42.317
 20
166.968
 10
42.317
 20
142.318
 10
41.967
 20
142.318
 97
0
 75
0
 76
1
 98
0
  0
HATCH
  5
2BB
330
17
100
AcDbEntity
  8
RASTER
 62
7
100
AcDbHatch
 10
0.0
 20
0.0
 30
0.0
210
0.0
220
0.0
230
1.0
  2
SOLID
 70
1
 71
0
 91
1
 92
3
 72
0
 73
1
 93
4
 10
41.967
 20
316.968
 10
42.317
 20
316.968
 10
42.317
 20
292.318
 10
41.967
 20
292.318
 97
0
 75
0
 76
1
 98
0
  0
HATCH
  5
2BC
330
17
100
AcDbEntity
  8
RASTER
 62
7
100
AcDbHatch
 10
0.0
 20
0.0
 30
0.0
210
0.0
220
0.0
230
1.0
  2
SOLID
 70
1
 71
0
 91
1
 92
3
 72
0
 73
1
 93
4
 10
66.967
 20
316.968
 10
67.317
 20
316.968
 10
67.317
 20
292.318
 10
66.967
 20
292.318
 97
0
 75
0
 76
1
 98
0
  0
HATCH
  5
2BD
330
17
100
AcDbEntity
  8
RASTER
 62
7
100
AcDbHatch
 10
0.0
 20
0.0
 30
0.0
210
0.0
220
0.0
230
1.0
  2
SOLID
 70
1
 71
0
 91
1
 92
3
 72
0
 73
1
 93
4
 10
41.967
 20
291.968
 10
42.317
 20
291.968
 10
42.317
 20
267.318
 10
41.967
 20
267.318
 97
0
 75
0
 76
1
 98
0
  0
HATCH
  5
2BE
330
17
100
AcDbEntity
  8
RASTER
 62
7
100
AcDbHatch
 10
0.0
 20
0.0
 30
0.0
210
0.0
220
0.0
230
1.0
  2
SOLID
 70
1
 71
0
 91
1
 92
3
 72
0
 73
1
 93
4
 10
66.967
 20
291.968
 10
67.317
 20
291.968
 10
67.317
 20
267.318
 10
66.967
 20
267.318
 97
0
 75
0
 76
1
 98
0
  0
HATCH
  5
2BF
330
17
100
AcDbEntity
  8
RASTER
 62
7
100
AcDbHatch
 10
0.0
 20
0.0
 30
0.0
210
0.0
220
0.0
230
1.0
  2
SOLID
 70
1
 71
0
 91
1
 92
3
 72
0
 73
1
 93
4
 10
66.967
 20
266.968
 10
67.317
 20
266.968
 10
67.317
 20
242.318
 10
66.967
 20
242.318
 97
0
 75
0
 76
1
 98
0
  0
HATCH
  5
2C0
330
17
100
AcDbEntity
  8
RASTER
 62
7
100
AcDbHatch
 10
0.0
 20
0.0
 30
0.0
210
0.0
220
0.0
230
1.0
  2
SOLID
 70
1
 71
0
 91
1
 92
3
 72
0
 73
1
 93
4
 10
66.967
 20
241.968
 10
67.317
 20
241.968
 10
67.317
 20
217.318
 10
66.967
 20
217.318
 97
0
 75
0
 76
1
 98
0
  0
HATCH
  5
2C1
330
17
100
AcDbEntity
  8
RASTER
 62
7
100
AcDbHatch
 10
0.0
 20
0.0
 30
0.0
210
0.0
220
0.0
230
1.0
  2
SOLID
 70
1
 71
0
 91
1
 92
3
 72
0
 73
1
 93
4
 10
66.967
 20
216.968
 10
67.317
 20
216.968
 10
67.317
 20
192.318
 10
66.967
 20
192.318
 97
0
 75
0
 76
1
 98
0
  0
HATCH
  5
2C2
330
17
100
AcDbEntity
  8
RASTER
 62
7
100
AcDbHatch
 10
0.0
 20
0.0
 30
0.0
210
0.0
220
0.0
230
1.0
  2
SOLID
 70
1
 71
0
 91
1
 92
3
 72
0
 73
1
 93
4
 10
66.967
 20
191.968
 10
67.317
 20
191.968
 10
67.317
 20
167.318
 10
66.967
 20
167.318
 97
0
 75
0
 76
1
 98
0
  0
HATCH
  5
2C3
330
17
100
AcDbEntity
  8
RASTER
 62
7
100
AcDbHatch
 10
0.0
 20
0.0
 30
0.0
210
0.0
220
0.0
230
1.0
  2
SOLID
 70
1
 71
0
 91
1
 92
3
 72
0
 73
1
 93
4
 10
66.967
 20
166.968
 10
67.317
 20
166.968
 10
67.317
 20
142.318
 10
66.967
 20
142.318
 97
0
 75
0
 76
1
 98
0
  0
HATCH
  5
2C4
330
17
100
AcDbEntity
  8
RASTER
 62
7
100
AcDbHatch
 10
0.0
 20
0.0
 30
0.0
210
0.0
220
0.0
230
1.0
  2
SOLID
 70
1
 71
0
 91
1
 92
3
 72
0
 73
1
 93
4
 10
41.967
 20
141.968
 10
42.317
 20
141.968
 10
42.317
 20
117.318
 10
41.967
 20
117.318
 97
0
 75
0
 76
1
 98
0
  0
HATCH
  5
2C5
330
17
100
AcDbEntity
  8
RASTER
 62
7
100
AcDbHatch
 10
0.0
 20
0.0
 30
0.0
210
0.0
220
0.0
230
1.0
  2
SOLID
 70
1
 71
0
 91
1
 92
3
 72
0
 73
1
 93
4
 10
66.967
 20
141.968
 10
67.317
 20
141.968
 10
67.317
 20
117.318
 10
66.967
 20
117.318
 97
0
 75
0
 76
1
 98
0
  0
HATCH
  5
2C6
330
17
100
AcDbEntity
  8
RASTER
 62
7
100
AcDbHatch
 10
0.0
 20
0.0
 30
0.0
210
0.0
220
0.0
230
1.0
  2
SOLID
 70
1
 71
0
 91
1
 92
3
 72
0
 73
1
 93
4
 10
41.967
 20
116.968
 10
42.317
 20
116.968
 10
42.317
 20
92.318
 10
41.967
 20
92.318
 97
0
 75
0
 76
1
 98
0
  0
HATCH
  5
2C7
330
17
100
AcDbEntity
  8
RASTER
 62
7
100
AcDbHatch
 10
0.0
 20
0.0
 30
0.0
210
0.0
220
0.0
230
1.0
  2
SOLID
 70
1
 71
0
 91
1
 92
3
 72
0
 73
1
 93
4
 10
66.967
 20
116.968
 10
67.317
 20
116.968
 10
67.317
 20
92.318
 10
66.967
 20
92.318
 97
0
 75
0
 76
1
 98
0
  0
HATCH
  5
2C8
330
17
100
AcDbEntity
  8
RASTER
 62
7
100
AcDbHatch
 10
0.0
 20
0.0
 30
0.0
210
0.0
220
0.0
230
1.0
  2
SOLID
 70
1
 71
0
 91
1
 92
3
 72
0
 73
1
 93
4
 10
66.967
 20
341.968
 10
67.317
 20
341.968
 10
67.317
 20
317.318
 10
66.967
 20
317.318
 97
0
 75
0
 76
1
 98
0
  0
HATCH
  5
2C9
330
17
100
AcDbEntity
  8
RASTER
 62
7
100
AcDbHatch
 10
0.0
 20
0.0
 30
0.0
210
0.0
220
0.0
230
1.0
  2
SOLID
 70
1
 71
0
 91
1
 92
3
 72
0
 73
1
 93
4
 10
91.967
 20
341.968
 10
92.317
 20
341.968
 10
92.317
 20
317.318
 10
91.967
 20
317.318
 97
0
 75
0
 76
1
 98
0
  0
HATCH
  5
2CA
330
17
100
AcDbEntity
  8
RASTER
 62
7
100
AcDbHatch
 10
0.0
 20
0.0
 30
0.0
210
0.0
220
0.0
230
1.0
  2
SOLID
 70
1
 71
0
 91
1
 92
3
 72
0
 73
1
 93
4
 10
91.967
 20
316.968
 10
92.317
 20
316.968
 10
92.317
 20
292.318
 10
91.967
 20
292.318
 97
0
 75
0
 76
1
 98
0
  0
HATCH
  5
2CB
330
17
100
AcDbEntity
  8
RASTER
 62
7
100
AcDbHatch
 10
0.0
 20
0.0
 30
0.0
210
0.0
220
0.0
230
1.0
  2
SOLID
 70
1
 71
0
 91
1
 92
3
 72
0
 73
1
 93
4
 10
91.967
 20
291.968
 10
92.317
 20
291.968
 10
92.317
 20
267.318
 10
91.967
 20
267.318
 97
0
 75
0
 76
1
 98
0
  0
HATCH
  5
2CC
330
17
100
AcDbEntity
  8
RASTER
 62
7
100
AcDbHatch
 10
0.0
 20
0.0
 30
0.0
210
0.0
220
0.0
230
1.0
  2
SOLID
 70
1
 71
0
 91
1
 92
3
 72
0
 73
1
 93
4
 10
91.967
 20
266.968
 10
92.317
 20
266.968
 10
92.317
 20
242.318
 10
91.967
 20
242.318
 97
0
 75
0
 76
1
 98
0
  0
HATCH
  5
2CD
330
17
100
AcDbEntity
  8
RASTER
 62
7
100
AcDbHatch
 10
0.0
 20
0.0
 30
0.0
210
0.0
220
0.0
230
1.0
  2
SOLID
 70
1
 71
0
 91
1
 92
3
 72
0
 73
1
 93
4
 10
91.967
 20
241.968
 10
92.317
 20
241.968
 10
92.317
 20
217.318
 10
91.967
 20
217.318
 97
0
 75
0
 76
1
 98
0
  0
HATCH
  5
2CE
330
17
100
AcDbEntity
  8
RASTER
 62
7
100
AcDbHatch
 10
0.0
 20
0.0
 30
0.0
210
0.0
220
0.0
230
1.0
  2
SOLID
 70
1
 71
0
 91
1
 92
3
 72
0
 73
1
 93
4
 10
91.967
 20
216.968
 10
92.317
 20
216.968
 10
92.317
 20
192.318
 10
91.967
 20
192.318
 97
0
 75
0
 76
1
 98
0
  0
HATCH
  5
2CF
330
17
100
AcDbEntity
  8
RASTER
 62
7
100
AcDbHatch
 10
0.0
 20
0.0
 30
0.0
210
0.0
220
0.0
230
1.0
  2
SOLID
 70
1
 71
0
 91
1
 92
3
 72
0
 73
1
 93
4
 10
91.967
 20
191.968
 10
92.317
 20
191.968
 10
92.317
 20
167.318
 10
91.967
 20
167.318
 97
0
 75
0
 76
1
 98
0
  0
HATCH
  5
2D0
330
17
100
AcDbEntity
  8
RASTER
 62
7
100
AcDbHatch
 10
0.0
 20
0.0
 30
0.0
210
0.0
220
0.0
230
1.0
  2
SOLID
 70
1
 71
0
 91
1
 92
3
 72
0
 73
1
 93
4
 10
91.967
 20
166.968
 10
92.317
 20
166.968
 10
92.317
 20
142.318
 10
91.967
 20
142.318
 97
0
 75
0
 76
1
 98
0
  0
HATCH
  5
2D1
330
17
100
AcDbEntity
  8
RASTER
 62
7
100
AcDbHatch
 10
0.0
 20
0.0
 30
0.0
210
0.0
220
0.0
230
1.0
  2
SOLID
 70
1
 71
0
 91
1
 92
3
 72
0
 73
1
 93
4
 10
91.967
 20
141.968
 10
92.317
 20
141.968
 10
92.317
 20
117.318
 10
91.967
 20
117.318
 97
0
 75
0
 76
1
 98
0
  0
HATCH
  5
2D2
330
17
100
AcDbEntity
  8
RASTER
 62
7
100
AcDbHatch
 10
0.0
 20
0.0
 30
0.0
210
0.0
220
0.0
230
1.0
  2
SOLID
 70
1
 71
0
 91
1
 92
3
 72
0
 73
1
 93
4
 10
91.967
 20
116.968
 10
92.317
 20
116.968
 10
92.317
 20
92.318
 10
91.967
 20
92.318
 97
0
 75
0
 76
1
 98
0
  0
HATCH
  5
2D3
330
17
100
AcDbEntity
  8
RASTER
 62
7
100
AcDbHatch
 10
0.0
 20
0.0
 30
0.0
210
0.0
220
0.0
230
1.0
  2
SOLID
 70
1
 71
0
 91
1
 92
3
 72
0
 73
1
 93
4
 10
66.967
 20
91.968
 10
67.317
 20
91.968
 10
67.317
 20
67.318
 10
66.967
 20
67.318
 97
0
 75
0
 76
1
 98
0
  0
HATCH
  5
2D4
330
17
100
AcDbEntity
  8
RASTER
 62
7
100
AcDbHatch
 10
0.0
 20
0.0
 30
0.0
210
0.0
220
0.0
230
1.0
  2
SOLID
 70
1
 71
0
 91
1
 92
3
 72
0
 73
1
 93
4
 10
91.967
 20
91.968
 10
92.317
 20
91.968
 10
92.317
 20
67.318
 10
91.967
 20
67.318
 97
0
 75
0
 76
1
 98
0
  0
HATCH
  5
2D5
330
17
100
AcDbEntity
  8
RASTER
 62
7
100
AcDbHatch
 10
0.0
 20
0.0
 30
0.0
210
0.0
220
0.0
230
1.0
  2
SOLID
 70
1
 71
0
 91
1
 92
3
 72
0
 73
1
 93
4
 10
91.967
 20
366.968
 10
92.317
 20
366.968
 10
92.317
 20
342.318
 10
91.967
 20
342.318
 97
0
 75
0
 76
1
 98
0
  0
HATCH
  5
2D6
330
17
100
AcDbEntity
  8
RASTER
 62
7
100
AcDbHatch
 10
0.0
 20
0.0
 30
0.0
210
0.0
220
0.0
230
1.0
  2
SOLID
 70
1
 71
0
 91
1
 92
3
 72
0
 73
1
 93
4
 10
116.967
 20
366.968
 10
117.317
 20
366.968
 10
117.317
 20
342.318
 10
116.967
 20
342.318
 97
0
 75
0
 76
1
 98
0
  0
HATCH
  5
2D7
330
17
100
AcDbEntity
  8
RASTER
 62
7
100
AcDbHatch
 10
0.0
 20
0.0
 30
0.0
210
0.0
220
0.0
230
1.0
  2
SOLID
 70
1
 71
0
 91
1
 92
3
 72
0
 73
1
 93
4
 10
116.967
 20
341.968
 10
117.317
 20
341.968
 10
117.317
 20
317.318
 10
116.967
 20
317.318
 97
0
 75
0
 76
1
 98
0
  0
HATCH
  5
2D8
330
17
100
AcDbEntity
  8
RASTER
 62
7
100
AcDbHatch
 10
0.0
 20
0.0
 30
0.0
210
0.0
220
0.0
230
1.0
  2
SOLID
 70
1
 71
0
 91
1
 92
3
 72
0
 73
1
 93
4
 10
116.967
 20
316.968
 10
117.317
 20
316.968
 10
117.317
 20
292.318
 10
116.967
 20
292.318
 97
0
 75
0
 76
1
 98
0
  0
HATCH
  5
2D9
330
17
100
AcDbEntity
  8
RASTER
 62
7
100
AcDbHatch
 10
0.0
 20
0.0
 30
0.0
210
0.0
220
0.0
230
1.0
  2
SOLID
 70
1
 71
0
 91
1
 92
3
 72
0
 73
1
 93
4
 10
116.967
 20
291.968
 10
117.317
 20
291.968
 10
117.317
 20
267.318
 10
116.967
 20
267.318
 97
0
 75
0
 76
1
 98
0
  0
HATCH
  5
2DA
330
17
100
AcDbEntity
  8
RASTER
 62
7
100
AcDbHatch
 10
0.0
 20
0.0
 30
0.0
210
0.0
220
0.0
230
1.0
  2
SOLID
 70
1
 71
0
 91
1
 92
3
 72
0
 73
1
 93
4
 10
116.967
 20
266.968
 10
117.317
 20
266.968
 10
117.317
 20
242.318
 10
116.967
 20
242.318
 97
0
 75
0
 76
1
 98
0
  0
HATCH
  5
2DB
330
17
100
AcDbEntity
  8
RASTER
 62
7
100
AcDbHatch
 10
0.0
 20
0.0
 30
0.0
210
0.0
220
0.0
230
1.0
  2
SOLID
 70
1
 71
0
 91
1
 92
3
 72
0
 73
1
 93
4
 10
116.967
 20
241.968
 10
117.317
 20
241.968
 10
117.317
 20
217.318
 10
116.967
 20
217.318
 97
0
 75
0
 76
1
 98
0
  0
HATCH
  5
2DC
330
17
100
AcDbEntity
  8
RASTER
 62
7
100
AcDbHatch
 10
0.0
 20
0.0
 30
0.0
210
0.0
220
0.0
230
1.0
  2
SOLID
 70
1
 71
0
 91
1
 92
3
 72
0
 73
1
 93
4
 10
116.967
 20
216.968
 10
117.317
 20
216.968
 10
117.317
 20
192.318
 10
116.967
 20
192.318
 97
0
 75
0
 76
1
 98
0
  0
HATCH
  5
2DD
330
17
100
AcDbEntity
  8
RASTER
 62
7
100
AcDbHatch
 10
0.0
 20
0.0
 30
0.0
210
0.0
220
0.0
230
1.0
  2
SOLID
 70
1
 71
0
 91
1
 92
3
 72
0
 73
1
 93
4
 10
116.967
 20
191.968
 10
117.317
 20
191.968
 10
117.317
 20
167.318
 10
116.967
 20
167.318
 97
0
 75
0
 76
1
 98
0
  0
HATCH
  5
2DE
330
17
100
AcDbEntity
  8
RASTER
 62
7
100
AcDbHatch
 10
0.0
 20
0.0
 30
0.0
210
0.0
220
0.0
230
1.0
  2
SOLID
 70
1
 71
0
 91
1
 92
3
 72
0
 73
1
 93
4
 10
116.967
 20
166.968
 10
117.317
 20
166.968
 10
117.317
 20
142.318
 10
116.967
 20
142.318
 97
0
 75
0
 76
1
 98
0
  0
HATCH
  5
2DF
330
17
100
AcDbEntity
  8
RASTER
 62
7
100
AcDbHatch
 10
0.0
 20
0.0
 30
0.0
210
0.0
220
0.0
230
1.0
  2
SOLID
 70
1
 71
0
 91
1
 92
3
 72
0
 73
1
 93
4
 10
116.967
 20
141.968
 10
117.317
 20
141.968
 10
117.317
 20
117.318
 10
116.967
 20
117.318
 97
0
 75
0
 76
1
 98
0
  0
HATCH
  5
2E0
330
17
100
AcDbEntity
  8
RASTER
 62
7
100
AcDbHatch
 10
0.0
 20
0.0
 30
0.0
210
0.0
220
0.0
230
1.0
  2
SOLID
 70
1
 71
0
 91
1
 92
3
 72
0
 73
1
 93
4
 10
116.967
 20
116.968
 10
117.317
 20
116.968
 10
117.317
 20
92.318
 10
116.967
 20
92.318
 97
0
 75
0
 76
1
 98
0
  0
HATCH
  5
2E1
330
17
100
AcDbEntity
  8
RASTER
 62
7
100
AcDbHatch
 10
0.0
 20
0.0
 30
0.0
210
0.0
220
0.0
230
1.0
  2
SOLID
 70
1
 71
0
 91
1
 92
3
 72
0
 73
1
 93
4
 10
116.967
 20
91.968
 10
117.317
 20
91.968
 10
117.317
 20
67.318
 10
116.967
 20
67.318
 97
0
 75
0
 76
1
 98
0
  0
HATCH
  5
2E2
330
17
100
AcDbEntity
  8
RASTER
 62
7
100
AcDbHatch
 10
0.0
 20
0.0
 30
0.0
210
0.0
220
0.0
230
1.0
  2
SOLID
 70
1
 71
0
 91
1
 92
3
 72
0
 73
1
 93
4
 10
91.967
 20
66.968
 10
92.317
 20
66.968
 10
92.317
 20
42.318
 10
91.967
 20
42.318
 97
0
 75
0
 76
1
 98
0
  0
HATCH
  5
2E3
330
17
100
AcDbEntity
  8
RASTER
 62
7
100
AcDbHatch
 10
0.0
 20
0.0
 30
0.0
210
0.0
220
0.0
230
1.0
  2
SOLID
 70
1
 71
0
 91
1
 92
3
 72
0
 73
1
 93
4
 10
116.967
 20
66.968
 10
117.317
 20
66.968
 10
117.317
 20
42.318
 10
116.967
 20
42.318
 97
0
 75
0
 76
1
 98
0
  0
HATCH
  5
2E4
330
17
100
AcDbEntity
  8
RASTER
 62
7
100
AcDbHatch
 10
0.0
 20
0.0
 30
0.0
210
0.0
220
0.0
230
1.0
  2
SOLID
 70
1
 71
0
 91
1
 92
3
 72
0
 73
1
 93
4
 10
141.967
 20
366.968
 10
142.317
 20
366.968
 10
142.317
 20
342.318
 10
141.967
 20
342.318
 97
0
 75
0
 76
1
 98
0
  0
HATCH
  5
2E5
330
17
100
AcDbEntity
  8
RASTER
 62
7
100
AcDbHatch
 10
0.0
 20
0.0
 30
0.0
210
0.0
220
0.0
230
1.0
  2
SOLID
 70
1
 71
0
 91
1
 92
3
 72
0
 73
1
 93
4
 10
141.967
 20
341.968
 10
142.317
 20
341.968
 10
142.317
 20
317.318
 10
141.967
 20
317.318
 97
0
 75
0
 76
1
 98
0
  0
HATCH
  5
2E6
330
17
100
AcDbEntity
  8
RASTER
 62
7
100
AcDbHatch
 10
0.0
 20
0.0
 30
0.0
210
0.0
220
0.0
230
1.0
  2
SOLID
 70
1
 71
0
 91
1
 92
3
 72
0
 73
1
 93
4
 10
141.967
 20
316.968
 10
142.317
 20
316.968
 10
142.317
 20
292.318
 10
141.967
 20
292.318
 97
0
 75
0
 76
1
 98
0
  0
HATCH
  5
2E7
330
17
100
AcDbEntity
  8
RASTER
 62
7
100
AcDbHatch
 10
0.0
 20
0.0
 30
0.0
210
0.0
220
0.0
230
1.0
  2
SOLID
 70
1
 71
0
 91
1
 92
3
 72
0
 73
1
 93
4
 10
141.967
 20
291.968
 10
142.317
 20
291.968
 10
142.317
 20
267.318
 10
141.967
 20
267.318
 97
0
 75
0
 76
1
 98
0
  0
HATCH
  5
2E8
330
17
100
AcDbEntity
  8
RASTER
 62
7
100
AcDbHatch
 10
0.0
 20
0.0
 30
0.0
210
0.0
220
0.0
230
1.0
  2
SOLID
 70
1
 71
0
 91
1
 92
3
 72
0
 73
1
 93
4
 10
141.967
 20
266.968
 10
142.317
 20
266.968
 10
142.317
 20
242.318
 10
141.967
 20
242.318
 97
0
 75
0
 76
1
 98
0
  0
HATCH
  5
2E9
330
17
100
AcDbEntity
  8
RASTER
 62
7
100
AcDbHatch
 10
0.0
 20
0.0
 30
0.0
210
0.0
220
0.0
230
1.0
  2
SOLID
 70
1
 71
0
 91
1
 92
3
 72
0
 73
1
 93
4
 10
141.967
 20
241.968
 10
142.317
 20
241.968
 10
142.317
 20
217.318
 10
141.967
 20
217.318
 97
0
 75
0
 76
1
 98
0
  0
HATCH
  5
2EA
330
17
100
AcDbEntity
  8
RASTER
 62
7
100
AcDbHatch
 10
0.0
 20
0.0
 30
0.0
210
0.0
220
0.0
230
1.0
  2
SOLID
 70
1
 71
0
 91
1
 92
3
 72
0
 73
1
 93
4
 10
141.967
 20
216.968
 10
142.317
 20
216.968
 10
142.317
 20
192.318
 10
141.967
 20
192.318
 97
0
 75
0
 76
1
 98
0
  0
HATCH
  5
2EB
330
17
100
AcDbEntity
  8
RASTER
 62
7
100
AcDbHatch
 10
0.0
 20
0.0
 30
0.0
210
0.0
220
0.0
230
1.0
  2
SOLID
 70
1
 71
0
 91
1
 92
3
 72
0
 73
1
 93
4
 10
141.967
 20
191.968
 10
142.317
 20
191.968
 10
142.317
 20
167.318
 10
141.967
 20
167.318
 97
0
 75
0
 76
1
 98
0
  0
HATCH
  5
2EC
330
17
100
AcDbEntity
  8
RASTER
 62
7
100
AcDbHatch
 10
0.0
 20
0.0
 30
0.0
210
0.0
220
0.0
230
1.0
  2
SOLID
 70
1
 71
0
 91
1
 92
3
 72
0
 73
1
 93
4
 10
141.967
 20
166.968
 10
142.317
 20
166.968
 10
142.317
 20
142.318
 10
141.967
 20
142.318
 97
0
 75
0
 76
1
 98
0
  0
HATCH
  5
2ED
330
17
100
AcDbEntity
  8
RASTER
 62
7
100
AcDbHatch
 10
0.0
 20
0.0
 30
0.0
210
0.0
220
0.0
230
1.0
  2
SOLID
 70
1
 71
0
 91
1
 92
3
 72
0
 73
1
 93
4
 10
141.967
 20
141.968
 10
142.317
 20
141.968
 10
142.317
 20
117.318
 10
141.967
 20
117.318
 97
0
 75
0
 76
1
 98
0
  0
HATCH
  5
2EE
330
17
100
AcDbEntity
  8
RASTER
 62
7
100
AcDbHatch
 10
0.0
 20
0.0
 30
0.0
210
0.0
220
0.0
230
1.0
  2
SOLID
 70
1
 71
0
 91
1
 92
3
 72
0
 73
1
 93
4
 10
141.967
 20
116.968
 10
142.317
 20
116.968
 10
142.317
 20
92.318
 10
141.967
 20
92.318
 97
0
 75
0
 76
1
 98
0
  0
HATCH
  5
2EF
330
17
100
AcDbEntity
  8
RASTER
 62
7
100
AcDbHatch
 10
0.0
 20
0.0
 30
0.0
210
0.0
220
0.0
230
1.0
  2
SOLID
 70
1
 71
0
 91
1
 92
3
 72
0
 73
1
 93
4
 10
141.967
 20
91.968
 10
142.317
 20
91.968
 10
142.317
 20
67.318
 10
141.967
 20
67.318
 97
0
 75
0
 76
1
 98
0
  0
HATCH
  5
2F0
330
17
100
AcDbEntity
  8
RASTER
 62
7
100
AcDbHatch
 10
0.0
 20
0.0
 30
0.0
210
0.0
220
0.0
230
1.0
  2
SOLID
 70
1
 71
0
 91
1
 92
3
 72
0
 73
1
 93
4
 10
141.967
 20
66.968
 10
142.317
 20
66.968
 10
142.317
 20
42.318
 10
141.967
 20
42.318
 97
0
 75
0
 76
1
 98
0
  0
HATCH
  5
2F1
330
17
100
AcDbEntity
  8
RASTER
 62
7
100
AcDbHatch
 10
0.0
 20
0.0
 30
0.0
210
0.0
220
0.0
230
1.0
  2
SOLID
 70
1
 71
0
 91
1
 92
3
 72
0
 73
1
 93
4
 10
141.967
 20
391.968
 10
142.317
 20
391.968
 10
142.317
 20
367.318
 10
141.967
 20
367.318
 97
0
 75
0
 76
1
 98
0
  0
HATCH
  5
2F2
330
17
100
AcDbEntity
  8
RASTER
 62
7
100
AcDbHatch
 10
0.0
 20
0.0
 30
0.0
210
0.0
220
0.0
230
1.0
  2
SOLID
 70
1
 71
0
 91
1
 92
3
 72
0
 73
1
 93
4
 10
166.967
 20
391.968
 10
167.317
 20
391.968
 10
167.317
 20
367.318
 10
166.967
 20
367.318
 97
0
 75
0
 76
1
 98
0
  0
HATCH
  5
2F3
330
17
100
AcDbEntity
  8
RASTER
 62
7
100
AcDbHatch
 10
0.0
 20
0.0
 30
0.0
210
0.0
220
0.0
230
1.0
  2
SOLID
 70
1
 71
0
 91
1
 92
3
 72
0
 73
1
 93
4
 10
166.967
 20
366.968
 10
167.317
 20
366.968
 10
167.317
 20
342.318
 10
166.967
 20
342.318
 97
0
 75
0
 76
1
 98
0
  0
HATCH
  5
2F4
330
17
100
AcDbEntity
  8
RASTER
 62
7
100
AcDbHatch
 10
0.0
 20
0.0
 30
0.0
210
0.0
220
0.0
230
1.0
  2
SOLID
 70
1
 71
0
 91
1
 92
3
 72
0
 73
1
 93
4
 10
166.967
 20
341.968
 10
167.317
 20
341.968
 10
167.317
 20
317.318
 10
166.967
 20
317.318
 97
0
 75
0
 76
1
 98
0
  0
HATCH
  5
2F5
330
17
100
AcDbEntity
  8
RASTER
 62
7
100
AcDbHatch
 10
0.0
 20
0.0
 30
0.0
210
0.0
220
0.0
230
1.0
  2
SOLID
 70
1
 71
0
 91
1
 92
3
 72
0
 73
1
 93
4
 10
166.967
 20
316.968
 10
167.317
 20
316.968
 10
167.317
 20
292.318
 10
166.967
 20
292.318
 97
0
 75
0
 76
1
 98
0
  0
HATCH
  5
2F6
330
17
100
AcDbEntity
  8
RASTER
 62
7
100
AcDbHatch
 10
0.0
 20
0.0
 30
0.0
210
0.0
220
0.0
230
1.0
  2
SOLID
 70
1
 71
0
 91
1
 92
3
 72
0
 73
1
 93
4
 10
166.967
 20
291.968
 10
167.317
 20
291.968
 10
167.317
 20
267.318
 10
166.967
 20
267.318
 97
0
 75
0
 76
1
 98
0
  0
HATCH
  5
2F7
330
17
100
AcDbEntity
  8
RASTER
 62
7
100
AcDbHatch
 10
0.0
 20
0.0
 30
0.0
210
0.0
220
0.0
230
1.0
  2
SOLID
 70
1
 71
0
 91
1
 92
3
 72
0
 73
1
 93
4
 10
166.967
 20
266.968
 10
167.317
 20
266.968
 10
167.317
 20
242.318
 10
166.967
 20
242.318
 97
0
 75
0
 76
1
 98
0
  0
HATCH
  5
2F8
330
17
100
AcDbEntity
  8
RASTER
 62
7
100
AcDbHatch
 10
0.0
 20
0.0
 30
0.0
210
0.0
220
0.0
230
1.0
  2
SOLID
 70
1
 71
0
 91
1
 92
3
 72
0
 73
1
 93
4
 10
166.967
 20
241.968
 10
167.317
 20
241.968
 10
167.317
 20
217.318
 10
166.967
 20
217.318
 97
0
 75
0
 76
1
 98
0
  0
HATCH
  5
2F9
330
17
100
AcDbEntity
  8
RASTER
 62
7
100
AcDbHatch
 10
0.0
 20
0.0
 30
0.0
210
0.0
220
0.0
230
1.0
  2
SOLID
 70
1
 71
0
 91
1
 92
3
 72
0
 73
1
 93
4
 10
166.967
 20
216.968
 10
167.317
 20
216.968
 10
167.317
 20
192.318
 10
166.967
 20
192.318
 97
0
 75
0
 76
1
 98
0
  0
HATCH
  5
2FA
330
17
100
AcDbEntity
  8
RASTER
 62
7
100
AcDbHatch
 10
0.0
 20
0.0
 30
0.0
210
0.0
220
0.0
230
1.0
  2
SOLID
 70
1
 71
0
 91
1
 92
3
 72
0
 73
1
 93
4
 10
166.967
 20
191.968
 10
167.317
 20
191.968
 10
167.317
 20
167.318
 10
166.967
 20
167.318
 97
0
 75
0
 76
1
 98
0
  0
HATCH
  5
2FB
330
17
100
AcDbEntity
  8
RASTER
 62
7
100
AcDbHatch
 10
0.0
 20
0.0
 30
0.0
210
0.0
220
0.0
230
1.0
  2
SOLID
 70
1
 71
0
 91
1
 92
3
 72
0
 73
1
 93
4
 10
166.967
 20
166.968
 10
167.317
 20
166.968
 10
167.317
 20
142.318
 10
166.967
 20
142.318
 97
0
 75
0
 76
1
 98
0
  0
HATCH
  5
2FC
330
17
100
AcDbEntity
  8
RASTER
 62
7
100
AcDbHatch
 10
0.0
 20
0.0
 30
0.0
210
0.0
220
0.0
230
1.0
  2
SOLID
 70
1
 71
0
 91
1
 92
3
 72
0
 73
1
 93
4
 10
166.967
 20
141.968
 10
167.317
 20
141.968
 10
167.317
 20
117.318
 10
166.967
 20
117.318
 97
0
 75
0
 76
1
 98
0
  0
HATCH
  5
2FD
330
17
100
AcDbEntity
  8
RASTER
 62
7
100
AcDbHatch
 10
0.0
 20
0.0
 30
0.0
210
0.0
220
0.0
230
1.0
  2
SOLID
 70
1
 71
0
 91
1
 92
3
 72
0
 73
1
 93
4
 10
166.967
 20
116.968
 10
167.317
 20
116.968
 10
167.317
 20
92.318
 10
166.967
 20
92.318
 97
0
 75
0
 76
1
 98
0
  0
HATCH
  5
2FE
330
17
100
AcDbEntity
  8
RASTER
 62
7
100
AcDbHatch
 10
0.0
 20
0.0
 30
0.0
210
0.0
220
0.0
230
1.0
  2
SOLID
 70
1
 71
0
 91
1
 92
3
 72
0
 73
1
 93
4
 10
166.967
 20
91.968
 10
167.317
 20
91.968
 10
167.317
 20
67.318
 10
166.967
 20
67.318
 97
0
 75
0
 76
1
 98
0
  0
HATCH
  5
2FF
330
17
100
AcDbEntity
  8
RASTER
 62
7
100
AcDbHatch
 10
0.0
 20
0.0
 30
0.0
210
0.0
220
0.0
230
1.0
  2
SOLID
 70
1
 71
0
 91
1
 92
3
 72
0
 73
1
 93
4
 10
166.967
 20
66.968
 10
167.317
 20
66.968
 10
167.317
 20
42.318
 10
166.967
 20
42.318
 97
0
 75
0
 76
1
 98
0
  0
HATCH
  5
300
330
17
100
AcDbEntity
  8
RASTER
 62
7
100
AcDbHatch
 10
0.0
 20
0.0
 30
0.0
210
0.0
220
0.0
230
1.0
  2
SOLID
 70
1
 71
0
 91
1
 92
3
 72
0
 73
1
 93
4
 10
141.967
 20
41.968
 10
142.317
 20
41.968
 10
142.317
 20
17.318
 10
141.967
 20
17.318
 97
0
 75
0
 76
1
 98
0
  0
HATCH
  5
301
330
17
100
AcDbEntity
  8
RASTER
 62
7
100
AcDbHatch
 10
0.0
 20
0.0
 30
0.0
210
0.0
220
0.0
230
1.0
  2
SOLID
 70
1
 71
0
 91
1
 92
3
 72
0
 73
1
 93
4
 10
166.967
 20
41.968
 10
167.317
 20
41.968
 10
167.317
 20
17.318
 10
166.967
 20
17.318
 97
0
 75
0
 76
1
 98
0
  0
HATCH
  5
302
330
17
100
AcDbEntity
  8
RASTER
 62
7
100
AcDbHatch
 10
0.0
 20
0.0
 30
0.0
210
0.0
220
0.0
230
1.0
  2
SOLID
 70
1
 71
0
 91
1
 92
3
 72
0
 73
1
 93
4
 10
191.967
 20
391.968
 10
192.317
 20
391.968
 10
192.317
 20
367.318
 10
191.967
 20
367.318
 97
0
 75
0
 76
1
 98
0
  0
HATCH
  5
303
330
17
100
AcDbEntity
  8
RASTER
 62
7
100
AcDbHatch
 10
0.0
 20
0.0
 30
0.0
210
0.0
220
0.0
230
1.0
  2
SOLID
 70
1
 71
0
 91
1
 92
3
 72
0
 73
1
 93
4
 10
191.967
 20
366.968
 10
192.317
 20
366.968
 10
192.317
 20
342.318
 10
191.967
 20
342.318
 97
0
 75
0
 76
1
 98
0
  0
HATCH
  5
304
330
17
100
AcDbEntity
  8
RASTER
 62
7
100
AcDbHatch
 10
0.0
 20
0.0
 30
0.0
210
0.0
220
0.0
230
1.0
  2
SOLID
 70
1
 71
0
 91
1
 92
3
 72
0
 73
1
 93
4
 10
191.967
 20
341.968
 10
192.317
 20
341.968
 10
192.317
 20
317.318
 10
191.967
 20
317.318
 97
0
 75
0
 76
1
 98
0
  0
HATCH
  5
305
330
17
100
AcDbEntity
  8
RASTER
 62
7
100
AcDbHatch
 10
0.0
 20
0.0
 30
0.0
210
0.0
220
0.0
230
1.0
  2
SOLID
 70
1
 71
0
 91
1
 92
3
 72
0
 73
1
 93
4
 10
191.967
 20
316.968
 10
192.317
 20
316.968
 10
192.317
 20
292.318
 10
191.967
 20
292.318
 97
0
 75
0
 76
1
 98
0
  0
HATCH
  5
306
330
17
100
AcDbEntity
  8
RASTER
 62
7
100
AcDbHatch
 10
0.0
 20
0.0
 30
0.0
210
0.0
220
0.0
230
1.0
  2
SOLID
 70
1
 71
0
 91
1
 92
3
 72
0
 73
1
 93
4
 10
191.967
 20
291.968
 10
192.317
 20
291.968
 10
192.317
 20
267.318
 10
191.967
 20
267.318
 97
0
 75
0
 76
1
 98
0
  0
HATCH
  5
307
330
17
100
AcDbEntity
  8
RASTER
 62
7
100
AcDbHatch
 10
0.0
 20
0.0
 30
0.0
210
0.0
220
0.0
230
1.0
  2
SOLID
 70
1
 71
0
 91
1
 92
3
 72
0
 73
1
 93
4
 10
191.967
 20
266.968
 10
192.317
 20
266.968
 10
192.317
 20
242.318
 10
191.967
 20
242.318
 97
0
 75
0
 76
1
 98
0
  0
HATCH
  5
308
330
17
100
AcDbEntity
  8
RASTER
 62
7
100
AcDbHatch
 10
0.0
 20
0.0
 30
0.0
210
0.0
220
0.0
230
1.0
  2
SOLID
 70
1
 71
0
 91
1
 92
3
 72
0
 73
1
 93
4
 10
191.967
 20
241.968
 10
192.317
 20
241.968
 10
192.317
 20
217.318
 10
191.967
 20
217.318
 97
0
 75
0
 76
1
 98
0
  0
HATCH
  5
309
330
17
100
AcDbEntity
  8
RASTER
 62
7
100
AcDbHatch
 10
0.0
 20
0.0
 30
0.0
210
0.0
220
0.0
230
1.0
  2
SOLID
 70
1
 71
0
 91
1
 92
3
 72
0
 73
1
 93
4
 10
191.967
 20
216.968
 10
192.317
 20
216.968
 10
192.317
 20
192.318
 10
191.967
 20
192.318
 97
0
 75
0
 76
1
 98
0
  0
HATCH
  5
30A
330
17
100
AcDbEntity
  8
RASTER
 62
7
100
AcDbHatch
 10
0.0
 20
0.0
 30
0.0
210
0.0
220
0.0
230
1.0
  2
SOLID
 70
1
 71
0
 91
1
 92
3
 72
0
 73
1
 93
4
 10
191.967
 20
191.968
 10
192.317
 20
191.968
 10
192.317
 20
167.318
 10
191.967
 20
167.318
 97
0
 75
0
 76
1
 98
0
  0
HATCH
  5
30B
330
17
100
AcDbEntity
  8
RASTER
 62
7
100
AcDbHatch
 10
0.0
 20
0.0
 30
0.0
210
0.0
220
0.0
230
1.0
  2
SOLID
 70
1
 71
0
 91
1
 92
3
 72
0
 73
1
 93
4
 10
191.967
 20
166.968
 10
192.317
 20
166.968
 10
192.317
 20
142.318
 10
191.967
 20
142.318
 97
0
 75
0
 76
1
 98
0
  0
HATCH
  5
30C
330
17
100
AcDbEntity
  8
RASTER
 62
7
100
AcDbHatch
 10
0.0
 20
0.0
 30
0.0
210
0.0
220
0.0
230
1.0
  2
SOLID
 70
1
 71
0
 91
1
 92
3
 72
0
 73
1
 93
4
 10
191.967
 20
141.968
 10
192.317
 20
141.968
 10
192.317
 20
117.318
 10
191.967
 20
117.318
 97
0
 75
0
 76
1
 98
0
  0
HATCH
  5
30D
330
17
100
AcDbEntity
  8
RASTER
 62
7
100
AcDbHatch
 10
0.0
 20
0.0
 30
0.0
210
0.0
220
0.0
230
1.0
  2
SOLID
 70
1
 71
0
 91
1
 92
3
 72
0
 73
1
 93
4
 10
191.967
 20
116.968
 10
192.317
 20
116.968
 10
192.317
 20
92.318
 10
191.967
 20
92.318
 97
0
 75
0
 76
1
 98
0
  0
HATCH
  5
30E
330
17
100
AcDbEntity
  8
RASTER
 62
7
100
AcDbHatch
 10
0.0
 20
0.0
 30
0.0
210
0.0
220
0.0
230
1.0
  2
SOLID
 70
1
 71
0
 91
1
 92
3
 72
0
 73
1
 93
4
 10
191.967
 20
91.968
 10
192.317
 20
91.968
 10
192.317
 20
67.318
 10
191.967
 20
67.318
 97
0
 75
0
 76
1
 98
0
  0
HATCH
  5
30F
330
17
100
AcDbEntity
  8
RASTER
 62
7
100
AcDbHatch
 10
0.0
 20
0.0
 30
0.0
210
0.0
220
0.0
230
1.0
  2
SOLID
 70
1
 71
0
 91
1
 92
3
 72
0
 73
1
 93
4
 10
191.967
 20
66.968
 10
192.317
 20
66.968
 10
192.317
 20
42.318
 10
191.967
 20
42.318
 97
0
 75
0
 76
1
 98
0
  0
HATCH
  5
310
330
17
100
AcDbEntity
  8
RASTER
 62
7
100
AcDbHatch
 10
0.0
 20
0.0
 30
0.0
210
0.0
220
0.0
230
1.0
  2
SOLID
 70
1
 71
0
 91
1
 92
3
 72
0
 73
1
 93
4
 10
191.967
 20
41.968
 10
192.317
 20
41.968
 10
192.317
 20
17.318
 10
191.967
 20
17.318
 97
0
 75
0
 76
1
 98
0
  0
HATCH
  5
311
330
17
100
AcDbEntity
  8
RASTER
 62
7
100
AcDbHatch
 10
0.0
 20
0.0
 30
0.0
210
0.0
220
0.0
230
1.0
  2
SOLID
 70
1
 71
0
 91
1
 92
3
 72
0
 73
1
 93
4
 10
216.967
 20
391.968
 10
217.317
 20
391.968
 10
217.317
 20
367.318
 10
216.967
 20
367.318
 97
0
 75
0
 76
1
 98
0
  0
HATCH
  5
312
330
17
100
AcDbEntity
  8
RASTER
 62
7
100
AcDbHatch
 10
0.0
 20
0.0
 30
0.0
210
0.0
220
0.0
230
1.0
  2
SOLID
 70
1
 71
0
 91
1
 92
3
 72
0
 73
1
 93
4
 10
216.967
 20
366.968
 10
217.317
 20
366.968
 10
217.317
 20
342.318
 10
216.967
 20
342.318
 97
0
 75
0
 76
1
 98
0
  0
HATCH
  5
313
330
17
100
AcDbEntity
  8
RASTER
 62
7
100
AcDbHatch
 10
0.0
 20
0.0
 30
0.0
210
0.0
220
0.0
230
1.0
  2
SOLID
 70
1
 71
0
 91
1
 92
3
 72
0
 73
1
 93
4
 10
216.967
 20
341.968
 10
217.317
 20
341.968
 10
217.317
 20
317.318
 10
216.967
 20
317.318
 97
0
 75
0
 76
1
 98
0
  0
HATCH
  5
314
330
17
100
AcDbEntity
  8
RASTER
 62
7
100
AcDbHatch
 10
0.0
 20
0.0
 30
0.0
210
0.0
220
0.0
230
1.0
  2
SOLID
 70
1
 71
0
 91
1
 92
3
 72
0
 73
1
 93
4
 10
216.967
 20
316.968
 10
217.317
 20
316.968
 10
217.317
 20
292.318
 10
216.967
 20
292.318
 97
0
 75
0
 76
1
 98
0
  0
HATCH
  5
315
330
17
100
AcDbEntity
  8
RASTER
 62
7
100
AcDbHatch
 10
0.0
 20
0.0
 30
0.0
210
0.0
220
0.0
230
1.0
  2
SOLID
 70
1
 71
0
 91
1
 92
3
 72
0
 73
1
 93
4
 10
216.967
 20
291.968
 10
217.317
 20
291.968
 10
217.317
 20
267.318
 10
216.967
 20
267.318
 97
0
 75
0
 76
1
 98
0
  0
HATCH
  5
316
330
17
100
AcDbEntity
  8
RASTER
 62
7
100
AcDbHatch
 10
0.0
 20
0.0
 30
0.0
210
0.0
220
0.0
230
1.0
  2
SOLID
 70
1
 71
0
 91
1
 92
3
 72
0
 73
1
 93
4
 10
216.967
 20
266.968
 10
217.317
 20
266.968
 10
217.317
 20
242.318
 10
216.967
 20
242.318
 97
0
 75
0
 76
1
 98
0
  0
HATCH
  5
317
330
17
100
AcDbEntity
  8
RASTER
 62
7
100
AcDbHatch
 10
0.0
 20
0.0
 30
0.0
210
0.0
220
0.0
230
1.0
  2
SOLID
 70
1
 71
0
 91
1
 92
3
 72
0
 73
1
 93
4
 10
216.967
 20
241.968
 10
217.317
 20
241.968
 10
217.317
 20
217.318
 10
216.967
 20
217.318
 97
0
 75
0
 76
1
 98
0
  0
HATCH
  5
318
330
17
100
AcDbEntity
  8
RASTER
 62
7
100
AcDbHatch
 10
0.0
 20
0.0
 30
0.0
210
0.0
220
0.0
230
1.0
  2
SOLID
 70
1
 71
0
 91
1
 92
3
 72
0
 73
1
 93
4
 10
216.967
 20
216.968
 10
217.317
 20
216.968
 10
217.317
 20
192.318
 10
216.967
 20
192.318
 97
0
 75
0
 76
1
 98
0
  0
HATCH
  5
319
330
17
100
AcDbEntity
  8
RASTER
 62
7
100
AcDbHatch
 10
0.0
 20
0.0
 30
0.0
210
0.0
220
0.0
230
1.0
  2
SOLID
 70
1
 71
0
 91
1
 92
3
 72
0
 73
1
 93
4
 10
216.967
 20
191.968
 10
217.317
 20
191.968
 10
217.317
 20
167.318
 10
216.967
 20
167.318
 97
0
 75
0
 76
1
 98
0
  0
HATCH
  5
31A
330
17
100
AcDbEntity
  8
RASTER
 62
7
100
AcDbHatch
 10
0.0
 20
0.0
 30
0.0
210
0.0
220
0.0
230
1.0
  2
SOLID
 70
1
 71
0
 91
1
 92
3
 72
0
 73
1
 93
4
 10
216.967
 20
166.968
 10
217.317
 20
166.968
 10
217.317
 20
142.318
 10
216.967
 20
142.318
 97
0
 75
0
 76
1
 98
0
  0
HATCH
  5
31B
330
17
100
AcDbEntity
  8
RASTER
 62
7
100
AcDbHatch
 10
0.0
 20
0.0
 30
0.0
210
0.0
220
0.0
230
1.0
  2
SOLID
 70
1
 71
0
 91
1
 92
3
 72
0
 73
1
 93
4
 10
216.967
 20
141.968
 10
217.317
 20
141.968
 10
217.317
 20
117.318
 10
216.967
 20
117.318
 97
0
 75
0
 76
1
 98
0
  0
HATCH
  5
31C
330
17
100
AcDbEntity
  8
RASTER
 62
7
100
AcDbHatch
 10
0.0
 20
0.0
 30
0.0
210
0.0
220
0.0
230
1.0
  2
SOLID
 70
1
 71
0
 91
1
 92
3
 72
0
 73
1
 93
4
 10
216.967
 20
116.968
 10
217.317
 20
116.968
 10
217.317
 20
92.318
 10
216.967
 20
92.318
 97
0
 75
0
 76
1
 98
0
  0
HATCH
  5
31D
330
17
100
AcDbEntity
  8
RASTER
 62
7
100
AcDbHatch
 10
0.0
 20
0.0
 30
0.0
210
0.0
220
0.0
230
1.0
  2
SOLID
 70
1
 71
0
 91
1
 92
3
 72
0
 73
1
 93
4
 10
216.967
 20
91.968
 10
217.317
 20
91.968
 10
217.317
 20
67.318
 10
216.967
 20
67.318
 97
0
 75
0
 76
1
 98
0
  0
HATCH
  5
31E
330
17
100
AcDbEntity
  8
RASTER
 62
7
100
AcDbHatch
 10
0.0
 20
0.0
 30
0.0
210
0.0
220
0.0
230
1.0
  2
SOLID
 70
1
 71
0
 91
1
 92
3
 72
0
 73
1
 93
4
 10
216.967
 20
66.968
 10
217.317
 20
66.968
 10
217.317
 20
42.318
 10
216.967
 20
42.318
 97
0
 75
0
 76
1
 98
0
  0
HATCH
  5
31F
330
17
100
AcDbEntity
  8
RASTER
 62
7
100
AcDbHatch
 10
0.0
 20
0.0
 30
0.0
210
0.0
220
0.0
230
1.0
  2
SOLID
 70
1
 71
0
 91
1
 92
3
 72
0
 73
1
 93
4
 10
216.967
 20
41.968
 10
217.317
 20
41.968
 10
217.317
 20
17.318
 10
216.967
 20
17.318
 97
0
 75
0
 76
1
 98
0
  0
HATCH
  5
320
330
17
100
AcDbEntity
  8
RASTER
 62
7
100
AcDbHatch
 10
0.0
 20
0.0
 30
0.0
210
0.0
220
0.0
230
1.0
  2
SOLID
 70
1
 71
0
 91
1
 92
3
 72
0
 73
1
 93
4
 10
241.967
 20
391.968
 10
242.317
 20
391.968
 10
242.317
 20
367.318
 10
241.967
 20
367.318
 97
0
 75
0
 76
1
 98
0
  0
HATCH
  5
321
330
17
100
AcDbEntity
  8
RASTER
 62
7
100
AcDbHatch
 10
0.0
 20
0.0
 30
0.0
210
0.0
220
0.0
230
1.0
  2
SOLID
 70
1
 71
0
 91
1
 92
3
 72
0
 73
1
 93
4
 10
241.967
 20
366.968
 10
242.317
 20
366.968
 10
242.317
 20
342.318
 10
241.967
 20
342.318
 97
0
 75
0
 76
1
 98
0
  0
HATCH
  5
322
330
17
100
AcDbEntity
  8
RASTER
 62
7
100
AcDbHatch
 10
0.0
 20
0.0
 30
0.0
210
0.0
220
0.0
230
1.0
  2
SOLID
 70
1
 71
0
 91
1
 92
3
 72
0
 73
1
 93
4
 10
241.967
 20
341.968
 10
242.317
 20
341.968
 10
242.317
 20
317.318
 10
241.967
 20
317.318
 97
0
 75
0
 76
1
 98
0
  0
HATCH
  5
323
330
17
100
AcDbEntity
  8
RASTER
 62
7
100
AcDbHatch
 10
0.0
 20
0.0
 30
0.0
210
0.0
220
0.0
230
1.0
  2
SOLID
 70
1
 71
0
 91
1
 92
3
 72
0
 73
1
 93
4
 10
241.967
 20
316.968
 10
242.317
 20
316.968
 10
242.317
 20
292.318
 10
241.967
 20
292.318
 97
0
 75
0
 76
1
 98
0
  0
HATCH
  5
324
330
17
100
AcDbEntity
  8
RASTER
 62
7
100
AcDbHatch
 10
0.0
 20
0.0
 30
0.0
210
0.0
220
0.0
230
1.0
  2
SOLID
 70
1
 71
0
 91
1
 92
3
 72
0
 73
1
 93
4
 10
241.967
 20
291.968
 10
242.317
 20
291.968
 10
242.317
 20
267.318
 10
241.967
 20
267.318
 97
0
 75
0
 76
1
 98
0
  0
HATCH
  5
325
330
17
100
AcDbEntity
  8
RASTER
 62
7
100
AcDbHatch
 10
0.0
 20
0.0
 30
0.0
210
0.0
220
0.0
230
1.0
  2
SOLID
 70
1
 71
0
 91
1
 92
3
 72
0
 73
1
 93
4
 10
241.967
 20
266.968
 10
242.317
 20
266.968
 10
242.317
 20
242.318
 10
241.967
 20
242.318
 97
0
 75
0
 76
1
 98
0
  0
HATCH
  5
326
330
17
100
AcDbEntity
  8
RASTER
 62
7
100
AcDbHatch
 10
0.0
 20
0.0
 30
0.0
210
0.0
220
0.0
230
1.0
  2
SOLID
 70
1
 71
0
 91
1
 92
3
 72
0
 73
1
 93
4
 10
241.967
 20
241.968
 10
242.317
 20
241.968
 10
242.317
 20
217.318
 10
241.967
 20
217.318
 97
0
 75
0
 76
1
 98
0
  0
HATCH
  5
327
330
17
100
AcDbEntity
  8
RASTER
 62
7
100
AcDbHatch
 10
0.0
 20
0.0
 30
0.0
210
0.0
220
0.0
230
1.0
  2
SOLID
 70
1
 71
0
 91
1
 92
3
 72
0
 73
1
 93
4
 10
241.967
 20
216.968
 10
242.317
 20
216.968
 10
242.317
 20
192.318
 10
241.967
 20
192.318
 97
0
 75
0
 76
1
 98
0
  0
HATCH
  5
328
330
17
100
AcDbEntity
  8
RASTER
 62
7
100
AcDbHatch
 10
0.0
 20
0.0
 30
0.0
210
0.0
220
0.0
230
1.0
  2
SOLID
 70
1
 71
0
 91
1
 92
3
 72
0
 73
1
 93
4
 10
241.967
 20
191.968
 10
242.317
 20
191.968
 10
242.317
 20
167.318
 10
241.967
 20
167.318
 97
0
 75
0
 76
1
 98
0
  0
HATCH
  5
329
330
17
100
AcDbEntity
  8
RASTER
 62
7
100
AcDbHatch
 10
0.0
 20
0.0
 30
0.0
210
0.0
220
0.0
230
1.0
  2
SOLID
 70
1
 71
0
 91
1
 92
3
 72
0
 73
1
 93
4
 10
241.967
 20
166.968
 10
242.317
 20
166.968
 10
242.317
 20
142.318
 10
241.967
 20
142.318
 97
0
 75
0
 76
1
 98
0
  0
HATCH
  5
32A
330
17
100
AcDbEntity
  8
RASTER
 62
7
100
AcDbHatch
 10
0.0
 20
0.0
 30
0.0
210
0.0
220
0.0
230
1.0
  2
SOLID
 70
1
 71
0
 91
1
 92
3
 72
0
 73
1
 93
4
 10
241.967
 20
141.968
 10
242.317
 20
141.968
 10
242.317
 20
117.318
 10
241.967
 20
117.318
 97
0
 75
0
 76
1
 98
0
  0
HATCH
  5
32B
330
17
100
AcDbEntity
  8
RASTER
 62
7
100
AcDbHatch
 10
0.0
 20
0.0
 30
0.0
210
0.0
220
0.0
230
1.0
  2
SOLID
 70
1
 71
0
 91
1
 92
3
 72
0
 73
1
 93
4
 10
241.967
 20
116.968
 10
242.317
 20
116.968
 10
242.317
 20
92.318
 10
241.967
 20
92.318
 97
0
 75
0
 76
1
 98
0
  0
HATCH
  5
32C
330
17
100
AcDbEntity
  8
RASTER
 62
7
100
AcDbHatch
 10
0.0
 20
0.0
 30
0.0
210
0.0
220
0.0
230
1.0
  2
SOLID
 70
1
 71
0
 91
1
 92
3
 72
0
 73
1
 93
4
 10
241.967
 20
91.968
 10
242.317
 20
91.968
 10
242.317
 20
67.318
 10
241.967
 20
67.318
 97
0
 75
0
 76
1
 98
0
  0
HATCH
  5
32D
330
17
100
AcDbEntity
  8
RASTER
 62
7
100
AcDbHatch
 10
0.0
 20
0.0
 30
0.0
210
0.0
220
0.0
230
1.0
  2
SOLID
 70
1
 71
0
 91
1
 92
3
 72
0
 73
1
 93
4
 10
241.967
 20
66.968
 10
242.317
 20
66.968
 10
242.317
 20
42.318
 10
241.967
 20
42.318
 97
0
 75
0
 76
1
 98
0
  0
HATCH
  5
32E
330
17
100
AcDbEntity
  8
RASTER
 62
7
100
AcDbHatch
 10
0.0
 20
0.0
 30
0.0
210
0.0
220
0.0
230
1.0
  2
SOLID
 70
1
 71
0
 91
1
 92
3
 72
0
 73
1
 93
4
 10
241.967
 20
41.968
 10
242.317
 20
41.968
 10
242.317
 20
17.318
 10
241.967
 20
17.318
 97
0
 75
0
 76
1
 98
0
  0
HATCH
  5
32F
330
17
100
AcDbEntity
  8
RASTER
 62
7
100
AcDbHatch
 10
0.0
 20
0.0
 30
0.0
210
0.0
220
0.0
230
1.0
  2
SOLID
 70
1
 71
0
 91
1
 92
3
 72
0
 73
1
 93
4
 10
266.967
 20
391.968
 10
267.317
 20
391.968
 10
267.317
 20
367.318
 10
266.967
 20
367.318
 97
0
 75
0
 76
1
 98
0
  0
HATCH
  5
330
330
17
100
AcDbEntity
  8
RASTER
 62
7
100
AcDbHatch
 10
0.0
 20
0.0
 30
0.0
210
0.0
220
0.0
230
1.0
  2
SOLID
 70
1
 71
0
 91
1
 92
3
 72
0
 73
1
 93
4
 10
266.967
 20
366.968
 10
267.317
 20
366.968
 10
267.317
 20
342.318
 10
266.967
 20
342.318
 97
0
 75
0
 76
1
 98
0
  0
HATCH
  5
331
330
17
100
AcDbEntity
  8
RASTER
 62
7
100
AcDbHatch
 10
0.0
 20
0.0
 30
0.0
210
0.0
220
0.0
230
1.0
  2
SOLID
 70
1
 71
0
 91
1
 92
3
 72
0
 73
1
 93
4
 10
266.967
 20
341.968
 10
267.317
 20
341.968
 10
267.317
 20
317.318
 10
266.967
 20
317.318
 97
0
 75
0
 76
1
 98
0
  0
HATCH
  5
332
330
17
100
AcDbEntity
  8
RASTER
 62
7
100
AcDbHatch
 10
0.0
 20
0.0
 30
0.0
210
0.0
220
0.0
230
1.0
  2
SOLID
 70
1
 71
0
 91
1
 92
3
 72
0
 73
1
 93
4
 10
266.967
 20
316.968
 10
267.317
 20
316.968
 10
267.317
 20
292.318
 10
266.967
 20
292.318
 97
0
 75
0
 76
1
 98
0
  0
HATCH
  5
333
330
17
100
AcDbEntity
  8
RASTER
 62
7
100
AcDbHatch
 10
0.0
 20
0.0
 30
0.0
210
0.0
220
0.0
230
1.0
  2
SOLID
 70
1
 71
0
 91
1
 92
3
 72
0
 73
1
 93
4
 10
266.967
 20
291.968
 10
267.317
 20
291.968
 10
267.317
 20
267.318
 10
266.967
 20
267.318
 97
0
 75
0
 76
1
 98
0
  0
HATCH
  5
334
330
17
100
AcDbEntity
  8
RASTER
 62
7
100
AcDbHatch
 10
0.0
 20
0.0
 30
0.0
210
0.0
220
0.0
230
1.0
  2
SOLID
 70
1
 71
0
 91
1
 92
3
 72
0
 73
1
 93
4
 10
266.967
 20
266.968
 10
267.317
 20
266.968
 10
267.317
 20
242.318
 10
266.967
 20
242.318
 97
0
 75
0
 76
1
 98
0
  0
HATCH
  5
335
330
17
100
AcDbEntity
  8
RASTER
 62
7
100
AcDbHatch
 10
0.0
 20
0.0
 30
0.0
210
0.0
220
0.0
230
1.0
  2
SOLID
 70
1
 71
0
 91
1
 92
3
 72
0
 73
1
 93
4
 10
266.967
 20
241.968
 10
267.317
 20
241.968
 10
267.317
 20
217.318
 10
266.967
 20
217.318
 97
0
 75
0
 76
1
 98
0
  0
HATCH
  5
336
330
17
100
AcDbEntity
  8
RASTER
 62
7
100
AcDbHatch
 10
0.0
 20
0.0
 30
0.0
210
0.0
220
0.0
230
1.0
  2
SOLID
 70
1
 71
0
 91
1
 92
3
 72
0
 73
1
 93
4
 10
266.967
 20
216.968
 10
267.317
 20
216.968
 10
267.317
 20
192.318
 10
266.967
 20
192.318
 97
0
 75
0
 76
1
 98
0
  0
HATCH
  5
337
330
17
100
AcDbEntity
  8
RASTER
 62
7
100
AcDbHatch
 10
0.0
 20
0.0
 30
0.0
210
0.0
220
0.0
230
1.0
  2
SOLID
 70
1
 71
0
 91
1
 92
3
 72
0
 73
1
 93
4
 10
266.967
 20
191.968
 10
267.317
 20
191.968
 10
267.317
 20
167.318
 10
266.967
 20
167.318
 97
0
 75
0
 76
1
 98
0
  0
HATCH
  5
338
330
17
100
AcDbEntity
  8
RASTER
 62
7
100
AcDbHatch
 10
0.0
 20
0.0
 30
0.0
210
0.0
220
0.0
230
1.0
  2
SOLID
 70
1
 71
0
 91
1
 92
3
 72
0
 73
1
 93
4
 10
266.967
 20
166.968
 10
267.317
 20
166.968
 10
267.317
 20
142.318
 10
266.967
 20
142.318
 97
0
 75
0
 76
1
 98
0
  0
HATCH
  5
339
330
17
100
AcDbEntity
  8
RASTER
 62
7
100
AcDbHatch
 10
0.0
 20
0.0
 30
0.0
210
0.0
220
0.0
230
1.0
  2
SOLID
 70
1
 71
0
 91
1
 92
3
 72
0
 73
1
 93
4
 10
266.967
 20
141.968
 10
267.317
 20
141.968
 10
267.317
 20
117.318
 10
266.967
 20
117.318
 97
0
 75
0
 76
1
 98
0
  0
HATCH
  5
33A
330
17
100
AcDbEntity
  8
RASTER
 62
7
100
AcDbHatch
 10
0.0
 20
0.0
 30
0.0
210
0.0
220
0.0
230
1.0
  2
SOLID
 70
1
 71
0
 91
1
 92
3
 72
0
 73
1
 93
4
 10
266.967
 20
116.968
 10
267.317
 20
116.968
 10
267.317
 20
92.318
 10
266.967
 20
92.318
 97
0
 75
0
 76
1
 98
0
  0
HATCH
  5
33B
330
17
100
AcDbEntity
  8
RASTER
 62
7
100
AcDbHatch
 10
0.0
 20
0.0
 30
0.0
210
0.0
220
0.0
230
1.0
  2
SOLID
 70
1
 71
0
 91
1
 92
3
 72
0
 73
1
 93
4
 10
266.967
 20
91.968
 10
267.317
 20
91.968
 10
267.317
 20
67.318
 10
266.967
 20
67.318
 97
0
 75
0
 76
1
 98
0
  0
HATCH
  5
33C
330
17
100
AcDbEntity
  8
RASTER
 62
7
100
AcDbHatch
 10
0.0
 20
0.0
 30
0.0
210
0.0
220
0.0
230
1.0
  2
SOLID
 70
1
 71
0
 91
1
 92
3
 72
0
 73
1
 93
4
 10
266.967
 20
66.968
 10
267.317
 20
66.968
 10
267.317
 20
42.318
 10
266.967
 20
42.318
 97
0
 75
0
 76
1
 98
0
  0
HATCH
  5
33D
330
17
100
AcDbEntity
  8
RASTER
 62
7
100
AcDbHatch
 10
0.0
 20
0.0
 30
0.0
210
0.0
220
0.0
230
1.0
  2
SOLID
 70
1
 71
0
 91
1
 92
3
 72
0
 73
1
 93
4
 10
266.967
 20
41.968
 10
267.317
 20
41.968
 10
267.317
 20
17.318
 10
266.967
 20
17.318
 97
0
 75
0
 76
1
 98
0
  0
HATCH
  5
33E
330
17
100
AcDbEntity
  8
RASTER
 62
7
100
AcDbHatch
 10
0.0
 20
0.0
 30
0.0
210
0.0
220
0.0
230
1.0
  2
SOLID
 70
1
 71
0
 91
1
 92
3
 72
0
 73
1
 93
4
 10
291.967
 20
366.968
 10
292.317
 20
366.968
 10
292.317
 20
342.318
 10
291.967
 20
342.318
 97
0
 75
0
 76
1
 98
0
  0
HATCH
  5
33F
330
17
100
AcDbEntity
  8
RASTER
 62
7
100
AcDbHatch
 10
0.0
 20
0.0
 30
0.0
210
0.0
220
0.0
230
1.0
  2
SOLID
 70
1
 71
0
 91
1
 92
3
 72
0
 73
1
 93
4
 10
291.967
 20
341.968
 10
292.317
 20
341.968
 10
292.317
 20
317.318
 10
291.967
 20
317.318
 97
0
 75
0
 76
1
 98
0
  0
HATCH
  5
340
330
17
100
AcDbEntity
  8
RASTER
 62
7
100
AcDbHatch
 10
0.0
 20
0.0
 30
0.0
210
0.0
220
0.0
230
1.0
  2
SOLID
 70
1
 71
0
 91
1
 92
3
 72
0
 73
1
 93
4
 10
291.967
 20
316.968
 10
292.317
 20
316.968
 10
292.317
 20
292.318
 10
291.967
 20
292.318
 97
0
 75
0
 76
1
 98
0
  0
HATCH
  5
341
330
17
100
AcDbEntity
  8
RASTER
 62
7
100
AcDbHatch
 10
0.0
 20
0.0
 30
0.0
210
0.0
220
0.0
230
1.0
  2
SOLID
 70
1
 71
0
 91
1
 92
3
 72
0
 73
1
 93
4
 10
291.967
 20
291.968
 10
292.317
 20
291.968
 10
292.317
 20
267.318
 10
291.967
 20
267.318
 97
0
 75
0
 76
1
 98
0
  0
HATCH
  5
342
330
17
100
AcDbEntity
  8
RASTER
 62
7
100
AcDbHatch
 10
0.0
 20
0.0
 30
0.0
210
0.0
220
0.0
230
1.0
  2
SOLID
 70
1
 71
0
 91
1
 92
3
 72
0
 73
1
 93
4
 10
291.967
 20
266.968
 10
292.317
 20
266.968
 10
292.317
 20
242.318
 10
291.967
 20
242.318
 97
0
 75
0
 76
1
 98
0
  0
HATCH
  5
343
330
17
100
AcDbEntity
  8
RASTER
 62
7
100
AcDbHatch
 10
0.0
 20
0.0
 30
0.0
210
0.0
220
0.0
230
1.0
  2
SOLID
 70
1
 71
0
 91
1
 92
3
 72
0
 73
1
 93
4
 10
291.967
 20
241.968
 10
292.317
 20
241.968
 10
292.317
 20
217.318
 10
291.967
 20
217.318
 97
0
 75
0
 76
1
 98
0
  0
HATCH
  5
344
330
17
100
AcDbEntity
  8
RASTER
 62
7
100
AcDbHatch
 10
0.0
 20
0.0
 30
0.0
210
0.0
220
0.0
230
1.0
  2
SOLID
 70
1
 71
0
 91
1
 92
3
 72
0
 73
1
 93
4
 10
291.967
 20
216.968
 10
292.317
 20
216.968
 10
292.317
 20
192.318
 10
291.967
 20
192.318
 97
0
 75
0
 76
1
 98
0
  0
HATCH
  5
345
330
17
100
AcDbEntity
  8
RASTER
 62
7
100
AcDbHatch
 10
0.0
 20
0.0
 30
0.0
210
0.0
220
0.0
230
1.0
  2
SOLID
 70
1
 71
0
 91
1
 92
3
 72
0
 73
1
 93
4
 10
291.967
 20
191.968
 10
292.317
 20
191.968
 10
292.317
 20
167.318
 10
291.967
 20
167.318
 97
0
 75
0
 76
1
 98
0
  0
HATCH
  5
346
330
17
100
AcDbEntity
  8
RASTER
 62
7
100
AcDbHatch
 10
0.0
 20
0.0
 30
0.0
210
0.0
220
0.0
230
1.0
  2
SOLID
 70
1
 71
0
 91
1
 92
3
 72
0
 73
1
 93
4
 10
291.967
 20
166.968
 10
292.317
 20
166.968
 10
292.317
 20
142.318
 10
291.967
 20
142.318
 97
0
 75
0
 76
1
 98
0
  0
HATCH
  5
347
330
17
100
AcDbEntity
  8
RASTER
 62
7
100
AcDbHatch
 10
0.0
 20
0.0
 30
0.0
210
0.0
220
0.0
230
1.0
  2
SOLID
 70
1
 71
0
 91
1
 92
3
 72
0
 73
1
 93
4
 10
291.967
 20
141.968
 10
292.317
 20
141.968
 10
292.317
 20
117.318
 10
291.967
 20
117.318
 97
0
 75
0
 76
1
 98
0
  0
HATCH
  5
348
330
17
100
AcDbEntity
  8
RASTER
 62
7
100
AcDbHatch
 10
0.0
 20
0.0
 30
0.0
210
0.0
220
0.0
230
1.0
  2
SOLID
 70
1
 71
0
 91
1
 92
3
 72
0
 73
1
 93
4
 10
291.967
 20
116.968
 10
292.317
 20
116.968
 10
292.317
 20
92.318
 10
291.967
 20
92.318
 97
0
 75
0
 76
1
 98
0
  0
HATCH
  5
349
330
17
100
AcDbEntity
  8
RASTER
 62
7
100
AcDbHatch
 10
0.0
 20
0.0
 30
0.0
210
0.0
220
0.0
230
1.0
  2
SOLID
 70
1
 71
0
 91
1
 92
3
 72
0
 73
1
 93
4
 10
291.967
 20
91.968
 10
292.317
 20
91.968
 10
292.317
 20
67.318
 10
291.967
 20
67.318
 97
0
 75
0
 76
1
 98
0
  0
HATCH
  5
34A
330
17
100
AcDbEntity
  8
RASTER
 62
7
100
AcDbHatch
 10
0.0
 20
0.0
 30
0.0
210
0.0
220
0.0
230
1.0
  2
SOLID
 70
1
 71
0
 91
1
 92
3
 72
0
 73
1
 93
4
 10
291.967
 20
66.968
 10
292.317
 20
66.968
 10
292.317
 20
42.318
 10
291.967
 20
42.318
 97
0
 75
0
 76
1
 98
0
  0
HATCH
  5
34B
330
17
100
AcDbEntity
  8
RASTER
 62
7
100
AcDbHatch
 10
0.0
 20
0.0
 30
0.0
210
0.0
220
0.0
230
1.0
  2
SOLID
 70
1
 71
0
 91
1
 92
3
 72
0
 73
1
 93
4
 10
316.967
 20
366.968
 10
317.317
 20
366.968
 10
317.317
 20
342.318
 10
316.967
 20
342.318
 97
0
 75
0
 76
1
 98
0
  0
HATCH
  5
34C
330
17
100
AcDbEntity
  8
RASTER
 62
7
100
AcDbHatch
 10
0.0
 20
0.0
 30
0.0
210
0.0
220
0.0
230
1.0
  2
SOLID
 70
1
 71
0
 91
1
 92
3
 72
0
 73
1
 93
4
 10
316.967
 20
341.968
 10
317.317
 20
341.968
 10
317.317
 20
317.318
 10
316.967
 20
317.318
 97
0
 75
0
 76
1
 98
0
  0
HATCH
  5
34D
330
17
100
AcDbEntity
  8
RASTER
 62
7
100
AcDbHatch
 10
0.0
 20
0.0
 30
0.0
210
0.0
220
0.0
230
1.0
  2
SOLID
 70
1
 71
0
 91
1
 92
3
 72
0
 73
1
 93
4
 10
316.967
 20
316.968
 10
317.317
 20
316.968
 10
317.317
 20
292.318
 10
316.967
 20
292.318
 97
0
 75
0
 76
1
 98
0
  0
HATCH
  5
34E
330
17
100
AcDbEntity
  8
RASTER
 62
7
100
AcDbHatch
 10
0.0
 20
0.0
 30
0.0
210
0.0
220
0.0
230
1.0
  2
SOLID
 70
1
 71
0
 91
1
 92
3
 72
0
 73
1
 93
4
 10
316.967
 20
291.968
 10
317.317
 20
291.968
 10
317.317
 20
267.318
 10
316.967
 20
267.318
 97
0
 75
0
 76
1
 98
0
  0
HATCH
  5
34F
330
17
100
AcDbEntity
  8
RASTER
 62
7
100
AcDbHatch
 10
0.0
 20
0.0
 30
0.0
210
0.0
220
0.0
230
1.0
  2
SOLID
 70
1
 71
0
 91
1
 92
3
 72
0
 73
1
 93
4
 10
316.967
 20
266.968
 10
317.317
 20
266.968
 10
317.317
 20
242.318
 10
316.967
 20
242.318
 97
0
 75
0
 76
1
 98
0
  0
HATCH
  5
350
330
17
100
AcDbEntity
  8
RASTER
 62
7
100
AcDbHatch
 10
0.0
 20
0.0
 30
0.0
210
0.0
220
0.0
230
1.0
  2
SOLID
 70
1
 71
0
 91
1
 92
3
 72
0
 73
1
 93
4
 10
316.967
 20
241.968
 10
317.317
 20
241.968
 10
317.317
 20
217.318
 10
316.967
 20
217.318
 97
0
 75
0
 76
1
 98
0
  0
HATCH
  5
351
330
17
100
AcDbEntity
  8
RASTER
 62
7
100
AcDbHatch
 10
0.0
 20
0.0
 30
0.0
210
0.0
220
0.0
230
1.0
  2
SOLID
 70
1
 71
0
 91
1
 92
3
 72
0
 73
1
 93
4
 10
316.967
 20
216.968
 10
317.317
 20
216.968
 10
317.317
 20
192.318
 10
316.967
 20
192.318
 97
0
 75
0
 76
1
 98
0
  0
HATCH
  5
352
330
17
100
AcDbEntity
  8
RASTER
 62
7
100
AcDbHatch
 10
0.0
 20
0.0
 30
0.0
210
0.0
220
0.0
230
1.0
  2
SOLID
 70
1
 71
0
 91
1
 92
3
 72
0
 73
1
 93
4
 10
316.967
 20
191.968
 10
317.317
 20
191.968
 10
317.317
 20
167.318
 10
316.967
 20
167.318
 97
0
 75
0
 76
1
 98
0
  0
HATCH
  5
353
330
17
100
AcDbEntity
  8
RASTER
 62
7
100
AcDbHatch
 10
0.0
 20
0.0
 30
0.0
210
0.0
220
0.0
230
1.0
  2
SOLID
 70
1
 71
0
 91
1
 92
3
 72
0
 73
1
 93
4
 10
316.967
 20
166.968
 10
317.317
 20
166.968
 10
317.317
 20
142.318
 10
316.967
 20
142.318
 97
0
 75
0
 76
1
 98
0
  0
HATCH
  5
354
330
17
100
AcDbEntity
  8
RASTER
 62
7
100
AcDbHatch
 10
0.0
 20
0.0
 30
0.0
210
0.0
220
0.0
230
1.0
  2
SOLID
 70
1
 71
0
 91
1
 92
3
 72
0
 73
1
 93
4
 10
316.967
 20
141.968
 10
317.317
 20
141.968
 10
317.317
 20
117.318
 10
316.967
 20
117.318
 97
0
 75
0
 76
1
 98
0
  0
HATCH
  5
355
330
17
100
AcDbEntity
  8
RASTER
 62
7
100
AcDbHatch
 10
0.0
 20
0.0
 30
0.0
210
0.0
220
0.0
230
1.0
  2
SOLID
 70
1
 71
0
 91
1
 92
3
 72
0
 73
1
 93
4
 10
316.967
 20
116.968
 10
317.317
 20
116.968
 10
317.317
 20
92.318
 10
316.967
 20
92.318
 97
0
 75
0
 76
1
 98
0
  0
HATCH
  5
356
330
17
100
AcDbEntity
  8
RASTER
 62
7
100
AcDbHatch
 10
0.0
 20
0.0
 30
0.0
210
0.0
220
0.0
230
1.0
  2
SOLID
 70
1
 71
0
 91
1
 92
3
 72
0
 73
1
 93
4
 10
316.967
 20
91.968
 10
317.317
 20
91.968
 10
317.317
 20
67.318
 10
316.967
 20
67.318
 97
0
 75
0
 76
1
 98
0
  0
HATCH
  5
357
330
17
100
AcDbEntity
  8
RASTER
 62
7
100
AcDbHatch
 10
0.0
 20
0.0
 30
0.0
210
0.0
220
0.0
230
1.0
  2
SOLID
 70
1
 71
0
 91
1
 92
3
 72
0
 73
1
 93
4
 10
316.967
 20
66.968
 10
317.317
 20
66.968
 10
317.317
 20
42.318
 10
316.967
 20
42.318
 97
0
 75
0
 76
1
 98
0
  0
HATCH
  5
358
330
17
100
AcDbEntity
  8
RASTER
 62
7
100
AcDbHatch
 10
0.0
 20
0.0
 30
0.0
210
0.0
220
0.0
230
1.0
  2
SOLID
 70
1
 71
0
 91
1
 92
3
 72
0
 73
1
 93
4
 10
341.967
 20
341.968
 10
342.317
 20
341.968
 10
342.317
 20
317.318
 10
341.967
 20
317.318
 97
0
 75
0
 76
1
 98
0
  0
HATCH
  5
359
330
17
100
AcDbEntity
  8
RASTER
 62
7
100
AcDbHatch
 10
0.0
 20
0.0
 30
0.0
210
0.0
220
0.0
230
1.0
  2
SOLID
 70
1
 71
0
 91
1
 92
3
 72
0
 73
1
 93
4
 10
341.967
 20
316.968
 10
342.317
 20
316.968
 10
342.317
 20
292.318
 10
341.967
 20
292.318
 97
0
 75
0
 76
1
 98
0
  0
HATCH
  5
35A
330
17
100
AcDbEntity
  8
RASTER
 62
7
100
AcDbHatch
 10
0.0
 20
0.0
 30
0.0
210
0.0
220
0.0
230
1.0
  2
SOLID
 70
1
 71
0
 91
1
 92
3
 72
0
 73
1
 93
4
 10
341.967
 20
291.968
 10
342.317
 20
291.968
 10
342.317
 20
267.318
 10
341.967
 20
267.318
 97
0
 75
0
 76
1
 98
0
  0
HATCH
  5
35B
330
17
100
AcDbEntity
  8
RASTER
 62
7
100
AcDbHatch
 10
0.0
 20
0.0
 30
0.0
210
0.0
220
0.0
230
1.0
  2
SOLID
 70
1
 71
0
 91
1
 92
3
 72
0
 73
1
 93
4
 10
341.967
 20
266.968
 10
342.317
 20
266.968
 10
342.317
 20
242.318
 10
341.967
 20
242.318
 97
0
 75
0
 76
1
 98
0
  0
HATCH
  5
35C
330
17
100
AcDbEntity
  8
RASTER
 62
7
100
AcDbHatch
 10
0.0
 20
0.0
 30
0.0
210
0.0
220
0.0
230
1.0
  2
SOLID
 70
1
 71
0
 91
1
 92
3
 72
0
 73
1
 93
4
 10
341.967
 20
241.968
 10
342.317
 20
241.968
 10
342.317
 20
217.318
 10
341.967
 20
217.318
 97
0
 75
0
 76
1
 98
0
  0
HATCH
  5
35D
330
17
100
AcDbEntity
  8
RASTER
 62
7
100
AcDbHatch
 10
0.0
 20
0.0
 30
0.0
210
0.0
220
0.0
230
1.0
  2
SOLID
 70
1
 71
0
 91
1
 92
3
 72
0
 73
1
 93
4
 10
341.967
 20
216.968
 10
342.317
 20
216.968
 10
342.317
 20
192.318
 10
341.967
 20
192.318
 97
0
 75
0
 76
1
 98
0
  0
HATCH
  5
35E
330
17
100
AcDbEntity
  8
RASTER
 62
7
100
AcDbHatch
 10
0.0
 20
0.0
 30
0.0
210
0.0
220
0.0
230
1.0
  2
SOLID
 70
1
 71
0
 91
1
 92
3
 72
0
 73
1
 93
4
 10
341.967
 20
191.968
 10
342.317
 20
191.968
 10
342.317
 20
167.318
 10
341.967
 20
167.318
 97
0
 75
0
 76
1
 98
0
  0
HATCH
  5
35F
330
17
100
AcDbEntity
  8
RASTER
 62
7
100
AcDbHatch
 10
0.0
 20
0.0
 30
0.0
210
0.0
220
0.0
230
1.0
  2
SOLID
 70
1
 71
0
 91
1
 92
3
 72
0
 73
1
 93
4
 10
341.967
 20
166.968
 10
342.317
 20
166.968
 10
342.317
 20
142.318
 10
341.967
 20
142.318
 97
0
 75
0
 76
1
 98
0
  0
HATCH
  5
360
330
17
100
AcDbEntity
  8
RASTER
 62
7
100
AcDbHatch
 10
0.0
 20
0.0
 30
0.0
210
0.0
220
0.0
230
1.0
  2
SOLID
 70
1
 71
0
 91
1
 92
3
 72
0
 73
1
 93
4
 10
341.967
 20
141.968
 10
342.317
 20
141.968
 10
342.317
 20
117.318
 10
341.967
 20
117.318
 97
0
 75
0
 76
1
 98
0
  0
HATCH
  5
361
330
17
100
AcDbEntity
  8
RASTER
 62
7
100
AcDbHatch
 10
0.0
 20
0.0
 30
0.0
210
0.0
220
0.0
230
1.0
  2
SOLID
 70
1
 71
0
 91
1
 92
3
 72
0
 73
1
 93
4
 10
341.967
 20
116.968
 10
342.317
 20
116.968
 10
342.317
 20
92.318
 10
341.967
 20
92.318
 97
0
 75
0
 76
1
 98
0
  0
HATCH
  5
362
330
17
100
AcDbEntity
  8
RASTER
 62
7
100
AcDbHatch
 10
0.0
 20
0.0
 30
0.0
210
0.0
220
0.0
230
1.0
  2
SOLID
 70
1
 71
0
 91
1
 92
3
 72
0
 73
1
 93
4
 10
341.967
 20
91.968
 10
342.317
 20
91.968
 10
342.317
 20
67.318
 10
341.967
 20
67.318
 97
0
 75
0
 76
1
 98
0
  0
HATCH
  5
363
330
17
100
AcDbEntity
  8
RASTER
 62
7
100
AcDbHatch
 10
0.0
 20
0.0
 30
0.0
210
0.0
220
0.0
230
1.0
  2
SOLID
 70
1
 71
0
 91
1
 92
3
 72
0
 73
1
 93
4
 10
366.967
 20
316.968
 10
367.317
 20
316.968
 10
367.317
 20
292.318
 10
366.967
 20
292.318
 97
0
 75
0
 76
1
 98
0
  0
HATCH
  5
364
330
17
100
AcDbEntity
  8
RASTER
 62
7
100
AcDbHatch
 10
0.0
 20
0.0
 30
0.0
210
0.0
220
0.0
230
1.0
  2
SOLID
 70
1
 71
0
 91
1
 92
3
 72
0
 73
1
 93
4
 10
366.967
 20
291.968
 10
367.317
 20
291.968
 10
367.317
 20
267.318
 10
366.967
 20
267.318
 97
0
 75
0
 76
1
 98
0
  0
HATCH
  5
365
330
17
100
AcDbEntity
  8
RASTER
 62
7
100
AcDbHatch
 10
0.0
 20
0.0
 30
0.0
210
0.0
220
0.0
230
1.0
  2
SOLID
 70
1
 71
0
 91
1
 92
3
 72
0
 73
1
 93
4
 10
366.967
 20
266.968
 10
367.317
 20
266.968
 10
367.317
 20
242.318
 10
366.967
 20
242.318
 97
0
 75
0
 76
1
 98
0
  0
HATCH
  5
366
330
17
100
AcDbEntity
  8
RASTER
 62
7
100
AcDbHatch
 10
0.0
 20
0.0
 30
0.0
210
0.0
220
0.0
230
1.0
  2
SOLID
 70
1
 71
0
 91
1
 92
3
 72
0
 73
1
 93
4
 10
366.967
 20
241.968
 10
367.317
 20
241.968
 10
367.317
 20
217.318
 10
366.967
 20
217.318
 97
0
 75
0
 76
1
 98
0
  0
HATCH
  5
367
330
17
100
AcDbEntity
  8
RASTER
 62
7
100
AcDbHatch
 10
0.0
 20
0.0
 30
0.0
210
0.0
220
0.0
230
1.0
  2
SOLID
 70
1
 71
0
 91
1
 92
3
 72
0
 73
1
 93
4
 10
366.967
 20
216.968
 10
367.317
 20
216.968
 10
367.317
 20
192.318
 10
366.967
 20
192.318
 97
0
 75
0
 76
1
 98
0
  0
HATCH
  5
368
330
17
100
AcDbEntity
  8
RASTER
 62
7
100
AcDbHatch
 10
0.0
 20
0.0
 30
0.0
210
0.0
220
0.0
230
1.0
  2
SOLID
 70
1
 71
0
 91
1
 92
3
 72
0
 73
1
 93
4
 10
366.967
 20
191.968
 10
367.317
 20
191.968
 10
367.317
 20
167.318
 10
366.967
 20
167.318
 97
0
 75
0
 76
1
 98
0
  0
HATCH
  5
369
330
17
100
AcDbEntity
  8
RASTER
 62
7
100
AcDbHatch
 10
0.0
 20
0.0
 30
0.0
210
0.0
220
0.0
230
1.0
  2
SOLID
 70
1
 71
0
 91
1
 92
3
 72
0
 73
1
 93
4
 10
366.967
 20
166.968
 10
367.317
 20
166.968
 10
367.317
 20
142.318
 10
366.967
 20
142.318
 97
0
 75
0
 76
1
 98
0
  0
HATCH
  5
36A
330
17
100
AcDbEntity
  8
RASTER
 62
7
100
AcDbHatch
 10
0.0
 20
0.0
 30
0.0
210
0.0
220
0.0
230
1.0
  2
SOLID
 70
1
 71
0
 91
1
 92
3
 72
0
 73
1
 93
4
 10
366.967
 20
141.968
 10
367.317
 20
141.968
 10
367.317
 20
117.318
 10
366.967
 20
117.318
 97
0
 75
0
 76
1
 98
0
  0
HATCH
  5
36B
330
17
100
AcDbEntity
  8
RASTER
 62
7
100
AcDbHatch
 10
0.0
 20
0.0
 30
0.0
210
0.0
220
0.0
230
1.0
  2
SOLID
 70
1
 71
0
 91
1
 92
3
 72
0
 73
1
 93
4
 10
366.967
 20
116.968
 10
367.317
 20
116.968
 10
367.317
 20
92.318
 10
366.967
 20
92.318
 97
0
 75
0
 76
1
 98
0
  0
HATCH
  5
36C
330
17
100
AcDbEntity
  8
RASTER
 62
7
100
AcDbHatch
 10
0.0
 20
0.0
 30
0.0
210
0.0
220
0.0
230
1.0
  2
SOLID
 70
1
 71
0
 91
1
 92
3
 72
0
 73
1
 93
4
 10
391.967
 20
266.968
 10
392.317
 20
266.968
 10
392.317
 20
242.318
 10
391.967
 20
242.318
 97
0
 75
0
 76
1
 98
0
  0
HATCH
  5
36D
330
17
100
AcDbEntity
  8
RASTER
 62
7
100
AcDbHatch
 10
0.0
 20
0.0
 30
0.0
210
0.0
220
0.0
230
1.0
  2
SOLID
 70
1
 71
0
 91
1
 92
3
 72
0
 73
1
 93
4
 10
391.967
 20
241.968
 10
392.317
 20
241.968
 10
392.317
 20
217.318
 10
391.967
 20
217.318
 97
0
 75
0
 76
1
 98
0
  0
HATCH
  5
36E
330
17
100
AcDbEntity
  8
RASTER
 62
7
100
AcDbHatch
 10
0.0
 20
0.0
 30
0.0
210
0.0
220
0.0
230
1.0
  2
SOLID
 70
1
 71
0
 91
1
 92
3
 72
0
 73
1
 93
4
 10
391.967
 20
216.968
 10
392.317
 20
216.968
 10
392.317
 20
192.318
 10
391.967
 20
192.318
 97
0
 75
0
 76
1
 98
0
  0
HATCH
  5
36F
330
17
100
AcDbEntity
  8
RASTER
 62
7
100
AcDbHatch
 10
0.0
 20
0.0
 30
0.0
210
0.0
220
0.0
230
1.0
  2
SOLID
 70
1
 71
0
 91
1
 92
3
 72
0
 73
1
 93
4
 10
391.967
 20
191.968
 10
392.317
 20
191.968
 10
392.317
 20
167.318
 10
391.967
 20
167.318
 97
0
 75
0
 76
1
 98
0
  0
HATCH
  5
370
330
17
100
AcDbEntity
  8
RASTER
 62
7
100
AcDbHatch
 10
0.0
 20
0.0
 30
0.0
210
0.0
220
0.0
230
1.0
  2
SOLID
 70
1
 71
0
 91
1
 92
3
 72
0
 73
1
 93
4
 10
391.967
 20
166.968
 10
392.317
 20
166.968
 10
392.317
 20
142.318
 10
391.967
 20
142.318
 97
0
 75
0
 76
1
 98
0
  0
LWPOLYLINE
  5
371
330
17
100
AcDbEntity
  8
CUT
100
AcDbPolyline
 90
436
 70
1
 10
229.166
 20
213.025
 10
229.242
 20
212.643
 10
229.242
 20
196.643
 10
229.166
 20
196.26
 10
228.949
 20
195.936
 10
228.625
 20
195.719
 10
228.242
 20
195.643
 10
226.742
 20
195.643
 10
226.36
 20
195.719
 10
226.035
 20
195.936
 10
225.818
 20
196.26
 10
225.742
 20
196.643
 10
225.742
 20
200.143
 10
224.697
 20
200.143
 10
224.948
 20
199.788
 10
225.042
 20
199.364
 10
224.965
 20
198.936
 10
224.728
 20
198.572
 10
224.368
 20
198.328
 10
223.942
 20
198.243
 10
223.517
 20
198.328
 10
223.157
 20
198.572
 10
222.92
 20
198.936
 10
222.843
 20
199.364
 10
222.937
 20
199.788
 10
223.187
 20
200.143
 10
219.297
 20
200.143
 10
219.548
 20
199.788
 10
219.642
 20
199.364
 10
219.565
 20
198.936
 10
219.328
 20
198.572
 10
218.968
 20
198.328
 10
218.542
 20
198.243
 10
218.117
 20
198.328
 10
217.757
 20
198.572
 10
217.52
 20
198.936
 10
217.443
 20
199.364
 10
217.537
 20
199.788
 10
217.787
 20
200.143
 10
216.742
 20
200.143
 10
216.742
 20
199.501
 10
216.742
 20
199.012
 10
216.742
 20
198.522
 10
216.742
 20
198.032
 10
216.742
 20
197.543
 10
216.733
 20
197.24
 10
216.723
 20
196.937
 10
216.694
 20
196.654
 10
216.664
 20
196.371
 10
216.615
 20
196.107
 10
216.567
 20
195.843
 10
216.498
 20
195.599
 10
216.43
 20
195.355
 10
216.254
 20
194.906
 10
216.039
 20
194.496
 10
215.785
 20
194.125
 10
215.492
 20
193.793
 10
215.16
 20
193.5
 10
214.789
 20
193.246
 10
214.379
 20
193.031
 10
213.93
 20
192.855
 10
213.686
 20
192.787
 10
213.442
 20
192.718
 10
213.178
 20
192.67
 10
212.914
 20
192.621
 10
212.631
 20
192.591
 10
212.348
 20
192.562
 10
212.045
 20
192.552
 10
211.742
 20
192.543
 10
211.253
 20
192.543
 10
210.763
 20
192.543
 10
210.273
 20
192.543
 10
209.784
 20
192.543
 10
209.142
 20
192.543
 10
209.142
 20
191.498
 10
209.497
 20
191.748
 10
209.921
 20
191.842
 10
210.349
 20
191.765
 10
210.713
 20
191.528
 10
210.957
 20
191.168
 10
211.042
 20
190.743
 10
210.957
 20
190.317
 10
210.713
 20
189.957
 10
210.349
 20
189.72
 10
209.921
 20
189.643
 10
209.497
 20
189.737
 10
209.142
 20
189.988
 10
209.142
 20
186.098
 10
209.497
 20
186.348
 10
209.921
 20
186.442
 10
210.349
 20
186.365
 10
210.713
 20
186.128
 10
210.957
 20
185.768
 10
211.042
 20
185.343
 10
210.957
 20
184.917
 10
210.713
 20
184.557
 10
210.349
 20
184.32
 10
209.921
 20
184.243
 10
209.497
 20
184.337
 10
209.142
 20
184.588
 10
209.142
 20
183.543
 10
212.642
 20
183.543
 10
213.025
 20
183.467
 10
213.349
 20
183.25
 10
213.566
 20
182.925
 10
213.642
 20
182.543
 10
213.642
 20
181.043
 10
213.566
 20
180.66
 10
213.349
 20
180.336
 10
213.025
 20
180.119
 10
212.642
 20
180.043
 10
196.642
 20
180.043
 10
196.26
 20
180.119
 10
195.935
 20
180.336
 10
195.718
 20
180.66
 10
195.642
 20
181.043
 10
195.642
 20
182.543
 10
195.718
 20
182.925
 10
195.935
 20
183.25
 10
196.26
 20
183.467
 10
196.642
 20
183.543
 10
200.142
 20
183.543
 10
200.142
 20
184.588
 10
199.788
 20
184.337
 10
199.364
 20
184.243
 10
198.936
 20
184.32
 10
198.572
 20
184.557
 10
198.328
 20
184.917
 10
198.242
 20
185.343
 10
198.328
 20
185.768
 10
198.572
 20
186.128
 10
198.936
 20
186.365
 10
199.364
 20
186.442
 10
199.788
 20
186.348
 10
200.142
 20
186.098
 10
200.142
 20
189.988
 10
199.788
 20
189.737
 10
199.364
 20
189.643
 10
198.936
 20
189.72
 10
198.572
 20
189.957
 10
198.328
 20
190.317
 10
198.242
 20
190.743
 10
198.328
 20
191.168
 10
198.572
 20
191.528
 10
198.936
 20
191.765
 10
199.364
 20
191.842
 10
199.788
 20
191.748
 10
200.142
 20
191.498
 10
200.142
 20
192.543
 10
199.501
 20
192.543
 10
199.011
 20
192.543
 10
198.522
 20
192.543
 10
198.032
 20
192.543
 10
197.542
 20
192.543
 10
197.24
 20
192.552
 10
196.937
 20
192.562
 10
196.654
 20
192.591
 10
196.37
 20
192.621
 10
196.107
 20
192.67
 10
195.843
 20
192.718
 10
195.599
 20
192.787
 10
195.355
 20
192.855
 10
194.906
 20
193.031
 10
194.495
 20
193.246
 10
194.124
 20
193.5
 10
193.792
 20
193.793
 10
193.499
 20
194.125
 10
193.245
 20
194.496
 10
193.031
 20
194.906
 10
192.855
 20
195.355
 10
192.786
 20
195.599
 10
192.718
 20
195.843
 10
192.669
 20
196.107
 10
192.62
 20
196.371
 10
192.591
 20
196.654
 10
192.562
 20
196.937
 10
192.552
 20
197.24
 10
192.542
 20
197.543
 10
192.542
 20
198.032
 10
192.542
 20
198.522
 10
192.542
 20
199.012
 10
192.542
 20
199.501
 10
192.542
 20
200.143
 10
191.497
 20
200.143
 10
191.748
 20
199.788
 10
191.842
 20
199.364
 10
191.765
 20
198.936
 10
191.528
 20
198.572
 10
191.168
 20
198.328
 10
190.742
 20
198.243
 10
190.317
 20
198.328
 10
189.957
 20
198.572
 10
189.72
 20
198.936
 10
189.643
 20
199.364
 10
189.737
 20
199.788
 10
189.987
 20
200.143
 10
186.097
 20
200.143
 10
186.348
 20
199.788
 10
186.442
 20
199.364
 10
186.365
 20
198.936
 10
186.128
 20
198.572
 10
185.768
 20
198.328
 10
185.342
 20
198.243
 10
184.917
 20
198.328
 10
184.557
 20
198.572
 10
184.32
 20
198.936
 10
184.243
 20
199.364
 10
184.337
 20
199.788
 10
184.587
 20
200.143
 10
183.542
 20
200.143
 10
183.542
 20
196.643
 10
183.466
 20
196.26
 10
183.249
 20
195.936
 10
182.925
 20
195.719
 10
182.542
 20
195.643
 10
181.042
 20
195.643
 10
180.66
 20
195.719
 10
180.335
 20
195.936
 10
180.118
 20
196.26
 10
180.042
 20
196.643
 10
180.042
 20
212.643
 10
180.118
 20
213.025
 10
180.335
 20
213.35
 10
180.66
 20
213.567
 10
181.042
 20
213.643
 10
182.542
 20
213.643
 10
182.925
 20
213.567
 10
183.249
 20
213.35
 10
183.466
 20
213.025
 10
183.542
 20
212.643
 10
183.542
 20
209.143
 10
184.587
 20
209.143
 10
184.337
 20
209.497
 10
184.243
 20
209.921
 10
184.32
 20
210.349
 10
184.557
 20
210.713
 10
184.917
 20
210.957
 10
185.342
 20
211.043
 10
185.768
 20
210.957
 10
186.128
 20
210.713
 10
186.365
 20
210.349
 10
186.442
 20
209.921
 10
186.348
 20
209.497
 10
186.097
 20
209.143
 10
189.987
 20
209.143
 10
189.737
 20
209.497
 10
189.643
 20
209.921
 10
189.72
 20
210.349
 10
189.957
 20
210.713
 10
190.317
 20
210.957
 10
190.742
 20
211.043
 10
191.168
 20
210.957
 10
191.528
 20
210.713
 10
191.765
 20
210.349
 10
191.842
 20
209.921
 10
191.748
 20
209.497
 10
191.497
 20
209.143
 10
192.542
 20
209.143
 10
192.542
 20
209.784
 10
192.542
 20
210.274
 10
192.542
 20
210.763
 10
192.542
 20
211.253
 10
192.542
 20
211.743
 10
192.552
 20
212.045
 10
192.562
 20
212.348
 10
192.591
 20
212.631
 10
192.62
 20
212.915
 10
192.669
 20
213.178
 10
192.718
 20
213.442
 10
192.786
 20
213.686
 10
192.855
 20
213.93
 10
193.031
 20
214.379
 10
193.245
 20
214.79
 10
193.499
 20
215.161
 10
193.792
 20
215.493
 10
194.124
 20
215.786
 10
194.495
 20
216.04
 10
194.906
 20
216.254
 10
195.355
 20
216.43
 10
195.599
 20
216.499
 10
195.843
 20
216.567
 10
196.107
 20
216.616
 10
196.37
 20
216.665
 10
196.654
 20
216.694
 10
196.937
 20
216.723
 10
197.24
 20
216.733
 10
197.542
 20
216.743
 10
198.032
 20
216.743
 10
198.522
 20
216.743
 10
199.011
 20
216.743
 10
199.501
 20
216.743
 10
200.142
 20
216.743
 10
200.142
 20
217.788
 10
199.788
 20
217.537
 10
199.364
 20
217.443
 10
198.936
 20
217.52
 10
198.572
 20
217.757
 10
198.328
 20
218.117
 10
198.242
 20
218.543
 10
198.328
 20
218.968
 10
198.572
 20
219.328
 10
198.936
 20
219.565
 10
199.364
 20
219.642
 10
199.788
 20
219.548
 10
200.142
 20
219.298
 10
200.142
 20
223.188
 10
199.788
 20
222.937
 10
199.364
 20
222.843
 10
198.936
 20
222.92
 10
198.572
 20
223.157
 10
198.328
 20
223.517
 10
198.242
 20
223.943
 10
198.328
 20
224.368
 10
198.572
 20
224.728
 10
198.936
 20
224.965
 10
199.364
 20
225.042
 10
199.788
 20
224.948
 10
200.142
 20
224.698
 10
200.142
 20
225.743
 10
196.642
 20
225.743
 10
196.26
 20
225.819
 10
195.935
 20
226.036
 10
195.718
 20
226.36
 10
195.642
 20
226.743
 10
195.642
 20
228.243
 10
195.718
 20
228.625
 10
195.935
 20
228.95
 10
196.26
 20
229.167
 10
196.642
 20
229.243
 10
212.642
 20
229.243
 10
213.025
 20
229.167
 10
213.349
 20
228.95
 10
213.566
 20
228.625
 10
213.642
 20
228.243
 10
213.642
 20
226.743
 10
213.566
 20
226.36
 10
213.349
 20
226.036
 10
213.025
 20
225.819
 10
212.642
 20
225.743
 10
209.142
 20
225.743
 10
209.142
 20
224.698
 10
209.497
 20
224.948
 10
209.921
 20
225.042
 10
210.349
 20
224.965
 10
210.713
 20
224.728
 10
210.957
 20
224.368
 10
211.042
 20
223.943
 10
210.957
 20
223.517
 10
210.713
 20
223.157
 10
210.349
 20
222.92
 10
209.921
 20
222.843
 10
209.497
 20
222.937
 10
209.142
 20
223.188
 10
209.142
 20
219.298
 10
209.497
 20
219.548
 10
209.921
 20
219.642
 10
210.349
 20
219.565
 10
210.713
 20
219.328
 10
210.957
 20
218.968
 10
211.042
 20
218.543
 10
210.957
 20
218.117
 10
210.713
 20
217.757
 10
210.349
 20
217.52
 10
209.921
 20
217.443
 10
209.497
 20
217.537
 10
209.142
 20
217.788
 10
209.142
 20
216.743
 10
209.784
 20
216.743
 10
210.273
 20
216.743
 10
210.763
 20
216.743
 10
211.253
 20
216.743
 10
211.742
 20
216.743
 10
212.045
 20
216.733
 10
212.348
 20
216.723
 10
212.631
 20
216.694
 10
212.914
 20
216.665
 10
213.178
 20
216.616
 10
213.442
 20
216.567
 10
213.686
 20
216.499
 10
213.93
 20
216.43
 10
214.379
 20
216.254
 10
214.789
 20
216.04
 10
215.16
 20
215.786
 10
215.492
 20
215.493
 10
215.785
 20
215.161
 10
216.039
 20
214.79
 10
216.254
 20
214.379
 10
216.43
 20
213.93
 10
216.498
 20
213.686
 10
216.567
 20
213.442
 10
216.615
 20
213.178
 10
216.664
 20
212.915
 10
216.694
 20
212.631
 10
216.723
 20
212.348
 10
216.733
 20
212.045
 10
216.742
 20
211.743
 10
216.742
 20
211.253
 10
216.742
 20
210.763
 10
216.742
 20
210.274
 10
216.742
 20
209.784
 10
216.742
 20
209.143
 10
217.787
 20
209.143
 10
217.537
 20
209.497
 10
217.443
 20
209.921
 10
217.52
 20
210.349
 10
217.757
 20
210.713
 10
218.117
 20
210.957
 10
218.542
 20
211.043
 10
218.968
 20
210.957
 10
219.328
 20
210.713
 10
219.565
 20
210.349
 10
219.642
 20
209.921
 10
219.548
 20
209.497
 10
219.297
 20
209.143
 10
223.187
 20
209.143
 10
222.937
 20
209.497
 10
222.843
 20
209.921
 10
222.92
 20
210.349
 10
223.157
 20
210.713
 10
223.517
 20
210.957
 10
223.942
 20
211.043
 10
224.368
 20
210.957
 10
224.728
 20
210.713
 10
224.965
 20
210.349
 10
225.042
 20
209.921
 10
224.948
 20
209.497
 10
224.697
 20
209.143
 10
225.742
 20
209.143
 10
225.742
 20
212.643
 10
225.818
 20
213.025
 10
226.035
 20
213.35
 10
226.36
 20
213.567
 10
226.742
 20
213.643
 10
228.242
 20
213.643
 10
228.625
 20
213.567
 10
228.949
 20
213.35
  0
HATCH
  5
372
330
17
100
AcDbEntity
  8
RASTER
 62
7
100
AcDbHatch
 10
0.0
 20
0.0
 30
0.0
210
0.0
220
0.0
230
1.0
  2
SOLID
 70
1
 71
0
 91
2
 92
3
 72
0
 73
1
 93
92
 10
197.765
 20
206.055
 10
197.675
 20
206.38
 10
197.601
 20
206.73
 10
197.568
 20
207.38
 10
197.663
 20
207.998
 10
197.858
 20
208.557
 10
198.118
 20
209.051
 10
198.417
 20
209.486
 10
198.742
 20
209.871
 10
199.092
 20
210.216
 10
199.472
 20
210.526
 10
199.892
 20
210.797
 10
200.36
 20
211.019
 10
200.877
 20
211.172
 10
201.435
 20
211.243
 10
202.016
 20
211.225
 10
202.611
 20
211.139
 10
202.907
 20
211.077
 10
203.188
 20
211.03
 10
203.75
 20
210.97
 10
204.303
 20
210.999
 10
204.864
 20
211.12
 10
205.447
 20
211.309
 10
206.054
 20
211.52
 10
206.38
 20
211.61
 10
206.729
 20
211.684
 10
207.38
 20
211.717
 10
207.998
 20
211.622
 10
208.557
 20
211.427
 10
209.051
 20
211.167
 10
209.485
 20
210.868
 10
209.871
 20
210.543
 10
210.216
 20
210.193
 10
210.525
 20
209.813
 10
210.797
 20
209.393
 10
211.018
 20
208.925
 10
211.172
 20
208.408
 10
211.242
 20
207.85
 10
211.225
 20
207.269
 10
211.139
 20
206.674
 10
211.077
 20
206.378
 10
211.029
 20
206.097
 10
210.969
 20
205.535
 10
210.999
 20
204.982
 10
211.119
 20
204.421
 10
211.308
 20
203.838
 10
211.52
 20
203.231
 10
211.609
 20
202.905
 10
211.684
 20
202.556
 10
211.717
 20
201.905
 10
211.621
 20
201.287
 10
211.427
 20
200.728
 10
211.167
 20
200.234
 10
210.868
 20
199.8
 10
210.542
 20
199.414
 10
210.193
 20
199.069
 10
209.813
 20
198.76
 10
209.392
 20
198.488
 10
208.924
 20
198.267
 10
208.408
 20
198.113
 10
207.85
 20
198.043
 10
207.268
 20
198.06
 10
206.673
 20
198.146
 10
206.378
 20
198.208
 10
206.097
 20
198.256
 10
205.534
 20
198.316
 10
204.982
 20
198.286
 10
204.42
 20
198.166
 10
203.838
 20
197.977
 10
203.23
 20
197.765
 10
202.905
 20
197.676
 10
202.555
 20
197.601
 10
201.905
 20
197.568
 10
201.287
 20
197.664
 10
200.728
 20
197.858
 10
200.234
 20
198.118
 10
199.799
 20
198.417
 10
199.414
 20
198.743
 10
199.069
 20
199.092
 10
198.759
 20
199.472
 10
198.488
 20
199.893
 10
198.266
 20
200.361
 10
198.113
 20
200.877
 10
198.042
 20
201.435
 10
198.06
 20
202.017
 10
198.146
 20
202.612
 10
198.208
 20
202.907
 10
198.255
 20
203.188
 10
198.315
 20
203.751
 10
198.286
 20
204.303
 10
198.165
 20
204.865
 10
197.976
 20
205.447
 97
0
 92
3
 72
0
 73
1
 93
93
 10
198.338
 20
206.233
 10
198.545
 20
205.638
 10
198.746
 20
205.021
 10
198.882
 20
204.382
 10
198.917
 20
203.735
 10
198.85
 20
203.106
 10
198.798
 20
202.795
 10
198.737
 20
202.507
 10
198.659
 20
201.965
 10
198.644
 20
201.463
 10
198.702
 20
201.001
 10
198.828
 20
200.576
 10
199.013
 20
200.185
 10
199.245
 20
199.826
 10
199.516
 20
199.493
 10
199.822
 20
199.184
 10
200.164
 20
198.895
 10
200.545
 20
198.633
 10
200.968
 20
198.41
 10
201.432
 20
198.248
 10
201.936
 20
198.171
 10
202.477
 20
198.198
 10
202.763
 20
198.259
 10
203.052
 20
198.338
 10
203.647
 20
198.545
 10
204.264
 20
198.746
 10
204.903
 20
198.883
 10
205.55
 20
198.917
 10
206.179
 20
198.85
 10
206.49
 20
198.798
 10
206.778
 20
198.737
 10
207.32
 20
198.659
 10
207.822
 20
198.644
 10
208.284
 20
198.702
 10
208.709
 20
198.829
 10
209.1
 20
199.014
 10
209.459
 20
199.246
 10
209.792
 20
199.516
 10
210.101
 20
199.822
 10
210.39
 20
200.164
 10
210.652
 20
200.545
 10
210.875
 20
200.968
 10
211.037
 20
201.433
 10
211.114
 20
201.936
 10
211.087
 20
202.477
 10
211.026
 20
202.763
 10
210.947
 20
203.053
 10
210.74
 20
203.647
 10
210.539
 20
204.265
 10
210.402
 20
204.903
 10
210.368
 20
205.551
 10
210.435
 20
206.179
 10
210.487
 20
206.49
 10
210.548
 20
206.778
 10
210.626
 20
207.321
 10
210.641
 20
207.822
 10
210.583
 20
208.284
 10
210.456
 20
208.71
 10
210.271
 20
209.1
 10
210.039
 20
209.46
 10
209.769
 20
209.792
 10
209.463
 20
210.102
 10
209.121
 20
210.39
 10
208.74
 20
210.653
 10
208.317
 20
210.875
 10
207.852
 20
211.037
 10
207.349
 20
211.115
 10
206.808
 20
211.087
 10
206.522
 20
211.026
 10
206.232
 20
210.947
 10
205.638
 20
210.74
 10
205.02
 20
210.539
 10
204.382
 20
210.403
 10
203.734
 20
210.368
 10
203.106
 20
210.435
 10
202.795
 20
210.487
 10
202.507
 20
210.548
 10
201.964
 20
210.626
 10
201.463
 20
210.641
 10
201.001
 20
210.583
 10
200.575
 20
210.457
 10
200.185
 20
210.272
 10
199.825
 20
210.04
 10
199.493
 20
209.769
 10
199.183
 20
209.463
 10
198.895
 20
209.121
 10
198.632
 20
208.74
 10
198.41
 20
208.317
 10
198.248
 20
207.853
 10
198.17
 20
207.349
 10
198.198
 20
206.808
 10
198.259
 20
206.522
 10
198.338
 20
206.233
 97
0
 75
0
 76
1
 98
0
  0
HATCH
  5
373
330
17
100
AcDbEntity
  8
RASTER
 62
7
100
AcDbHatch
 10
0.0
 20
0.0
 30
0.0
210
0.0
220
0.0
230
1.0
  2
SOLID
 70
1
 71
0
 91
1
 92
3
 72
0
 73
1
 93
26
 10
195.929
 20
210.234
 10
195.967
 20
210.734
 10
196.015
 20
211.198
 10
196.098
 20
211.621
 10
196.23
 20
212.004
 10
196.414
 20
212.349
 10
196.651
 20
212.658
 10
196.937
 20
212.933
 10
197.269
 20
213.181
 10
197.645
 20
213.411
 10
198.064
 20
213.63
 10
198.525
 20
213.842
 10
199.042
 20
214.043
 10
198.825
 20
214.602
 10
198.291
 20
214.395
 10
197.8
 20
214.169
 10
197.35
 20
213.933
 10
196.933
 20
213.678
 10
196.549
 20
213.39
 10
196.204
 20
213.058
 10
195.91
 20
212.674
 10
195.679
 20
212.244
 10
195.518
 20
211.776
 10
195.421
 20
211.287
 10
195.369
 20
210.788
 10
195.331
 20
210.279
 97
0
 75
0
 76
1
 98
0
  0
HATCH
  5
374
330
17
100
AcDbEntity
  8
RASTER
 62
7
100
AcDbHatch
 10
0.0
 20
0.0
 30
0.0
210
0.0
220
0.0
230
1.0
  2
SOLID
 70
1
 71
0
 91
1
 92
3
 72
0
 73
1
 93
26
 10
210.349
 20
214.011
 10
210.9
 20
214.011
 10
211.394
 20
213.94
 10
211.836
 20
213.788
 10
212.219
 20
213.556
 10
212.533
 20
213.253
 10
212.775
 20
212.894
 10
212.947
 20
212.496
 10
213.06
 20
212.074
 10
213.134
 20
211.633
 10
213.194
 20
211.175
 10
213.267
 20
210.697
 10
213.364
 20
210.199
 10
213.953
 20
210.314
 10
213.858
 20
210.8
 10
213.788
 20
211.259
 10
213.727
 20
211.722
 10
213.646
 20
212.202
 10
213.513
 20
212.694
 10
213.301
 20
213.183
 10
212.992
 20
213.639
 10
212.584
 20
214.032
 10
212.09
 20
214.332
 10
211.534
 20
214.524
 10
210.942
 20
214.61
 10
210.35
 20
214.611
 97
0
 75
0
 76
1
 98
0
  0
HATCH
  5
375
330
17
100
AcDbEntity
  8
RASTER
 62
7
100
AcDbHatch
 10
0.0
 20
0.0
 30
0.0
210
0.0
220
0.0
230
1.0
  2
SOLID
 70
1
 71
0
 91
1
 92
3
 72
0
 73
1
 93
26
 10
213.356
 20
199.052
 10
213.318
 20
198.551
 10
213.27
 20
198.087
 10
213.187
 20
197.664
 10
213.055
 20
197.281
 10
212.87
 20
196.936
 10
212.634
 20
196.628
 10
212.348
 20
196.352
 10
212.015
 20
196.104
 10
211.639
 20
195.874
 10
211.221
 20
195.655
 10
210.76
 20
195.443
 10
210.242
 20
195.242
 10
210.46
 20
194.683
 10
210.993
 20
194.89
 10
211.485
 20
195.116
 10
211.935
 20
195.352
 10
212.352
 20
195.607
 10
212.736
 20
195.895
 10
213.081
 20
196.228
 10
213.375
 20
196.611
 10
213.605
 20
197.042
 10
213.766
 20
197.509
 10
213.863
 20
197.998
 10
213.916
 20
198.497
 10
213.954
 20
199.007
 97
0
 75
0
 76
1
 98
0
  0
HATCH
  5
376
330
17
100
AcDbEntity
  8
RASTER
 62
7
100
AcDbHatch
 10
0.0
 20
0.0
 30
0.0
210
0.0
220
0.0
230
1.0
  2
SOLID
 70
1
 71
0
 91
1
 92
3
 72
0
 73
1
 93
26
 10
198.936
 20
195.274
 10
198.385
 20
195.274
 10
197.891
 20
195.345
 10
197.448
 20
195.497
 10
197.066
 20
195.73
 10
196.751
 20
196.033
 10
196.509
 20
196.391
 10
196.338
 20
196.789
 10
196.225
 20
197.212
 10
196.151
 20
197.652
 10
196.09
 20
198.11
 10
196.018
 20
198.588
 10
195.921
 20
199.086
 10
195.332
 20
198.971
 10
195.427
 20
198.485
 10
195.496
 20
198.026
 10
195.558
 20
197.563
 10
195.639
 20
197.084
 10
195.771
 20
196.591
 10
195.984
 20
196.102
 10
196.293
 20
195.646
 10
196.7
 20
195.254
 10
197.194
 20
194.954
 10
197.751
 20
194.762
 10
198.343
 20
194.676
 10
198.935
 20
194.674
 97
0
 75
0
 76
1
 98
0
  0
HATCH
  5
377
330
17
100
AcDbEntity
  8
RASTER
 62
7
100
AcDbHatch
 10
0.0
 20
0.0
 30
0.0
210
0.0
220
0.0
230
1.0
  2
SOLID
 70
1
 71
0
 91
2
 92
3
 72
0
 73
1
 93
48
 10
205.587
 20
208.423
 10
205.579
 20
208.299
 10
205.555
 20
208.178
 10
205.515
 20
208.061
 10
205.461
 20
207.95
 10
205.392
 20
207.847
 10
205.311
 20
207.754
 10
205.218
 20
207.673
 10
205.115
 20
207.604
 10
205.004
 20
207.55
 10
204.887
 20
207.51
 10
204.766
 20
207.486
 10
204.642
 20
207.478
 10
204.519
 20
207.486
 10
204.398
 20
207.51
 10
204.281
 20
207.55
 10
204.17
 20
207.604
 10
204.067
 20
207.673
 10
203.974
 20
207.754
 10
203.893
 20
207.847
 10
203.824
 20
207.95
 10
203.769
 20
208.061
 10
203.73
 20
208.178
 10
203.705
 20
208.299
 10
203.697
 20
208.423
 10
203.705
 20
208.546
 10
203.73
 20
208.667
 10
203.769
 20
208.784
 10
203.824
 20
208.895
 10
203.893
 20
208.998
 10
203.974
 20
209.091
 10
204.067
 20
209.172
 10
204.17
 20
209.241
 10
204.281
 20
209.296
 10
204.398
 20
209.335
 10
204.519
 20
209.36
 10
204.642
 20
209.368
 10
204.766
 20
209.36
 10
204.887
 20
209.335
 10
205.004
 20
209.296
 10
205.115
 20
209.241
 10
205.218
 20
209.172
 10
205.311
 20
209.091
 10
205.392
 20
208.998
 10
205.461
 20
208.895
 10
205.515
 20
208.784
 10
205.555
 20
208.667
 10
205.579
 20
208.546
 97
0
 92
3
 72
0
 73
1
 93
48
 10
205.167
 20
208.423
 10
205.163
 20
208.354
 10
205.149
 20
208.287
 10
205.127
 20
208.222
 10
205.097
 20
208.16
 10
205.059
 20
208.103
 10
205.014
 20
208.051
 10
204.962
 20
208.006
 10
204.905
 20
207.968
 10
204.843
 20
207.938
 10
204.778
 20
207.916
 10
204.711
 20
207.902
 10
204.642
 20
207.898
 10
204.574
 20
207.902
 10
204.506
 20
207.916
 10
204.441
 20
207.938
 10
204.38
 20
207.968
 10
204.323
 20
208.006
 10
204.271
 20
208.051
 10
204.226
 20
208.103
 10
204.188
 20
208.16
 10
204.157
 20
208.222
 10
204.135
 20
208.287
 10
204.122
 20
208.354
 10
204.117
 20
208.423
 10
204.122
 20
208.491
 10
204.135
 20
208.559
 10
204.157
 20
208.624
 10
204.188
 20
208.685
 10
204.226
 20
208.742
 10
204.271
 20
208.794
 10
204.323
 20
208.839
 10
204.38
 20
208.877
 10
204.441
 20
208.908
 10
204.506
 20
208.93
 10
204.574
 20
208.943
 10
204.642
 20
208.948
 10
204.711
 20
208.943
 10
204.778
 20
208.93
 10
204.843
 20
208.908
 10
204.905
 20
208.877
 10
204.962
 20
208.839
 10
205.014
 20
208.794
 10
205.059
 20
208.742
 10
205.097
 20
208.685
 10
205.127
 20
208.624
 10
205.149
 20
208.559
 10
205.163
 20
208.491
 97
0
 75
0
 76
1
 98
0
  0
HATCH
  5
378
330
17
100
AcDbEntity
  8
RASTER
 62
7
100
AcDbHatch
 10
0.0
 20
0.0
 30
0.0
210
0.0
220
0.0
230
1.0
  2
SOLID
 70
1
 71
0
 91
1
 92
3
 72
0
 73
1
 93
45
 10
204.222
 20
207.163
 10
205.062
 20
207.163
 10
205.062
 20
206.113
 10
206.952
 20
206.113
 10
206.952
 20
205.483
 10
205.062
 20
205.483
 10
205.062
 20
202.543
 10
205.307
 20
202.493
 10
205.564
 20
202.5
 10
205.826
 20
202.561
 10
206.086
 20
202.674
 10
206.336
 20
202.836
 10
206.568
 20
203.045
 10
206.776
 20
203.298
 10
206.952
 20
203.593
 10
208.002
 20
202.753
 10
207.798
 20
202.144
 10
207.507
 20
201.585
 10
207.142
 20
201.084
 10
206.716
 20
200.653
 10
206.241
 20
200.3
 10
205.728
 20
200.036
 10
205.192
 20
199.87
 10
204.642
 20
199.813
 10
204.093
 20
199.87
 10
203.556
 20
200.036
 10
203.044
 20
200.3
 10
202.569
 20
200.653
 10
202.142
 20
201.084
 10
201.778
 20
201.585
 10
201.487
 20
202.144
 10
201.282
 20
202.753
 10
202.332
 20
203.593
 10
202.508
 20
203.298
 10
202.716
 20
203.045
 10
202.949
 20
202.836
 10
203.199
 20
202.674
 10
203.458
 20
202.561
 10
203.72
 20
202.5
 10
203.977
 20
202.493
 10
204.222
 20
202.543
 10
204.222
 20
205.483
 10
202.332
 20
205.483
 10
202.332
 20
206.113
 10
204.222
 20
206.113
 97
0
 75
0
 76
1
 98
0
  0
HATCH
  5
379
330
17
100
AcDbEntity
  8
RASTER
 62
7
100
AcDbHatch
 10
0.0
 20
0.0
 30
0.0
210
0.0
220
0.0
230
1.0
  2
SOLID
 70
1
 71
0
 91
6
 92
3
 72
0
 73
1
 93
4
 10
200.142
 20
213.543
 10
209.142
 20
213.543
 10
209.142
 20
225.443
 10
200.142
 20
225.443
 97
0
 92
3
 72
0
 73
1
 93
5
 10
200.642
 20
215.243
 10
200.642
 20
215.643
 10
208.642
 20
215.643
 10
208.642
 20
215.243
 10
200.642
 20
215.243
 97
0
 92
3
 72
0
 73
1
 93
5
 10
200.642
 20
217.143
 10
200.642
 20
217.543
 10
208.642
 20
217.543
 10
208.642
 20
217.143
 10
200.642
 20
217.143
 97
0
 92
3
 72
0
 73
1
 93
5
 10
200.642
 20
219.043
 10
200.642
 20
219.443
 10
208.642
 20
219.443
 10
208.642
 20
219.043
 10
200.642
 20
219.043
 97
0
 92
3
 72
0
 73
1
 93
5
 10
200.642
 20
220.943
 10
200.642
 20
221.343
 10
208.642
 20
221.343
 10
208.642
 20
220.943
 10
200.642
 20
220.943
 97
0
 92
3
 72
0
 73
1
 93
5
 10
200.642
 20
222.843
 10
200.642
 20
223.243
 10
208.642
 20
223.243
 10
208.642
 20
222.843
 10
200.642
 20
222.843
 97
0
 75
0
 76
1
 98
0
  0
HATCH
  5
37A
330
17
100
AcDbEntity
  8
RASTER
 62
7
100
AcDbHatch
 10
0.0
 20
0.0
 30
0.0
210
0.0
220
0.0
230
1.0
  2
SOLID
 70
1
 71
0
 91
8
 92
3
 72
0
 73
1
 93
4
 10
196.242
 20
226.043
 10
213.042
 20
226.043
 10
213.042
 20
228.643
 10
196.242
 20
228.643
 97
0
 92
3
 72
0
 73
1
 93
5
 10
198.742
 20
226.043
 10
198.742
 20
228.643
 10
199.142
 20
228.643
 10
199.142
 20
226.043
 10
198.742
 20
226.043
 97
0
 92
3
 72
0
 73
1
 93
5
 10
200.642
 20
226.043
 10
200.642
 20
228.643
 10
201.042
 20
228.643
 10
201.042
 20
226.043
 10
200.642
 20
226.043
 97
0
 92
3
 72
0
 73
1
 93
5
 10
202.542
 20
226.043
 10
202.542
 20
228.643
 10
202.942
 20
228.643
 10
202.942
 20
226.043
 10
202.542
 20
226.043
 97
0
 92
3
 72
0
 73
1
 93
5
 10
204.442
 20
226.043
 10
204.442
 20
228.643
 10
204.842
 20
228.643
 10
204.842
 20
226.043
 10
204.442
 20
226.043
 97
0
 92
3
 72
0
 73
1
 93
5
 10
206.342
 20
226.043
 10
206.342
 20
228.643
 10
206.742
 20
228.643
 10
206.742
 20
226.043
 10
206.342
 20
226.043
 97
0
 92
3
 72
0
 73
1
 93
5
 10
208.242
 20
226.043
 10
208.242
 20
228.643
 10
208.642
 20
228.643
 10
208.642
 20
226.043
 10
208.242
 20
226.043
 97
0
 92
3
 72
0
 73
1
 93
5
 10
210.142
 20
226.043
 10
210.142
 20
228.643
 10
210.542
 20
228.643
 10
210.542
 20
226.043
 10
210.142
 20
226.043
 97
0
 75
0
 76
1
 98
0
  0
HATCH
  5
37B
330
17
100
AcDbEntity
  8
RASTER
 62
7
100
AcDbHatch
 10
0.0
 20
0.0
 30
0.0
210
0.0
220
0.0
230
1.0
  2
SOLID
 70
1
 71
0
 91
6
 92
3
 72
0
 73
1
 93
4
 10
213.542
 20
209.143
 10
213.542
 20
200.143
 10
225.442
 20
200.143
 10
225.442
 20
209.143
 97
0
 92
3
 72
0
 73
1
 93
5
 10
215.242
 20
208.643
 10
215.642
 20
208.643
 10
215.642
 20
200.643
 10
215.242
 20
200.643
 10
215.242
 20
208.643
 97
0
 92
3
 72
0
 73
1
 93
5
 10
217.142
 20
208.643
 10
217.542
 20
208.643
 10
217.542
 20
200.643
 10
217.142
 20
200.643
 10
217.142
 20
208.643
 97
0
 92
3
 72
0
 73
1
 93
5
 10
219.042
 20
208.643
 10
219.442
 20
208.643
 10
219.442
 20
200.643
 10
219.042
 20
200.643
 10
219.042
 20
208.643
 97
0
 92
3
 72
0
 73
1
 93
5
 10
220.942
 20
208.643
 10
221.342
 20
208.643
 10
221.342
 20
200.643
 10
220.942
 20
200.643
 10
220.942
 20
208.643
 97
0
 92
3
 72
0
 73
1
 93
5
 10
222.842
 20
208.643
 10
223.242
 20
208.643
 10
223.242
 20
200.643
 10
222.842
 20
200.643
 10
222.842
 20
208.643
 97
0
 75
0
 76
1
 98
0
  0
HATCH
  5
37C
330
17
100
AcDbEntity
  8
RASTER
 62
7
100
AcDbHatch
 10
0.0
 20
0.0
 30
0.0
210
0.0
220
0.0
230
1.0
  2
SOLID
 70
1
 71
0
 91
8
 92
3
 72
0
 73
1
 93
4
 10
226.042
 20
213.043
 10
226.042
 20
196.243
 10
228.642
 20
196.243
 10
228.642
 20
213.043
 97
0
 92
3
 72
0
 73
1
 93
5
 10
226.042
 20
210.543
 10
228.642
 20
210.543
 10
228.642
 20
210.143
 10
226.042
 20
210.143
 10
226.042
 20
210.543
 97
0
 92
3
 72
0
 73
1
 93
5
 10
226.042
 20
208.643
 10
228.642
 20
208.643
 10
228.642
 20
208.243
 10
226.042
 20
208.243
 10
226.042
 20
208.643
 97
0
 92
3
 72
0
 73
1
 93
5
 10
226.042
 20
206.743
 10
228.642
 20
206.743
 10
228.642
 20
206.343
 10
226.042
 20
206.343
 10
226.042
 20
206.743
 97
0
 92
3
 72
0
 73
1
 93
5
 10
226.042
 20
204.843
 10
228.642
 20
204.843
 10
228.642
 20
204.443
 10
226.042
 20
204.443
 10
226.042
 20
204.843
 97
0
 92
3
 72
0
 73
1
 93
5
 10
226.042
 20
202.943
 10
228.642
 20
202.943
 10
228.642
 20
202.543
 10
226.042
 20
202.543
 10
226.042
 20
202.943
 97
0
 92
3
 72
0
 73
1
 93
5
 10
226.042
 20
201.043
 10
228.642
 20
201.043
 10
228.642
 20
200.643
 10
226.042
 20
200.643
 10
226.042
 20
201.043
 97
0
 92
3
 72
0
 73
1
 93
5
 10
226.042
 20
199.143
 10
228.642
 20
199.143
 10
228.642
 20
198.743
 10
226.042
 20
198.743
 10
226.042
 20
199.143
 97
0
 75
0
 76
1
 98
0
  0
HATCH
  5
37D
330
17
100
AcDbEntity
  8
RASTER
 62
7
100
AcDbHatch
 10
0.0
 20
0.0
 30
0.0
210
0.0
220
0.0
230
1.0
  2
SOLID
 70
1
 71
0
 91
6
 92
3
 72
0
 73
1
 93
4
 10
209.142
 20
195.743
 10
200.142
 20
195.743
 10
200.142
 20
183.843
 10
209.142
 20
183.843
 97
0
 92
3
 72
0
 73
1
 93
5
 10
208.642
 20
194.043
 10
208.642
 20
193.643
 10
200.642
 20
193.643
 10
200.642
 20
194.043
 10
208.642
 20
194.043
 97
0
 92
3
 72
0
 73
1
 93
5
 10
208.642
 20
192.143
 10
208.642
 20
191.743
 10
200.642
 20
191.743
 10
200.642
 20
192.143
 10
208.642
 20
192.143
 97
0
 92
3
 72
0
 73
1
 93
5
 10
208.642
 20
190.243
 10
208.642
 20
189.843
 10
200.642
 20
189.843
 10
200.642
 20
190.243
 10
208.642
 20
190.243
 97
0
 92
3
 72
0
 73
1
 93
5
 10
208.642
 20
188.343
 10
208.642
 20
187.943
 10
200.642
 20
187.943
 10
200.642
 20
188.343
 10
208.642
 20
188.343
 97
0
 92
3
 72
0
 73
1
 93
5
 10
208.642
 20
186.443
 10
208.642
 20
186.043
 10
200.642
 20
186.043
 10
200.642
 20
186.443
 10
208.642
 20
186.443
 97
0
 75
0
 76
1
 98
0
  0
HATCH
  5
37E
330
17
100
AcDbEntity
  8
RASTER
 62
7
100
AcDbHatch
 10
0.0
 20
0.0
 30
0.0
210
0.0
220
0.0
230
1.0
  2
SOLID
 70
1
 71
0
 91
8
 92
3
 72
0
 73
1
 93
4
 10
213.042
 20
183.243
 10
196.242
 20
183.243
 10
196.242
 20
180.643
 10
213.042
 20
180.643
 97
0
 92
3
 72
0
 73
1
 93
5
 10
210.542
 20
183.243
 10
210.542
 20
180.643
 10
210.142
 20
180.643
 10
210.142
 20
183.243
 10
210.542
 20
183.243
 97
0
 92
3
 72
0
 73
1
 93
5
 10
208.642
 20
183.243
 10
208.642
 20
180.643
 10
208.242
 20
180.643
 10
208.242
 20
183.243
 10
208.642
 20
183.243
 97
0
 92
3
 72
0
 73
1
 93
5
 10
206.742
 20
183.243
 10
206.742
 20
180.643
 10
206.342
 20
180.643
 10
206.342
 20
183.243
 10
206.742
 20
183.243
 97
0
 92
3
 72
0
 73
1
 93
5
 10
204.842
 20
183.243
 10
204.842
 20
180.643
 10
204.442
 20
180.643
 10
204.442
 20
183.243
 10
204.842
 20
183.243
 97
0
 92
3
 72
0
 73
1
 93
5
 10
202.942
 20
183.243
 10
202.942
 20
180.643
 10
202.542
 20
180.643
 10
202.542
 20
183.243
 10
202.942
 20
183.243
 97
0
 92
3
 72
0
 73
1
 93
5
 10
201.042
 20
183.243
 10
201.042
 20
180.643
 10
200.642
 20
180.643
 10
200.642
 20
183.243
 10
201.042
 20
183.243
 97
0
 92
3
 72
0
 73
1
 93
5
 10
199.142
 20
183.243
 10
199.142
 20
180.643
 10
198.742
 20
180.643
 10
198.742
 20
183.243
 10
199.142
 20
183.243
 97
0
 75
0
 76
1
 98
0
  0
HATCH
  5
37F
330
17
100
AcDbEntity
  8
RASTER
 62
7
100
AcDbHatch
 10
0.0
 20
0.0
 30
0.0
210
0.0
220
0.0
230
1.0
  2
SOLID
 70
1
 71
0
 91
6
 92
3
 72
0
 73
1
 93
4
 10
195.742
 20
200.143
 10
195.742
 20
209.143
 10
183.842
 20
209.143
 10
183.842
 20
200.143
 97
0
 92
3
 72
0
 73
1
 93
5
 10
194.042
 20
200.643
 10
193.642
 20
200.643
 10
193.642
 20
208.643
 10
194.042
 20
208.643
 10
194.042
 20
200.643
 97
0
 92
3
 72
0
 73
1
 93
5
 10
192.142
 20
200.643
 10
191.742
 20
200.643
 10
191.742
 20
208.643
 10
192.142
 20
208.643
 10
192.142
 20
200.643
 97
0
 92
3
 72
0
 73
1
 93
5
 10
190.242
 20
200.643
 10
189.842
 20
200.643
 10
189.842
 20
208.643
 10
190.242
 20
208.643
 10
190.242
 20
200.643
 97
0
 92
3
 72
0
 73
1
 93
5
 10
188.342
 20
200.643
 10
187.942
 20
200.643
 10
187.942
 20
208.643
 10
188.342
 20
208.643
 10
188.342
 20
200.643
 97
0
 92
3
 72
0
 73
1
 93
5
 10
186.442
 20
200.643
 10
186.042
 20
200.643
 10
186.042
 20
208.643
 10
186.442
 20
208.643
 10
186.442
 20
200.643
 97
0
 75
0
 76
1
 98
0
  0
HATCH
  5
380
330
17
100
AcDbEntity
  8
RASTER
 62
7
100
AcDbHatch
 10
0.0
 20
0.0
 30
0.0
210
0.0
220
0.0
230
1.0
  2
SOLID
 70
1
 71
0
 91
8
 92
3
 72
0
 73
1
 93
4
 10
183.242
 20
196.243
 10
183.242
 20
213.043
 10
180.642
 20
213.043
 10
180.642
 20
196.243
 97
0
 92
3
 72
0
 73
1
 93
5
 10
183.242
 20
198.743
 10
180.642
 20
198.743
 10
180.642
 20
199.143
 10
183.242
 20
199.143
 10
183.242
 20
198.743
 97
0
 92
3
 72
0
 73
1
 93
5
 10
183.242
 20
200.643
 10
180.642
 20
200.643
 10
180.642
 20
201.043
 10
183.242
 20
201.043
 10
183.242
 20
200.643
 97
0
 92
3
 72
0
 73
1
 93
5
 10
183.242
 20
202.543
 10
180.642
 20
202.543
 10
180.642
 20
202.943
 10
183.242
 20
202.943
 10
183.242
 20
202.543
 97
0
 92
3
 72
0
 73
1
 93
5
 10
183.242
 20
204.443
 10
180.642
 20
204.443
 10
180.642
 20
204.843
 10
183.242
 20
204.843
 10
183.242
 20
204.443
 97
0
 92
3
 72
0
 73
1
 93
5
 10
183.242
 20
206.343
 10
180.642
 20
206.343
 10
180.642
 20
206.743
 10
183.242
 20
206.743
 10
183.242
 20
206.343
 97
0
 92
3
 72
0
 73
1
 93
5
 10
183.242
 20
208.243
 10
180.642
 20
208.243
 10
180.642
 20
208.643
 10
183.242
 20
208.643
 10
183.242
 20
208.243
 97
0
 92
3
 72
0
 73
1
 93
5
 10
183.242
 20
210.143
 10
180.642
 20
210.143
 10
180.642
 20
210.543
 10
183.242
 20
210.543
 10
183.242
 20
210.143
 97
0
 75
0
 76
1
 98
0
  0
ENDSEC
  0
SECTION
  2
OBJECTS
  0
DICTIONARY
  5
A
330
0
100
AcDbDictionary
281
1
  3
ACAD_COLOR
350
B
  3
ACAD_GROUP
350
C
  3
ACAD_LAYOUT
350
D
  3
ACAD_MATERIAL
350
E
  3
ACAD_MLEADERSTYLE
350
F
  3
ACAD_MLINESTYLE
350
10
  3
ACAD_PLOTSETTINGS
350
11
  3
ACAD_PLOTSTYLENAME
350
12
  3
ACAD_SCALELIST
350
14
  3
ACAD_TABLESTYLE
350
15
  3
ACAD_VISUALSTYLE
350
16
  3
EZDXF_META
350
2D
  0
DICTIONARY
  5
B
330
A
100
AcDbDictionary
281
1
  0
DICTIONARY
  5
C
330
A
100
AcDbDictionary
281
1
  0
DICTIONARY
  5
D
330
A
100
AcDbDictionary
281
1
  3
Model
350
1A
  3
Layout1
350
1E
  0
DICTIONARY
  5
E
330
A
100
AcDbDictionary
281
1
  3
ByBlock
350
1F
  3
ByLayer
350
20
  3
Global
350
21
  0
DICTIONARY
  5
F
330
A
100
AcDbDictionary
281
1
  3
Standard
350
2C
  0
DICTIONARY
  5
10
330
A
100
AcDbDictionary
281
1
  3
Standard
350
22
  0
DICTIONARY
  5
11
330
A
100
AcDbDictionary
281
1
  0
ACDBDICTIONARYWDFLT
  5
12
330
A
100
AcDbDictionary
281
1
  3
Normal
350
13
100
AcDbDictionaryWithDefault
340
13
  0
ACDBPLACEHOLDER
  5
13
330
12
  0
DICTIONARY
  5
14
330
A
100
AcDbDictionary
281
1
  0
DICTIONARY
  5
15
330
A
100
AcDbDictionary
281
1
  0
DICTIONARY
  5
16
330
A
100
AcDbDictionary
281
1
  0
LAYOUT
  5
1A
330
D
100
AcDbPlotSettings
  1

  4
A3
  6

 40
7.5
 41
20.0
 42
7.5
 43
20.0
 44
420.0
 45
297.0
 46
0.0
 47
0.0
 48
0.0
 49
0.0
140
0.0
141
0.0
142
1.0
143
1.0
 70
1024
 72
1
 73
0
 74
5
  7

 75
16
 76
0
 77
2
 78
300
147
1.0
148
0.0
149
0.0
100
AcDbLayout
  1
Model
 70
1
 71
0
 10
0.0
 20
0.0
 11
420.0
 21
297.0
 12
0.0
 22
0.0
 32
0.0
 14
1e+20
 24
1e+20
 34
1e+20
 15
-1e+20
 25
-1e+20
 35
-1e+20
146
0.0
 13
0.0
 23
0.0
 33
0.0
 16
1.0
 26
0.0
 36
0.0
 17
0.0
 27
1.0
 37
0.0
 76
1
330
17
  0
LAYOUT
  5
1E
330
D
100
AcDbPlotSettings
  1

  4
A3
  6

 40
7.5
 41
20.0
 42
7.5
 43
20.0
 44
420.0
 45
297.0
 46
0.0
 47
0.0
 48
0.0
 49
0.0
140
0.0
141
0.0
142
1.0
143
1.0
 70
0
 72
1
 73
0
 74
5
  7

 75
16
 76
0
 77
2
 78
300
147
1.0
148
0.0
149
0.0
100
AcDbLayout
  1
Layout1
 70
1
 71
1
 10
0.0
 20
0.0
 11
420.0
 21
297.0
 12
0.0
 22
0.0
 32
0.0
 14
1e+20
 24
1e+20
 34
1e+20
 15
-1e+20
 25
-1e+20
 35
-1e+20
146
0.0
 13
0.0
 23
0.0
 33
0.0
 16
1.0
 26
0.0
 36
0.0
 17
0.0
 27
1.0
 37
0.0
 76
1
330
1B
  0
MATERIAL
  5
1F
102
{ACAD_REACTORS
330
E
102
}
330
E
100
AcDbMaterial
  1
ByBlock
  2

 70
0
 40
1.0
 71
1
 41
1.0
 91
-1023410177
 42
1.0
 72
1
  3

 73
1
 74
1
 75
1
 44
0.5
 73
0
 45
1.0
 46
1.0
 77
1
  4

 78
1
 79
1
170
1
 48
1.0
171
1
  6

172
1
173
1
174
1
140
1.0
141
1.0
175
1
  7

176
1
177
1
178
1
143
1.0
179
1
  8

270
1
271
1
272
1
145
1.0
146
1.0
273
1
  9

274
1
275
1
276
1
 42
1.0
 72
1
  3

 73
1
 74
1
 75
1
 94
63
  0
MATERIAL
  5
20
102
{ACAD_REACTORS
330
E
102
}
330
E
100
AcDbMaterial
  1
ByLayer
  2

 70
0
 40
1.0
 71
1
 41
1.0
 91
-1023410177
 42
1.0
 72
1
  3

 73
1
 74
1
 75
1
 44
0.5
 73
0
 45
1.0
 46
1.0
 77
1
  4

 78
1
 79
1
170
1
 48
1.0
171
1
  6

172
1
173
1
174
1
140
1.0
141
1.0
175
1
  7

176
1
177
1
178
1
143
1.0
179
1
  8

270
1
271
1
272
1
145
1.0
146
1.0
273
1
  9

274
1
275
1
276
1
 42
1.0
 72
1
  3

 73
1
 74
1
 75
1
 94
63
  0
MATERIAL
  5
21
102
{ACAD_REACTORS
330
E
102
}
330
E
100
AcDbMaterial
  1
Global
  2

 70
0
 40
1.0
 71
1
 41
1.0
 91
-1023410177
 42
1.0
 72
1
  3

 73
1
 74
1
 75
1
 44
0.5
 73
0
 45
1.0
 46
1.0
 77
1
  4

 78
1
 79
1
170
1
 48
1.0
171
1
  6

172
1
173
1
174
1
140
1.0
141
1.0
175
1
  7

176
1
177
1
178
1
143
1.0
179
1
  8

270
1
271
1
272
1
145
1.0
146
1.0
273
1
  9

274
1
275
1
276
1
 42
1.0
 72
1
  3

 73
1
 74
1
 75
1
 94
63
  0
MLINESTYLE
  5
22
102
{ACAD_REACTORS
330
10
102
}
330
10
100
AcDbMlineStyle
  2
Standard
 70
0
  3

 62
256
 51
90.0
 52
90.0
 71
2
 49
0.5
 62
256
  6
BYLAYER
 49
-0.5
 62
256
  6
BYLAYER
  0
MLEADERSTYLE
  5
2C
102
{ACAD_REACTORS
330
F
102
}
330
F
100
AcDbMLeaderStyle
179
2
170
2
171
1
172
0
 90
2
 40
0.0
 41
0.0
173
1
 91
-1056964608
 92
-2
290
1
 42
2.0
291
1
 43
8.0
  3
Standard
 44
4.0
300

342
29
174
1
175
1
176
0
178
1
 93
-1056964608
 45
4.0
292
0
297
0
 46
4.0
 94
-1056964608
 47
1.0
 49
1.0
140
1.0
294
1
141
0.0
177
0
142
1.0
295
0
296
0
143
3.75
271
0
272
9
273
9
  0
DICTIONARY
  5
2D
330
A
100
AcDbDictionary
280
1
281
1
  3
CREATED_BY_EZDXF
350
2E
  3
WRITTEN_BY_EZDXF
350
383
  0
DICTIONARYVAR
  5
2E
330
2D
100
DictionaryVariables
280
0
  1
1.4.2 @ 2026-08-25T23:57:11.671461+00:00
  0
DICTIONARYVAR
  5
383
330
2D
100
DictionaryVariables
280
0
  1
1.4.2 @ 2026-08-25T23:57:11.692677+00:00
  0
ENDSEC
  0
EOF
