  0
SECTION
  2
HEADER
  9
$ACADVER
  1
AC1015
  9
$ACADMAINTVER
 70
6
  9
$DWGCODEPAGE
  3
ANSI_1252
  9
$INSBASE
 10
0.0
 20
0.0
 30
0.0
  9
$EXTMIN
 10
1e+20
 20
1e+20
 30
1e+20
  9
$EXTMAX
 10
-1e+20
 20
-1e+20
 30
-1e+20
  9
$LIMMIN
 10
0.0
 20
0.0
  9
$LIMMAX
 10
420.0
 20
297.0
  9
$ORTHOMODE
 70
0
  9
$REGENMODE
 70
1
  9
$FILLMODE
 70
1
  9
$QTEXTMODE
 70
0
  9
$MIRRTEXT
 70
1
  9
$LTSCALE
 40
1.0
  9
$ATTMODE
 70
1
  9
$TEXTSIZE
 40
2.5
  9
$TRACEWID
 40
1.0
  9
$TEXTSTYLE
  7
Standard
  9
$CLAYER
  8
0
  9
$CELTYPE
  6
ByLayer
  9
$CECOLOR
 62
256
  9
$CELTSCALE
 40
1.0
  9
$DISPSILH
 70
0
  9
$DIMSCALE
 40
1.0
  9
$DIMASZ
 40
2.5
  9
$DIMEXO
 40
0.625
  9
$DIMDLI
 40
3.75
  9
$DIMRND
 40
0.0
  9
$DIMDLE
 40
0.0
  9
$DIMEXE
 40
1.25
  9
$DIMTP
 40
0.0
  9
$DIMTM
 40
0.0
  9
$DIMTXT
 40
2.5
  9
$DIMCEN
 40
2.5
  9
$DIMTSZ
 40
0.0
  9
$DIMTOL
 70
0
  9
$DIMLIM
 70
0
  9
$DIMTIH
 70
0
  9
$DIMTOH
 70
0
  9
$DIMSE1
 70
0
  9
$DIMSE2
 70
0
  9
$DIMTAD
 70
1
  9
$DIMZIN
 70
8
  9
$DIMBLK
  1

  9
$DIMASO
 70
1
  9
$DIMSHO
 70
1
  9
$DIMPOST
  1

  9
$DIMAPOST
  1

  9
$DIMALT
 70
0
  9
$DIMALTD
 70
3
  9
$DIMALTF
 40
0.03937007874
  9
$DIMLFAC
 40
1.0
  9
$DIMTOFL
 70
1
  9
$DIMTVP
 40
0.0
  9
$DIMTIX
 70
0
  9
$DIMSOXD
 70
0
  9
$DIMSAH
 70
0
  9
$DIMBLK1
  1

  9
$DIMBLK2
  1

  9
$DIMSTYLE
  2
ISO-25
  9
$DIMCLRD
 70
0
  9
$DIMCLRE
 70
0
  9
$DIMCLRT
 70
0
  9
$DIMTFAC
 40
1.0
  9
$DIMGAP
 40
0.625
  9
$DIMJUST
 70
0
  9
$DIMSD1
 70
0
  9
$DIMSD2
 70
0
  9
$DIMTOLJ
 70
0
  9
$DIMTZIN
 70
8
  9
$DIMALTZ
 70
0
  9
$DIMALTTZ
 70
0
  9
$DIMUPT
 70
0
  9
$DIMDEC
 70
2
  9
$DIMTDEC
 70
2
  9
$DIMALTU
 70
2
  9
$DIMALTTD
 70
3
  9
$DIMTXSTY
  7
Standard
  9
$DIMAUNIT
 70
0
  9
$DIMADEC
 70
0
  9
$DIMALTRND
 40
0.0
  9
$DIMAZIN
 70
0
  9
$DIMDSEP
 70
44
  9
$DIMATFIT
 70
3
  9
$DIMFRAC
 70
0
  9
$DIMLDRBLK
  1

  9
$DIMLUNIT
 70
2
  9
$DIMLWD
 70
-2
  9
$DIMLWE
 70
-2
  9
$DIMTMOVE
 70
0
  9
$LUNITS
 70
2
  9
$LUPREC
 70
4
  9
$SKETCHINC
 40
1.0
  9
$FILLETRAD
 40
10.0
  9
$AUNITS
 70
0
  9
$AUPREC
 70
2
  9
$MENU
  1
.
  9
$ELEVATION
 40
0.0
  9
$PELEVATION
 40
0.0
  9
$THICKNESS
 40
0.0
  9
$LIMCHECK
 70
0
  9
$CHAMFERA
 40
0.0
  9
$CHAMFERB
 40
0.0
  9
$CHAMFERC
 40
0.0
  9
$CHAMFERD
 40
0.0
  9
$SKPOLY
 70
0
  9
$TDCREATE
 40
2461278.831388889
  9
$TDUCREATE
 40
2458532.153996898
  9
$TDUPDATE
 40
2461278.831388889
  9
$TDUUPDATE
 40
2458532.1544311
  9
$TDINDWG
 40
0.0
  9
$TDUSRTIMER
 40
0.0
  9
$USRTIMER
 70
1
  9
$ANGBASE
 50
0.0
  9
$ANGDIR
 70
0
  9
$PDMODE
 70
0
  9
$PDSIZE
 40
0.0
  9
$PLINEWID
 40
0.0
  9
$SPLFRAME
 70
0
  9
$SPLINETYPE
 70
6
  9
$SPLINESEGS
 70
8
  9
$HANDSEED
  5
160
  9
$SURFTAB1
 70
6
  9
$SURFTAB2
 70
6
  9
$SURFTYPE
 70
6
  9
$SURFU
 70
6
  9
$SURFV
 70
6
  9
$UCSBASE
  2

  9
$UCSNAME
  2

  9
$UCSORG
 10
0.0
 20
0.0
 30
0.0
  9
$UCSXDIR
 10
1.0
 20
0.0
 30
0.0
  9
$UCSYDIR
 10
0.0
 20
1.0
 30
0.0
  9
$UCSORTHOREF
  2

  9
$UCSORTHOVIEW
 70
0
  9
$UCSORGTOP
 10
0.0
 20
0.0
 30
0.0
  9
$UCSORGBOTTOM
 10
0.0
 20
0.0
 30
0.0
  9
$UCSORGLEFT
 10
0.0
 20
0.0
 30
0.0
  9
$UCSORGRIGHT
 10
0.0
 20
0.0
 30
0.0
  9
$UCSORGFRONT
 10
0.0
 20
0.0
 30
0.0
  9
$UCSORGBACK
 10
0.0
 20
0.0
 30
0.0
  9
$PUCSBASE
  2

  9
$PUCSNAME
  2

  9
$PUCSORG
 10
0.0
 20
0.0
 30
0.0
  9
$PUCSXDIR
 10
1.0
 20
0.0
 30
0.0
  9
$PUCSYDIR
 10
0.0
 20
1.0
 30
0.0
  9
$PUCSORTHOREF
  2

  9
$PUCSORTHOVIEW
 70
0
  9
$PUCSORGTOP
 10
0.0
 20
0.0
 30
0.0
  9
$PUCSORGBOTTOM
 10
0.0
 20
0.0
 30
0.0
  9
$PUCSORGLEFT
 10
0.0
 20
0.0
 30
0.0
  9
$PUCSORGRIGHT
 10
0.0
 20
0.0
 30
0.0
  9
$PUCSORGFRONT
 10
0.0
 20
0.0
 30
0.0
  9
$PUCSORGBACK
 10
0.0
 20
0.0
 30
0.0
  9
$USERI1
 70
0
  9
$USERI2
 70
0
  9
$USERI3
 70
0
  9
$USERI4
 70
0
  9
$USERI5
 70
0
  9
$USERR1
 40
0.0
  9
$USERR2
 40
0.0
  9
$USERR3
 40
0.0
  9
$USERR4
 40
0.0
  9
$USERR5
 40
0.0
  9
$WORLDVIEW
 70
1
  9
$SHADEDGE
 70
3
  9
$SHADEDIF
 70
70
  9
$TILEMODE
 70
1
  9
$MAXACTVP
 70
64
  9
$PINSBASE
 10
0.0
 20
0.0
 30
0.0
  9
$PLIMCHECK
 70
0
  9
$PEXTMIN
 10
1e+20
 20
1e+20
 30
1e+20
  9
$PEXTMAX
 10
-1e+20
 20
-1e+20
 30
-1e+20
  9
$PLIMMIN
 10
0.0
 20
0.0
  9
$PLIMMAX
 10
420.0
 20
297.0
  9
$UNITMODE
 70
0
  9
$VISRETAIN
 70
1
  9
$PLINEGEN
 70
0
  9
$PSLTSCALE
 70
1
  9
$TREEDEPTH
 70
3020
  9
$CMLSTYLE
  2
Standard
  9
$CMLJUST
 70
0
  9
$CMLSCALE
 40
20.0
  9
$PROXYGRAPHICS
 70
1
  9
$MEASUREMENT
 70
1
  9
$CELWEIGHT
370
-1
  9
$ENDCAPS
280
0
  9
$JOINSTYLE
280
0
  9
$LWDISPLAY
290
0
  9
$INSUNITS
 70
4
  9
$HYPERLINKBASE
  1

  9
$STYLESHEET
  1

  9
$XEDIT
290
1
  9
$CEPSNTYPE
380
0
  9
$PSTYLEMODE
290
1
  9
$FINGERPRINTGUID
  2
{8DF44858-447F-456F-8062-E9839227A055}
  9
$VERSIONGUID
  2
{23D15946-FC5C-4EE1-A536-3B3FDC8DFEF5}
  9
$EXTNAMES
290
1
  9
$PSVPSCALE
 40
0.0
  9
$OLESTARTUP
290
0
  0
ENDSEC
  0
SECTION
  2
CLASSES
  0
CLASS
  1
ACDBDICTIONARYWDFLT
  2
AcDbDictionaryWithDefault
  3
ObjectDBX Classes
 90
0
280
0
281
0
  0
CLASS
  1
SUN
  2
AcDbSun
  3
SCENEOE
 90
1153
280
0
281
0
  0
CLASS
  1
VISUALSTYLE
  2
AcDbVisualStyle
  3
ObjectDBX Classes
 90
4095
280
0
281
0
  0
CLASS
  1
MATERIAL
  2
AcDbMaterial
  3
ObjectDBX Classes
 90
1153
280
0
281
0
  0
CLASS
  1
SCALE
  2
AcDbScale
  3
ObjectDBX Classes
 90
1153
280
0
281
0
  0
CLASS
  1
TABLESTYLE
  2
AcDbTableStyle
  3
ObjectDBX Classes
 90
4095
280
0
281
0
  0
CLASS
  1
MLEADERSTYLE
  2
AcDbMLeaderStyle
  3
ACDB_MLEADERSTYLE_CLASS
 90
4095
280
0
281
0
  0
CLASS
  1
DICTIONARYVAR
  2
AcDbDictionaryVar
  3
ObjectDBX Classes
 90
0
280
0
281
0
  0
CLASS
  1
CELLSTYLEMAP
  2
AcDbCellStyleMap
  3
ObjectDBX Classes
 90
1152
280
0
281
0
  0
CLASS
  1
MENTALRAYRENDERSETTINGS
  2
AcDbMentalRayRenderSettings
  3
SCENEOE
 90
1024
280
0
281
0
  0
CLASS
  1
ACDBDETAILVIEWSTYLE
  2
AcDbDetailViewStyle
  3
ObjectDBX Classes
 90
1025
280
0
281
0
  0
CLASS
  1
ACDBSECTIONVIEWSTYLE
  2
AcDbSectionViewStyle
  3
ObjectDBX Classes
 90
1025
280
0
281
0
  0
CLASS
  1
RASTERVARIABLES
  2
AcDbRasterVariables
  3
ISM
 90
0
280
0
281
0
  0
CLASS
  1
ACDBPLACEHOLDER
  2
AcDbPlaceHolder
  3
ObjectDBX Classes
 90
0
280
0
281
0
  0
CLASS
  1
LAYOUT
  2
AcDbLayout
  3
ObjectDBX Classes
 90
0
280
0
281
0
  0
ENDSEC
  0
SECTION
  2
TABLES
  0
TABLE
  2
VPORT
  5
8
330
0
100
AcDbSymbolTable
 70
1
  0
VPORT
  5
23
330
8
100
AcDbSymbolTableRecord
100
AcDbViewportTableRecord
  2
*Active
 70
0
 10
0.0
 20
0.0
 11
1.0
 21
1.0
 12
0.0
 22
0.0
 13
0.0
 23
0.0
 14
0.5
 24
0.5
 15
0.5
 25
0.5
 16
0.0
 26
0.0
 36
1.0
 17
0.0
 27
0.0
 37
0.0
 40
1000.0
 41
1.34
 42
50.0
 43
0.0
 44
0.0
 50
0.0
 51
0.0
 71
0
 72
1000
 73
1
 74
3
 75
0
 76
0
 77
0
 78
0
281
0
 65
0
146
0.0
  0
ENDTAB
  0
TABLE
  2
LTYPE
  5
2
330
0
100
AcDbSymbolTable
 70
3
  0
LTYPE
  5
24
330
2
100
AcDbSymbolTableRecord
100
AcDbLinetypeTableRecord
  2
ByBlock
 70
0
  3

 72
65
 73
0
 40
0.0
  0
LTYPE
  5
25
330
2
100
AcDbSymbolTableRecord
100
AcDbLinetypeTableRecord
  2
ByLayer
 70
0
  3

 72
65
 73
0
 40
0.0
  0
LTYPE
  5
26
330
2
100
AcDbSymbolTableRecord
100
AcDbLinetypeTableRecord
  2
Continuous
 70
0
  3

 72
65
 73
0
 40
0.0
  0
ENDTAB
  0
TABLE
  2
LAYER
  5
1
330
0
100
AcDbSymbolTable
 70
4
  0
LAYER
  5
27
330
1
100
AcDbSymbolTableRecord
100
AcDbLayerTableRecord
  2
0
 70
0
 62
7
  6
Continuous
370
-3
390
13
  0
LAYER
  5
28
330
1
100
AcDbSymbolTableRecord
100
AcDbLayerTableRecord
  2
Defpoints
 70
0
 62
7
  6
Continuous
290
0
370
-3
390
13
  0
LAYER
  5
2F
330
1
100
AcDbSymbolTableRecord
100
AcDbLayerTableRecord
  2
CUT
 70
0
 62
1
  6
Continuous
370
-3
390
13
  0
LAYER
  5
30
330
1
100
AcDbSymbolTableRecord
100
AcDbLayerTableRecord
  2
RASTER
 70
0
 62
7
  6
Continuous
370
-3
390
13
  0
ENDTAB
  0
TABLE
  2
STYLE
  5
5
330
0
100
AcDbSymbolTable
 70
1
  0
STYLE
  5
29
330
5
100
AcDbSymbolTableRecord
100
AcDbTextStyleTableRecord
  2
Standard
 70
0
 40
0.0
 41
1.0
 50
0.0
 71
0
 42
2.5
  3
txt
  4

  0
ENDTAB
  0
TABLE
  2
VIEW
  5
7
330
0
100
AcDbSymbolTable
 70
0
  0
ENDTAB
  0
TABLE
  2
UCS
  5
6
330
0
100
AcDbSymbolTable
 70
0
  0
ENDTAB
  0
TABLE
  2
APPID
  5
3
330
0
100
AcDbSymbolTable
 70
3
  0
APPID
  5
2A
330
3
100
AcDbSymbolTableRecord
100
AcDbRegAppTableRecord
  2
ACAD
 70
0
  0
APPID
  5
15D
330
3
100
AcDbSymbolTableRecord
100
AcDbRegAppTableRecord
  2
HATCHBACKGROUNDCOLOR
 70
0
  0
APPID
  5
15E
330
3
100
AcDbSymbolTableRecord
100
AcDbRegAppTableRecord
  2
EZDXF
 70
0
  0
ENDTAB
  0
TABLE
  2
DIMSTYLE
  5
4
330
0
100
AcDbSymbolTable
 70
1
100
AcDbDimStyleTable
  0
DIMSTYLE
105
2B
330
4
100
AcDbSymbolTableRecord
100
AcDbDimStyleTableRecord
  2
Standard
 70
0
  3

  4

 40
1.0
 41
2.5
 42
0.625
 43
3.75
 44
1.25
 45
0.0
 46
0.0
 47
0.0
 48
0.0
140
2.5
141
2.5
142
0.0
143
0.03937007874
144
1.0
145
0.0
146
1.0
147
0.625
148
0.0
 71
0
 72
0
 73
0
 74
0
 75
0
 76
0
 77
1
 78
8
 79
3
170
0
171
3
172
1
173
0
174
0
175
0
176
0
177
0
178
0
179
2
271
2
272
2
273
2
274
3
275
0
276
0
277
2
278
44
279
0
280
0
281
0
282
0
283
0
284
8
285
0
286
0
288
0
289
3
371
-2
372
-2
  0
ENDTAB
  0
TABLE
  2
BLOCK_RECORD
  5
9
330
0
100
AcDbSymbolTable
 70
2
  0
BLOCK_RECORD
  5
17
330
9
100
AcDbSymbolTableRecord
100
AcDbBlockTableRecord
  2
*Model_Space
340
1A
  0
BLOCK_RECORD
  5
1B
330
9
100
AcDbSymbolTableRecord
100
AcDbBlockTableRecord
  2
*Paper_Space
340
1E
  0
ENDTAB
  0
ENDSEC
  0
SECTION
  2
BLOCKS
  0
BLOCK
  5
18
330
17
100
AcDbEntity
  8
0
100
AcDbBlockBegin
  2
*Model_Space
 70
0
 10
0.0
 20
0.0
 30
0.0
  3
*Model_Space
  1

  0
ENDBLK
  5
19
330
17
100
AcDbEntity
  8
0
100
AcDbBlockEnd
  0
BLOCK
  5
1C
330
1B
100
AcDbEntity
  8
0
100
AcDbBlockBegin
  2
*Paper_Space
 70
0
 10
0.0
 20
0.0
 30
0.0
  3
*Paper_Space
  1

  0
ENDBLK
  5
1D
330
1B
100
AcDbEntity
  8
0
100
AcDbBlockEnd
  0
ENDSEC
  0
SECTION
  2
ENTITIES
  0
LWPOLYLINE
  5
31
330
17
100
AcDbEntity
  8
CUT
100
AcDbPolyline
 90
40
 70
1
 10
7.1
 20
329.15
 10
80.9
 20
329.15
 10
84.04
 20
329.15
 10
84.04
 20
323.437
 10
80.94
 20
323.437
 10
80.94
 20
317.883
 10
84.04
 20
317.883
 10
84.04
 20
312.17
 10
80.9
 20
312.17
 10
75.263
 20
312.17
 10
75.263
 20
309.07
 10
69.506
 20
309.07
 10
69.506
 20
312.17
 10
63.909
 20
312.17
 10
63.909
 20
309.07
 10
58.152
 20
309.07
 10
58.152
 20
312.17
 10
52.555
 20
312.17
 10
52.555
 20
309.07
 10
46.798
 20
309.07
 10
46.798
 20
312.17
 10
41.202
 20
312.17
 10
41.202
 20
309.07
 10
35.445
 20
309.07
 10
35.445
 20
312.17
 10
29.848
 20
312.17
 10
29.848
 20
309.07
 10
24.091
 20
309.07
 10
24.091
 20
312.17
 10
18.494
 20
312.17
 10
18.494
 20
309.07
 10
12.737
 20
309.07
 10
12.737
 20
312.17
 10
7.1
 20
312.17
 10
3.96
 20
312.17
 10
3.96
 20
317.883
 10
7.06
 20
317.883
 10
7.06
 20
323.437
 10
3.96
 20
323.437
 10
3.96
 20
329.15
  0
HATCH
  5
32
330
17
100
AcDbEntity
  8
RASTER
 62
7
100
AcDbHatch
 10
0.0
 20
0.0
 30
0.0
210
0.0
220
0.0
230
1.0
  2
SOLID
 70
1
 71
0
 91
1
 92
3
 72
0
 73
1
 93
4
 10
8.1
 20
325.21
 10
79.9
 20
325.21
 10
79.9
 20
324.61
 10
8.1
 20
324.61
 97
0
 75
0
 76
1
 98
0
  0
HATCH
  5
33
330
17
100
AcDbEntity
  8
RASTER
 62
7
100
AcDbHatch
 10
0.0
 20
0.0
 30
0.0
210
0.0
220
0.0
230
1.0
  2
SOLID
 70
1
 71
0
 91
1
 92
3
 72
0
 73
1
 93
4
 10
8.1
 20
321.01
 10
79.9
 20
321.01
 10
79.9
 20
320.41
 10
8.1
 20
320.41
 97
0
 75
0
 76
1
 98
0
  0
HATCH
  5
34
330
17
100
AcDbEntity
  8
RASTER
 62
7
100
AcDbHatch
 10
0.0
 20
0.0
 30
0.0
210
0.0
220
0.0
230
1.0
  2
SOLID
 70
1
 71
0
 91
1
 92
3
 72
0
 73
1
 93
4
 10
8.1
 20
316.81
 10
79.9
 20
316.81
 10
79.9
 20
316.21
 10
8.1
 20
316.21
 97
0
 75
0
 76
1
 98
0
  0
HATCH
  5
35
330
17
100
AcDbEntity
  8
RASTER
 62
7
100
AcDbHatch
 10
0.0
 20
0.0
 30
0.0
210
0.0
220
0.0
230
1.0
  2
SOLID
 70
1
 71
0
 91
1
 92
3
 72
0
 73
1
 93
4
 10
22.0
 20
329.11
 10
26.0
 20
329.11
 10
26.0
 20
312.21
 10
22.0
 20
312.21
 97
0
 75
0
 76
1
 98
0
  0
HATCH
  5
36
330
17
100
AcDbEntity
  8
RASTER
 62
7
100
AcDbHatch
 10
0.0
 20
0.0
 30
0.0
210
0.0
220
0.0
230
1.0
  2
SOLID
 70
1
 71
0
 91
1
 92
3
 72
0
 73
1
 93
48
 10
24.55
 20
325.73
 10
24.545
 20
325.658
 10
24.531
 20
325.588
 10
24.508
 20
325.52
 10
24.476
 20
325.455
 10
24.436
 20
325.395
 10
24.389
 20
325.341
 10
24.335
 20
325.294
 10
24.275
 20
325.254
 10
24.21
 20
325.222
 10
24.142
 20
325.199
 10
24.072
 20
325.185
 10
24.0
 20
325.18
 10
23.928
 20
325.185
 10
23.858
 20
325.199
 10
23.79
 20
325.222
 10
23.725
 20
325.254
 10
23.665
 20
325.294
 10
23.611
 20
325.341
 10
23.564
 20
325.395
 10
23.524
 20
325.455
 10
23.492
 20
325.52
 10
23.469
 20
325.588
 10
23.455
 20
325.658
 10
23.45
 20
325.73
 10
23.455
 20
325.802
 10
23.469
 20
325.872
 10
23.492
 20
325.94
 10
23.524
 20
326.005
 10
23.564
 20
326.065
 10
23.611
 20
326.119
 10
23.665
 20
326.166
 10
23.725
 20
326.206
 10
23.79
 20
326.238
 10
23.858
 20
326.261
 10
23.928
 20
326.275
 10
24.0
 20
326.28
 10
24.072
 20
326.275
 10
24.142
 20
326.261
 10
24.21
 20
326.238
 10
24.275
 20
326.206
 10
24.335
 20
326.166
 10
24.389
 20
326.119
 10
24.436
 20
326.065
 10
24.476
 20
326.005
 10
24.508
 20
325.94
 10
24.531
 20
325.872
 10
24.545
 20
325.802
 97
0
 75
0
 76
1
 98
0
  0
HATCH
  5
37
330
17
100
AcDbEntity
  8
RASTER
 62
7
100
AcDbHatch
 10
0.0
 20
0.0
 30
0.0
210
0.0
220
0.0
230
1.0
  2
SOLID
 70
1
 71
0
 91
1
 92
3
 72
0
 73
1
 93
48
 10
24.55
 20
320.66
 10
24.545
 20
320.588
 10
24.531
 20
320.518
 10
24.508
 20
320.45
 10
24.476
 20
320.385
 10
24.436
 20
320.325
 10
24.389
 20
320.271
 10
24.335
 20
320.224
 10
24.275
 20
320.184
 10
24.21
 20
320.152
 10
24.142
 20
320.129
 10
24.072
 20
320.115
 10
24.0
 20
320.11
 10
23.928
 20
320.115
 10
23.858
 20
320.129
 10
23.79
 20
320.152
 10
23.725
 20
320.184
 10
23.665
 20
320.224
 10
23.611
 20
320.271
 10
23.564
 20
320.325
 10
23.524
 20
320.385
 10
23.492
 20
320.45
 10
23.469
 20
320.518
 10
23.455
 20
320.588
 10
23.45
 20
320.66
 10
23.455
 20
320.732
 10
23.469
 20
320.802
 10
23.492
 20
320.87
 10
23.524
 20
320.935
 10
23.564
 20
320.995
 10
23.611
 20
321.049
 10
23.665
 20
321.096
 10
23.725
 20
321.136
 10
23.79
 20
321.168
 10
23.858
 20
321.191
 10
23.928
 20
321.205
 10
24.0
 20
321.21
 10
24.072
 20
321.205
 10
24.142
 20
321.191
 10
24.21
 20
321.168
 10
24.275
 20
321.136
 10
24.335
 20
321.096
 10
24.389
 20
321.049
 10
24.436
 20
320.995
 10
24.476
 20
320.935
 10
24.508
 20
320.87
 10
24.531
 20
320.802
 10
24.545
 20
320.732
 97
0
 75
0
 76
1
 98
0
  0
HATCH
  5
38
330
17
100
AcDbEntity
  8
RASTER
 62
7
100
AcDbHatch
 10
0.0
 20
0.0
 30
0.0
210
0.0
220
0.0
230
1.0
  2
SOLID
 70
1
 71
0
 91
1
 92
3
 72
0
 73
1
 93
48
 10
24.55
 20
315.59
 10
24.545
 20
315.518
 10
24.531
 20
315.448
 10
24.508
 20
315.38
 10
24.476
 20
315.315
 10
24.436
 20
315.255
 10
24.389
 20
315.201
 10
24.335
 20
315.154
 10
24.275
 20
315.114
 10
24.21
 20
315.082
 10
24.142
 20
315.059
 10
24.072
 20
315.045
 10
24.0
 20
315.04
 10
23.928
 20
315.045
 10
23.858
 20
315.059
 10
23.79
 20
315.082
 10
23.725
 20
315.114
 10
23.665
 20
315.154
 10
23.611
 20
315.201
 10
23.564
 20
315.255
 10
23.524
 20
315.315
 10
23.492
 20
315.38
 10
23.469
 20
315.448
 10
23.455
 20
315.518
 10
23.45
 20
315.59
 10
23.455
 20
315.662
 10
23.469
 20
315.732
 10
23.492
 20
315.8
 10
23.524
 20
315.865
 10
23.564
 20
315.925
 10
23.611
 20
315.979
 10
23.665
 20
316.026
 10
23.725
 20
316.066
 10
23.79
 20
316.098
 10
23.858
 20
316.121
 10
23.928
 20
316.135
 10
24.0
 20
316.14
 10
24.072
 20
316.135
 10
24.142
 20
316.121
 10
24.21
 20
316.098
 10
24.275
 20
316.066
 10
24.335
 20
316.026
 10
24.389
 20
315.979
 10
24.436
 20
315.925
 10
24.476
 20
315.865
 10
24.508
 20
315.8
 10
24.531
 20
315.732
 10
24.545
 20
315.662
 97
0
 75
0
 76
1
 98
0
  0
HATCH
  5
39
330
17
100
AcDbEntity
  8
RASTER
 62
7
100
AcDbHatch
 10
0.0
 20
0.0
 30
0.0
210
0.0
220
0.0
230
1.0
  2
SOLID
 70
1
 71
0
 91
1
 92
3
 72
0
 73
1
 93
4
 10
62.0
 20
329.11
 10
66.0
 20
329.11
 10
66.0
 20
312.21
 10
62.0
 20
312.21
 97
0
 75
0
 76
1
 98
0
  0
HATCH
  5
3A
330
17
100
AcDbEntity
  8
RASTER
 62
7
100
AcDbHatch
 10
0.0
 20
0.0
 30
0.0
210
0.0
220
0.0
230
1.0
  2
SOLID
 70
1
 71
0
 91
1
 92
3
 72
0
 73
1
 93
48
 10
64.55
 20
325.73
 10
64.545
 20
325.658
 10
64.531
 20
325.588
 10
64.508
 20
325.52
 10
64.476
 20
325.455
 10
64.436
 20
325.395
 10
64.389
 20
325.341
 10
64.335
 20
325.294
 10
64.275
 20
325.254
 10
64.21
 20
325.222
 10
64.142
 20
325.199
 10
64.072
 20
325.185
 10
64.0
 20
325.18
 10
63.928
 20
325.185
 10
63.858
 20
325.199
 10
63.79
 20
325.222
 10
63.725
 20
325.254
 10
63.665
 20
325.294
 10
63.611
 20
325.341
 10
63.564
 20
325.395
 10
63.524
 20
325.455
 10
63.492
 20
325.52
 10
63.469
 20
325.588
 10
63.455
 20
325.658
 10
63.45
 20
325.73
 10
63.455
 20
325.802
 10
63.469
 20
325.872
 10
63.492
 20
325.94
 10
63.524
 20
326.005
 10
63.564
 20
326.065
 10
63.611
 20
326.119
 10
63.665
 20
326.166
 10
63.725
 20
326.206
 10
63.79
 20
326.238
 10
63.858
 20
326.261
 10
63.928
 20
326.275
 10
64.0
 20
326.28
 10
64.072
 20
326.275
 10
64.142
 20
326.261
 10
64.21
 20
326.238
 10
64.275
 20
326.206
 10
64.335
 20
326.166
 10
64.389
 20
326.119
 10
64.436
 20
326.065
 10
64.476
 20
326.005
 10
64.508
 20
325.94
 10
64.531
 20
325.872
 10
64.545
 20
325.802
 97
0
 75
0
 76
1
 98
0
  0
HATCH
  5
3B
330
17
100
AcDbEntity
  8
RASTER
 62
7
100
AcDbHatch
 10
0.0
 20
0.0
 30
0.0
210
0.0
220
0.0
230
1.0
  2
SOLID
 70
1
 71
0
 91
1
 92
3
 72
0
 73
1
 93
48
 10
64.55
 20
320.66
 10
64.545
 20
320.588
 10
64.531
 20
320.518
 10
64.508
 20
320.45
 10
64.476
 20
320.385
 10
64.436
 20
320.325
 10
64.389
 20
320.271
 10
64.335
 20
320.224
 10
64.275
 20
320.184
 10
64.21
 20
320.152
 10
64.142
 20
320.129
 10
64.072
 20
320.115
 10
64.0
 20
320.11
 10
63.928
 20
320.115
 10
63.858
 20
320.129
 10
63.79
 20
320.152
 10
63.725
 20
320.184
 10
63.665
 20
320.224
 10
63.611
 20
320.271
 10
63.564
 20
320.325
 10
63.524
 20
320.385
 10
63.492
 20
320.45
 10
63.469
 20
320.518
 10
63.455
 20
320.588
 10
63.45
 20
320.66
 10
63.455
 20
320.732
 10
63.469
 20
320.802
 10
63.492
 20
320.87
 10
63.524
 20
320.935
 10
63.564
 20
320.995
 10
63.611
 20
321.049
 10
63.665
 20
321.096
 10
63.725
 20
321.136
 10
63.79
 20
321.168
 10
63.858
 20
321.191
 10
63.928
 20
321.205
 10
64.0
 20
321.21
 10
64.072
 20
321.205
 10
64.142
 20
321.191
 10
64.21
 20
321.168
 10
64.275
 20
321.136
 10
64.335
 20
321.096
 10
64.389
 20
321.049
 10
64.436
 20
320.995
 10
64.476
 20
320.935
 10
64.508
 20
320.87
 10
64.531
 20
320.802
 10
64.545
 20
320.732
 97
0
 75
0
 76
1
 98
0
  0
HATCH
  5
3C
330
17
100
AcDbEntity
  8
RASTER
 62
7
100
AcDbHatch
 10
0.0
 20
0.0
 30
0.0
210
0.0
220
0.0
230
1.0
  2
SOLID
 70
1
 71
0
 91
1
 92
3
 72
0
 73
1
 93
48
 10
64.55
 20
315.59
 10
64.545
 20
315.518
 10
64.531
 20
315.448
 10
64.508
 20
315.38
 10
64.476
 20
315.315
 10
64.436
 20
315.255
 10
64.389
 20
315.201
 10
64.335
 20
315.154
 10
64.275
 20
315.114
 10
64.21
 20
315.082
 10
64.142
 20
315.059
 10
64.072
 20
315.045
 10
64.0
 20
315.04
 10
63.928
 20
315.045
 10
63.858
 20
315.059
 10
63.79
 20
315.082
 10
63.725
 20
315.114
 10
63.665
 20
315.154
 10
63.611
 20
315.201
 10
63.564
 20
315.255
 10
63.524
 20
315.315
 10
63.492
 20
315.38
 10
63.469
 20
315.448
 10
63.455
 20
315.518
 10
63.45
 20
315.59
 10
63.455
 20
315.662
 10
63.469
 20
315.732
 10
63.492
 20
315.8
 10
63.524
 20
315.865
 10
63.564
 20
315.925
 10
63.611
 20
315.979
 10
63.665
 20
316.026
 10
63.725
 20
316.066
 10
63.79
 20
316.098
 10
63.858
 20
316.121
 10
63.928
 20
316.135
 10
64.0
 20
316.14
 10
64.072
 20
316.135
 10
64.142
 20
316.121
 10
64.21
 20
316.098
 10
64.275
 20
316.066
 10
64.335
 20
316.026
 10
64.389
 20
315.979
 10
64.436
 20
315.925
 10
64.476
 20
315.865
 10
64.508
 20
315.8
 10
64.531
 20
315.732
 10
64.545
 20
315.662
 97
0
 75
0
 76
1
 98
0
  0
HATCH
  5
3D
330
17
100
AcDbEntity
  8
RASTER
 62
7
100
AcDbHatch
 10
0.0
 20
0.0
 30
0.0
210
0.0
220
0.0
230
1.0
  2
SOLID
 70
1
 71
0
 91
3
 92
3
 72
0
 73
1
 93
36
 10
40.0
 20
323.46
 10
40.019
 20
323.741
 10
40.075
 20
323.985
 10
40.169
 20
324.191
 10
40.3
 20
324.36
 10
40.469
 20
324.491
 10
40.675
 20
324.585
 10
40.919
 20
324.641
 10
41.2
 20
324.66
 10
46.8
 20
324.66
 10
47.081
 20
324.641
 10
47.325
 20
324.585
 10
47.531
 20
324.491
 10
47.7
 20
324.36
 10
47.831
 20
324.191
 10
47.925
 20
323.985
 10
47.981
 20
323.741
 10
48.0
 20
323.46
 10
48.0
 20
317.86
 10
47.981
 20
317.579
 10
47.925
 20
317.335
 10
47.831
 20
317.129
 10
47.7
 20
316.96
 10
47.531
 20
316.829
 10
47.325
 20
316.735
 10
47.081
 20
316.679
 10
46.8
 20
316.66
 10
41.2
 20
316.66
 10
40.919
 20
316.679
 10
40.675
 20
316.735
 10
40.469
 20
316.829
 10
40.3
 20
316.96
 10
40.169
 20
317.129
 10
40.075
 20
317.335
 10
40.019
 20
317.579
 10
40.0
 20
317.86
 97
0
 92
3
 72
0
 73
1
 93
48
 10
45.1
 20
321.66
 10
45.091
 20
321.516
 10
45.063
 20
321.375
 10
45.016
 20
321.239
 10
44.953
 20
321.11
 10
44.873
 20
320.99
 10
44.778
 20
320.882
 10
44.67
 20
320.787
 10
44.55
 20
320.707
 10
44.421
 20
320.644
 10
44.285
 20
320.597
 10
44.144
 20
320.569
 10
44.0
 20
320.56
 10
43.856
 20
320.569
 10
43.715
 20
320.597
 10
43.579
 20
320.644
 10
43.45
 20
320.707
 10
43.33
 20
320.787
 10
43.222
 20
320.882
 10
43.127
 20
320.99
 10
43.047
 20
321.11
 10
42.984
 20
321.239
 10
42.937
 20
321.375
 10
42.909
 20
321.516
 10
42.9
 20
321.66
 10
42.909
 20
321.804
 10
42.937
 20
321.945
 10
42.984
 20
322.081
 10
43.047
 20
322.21
 10
43.127
 20
322.33
 10
43.222
 20
322.438
 10
43.33
 20
322.533
 10
43.45
 20
322.613
 10
43.579
 20
322.676
 10
43.715
 20
322.723
 10
43.856
 20
322.751
 10
44.0
 20
322.76
 10
44.144
 20
322.751
 10
44.285
 20
322.723
 10
44.421
 20
322.676
 10
44.55
 20
322.613
 10
44.67
 20
322.533
 10
44.778
 20
322.438
 10
44.873
 20
322.33
 10
44.953
 20
322.21
 10
45.016
 20
322.081
 10
45.063
 20
321.945
 10
45.091
 20
321.804
 97
0
 92
3
 72
0
 73
1
 93
5
 10
43.3
 20
321.06
 10
43.0
 20
318.06
 10
45.0
 20
318.06
 10
44.7
 20
321.06
 10
43.3
 20
321.06
 97
0
 75
0
 76
1
 98
0
  0
LWPOLYLINE
  5
3E
330
17
100
AcDbEntity
  8
CUT
100
AcDbPolyline
 90
92
 70
1
 10
91.1
 20
322.75
 10
91.09
 20
322.75
 10
91.09
 20
326.013
 10
91.197
 20
326.823
 10
91.51
 20
327.58
 10
92.009
 20
328.231
 10
92.66
 20
328.73
 10
93.417
 20
329.043
 10
94.227
 20
329.15
 10
102.733
 20
329.15
 10
103.543
 20
329.043
 10
104.3
 20
328.73
 10
104.951
 20
328.231
 10
105.45
 20
327.58
 10
105.763
 20
326.823
 10
105.87
 20
326.013
 10
105.87
 20
322.75
 10
105.86
 20
322.75
 10
120.62
 20
322.75
 10
120.61
 20
322.75
 10
120.61
 20
326.013
 10
120.717
 20
326.823
 10
121.03
 20
327.58
 10
121.529
 20
328.231
 10
122.18
 20
328.73
 10
122.937
 20
329.043
 10
123.747
 20
329.15
 10
132.253
 20
329.15
 10
133.063
 20
329.043
 10
133.82
 20
328.73
 10
134.471
 20
328.231
 10
134.97
 20
327.58
 10
135.283
 20
326.823
 10
135.39
 20
326.013
 10
135.39
 20
322.75
 10
135.38
 20
322.75
 10
150.14
 20
322.75
 10
150.13
 20
322.75
 10
150.13
 20
326.013
 10
150.237
 20
326.823
 10
150.55
 20
327.58
 10
151.049
 20
328.231
 10
151.7
 20
328.73
 10
152.457
 20
329.043
 10
153.267
 20
329.15
 10
161.773
 20
329.15
 10
162.583
 20
329.043
 10
163.34
 20
328.73
 10
163.991
 20
328.231
 10
164.49
 20
327.58
 10
164.803
 20
326.823
 10
164.91
 20
326.013
 10
164.91
 20
322.75
 10
164.9
 20
322.75
 10
168.04
 20
322.75
 10
168.04
 20
317.037
 10
164.94
 20
317.037
 10
164.94
 20
311.483
 10
168.04
 20
311.483
 10
168.04
 20
305.77
 10
164.9
 20
305.77
 10
159.263
 20
305.77
 10
159.263
 20
302.67
 10
153.506
 20
302.67
 10
153.506
 20
305.77
 10
147.909
 20
305.77
 10
147.909
 20
302.67
 10
142.152
 20
302.67
 10
142.152
 20
305.77
 10
136.555
 20
305.77
 10
136.555
 20
302.67
 10
130.798
 20
302.67
 10
130.798
 20
305.77
 10
125.202
 20
305.77
 10
125.202
 20
302.67
 10
119.445
 20
302.67
 10
119.445
 20
305.77
 10
113.848
 20
305.77
 10
113.848
 20
302.67
 10
108.091
 20
302.67
 10
108.091
 20
305.77
 10
102.494
 20
305.77
 10
102.494
 20
302.67
 10
96.737
 20
302.67
 10
96.737
 20
305.77
 10
91.1
 20
305.77
 10
87.96
 20
305.77
 10
87.96
 20
311.483
 10
91.06
 20
311.483
 10
91.06
 20
317.037
 10
87.96
 20
317.037
 10
87.96
 20
322.75
  0
HATCH
  5
3F
330
17
100
AcDbEntity
  8
RASTER
 62
7
100
AcDbHatch
 10
0.0
 20
0.0
 30
0.0
210
0.0
220
0.0
230
1.0
  2
SOLID
 70
1
 71
0
 91
1
 92
3
 72
0
 73
1
 93
4
 10
92.1
 20
318.81
 10
163.9
 20
318.81
 10
163.9
 20
318.21
 10
92.1
 20
318.21
 97
0
 75
0
 76
1
 98
0
  0
HATCH
  5
40
330
17
100
AcDbEntity
  8
RASTER
 62
7
100
AcDbHatch
 10
0.0
 20
0.0
 30
0.0
210
0.0
220
0.0
230
1.0
  2
SOLID
 70
1
 71
0
 91
1
 92
3
 72
0
 73
1
 93
4
 10
92.1
 20
314.61
 10
163.9
 20
314.61
 10
163.9
 20
314.01
 10
92.1
 20
314.01
 97
0
 75
0
 76
1
 98
0
  0
HATCH
  5
41
330
17
100
AcDbEntity
  8
RASTER
 62
7
100
AcDbHatch
 10
0.0
 20
0.0
 30
0.0
210
0.0
220
0.0
230
1.0
  2
SOLID
 70
1
 71
0
 91
1
 92
3
 72
0
 73
1
 93
4
 10
92.1
 20
310.41
 10
163.9
 20
310.41
 10
163.9
 20
309.81
 10
92.1
 20
309.81
 97
0
 75
0
 76
1
 98
0
  0
HATCH
  5
42
330
17
100
AcDbEntity
  8
RASTER
 62
7
100
AcDbHatch
 10
0.0
 20
0.0
 30
0.0
210
0.0
220
0.0
230
1.0
  2
SOLID
 70
1
 71
0
 91
1
 92
3
 72
0
 73
1
 93
4
 10
106.0
 20
322.71
 10
110.0
 20
322.71
 10
110.0
 20
305.81
 10
106.0
 20
305.81
 97
0
 75
0
 76
1
 98
0
  0
HATCH
  5
43
330
17
100
AcDbEntity
  8
RASTER
 62
7
100
AcDbHatch
 10
0.0
 20
0.0
 30
0.0
210
0.0
220
0.0
230
1.0
  2
SOLID
 70
1
 71
0
 91
1
 92
3
 72
0
 73
1
 93
48
 10
108.55
 20
319.33
 10
108.545
 20
319.258
 10
108.531
 20
319.188
 10
108.508
 20
319.12
 10
108.476
 20
319.055
 10
108.436
 20
318.995
 10
108.389
 20
318.941
 10
108.335
 20
318.894
 10
108.275
 20
318.854
 10
108.21
 20
318.822
 10
108.142
 20
318.799
 10
108.072
 20
318.785
 10
108.0
 20
318.78
 10
107.928
 20
318.785
 10
107.858
 20
318.799
 10
107.79
 20
318.822
 10
107.725
 20
318.854
 10
107.665
 20
318.894
 10
107.611
 20
318.941
 10
107.564
 20
318.995
 10
107.524
 20
319.055
 10
107.492
 20
319.12
 10
107.469
 20
319.188
 10
107.455
 20
319.258
 10
107.45
 20
319.33
 10
107.455
 20
319.402
 10
107.469
 20
319.472
 10
107.492
 20
319.54
 10
107.524
 20
319.605
 10
107.564
 20
319.665
 10
107.611
 20
319.719
 10
107.665
 20
319.766
 10
107.725
 20
319.806
 10
107.79
 20
319.838
 10
107.858
 20
319.861
 10
107.928
 20
319.875
 10
108.0
 20
319.88
 10
108.072
 20
319.875
 10
108.142
 20
319.861
 10
108.21
 20
319.838
 10
108.275
 20
319.806
 10
108.335
 20
319.766
 10
108.389
 20
319.719
 10
108.436
 20
319.665
 10
108.476
 20
319.605
 10
108.508
 20
319.54
 10
108.531
 20
319.472
 10
108.545
 20
319.402
 97
0
 75
0
 76
1
 98
0
  0
HATCH
  5
44
330
17
100
AcDbEntity
  8
RASTER
 62
7
100
AcDbHatch
 10
0.0
 20
0.0
 30
0.0
210
0.0
220
0.0
230
1.0
  2
SOLID
 70
1
 71
0
 91
1
 92
3
 72
0
 73
1
 93
48
 10
108.55
 20
314.26
 10
108.545
 20
314.188
 10
108.531
 20
314.118
 10
108.508
 20
314.05
 10
108.476
 20
313.985
 10
108.436
 20
313.925
 10
108.389
 20
313.871
 10
108.335
 20
313.824
 10
108.275
 20
313.784
 10
108.21
 20
313.752
 10
108.142
 20
313.729
 10
108.072
 20
313.715
 10
108.0
 20
313.71
 10
107.928
 20
313.715
 10
107.858
 20
313.729
 10
107.79
 20
313.752
 10
107.725
 20
313.784
 10
107.665
 20
313.824
 10
107.611
 20
313.871
 10
107.564
 20
313.925
 10
107.524
 20
313.985
 10
107.492
 20
314.05
 10
107.469
 20
314.118
 10
107.455
 20
314.188
 10
107.45
 20
314.26
 10
107.455
 20
314.332
 10
107.469
 20
314.402
 10
107.492
 20
314.47
 10
107.524
 20
314.535
 10
107.564
 20
314.595
 10
107.611
 20
314.649
 10
107.665
 20
314.696
 10
107.725
 20
314.736
 10
107.79
 20
314.768
 10
107.858
 20
314.791
 10
107.928
 20
314.805
 10
108.0
 20
314.81
 10
108.072
 20
314.805
 10
108.142
 20
314.791
 10
108.21
 20
314.768
 10
108.275
 20
314.736
 10
108.335
 20
314.696
 10
108.389
 20
314.649
 10
108.436
 20
314.595
 10
108.476
 20
314.535
 10
108.508
 20
314.47
 10
108.531
 20
314.402
 10
108.545
 20
314.332
 97
0
 75
0
 76
1
 98
0
  0
HATCH
  5
45
330
17
100
AcDbEntity
  8
RASTER
 62
7
100
AcDbHatch
 10
0.0
 20
0.0
 30
0.0
210
0.0
220
0.0
230
1.0
  2
SOLID
 70
1
 71
0
 91
1
 92
3
 72
0
 73
1
 93
48
 10
108.55
 20
309.19
 10
108.545
 20
309.118
 10
108.531
 20
309.048
 10
108.508
 20
308.98
 10
108.476
 20
308.915
 10
108.436
 20
308.855
 10
108.389
 20
308.801
 10
108.335
 20
308.754
 10
108.275
 20
308.714
 10
108.21
 20
308.682
 10
108.142
 20
308.659
 10
108.072
 20
308.645
 10
108.0
 20
308.64
 10
107.928
 20
308.645
 10
107.858
 20
308.659
 10
107.79
 20
308.682
 10
107.725
 20
308.714
 10
107.665
 20
308.754
 10
107.611
 20
308.801
 10
107.564
 20
308.855
 10
107.524
 20
308.915
 10
107.492
 20
308.98
 10
107.469
 20
309.048
 10
107.455
 20
309.118
 10
107.45
 20
309.19
 10
107.455
 20
309.262
 10
107.469
 20
309.332
 10
107.492
 20
309.4
 10
107.524
 20
309.465
 10
107.564
 20
309.525
 10
107.611
 20
309.579
 10
107.665
 20
309.626
 10
107.725
 20
309.666
 10
107.79
 20
309.698
 10
107.858
 20
309.721
 10
107.928
 20
309.735
 10
108.0
 20
309.74
 10
108.072
 20
309.735
 10
108.142
 20
309.721
 10
108.21
 20
309.698
 10
108.275
 20
309.666
 10
108.335
 20
309.626
 10
108.389
 20
309.579
 10
108.436
 20
309.525
 10
108.476
 20
309.465
 10
108.508
 20
309.4
 10
108.531
 20
309.332
 10
108.545
 20
309.262
 97
0
 75
0
 76
1
 98
0
  0
HATCH
  5
46
330
17
100
AcDbEntity
  8
RASTER
 62
7
100
AcDbHatch
 10
0.0
 20
0.0
 30
0.0
210
0.0
220
0.0
230
1.0
  2
SOLID
 70
1
 71
0
 91
1
 92
3
 72
0
 73
1
 93
4
 10
146.0
 20
322.71
 10
150.0
 20
322.71
 10
150.0
 20
305.81
 10
146.0
 20
305.81
 97
0
 75
0
 76
1
 98
0
  0
HATCH
  5
47
330
17
100
AcDbEntity
  8
RASTER
 62
7
100
AcDbHatch
 10
0.0
 20
0.0
 30
0.0
210
0.0
220
0.0
230
1.0
  2
SOLID
 70
1
 71
0
 91
1
 92
3
 72
0
 73
1
 93
48
 10
148.55
 20
319.33
 10
148.545
 20
319.258
 10
148.531
 20
319.188
 10
148.508
 20
319.12
 10
148.476
 20
319.055
 10
148.436
 20
318.995
 10
148.389
 20
318.941
 10
148.335
 20
318.894
 10
148.275
 20
318.854
 10
148.21
 20
318.822
 10
148.142
 20
318.799
 10
148.072
 20
318.785
 10
148.0
 20
318.78
 10
147.928
 20
318.785
 10
147.858
 20
318.799
 10
147.79
 20
318.822
 10
147.725
 20
318.854
 10
147.665
 20
318.894
 10
147.611
 20
318.941
 10
147.564
 20
318.995
 10
147.524
 20
319.055
 10
147.492
 20
319.12
 10
147.469
 20
319.188
 10
147.455
 20
319.258
 10
147.45
 20
319.33
 10
147.455
 20
319.402
 10
147.469
 20
319.472
 10
147.492
 20
319.54
 10
147.524
 20
319.605
 10
147.564
 20
319.665
 10
147.611
 20
319.719
 10
147.665
 20
319.766
 10
147.725
 20
319.806
 10
147.79
 20
319.838
 10
147.858
 20
319.861
 10
147.928
 20
319.875
 10
148.0
 20
319.88
 10
148.072
 20
319.875
 10
148.142
 20
319.861
 10
148.21
 20
319.838
 10
148.275
 20
319.806
 10
148.335
 20
319.766
 10
148.389
 20
319.719
 10
148.436
 20
319.665
 10
148.476
 20
319.605
 10
148.508
 20
319.54
 10
148.531
 20
319.472
 10
148.545
 20
319.402
 97
0
 75
0
 76
1
 98
0
  0
HATCH
  5
48
330
17
100
AcDbEntity
  8
RASTER
 62
7
100
AcDbHatch
 10
0.0
 20
0.0
 30
0.0
210
0.0
220
0.0
230
1.0
  2
SOLID
 70
1
 71
0
 91
1
 92
3
 72
0
 73
1
 93
48
 10
148.55
 20
314.26
 10
148.545
 20
314.188
 10
148.531
 20
314.118
 10
148.508
 20
314.05
 10
148.476
 20
313.985
 10
148.436
 20
313.925
 10
148.389
 20
313.871
 10
148.335
 20
313.824
 10
148.275
 20
313.784
 10
148.21
 20
313.752
 10
148.142
 20
313.729
 10
148.072
 20
313.715
 10
148.0
 20
313.71
 10
147.928
 20
313.715
 10
147.858
 20
313.729
 10
147.79
 20
313.752
 10
147.725
 20
313.784
 10
147.665
 20
313.824
 10
147.611
 20
313.871
 10
147.564
 20
313.925
 10
147.524
 20
313.985
 10
147.492
 20
314.05
 10
147.469
 20
314.118
 10
147.455
 20
314.188
 10
147.45
 20
314.26
 10
147.455
 20
314.332
 10
147.469
 20
314.402
 10
147.492
 20
314.47
 10
147.524
 20
314.535
 10
147.564
 20
314.595
 10
147.611
 20
314.649
 10
147.665
 20
314.696
 10
147.725
 20
314.736
 10
147.79
 20
314.768
 10
147.858
 20
314.791
 10
147.928
 20
314.805
 10
148.0
 20
314.81
 10
148.072
 20
314.805
 10
148.142
 20
314.791
 10
148.21
 20
314.768
 10
148.275
 20
314.736
 10
148.335
 20
314.696
 10
148.389
 20
314.649
 10
148.436
 20
314.595
 10
148.476
 20
314.535
 10
148.508
 20
314.47
 10
148.531
 20
314.402
 10
148.545
 20
314.332
 97
0
 75
0
 76
1
 98
0
  0
HATCH
  5
49
330
17
100
AcDbEntity
  8
RASTER
 62
7
100
AcDbHatch
 10
0.0
 20
0.0
 30
0.0
210
0.0
220
0.0
230
1.0
  2
SOLID
 70
1
 71
0
 91
1
 92
3
 72
0
 73
1
 93
48
 10
148.55
 20
309.19
 10
148.545
 20
309.118
 10
148.531
 20
309.048
 10
148.508
 20
308.98
 10
148.476
 20
308.915
 10
148.436
 20
308.855
 10
148.389
 20
308.801
 10
148.335
 20
308.754
 10
148.275
 20
308.714
 10
148.21
 20
308.682
 10
148.142
 20
308.659
 10
148.072
 20
308.645
 10
148.0
 20
308.64
 10
147.928
 20
308.645
 10
147.858
 20
308.659
 10
147.79
 20
308.682
 10
147.725
 20
308.714
 10
147.665
 20
308.754
 10
147.611
 20
308.801
 10
147.564
 20
308.855
 10
147.524
 20
308.915
 10
147.492
 20
308.98
 10
147.469
 20
309.048
 10
147.455
 20
309.118
 10
147.45
 20
309.19
 10
147.455
 20
309.262
 10
147.469
 20
309.332
 10
147.492
 20
309.4
 10
147.524
 20
309.465
 10
147.564
 20
309.525
 10
147.611
 20
309.579
 10
147.665
 20
309.626
 10
147.725
 20
309.666
 10
147.79
 20
309.698
 10
147.858
 20
309.721
 10
147.928
 20
309.735
 10
148.0
 20
309.74
 10
148.072
 20
309.735
 10
148.142
 20
309.721
 10
148.21
 20
309.698
 10
148.275
 20
309.666
 10
148.335
 20
309.626
 10
148.389
 20
309.579
 10
148.436
 20
309.525
 10
148.476
 20
309.465
 10
148.508
 20
309.4
 10
148.531
 20
309.332
 10
148.545
 20
309.262
 97
0
 75
0
 76
1
 98
0
  0
LWPOLYLINE
  5
4A
330
17
100
AcDbEntity
  8
CUT
100
AcDbPolyline
 90
16
 70
1
 10
175.06
 20
329.15
 10
195.94
 20
329.15
 10
195.94
 20
323.517
 10
199.04
 20
323.517
 10
199.04
 20
317.803
 10
195.94
 20
317.803
 10
195.94
 20
312.17
 10
189.007
 20
312.17
 10
189.007
 20
309.07
 10
181.993
 20
309.07
 10
181.993
 20
312.17
 10
175.06
 20
312.17
 10
175.06
 20
317.803
 10
171.96
 20
317.803
 10
171.96
 20
323.517
 10
175.06
 20
323.517
  0
HATCH
  5
4B
330
17
100
AcDbEntity
  8
RASTER
 62
7
100
AcDbHatch
 10
0.0
 20
0.0
 30
0.0
210
0.0
220
0.0
230
1.0
  2
SOLID
 70
1
 71
0
 91
1
 92
3
 72
0
 73
1
 93
4
 10
176.1
 20
325.21
 10
194.9
 20
325.21
 10
194.9
 20
324.61
 10
176.1
 20
324.61
 97
0
 75
0
 76
1
 98
0
  0
HATCH
  5
4C
330
17
100
AcDbEntity
  8
RASTER
 62
7
100
AcDbHatch
 10
0.0
 20
0.0
 30
0.0
210
0.0
220
0.0
230
1.0
  2
SOLID
 70
1
 71
0
 91
1
 92
3
 72
0
 73
1
 93
4
 10
176.1
 20
321.01
 10
194.9
 20
321.01
 10
194.9
 20
320.41
 10
176.1
 20
320.41
 97
0
 75
0
 76
1
 98
0
  0
HATCH
  5
4D
330
17
100
AcDbEntity
  8
RASTER
 62
7
100
AcDbHatch
 10
0.0
 20
0.0
 30
0.0
210
0.0
220
0.0
230
1.0
  2
SOLID
 70
1
 71
0
 91
1
 92
3
 72
0
 73
1
 93
4
 10
176.1
 20
316.81
 10
194.9
 20
316.81
 10
194.9
 20
316.21
 10
176.1
 20
316.21
 97
0
 75
0
 76
1
 98
0
  0
LWPOLYLINE
  5
4E
330
17
100
AcDbEntity
  8
CUT
100
AcDbPolyline
 90
16
 70
1
 10
206.06
 20
329.15
 10
226.94
 20
329.15
 10
226.94
 20
323.517
 10
230.04
 20
323.517
 10
230.04
 20
317.803
 10
226.94
 20
317.803
 10
226.94
 20
312.17
 10
220.007
 20
312.17
 10
220.007
 20
309.07
 10
212.993
 20
309.07
 10
212.993
 20
312.17
 10
206.06
 20
312.17
 10
206.06
 20
317.803
 10
202.96
 20
317.803
 10
202.96
 20
323.517
 10
206.06
 20
323.517
  0
HATCH
  5
4F
330
17
100
AcDbEntity
  8
RASTER
 62
7
100
AcDbHatch
 10
0.0
 20
0.0
 30
0.0
210
0.0
220
0.0
230
1.0
  2
SOLID
 70
1
 71
0
 91
1
 92
3
 72
0
 73
1
 93
4
 10
207.1
 20
325.21
 10
225.9
 20
325.21
 10
225.9
 20
324.61
 10
207.1
 20
324.61
 97
0
 75
0
 76
1
 98
0
  0
HATCH
  5
50
330
17
100
AcDbEntity
  8
RASTER
 62
7
100
AcDbHatch
 10
0.0
 20
0.0
 30
0.0
210
0.0
220
0.0
230
1.0
  2
SOLID
 70
1
 71
0
 91
1
 92
3
 72
0
 73
1
 93
4
 10
207.1
 20
321.01
 10
225.9
 20
321.01
 10
225.9
 20
320.41
 10
207.1
 20
320.41
 97
0
 75
0
 76
1
 98
0
  0
HATCH
  5
51
330
17
100
AcDbEntity
  8
RASTER
 62
7
100
AcDbHatch
 10
0.0
 20
0.0
 30
0.0
210
0.0
220
0.0
230
1.0
  2
SOLID
 70
1
 71
0
 91
1
 92
3
 72
0
 73
1
 93
4
 10
207.1
 20
316.81
 10
225.9
 20
316.81
 10
225.9
 20
316.21
 10
207.1
 20
316.21
 97
0
 75
0
 76
1
 98
0
  0
LWPOLYLINE
  5
52
330
17
100
AcDbEntity
  8
CUT
100
AcDbPolyline
 90
68
 70
1
 10
3.96
 20
298.75
 10
7.1
 20
298.75
 10
12.817
 20
298.75
 10
12.817
 20
295.65
 10
18.414
 20
295.65
 10
18.414
 20
298.75
 10
24.171
 20
298.75
 10
24.171
 20
295.65
 10
29.768
 20
295.65
 10
29.768
 20
298.75
 10
35.525
 20
298.75
 10
35.525
 20
295.65
 10
41.122
 20
295.65
 10
41.122
 20
298.75
 10
46.878
 20
298.75
 10
46.878
 20
295.65
 10
52.475
 20
295.65
 10
52.475
 20
298.75
 10
58.232
 20
298.75
 10
58.232
 20
295.65
 10
63.829
 20
295.65
 10
63.829
 20
298.75
 10
69.586
 20
298.75
 10
69.586
 20
295.65
 10
75.183
 20
295.65
 10
75.183
 20
298.75
 10
80.9
 20
298.75
 10
84.04
 20
298.75
 10
84.04
 20
295.61
 10
84.04
 20
288.637
 10
80.94
 20
288.637
 10
80.94
 20
281.783
 10
84.04
 20
281.783
 10
84.04
 20
274.81
 10
84.04
 20
271.67
 10
80.9
 20
271.67
 10
75.183
 20
271.67
 10
75.183
 20
274.77
 10
69.586
 20
274.77
 10
69.586
 20
271.67
 10
63.829
 20
271.67
 10
63.829
 20
274.77
 10
58.232
 20
274.77
 10
58.232
 20
271.67
 10
52.475
 20
271.67
 10
52.475
 20
274.77
 10
46.878
 20
274.77
 10
46.878
 20
271.67
 10
41.122
 20
271.67
 10
41.122
 20
274.77
 10
35.525
 20
274.77
 10
35.525
 20
271.67
 10
29.768
 20
271.67
 10
29.768
 20
274.77
 10
24.171
 20
274.77
 10
24.171
 20
271.67
 10
18.414
 20
271.67
 10
18.414
 20
274.77
 10
12.817
 20
274.77
 10
12.817
 20
271.67
 10
7.1
 20
271.67
 10
3.96
 20
271.67
 10
3.96
 20
274.81
 10
3.96
 20
281.783
 10
7.06
 20
281.783
 10
7.06
 20
288.637
 10
3.96
 20
288.637
 10
3.96
 20
295.61
  0
HATCH
  5
53
330
17
100
AcDbEntity
  8
RASTER
 62
7
100
AcDbHatch
 10
0.0
 20
0.0
 30
0.0
210
0.0
220
0.0
230
1.0
  2
SOLID
 70
1
 71
0
 91
1
 92
3
 72
0
 73
1
 93
4
 10
8.1
 20
290.91
 10
79.9
 20
290.91
 10
79.9
 20
290.31
 10
8.1
 20
290.31
 97
0
 75
0
 76
1
 98
0
  0
HATCH
  5
54
330
17
100
AcDbEntity
  8
RASTER
 62
7
100
AcDbHatch
 10
0.0
 20
0.0
 30
0.0
210
0.0
220
0.0
230
1.0
  2
SOLID
 70
1
 71
0
 91
1
 92
3
 72
0
 73
1
 93
4
 10
8.1
 20
285.91
 10
79.9
 20
285.91
 10
79.9
 20
285.31
 10
8.1
 20
285.31
 97
0
 75
0
 76
1
 98
0
  0
HATCH
  5
55
330
17
100
AcDbEntity
  8
RASTER
 62
7
100
AcDbHatch
 10
0.0
 20
0.0
 30
0.0
210
0.0
220
0.0
230
1.0
  2
SOLID
 70
1
 71
0
 91
1
 92
3
 72
0
 73
1
 93
4
 10
8.1
 20
280.91
 10
79.9
 20
280.91
 10
79.9
 20
280.31
 10
8.1
 20
280.31
 97
0
 75
0
 76
1
 98
0
  0
HATCH
  5
56
330
17
100
AcDbEntity
  8
RASTER
 62
7
100
AcDbHatch
 10
0.0
 20
0.0
 30
0.0
210
0.0
220
0.0
230
1.0
  2
SOLID
 70
1
 71
0
 91
1
 92
3
 72
0
 73
1
 93
4
 10
22.0
 20
298.71
 10
26.0
 20
298.71
 10
26.0
 20
271.71
 10
22.0
 20
271.71
 97
0
 75
0
 76
1
 98
0
  0
HATCH
  5
57
330
17
100
AcDbEntity
  8
RASTER
 62
7
100
AcDbHatch
 10
0.0
 20
0.0
 30
0.0
210
0.0
220
0.0
230
1.0
  2
SOLID
 70
1
 71
0
 91
1
 92
3
 72
0
 73
1
 93
48
 10
24.55
 20
293.31
 10
24.545
 20
293.238
 10
24.531
 20
293.168
 10
24.508
 20
293.1
 10
24.476
 20
293.035
 10
24.436
 20
292.975
 10
24.389
 20
292.921
 10
24.335
 20
292.874
 10
24.275
 20
292.834
 10
24.21
 20
292.802
 10
24.142
 20
292.779
 10
24.072
 20
292.765
 10
24.0
 20
292.76
 10
23.928
 20
292.765
 10
23.858
 20
292.779
 10
23.79
 20
292.802
 10
23.725
 20
292.834
 10
23.665
 20
292.874
 10
23.611
 20
292.921
 10
23.564
 20
292.975
 10
23.524
 20
293.035
 10
23.492
 20
293.1
 10
23.469
 20
293.168
 10
23.455
 20
293.238
 10
23.45
 20
293.31
 10
23.455
 20
293.382
 10
23.469
 20
293.452
 10
23.492
 20
293.52
 10
23.524
 20
293.585
 10
23.564
 20
293.645
 10
23.611
 20
293.699
 10
23.665
 20
293.746
 10
23.725
 20
293.786
 10
23.79
 20
293.818
 10
23.858
 20
293.841
 10
23.928
 20
293.855
 10
24.0
 20
293.86
 10
24.072
 20
293.855
 10
24.142
 20
293.841
 10
24.21
 20
293.818
 10
24.275
 20
293.786
 10
24.335
 20
293.746
 10
24.389
 20
293.699
 10
24.436
 20
293.645
 10
24.476
 20
293.585
 10
24.508
 20
293.52
 10
24.531
 20
293.452
 10
24.545
 20
293.382
 97
0
 75
0
 76
1
 98
0
  0
HATCH
  5
58
330
17
100
AcDbEntity
  8
RASTER
 62
7
100
AcDbHatch
 10
0.0
 20
0.0
 30
0.0
210
0.0
220
0.0
230
1.0
  2
SOLID
 70
1
 71
0
 91
1
 92
3
 72
0
 73
1
 93
48
 10
24.55
 20
285.21
 10
24.545
 20
285.138
 10
24.531
 20
285.068
 10
24.508
 20
285.0
 10
24.476
 20
284.935
 10
24.436
 20
284.875
 10
24.389
 20
284.821
 10
24.335
 20
284.774
 10
24.275
 20
284.734
 10
24.21
 20
284.702
 10
24.142
 20
284.679
 10
24.072
 20
284.665
 10
24.0
 20
284.66
 10
23.928
 20
284.665
 10
23.858
 20
284.679
 10
23.79
 20
284.702
 10
23.725
 20
284.734
 10
23.665
 20
284.774
 10
23.611
 20
284.821
 10
23.564
 20
284.875
 10
23.524
 20
284.935
 10
23.492
 20
285.0
 10
23.469
 20
285.068
 10
23.455
 20
285.138
 10
23.45
 20
285.21
 10
23.455
 20
285.282
 10
23.469
 20
285.352
 10
23.492
 20
285.42
 10
23.524
 20
285.485
 10
23.564
 20
285.545
 10
23.611
 20
285.599
 10
23.665
 20
285.646
 10
23.725
 20
285.686
 10
23.79
 20
285.718
 10
23.858
 20
285.741
 10
23.928
 20
285.755
 10
24.0
 20
285.76
 10
24.072
 20
285.755
 10
24.142
 20
285.741
 10
24.21
 20
285.718
 10
24.275
 20
285.686
 10
24.335
 20
285.646
 10
24.389
 20
285.599
 10
24.436
 20
285.545
 10
24.476
 20
285.485
 10
24.508
 20
285.42
 10
24.531
 20
285.352
 10
24.545
 20
285.282
 97
0
 75
0
 76
1
 98
0
  0
HATCH
  5
59
330
17
100
AcDbEntity
  8
RASTER
 62
7
100
AcDbHatch
 10
0.0
 20
0.0
 30
0.0
210
0.0
220
0.0
230
1.0
  2
SOLID
 70
1
 71
0
 91
1
 92
3
 72
0
 73
1
 93
48
 10
24.55
 20
277.11
 10
24.545
 20
277.038
 10
24.531
 20
276.968
 10
24.508
 20
276.9
 10
24.476
 20
276.835
 10
24.436
 20
276.775
 10
24.389
 20
276.721
 10
24.335
 20
276.674
 10
24.275
 20
276.634
 10
24.21
 20
276.602
 10
24.142
 20
276.579
 10
24.072
 20
276.565
 10
24.0
 20
276.56
 10
23.928
 20
276.565
 10
23.858
 20
276.579
 10
23.79
 20
276.602
 10
23.725
 20
276.634
 10
23.665
 20
276.674
 10
23.611
 20
276.721
 10
23.564
 20
276.775
 10
23.524
 20
276.835
 10
23.492
 20
276.9
 10
23.469
 20
276.968
 10
23.455
 20
277.038
 10
23.45
 20
277.11
 10
23.455
 20
277.182
 10
23.469
 20
277.252
 10
23.492
 20
277.32
 10
23.524
 20
277.385
 10
23.564
 20
277.445
 10
23.611
 20
277.499
 10
23.665
 20
277.546
 10
23.725
 20
277.586
 10
23.79
 20
277.618
 10
23.858
 20
277.641
 10
23.928
 20
277.655
 10
24.0
 20
277.66
 10
24.072
 20
277.655
 10
24.142
 20
277.641
 10
24.21
 20
277.618
 10
24.275
 20
277.586
 10
24.335
 20
277.546
 10
24.389
 20
277.499
 10
24.436
 20
277.445
 10
24.476
 20
277.385
 10
24.508
 20
277.32
 10
24.531
 20
277.252
 10
24.545
 20
277.182
 97
0
 75
0
 76
1
 98
0
  0
HATCH
  5
5A
330
17
100
AcDbEntity
  8
RASTER
 62
7
100
AcDbHatch
 10
0.0
 20
0.0
 30
0.0
210
0.0
220
0.0
230
1.0
  2
SOLID
 70
1
 71
0
 91
1
 92
3
 72
0
 73
1
 93
4
 10
62.0
 20
298.71
 10
66.0
 20
298.71
 10
66.0
 20
271.71
 10
62.0
 20
271.71
 97
0
 75
0
 76
1
 98
0
  0
HATCH
  5
5B
330
17
100
AcDbEntity
  8
RASTER
 62
7
100
AcDbHatch
 10
0.0
 20
0.0
 30
0.0
210
0.0
220
0.0
230
1.0
  2
SOLID
 70
1
 71
0
 91
1
 92
3
 72
0
 73
1
 93
48
 10
64.55
 20
293.31
 10
64.545
 20
293.238
 10
64.531
 20
293.168
 10
64.508
 20
293.1
 10
64.476
 20
293.035
 10
64.436
 20
292.975
 10
64.389
 20
292.921
 10
64.335
 20
292.874
 10
64.275
 20
292.834
 10
64.21
 20
292.802
 10
64.142
 20
292.779
 10
64.072
 20
292.765
 10
64.0
 20
292.76
 10
63.928
 20
292.765
 10
63.858
 20
292.779
 10
63.79
 20
292.802
 10
63.725
 20
292.834
 10
63.665
 20
292.874
 10
63.611
 20
292.921
 10
63.564
 20
292.975
 10
63.524
 20
293.035
 10
63.492
 20
293.1
 10
63.469
 20
293.168
 10
63.455
 20
293.238
 10
63.45
 20
293.31
 10
63.455
 20
293.382
 10
63.469
 20
293.452
 10
63.492
 20
293.52
 10
63.524
 20
293.585
 10
63.564
 20
293.645
 10
63.611
 20
293.699
 10
63.665
 20
293.746
 10
63.725
 20
293.786
 10
63.79
 20
293.818
 10
63.858
 20
293.841
 10
63.928
 20
293.855
 10
64.0
 20
293.86
 10
64.072
 20
293.855
 10
64.142
 20
293.841
 10
64.21
 20
293.818
 10
64.275
 20
293.786
 10
64.335
 20
293.746
 10
64.389
 20
293.699
 10
64.436
 20
293.645
 10
64.476
 20
293.585
 10
64.508
 20
293.52
 10
64.531
 20
293.452
 10
64.545
 20
293.382
 97
0
 75
0
 76
1
 98
0
  0
HATCH
  5
5C
330
17
100
AcDbEntity
  8
RASTER
 62
7
100
AcDbHatch
 10
0.0
 20
0.0
 30
0.0
210
0.0
220
0.0
230
1.0
  2
SOLID
 70
1
 71
0
 91
1
 92
3
 72
0
 73
1
 93
48
 10
64.55
 20
285.21
 10
64.545
 20
285.138
 10
64.531
 20
285.068
 10
64.508
 20
285.0
 10
64.476
 20
284.935
 10
64.436
 20
284.875
 10
64.389
 20
284.821
 10
64.335
 20
284.774
 10
64.275
 20
284.734
 10
64.21
 20
284.702
 10
64.142
 20
284.679
 10
64.072
 20
284.665
 10
64.0
 20
284.66
 10
63.928
 20
284.665
 10
63.858
 20
284.679
 10
63.79
 20
284.702
 10
63.725
 20
284.734
 10
63.665
 20
284.774
 10
63.611
 20
284.821
 10
63.564
 20
284.875
 10
63.524
 20
284.935
 10
63.492
 20
285.0
 10
63.469
 20
285.068
 10
63.455
 20
285.138
 10
63.45
 20
285.21
 10
63.455
 20
285.282
 10
63.469
 20
285.352
 10
63.492
 20
285.42
 10
63.524
 20
285.485
 10
63.564
 20
285.545
 10
63.611
 20
285.599
 10
63.665
 20
285.646
 10
63.725
 20
285.686
 10
63.79
 20
285.718
 10
63.858
 20
285.741
 10
63.928
 20
285.755
 10
64.0
 20
285.76
 10
64.072
 20
285.755
 10
64.142
 20
285.741
 10
64.21
 20
285.718
 10
64.275
 20
285.686
 10
64.335
 20
285.646
 10
64.389
 20
285.599
 10
64.436
 20
285.545
 10
64.476
 20
285.485
 10
64.508
 20
285.42
 10
64.531
 20
285.352
 10
64.545
 20
285.282
 97
0
 75
0
 76
1
 98
0
  0
HATCH
  5
5D
330
17
100
AcDbEntity
  8
RASTER
 62
7
100
AcDbHatch
 10
0.0
 20
0.0
 30
0.0
210
0.0
220
0.0
230
1.0
  2
SOLID
 70
1
 71
0
 91
1
 92
3
 72
0
 73
1
 93
48
 10
64.55
 20
277.11
 10
64.545
 20
277.038
 10
64.531
 20
276.968
 10
64.508
 20
276.9
 10
64.476
 20
276.835
 10
64.436
 20
276.775
 10
64.389
 20
276.721
 10
64.335
 20
276.674
 10
64.275
 20
276.634
 10
64.21
 20
276.602
 10
64.142
 20
276.579
 10
64.072
 20
276.565
 10
64.0
 20
276.56
 10
63.928
 20
276.565
 10
63.858
 20
276.579
 10
63.79
 20
276.602
 10
63.725
 20
276.634
 10
63.665
 20
276.674
 10
63.611
 20
276.721
 10
63.564
 20
276.775
 10
63.524
 20
276.835
 10
63.492
 20
276.9
 10
63.469
 20
276.968
 10
63.455
 20
277.038
 10
63.45
 20
277.11
 10
63.455
 20
277.182
 10
63.469
 20
277.252
 10
63.492
 20
277.32
 10
63.524
 20
277.385
 10
63.564
 20
277.445
 10
63.611
 20
277.499
 10
63.665
 20
277.546
 10
63.725
 20
277.586
 10
63.79
 20
277.618
 10
63.858
 20
277.641
 10
63.928
 20
277.655
 10
64.0
 20
277.66
 10
64.072
 20
277.655
 10
64.142
 20
277.641
 10
64.21
 20
277.618
 10
64.275
 20
277.586
 10
64.335
 20
277.546
 10
64.389
 20
277.499
 10
64.436
 20
277.445
 10
64.476
 20
277.385
 10
64.508
 20
277.32
 10
64.531
 20
277.252
 10
64.545
 20
277.182
 97
0
 75
0
 76
1
 98
0
  0
LWPOLYLINE
  5
5E
330
17
100
AcDbEntity
  8
CUT
100
AcDbPolyline
 90
40
 70
1
 10
91.1
 20
298.75
 10
164.9
 20
298.75
 10
168.04
 20
298.75
 10
168.04
 20
295.703
 10
164.94
 20
295.703
 10
164.94
 20
292.817
 10
168.04
 20
292.817
 10
168.04
 20
289.77
 10
164.9
 20
289.77
 10
159.263
 20
289.77
 10
159.263
 20
286.67
 10
153.506
 20
286.67
 10
153.506
 20
289.77
 10
147.909
 20
289.77
 10
147.909
 20
286.67
 10
142.152
 20
286.67
 10
142.152
 20
289.77
 10
136.555
 20
289.77
 10
136.555
 20
286.67
 10
130.798
 20
286.67
 10
130.798
 20
289.77
 10
125.202
 20
289.77
 10
125.202
 20
286.67
 10
119.445
 20
286.67
 10
119.445
 20
289.77
 10
113.848
 20
289.77
 10
113.848
 20
286.67
 10
108.091
 20
286.67
 10
108.091
 20
289.77
 10
102.494
 20
289.77
 10
102.494
 20
286.67
 10
96.737
 20
286.67
 10
96.737
 20
289.77
 10
91.1
 20
289.77
 10
87.96
 20
289.77
 10
87.96
 20
292.817
 10
91.06
 20
292.817
 10
91.06
 20
295.703
 10
87.96
 20
295.703
 10
87.96
 20
298.75
  0
HATCH
  5
5F
330
17
100
AcDbEntity
  8
RASTER
 62
7
100
AcDbHatch
 10
0.0
 20
0.0
 30
0.0
210
0.0
220
0.0
230
1.0
  2
SOLID
 70
1
 71
0
 91
1
 92
3
 72
0
 73
1
 93
4
 10
92.1
 20
295.51
 10
163.9
 20
295.51
 10
163.9
 20
294.91
 10
92.1
 20
294.91
 97
0
 75
0
 76
1
 98
0
  0
HATCH
  5
60
330
17
100
AcDbEntity
  8
RASTER
 62
7
100
AcDbHatch
 10
0.0
 20
0.0
 30
0.0
210
0.0
220
0.0
230
1.0
  2
SOLID
 70
1
 71
0
 91
1
 92
3
 72
0
 73
1
 93
4
 10
92.1
 20
292.01
 10
163.9
 20
292.01
 10
163.9
 20
291.41
 10
92.1
 20
291.41
 97
0
 75
0
 76
1
 98
0
  0
HATCH
  5
61
330
17
100
AcDbEntity
  8
RASTER
 62
7
100
AcDbHatch
 10
0.0
 20
0.0
 30
0.0
210
0.0
220
0.0
230
1.0
  2
SOLID
 70
1
 71
0
 91
1
 92
3
 72
0
 73
1
 93
4
 10
106.0
 20
298.71
 10
110.0
 20
298.71
 10
110.0
 20
289.81
 10
106.0
 20
289.81
 97
0
 75
0
 76
1
 98
0
  0
HATCH
  5
62
330
17
100
AcDbEntity
  8
RASTER
 62
7
100
AcDbHatch
 10
0.0
 20
0.0
 30
0.0
210
0.0
220
0.0
230
1.0
  2
SOLID
 70
1
 71
0
 91
1
 92
3
 72
0
 73
1
 93
48
 10
108.55
 20
296.93
 10
108.545
 20
296.858
 10
108.531
 20
296.788
 10
108.508
 20
296.72
 10
108.476
 20
296.655
 10
108.436
 20
296.595
 10
108.389
 20
296.541
 10
108.335
 20
296.494
 10
108.275
 20
296.454
 10
108.21
 20
296.422
 10
108.142
 20
296.399
 10
108.072
 20
296.385
 10
108.0
 20
296.38
 10
107.928
 20
296.385
 10
107.858
 20
296.399
 10
107.79
 20
296.422
 10
107.725
 20
296.454
 10
107.665
 20
296.494
 10
107.611
 20
296.541
 10
107.564
 20
296.595
 10
107.524
 20
296.655
 10
107.492
 20
296.72
 10
107.469
 20
296.788
 10
107.455
 20
296.858
 10
107.45
 20
296.93
 10
107.455
 20
297.002
 10
107.469
 20
297.072
 10
107.492
 20
297.14
 10
107.524
 20
297.205
 10
107.564
 20
297.265
 10
107.611
 20
297.319
 10
107.665
 20
297.366
 10
107.725
 20
297.406
 10
107.79
 20
297.438
 10
107.858
 20
297.461
 10
107.928
 20
297.475
 10
108.0
 20
297.48
 10
108.072
 20
297.475
 10
108.142
 20
297.461
 10
108.21
 20
297.438
 10
108.275
 20
297.406
 10
108.335
 20
297.366
 10
108.389
 20
297.319
 10
108.436
 20
297.265
 10
108.476
 20
297.205
 10
108.508
 20
297.14
 10
108.531
 20
297.072
 10
108.545
 20
297.002
 97
0
 75
0
 76
1
 98
0
  0
HATCH
  5
63
330
17
100
AcDbEntity
  8
RASTER
 62
7
100
AcDbHatch
 10
0.0
 20
0.0
 30
0.0
210
0.0
220
0.0
230
1.0
  2
SOLID
 70
1
 71
0
 91
1
 92
3
 72
0
 73
1
 93
48
 10
108.55
 20
294.26
 10
108.545
 20
294.188
 10
108.531
 20
294.118
 10
108.508
 20
294.05
 10
108.476
 20
293.985
 10
108.436
 20
293.925
 10
108.389
 20
293.871
 10
108.335
 20
293.824
 10
108.275
 20
293.784
 10
108.21
 20
293.752
 10
108.142
 20
293.729
 10
108.072
 20
293.715
 10
108.0
 20
293.71
 10
107.928
 20
293.715
 10
107.858
 20
293.729
 10
107.79
 20
293.752
 10
107.725
 20
293.784
 10
107.665
 20
293.824
 10
107.611
 20
293.871
 10
107.564
 20
293.925
 10
107.524
 20
293.985
 10
107.492
 20
294.05
 10
107.469
 20
294.118
 10
107.455
 20
294.188
 10
107.45
 20
294.26
 10
107.455
 20
294.332
 10
107.469
 20
294.402
 10
107.492
 20
294.47
 10
107.524
 20
294.535
 10
107.564
 20
294.595
 10
107.611
 20
294.649
 10
107.665
 20
294.696
 10
107.725
 20
294.736
 10
107.79
 20
294.768
 10
107.858
 20
294.791
 10
107.928
 20
294.805
 10
108.0
 20
294.81
 10
108.072
 20
294.805
 10
108.142
 20
294.791
 10
108.21
 20
294.768
 10
108.275
 20
294.736
 10
108.335
 20
294.696
 10
108.389
 20
294.649
 10
108.436
 20
294.595
 10
108.476
 20
294.535
 10
108.508
 20
294.47
 10
108.531
 20
294.402
 10
108.545
 20
294.332
 97
0
 75
0
 76
1
 98
0
  0
HATCH
  5
64
330
17
100
AcDbEntity
  8
RASTER
 62
7
100
AcDbHatch
 10
0.0
 20
0.0
 30
0.0
210
0.0
220
0.0
230
1.0
  2
SOLID
 70
1
 71
0
 91
1
 92
3
 72
0
 73
1
 93
48
 10
108.55
 20
291.59
 10
108.545
 20
291.518
 10
108.531
 20
291.448
 10
108.508
 20
291.38
 10
108.476
 20
291.315
 10
108.436
 20
291.255
 10
108.389
 20
291.201
 10
108.335
 20
291.154
 10
108.275
 20
291.114
 10
108.21
 20
291.082
 10
108.142
 20
291.059
 10
108.072
 20
291.045
 10
108.0
 20
291.04
 10
107.928
 20
291.045
 10
107.858
 20
291.059
 10
107.79
 20
291.082
 10
107.725
 20
291.114
 10
107.665
 20
291.154
 10
107.611
 20
291.201
 10
107.564
 20
291.255
 10
107.524
 20
291.315
 10
107.492
 20
291.38
 10
107.469
 20
291.448
 10
107.455
 20
291.518
 10
107.45
 20
291.59
 10
107.455
 20
291.662
 10
107.469
 20
291.732
 10
107.492
 20
291.8
 10
107.524
 20
291.865
 10
107.564
 20
291.925
 10
107.611
 20
291.979
 10
107.665
 20
292.026
 10
107.725
 20
292.066
 10
107.79
 20
292.098
 10
107.858
 20
292.121
 10
107.928
 20
292.135
 10
108.0
 20
292.14
 10
108.072
 20
292.135
 10
108.142
 20
292.121
 10
108.21
 20
292.098
 10
108.275
 20
292.066
 10
108.335
 20
292.026
 10
108.389
 20
291.979
 10
108.436
 20
291.925
 10
108.476
 20
291.865
 10
108.508
 20
291.8
 10
108.531
 20
291.732
 10
108.545
 20
291.662
 97
0
 75
0
 76
1
 98
0
  0
HATCH
  5
65
330
17
100
AcDbEntity
  8
RASTER
 62
7
100
AcDbHatch
 10
0.0
 20
0.0
 30
0.0
210
0.0
220
0.0
230
1.0
  2
SOLID
 70
1
 71
0
 91
1
 92
3
 72
0
 73
1
 93
4
 10
146.0
 20
298.71
 10
150.0
 20
298.71
 10
150.0
 20
289.81
 10
146.0
 20
289.81
 97
0
 75
0
 76
1
 98
0
  0
HATCH
  5
66
330
17
100
AcDbEntity
  8
RASTER
 62
7
100
AcDbHatch
 10
0.0
 20
0.0
 30
0.0
210
0.0
220
0.0
230
1.0
  2
SOLID
 70
1
 71
0
 91
1
 92
3
 72
0
 73
1
 93
48
 10
148.55
 20
296.93
 10
148.545
 20
296.858
 10
148.531
 20
296.788
 10
148.508
 20
296.72
 10
148.476
 20
296.655
 10
148.436
 20
296.595
 10
148.389
 20
296.541
 10
148.335
 20
296.494
 10
148.275
 20
296.454
 10
148.21
 20
296.422
 10
148.142
 20
296.399
 10
148.072
 20
296.385
 10
148.0
 20
296.38
 10
147.928
 20
296.385
 10
147.858
 20
296.399
 10
147.79
 20
296.422
 10
147.725
 20
296.454
 10
147.665
 20
296.494
 10
147.611
 20
296.541
 10
147.564
 20
296.595
 10
147.524
 20
296.655
 10
147.492
 20
296.72
 10
147.469
 20
296.788
 10
147.455
 20
296.858
 10
147.45
 20
296.93
 10
147.455
 20
297.002
 10
147.469
 20
297.072
 10
147.492
 20
297.14
 10
147.524
 20
297.205
 10
147.564
 20
297.265
 10
147.611
 20
297.319
 10
147.665
 20
297.366
 10
147.725
 20
297.406
 10
147.79
 20
297.438
 10
147.858
 20
297.461
 10
147.928
 20
297.475
 10
148.0
 20
297.48
 10
148.072
 20
297.475
 10
148.142
 20
297.461
 10
148.21
 20
297.438
 10
148.275
 20
297.406
 10
148.335
 20
297.366
 10
148.389
 20
297.319
 10
148.436
 20
297.265
 10
148.476
 20
297.205
 10
148.508
 20
297.14
 10
148.531
 20
297.072
 10
148.545
 20
297.002
 97
0
 75
0
 76
1
 98
0
  0
HATCH
  5
67
330
17
100
AcDbEntity
  8
RASTER
 62
7
100
AcDbHatch
 10
0.0
 20
0.0
 30
0.0
210
0.0
220
0.0
230
1.0
  2
SOLID
 70
1
 71
0
 91
1
 92
3
 72
0
 73
1
 93
48
 10
148.55
 20
294.26
 10
148.545
 20
294.188
 10
148.531
 20
294.118
 10
148.508
 20
294.05
 10
148.476
 20
293.985
 10
148.436
 20
293.925
 10
148.389
 20
293.871
 10
148.335
 20
293.824
 10
148.275
 20
293.784
 10
148.21
 20
293.752
 10
148.142
 20
293.729
 10
148.072
 20
293.715
 10
148.0
 20
293.71
 10
147.928
 20
293.715
 10
147.858
 20
293.729
 10
147.79
 20
293.752
 10
147.725
 20
293.784
 10
147.665
 20
293.824
 10
147.611
 20
293.871
 10
147.564
 20
293.925
 10
147.524
 20
293.985
 10
147.492
 20
294.05
 10
147.469
 20
294.118
 10
147.455
 20
294.188
 10
147.45
 20
294.26
 10
147.455
 20
294.332
 10
147.469
 20
294.402
 10
147.492
 20
294.47
 10
147.524
 20
294.535
 10
147.564
 20
294.595
 10
147.611
 20
294.649
 10
147.665
 20
294.696
 10
147.725
 20
294.736
 10
147.79
 20
294.768
 10
147.858
 20
294.791
 10
147.928
 20
294.805
 10
148.0
 20
294.81
 10
148.072
 20
294.805
 10
148.142
 20
294.791
 10
148.21
 20
294.768
 10
148.275
 20
294.736
 10
148.335
 20
294.696
 10
148.389
 20
294.649
 10
148.436
 20
294.595
 10
148.476
 20
294.535
 10
148.508
 20
294.47
 10
148.531
 20
294.402
 10
148.545
 20
294.332
 97
0
 75
0
 76
1
 98
0
  0
HATCH
  5
68
330
17
100
AcDbEntity
  8
RASTER
 62
7
100
AcDbHatch
 10
0.0
 20
0.0
 30
0.0
210
0.0
220
0.0
230
1.0
  2
SOLID
 70
1
 71
0
 91
1
 92
3
 72
0
 73
1
 93
48
 10
148.55
 20
291.59
 10
148.545
 20
291.518
 10
148.531
 20
291.448
 10
148.508
 20
291.38
 10
148.476
 20
291.315
 10
148.436
 20
291.255
 10
148.389
 20
291.201
 10
148.335
 20
291.154
 10
148.275
 20
291.114
 10
148.21
 20
291.082
 10
148.142
 20
291.059
 10
148.072
 20
291.045
 10
148.0
 20
291.04
 10
147.928
 20
291.045
 10
147.858
 20
291.059
 10
147.79
 20
291.082
 10
147.725
 20
291.114
 10
147.665
 20
291.154
 10
147.611
 20
291.201
 10
147.564
 20
291.255
 10
147.524
 20
291.315
 10
147.492
 20
291.38
 10
147.469
 20
291.448
 10
147.455
 20
291.518
 10
147.45
 20
291.59
 10
147.455
 20
291.662
 10
147.469
 20
291.732
 10
147.492
 20
291.8
 10
147.524
 20
291.865
 10
147.564
 20
291.925
 10
147.611
 20
291.979
 10
147.665
 20
292.026
 10
147.725
 20
292.066
 10
147.79
 20
292.098
 10
147.858
 20
292.121
 10
147.928
 20
292.135
 10
148.0
 20
292.14
 10
148.072
 20
292.135
 10
148.142
 20
292.121
 10
148.21
 20
292.098
 10
148.275
 20
292.066
 10
148.335
 20
292.026
 10
148.389
 20
291.979
 10
148.436
 20
291.925
 10
148.476
 20
291.865
 10
148.508
 20
291.8
 10
148.531
 20
291.732
 10
148.545
 20
291.662
 97
0
 75
0
 76
1
 98
0
  0
LWPOLYLINE
  5
69
330
17
100
AcDbEntity
  8
CUT
100
AcDbPolyline
 90
68
 70
1
 10
171.96
 20
292.35
 10
175.1
 20
292.35
 10
189.86
 20
292.35
 10
189.85
 20
292.35
 10
189.85
 20
295.613
 10
189.957
 20
296.423
 10
190.27
 20
297.18
 10
190.769
 20
297.831
 10
191.42
 20
298.33
 10
192.177
 20
298.643
 10
192.987
 20
298.75
 10
201.493
 20
298.75
 10
202.303
 20
298.643
 10
203.06
 20
298.33
 10
203.711
 20
297.831
 10
204.21
 20
297.18
 10
204.523
 20
296.423
 10
204.63
 20
295.613
 10
204.63
 20
292.35
 10
204.62
 20
292.35
 10
219.38
 20
292.35
 10
219.37
 20
292.35
 10
219.37
 20
295.613
 10
219.477
 20
296.423
 10
219.79
 20
297.18
 10
220.289
 20
297.831
 10
220.94
 20
298.33
 10
221.697
 20
298.643
 10
222.507
 20
298.75
 10
231.013
 20
298.75
 10
231.823
 20
298.643
 10
232.58
 20
298.33
 10
233.231
 20
297.831
 10
233.73
 20
297.18
 10
234.043
 20
296.423
 10
234.15
 20
295.613
 10
234.15
 20
292.35
 10
234.14
 20
292.35
 10
248.9
 20
292.35
 10
252.04
 20
292.35
 10
252.04
 20
289.87
 10
248.9
 20
289.87
 10
243.263
 20
289.87
 10
243.263
 20
286.77
 10
237.506
 20
286.77
 10
237.506
 20
289.87
 10
231.909
 20
289.87
 10
231.909
 20
286.77
 10
226.152
 20
286.77
 10
226.152
 20
289.87
 10
220.555
 20
289.87
 10
220.555
 20
286.77
 10
214.798
 20
286.77
 10
214.798
 20
289.87
 10
209.202
 20
289.87
 10
209.202
 20
286.77
 10
203.445
 20
286.77
 10
203.445
 20
289.87
 10
197.848
 20
289.87
 10
197.848
 20
286.77
 10
192.091
 20
286.77
 10
192.091
 20
289.87
 10
186.494
 20
289.87
 10
186.494
 20
286.77
 10
180.737
 20
286.77
 10
180.737
 20
289.87
 10
175.1
 20
289.87
 10
171.96
 20
289.87
  0
LWPOLYLINE
  5
6A
330
17
100
AcDbEntity
  8
CUT
100
AcDbPolyline
 90
16
 70
1
 10
259.06
 20
298.75
 10
279.94
 20
298.75
 10
279.94
 20
295.783
 10
283.04
 20
295.783
 10
283.04
 20
292.737
 10
279.94
 20
292.737
 10
279.94
 20
289.77
 10
273.007
 20
289.77
 10
273.007
 20
286.67
 10
265.993
 20
286.67
 10
265.993
 20
289.77
 10
259.06
 20
289.77
 10
259.06
 20
292.737
 10
255.96
 20
292.737
 10
255.96
 20
295.783
 10
259.06
 20
295.783
  0
HATCH
  5
6B
330
17
100
AcDbEntity
  8
RASTER
 62
7
100
AcDbHatch
 10
0.0
 20
0.0
 30
0.0
210
0.0
220
0.0
230
1.0
  2
SOLID
 70
1
 71
0
 91
1
 92
3
 72
0
 73
1
 93
4
 10
260.1
 20
293.11
 10
278.9
 20
293.11
 10
278.9
 20
292.71
 10
260.1
 20
292.71
 97
0
 75
0
 76
1
 98
0
  0
LWPOLYLINE
  5
6C
330
17
100
AcDbEntity
  8
CUT
100
AcDbPolyline
 90
16
 70
1
 10
7.06
 20
267.75
 10
27.94
 20
267.75
 10
27.94
 20
264.783
 10
31.04
 20
264.783
 10
31.04
 20
261.737
 10
27.94
 20
261.737
 10
27.94
 20
258.77
 10
21.007
 20
258.77
 10
21.007
 20
255.67
 10
13.993
 20
255.67
 10
13.993
 20
258.77
 10
7.06
 20
258.77
 10
7.06
 20
261.737
 10
3.96
 20
261.737
 10
3.96
 20
264.783
 10
7.06
 20
264.783
  0
HATCH
  5
6D
330
17
100
AcDbEntity
  8
RASTER
 62
7
100
AcDbHatch
 10
0.0
 20
0.0
 30
0.0
210
0.0
220
0.0
230
1.0
  2
SOLID
 70
1
 71
0
 91
1
 92
3
 72
0
 73
1
 93
4
 10
8.1
 20
262.11
 10
26.9
 20
262.11
 10
26.9
 20
261.71
 10
8.1
 20
261.71
 97
0
 75
0
 76
1
 98
0
  0
LWPOLYLINE
  5
6E
330
17
100
AcDbEntity
  8
CUT
100
AcDbPolyline
 90
68
 70
1
 10
34.96
 20
267.75
 10
38.1
 20
267.75
 10
43.817
 20
267.75
 10
43.817
 20
264.65
 10
49.414
 20
264.65
 10
49.414
 20
267.75
 10
55.171
 20
267.75
 10
55.171
 20
264.65
 10
60.768
 20
264.65
 10
60.768
 20
267.75
 10
66.525
 20
267.75
 10
66.525
 20
264.65
 10
72.122
 20
264.65
 10
72.122
 20
267.75
 10
77.878
 20
267.75
 10
77.878
 20
264.65
 10
83.475
 20
264.65
 10
83.475
 20
267.75
 10
89.232
 20
267.75
 10
89.232
 20
264.65
 10
94.829
 20
264.65
 10
94.829
 20
267.75
 10
100.586
 20
267.75
 10
100.586
 20
264.65
 10
106.183
 20
264.65
 10
106.183
 20
267.75
 10
111.9
 20
267.75
 10
115.04
 20
267.75
 10
115.04
 20
264.61
 10
115.04
 20
257.637
 10
111.94
 20
257.637
 10
111.94
 20
250.783
 10
115.04
 20
250.783
 10
115.04
 20
243.81
 10
115.04
 20
240.67
 10
111.9
 20
240.67
 10
106.183
 20
240.67
 10
106.183
 20
243.77
 10
100.586
 20
243.77
 10
100.586
 20
240.67
 10
94.829
 20
240.67
 10
94.829
 20
243.77
 10
89.232
 20
243.77
 10
89.232
 20
240.67
 10
83.475
 20
240.67
 10
83.475
 20
243.77
 10
77.878
 20
243.77
 10
77.878
 20
240.67
 10
72.122
 20
240.67
 10
72.122
 20
243.77
 10
66.525
 20
243.77
 10
66.525
 20
240.67
 10
60.768
 20
240.67
 10
60.768
 20
243.77
 10
55.171
 20
243.77
 10
55.171
 20
240.67
 10
49.414
 20
240.67
 10
49.414
 20
243.77
 10
43.817
 20
243.77
 10
43.817
 20
240.67
 10
38.1
 20
240.67
 10
34.96
 20
240.67
 10
34.96
 20
243.81
 10
34.96
 20
250.783
 10
38.06
 20
250.783
 10
38.06
 20
257.637
 10
34.96
 20
257.637
 10
34.96
 20
264.61
  0
HATCH
  5
6F
330
17
100
AcDbEntity
  8
RASTER
 62
7
100
AcDbHatch
 10
0.0
 20
0.0
 30
0.0
210
0.0
220
0.0
230
1.0
  2
SOLID
 70
1
 71
0
 91
1
 92
3
 72
0
 73
1
 93
4
 10
39.1
 20
259.91
 10
110.9
 20
259.91
 10
110.9
 20
259.31
 10
39.1
 20
259.31
 97
0
 75
0
 76
1
 98
0
  0
HATCH
  5
70
330
17
100
AcDbEntity
  8
RASTER
 62
7
100
AcDbHatch
 10
0.0
 20
0.0
 30
0.0
210
0.0
220
0.0
230
1.0
  2
SOLID
 70
1
 71
0
 91
1
 92
3
 72
0
 73
1
 93
4
 10
39.1
 20
254.91
 10
110.9
 20
254.91
 10
110.9
 20
254.31
 10
39.1
 20
254.31
 97
0
 75
0
 76
1
 98
0
  0
HATCH
  5
71
330
17
100
AcDbEntity
  8
RASTER
 62
7
100
AcDbHatch
 10
0.0
 20
0.0
 30
0.0
210
0.0
220
0.0
230
1.0
  2
SOLID
 70
1
 71
0
 91
1
 92
3
 72
0
 73
1
 93
4
 10
39.1
 20
249.91
 10
110.9
 20
249.91
 10
110.9
 20
249.31
 10
39.1
 20
249.31
 97
0
 75
0
 76
1
 98
0
  0
HATCH
  5
72
330
17
100
AcDbEntity
  8
RASTER
 62
7
100
AcDbHatch
 10
0.0
 20
0.0
 30
0.0
210
0.0
220
0.0
230
1.0
  2
SOLID
 70
1
 71
0
 91
1
 92
3
 72
0
 73
1
 93
4
 10
53.0
 20
267.71
 10
57.0
 20
267.71
 10
57.0
 20
240.71
 10
53.0
 20
240.71
 97
0
 75
0
 76
1
 98
0
  0
HATCH
  5
73
330
17
100
AcDbEntity
  8
RASTER
 62
7
100
AcDbHatch
 10
0.0
 20
0.0
 30
0.0
210
0.0
220
0.0
230
1.0
  2
SOLID
 70
1
 71
0
 91
1
 92
3
 72
0
 73
1
 93
48
 10
55.55
 20
262.31
 10
55.545
 20
262.238
 10
55.531
 20
262.168
 10
55.508
 20
262.1
 10
55.476
 20
262.035
 10
55.436
 20
261.975
 10
55.389
 20
261.921
 10
55.335
 20
261.874
 10
55.275
 20
261.834
 10
55.21
 20
261.802
 10
55.142
 20
261.779
 10
55.072
 20
261.765
 10
55.0
 20
261.76
 10
54.928
 20
261.765
 10
54.858
 20
261.779
 10
54.79
 20
261.802
 10
54.725
 20
261.834
 10
54.665
 20
261.874
 10
54.611
 20
261.921
 10
54.564
 20
261.975
 10
54.524
 20
262.035
 10
54.492
 20
262.1
 10
54.469
 20
262.168
 10
54.455
 20
262.238
 10
54.45
 20
262.31
 10
54.455
 20
262.382
 10
54.469
 20
262.452
 10
54.492
 20
262.52
 10
54.524
 20
262.585
 10
54.564
 20
262.645
 10
54.611
 20
262.699
 10
54.665
 20
262.746
 10
54.725
 20
262.786
 10
54.79
 20
262.818
 10
54.858
 20
262.841
 10
54.928
 20
262.855
 10
55.0
 20
262.86
 10
55.072
 20
262.855
 10
55.142
 20
262.841
 10
55.21
 20
262.818
 10
55.275
 20
262.786
 10
55.335
 20
262.746
 10
55.389
 20
262.699
 10
55.436
 20
262.645
 10
55.476
 20
262.585
 10
55.508
 20
262.52
 10
55.531
 20
262.452
 10
55.545
 20
262.382
 97
0
 75
0
 76
1
 98
0
  0
HATCH
  5
74
330
17
100
AcDbEntity
  8
RASTER
 62
7
100
AcDbHatch
 10
0.0
 20
0.0
 30
0.0
210
0.0
220
0.0
230
1.0
  2
SOLID
 70
1
 71
0
 91
1
 92
3
 72
0
 73
1
 93
48
 10
55.55
 20
254.21
 10
55.545
 20
254.138
 10
55.531
 20
254.068
 10
55.508
 20
254.0
 10
55.476
 20
253.935
 10
55.436
 20
253.875
 10
55.389
 20
253.821
 10
55.335
 20
253.774
 10
55.275
 20
253.734
 10
55.21
 20
253.702
 10
55.142
 20
253.679
 10
55.072
 20
253.665
 10
55.0
 20
253.66
 10
54.928
 20
253.665
 10
54.858
 20
253.679
 10
54.79
 20
253.702
 10
54.725
 20
253.734
 10
54.665
 20
253.774
 10
54.611
 20
253.821
 10
54.564
 20
253.875
 10
54.524
 20
253.935
 10
54.492
 20
254.0
 10
54.469
 20
254.068
 10
54.455
 20
254.138
 10
54.45
 20
254.21
 10
54.455
 20
254.282
 10
54.469
 20
254.352
 10
54.492
 20
254.42
 10
54.524
 20
254.485
 10
54.564
 20
254.545
 10
54.611
 20
254.599
 10
54.665
 20
254.646
 10
54.725
 20
254.686
 10
54.79
 20
254.718
 10
54.858
 20
254.741
 10
54.928
 20
254.755
 10
55.0
 20
254.76
 10
55.072
 20
254.755
 10
55.142
 20
254.741
 10
55.21
 20
254.718
 10
55.275
 20
254.686
 10
55.335
 20
254.646
 10
55.389
 20
254.599
 10
55.436
 20
254.545
 10
55.476
 20
254.485
 10
55.508
 20
254.42
 10
55.531
 20
254.352
 10
55.545
 20
254.282
 97
0
 75
0
 76
1
 98
0
  0
HATCH
  5
75
330
17
100
AcDbEntity
  8
RASTER
 62
7
100
AcDbHatch
 10
0.0
 20
0.0
 30
0.0
210
0.0
220
0.0
230
1.0
  2
SOLID
 70
1
 71
0
 91
1
 92
3
 72
0
 73
1
 93
48
 10
55.55
 20
246.11
 10
55.545
 20
246.038
 10
55.531
 20
245.968
 10
55.508
 20
245.9
 10
55.476
 20
245.835
 10
55.436
 20
245.775
 10
55.389
 20
245.721
 10
55.335
 20
245.674
 10
55.275
 20
245.634
 10
55.21
 20
245.602
 10
55.142
 20
245.579
 10
55.072
 20
245.565
 10
55.0
 20
245.56
 10
54.928
 20
245.565
 10
54.858
 20
245.579
 10
54.79
 20
245.602
 10
54.725
 20
245.634
 10
54.665
 20
245.674
 10
54.611
 20
245.721
 10
54.564
 20
245.775
 10
54.524
 20
245.835
 10
54.492
 20
245.9
 10
54.469
 20
245.968
 10
54.455
 20
246.038
 10
54.45
 20
246.11
 10
54.455
 20
246.182
 10
54.469
 20
246.252
 10
54.492
 20
246.32
 10
54.524
 20
246.385
 10
54.564
 20
246.445
 10
54.611
 20
246.499
 10
54.665
 20
246.546
 10
54.725
 20
246.586
 10
54.79
 20
246.618
 10
54.858
 20
246.641
 10
54.928
 20
246.655
 10
55.0
 20
246.66
 10
55.072
 20
246.655
 10
55.142
 20
246.641
 10
55.21
 20
246.618
 10
55.275
 20
246.586
 10
55.335
 20
246.546
 10
55.389
 20
246.499
 10
55.436
 20
246.445
 10
55.476
 20
246.385
 10
55.508
 20
246.32
 10
55.531
 20
246.252
 10
55.545
 20
246.182
 97
0
 75
0
 76
1
 98
0
  0
HATCH
  5
76
330
17
100
AcDbEntity
  8
RASTER
 62
7
100
AcDbHatch
 10
0.0
 20
0.0
 30
0.0
210
0.0
220
0.0
230
1.0
  2
SOLID
 70
1
 71
0
 91
1
 92
3
 72
0
 73
1
 93
4
 10
93.0
 20
267.71
 10
97.0
 20
267.71
 10
97.0
 20
240.71
 10
93.0
 20
240.71
 97
0
 75
0
 76
1
 98
0
  0
HATCH
  5
77
330
17
100
AcDbEntity
  8
RASTER
 62
7
100
AcDbHatch
 10
0.0
 20
0.0
 30
0.0
210
0.0
220
0.0
230
1.0
  2
SOLID
 70
1
 71
0
 91
1
 92
3
 72
0
 73
1
 93
48
 10
95.55
 20
262.31
 10
95.545
 20
262.238
 10
95.531
 20
262.168
 10
95.508
 20
262.1
 10
95.476
 20
262.035
 10
95.436
 20
261.975
 10
95.389
 20
261.921
 10
95.335
 20
261.874
 10
95.275
 20
261.834
 10
95.21
 20
261.802
 10
95.142
 20
261.779
 10
95.072
 20
261.765
 10
95.0
 20
261.76
 10
94.928
 20
261.765
 10
94.858
 20
261.779
 10
94.79
 20
261.802
 10
94.725
 20
261.834
 10
94.665
 20
261.874
 10
94.611
 20
261.921
 10
94.564
 20
261.975
 10
94.524
 20
262.035
 10
94.492
 20
262.1
 10
94.469
 20
262.168
 10
94.455
 20
262.238
 10
94.45
 20
262.31
 10
94.455
 20
262.382
 10
94.469
 20
262.452
 10
94.492
 20
262.52
 10
94.524
 20
262.585
 10
94.564
 20
262.645
 10
94.611
 20
262.699
 10
94.665
 20
262.746
 10
94.725
 20
262.786
 10
94.79
 20
262.818
 10
94.858
 20
262.841
 10
94.928
 20
262.855
 10
95.0
 20
262.86
 10
95.072
 20
262.855
 10
95.142
 20
262.841
 10
95.21
 20
262.818
 10
95.275
 20
262.786
 10
95.335
 20
262.746
 10
95.389
 20
262.699
 10
95.436
 20
262.645
 10
95.476
 20
262.585
 10
95.508
 20
262.52
 10
95.531
 20
262.452
 10
95.545
 20
262.382
 97
0
 75
0
 76
1
 98
0
  0
HATCH
  5
78
330
17
100
AcDbEntity
  8
RASTER
 62
7
100
AcDbHatch
 10
0.0
 20
0.0
 30
0.0
210
0.0
220
0.0
230
1.0
  2
SOLID
 70
1
 71
0
 91
1
 92
3
 72
0
 73
1
 93
48
 10
95.55
 20
254.21
 10
95.545
 20
254.138
 10
95.531
 20
254.068
 10
95.508
 20
254.0
 10
95.476
 20
253.935
 10
95.436
 20
253.875
 10
95.389
 20
253.821
 10
95.335
 20
253.774
 10
95.275
 20
253.734
 10
95.21
 20
253.702
 10
95.142
 20
253.679
 10
95.072
 20
253.665
 10
95.0
 20
253.66
 10
94.928
 20
253.665
 10
94.858
 20
253.679
 10
94.79
 20
253.702
 10
94.725
 20
253.734
 10
94.665
 20
253.774
 10
94.611
 20
253.821
 10
94.564
 20
253.875
 10
94.524
 20
253.935
 10
94.492
 20
254.0
 10
94.469
 20
254.068
 10
94.455
 20
254.138
 10
94.45
 20
254.21
 10
94.455
 20
254.282
 10
94.469
 20
254.352
 10
94.492
 20
254.42
 10
94.524
 20
254.485
 10
94.564
 20
254.545
 10
94.611
 20
254.599
 10
94.665
 20
254.646
 10
94.725
 20
254.686
 10
94.79
 20
254.718
 10
94.858
 20
254.741
 10
94.928
 20
254.755
 10
95.0
 20
254.76
 10
95.072
 20
254.755
 10
95.142
 20
254.741
 10
95.21
 20
254.718
 10
95.275
 20
254.686
 10
95.335
 20
254.646
 10
95.389
 20
254.599
 10
95.436
 20
254.545
 10
95.476
 20
254.485
 10
95.508
 20
254.42
 10
95.531
 20
254.352
 10
95.545
 20
254.282
 97
0
 75
0
 76
1
 98
0
  0
HATCH
  5
79
330
17
100
AcDbEntity
  8
RASTER
 62
7
100
AcDbHatch
 10
0.0
 20
0.0
 30
0.0
210
0.0
220
0.0
230
1.0
  2
SOLID
 70
1
 71
0
 91
1
 92
3
 72
0
 73
1
 93
48
 10
95.55
 20
246.11
 10
95.545
 20
246.038
 10
95.531
 20
245.968
 10
95.508
 20
245.9
 10
95.476
 20
245.835
 10
95.436
 20
245.775
 10
95.389
 20
245.721
 10
95.335
 20
245.674
 10
95.275
 20
245.634
 10
95.21
 20
245.602
 10
95.142
 20
245.579
 10
95.072
 20
245.565
 10
95.0
 20
245.56
 10
94.928
 20
245.565
 10
94.858
 20
245.579
 10
94.79
 20
245.602
 10
94.725
 20
245.634
 10
94.665
 20
245.674
 10
94.611
 20
245.721
 10
94.564
 20
245.775
 10
94.524
 20
245.835
 10
94.492
 20
245.9
 10
94.469
 20
245.968
 10
94.455
 20
246.038
 10
94.45
 20
246.11
 10
94.455
 20
246.182
 10
94.469
 20
246.252
 10
94.492
 20
246.32
 10
94.524
 20
246.385
 10
94.564
 20
246.445
 10
94.611
 20
246.499
 10
94.665
 20
246.546
 10
94.725
 20
246.586
 10
94.79
 20
246.618
 10
94.858
 20
246.641
 10
94.928
 20
246.655
 10
95.0
 20
246.66
 10
95.072
 20
246.655
 10
95.142
 20
246.641
 10
95.21
 20
246.618
 10
95.275
 20
246.586
 10
95.335
 20
246.546
 10
95.389
 20
246.499
 10
95.436
 20
246.445
 10
95.476
 20
246.385
 10
95.508
 20
246.32
 10
95.531
 20
246.252
 10
95.545
 20
246.182
 97
0
 75
0
 76
1
 98
0
  0
LWPOLYLINE
  5
7A
330
17
100
AcDbEntity
  8
CUT
100
AcDbPolyline
 90
52
 70
1
 10
118.96
 20
267.311
 10
118.963
 20
267.378
 10
118.972
 20
267.44
 10
118.987
 20
267.498
 10
119.009
 20
267.55
 10
119.037
 20
267.597
 10
119.072
 20
267.638
 10
119.113
 20
267.673
 10
119.16
 20
267.701
 10
119.212
 20
267.723
 10
119.27
 20
267.738
 10
119.332
 20
267.747
 10
119.399
 20
267.75
 10
131.081
 20
267.75
 10
131.148
 20
267.747
 10
131.21
 20
267.738
 10
131.268
 20
267.723
 10
131.32
 20
267.701
 10
131.367
 20
267.673
 10
131.408
 20
267.638
 10
131.443
 20
267.597
 10
131.471
 20
267.55
 10
131.493
 20
267.498
 10
131.508
 20
267.44
 10
131.517
 20
267.378
 10
131.52
 20
267.311
 10
131.52
 20
265.109
 10
131.517
 20
265.042
 10
131.508
 20
264.98
 10
131.493
 20
264.922
 10
131.471
 20
264.87
 10
131.443
 20
264.823
 10
131.408
 20
264.782
 10
131.367
 20
264.747
 10
131.32
 20
264.719
 10
131.268
 20
264.697
 10
131.21
 20
264.682
 10
131.148
 20
264.673
 10
131.081
 20
264.67
 10
119.399
 20
264.67
 10
119.332
 20
264.673
 10
119.27
 20
264.682
 10
119.212
 20
264.697
 10
119.16
 20
264.719
 10
119.113
 20
264.747
 10
119.072
 20
264.782
 10
119.037
 20
264.823
 10
119.009
 20
264.87
 10
118.987
 20
264.922
 10
118.972
 20
264.98
 10
118.963
 20
265.042
 10
118.96
 20
265.109
  0
LWPOLYLINE
  5
7B
330
17
100
AcDbEntity
  8
CUT
100
AcDbPolyline
 90
52
 70
1
 10
135.44
 20
267.311
 10
135.443
 20
267.378
 10
135.452
 20
267.44
 10
135.467
 20
267.498
 10
135.489
 20
267.55
 10
135.517
 20
267.597
 10
135.552
 20
267.638
 10
135.593
 20
267.673
 10
135.64
 20
267.701
 10
135.692
 20
267.723
 10
135.75
 20
267.738
 10
135.812
 20
267.747
 10
135.879
 20
267.75
 10
147.561
 20
267.75
 10
147.628
 20
267.747
 10
147.69
 20
267.738
 10
147.748
 20
267.723
 10
147.8
 20
267.701
 10
147.847
 20
267.673
 10
147.888
 20
267.638
 10
147.923
 20
267.597
 10
147.951
 20
267.55
 10
147.973
 20
267.498
 10
147.988
 20
267.44
 10
147.997
 20
267.378
 10
148.0
 20
267.311
 10
148.0
 20
265.109
 10
147.997
 20
265.042
 10
147.988
 20
264.98
 10
147.973
 20
264.922
 10
147.951
 20
264.87
 10
147.923
 20
264.823
 10
147.888
 20
264.782
 10
147.847
 20
264.747
 10
147.8
 20
264.719
 10
147.748
 20
264.697
 10
147.69
 20
264.682
 10
147.628
 20
264.673
 10
147.561
 20
264.67
 10
135.879
 20
264.67
 10
135.812
 20
264.673
 10
135.75
 20
264.682
 10
135.692
 20
264.697
 10
135.64
 20
264.719
 10
135.593
 20
264.747
 10
135.552
 20
264.782
 10
135.517
 20
264.823
 10
135.489
 20
264.87
 10
135.467
 20
264.922
 10
135.452
 20
264.98
 10
135.443
 20
265.042
 10
135.44
 20
265.109
  0
LWPOLYLINE
  5
7C
330
17
100
AcDbEntity
  8
CUT
100
AcDbPolyline
 90
40
 70
1
 10
155.06
 20
267.75
 10
228.86
 20
267.75
 10
232.0
 20
267.75
 10
232.0
 20
262.037
 10
228.9
 20
262.037
 10
228.9
 20
256.483
 10
232.0
 20
256.483
 10
232.0
 20
250.77
 10
228.86
 20
250.77
 10
223.223
 20
250.77
 10
223.223
 20
247.67
 10
217.466
 20
247.67
 10
217.466
 20
250.77
 10
211.869
 20
250.77
 10
211.869
 20
247.67
 10
206.112
 20
247.67
 10
206.112
 20
250.77
 10
200.515
 20
250.77
 10
200.515
 20
247.67
 10
194.758
 20
247.67
 10
194.758
 20
250.77
 10
189.162
 20
250.77
 10
189.162
 20
247.67
 10
183.405
 20
247.67
 10
183.405
 20
250.77
 10
177.808
 20
250.77
 10
177.808
 20
247.67
 10
172.051
 20
247.67
 10
172.051
 20
250.77
 10
166.454
 20
250.77
 10
166.454
 20
247.67
 10
160.697
 20
247.67
 10
160.697
 20
250.77
 10
155.06
 20
250.77
 10
151.92
 20
250.77
 10
151.92
 20
256.483
 10
155.02
 20
256.483
 10
155.02
 20
262.037
 10
151.92
 20
262.037
 10
151.92
 20
267.75
  0
HATCH
  5
7D
330
17
100
AcDbEntity
  8
RASTER
 62
7
100
AcDbHatch
 10
0.0
 20
0.0
 30
0.0
210
0.0
220
0.0
230
1.0
  2
SOLID
 70
1
 71
0
 91
1
 92
3
 72
0
 73
1
 93
4
 10
156.06
 20
263.81
 10
227.86
 20
263.81
 10
227.86
 20
263.21
 10
156.06
 20
263.21
 97
0
 75
0
 76
1
 98
0
  0
HATCH
  5
7E
330
17
100
AcDbEntity
  8
RASTER
 62
7
100
AcDbHatch
 10
0.0
 20
0.0
 30
0.0
210
0.0
220
0.0
230
1.0
  2
SOLID
 70
1
 71
0
 91
1
 92
3
 72
0
 73
1
 93
4
 10
156.06
 20
259.61
 10
227.86
 20
259.61
 10
227.86
 20
259.01
 10
156.06
 20
259.01
 97
0
 75
0
 76
1
 98
0
  0
HATCH
  5
7F
330
17
100
AcDbEntity
  8
RASTER
 62
7
100
AcDbHatch
 10
0.0
 20
0.0
 30
0.0
210
0.0
220
0.0
230
1.0
  2
SOLID
 70
1
 71
0
 91
1
 92
3
 72
0
 73
1
 93
4
 10
156.06
 20
255.41
 10
227.86
 20
255.41
 10
227.86
 20
254.81
 10
156.06
 20
254.81
 97
0
 75
0
 76
1
 98
0
  0
HATCH
  5
80
330
17
100
AcDbEntity
  8
RASTER
 62
7
100
AcDbHatch
 10
0.0
 20
0.0
 30
0.0
210
0.0
220
0.0
230
1.0
  2
SOLID
 70
1
 71
0
 91
1
 92
3
 72
0
 73
1
 93
4
 10
169.96
 20
267.71
 10
173.96
 20
267.71
 10
173.96
 20
250.81
 10
169.96
 20
250.81
 97
0
 75
0
 76
1
 98
0
  0
HATCH
  5
81
330
17
100
AcDbEntity
  8
RASTER
 62
7
100
AcDbHatch
 10
0.0
 20
0.0
 30
0.0
210
0.0
220
0.0
230
1.0
  2
SOLID
 70
1
 71
0
 91
1
 92
3
 72
0
 73
1
 93
48
 10
172.51
 20
264.33
 10
172.505
 20
264.258
 10
172.491
 20
264.188
 10
172.468
 20
264.12
 10
172.436
 20
264.055
 10
172.396
 20
263.995
 10
172.349
 20
263.941
 10
172.295
 20
263.894
 10
172.235
 20
263.854
 10
172.17
 20
263.822
 10
172.102
 20
263.799
 10
172.032
 20
263.785
 10
171.96
 20
263.78
 10
171.888
 20
263.785
 10
171.818
 20
263.799
 10
171.75
 20
263.822
 10
171.685
 20
263.854
 10
171.625
 20
263.894
 10
171.571
 20
263.941
 10
171.524
 20
263.995
 10
171.484
 20
264.055
 10
171.452
 20
264.12
 10
171.429
 20
264.188
 10
171.415
 20
264.258
 10
171.41
 20
264.33
 10
171.415
 20
264.402
 10
171.429
 20
264.472
 10
171.452
 20
264.54
 10
171.484
 20
264.605
 10
171.524
 20
264.665
 10
171.571
 20
264.719
 10
171.625
 20
264.766
 10
171.685
 20
264.806
 10
171.75
 20
264.838
 10
171.818
 20
264.861
 10
171.888
 20
264.875
 10
171.96
 20
264.88
 10
172.032
 20
264.875
 10
172.102
 20
264.861
 10
172.17
 20
264.838
 10
172.235
 20
264.806
 10
172.295
 20
264.766
 10
172.349
 20
264.719
 10
172.396
 20
264.665
 10
172.436
 20
264.605
 10
172.468
 20
264.54
 10
172.491
 20
264.472
 10
172.505
 20
264.402
 97
0
 75
0
 76
1
 98
0
  0
HATCH
  5
82
330
17
100
AcDbEntity
  8
RASTER
 62
7
100
AcDbHatch
 10
0.0
 20
0.0
 30
0.0
210
0.0
220
0.0
230
1.0
  2
SOLID
 70
1
 71
0
 91
1
 92
3
 72
0
 73
1
 93
48
 10
172.51
 20
259.26
 10
172.505
 20
259.188
 10
172.491
 20
259.118
 10
172.468
 20
259.05
 10
172.436
 20
258.985
 10
172.396
 20
258.925
 10
172.349
 20
258.871
 10
172.295
 20
258.824
 10
172.235
 20
258.784
 10
172.17
 20
258.752
 10
172.102
 20
258.729
 10
172.032
 20
258.715
 10
171.96
 20
258.71
 10
171.888
 20
258.715
 10
171.818
 20
258.729
 10
171.75
 20
258.752
 10
171.685
 20
258.784
 10
171.625
 20
258.824
 10
171.571
 20
258.871
 10
171.524
 20
258.925
 10
171.484
 20
258.985
 10
171.452
 20
259.05
 10
171.429
 20
259.118
 10
171.415
 20
259.188
 10
171.41
 20
259.26
 10
171.415
 20
259.332
 10
171.429
 20
259.402
 10
171.452
 20
259.47
 10
171.484
 20
259.535
 10
171.524
 20
259.595
 10
171.571
 20
259.649
 10
171.625
 20
259.696
 10
171.685
 20
259.736
 10
171.75
 20
259.768
 10
171.818
 20
259.791
 10
171.888
 20
259.805
 10
171.96
 20
259.81
 10
172.032
 20
259.805
 10
172.102
 20
259.791
 10
172.17
 20
259.768
 10
172.235
 20
259.736
 10
172.295
 20
259.696
 10
172.349
 20
259.649
 10
172.396
 20
259.595
 10
172.436
 20
259.535
 10
172.468
 20
259.47
 10
172.491
 20
259.402
 10
172.505
 20
259.332
 97
0
 75
0
 76
1
 98
0
  0
HATCH
  5
83
330
17
100
AcDbEntity
  8
RASTER
 62
7
100
AcDbHatch
 10
0.0
 20
0.0
 30
0.0
210
0.0
220
0.0
230
1.0
  2
SOLID
 70
1
 71
0
 91
1
 92
3
 72
0
 73
1
 93
48
 10
172.51
 20
254.19
 10
172.505
 20
254.118
 10
172.491
 20
254.048
 10
172.468
 20
253.98
 10
172.436
 20
253.915
 10
172.396
 20
253.855
 10
172.349
 20
253.801
 10
172.295
 20
253.754
 10
172.235
 20
253.714
 10
172.17
 20
253.682
 10
172.102
 20
253.659
 10
172.032
 20
253.645
 10
171.96
 20
253.64
 10
171.888
 20
253.645
 10
171.818
 20
253.659
 10
171.75
 20
253.682
 10
171.685
 20
253.714
 10
171.625
 20
253.754
 10
171.571
 20
253.801
 10
171.524
 20
253.855
 10
171.484
 20
253.915
 10
171.452
 20
253.98
 10
171.429
 20
254.048
 10
171.415
 20
254.118
 10
171.41
 20
254.19
 10
171.415
 20
254.262
 10
171.429
 20
254.332
 10
171.452
 20
254.4
 10
171.484
 20
254.465
 10
171.524
 20
254.525
 10
171.571
 20
254.579
 10
171.625
 20
254.626
 10
171.685
 20
254.666
 10
171.75
 20
254.698
 10
171.818
 20
254.721
 10
171.888
 20
254.735
 10
171.96
 20
254.74
 10
172.032
 20
254.735
 10
172.102
 20
254.721
 10
172.17
 20
254.698
 10
172.235
 20
254.666
 10
172.295
 20
254.626
 10
172.349
 20
254.579
 10
172.396
 20
254.525
 10
172.436
 20
254.465
 10
172.468
 20
254.4
 10
172.491
 20
254.332
 10
172.505
 20
254.262
 97
0
 75
0
 76
1
 98
0
  0
HATCH
  5
84
330
17
100
AcDbEntity
  8
RASTER
 62
7
100
AcDbHatch
 10
0.0
 20
0.0
 30
0.0
210
0.0
220
0.0
230
1.0
  2
SOLID
 70
1
 71
0
 91
1
 92
3
 72
0
 73
1
 93
4
 10
209.96
 20
267.71
 10
213.96
 20
267.71
 10
213.96
 20
250.81
 10
209.96
 20
250.81
 97
0
 75
0
 76
1
 98
0
  0
HATCH
  5
85
330
17
100
AcDbEntity
  8
RASTER
 62
7
100
AcDbHatch
 10
0.0
 20
0.0
 30
0.0
210
0.0
220
0.0
230
1.0
  2
SOLID
 70
1
 71
0
 91
1
 92
3
 72
0
 73
1
 93
48
 10
212.51
 20
264.33
 10
212.505
 20
264.258
 10
212.491
 20
264.188
 10
212.468
 20
264.12
 10
212.436
 20
264.055
 10
212.396
 20
263.995
 10
212.349
 20
263.941
 10
212.295
 20
263.894
 10
212.235
 20
263.854
 10
212.17
 20
263.822
 10
212.102
 20
263.799
 10
212.032
 20
263.785
 10
211.96
 20
263.78
 10
211.888
 20
263.785
 10
211.818
 20
263.799
 10
211.75
 20
263.822
 10
211.685
 20
263.854
 10
211.625
 20
263.894
 10
211.571
 20
263.941
 10
211.524
 20
263.995
 10
211.484
 20
264.055
 10
211.452
 20
264.12
 10
211.429
 20
264.188
 10
211.415
 20
264.258
 10
211.41
 20
264.33
 10
211.415
 20
264.402
 10
211.429
 20
264.472
 10
211.452
 20
264.54
 10
211.484
 20
264.605
 10
211.524
 20
264.665
 10
211.571
 20
264.719
 10
211.625
 20
264.766
 10
211.685
 20
264.806
 10
211.75
 20
264.838
 10
211.818
 20
264.861
 10
211.888
 20
264.875
 10
211.96
 20
264.88
 10
212.032
 20
264.875
 10
212.102
 20
264.861
 10
212.17
 20
264.838
 10
212.235
 20
264.806
 10
212.295
 20
264.766
 10
212.349
 20
264.719
 10
212.396
 20
264.665
 10
212.436
 20
264.605
 10
212.468
 20
264.54
 10
212.491
 20
264.472
 10
212.505
 20
264.402
 97
0
 75
0
 76
1
 98
0
  0
HATCH
  5
86
330
17
100
AcDbEntity
  8
RASTER
 62
7
100
AcDbHatch
 10
0.0
 20
0.0
 30
0.0
210
0.0
220
0.0
230
1.0
  2
SOLID
 70
1
 71
0
 91
1
 92
3
 72
0
 73
1
 93
48
 10
212.51
 20
259.26
 10
212.505
 20
259.188
 10
212.491
 20
259.118
 10
212.468
 20
259.05
 10
212.436
 20
258.985
 10
212.396
 20
258.925
 10
212.349
 20
258.871
 10
212.295
 20
258.824
 10
212.235
 20
258.784
 10
212.17
 20
258.752
 10
212.102
 20
258.729
 10
212.032
 20
258.715
 10
211.96
 20
258.71
 10
211.888
 20
258.715
 10
211.818
 20
258.729
 10
211.75
 20
258.752
 10
211.685
 20
258.784
 10
211.625
 20
258.824
 10
211.571
 20
258.871
 10
211.524
 20
258.925
 10
211.484
 20
258.985
 10
211.452
 20
259.05
 10
211.429
 20
259.118
 10
211.415
 20
259.188
 10
211.41
 20
259.26
 10
211.415
 20
259.332
 10
211.429
 20
259.402
 10
211.452
 20
259.47
 10
211.484
 20
259.535
 10
211.524
 20
259.595
 10
211.571
 20
259.649
 10
211.625
 20
259.696
 10
211.685
 20
259.736
 10
211.75
 20
259.768
 10
211.818
 20
259.791
 10
211.888
 20
259.805
 10
211.96
 20
259.81
 10
212.032
 20
259.805
 10
212.102
 20
259.791
 10
212.17
 20
259.768
 10
212.235
 20
259.736
 10
212.295
 20
259.696
 10
212.349
 20
259.649
 10
212.396
 20
259.595
 10
212.436
 20
259.535
 10
212.468
 20
259.47
 10
212.491
 20
259.402
 10
212.505
 20
259.332
 97
0
 75
0
 76
1
 98
0
  0
HATCH
  5
87
330
17
100
AcDbEntity
  8
RASTER
 62
7
100
AcDbHatch
 10
0.0
 20
0.0
 30
0.0
210
0.0
220
0.0
230
1.0
  2
SOLID
 70
1
 71
0
 91
1
 92
3
 72
0
 73
1
 93
48
 10
212.51
 20
254.19
 10
212.505
 20
254.118
 10
212.491
 20
254.048
 10
212.468
 20
253.98
 10
212.436
 20
253.915
 10
212.396
 20
253.855
 10
212.349
 20
253.801
 10
212.295
 20
253.754
 10
212.235
 20
253.714
 10
212.17
 20
253.682
 10
212.102
 20
253.659
 10
212.032
 20
253.645
 10
211.96
 20
253.64
 10
211.888
 20
253.645
 10
211.818
 20
253.659
 10
211.75
 20
253.682
 10
211.685
 20
253.714
 10
211.625
 20
253.754
 10
211.571
 20
253.801
 10
211.524
 20
253.855
 10
211.484
 20
253.915
 10
211.452
 20
253.98
 10
211.429
 20
254.048
 10
211.415
 20
254.118
 10
211.41
 20
254.19
 10
211.415
 20
254.262
 10
211.429
 20
254.332
 10
211.452
 20
254.4
 10
211.484
 20
254.465
 10
211.524
 20
254.525
 10
211.571
 20
254.579
 10
211.625
 20
254.626
 10
211.685
 20
254.666
 10
211.75
 20
254.698
 10
211.818
 20
254.721
 10
211.888
 20
254.735
 10
211.96
 20
254.74
 10
212.032
 20
254.735
 10
212.102
 20
254.721
 10
212.17
 20
254.698
 10
212.235
 20
254.666
 10
212.295
 20
254.626
 10
212.349
 20
254.579
 10
212.396
 20
254.525
 10
212.436
 20
254.465
 10
212.468
 20
254.4
 10
212.491
 20
254.332
 10
212.505
 20
254.262
 97
0
 75
0
 76
1
 98
0
  0
HATCH
  5
88
330
17
100
AcDbEntity
  8
RASTER
 62
7
100
AcDbHatch
 10
0.0
 20
0.0
 30
0.0
210
0.0
220
0.0
230
1.0
  2
SOLID
 70
1
 71
0
 91
3
 92
3
 72
0
 73
1
 93
36
 10
187.96
 20
262.06
 10
187.979
 20
262.341
 10
188.035
 20
262.585
 10
188.129
 20
262.791
 10
188.26
 20
262.96
 10
188.429
 20
263.091
 10
188.635
 20
263.185
 10
188.879
 20
263.241
 10
189.16
 20
263.26
 10
194.76
 20
263.26
 10
195.041
 20
263.241
 10
195.285
 20
263.185
 10
195.491
 20
263.091
 10
195.66
 20
262.96
 10
195.791
 20
262.791
 10
195.885
 20
262.585
 10
195.941
 20
262.341
 10
195.96
 20
262.06
 10
195.96
 20
256.46
 10
195.941
 20
256.179
 10
195.885
 20
255.935
 10
195.791
 20
255.729
 10
195.66
 20
255.56
 10
195.491
 20
255.429
 10
195.285
 20
255.335
 10
195.041
 20
255.279
 10
194.76
 20
255.26
 10
189.16
 20
255.26
 10
188.879
 20
255.279
 10
188.635
 20
255.335
 10
188.429
 20
255.429
 10
188.26
 20
255.56
 10
188.129
 20
255.729
 10
188.035
 20
255.935
 10
187.979
 20
256.179
 10
187.96
 20
256.46
 97
0
 92
3
 72
0
 73
1
 93
48
 10
193.06
 20
260.26
 10
193.051
 20
260.116
 10
193.023
 20
259.975
 10
192.976
 20
259.839
 10
192.913
 20
259.71
 10
192.833
 20
259.59
 10
192.738
 20
259.482
 10
192.63
 20
259.387
 10
192.51
 20
259.307
 10
192.381
 20
259.244
 10
192.245
 20
259.197
 10
192.104
 20
259.169
 10
191.96
 20
259.16
 10
191.816
 20
259.169
 10
191.675
 20
259.197
 10
191.539
 20
259.244
 10
191.41
 20
259.307
 10
191.29
 20
259.387
 10
191.182
 20
259.482
 10
191.087
 20
259.59
 10
191.007
 20
259.71
 10
190.944
 20
259.839
 10
190.897
 20
259.975
 10
190.869
 20
260.116
 10
190.86
 20
260.26
 10
190.869
 20
260.404
 10
190.897
 20
260.545
 10
190.944
 20
260.681
 10
191.007
 20
260.81
 10
191.087
 20
260.93
 10
191.182
 20
261.038
 10
191.29
 20
261.133
 10
191.41
 20
261.213
 10
191.539
 20
261.276
 10
191.675
 20
261.323
 10
191.816
 20
261.351
 10
191.96
 20
261.36
 10
192.104
 20
261.351
 10
192.245
 20
261.323
 10
192.381
 20
261.276
 10
192.51
 20
261.213
 10
192.63
 20
261.133
 10
192.738
 20
261.038
 10
192.833
 20
260.93
 10
192.913
 20
260.81
 10
192.976
 20
260.681
 10
193.023
 20
260.545
 10
193.051
 20
260.404
 97
0
 92
3
 72
0
 73
1
 93
5
 10
191.26
 20
259.66
 10
190.96
 20
256.66
 10
192.96
 20
256.66
 10
192.66
 20
259.66
 10
191.26
 20
259.66
 97
0
 75
0
 76
1
 98
0
  0
LWPOLYLINE
  5
89
330
17
100
AcDbEntity
  8
CUT
100
AcDbPolyline
 90
92
 70
1
 10
7.1
 20
230.35
 10
7.09
 20
230.35
 10
7.09
 20
233.613
 10
7.197
 20
234.423
 10
7.51
 20
235.18
 10
8.009
 20
235.831
 10
8.66
 20
236.33
 10
9.417
 20
236.643
 10
10.227
 20
236.75
 10
18.733
 20
236.75
 10
19.543
 20
236.643
 10
20.3
 20
236.33
 10
20.951
 20
235.831
 10
21.45
 20
235.18
 10
21.763
 20
234.423
 10
21.87
 20
233.613
 10
21.87
 20
230.35
 10
21.86
 20
230.35
 10
36.62
 20
230.35
 10
36.61
 20
230.35
 10
36.61
 20
233.613
 10
36.717
 20
234.423
 10
37.03
 20
235.18
 10
37.529
 20
235.831
 10
38.18
 20
236.33
 10
38.937
 20
236.643
 10
39.747
 20
236.75
 10
48.253
 20
236.75
 10
49.063
 20
236.643
 10
49.82
 20
236.33
 10
50.471
 20
235.831
 10
50.97
 20
235.18
 10
51.283
 20
234.423
 10
51.39
 20
233.613
 10
51.39
 20
230.35
 10
51.38
 20
230.35
 10
66.14
 20
230.35
 10
66.13
 20
230.35
 10
66.13
 20
233.613
 10
66.237
 20
234.423
 10
66.55
 20
235.18
 10
67.049
 20
235.831
 10
67.7
 20
236.33
 10
68.457
 20
236.643
 10
69.267
 20
236.75
 10
77.773
 20
236.75
 10
78.583
 20
236.643
 10
79.34
 20
236.33
 10
79.991
 20
235.831
 10
80.49
 20
235.18
 10
80.803
 20
234.423
 10
80.91
 20
233.613
 10
80.91
 20
230.35
 10
80.9
 20
230.35
 10
84.04
 20
230.35
 10
84.04
 20
224.637
 10
80.94
 20
224.637
 10
80.94
 20
219.083
 10
84.04
 20
219.083
 10
84.04
 20
213.37
 10
80.9
 20
213.37
 10
75.263
 20
213.37
 10
75.263
 20
210.27
 10
69.506
 20
210.27
 10
69.506
 20
213.37
 10
63.909
 20
213.37
 10
63.909
 20
210.27
 10
58.152
 20
210.27
 10
58.152
 20
213.37
 10
52.555
 20
213.37
 10
52.555
 20
210.27
 10
46.798
 20
210.27
 10
46.798
 20
213.37
 10
41.202
 20
213.37
 10
41.202
 20
210.27
 10
35.445
 20
210.27
 10
35.445
 20
213.37
 10
29.848
 20
213.37
 10
29.848
 20
210.27
 10
24.091
 20
210.27
 10
24.091
 20
213.37
 10
18.494
 20
213.37
 10
18.494
 20
210.27
 10
12.737
 20
210.27
 10
12.737
 20
213.37
 10
7.1
 20
213.37
 10
3.96
 20
213.37
 10
3.96
 20
219.083
 10
7.06
 20
219.083
 10
7.06
 20
224.637
 10
3.96
 20
224.637
 10
3.96
 20
230.35
  0
HATCH
  5
8A
330
17
100
AcDbEntity
  8
RASTER
 62
7
100
AcDbHatch
 10
0.0
 20
0.0
 30
0.0
210
0.0
220
0.0
230
1.0
  2
SOLID
 70
1
 71
0
 91
1
 92
3
 72
0
 73
1
 93
4
 10
8.1
 20
226.41
 10
79.9
 20
226.41
 10
79.9
 20
225.81
 10
8.1
 20
225.81
 97
0
 75
0
 76
1
 98
0
  0
HATCH
  5
8B
330
17
100
AcDbEntity
  8
RASTER
 62
7
100
AcDbHatch
 10
0.0
 20
0.0
 30
0.0
210
0.0
220
0.0
230
1.0
  2
SOLID
 70
1
 71
0
 91
1
 92
3
 72
0
 73
1
 93
4
 10
8.1
 20
222.21
 10
79.9
 20
222.21
 10
79.9
 20
221.61
 10
8.1
 20
221.61
 97
0
 75
0
 76
1
 98
0
  0
HATCH
  5
8C
330
17
100
AcDbEntity
  8
RASTER
 62
7
100
AcDbHatch
 10
0.0
 20
0.0
 30
0.0
210
0.0
220
0.0
230
1.0
  2
SOLID
 70
1
 71
0
 91
1
 92
3
 72
0
 73
1
 93
4
 10
8.1
 20
218.01
 10
79.9
 20
218.01
 10
79.9
 20
217.41
 10
8.1
 20
217.41
 97
0
 75
0
 76
1
 98
0
  0
HATCH
  5
8D
330
17
100
AcDbEntity
  8
RASTER
 62
7
100
AcDbHatch
 10
0.0
 20
0.0
 30
0.0
210
0.0
220
0.0
230
1.0
  2
SOLID
 70
1
 71
0
 91
1
 92
3
 72
0
 73
1
 93
4
 10
22.0
 20
230.31
 10
26.0
 20
230.31
 10
26.0
 20
213.41
 10
22.0
 20
213.41
 97
0
 75
0
 76
1
 98
0
  0
HATCH
  5
8E
330
17
100
AcDbEntity
  8
RASTER
 62
7
100
AcDbHatch
 10
0.0
 20
0.0
 30
0.0
210
0.0
220
0.0
230
1.0
  2
SOLID
 70
1
 71
0
 91
1
 92
3
 72
0
 73
1
 93
48
 10
24.55
 20
226.93
 10
24.545
 20
226.858
 10
24.531
 20
226.788
 10
24.508
 20
226.72
 10
24.476
 20
226.655
 10
24.436
 20
226.595
 10
24.389
 20
226.541
 10
24.335
 20
226.494
 10
24.275
 20
226.454
 10
24.21
 20
226.422
 10
24.142
 20
226.399
 10
24.072
 20
226.385
 10
24.0
 20
226.38
 10
23.928
 20
226.385
 10
23.858
 20
226.399
 10
23.79
 20
226.422
 10
23.725
 20
226.454
 10
23.665
 20
226.494
 10
23.611
 20
226.541
 10
23.564
 20
226.595
 10
23.524
 20
226.655
 10
23.492
 20
226.72
 10
23.469
 20
226.788
 10
23.455
 20
226.858
 10
23.45
 20
226.93
 10
23.455
 20
227.002
 10
23.469
 20
227.072
 10
23.492
 20
227.14
 10
23.524
 20
227.205
 10
23.564
 20
227.265
 10
23.611
 20
227.319
 10
23.665
 20
227.366
 10
23.725
 20
227.406
 10
23.79
 20
227.438
 10
23.858
 20
227.461
 10
23.928
 20
227.475
 10
24.0
 20
227.48
 10
24.072
 20
227.475
 10
24.142
 20
227.461
 10
24.21
 20
227.438
 10
24.275
 20
227.406
 10
24.335
 20
227.366
 10
24.389
 20
227.319
 10
24.436
 20
227.265
 10
24.476
 20
227.205
 10
24.508
 20
227.14
 10
24.531
 20
227.072
 10
24.545
 20
227.002
 97
0
 75
0
 76
1
 98
0
  0
HATCH
  5
8F
330
17
100
AcDbEntity
  8
RASTER
 62
7
100
AcDbHatch
 10
0.0
 20
0.0
 30
0.0
210
0.0
220
0.0
230
1.0
  2
SOLID
 70
1
 71
0
 91
1
 92
3
 72
0
 73
1
 93
48
 10
24.55
 20
221.86
 10
24.545
 20
221.788
 10
24.531
 20
221.718
 10
24.508
 20
221.65
 10
24.476
 20
221.585
 10
24.436
 20
221.525
 10
24.389
 20
221.471
 10
24.335
 20
221.424
 10
24.275
 20
221.384
 10
24.21
 20
221.352
 10
24.142
 20
221.329
 10
24.072
 20
221.315
 10
24.0
 20
221.31
 10
23.928
 20
221.315
 10
23.858
 20
221.329
 10
23.79
 20
221.352
 10
23.725
 20
221.384
 10
23.665
 20
221.424
 10
23.611
 20
221.471
 10
23.564
 20
221.525
 10
23.524
 20
221.585
 10
23.492
 20
221.65
 10
23.469
 20
221.718
 10
23.455
 20
221.788
 10
23.45
 20
221.86
 10
23.455
 20
221.932
 10
23.469
 20
222.002
 10
23.492
 20
222.07
 10
23.524
 20
222.135
 10
23.564
 20
222.195
 10
23.611
 20
222.249
 10
23.665
 20
222.296
 10
23.725
 20
222.336
 10
23.79
 20
222.368
 10
23.858
 20
222.391
 10
23.928
 20
222.405
 10
24.0
 20
222.41
 10
24.072
 20
222.405
 10
24.142
 20
222.391
 10
24.21
 20
222.368
 10
24.275
 20
222.336
 10
24.335
 20
222.296
 10
24.389
 20
222.249
 10
24.436
 20
222.195
 10
24.476
 20
222.135
 10
24.508
 20
222.07
 10
24.531
 20
222.002
 10
24.545
 20
221.932
 97
0
 75
0
 76
1
 98
0
  0
HATCH
  5
90
330
17
100
AcDbEntity
  8
RASTER
 62
7
100
AcDbHatch
 10
0.0
 20
0.0
 30
0.0
210
0.0
220
0.0
230
1.0
  2
SOLID
 70
1
 71
0
 91
1
 92
3
 72
0
 73
1
 93
48
 10
24.55
 20
216.79
 10
24.545
 20
216.718
 10
24.531
 20
216.648
 10
24.508
 20
216.58
 10
24.476
 20
216.515
 10
24.436
 20
216.455
 10
24.389
 20
216.401
 10
24.335
 20
216.354
 10
24.275
 20
216.314
 10
24.21
 20
216.282
 10
24.142
 20
216.259
 10
24.072
 20
216.245
 10
24.0
 20
216.24
 10
23.928
 20
216.245
 10
23.858
 20
216.259
 10
23.79
 20
216.282
 10
23.725
 20
216.314
 10
23.665
 20
216.354
 10
23.611
 20
216.401
 10
23.564
 20
216.455
 10
23.524
 20
216.515
 10
23.492
 20
216.58
 10
23.469
 20
216.648
 10
23.455
 20
216.718
 10
23.45
 20
216.79
 10
23.455
 20
216.862
 10
23.469
 20
216.932
 10
23.492
 20
217.0
 10
23.524
 20
217.065
 10
23.564
 20
217.125
 10
23.611
 20
217.179
 10
23.665
 20
217.226
 10
23.725
 20
217.266
 10
23.79
 20
217.298
 10
23.858
 20
217.321
 10
23.928
 20
217.335
 10
24.0
 20
217.34
 10
24.072
 20
217.335
 10
24.142
 20
217.321
 10
24.21
 20
217.298
 10
24.275
 20
217.266
 10
24.335
 20
217.226
 10
24.389
 20
217.179
 10
24.436
 20
217.125
 10
24.476
 20
217.065
 10
24.508
 20
217.0
 10
24.531
 20
216.932
 10
24.545
 20
216.862
 97
0
 75
0
 76
1
 98
0
  0
HATCH
  5
91
330
17
100
AcDbEntity
  8
RASTER
 62
7
100
AcDbHatch
 10
0.0
 20
0.0
 30
0.0
210
0.0
220
0.0
230
1.0
  2
SOLID
 70
1
 71
0
 91
1
 92
3
 72
0
 73
1
 93
4
 10
62.0
 20
230.31
 10
66.0
 20
230.31
 10
66.0
 20
213.41
 10
62.0
 20
213.41
 97
0
 75
0
 76
1
 98
0
  0
HATCH
  5
92
330
17
100
AcDbEntity
  8
RASTER
 62
7
100
AcDbHatch
 10
0.0
 20
0.0
 30
0.0
210
0.0
220
0.0
230
1.0
  2
SOLID
 70
1
 71
0
 91
1
 92
3
 72
0
 73
1
 93
48
 10
64.55
 20
226.93
 10
64.545
 20
226.858
 10
64.531
 20
226.788
 10
64.508
 20
226.72
 10
64.476
 20
226.655
 10
64.436
 20
226.595
 10
64.389
 20
226.541
 10
64.335
 20
226.494
 10
64.275
 20
226.454
 10
64.21
 20
226.422
 10
64.142
 20
226.399
 10
64.072
 20
226.385
 10
64.0
 20
226.38
 10
63.928
 20
226.385
 10
63.858
 20
226.399
 10
63.79
 20
226.422
 10
63.725
 20
226.454
 10
63.665
 20
226.494
 10
63.611
 20
226.541
 10
63.564
 20
226.595
 10
63.524
 20
226.655
 10
63.492
 20
226.72
 10
63.469
 20
226.788
 10
63.455
 20
226.858
 10
63.45
 20
226.93
 10
63.455
 20
227.002
 10
63.469
 20
227.072
 10
63.492
 20
227.14
 10
63.524
 20
227.205
 10
63.564
 20
227.265
 10
63.611
 20
227.319
 10
63.665
 20
227.366
 10
63.725
 20
227.406
 10
63.79
 20
227.438
 10
63.858
 20
227.461
 10
63.928
 20
227.475
 10
64.0
 20
227.48
 10
64.072
 20
227.475
 10
64.142
 20
227.461
 10
64.21
 20
227.438
 10
64.275
 20
227.406
 10
64.335
 20
227.366
 10
64.389
 20
227.319
 10
64.436
 20
227.265
 10
64.476
 20
227.205
 10
64.508
 20
227.14
 10
64.531
 20
227.072
 10
64.545
 20
227.002
 97
0
 75
0
 76
1
 98
0
  0
HATCH
  5
93
330
17
100
AcDbEntity
  8
RASTER
 62
7
100
AcDbHatch
 10
0.0
 20
0.0
 30
0.0
210
0.0
220
0.0
230
1.0
  2
SOLID
 70
1
 71
0
 91
1
 92
3
 72
0
 73
1
 93
48
 10
64.55
 20
221.86
 10
64.545
 20
221.788
 10
64.531
 20
221.718
 10
64.508
 20
221.65
 10
64.476
 20
221.585
 10
64.436
 20
221.525
 10
64.389
 20
221.471
 10
64.335
 20
221.424
 10
64.275
 20
221.384
 10
64.21
 20
221.352
 10
64.142
 20
221.329
 10
64.072
 20
221.315
 10
64.0
 20
221.31
 10
63.928
 20
221.315
 10
63.858
 20
221.329
 10
63.79
 20
221.352
 10
63.725
 20
221.384
 10
63.665
 20
221.424
 10
63.611
 20
221.471
 10
63.564
 20
221.525
 10
63.524
 20
221.585
 10
63.492
 20
221.65
 10
63.469
 20
221.718
 10
63.455
 20
221.788
 10
63.45
 20
221.86
 10
63.455
 20
221.932
 10
63.469
 20
222.002
 10
63.492
 20
222.07
 10
63.524
 20
222.135
 10
63.564
 20
222.195
 10
63.611
 20
222.249
 10
63.665
 20
222.296
 10
63.725
 20
222.336
 10
63.79
 20
222.368
 10
63.858
 20
222.391
 10
63.928
 20
222.405
 10
64.0
 20
222.41
 10
64.072
 20
222.405
 10
64.142
 20
222.391
 10
64.21
 20
222.368
 10
64.275
 20
222.336
 10
64.335
 20
222.296
 10
64.389
 20
222.249
 10
64.436
 20
222.195
 10
64.476
 20
222.135
 10
64.508
 20
222.07
 10
64.531
 20
222.002
 10
64.545
 20
221.932
 97
0
 75
0
 76
1
 98
0
  0
HATCH
  5
94
330
17
100
AcDbEntity
  8
RASTER
 62
7
100
AcDbHatch
 10
0.0
 20
0.0
 30
0.0
210
0.0
220
0.0
230
1.0
  2
SOLID
 70
1
 71
0
 91
1
 92
3
 72
0
 73
1
 93
48
 10
64.55
 20
216.79
 10
64.545
 20
216.718
 10
64.531
 20
216.648
 10
64.508
 20
216.58
 10
64.476
 20
216.515
 10
64.436
 20
216.455
 10
64.389
 20
216.401
 10
64.335
 20
216.354
 10
64.275
 20
216.314
 10
64.21
 20
216.282
 10
64.142
 20
216.259
 10
64.072
 20
216.245
 10
64.0
 20
216.24
 10
63.928
 20
216.245
 10
63.858
 20
216.259
 10
63.79
 20
216.282
 10
63.725
 20
216.314
 10
63.665
 20
216.354
 10
63.611
 20
216.401
 10
63.564
 20
216.455
 10
63.524
 20
216.515
 10
63.492
 20
216.58
 10
63.469
 20
216.648
 10
63.455
 20
216.718
 10
63.45
 20
216.79
 10
63.455
 20
216.862
 10
63.469
 20
216.932
 10
63.492
 20
217.0
 10
63.524
 20
217.065
 10
63.564
 20
217.125
 10
63.611
 20
217.179
 10
63.665
 20
217.226
 10
63.725
 20
217.266
 10
63.79
 20
217.298
 10
63.858
 20
217.321
 10
63.928
 20
217.335
 10
64.0
 20
217.34
 10
64.072
 20
217.335
 10
64.142
 20
217.321
 10
64.21
 20
217.298
 10
64.275
 20
217.266
 10
64.335
 20
217.226
 10
64.389
 20
217.179
 10
64.436
 20
217.125
 10
64.476
 20
217.065
 10
64.508
 20
217.0
 10
64.531
 20
216.932
 10
64.545
 20
216.862
 97
0
 75
0
 76
1
 98
0
  0
LWPOLYLINE
  5
95
330
17
100
AcDbEntity
  8
CUT
100
AcDbPolyline
 90
16
 70
1
 10
91.06
 20
236.75
 10
111.94
 20
236.75
 10
111.94
 20
231.117
 10
115.04
 20
231.117
 10
115.04
 20
225.403
 10
111.94
 20
225.403
 10
111.94
 20
219.77
 10
105.007
 20
219.77
 10
105.007
 20
216.67
 10
97.993
 20
216.67
 10
97.993
 20
219.77
 10
91.06
 20
219.77
 10
91.06
 20
225.403
 10
87.96
 20
225.403
 10
87.96
 20
231.117
 10
91.06
 20
231.117
  0
HATCH
  5
96
330
17
100
AcDbEntity
  8
RASTER
 62
7
100
AcDbHatch
 10
0.0
 20
0.0
 30
0.0
210
0.0
220
0.0
230
1.0
  2
SOLID
 70
1
 71
0
 91
1
 92
3
 72
0
 73
1
 93
4
 10
92.1
 20
232.81
 10
110.9
 20
232.81
 10
110.9
 20
232.21
 10
92.1
 20
232.21
 97
0
 75
0
 76
1
 98
0
  0
HATCH
  5
97
330
17
100
AcDbEntity
  8
RASTER
 62
7
100
AcDbHatch
 10
0.0
 20
0.0
 30
0.0
210
0.0
220
0.0
230
1.0
  2
SOLID
 70
1
 71
0
 91
1
 92
3
 72
0
 73
1
 93
4
 10
92.1
 20
228.61
 10
110.9
 20
228.61
 10
110.9
 20
228.01
 10
92.1
 20
228.01
 97
0
 75
0
 76
1
 98
0
  0
HATCH
  5
98
330
17
100
AcDbEntity
  8
RASTER
 62
7
100
AcDbHatch
 10
0.0
 20
0.0
 30
0.0
210
0.0
220
0.0
230
1.0
  2
SOLID
 70
1
 71
0
 91
1
 92
3
 72
0
 73
1
 93
4
 10
92.1
 20
224.41
 10
110.9
 20
224.41
 10
110.9
 20
223.81
 10
92.1
 20
223.81
 97
0
 75
0
 76
1
 98
0
  0
LWPOLYLINE
  5
99
330
17
100
AcDbEntity
  8
CUT
100
AcDbPolyline
 90
16
 70
1
 10
122.06
 20
236.75
 10
142.94
 20
236.75
 10
142.94
 20
231.117
 10
146.04
 20
231.117
 10
146.04
 20
225.403
 10
142.94
 20
225.403
 10
142.94
 20
219.77
 10
136.007
 20
219.77
 10
136.007
 20
216.67
 10
128.993
 20
216.67
 10
128.993
 20
219.77
 10
122.06
 20
219.77
 10
122.06
 20
225.403
 10
118.96
 20
225.403
 10
118.96
 20
231.117
 10
122.06
 20
231.117
  0
HATCH
  5
9A
330
17
100
AcDbEntity
  8
RASTER
 62
7
100
AcDbHatch
 10
0.0
 20
0.0
 30
0.0
210
0.0
220
0.0
230
1.0
  2
SOLID
 70
1
 71
0
 91
1
 92
3
 72
0
 73
1
 93
4
 10
123.1
 20
232.81
 10
141.9
 20
232.81
 10
141.9
 20
232.21
 10
123.1
 20
232.21
 97
0
 75
0
 76
1
 98
0
  0
HATCH
  5
9B
330
17
100
AcDbEntity
  8
RASTER
 62
7
100
AcDbHatch
 10
0.0
 20
0.0
 30
0.0
210
0.0
220
0.0
230
1.0
  2
SOLID
 70
1
 71
0
 91
1
 92
3
 72
0
 73
1
 93
4
 10
123.1
 20
228.61
 10
141.9
 20
228.61
 10
141.9
 20
228.01
 10
123.1
 20
228.01
 97
0
 75
0
 76
1
 98
0
  0
HATCH
  5
9C
330
17
100
AcDbEntity
  8
RASTER
 62
7
100
AcDbHatch
 10
0.0
 20
0.0
 30
0.0
210
0.0
220
0.0
230
1.0
  2
SOLID
 70
1
 71
0
 91
1
 92
3
 72
0
 73
1
 93
4
 10
123.1
 20
224.41
 10
141.9
 20
224.41
 10
141.9
 20
223.81
 10
123.1
 20
223.81
 97
0
 75
0
 76
1
 98
0
  0
LWPOLYLINE
  5
9D
330
17
100
AcDbEntity
  8
CUT
100
AcDbPolyline
 90
68
 70
1
 10
149.96
 20
236.75
 10
153.1
 20
236.75
 10
158.817
 20
236.75
 10
158.817
 20
233.65
 10
164.414
 20
233.65
 10
164.414
 20
236.75
 10
170.171
 20
236.75
 10
170.171
 20
233.65
 10
175.768
 20
233.65
 10
175.768
 20
236.75
 10
181.525
 20
236.75
 10
181.525
 20
233.65
 10
187.122
 20
233.65
 10
187.122
 20
236.75
 10
192.878
 20
236.75
 10
192.878
 20
233.65
 10
198.475
 20
233.65
 10
198.475
 20
236.75
 10
204.232
 20
236.75
 10
204.232
 20
233.65
 10
209.829
 20
233.65
 10
209.829
 20
236.75
 10
215.586
 20
236.75
 10
215.586
 20
233.65
 10
221.183
 20
233.65
 10
221.183
 20
236.75
 10
226.9
 20
236.75
 10
230.04
 20
236.75
 10
230.04
 20
233.61
 10
230.04
 20
226.637
 10
226.94
 20
226.637
 10
226.94
 20
219.783
 10
230.04
 20
219.783
 10
230.04
 20
212.81
 10
230.04
 20
209.67
 10
226.9
 20
209.67
 10
221.183
 20
209.67
 10
221.183
 20
212.77
 10
215.586
 20
212.77
 10
215.586
 20
209.67
 10
209.829
 20
209.67
 10
209.829
 20
212.77
 10
204.232
 20
212.77
 10
204.232
 20
209.67
 10
198.475
 20
209.67
 10
198.475
 20
212.77
 10
192.878
 20
212.77
 10
192.878
 20
209.67
 10
187.122
 20
209.67
 10
187.122
 20
212.77
 10
181.525
 20
212.77
 10
181.525
 20
209.67
 10
175.768
 20
209.67
 10
175.768
 20
212.77
 10
170.171
 20
212.77
 10
170.171
 20
209.67
 10
164.414
 20
209.67
 10
164.414
 20
212.77
 10
158.817
 20
212.77
 10
158.817
 20
209.67
 10
153.1
 20
209.67
 10
149.96
 20
209.67
 10
149.96
 20
212.81
 10
149.96
 20
219.783
 10
153.06
 20
219.783
 10
153.06
 20
226.637
 10
149.96
 20
226.637
 10
149.96
 20
233.61
  0
HATCH
  5
9E
330
17
100
AcDbEntity
  8
RASTER
 62
7
100
AcDbHatch
 10
0.0
 20
0.0
 30
0.0
210
0.0
220
0.0
230
1.0
  2
SOLID
 70
1
 71
0
 91
1
 92
3
 72
0
 73
1
 93
4
 10
154.1
 20
228.91
 10
225.9
 20
228.91
 10
225.9
 20
228.31
 10
154.1
 20
228.31
 97
0
 75
0
 76
1
 98
0
  0
HATCH
  5
9F
330
17
100
AcDbEntity
  8
RASTER
 62
7
100
AcDbHatch
 10
0.0
 20
0.0
 30
0.0
210
0.0
220
0.0
230
1.0
  2
SOLID
 70
1
 71
0
 91
1
 92
3
 72
0
 73
1
 93
4
 10
154.1
 20
223.91
 10
225.9
 20
223.91
 10
225.9
 20
223.31
 10
154.1
 20
223.31
 97
0
 75
0
 76
1
 98
0
  0
HATCH
  5
A0
330
17
100
AcDbEntity
  8
RASTER
 62
7
100
AcDbHatch
 10
0.0
 20
0.0
 30
0.0
210
0.0
220
0.0
230
1.0
  2
SOLID
 70
1
 71
0
 91
1
 92
3
 72
0
 73
1
 93
4
 10
154.1
 20
218.91
 10
225.9
 20
218.91
 10
225.9
 20
218.31
 10
154.1
 20
218.31
 97
0
 75
0
 76
1
 98
0
  0
HATCH
  5
A1
330
17
100
AcDbEntity
  8
RASTER
 62
7
100
AcDbHatch
 10
0.0
 20
0.0
 30
0.0
210
0.0
220
0.0
230
1.0
  2
SOLID
 70
1
 71
0
 91
1
 92
3
 72
0
 73
1
 93
4
 10
168.0
 20
236.71
 10
172.0
 20
236.71
 10
172.0
 20
209.71
 10
168.0
 20
209.71
 97
0
 75
0
 76
1
 98
0
  0
HATCH
  5
A2
330
17
100
AcDbEntity
  8
RASTER
 62
7
100
AcDbHatch
 10
0.0
 20
0.0
 30
0.0
210
0.0
220
0.0
230
1.0
  2
SOLID
 70
1
 71
0
 91
1
 92
3
 72
0
 73
1
 93
48
 10
170.55
 20
231.31
 10
170.545
 20
231.238
 10
170.531
 20
231.168
 10
170.508
 20
231.1
 10
170.476
 20
231.035
 10
170.436
 20
230.975
 10
170.389
 20
230.921
 10
170.335
 20
230.874
 10
170.275
 20
230.834
 10
170.21
 20
230.802
 10
170.142
 20
230.779
 10
170.072
 20
230.765
 10
170.0
 20
230.76
 10
169.928
 20
230.765
 10
169.858
 20
230.779
 10
169.79
 20
230.802
 10
169.725
 20
230.834
 10
169.665
 20
230.874
 10
169.611
 20
230.921
 10
169.564
 20
230.975
 10
169.524
 20
231.035
 10
169.492
 20
231.1
 10
169.469
 20
231.168
 10
169.455
 20
231.238
 10
169.45
 20
231.31
 10
169.455
 20
231.382
 10
169.469
 20
231.452
 10
169.492
 20
231.52
 10
169.524
 20
231.585
 10
169.564
 20
231.645
 10
169.611
 20
231.699
 10
169.665
 20
231.746
 10
169.725
 20
231.786
 10
169.79
 20
231.818
 10
169.858
 20
231.841
 10
169.928
 20
231.855
 10
170.0
 20
231.86
 10
170.072
 20
231.855
 10
170.142
 20
231.841
 10
170.21
 20
231.818
 10
170.275
 20
231.786
 10
170.335
 20
231.746
 10
170.389
 20
231.699
 10
170.436
 20
231.645
 10
170.476
 20
231.585
 10
170.508
 20
231.52
 10
170.531
 20
231.452
 10
170.545
 20
231.382
 97
0
 75
0
 76
1
 98
0
  0
HATCH
  5
A3
330
17
100
AcDbEntity
  8
RASTER
 62
7
100
AcDbHatch
 10
0.0
 20
0.0
 30
0.0
210
0.0
220
0.0
230
1.0
  2
SOLID
 70
1
 71
0
 91
1
 92
3
 72
0
 73
1
 93
48
 10
170.55
 20
223.21
 10
170.545
 20
223.138
 10
170.531
 20
223.068
 10
170.508
 20
223.0
 10
170.476
 20
222.935
 10
170.436
 20
222.875
 10
170.389
 20
222.821
 10
170.335
 20
222.774
 10
170.275
 20
222.734
 10
170.21
 20
222.702
 10
170.142
 20
222.679
 10
170.072
 20
222.665
 10
170.0
 20
222.66
 10
169.928
 20
222.665
 10
169.858
 20
222.679
 10
169.79
 20
222.702
 10
169.725
 20
222.734
 10
169.665
 20
222.774
 10
169.611
 20
222.821
 10
169.564
 20
222.875
 10
169.524
 20
222.935
 10
169.492
 20
223.0
 10
169.469
 20
223.068
 10
169.455
 20
223.138
 10
169.45
 20
223.21
 10
169.455
 20
223.282
 10
169.469
 20
223.352
 10
169.492
 20
223.42
 10
169.524
 20
223.485
 10
169.564
 20
223.545
 10
169.611
 20
223.599
 10
169.665
 20
223.646
 10
169.725
 20
223.686
 10
169.79
 20
223.718
 10
169.858
 20
223.741
 10
169.928
 20
223.755
 10
170.0
 20
223.76
 10
170.072
 20
223.755
 10
170.142
 20
223.741
 10
170.21
 20
223.718
 10
170.275
 20
223.686
 10
170.335
 20
223.646
 10
170.389
 20
223.599
 10
170.436
 20
223.545
 10
170.476
 20
223.485
 10
170.508
 20
223.42
 10
170.531
 20
223.352
 10
170.545
 20
223.282
 97
0
 75
0
 76
1
 98
0
  0
HATCH
  5
A4
330
17
100
AcDbEntity
  8
RASTER
 62
7
100
AcDbHatch
 10
0.0
 20
0.0
 30
0.0
210
0.0
220
0.0
230
1.0
  2
SOLID
 70
1
 71
0
 91
1
 92
3
 72
0
 73
1
 93
48
 10
170.55
 20
215.11
 10
170.545
 20
215.038
 10
170.531
 20
214.968
 10
170.508
 20
214.9
 10
170.476
 20
214.835
 10
170.436
 20
214.775
 10
170.389
 20
214.721
 10
170.335
 20
214.674
 10
170.275
 20
214.634
 10
170.21
 20
214.602
 10
170.142
 20
214.579
 10
170.072
 20
214.565
 10
170.0
 20
214.56
 10
169.928
 20
214.565
 10
169.858
 20
214.579
 10
169.79
 20
214.602
 10
169.725
 20
214.634
 10
169.665
 20
214.674
 10
169.611
 20
214.721
 10
169.564
 20
214.775
 10
169.524
 20
214.835
 10
169.492
 20
214.9
 10
169.469
 20
214.968
 10
169.455
 20
215.038
 10
169.45
 20
215.11
 10
169.455
 20
215.182
 10
169.469
 20
215.252
 10
169.492
 20
215.32
 10
169.524
 20
215.385
 10
169.564
 20
215.445
 10
169.611
 20
215.499
 10
169.665
 20
215.546
 10
169.725
 20
215.586
 10
169.79
 20
215.618
 10
169.858
 20
215.641
 10
169.928
 20
215.655
 10
170.0
 20
215.66
 10
170.072
 20
215.655
 10
170.142
 20
215.641
 10
170.21
 20
215.618
 10
170.275
 20
215.586
 10
170.335
 20
215.546
 10
170.389
 20
215.499
 10
170.436
 20
215.445
 10
170.476
 20
215.385
 10
170.508
 20
215.32
 10
170.531
 20
215.252
 10
170.545
 20
215.182
 97
0
 75
0
 76
1
 98
0
  0
HATCH
  5
A5
330
17
100
AcDbEntity
  8
RASTER
 62
7
100
AcDbHatch
 10
0.0
 20
0.0
 30
0.0
210
0.0
220
0.0
230
1.0
  2
SOLID
 70
1
 71
0
 91
1
 92
3
 72
0
 73
1
 93
4
 10
208.0
 20
236.71
 10
212.0
 20
236.71
 10
212.0
 20
209.71
 10
208.0
 20
209.71
 97
0
 75
0
 76
1
 98
0
  0
HATCH
  5
A6
330
17
100
AcDbEntity
  8
RASTER
 62
7
100
AcDbHatch
 10
0.0
 20
0.0
 30
0.0
210
0.0
220
0.0
230
1.0
  2
SOLID
 70
1
 71
0
 91
1
 92
3
 72
0
 73
1
 93
48
 10
210.55
 20
231.31
 10
210.545
 20
231.238
 10
210.531
 20
231.168
 10
210.508
 20
231.1
 10
210.476
 20
231.035
 10
210.436
 20
230.975
 10
210.389
 20
230.921
 10
210.335
 20
230.874
 10
210.275
 20
230.834
 10
210.21
 20
230.802
 10
210.142
 20
230.779
 10
210.072
 20
230.765
 10
210.0
 20
230.76
 10
209.928
 20
230.765
 10
209.858
 20
230.779
 10
209.79
 20
230.802
 10
209.725
 20
230.834
 10
209.665
 20
230.874
 10
209.611
 20
230.921
 10
209.564
 20
230.975
 10
209.524
 20
231.035
 10
209.492
 20
231.1
 10
209.469
 20
231.168
 10
209.455
 20
231.238
 10
209.45
 20
231.31
 10
209.455
 20
231.382
 10
209.469
 20
231.452
 10
209.492
 20
231.52
 10
209.524
 20
231.585
 10
209.564
 20
231.645
 10
209.611
 20
231.699
 10
209.665
 20
231.746
 10
209.725
 20
231.786
 10
209.79
 20
231.818
 10
209.858
 20
231.841
 10
209.928
 20
231.855
 10
210.0
 20
231.86
 10
210.072
 20
231.855
 10
210.142
 20
231.841
 10
210.21
 20
231.818
 10
210.275
 20
231.786
 10
210.335
 20
231.746
 10
210.389
 20
231.699
 10
210.436
 20
231.645
 10
210.476
 20
231.585
 10
210.508
 20
231.52
 10
210.531
 20
231.452
 10
210.545
 20
231.382
 97
0
 75
0
 76
1
 98
0
  0
HATCH
  5
A7
330
17
100
AcDbEntity
  8
RASTER
 62
7
100
AcDbHatch
 10
0.0
 20
0.0
 30
0.0
210
0.0
220
0.0
230
1.0
  2
SOLID
 70
1
 71
0
 91
1
 92
3
 72
0
 73
1
 93
48
 10
210.55
 20
223.21
 10
210.545
 20
223.138
 10
210.531
 20
223.068
 10
210.508
 20
223.0
 10
210.476
 20
222.935
 10
210.436
 20
222.875
 10
210.389
 20
222.821
 10
210.335
 20
222.774
 10
210.275
 20
222.734
 10
210.21
 20
222.702
 10
210.142
 20
222.679
 10
210.072
 20
222.665
 10
210.0
 20
222.66
 10
209.928
 20
222.665
 10
209.858
 20
222.679
 10
209.79
 20
222.702
 10
209.725
 20
222.734
 10
209.665
 20
222.774
 10
209.611
 20
222.821
 10
209.564
 20
222.875
 10
209.524
 20
222.935
 10
209.492
 20
223.0
 10
209.469
 20
223.068
 10
209.455
 20
223.138
 10
209.45
 20
223.21
 10
209.455
 20
223.282
 10
209.469
 20
223.352
 10
209.492
 20
223.42
 10
209.524
 20
223.485
 10
209.564
 20
223.545
 10
209.611
 20
223.599
 10
209.665
 20
223.646
 10
209.725
 20
223.686
 10
209.79
 20
223.718
 10
209.858
 20
223.741
 10
209.928
 20
223.755
 10
210.0
 20
223.76
 10
210.072
 20
223.755
 10
210.142
 20
223.741
 10
210.21
 20
223.718
 10
210.275
 20
223.686
 10
210.335
 20
223.646
 10
210.389
 20
223.599
 10
210.436
 20
223.545
 10
210.476
 20
223.485
 10
210.508
 20
223.42
 10
210.531
 20
223.352
 10
210.545
 20
223.282
 97
0
 75
0
 76
1
 98
0
  0
HATCH
  5
A8
330
17
100
AcDbEntity
  8
RASTER
 62
7
100
AcDbHatch
 10
0.0
 20
0.0
 30
0.0
210
0.0
220
0.0
230
1.0
  2
SOLID
 70
1
 71
0
 91
1
 92
3
 72
0
 73
1
 93
48
 10
210.55
 20
215.11
 10
210.545
 20
215.038
 10
210.531
 20
214.968
 10
210.508
 20
214.9
 10
210.476
 20
214.835
 10
210.436
 20
214.775
 10
210.389
 20
214.721
 10
210.335
 20
214.674
 10
210.275
 20
214.634
 10
210.21
 20
214.602
 10
210.142
 20
214.579
 10
210.072
 20
214.565
 10
210.0
 20
214.56
 10
209.928
 20
214.565
 10
209.858
 20
214.579
 10
209.79
 20
214.602
 10
209.725
 20
214.634
 10
209.665
 20
214.674
 10
209.611
 20
214.721
 10
209.564
 20
214.775
 10
209.524
 20
214.835
 10
209.492
 20
214.9
 10
209.469
 20
214.968
 10
209.455
 20
215.038
 10
209.45
 20
215.11
 10
209.455
 20
215.182
 10
209.469
 20
215.252
 10
209.492
 20
215.32
 10
209.524
 20
215.385
 10
209.564
 20
215.445
 10
209.611
 20
215.499
 10
209.665
 20
215.546
 10
209.725
 20
215.586
 10
209.79
 20
215.618
 10
209.858
 20
215.641
 10
209.928
 20
215.655
 10
210.0
 20
215.66
 10
210.072
 20
215.655
 10
210.142
 20
215.641
 10
210.21
 20
215.618
 10
210.275
 20
215.586
 10
210.335
 20
215.546
 10
210.389
 20
215.499
 10
210.436
 20
215.445
 10
210.476
 20
215.385
 10
210.508
 20
215.32
 10
210.531
 20
215.252
 10
210.545
 20
215.182
 97
0
 75
0
 76
1
 98
0
  0
LWPOLYLINE
  5
A9
330
17
100
AcDbEntity
  8
CUT
100
AcDbPolyline
 90
40
 70
1
 10
7.1
 20
205.75
 10
80.9
 20
205.75
 10
84.04
 20
205.75
 10
84.04
 20
202.703
 10
80.94
 20
202.703
 10
80.94
 20
199.817
 10
84.04
 20
199.817
 10
84.04
 20
196.77
 10
80.9
 20
196.77
 10
75.263
 20
196.77
 10
75.263
 20
193.67
 10
69.506
 20
193.67
 10
69.506
 20
196.77
 10
63.909
 20
196.77
 10
63.909
 20
193.67
 10
58.152
 20
193.67
 10
58.152
 20
196.77
 10
52.555
 20
196.77
 10
52.555
 20
193.67
 10
46.798
 20
193.67
 10
46.798
 20
196.77
 10
41.202
 20
196.77
 10
41.202
 20
193.67
 10
35.445
 20
193.67
 10
35.445
 20
196.77
 10
29.848
 20
196.77
 10
29.848
 20
193.67
 10
24.091
 20
193.67
 10
24.091
 20
196.77
 10
18.494
 20
196.77
 10
18.494
 20
193.67
 10
12.737
 20
193.67
 10
12.737
 20
196.77
 10
7.1
 20
196.77
 10
3.96
 20
196.77
 10
3.96
 20
199.817
 10
7.06
 20
199.817
 10
7.06
 20
202.703
 10
3.96
 20
202.703
 10
3.96
 20
205.75
  0
HATCH
  5
AA
330
17
100
AcDbEntity
  8
RASTER
 62
7
100
AcDbHatch
 10
0.0
 20
0.0
 30
0.0
210
0.0
220
0.0
230
1.0
  2
SOLID
 70
1
 71
0
 91
1
 92
3
 72
0
 73
1
 93
4
 10
8.1
 20
202.51
 10
79.9
 20
202.51
 10
79.9
 20
201.91
 10
8.1
 20
201.91
 97
0
 75
0
 76
1
 98
0
  0
HATCH
  5
AB
330
17
100
AcDbEntity
  8
RASTER
 62
7
100
AcDbHatch
 10
0.0
 20
0.0
 30
0.0
210
0.0
220
0.0
230
1.0
  2
SOLID
 70
1
 71
0
 91
1
 92
3
 72
0
 73
1
 93
4
 10
8.1
 20
199.01
 10
79.9
 20
199.01
 10
79.9
 20
198.41
 10
8.1
 20
198.41
 97
0
 75
0
 76
1
 98
0
  0
HATCH
  5
AC
330
17
100
AcDbEntity
  8
RASTER
 62
7
100
AcDbHatch
 10
0.0
 20
0.0
 30
0.0
210
0.0
220
0.0
230
1.0
  2
SOLID
 70
1
 71
0
 91
1
 92
3
 72
0
 73
1
 93
4
 10
22.0
 20
205.71
 10
26.0
 20
205.71
 10
26.0
 20
196.81
 10
22.0
 20
196.81
 97
0
 75
0
 76
1
 98
0
  0
HATCH
  5
AD
330
17
100
AcDbEntity
  8
RASTER
 62
7
100
AcDbHatch
 10
0.0
 20
0.0
 30
0.0
210
0.0
220
0.0
230
1.0
  2
SOLID
 70
1
 71
0
 91
1
 92
3
 72
0
 73
1
 93
48
 10
24.55
 20
203.93
 10
24.545
 20
203.858
 10
24.531
 20
203.788
 10
24.508
 20
203.72
 10
24.476
 20
203.655
 10
24.436
 20
203.595
 10
24.389
 20
203.541
 10
24.335
 20
203.494
 10
24.275
 20
203.454
 10
24.21
 20
203.422
 10
24.142
 20
203.399
 10
24.072
 20
203.385
 10
24.0
 20
203.38
 10
23.928
 20
203.385
 10
23.858
 20
203.399
 10
23.79
 20
203.422
 10
23.725
 20
203.454
 10
23.665
 20
203.494
 10
23.611
 20
203.541
 10
23.564
 20
203.595
 10
23.524
 20
203.655
 10
23.492
 20
203.72
 10
23.469
 20
203.788
 10
23.455
 20
203.858
 10
23.45
 20
203.93
 10
23.455
 20
204.002
 10
23.469
 20
204.072
 10
23.492
 20
204.14
 10
23.524
 20
204.205
 10
23.564
 20
204.265
 10
23.611
 20
204.319
 10
23.665
 20
204.366
 10
23.725
 20
204.406
 10
23.79
 20
204.438
 10
23.858
 20
204.461
 10
23.928
 20
204.475
 10
24.0
 20
204.48
 10
24.072
 20
204.475
 10
24.142
 20
204.461
 10
24.21
 20
204.438
 10
24.275
 20
204.406
 10
24.335
 20
204.366
 10
24.389
 20
204.319
 10
24.436
 20
204.265
 10
24.476
 20
204.205
 10
24.508
 20
204.14
 10
24.531
 20
204.072
 10
24.545
 20
204.002
 97
0
 75
0
 76
1
 98
0
  0
HATCH
  5
AE
330
17
100
AcDbEntity
  8
RASTER
 62
7
100
AcDbHatch
 10
0.0
 20
0.0
 30
0.0
210
0.0
220
0.0
230
1.0
  2
SOLID
 70
1
 71
0
 91
1
 92
3
 72
0
 73
1
 93
48
 10
24.55
 20
201.26
 10
24.545
 20
201.188
 10
24.531
 20
201.118
 10
24.508
 20
201.05
 10
24.476
 20
200.985
 10
24.436
 20
200.925
 10
24.389
 20
200.871
 10
24.335
 20
200.824
 10
24.275
 20
200.784
 10
24.21
 20
200.752
 10
24.142
 20
200.729
 10
24.072
 20
200.715
 10
24.0
 20
200.71
 10
23.928
 20
200.715
 10
23.858
 20
200.729
 10
23.79
 20
200.752
 10
23.725
 20
200.784
 10
23.665
 20
200.824
 10
23.611
 20
200.871
 10
23.564
 20
200.925
 10
23.524
 20
200.985
 10
23.492
 20
201.05
 10
23.469
 20
201.118
 10
23.455
 20
201.188
 10
23.45
 20
201.26
 10
23.455
 20
201.332
 10
23.469
 20
201.402
 10
23.492
 20
201.47
 10
23.524
 20
201.535
 10
23.564
 20
201.595
 10
23.611
 20
201.649
 10
23.665
 20
201.696
 10
23.725
 20
201.736
 10
23.79
 20
201.768
 10
23.858
 20
201.791
 10
23.928
 20
201.805
 10
24.0
 20
201.81
 10
24.072
 20
201.805
 10
24.142
 20
201.791
 10
24.21
 20
201.768
 10
24.275
 20
201.736
 10
24.335
 20
201.696
 10
24.389
 20
201.649
 10
24.436
 20
201.595
 10
24.476
 20
201.535
 10
24.508
 20
201.47
 10
24.531
 20
201.402
 10
24.545
 20
201.332
 97
0
 75
0
 76
1
 98
0
  0
HATCH
  5
AF
330
17
100
AcDbEntity
  8
RASTER
 62
7
100
AcDbHatch
 10
0.0
 20
0.0
 30
0.0
210
0.0
220
0.0
230
1.0
  2
SOLID
 70
1
 71
0
 91
1
 92
3
 72
0
 73
1
 93
48
 10
24.55
 20
198.59
 10
24.545
 20
198.518
 10
24.531
 20
198.448
 10
24.508
 20
198.38
 10
24.476
 20
198.315
 10
24.436
 20
198.255
 10
24.389
 20
198.201
 10
24.335
 20
198.154
 10
24.275
 20
198.114
 10
24.21
 20
198.082
 10
24.142
 20
198.059
 10
24.072
 20
198.045
 10
24.0
 20
198.04
 10
23.928
 20
198.045
 10
23.858
 20
198.059
 10
23.79
 20
198.082
 10
23.725
 20
198.114
 10
23.665
 20
198.154
 10
23.611
 20
198.201
 10
23.564
 20
198.255
 10
23.524
 20
198.315
 10
23.492
 20
198.38
 10
23.469
 20
198.448
 10
23.455
 20
198.518
 10
23.45
 20
198.59
 10
23.455
 20
198.662
 10
23.469
 20
198.732
 10
23.492
 20
198.8
 10
23.524
 20
198.865
 10
23.564
 20
198.925
 10
23.611
 20
198.979
 10
23.665
 20
199.026
 10
23.725
 20
199.066
 10
23.79
 20
199.098
 10
23.858
 20
199.121
 10
23.928
 20
199.135
 10
24.0
 20
199.14
 10
24.072
 20
199.135
 10
24.142
 20
199.121
 10
24.21
 20
199.098
 10
24.275
 20
199.066
 10
24.335
 20
199.026
 10
24.389
 20
198.979
 10
24.436
 20
198.925
 10
24.476
 20
198.865
 10
24.508
 20
198.8
 10
24.531
 20
198.732
 10
24.545
 20
198.662
 97
0
 75
0
 76
1
 98
0
  0
HATCH
  5
B0
330
17
100
AcDbEntity
  8
RASTER
 62
7
100
AcDbHatch
 10
0.0
 20
0.0
 30
0.0
210
0.0
220
0.0
230
1.0
  2
SOLID
 70
1
 71
0
 91
1
 92
3
 72
0
 73
1
 93
4
 10
62.0
 20
205.71
 10
66.0
 20
205.71
 10
66.0
 20
196.81
 10
62.0
 20
196.81
 97
0
 75
0
 76
1
 98
0
  0
HATCH
  5
B1
330
17
100
AcDbEntity
  8
RASTER
 62
7
100
AcDbHatch
 10
0.0
 20
0.0
 30
0.0
210
0.0
220
0.0
230
1.0
  2
SOLID
 70
1
 71
0
 91
1
 92
3
 72
0
 73
1
 93
48
 10
64.55
 20
203.93
 10
64.545
 20
203.858
 10
64.531
 20
203.788
 10
64.508
 20
203.72
 10
64.476
 20
203.655
 10
64.436
 20
203.595
 10
64.389
 20
203.541
 10
64.335
 20
203.494
 10
64.275
 20
203.454
 10
64.21
 20
203.422
 10
64.142
 20
203.399
 10
64.072
 20
203.385
 10
64.0
 20
203.38
 10
63.928
 20
203.385
 10
63.858
 20
203.399
 10
63.79
 20
203.422
 10
63.725
 20
203.454
 10
63.665
 20
203.494
 10
63.611
 20
203.541
 10
63.564
 20
203.595
 10
63.524
 20
203.655
 10
63.492
 20
203.72
 10
63.469
 20
203.788
 10
63.455
 20
203.858
 10
63.45
 20
203.93
 10
63.455
 20
204.002
 10
63.469
 20
204.072
 10
63.492
 20
204.14
 10
63.524
 20
204.205
 10
63.564
 20
204.265
 10
63.611
 20
204.319
 10
63.665
 20
204.366
 10
63.725
 20
204.406
 10
63.79
 20
204.438
 10
63.858
 20
204.461
 10
63.928
 20
204.475
 10
64.0
 20
204.48
 10
64.072
 20
204.475
 10
64.142
 20
204.461
 10
64.21
 20
204.438
 10
64.275
 20
204.406
 10
64.335
 20
204.366
 10
64.389
 20
204.319
 10
64.436
 20
204.265
 10
64.476
 20
204.205
 10
64.508
 20
204.14
 10
64.531
 20
204.072
 10
64.545
 20
204.002
 97
0
 75
0
 76
1
 98
0
  0
HATCH
  5
B2
330
17
100
AcDbEntity
  8
RASTER
 62
7
100
AcDbHatch
 10
0.0
 20
0.0
 30
0.0
210
0.0
220
0.0
230
1.0
  2
SOLID
 70
1
 71
0
 91
1
 92
3
 72
0
 73
1
 93
48
 10
64.55
 20
201.26
 10
64.545
 20
201.188
 10
64.531
 20
201.118
 10
64.508
 20
201.05
 10
64.476
 20
200.985
 10
64.436
 20
200.925
 10
64.389
 20
200.871
 10
64.335
 20
200.824
 10
64.275
 20
200.784
 10
64.21
 20
200.752
 10
64.142
 20
200.729
 10
64.072
 20
200.715
 10
64.0
 20
200.71
 10
63.928
 20
200.715
 10
63.858
 20
200.729
 10
63.79
 20
200.752
 10
63.725
 20
200.784
 10
63.665
 20
200.824
 10
63.611
 20
200.871
 10
63.564
 20
200.925
 10
63.524
 20
200.985
 10
63.492
 20
201.05
 10
63.469
 20
201.118
 10
63.455
 20
201.188
 10
63.45
 20
201.26
 10
63.455
 20
201.332
 10
63.469
 20
201.402
 10
63.492
 20
201.47
 10
63.524
 20
201.535
 10
63.564
 20
201.595
 10
63.611
 20
201.649
 10
63.665
 20
201.696
 10
63.725
 20
201.736
 10
63.79
 20
201.768
 10
63.858
 20
201.791
 10
63.928
 20
201.805
 10
64.0
 20
201.81
 10
64.072
 20
201.805
 10
64.142
 20
201.791
 10
64.21
 20
201.768
 10
64.275
 20
201.736
 10
64.335
 20
201.696
 10
64.389
 20
201.649
 10
64.436
 20
201.595
 10
64.476
 20
201.535
 10
64.508
 20
201.47
 10
64.531
 20
201.402
 10
64.545
 20
201.332
 97
0
 75
0
 76
1
 98
0
  0
HATCH
  5
B3
330
17
100
AcDbEntity
  8
RASTER
 62
7
100
AcDbHatch
 10
0.0
 20
0.0
 30
0.0
210
0.0
220
0.0
230
1.0
  2
SOLID
 70
1
 71
0
 91
1
 92
3
 72
0
 73
1
 93
48
 10
64.55
 20
198.59
 10
64.545
 20
198.518
 10
64.531
 20
198.448
 10
64.508
 20
198.38
 10
64.476
 20
198.315
 10
64.436
 20
198.255
 10
64.389
 20
198.201
 10
64.335
 20
198.154
 10
64.275
 20
198.114
 10
64.21
 20
198.082
 10
64.142
 20
198.059
 10
64.072
 20
198.045
 10
64.0
 20
198.04
 10
63.928
 20
198.045
 10
63.858
 20
198.059
 10
63.79
 20
198.082
 10
63.725
 20
198.114
 10
63.665
 20
198.154
 10
63.611
 20
198.201
 10
63.564
 20
198.255
 10
63.524
 20
198.315
 10
63.492
 20
198.38
 10
63.469
 20
198.448
 10
63.455
 20
198.518
 10
63.45
 20
198.59
 10
63.455
 20
198.662
 10
63.469
 20
198.732
 10
63.492
 20
198.8
 10
63.524
 20
198.865
 10
63.564
 20
198.925
 10
63.611
 20
198.979
 10
63.665
 20
199.026
 10
63.725
 20
199.066
 10
63.79
 20
199.098
 10
63.858
 20
199.121
 10
63.928
 20
199.135
 10
64.0
 20
199.14
 10
64.072
 20
199.135
 10
64.142
 20
199.121
 10
64.21
 20
199.098
 10
64.275
 20
199.066
 10
64.335
 20
199.026
 10
64.389
 20
198.979
 10
64.436
 20
198.925
 10
64.476
 20
198.865
 10
64.508
 20
198.8
 10
64.531
 20
198.732
 10
64.545
 20
198.662
 97
0
 75
0
 76
1
 98
0
  0
LWPOLYLINE
  5
B4
330
17
100
AcDbEntity
  8
CUT
100
AcDbPolyline
 90
68
 70
1
 10
87.96
 20
199.35
 10
91.1
 20
199.35
 10
105.86
 20
199.35
 10
105.85
 20
199.35
 10
105.85
 20
202.613
 10
105.957
 20
203.423
 10
106.27
 20
204.18
 10
106.769
 20
204.831
 10
107.42
 20
205.33
 10
108.177
 20
205.643
 10
108.987
 20
205.75
 10
117.493
 20
205.75
 10
118.303
 20
205.643
 10
119.06
 20
205.33
 10
119.711
 20
204.831
 10
120.21
 20
204.18
 10
120.523
 20
203.423
 10
120.63
 20
202.613
 10
120.63
 20
199.35
 10
120.62
 20
199.35
 10
135.38
 20
199.35
 10
135.37
 20
199.35
 10
135.37
 20
202.613
 10
135.477
 20
203.423
 10
135.79
 20
204.18
 10
136.289
 20
204.831
 10
136.94
 20
205.33
 10
137.697
 20
205.643
 10
138.507
 20
205.75
 10
147.013
 20
205.75
 10
147.823
 20
205.643
 10
148.58
 20
205.33
 10
149.231
 20
204.831
 10
149.73
 20
204.18
 10
150.043
 20
203.423
 10
150.15
 20
202.613
 10
150.15
 20
199.35
 10
150.14
 20
199.35
 10
164.9
 20
199.35
 10
168.04
 20
199.35
 10
168.04
 20
196.87
 10
164.9
 20
196.87
 10
159.263
 20
196.87
 10
159.263
 20
193.77
 10
153.506
 20
193.77
 10
153.506
 20
196.87
 10
147.909
 20
196.87
 10
147.909
 20
193.77
 10
142.152
 20
193.77
 10
142.152
 20
196.87
 10
136.555
 20
196.87
 10
136.555
 20
193.77
 10
130.798
 20
193.77
 10
130.798
 20
196.87
 10
125.202
 20
196.87
 10
125.202
 20
193.77
 10
119.445
 20
193.77
 10
119.445
 20
196.87
 10
113.848
 20
196.87
 10
113.848
 20
193.77
 10
108.091
 20
193.77
 10
108.091
 20
196.87
 10
102.494
 20
196.87
 10
102.494
 20
193.77
 10
96.737
 20
193.77
 10
96.737
 20
196.87
 10
91.1
 20
196.87
 10
87.96
 20
196.87
  0
LWPOLYLINE
  5
B5
330
17
100
AcDbEntity
  8
CUT
100
AcDbPolyline
 90
16
 70
1
 10
175.06
 20
205.75
 10
195.94
 20
205.75
 10
195.94
 20
202.783
 10
199.04
 20
202.783
 10
199.04
 20
199.737
 10
195.94
 20
199.737
 10
195.94
 20
196.77
 10
189.007
 20
196.77
 10
189.007
 20
193.67
 10
181.993
 20
193.67
 10
181.993
 20
196.77
 10
175.06
 20
196.77
 10
175.06
 20
199.737
 10
171.96
 20
199.737
 10
171.96
 20
202.783
 10
175.06
 20
202.783
  0
HATCH
  5
B6
330
17
100
AcDbEntity
  8
RASTER
 62
7
100
AcDbHatch
 10
0.0
 20
0.0
 30
0.0
210
0.0
220
0.0
230
1.0
  2
SOLID
 70
1
 71
0
 91
1
 92
3
 72
0
 73
1
 93
4
 10
176.1
 20
200.11
 10
194.9
 20
200.11
 10
194.9
 20
199.71
 10
176.1
 20
199.71
 97
0
 75
0
 76
1
 98
0
  0
LWPOLYLINE
  5
B7
330
17
100
AcDbEntity
  8
CUT
100
AcDbPolyline
 90
16
 70
1
 10
206.06
 20
205.75
 10
226.94
 20
205.75
 10
226.94
 20
202.783
 10
230.04
 20
202.783
 10
230.04
 20
199.737
 10
226.94
 20
199.737
 10
226.94
 20
196.77
 10
220.007
 20
196.77
 10
220.007
 20
193.67
 10
212.993
 20
193.67
 10
212.993
 20
196.77
 10
206.06
 20
196.77
 10
206.06
 20
199.737
 10
202.96
 20
199.737
 10
202.96
 20
202.783
 10
206.06
 20
202.783
  0
HATCH
  5
B8
330
17
100
AcDbEntity
  8
RASTER
 62
7
100
AcDbHatch
 10
0.0
 20
0.0
 30
0.0
210
0.0
220
0.0
230
1.0
  2
SOLID
 70
1
 71
0
 91
1
 92
3
 72
0
 73
1
 93
4
 10
207.1
 20
200.11
 10
225.9
 20
200.11
 10
225.9
 20
199.71
 10
207.1
 20
199.71
 97
0
 75
0
 76
1
 98
0
  0
LWPOLYLINE
  5
B9
330
17
100
AcDbEntity
  8
CUT
100
AcDbPolyline
 90
68
 70
1
 10
3.96
 20
185.44
 10
7.1
 20
185.44
 10
12.817
 20
185.44
 10
12.817
 20
182.34
 10
18.414
 20
182.34
 10
18.414
 20
185.44
 10
24.171
 20
185.44
 10
24.171
 20
182.34
 10
29.768
 20
182.34
 10
29.768
 20
185.44
 10
35.525
 20
185.44
 10
35.525
 20
182.34
 10
41.122
 20
182.34
 10
41.122
 20
185.44
 10
46.878
 20
185.44
 10
46.878
 20
182.34
 10
52.475
 20
182.34
 10
52.475
 20
185.44
 10
58.232
 20
185.44
 10
58.232
 20
182.34
 10
63.829
 20
182.34
 10
63.829
 20
185.44
 10
69.586
 20
185.44
 10
69.586
 20
182.34
 10
75.183
 20
182.34
 10
75.183
 20
185.44
 10
80.9
 20
185.44
 10
84.04
 20
185.44
 10
84.04
 20
182.3
 10
84.04
 20
175.327
 10
80.94
 20
175.327
 10
80.94
 20
168.473
 10
84.04
 20
168.473
 10
84.04
 20
161.5
 10
84.04
 20
158.36
 10
80.9
 20
158.36
 10
75.183
 20
158.36
 10
75.183
 20
161.46
 10
69.586
 20
161.46
 10
69.586
 20
158.36
 10
63.829
 20
158.36
 10
63.829
 20
161.46
 10
58.232
 20
161.46
 10
58.232
 20
158.36
 10
52.475
 20
158.36
 10
52.475
 20
161.46
 10
46.878
 20
161.46
 10
46.878
 20
158.36
 10
41.122
 20
158.36
 10
41.122
 20
161.46
 10
35.525
 20
161.46
 10
35.525
 20
158.36
 10
29.768
 20
158.36
 10
29.768
 20
161.46
 10
24.171
 20
161.46
 10
24.171
 20
158.36
 10
18.414
 20
158.36
 10
18.414
 20
161.46
 10
12.817
 20
161.46
 10
12.817
 20
158.36
 10
7.1
 20
158.36
 10
3.96
 20
158.36
 10
3.96
 20
161.5
 10
3.96
 20
168.473
 10
7.06
 20
168.473
 10
7.06
 20
175.327
 10
3.96
 20
175.327
 10
3.96
 20
182.3
  0
HATCH
  5
BA
330
17
100
AcDbEntity
  8
RASTER
 62
7
100
AcDbHatch
 10
0.0
 20
0.0
 30
0.0
210
0.0
220
0.0
230
1.0
  2
SOLID
 70
1
 71
0
 91
1
 92
3
 72
0
 73
1
 93
4
 10
8.1
 20
177.6
 10
79.9
 20
177.6
 10
79.9
 20
177.0
 10
8.1
 20
177.0
 97
0
 75
0
 76
1
 98
0
  0
HATCH
  5
BB
330
17
100
AcDbEntity
  8
RASTER
 62
7
100
AcDbHatch
 10
0.0
 20
0.0
 30
0.0
210
0.0
220
0.0
230
1.0
  2
SOLID
 70
1
 71
0
 91
1
 92
3
 72
0
 73
1
 93
4
 10
8.1
 20
172.6
 10
79.9
 20
172.6
 10
79.9
 20
172.0
 10
8.1
 20
172.0
 97
0
 75
0
 76
1
 98
0
  0
HATCH
  5
BC
330
17
100
AcDbEntity
  8
RASTER
 62
7
100
AcDbHatch
 10
0.0
 20
0.0
 30
0.0
210
0.0
220
0.0
230
1.0
  2
SOLID
 70
1
 71
0
 91
1
 92
3
 72
0
 73
1
 93
4
 10
8.1
 20
167.6
 10
79.9
 20
167.6
 10
79.9
 20
167.0
 10
8.1
 20
167.0
 97
0
 75
0
 76
1
 98
0
  0
HATCH
  5
BD
330
17
100
AcDbEntity
  8
RASTER
 62
7
100
AcDbHatch
 10
0.0
 20
0.0
 30
0.0
210
0.0
220
0.0
230
1.0
  2
SOLID
 70
1
 71
0
 91
1
 92
3
 72
0
 73
1
 93
4
 10
22.0
 20
185.4
 10
26.0
 20
185.4
 10
26.0
 20
158.4
 10
22.0
 20
158.4
 97
0
 75
0
 76
1
 98
0
  0
HATCH
  5
BE
330
17
100
AcDbEntity
  8
RASTER
 62
7
100
AcDbHatch
 10
0.0
 20
0.0
 30
0.0
210
0.0
220
0.0
230
1.0
  2
SOLID
 70
1
 71
0
 91
1
 92
3
 72
0
 73
1
 93
48
 10
24.55
 20
180.0
 10
24.545
 20
179.928
 10
24.531
 20
179.858
 10
24.508
 20
179.79
 10
24.476
 20
179.725
 10
24.436
 20
179.665
 10
24.389
 20
179.611
 10
24.335
 20
179.564
 10
24.275
 20
179.524
 10
24.21
 20
179.492
 10
24.142
 20
179.469
 10
24.072
 20
179.455
 10
24.0
 20
179.45
 10
23.928
 20
179.455
 10
23.858
 20
179.469
 10
23.79
 20
179.492
 10
23.725
 20
179.524
 10
23.665
 20
179.564
 10
23.611
 20
179.611
 10
23.564
 20
179.665
 10
23.524
 20
179.725
 10
23.492
 20
179.79
 10
23.469
 20
179.858
 10
23.455
 20
179.928
 10
23.45
 20
180.0
 10
23.455
 20
180.072
 10
23.469
 20
180.142
 10
23.492
 20
180.21
 10
23.524
 20
180.275
 10
23.564
 20
180.335
 10
23.611
 20
180.389
 10
23.665
 20
180.436
 10
23.725
 20
180.476
 10
23.79
 20
180.508
 10
23.858
 20
180.531
 10
23.928
 20
180.545
 10
24.0
 20
180.55
 10
24.072
 20
180.545
 10
24.142
 20
180.531
 10
24.21
 20
180.508
 10
24.275
 20
180.476
 10
24.335
 20
180.436
 10
24.389
 20
180.389
 10
24.436
 20
180.335
 10
24.476
 20
180.275
 10
24.508
 20
180.21
 10
24.531
 20
180.142
 10
24.545
 20
180.072
 97
0
 75
0
 76
1
 98
0
  0
HATCH
  5
BF
330
17
100
AcDbEntity
  8
RASTER
 62
7
100
AcDbHatch
 10
0.0
 20
0.0
 30
0.0
210
0.0
220
0.0
230
1.0
  2
SOLID
 70
1
 71
0
 91
1
 92
3
 72
0
 73
1
 93
48
 10
24.55
 20
171.9
 10
24.545
 20
171.828
 10
24.531
 20
171.758
 10
24.508
 20
171.69
 10
24.476
 20
171.625
 10
24.436
 20
171.565
 10
24.389
 20
171.511
 10
24.335
 20
171.464
 10
24.275
 20
171.424
 10
24.21
 20
171.392
 10
24.142
 20
171.369
 10
24.072
 20
171.355
 10
24.0
 20
171.35
 10
23.928
 20
171.355
 10
23.858
 20
171.369
 10
23.79
 20
171.392
 10
23.725
 20
171.424
 10
23.665
 20
171.464
 10
23.611
 20
171.511
 10
23.564
 20
171.565
 10
23.524
 20
171.625
 10
23.492
 20
171.69
 10
23.469
 20
171.758
 10
23.455
 20
171.828
 10
23.45
 20
171.9
 10
23.455
 20
171.972
 10
23.469
 20
172.042
 10
23.492
 20
172.11
 10
23.524
 20
172.175
 10
23.564
 20
172.235
 10
23.611
 20
172.289
 10
23.665
 20
172.336
 10
23.725
 20
172.376
 10
23.79
 20
172.408
 10
23.858
 20
172.431
 10
23.928
 20
172.445
 10
24.0
 20
172.45
 10
24.072
 20
172.445
 10
24.142
 20
172.431
 10
24.21
 20
172.408
 10
24.275
 20
172.376
 10
24.335
 20
172.336
 10
24.389
 20
172.289
 10
24.436
 20
172.235
 10
24.476
 20
172.175
 10
24.508
 20
172.11
 10
24.531
 20
172.042
 10
24.545
 20
171.972
 97
0
 75
0
 76
1
 98
0
  0
HATCH
  5
C0
330
17
100
AcDbEntity
  8
RASTER
 62
7
100
AcDbHatch
 10
0.0
 20
0.0
 30
0.0
210
0.0
220
0.0
230
1.0
  2
SOLID
 70
1
 71
0
 91
1
 92
3
 72
0
 73
1
 93
48
 10
24.55
 20
163.8
 10
24.545
 20
163.728
 10
24.531
 20
163.658
 10
24.508
 20
163.59
 10
24.476
 20
163.525
 10
24.436
 20
163.465
 10
24.389
 20
163.411
 10
24.335
 20
163.364
 10
24.275
 20
163.324
 10
24.21
 20
163.292
 10
24.142
 20
163.269
 10
24.072
 20
163.255
 10
24.0
 20
163.25
 10
23.928
 20
163.255
 10
23.858
 20
163.269
 10
23.79
 20
163.292
 10
23.725
 20
163.324
 10
23.665
 20
163.364
 10
23.611
 20
163.411
 10
23.564
 20
163.465
 10
23.524
 20
163.525
 10
23.492
 20
163.59
 10
23.469
 20
163.658
 10
23.455
 20
163.728
 10
23.45
 20
163.8
 10
23.455
 20
163.872
 10
23.469
 20
163.942
 10
23.492
 20
164.01
 10
23.524
 20
164.075
 10
23.564
 20
164.135
 10
23.611
 20
164.189
 10
23.665
 20
164.236
 10
23.725
 20
164.276
 10
23.79
 20
164.308
 10
23.858
 20
164.331
 10
23.928
 20
164.345
 10
24.0
 20
164.35
 10
24.072
 20
164.345
 10
24.142
 20
164.331
 10
24.21
 20
164.308
 10
24.275
 20
164.276
 10
24.335
 20
164.236
 10
24.389
 20
164.189
 10
24.436
 20
164.135
 10
24.476
 20
164.075
 10
24.508
 20
164.01
 10
24.531
 20
163.942
 10
24.545
 20
163.872
 97
0
 75
0
 76
1
 98
0
  0
HATCH
  5
C1
330
17
100
AcDbEntity
  8
RASTER
 62
7
100
AcDbHatch
 10
0.0
 20
0.0
 30
0.0
210
0.0
220
0.0
230
1.0
  2
SOLID
 70
1
 71
0
 91
1
 92
3
 72
0
 73
1
 93
4
 10
62.0
 20
185.4
 10
66.0
 20
185.4
 10
66.0
 20
158.4
 10
62.0
 20
158.4
 97
0
 75
0
 76
1
 98
0
  0
HATCH
  5
C2
330
17
100
AcDbEntity
  8
RASTER
 62
7
100
AcDbHatch
 10
0.0
 20
0.0
 30
0.0
210
0.0
220
0.0
230
1.0
  2
SOLID
 70
1
 71
0
 91
1
 92
3
 72
0
 73
1
 93
48
 10
64.55
 20
180.0
 10
64.545
 20
179.928
 10
64.531
 20
179.858
 10
64.508
 20
179.79
 10
64.476
 20
179.725
 10
64.436
 20
179.665
 10
64.389
 20
179.611
 10
64.335
 20
179.564
 10
64.275
 20
179.524
 10
64.21
 20
179.492
 10
64.142
 20
179.469
 10
64.072
 20
179.455
 10
64.0
 20
179.45
 10
63.928
 20
179.455
 10
63.858
 20
179.469
 10
63.79
 20
179.492
 10
63.725
 20
179.524
 10
63.665
 20
179.564
 10
63.611
 20
179.611
 10
63.564
 20
179.665
 10
63.524
 20
179.725
 10
63.492
 20
179.79
 10
63.469
 20
179.858
 10
63.455
 20
179.928
 10
63.45
 20
180.0
 10
63.455
 20
180.072
 10
63.469
 20
180.142
 10
63.492
 20
180.21
 10
63.524
 20
180.275
 10
63.564
 20
180.335
 10
63.611
 20
180.389
 10
63.665
 20
180.436
 10
63.725
 20
180.476
 10
63.79
 20
180.508
 10
63.858
 20
180.531
 10
63.928
 20
180.545
 10
64.0
 20
180.55
 10
64.072
 20
180.545
 10
64.142
 20
180.531
 10
64.21
 20
180.508
 10
64.275
 20
180.476
 10
64.335
 20
180.436
 10
64.389
 20
180.389
 10
64.436
 20
180.335
 10
64.476
 20
180.275
 10
64.508
 20
180.21
 10
64.531
 20
180.142
 10
64.545
 20
180.072
 97
0
 75
0
 76
1
 98
0
  0
HATCH
  5
C3
330
17
100
AcDbEntity
  8
RASTER
 62
7
100
AcDbHatch
 10
0.0
 20
0.0
 30
0.0
210
0.0
220
0.0
230
1.0
  2
SOLID
 70
1
 71
0
 91
1
 92
3
 72
0
 73
1
 93
48
 10
64.55
 20
171.9
 10
64.545
 20
171.828
 10
64.531
 20
171.758
 10
64.508
 20
171.69
 10
64.476
 20
171.625
 10
64.436
 20
171.565
 10
64.389
 20
171.511
 10
64.335
 20
171.464
 10
64.275
 20
171.424
 10
64.21
 20
171.392
 10
64.142
 20
171.369
 10
64.072
 20
171.355
 10
64.0
 20
171.35
 10
63.928
 20
171.355
 10
63.858
 20
171.369
 10
63.79
 20
171.392
 10
63.725
 20
171.424
 10
63.665
 20
171.464
 10
63.611
 20
171.511
 10
63.564
 20
171.565
 10
63.524
 20
171.625
 10
63.492
 20
171.69
 10
63.469
 20
171.758
 10
63.455
 20
171.828
 10
63.45
 20
171.9
 10
63.455
 20
171.972
 10
63.469
 20
172.042
 10
63.492
 20
172.11
 10
63.524
 20
172.175
 10
63.564
 20
172.235
 10
63.611
 20
172.289
 10
63.665
 20
172.336
 10
63.725
 20
172.376
 10
63.79
 20
172.408
 10
63.858
 20
172.431
 10
63.928
 20
172.445
 10
64.0
 20
172.45
 10
64.072
 20
172.445
 10
64.142
 20
172.431
 10
64.21
 20
172.408
 10
64.275
 20
172.376
 10
64.335
 20
172.336
 10
64.389
 20
172.289
 10
64.436
 20
172.235
 10
64.476
 20
172.175
 10
64.508
 20
172.11
 10
64.531
 20
172.042
 10
64.545
 20
171.972
 97
0
 75
0
 76
1
 98
0
  0
HATCH
  5
C4
330
17
100
AcDbEntity
  8
RASTER
 62
7
100
AcDbHatch
 10
0.0
 20
0.0
 30
0.0
210
0.0
220
0.0
230
1.0
  2
SOLID
 70
1
 71
0
 91
1
 92
3
 72
0
 73
1
 93
48
 10
64.55
 20
163.8
 10
64.545
 20
163.728
 10
64.531
 20
163.658
 10
64.508
 20
163.59
 10
64.476
 20
163.525
 10
64.436
 20
163.465
 10
64.389
 20
163.411
 10
64.335
 20
163.364
 10
64.275
 20
163.324
 10
64.21
 20
163.292
 10
64.142
 20
163.269
 10
64.072
 20
163.255
 10
64.0
 20
163.25
 10
63.928
 20
163.255
 10
63.858
 20
163.269
 10
63.79
 20
163.292
 10
63.725
 20
163.324
 10
63.665
 20
163.364
 10
63.611
 20
163.411
 10
63.564
 20
163.465
 10
63.524
 20
163.525
 10
63.492
 20
163.59
 10
63.469
 20
163.658
 10
63.455
 20
163.728
 10
63.45
 20
163.8
 10
63.455
 20
163.872
 10
63.469
 20
163.942
 10
63.492
 20
164.01
 10
63.524
 20
164.075
 10
63.564
 20
164.135
 10
63.611
 20
164.189
 10
63.665
 20
164.236
 10
63.725
 20
164.276
 10
63.79
 20
164.308
 10
63.858
 20
164.331
 10
63.928
 20
164.345
 10
64.0
 20
164.35
 10
64.072
 20
164.345
 10
64.142
 20
164.331
 10
64.21
 20
164.308
 10
64.275
 20
164.276
 10
64.335
 20
164.236
 10
64.389
 20
164.189
 10
64.436
 20
164.135
 10
64.476
 20
164.075
 10
64.508
 20
164.01
 10
64.531
 20
163.942
 10
64.545
 20
163.872
 97
0
 75
0
 76
1
 98
0
  0
LWPOLYLINE
  5
C5
330
17
100
AcDbEntity
  8
CUT
100
AcDbPolyline
 90
52
 70
1
 10
87.96
 20
185.001
 10
87.963
 20
185.068
 10
87.972
 20
185.13
 10
87.987
 20
185.188
 10
88.009
 20
185.24
 10
88.037
 20
185.287
 10
88.072
 20
185.328
 10
88.113
 20
185.363
 10
88.16
 20
185.391
 10
88.212
 20
185.413
 10
88.27
 20
185.428
 10
88.332
 20
185.437
 10
88.399
 20
185.44
 10
100.081
 20
185.44
 10
100.148
 20
185.437
 10
100.21
 20
185.428
 10
100.268
 20
185.413
 10
100.32
 20
185.391
 10
100.367
 20
185.363
 10
100.408
 20
185.328
 10
100.443
 20
185.287
 10
100.471
 20
185.24
 10
100.493
 20
185.188
 10
100.508
 20
185.13
 10
100.517
 20
185.068
 10
100.52
 20
185.001
 10
100.52
 20
182.799
 10
100.517
 20
182.732
 10
100.508
 20
182.67
 10
100.493
 20
182.612
 10
100.471
 20
182.56
 10
100.443
 20
182.513
 10
100.408
 20
182.472
 10
100.367
 20
182.437
 10
100.32
 20
182.409
 10
100.268
 20
182.387
 10
100.21
 20
182.372
 10
100.148
 20
182.363
 10
100.081
 20
182.36
 10
88.399
 20
182.36
 10
88.332
 20
182.363
 10
88.27
 20
182.372
 10
88.212
 20
182.387
 10
88.16
 20
182.409
 10
88.113
 20
182.437
 10
88.072
 20
182.472
 10
88.037
 20
182.513
 10
88.009
 20
182.56
 10
87.987
 20
182.612
 10
87.972
 20
182.67
 10
87.963
 20
182.732
 10
87.96
 20
182.799
  0
LWPOLYLINE
  5
C6
330
17
100
AcDbEntity
  8
CUT
100
AcDbPolyline
 90
52
 70
1
 10
104.44
 20
185.001
 10
104.443
 20
185.068
 10
104.452
 20
185.13
 10
104.467
 20
185.188
 10
104.489
 20
185.24
 10
104.517
 20
185.287
 10
104.552
 20
185.328
 10
104.593
 20
185.363
 10
104.64
 20
185.391
 10
104.692
 20
185.413
 10
104.75
 20
185.428
 10
104.812
 20
185.437
 10
104.879
 20
185.44
 10
116.561
 20
185.44
 10
116.628
 20
185.437
 10
116.69
 20
185.428
 10
116.748
 20
185.413
 10
116.8
 20
185.391
 10
116.847
 20
185.363
 10
116.888
 20
185.328
 10
116.923
 20
185.287
 10
116.951
 20
185.24
 10
116.973
 20
185.188
 10
116.988
 20
185.13
 10
116.997
 20
185.068
 10
117.0
 20
185.001
 10
117.0
 20
182.799
 10
116.997
 20
182.732
 10
116.988
 20
182.67
 10
116.973
 20
182.612
 10
116.951
 20
182.56
 10
116.923
 20
182.513
 10
116.888
 20
182.472
 10
116.847
 20
182.437
 10
116.8
 20
182.409
 10
116.748
 20
182.387
 10
116.69
 20
182.372
 10
116.628
 20
182.363
 10
116.561
 20
182.36
 10
104.879
 20
182.36
 10
104.812
 20
182.363
 10
104.75
 20
182.372
 10
104.692
 20
182.387
 10
104.64
 20
182.409
 10
104.593
 20
182.437
 10
104.552
 20
182.472
 10
104.517
 20
182.513
 10
104.489
 20
182.56
 10
104.467
 20
182.612
 10
104.452
 20
182.67
 10
104.443
 20
182.732
 10
104.44
 20
182.799
  0
LWPOLYLINE
  5
C7
330
17
100
AcDbEntity
  8
CUT
100
AcDbPolyline
 90
40
 70
1
 10
124.06
 20
185.44
 10
197.86
 20
185.44
 10
201.0
 20
185.44
 10
201.0
 20
179.727
 10
197.9
 20
179.727
 10
197.9
 20
174.173
 10
201.0
 20
174.173
 10
201.0
 20
168.46
 10
197.86
 20
168.46
 10
192.223
 20
168.46
 10
192.223
 20
165.36
 10
186.466
 20
165.36
 10
186.466
 20
168.46
 10
180.869
 20
168.46
 10
180.869
 20
165.36
 10
175.112
 20
165.36
 10
175.112
 20
168.46
 10
169.515
 20
168.46
 10
169.515
 20
165.36
 10
163.758
 20
165.36
 10
163.758
 20
168.46
 10
158.162
 20
168.46
 10
158.162
 20
165.36
 10
152.405
 20
165.36
 10
152.405
 20
168.46
 10
146.808
 20
168.46
 10
146.808
 20
165.36
 10
141.051
 20
165.36
 10
141.051
 20
168.46
 10
135.454
 20
168.46
 10
135.454
 20
165.36
 10
129.697
 20
165.36
 10
129.697
 20
168.46
 10
124.06
 20
168.46
 10
120.92
 20
168.46
 10
120.92
 20
174.173
 10
124.02
 20
174.173
 10
124.02
 20
179.727
 10
120.92
 20
179.727
 10
120.92
 20
185.44
  0
HATCH
  5
C8
330
17
100
AcDbEntity
  8
RASTER
 62
7
100
AcDbHatch
 10
0.0
 20
0.0
 30
0.0
210
0.0
220
0.0
230
1.0
  2
SOLID
 70
1
 71
0
 91
1
 92
3
 72
0
 73
1
 93
4
 10
125.06
 20
181.5
 10
196.86
 20
181.5
 10
196.86
 20
180.9
 10
125.06
 20
180.9
 97
0
 75
0
 76
1
 98
0
  0
HATCH
  5
C9
330
17
100
AcDbEntity
  8
RASTER
 62
7
100
AcDbHatch
 10
0.0
 20
0.0
 30
0.0
210
0.0
220
0.0
230
1.0
  2
SOLID
 70
1
 71
0
 91
1
 92
3
 72
0
 73
1
 93
4
 10
125.06
 20
177.3
 10
196.86
 20
177.3
 10
196.86
 20
176.7
 10
125.06
 20
176.7
 97
0
 75
0
 76
1
 98
0
  0
HATCH
  5
CA
330
17
100
AcDbEntity
  8
RASTER
 62
7
100
AcDbHatch
 10
0.0
 20
0.0
 30
0.0
210
0.0
220
0.0
230
1.0
  2
SOLID
 70
1
 71
0
 91
1
 92
3
 72
0
 73
1
 93
4
 10
125.06
 20
173.1
 10
196.86
 20
173.1
 10
196.86
 20
172.5
 10
125.06
 20
172.5
 97
0
 75
0
 76
1
 98
0
  0
HATCH
  5
CB
330
17
100
AcDbEntity
  8
RASTER
 62
7
100
AcDbHatch
 10
0.0
 20
0.0
 30
0.0
210
0.0
220
0.0
230
1.0
  2
SOLID
 70
1
 71
0
 91
1
 92
3
 72
0
 73
1
 93
4
 10
138.96
 20
185.4
 10
142.96
 20
185.4
 10
142.96
 20
168.5
 10
138.96
 20
168.5
 97
0
 75
0
 76
1
 98
0
  0
HATCH
  5
CC
330
17
100
AcDbEntity
  8
RASTER
 62
7
100
AcDbHatch
 10
0.0
 20
0.0
 30
0.0
210
0.0
220
0.0
230
1.0
  2
SOLID
 70
1
 71
0
 91
1
 92
3
 72
0
 73
1
 93
48
 10
141.51
 20
182.02
 10
141.505
 20
181.948
 10
141.491
 20
181.878
 10
141.468
 20
181.81
 10
141.436
 20
181.745
 10
141.396
 20
181.685
 10
141.349
 20
181.631
 10
141.295
 20
181.584
 10
141.235
 20
181.544
 10
141.17
 20
181.512
 10
141.102
 20
181.489
 10
141.032
 20
181.475
 10
140.96
 20
181.47
 10
140.888
 20
181.475
 10
140.818
 20
181.489
 10
140.75
 20
181.512
 10
140.685
 20
181.544
 10
140.625
 20
181.584
 10
140.571
 20
181.631
 10
140.524
 20
181.685
 10
140.484
 20
181.745
 10
140.452
 20
181.81
 10
140.429
 20
181.878
 10
140.415
 20
181.948
 10
140.41
 20
182.02
 10
140.415
 20
182.092
 10
140.429
 20
182.162
 10
140.452
 20
182.23
 10
140.484
 20
182.295
 10
140.524
 20
182.355
 10
140.571
 20
182.409
 10
140.625
 20
182.456
 10
140.685
 20
182.496
 10
140.75
 20
182.528
 10
140.818
 20
182.551
 10
140.888
 20
182.565
 10
140.96
 20
182.57
 10
141.032
 20
182.565
 10
141.102
 20
182.551
 10
141.17
 20
182.528
 10
141.235
 20
182.496
 10
141.295
 20
182.456
 10
141.349
 20
182.409
 10
141.396
 20
182.355
 10
141.436
 20
182.295
 10
141.468
 20
182.23
 10
141.491
 20
182.162
 10
141.505
 20
182.092
 97
0
 75
0
 76
1
 98
0
  0
HATCH
  5
CD
330
17
100
AcDbEntity
  8
RASTER
 62
7
100
AcDbHatch
 10
0.0
 20
0.0
 30
0.0
210
0.0
220
0.0
230
1.0
  2
SOLID
 70
1
 71
0
 91
1
 92
3
 72
0
 73
1
 93
48
 10
141.51
 20
176.95
 10
141.505
 20
176.878
 10
141.491
 20
176.808
 10
141.468
 20
176.74
 10
141.436
 20
176.675
 10
141.396
 20
176.615
 10
141.349
 20
176.561
 10
141.295
 20
176.514
 10
141.235
 20
176.474
 10
141.17
 20
176.442
 10
141.102
 20
176.419
 10
141.032
 20
176.405
 10
140.96
 20
176.4
 10
140.888
 20
176.405
 10
140.818
 20
176.419
 10
140.75
 20
176.442
 10
140.685
 20
176.474
 10
140.625
 20
176.514
 10
140.571
 20
176.561
 10
140.524
 20
176.615
 10
140.484
 20
176.675
 10
140.452
 20
176.74
 10
140.429
 20
176.808
 10
140.415
 20
176.878
 10
140.41
 20
176.95
 10
140.415
 20
177.022
 10
140.429
 20
177.092
 10
140.452
 20
177.16
 10
140.484
 20
177.225
 10
140.524
 20
177.285
 10
140.571
 20
177.339
 10
140.625
 20
177.386
 10
140.685
 20
177.426
 10
140.75
 20
177.458
 10
140.818
 20
177.481
 10
140.888
 20
177.495
 10
140.96
 20
177.5
 10
141.032
 20
177.495
 10
141.102
 20
177.481
 10
141.17
 20
177.458
 10
141.235
 20
177.426
 10
141.295
 20
177.386
 10
141.349
 20
177.339
 10
141.396
 20
177.285
 10
141.436
 20
177.225
 10
141.468
 20
177.16
 10
141.491
 20
177.092
 10
141.505
 20
177.022
 97
0
 75
0
 76
1
 98
0
  0
HATCH
  5
CE
330
17
100
AcDbEntity
  8
RASTER
 62
7
100
AcDbHatch
 10
0.0
 20
0.0
 30
0.0
210
0.0
220
0.0
230
1.0
  2
SOLID
 70
1
 71
0
 91
1
 92
3
 72
0
 73
1
 93
48
 10
141.51
 20
171.88
 10
141.505
 20
171.808
 10
141.491
 20
171.738
 10
141.468
 20
171.67
 10
141.436
 20
171.605
 10
141.396
 20
171.545
 10
141.349
 20
171.491
 10
141.295
 20
171.444
 10
141.235
 20
171.404
 10
141.17
 20
171.372
 10
141.102
 20
171.349
 10
141.032
 20
171.335
 10
140.96
 20
171.33
 10
140.888
 20
171.335
 10
140.818
 20
171.349
 10
140.75
 20
171.372
 10
140.685
 20
171.404
 10
140.625
 20
171.444
 10
140.571
 20
171.491
 10
140.524
 20
171.545
 10
140.484
 20
171.605
 10
140.452
 20
171.67
 10
140.429
 20
171.738
 10
140.415
 20
171.808
 10
140.41
 20
171.88
 10
140.415
 20
171.952
 10
140.429
 20
172.022
 10
140.452
 20
172.09
 10
140.484
 20
172.155
 10
140.524
 20
172.215
 10
140.571
 20
172.269
 10
140.625
 20
172.316
 10
140.685
 20
172.356
 10
140.75
 20
172.388
 10
140.818
 20
172.411
 10
140.888
 20
172.425
 10
140.96
 20
172.43
 10
141.032
 20
172.425
 10
141.102
 20
172.411
 10
141.17
 20
172.388
 10
141.235
 20
172.356
 10
141.295
 20
172.316
 10
141.349
 20
172.269
 10
141.396
 20
172.215
 10
141.436
 20
172.155
 10
141.468
 20
172.09
 10
141.491
 20
172.022
 10
141.505
 20
171.952
 97
0
 75
0
 76
1
 98
0
  0
HATCH
  5
CF
330
17
100
AcDbEntity
  8
RASTER
 62
7
100
AcDbHatch
 10
0.0
 20
0.0
 30
0.0
210
0.0
220
0.0
230
1.0
  2
SOLID
 70
1
 71
0
 91
1
 92
3
 72
0
 73
1
 93
4
 10
178.96
 20
185.4
 10
182.96
 20
185.4
 10
182.96
 20
168.5
 10
178.96
 20
168.5
 97
0
 75
0
 76
1
 98
0
  0
HATCH
  5
D0
330
17
100
AcDbEntity
  8
RASTER
 62
7
100
AcDbHatch
 10
0.0
 20
0.0
 30
0.0
210
0.0
220
0.0
230
1.0
  2
SOLID
 70
1
 71
0
 91
1
 92
3
 72
0
 73
1
 93
48
 10
181.51
 20
182.02
 10
181.505
 20
181.948
 10
181.491
 20
181.878
 10
181.468
 20
181.81
 10
181.436
 20
181.745
 10
181.396
 20
181.685
 10
181.349
 20
181.631
 10
181.295
 20
181.584
 10
181.235
 20
181.544
 10
181.17
 20
181.512
 10
181.102
 20
181.489
 10
181.032
 20
181.475
 10
180.96
 20
181.47
 10
180.888
 20
181.475
 10
180.818
 20
181.489
 10
180.75
 20
181.512
 10
180.685
 20
181.544
 10
180.625
 20
181.584
 10
180.571
 20
181.631
 10
180.524
 20
181.685
 10
180.484
 20
181.745
 10
180.452
 20
181.81
 10
180.429
 20
181.878
 10
180.415
 20
181.948
 10
180.41
 20
182.02
 10
180.415
 20
182.092
 10
180.429
 20
182.162
 10
180.452
 20
182.23
 10
180.484
 20
182.295
 10
180.524
 20
182.355
 10
180.571
 20
182.409
 10
180.625
 20
182.456
 10
180.685
 20
182.496
 10
180.75
 20
182.528
 10
180.818
 20
182.551
 10
180.888
 20
182.565
 10
180.96
 20
182.57
 10
181.032
 20
182.565
 10
181.102
 20
182.551
 10
181.17
 20
182.528
 10
181.235
 20
182.496
 10
181.295
 20
182.456
 10
181.349
 20
182.409
 10
181.396
 20
182.355
 10
181.436
 20
182.295
 10
181.468
 20
182.23
 10
181.491
 20
182.162
 10
181.505
 20
182.092
 97
0
 75
0
 76
1
 98
0
  0
HATCH
  5
D1
330
17
100
AcDbEntity
  8
RASTER
 62
7
100
AcDbHatch
 10
0.0
 20
0.0
 30
0.0
210
0.0
220
0.0
230
1.0
  2
SOLID
 70
1
 71
0
 91
1
 92
3
 72
0
 73
1
 93
48
 10
181.51
 20
176.95
 10
181.505
 20
176.878
 10
181.491
 20
176.808
 10
181.468
 20
176.74
 10
181.436
 20
176.675
 10
181.396
 20
176.615
 10
181.349
 20
176.561
 10
181.295
 20
176.514
 10
181.235
 20
176.474
 10
181.17
 20
176.442
 10
181.102
 20
176.419
 10
181.032
 20
176.405
 10
180.96
 20
176.4
 10
180.888
 20
176.405
 10
180.818
 20
176.419
 10
180.75
 20
176.442
 10
180.685
 20
176.474
 10
180.625
 20
176.514
 10
180.571
 20
176.561
 10
180.524
 20
176.615
 10
180.484
 20
176.675
 10
180.452
 20
176.74
 10
180.429
 20
176.808
 10
180.415
 20
176.878
 10
180.41
 20
176.95
 10
180.415
 20
177.022
 10
180.429
 20
177.092
 10
180.452
 20
177.16
 10
180.484
 20
177.225
 10
180.524
 20
177.285
 10
180.571
 20
177.339
 10
180.625
 20
177.386
 10
180.685
 20
177.426
 10
180.75
 20
177.458
 10
180.818
 20
177.481
 10
180.888
 20
177.495
 10
180.96
 20
177.5
 10
181.032
 20
177.495
 10
181.102
 20
177.481
 10
181.17
 20
177.458
 10
181.235
 20
177.426
 10
181.295
 20
177.386
 10
181.349
 20
177.339
 10
181.396
 20
177.285
 10
181.436
 20
177.225
 10
181.468
 20
177.16
 10
181.491
 20
177.092
 10
181.505
 20
177.022
 97
0
 75
0
 76
1
 98
0
  0
HATCH
  5
D2
330
17
100
AcDbEntity
  8
RASTER
 62
7
100
AcDbHatch
 10
0.0
 20
0.0
 30
0.0
210
0.0
220
0.0
230
1.0
  2
SOLID
 70
1
 71
0
 91
1
 92
3
 72
0
 73
1
 93
48
 10
181.51
 20
171.88
 10
181.505
 20
171.808
 10
181.491
 20
171.738
 10
181.468
 20
171.67
 10
181.436
 20
171.605
 10
181.396
 20
171.545
 10
181.349
 20
171.491
 10
181.295
 20
171.444
 10
181.235
 20
171.404
 10
181.17
 20
171.372
 10
181.102
 20
171.349
 10
181.032
 20
171.335
 10
180.96
 20
171.33
 10
180.888
 20
171.335
 10
180.818
 20
171.349
 10
180.75
 20
171.372
 10
180.685
 20
171.404
 10
180.625
 20
171.444
 10
180.571
 20
171.491
 10
180.524
 20
171.545
 10
180.484
 20
171.605
 10
180.452
 20
171.67
 10
180.429
 20
171.738
 10
180.415
 20
171.808
 10
180.41
 20
171.88
 10
180.415
 20
171.952
 10
180.429
 20
172.022
 10
180.452
 20
172.09
 10
180.484
 20
172.155
 10
180.524
 20
172.215
 10
180.571
 20
172.269
 10
180.625
 20
172.316
 10
180.685
 20
172.356
 10
180.75
 20
172.388
 10
180.818
 20
172.411
 10
180.888
 20
172.425
 10
180.96
 20
172.43
 10
181.032
 20
172.425
 10
181.102
 20
172.411
 10
181.17
 20
172.388
 10
181.235
 20
172.356
 10
181.295
 20
172.316
 10
181.349
 20
172.269
 10
181.396
 20
172.215
 10
181.436
 20
172.155
 10
181.468
 20
172.09
 10
181.491
 20
172.022
 10
181.505
 20
171.952
 97
0
 75
0
 76
1
 98
0
  0
HATCH
  5
D3
330
17
100
AcDbEntity
  8
RASTER
 62
7
100
AcDbHatch
 10
0.0
 20
0.0
 30
0.0
210
0.0
220
0.0
230
1.0
  2
SOLID
 70
1
 71
0
 91
3
 92
3
 72
0
 73
1
 93
36
 10
156.96
 20
179.75
 10
156.979
 20
180.031
 10
157.035
 20
180.275
 10
157.129
 20
180.481
 10
157.26
 20
180.65
 10
157.429
 20
180.781
 10
157.635
 20
180.875
 10
157.879
 20
180.931
 10
158.16
 20
180.95
 10
163.76
 20
180.95
 10
164.041
 20
180.931
 10
164.285
 20
180.875
 10
164.491
 20
180.781
 10
164.66
 20
180.65
 10
164.791
 20
180.481
 10
164.885
 20
180.275
 10
164.941
 20
180.031
 10
164.96
 20
179.75
 10
164.96
 20
174.15
 10
164.941
 20
173.869
 10
164.885
 20
173.625
 10
164.791
 20
173.419
 10
164.66
 20
173.25
 10
164.491
 20
173.119
 10
164.285
 20
173.025
 10
164.041
 20
172.969
 10
163.76
 20
172.95
 10
158.16
 20
172.95
 10
157.879
 20
172.969
 10
157.635
 20
173.025
 10
157.429
 20
173.119
 10
157.26
 20
173.25
 10
157.129
 20
173.419
 10
157.035
 20
173.625
 10
156.979
 20
173.869
 10
156.96
 20
174.15
 97
0
 92
3
 72
0
 73
1
 93
48
 10
162.06
 20
177.95
 10
162.051
 20
177.806
 10
162.023
 20
177.665
 10
161.976
 20
177.529
 10
161.913
 20
177.4
 10
161.833
 20
177.28
 10
161.738
 20
177.172
 10
161.63
 20
177.077
 10
161.51
 20
176.997
 10
161.381
 20
176.934
 10
161.245
 20
176.887
 10
161.104
 20
176.859
 10
160.96
 20
176.85
 10
160.816
 20
176.859
 10
160.675
 20
176.887
 10
160.539
 20
176.934
 10
160.41
 20
176.997
 10
160.29
 20
177.077
 10
160.182
 20
177.172
 10
160.087
 20
177.28
 10
160.007
 20
177.4
 10
159.944
 20
177.529
 10
159.897
 20
177.665
 10
159.869
 20
177.806
 10
159.86
 20
177.95
 10
159.869
 20
178.094
 10
159.897
 20
178.235
 10
159.944
 20
178.371
 10
160.007
 20
178.5
 10
160.087
 20
178.62
 10
160.182
 20
178.728
 10
160.29
 20
178.823
 10
160.41
 20
178.903
 10
160.539
 20
178.966
 10
160.675
 20
179.013
 10
160.816
 20
179.041
 10
160.96
 20
179.05
 10
161.104
 20
179.041
 10
161.245
 20
179.013
 10
161.381
 20
178.966
 10
161.51
 20
178.903
 10
161.63
 20
178.823
 10
161.738
 20
178.728
 10
161.833
 20
178.62
 10
161.913
 20
178.5
 10
161.976
 20
178.371
 10
162.023
 20
178.235
 10
162.051
 20
178.094
 97
0
 92
3
 72
0
 73
1
 93
5
 10
160.26
 20
177.35
 10
159.96
 20
174.35
 10
161.96
 20
174.35
 10
161.66
 20
177.35
 10
160.26
 20
177.35
 97
0
 75
0
 76
1
 98
0
  0
LWPOLYLINE
  5
D4
330
17
100
AcDbEntity
  8
CUT
100
AcDbPolyline
 90
92
 70
1
 10
208.06
 20
179.04
 10
208.05
 20
179.04
 10
208.05
 20
182.303
 10
208.157
 20
183.113
 10
208.47
 20
183.87
 10
208.969
 20
184.521
 10
209.62
 20
185.02
 10
210.377
 20
185.333
 10
211.187
 20
185.44
 10
219.693
 20
185.44
 10
220.503
 20
185.333
 10
221.26
 20
185.02
 10
221.911
 20
184.521
 10
222.41
 20
183.87
 10
222.723
 20
183.113
 10
222.83
 20
182.303
 10
222.83
 20
179.04
 10
222.82
 20
179.04
 10
237.58
 20
179.04
 10
237.57
 20
179.04
 10
237.57
 20
182.303
 10
237.677
 20
183.113
 10
237.99
 20
183.87
 10
238.489
 20
184.521
 10
239.14
 20
185.02
 10
239.897
 20
185.333
 10
240.707
 20
185.44
 10
249.213
 20
185.44
 10
250.023
 20
185.333
 10
250.78
 20
185.02
 10
251.431
 20
184.521
 10
251.93
 20
183.87
 10
252.243
 20
183.113
 10
252.35
 20
182.303
 10
252.35
 20
179.04
 10
252.34
 20
179.04
 10
267.1
 20
179.04
 10
267.09
 20
179.04
 10
267.09
 20
182.303
 10
267.197
 20
183.113
 10
267.51
 20
183.87
 10
268.009
 20
184.521
 10
268.66
 20
185.02
 10
269.417
 20
185.333
 10
270.227
 20
185.44
 10
278.733
 20
185.44
 10
279.543
 20
185.333
 10
280.3
 20
185.02
 10
280.951
 20
184.521
 10
281.45
 20
183.87
 10
281.763
 20
183.113
 10
281.87
 20
182.303
 10
281.87
 20
179.04
 10
281.86
 20
179.04
 10
285.0
 20
179.04
 10
285.0
 20
173.327
 10
281.9
 20
173.327
 10
281.9
 20
167.773
 10
285.0
 20
167.773
 10
285.0
 20
162.06
 10
281.86
 20
162.06
 10
276.223
 20
162.06
 10
276.223
 20
158.96
 10
270.466
 20
158.96
 10
270.466
 20
162.06
 10
264.869
 20
162.06
 10
264.869
 20
158.96
 10
259.112
 20
158.96
 10
259.112
 20
162.06
 10
253.515
 20
162.06
 10
253.515
 20
158.96
 10
247.758
 20
158.96
 10
247.758
 20
162.06
 10
242.162
 20
162.06
 10
242.162
 20
158.96
 10
236.405
 20
158.96
 10
236.405
 20
162.06
 10
230.808
 20
162.06
 10
230.808
 20
158.96
 10
225.051
 20
158.96
 10
225.051
 20
162.06
 10
219.454
 20
162.06
 10
219.454
 20
158.96
 10
213.697
 20
158.96
 10
213.697
 20
162.06
 10
208.06
 20
162.06
 10
204.92
 20
162.06
 10
204.92
 20
167.773
 10
208.02
 20
167.773
 10
208.02
 20
173.327
 10
204.92
 20
173.327
 10
204.92
 20
179.04
  0
HATCH
  5
D5
330
17
100
AcDbEntity
  8
RASTER
 62
7
100
AcDbHatch
 10
0.0
 20
0.0
 30
0.0
210
0.0
220
0.0
230
1.0
  2
SOLID
 70
1
 71
0
 91
1
 92
3
 72
0
 73
1
 93
4
 10
209.06
 20
175.1
 10
280.86
 20
175.1
 10
280.86
 20
174.5
 10
209.06
 20
174.5
 97
0
 75
0
 76
1
 98
0
  0
HATCH
  5
D6
330
17
100
AcDbEntity
  8
RASTER
 62
7
100
AcDbHatch
 10
0.0
 20
0.0
 30
0.0
210
0.0
220
0.0
230
1.0
  2
SOLID
 70
1
 71
0
 91
1
 92
3
 72
0
 73
1
 93
4
 10
209.06
 20
170.9
 10
280.86
 20
170.9
 10
280.86
 20
170.3
 10
209.06
 20
170.3
 97
0
 75
0
 76
1
 98
0
  0
HATCH
  5
D7
330
17
100
AcDbEntity
  8
RASTER
 62
7
100
AcDbHatch
 10
0.0
 20
0.0
 30
0.0
210
0.0
220
0.0
230
1.0
  2
SOLID
 70
1
 71
0
 91
1
 92
3
 72
0
 73
1
 93
4
 10
209.06
 20
166.7
 10
280.86
 20
166.7
 10
280.86
 20
166.1
 10
209.06
 20
166.1
 97
0
 75
0
 76
1
 98
0
  0
HATCH
  5
D8
330
17
100
AcDbEntity
  8
RASTER
 62
7
100
AcDbHatch
 10
0.0
 20
0.0
 30
0.0
210
0.0
220
0.0
230
1.0
  2
SOLID
 70
1
 71
0
 91
1
 92
3
 72
0
 73
1
 93
4
 10
222.96
 20
179.0
 10
226.96
 20
179.0
 10
226.96
 20
162.1
 10
222.96
 20
162.1
 97
0
 75
0
 76
1
 98
0
  0
HATCH
  5
D9
330
17
100
AcDbEntity
  8
RASTER
 62
7
100
AcDbHatch
 10
0.0
 20
0.0
 30
0.0
210
0.0
220
0.0
230
1.0
  2
SOLID
 70
1
 71
0
 91
1
 92
3
 72
0
 73
1
 93
48
 10
225.51
 20
175.62
 10
225.505
 20
175.548
 10
225.491
 20
175.478
 10
225.468
 20
175.41
 10
225.436
 20
175.345
 10
225.396
 20
175.285
 10
225.349
 20
175.231
 10
225.295
 20
175.184
 10
225.235
 20
175.144
 10
225.17
 20
175.112
 10
225.102
 20
175.089
 10
225.032
 20
175.075
 10
224.96
 20
175.07
 10
224.888
 20
175.075
 10
224.818
 20
175.089
 10
224.75
 20
175.112
 10
224.685
 20
175.144
 10
224.625
 20
175.184
 10
224.571
 20
175.231
 10
224.524
 20
175.285
 10
224.484
 20
175.345
 10
224.452
 20
175.41
 10
224.429
 20
175.478
 10
224.415
 20
175.548
 10
224.41
 20
175.62
 10
224.415
 20
175.692
 10
224.429
 20
175.762
 10
224.452
 20
175.83
 10
224.484
 20
175.895
 10
224.524
 20
175.955
 10
224.571
 20
176.009
 10
224.625
 20
176.056
 10
224.685
 20
176.096
 10
224.75
 20
176.128
 10
224.818
 20
176.151
 10
224.888
 20
176.165
 10
224.96
 20
176.17
 10
225.032
 20
176.165
 10
225.102
 20
176.151
 10
225.17
 20
176.128
 10
225.235
 20
176.096
 10
225.295
 20
176.056
 10
225.349
 20
176.009
 10
225.396
 20
175.955
 10
225.436
 20
175.895
 10
225.468
 20
175.83
 10
225.491
 20
175.762
 10
225.505
 20
175.692
 97
0
 75
0
 76
1
 98
0
  0
HATCH
  5
DA
330
17
100
AcDbEntity
  8
RASTER
 62
7
100
AcDbHatch
 10
0.0
 20
0.0
 30
0.0
210
0.0
220
0.0
230
1.0
  2
SOLID
 70
1
 71
0
 91
1
 92
3
 72
0
 73
1
 93
48
 10
225.51
 20
170.55
 10
225.505
 20
170.478
 10
225.491
 20
170.408
 10
225.468
 20
170.34
 10
225.436
 20
170.275
 10
225.396
 20
170.215
 10
225.349
 20
170.161
 10
225.295
 20
170.114
 10
225.235
 20
170.074
 10
225.17
 20
170.042
 10
225.102
 20
170.019
 10
225.032
 20
170.005
 10
224.96
 20
170.0
 10
224.888
 20
170.005
 10
224.818
 20
170.019
 10
224.75
 20
170.042
 10
224.685
 20
170.074
 10
224.625
 20
170.114
 10
224.571
 20
170.161
 10
224.524
 20
170.215
 10
224.484
 20
170.275
 10
224.452
 20
170.34
 10
224.429
 20
170.408
 10
224.415
 20
170.478
 10
224.41
 20
170.55
 10
224.415
 20
170.622
 10
224.429
 20
170.692
 10
224.452
 20
170.76
 10
224.484
 20
170.825
 10
224.524
 20
170.885
 10
224.571
 20
170.939
 10
224.625
 20
170.986
 10
224.685
 20
171.026
 10
224.75
 20
171.058
 10
224.818
 20
171.081
 10
224.888
 20
171.095
 10
224.96
 20
171.1
 10
225.032
 20
171.095
 10
225.102
 20
171.081
 10
225.17
 20
171.058
 10
225.235
 20
171.026
 10
225.295
 20
170.986
 10
225.349
 20
170.939
 10
225.396
 20
170.885
 10
225.436
 20
170.825
 10
225.468
 20
170.76
 10
225.491
 20
170.692
 10
225.505
 20
170.622
 97
0
 75
0
 76
1
 98
0
  0
HATCH
  5
DB
330
17
100
AcDbEntity
  8
RASTER
 62
7
100
AcDbHatch
 10
0.0
 20
0.0
 30
0.0
210
0.0
220
0.0
230
1.0
  2
SOLID
 70
1
 71
0
 91
1
 92
3
 72
0
 73
1
 93
48
 10
225.51
 20
165.48
 10
225.505
 20
165.408
 10
225.491
 20
165.338
 10
225.468
 20
165.27
 10
225.436
 20
165.205
 10
225.396
 20
165.145
 10
225.349
 20
165.091
 10
225.295
 20
165.044
 10
225.235
 20
165.004
 10
225.17
 20
164.972
 10
225.102
 20
164.949
 10
225.032
 20
164.935
 10
224.96
 20
164.93
 10
224.888
 20
164.935
 10
224.818
 20
164.949
 10
224.75
 20
164.972
 10
224.685
 20
165.004
 10
224.625
 20
165.044
 10
224.571
 20
165.091
 10
224.524
 20
165.145
 10
224.484
 20
165.205
 10
224.452
 20
165.27
 10
224.429
 20
165.338
 10
224.415
 20
165.408
 10
224.41
 20
165.48
 10
224.415
 20
165.552
 10
224.429
 20
165.622
 10
224.452
 20
165.69
 10
224.484
 20
165.755
 10
224.524
 20
165.815
 10
224.571
 20
165.869
 10
224.625
 20
165.916
 10
224.685
 20
165.956
 10
224.75
 20
165.988
 10
224.818
 20
166.011
 10
224.888
 20
166.025
 10
224.96
 20
166.03
 10
225.032
 20
166.025
 10
225.102
 20
166.011
 10
225.17
 20
165.988
 10
225.235
 20
165.956
 10
225.295
 20
165.916
 10
225.349
 20
165.869
 10
225.396
 20
165.815
 10
225.436
 20
165.755
 10
225.468
 20
165.69
 10
225.491
 20
165.622
 10
225.505
 20
165.552
 97
0
 75
0
 76
1
 98
0
  0
HATCH
  5
DC
330
17
100
AcDbEntity
  8
RASTER
 62
7
100
AcDbHatch
 10
0.0
 20
0.0
 30
0.0
210
0.0
220
0.0
230
1.0
  2
SOLID
 70
1
 71
0
 91
1
 92
3
 72
0
 73
1
 93
4
 10
262.96
 20
179.0
 10
266.96
 20
179.0
 10
266.96
 20
162.1
 10
262.96
 20
162.1
 97
0
 75
0
 76
1
 98
0
  0
HATCH
  5
DD
330
17
100
AcDbEntity
  8
RASTER
 62
7
100
AcDbHatch
 10
0.0
 20
0.0
 30
0.0
210
0.0
220
0.0
230
1.0
  2
SOLID
 70
1
 71
0
 91
1
 92
3
 72
0
 73
1
 93
48
 10
265.51
 20
175.62
 10
265.505
 20
175.548
 10
265.491
 20
175.478
 10
265.468
 20
175.41
 10
265.436
 20
175.345
 10
265.396
 20
175.285
 10
265.349
 20
175.231
 10
265.295
 20
175.184
 10
265.235
 20
175.144
 10
265.17
 20
175.112
 10
265.102
 20
175.089
 10
265.032
 20
175.075
 10
264.96
 20
175.07
 10
264.888
 20
175.075
 10
264.818
 20
175.089
 10
264.75
 20
175.112
 10
264.685
 20
175.144
 10
264.625
 20
175.184
 10
264.571
 20
175.231
 10
264.524
 20
175.285
 10
264.484
 20
175.345
 10
264.452
 20
175.41
 10
264.429
 20
175.478
 10
264.415
 20
175.548
 10
264.41
 20
175.62
 10
264.415
 20
175.692
 10
264.429
 20
175.762
 10
264.452
 20
175.83
 10
264.484
 20
175.895
 10
264.524
 20
175.955
 10
264.571
 20
176.009
 10
264.625
 20
176.056
 10
264.685
 20
176.096
 10
264.75
 20
176.128
 10
264.818
 20
176.151
 10
264.888
 20
176.165
 10
264.96
 20
176.17
 10
265.032
 20
176.165
 10
265.102
 20
176.151
 10
265.17
 20
176.128
 10
265.235
 20
176.096
 10
265.295
 20
176.056
 10
265.349
 20
176.009
 10
265.396
 20
175.955
 10
265.436
 20
175.895
 10
265.468
 20
175.83
 10
265.491
 20
175.762
 10
265.505
 20
175.692
 97
0
 75
0
 76
1
 98
0
  0
HATCH
  5
DE
330
17
100
AcDbEntity
  8
RASTER
 62
7
100
AcDbHatch
 10
0.0
 20
0.0
 30
0.0
210
0.0
220
0.0
230
1.0
  2
SOLID
 70
1
 71
0
 91
1
 92
3
 72
0
 73
1
 93
48
 10
265.51
 20
170.55
 10
265.505
 20
170.478
 10
265.491
 20
170.408
 10
265.468
 20
170.34
 10
265.436
 20
170.275
 10
265.396
 20
170.215
 10
265.349
 20
170.161
 10
265.295
 20
170.114
 10
265.235
 20
170.074
 10
265.17
 20
170.042
 10
265.102
 20
170.019
 10
265.032
 20
170.005
 10
264.96
 20
170.0
 10
264.888
 20
170.005
 10
264.818
 20
170.019
 10
264.75
 20
170.042
 10
264.685
 20
170.074
 10
264.625
 20
170.114
 10
264.571
 20
170.161
 10
264.524
 20
170.215
 10
264.484
 20
170.275
 10
264.452
 20
170.34
 10
264.429
 20
170.408
 10
264.415
 20
170.478
 10
264.41
 20
170.55
 10
264.415
 20
170.622
 10
264.429
 20
170.692
 10
264.452
 20
170.76
 10
264.484
 20
170.825
 10
264.524
 20
170.885
 10
264.571
 20
170.939
 10
264.625
 20
170.986
 10
264.685
 20
171.026
 10
264.75
 20
171.058
 10
264.818
 20
171.081
 10
264.888
 20
171.095
 10
264.96
 20
171.1
 10
265.032
 20
171.095
 10
265.102
 20
171.081
 10
265.17
 20
171.058
 10
265.235
 20
171.026
 10
265.295
 20
170.986
 10
265.349
 20
170.939
 10
265.396
 20
170.885
 10
265.436
 20
170.825
 10
265.468
 20
170.76
 10
265.491
 20
170.692
 10
265.505
 20
170.622
 97
0
 75
0
 76
1
 98
0
  0
HATCH
  5
DF
330
17
100
AcDbEntity
  8
RASTER
 62
7
100
AcDbHatch
 10
0.0
 20
0.0
 30
0.0
210
0.0
220
0.0
230
1.0
  2
SOLID
 70
1
 71
0
 91
1
 92
3
 72
0
 73
1
 93
48
 10
265.51
 20
165.48
 10
265.505
 20
165.408
 10
265.491
 20
165.338
 10
265.468
 20
165.27
 10
265.436
 20
165.205
 10
265.396
 20
165.145
 10
265.349
 20
165.091
 10
265.295
 20
165.044
 10
265.235
 20
165.004
 10
265.17
 20
164.972
 10
265.102
 20
164.949
 10
265.032
 20
164.935
 10
264.96
 20
164.93
 10
264.888
 20
164.935
 10
264.818
 20
164.949
 10
264.75
 20
164.972
 10
264.685
 20
165.004
 10
264.625
 20
165.044
 10
264.571
 20
165.091
 10
264.524
 20
165.145
 10
264.484
 20
165.205
 10
264.452
 20
165.27
 10
264.429
 20
165.338
 10
264.415
 20
165.408
 10
264.41
 20
165.48
 10
264.415
 20
165.552
 10
264.429
 20
165.622
 10
264.452
 20
165.69
 10
264.484
 20
165.755
 10
264.524
 20
165.815
 10
264.571
 20
165.869
 10
264.625
 20
165.916
 10
264.685
 20
165.956
 10
264.75
 20
165.988
 10
264.818
 20
166.011
 10
264.888
 20
166.025
 10
264.96
 20
166.03
 10
265.032
 20
166.025
 10
265.102
 20
166.011
 10
265.17
 20
165.988
 10
265.235
 20
165.956
 10
265.295
 20
165.916
 10
265.349
 20
165.869
 10
265.396
 20
165.815
 10
265.436
 20
165.755
 10
265.468
 20
165.69
 10
265.491
 20
165.622
 10
265.505
 20
165.552
 97
0
 75
0
 76
1
 98
0
  0
LWPOLYLINE
  5
E0
330
17
100
AcDbEntity
  8
CUT
100
AcDbPolyline
 90
16
 70
1
 10
7.06
 20
154.44
 10
27.94
 20
154.44
 10
27.94
 20
148.807
 10
31.04
 20
148.807
 10
31.04
 20
143.093
 10
27.94
 20
143.093
 10
27.94
 20
137.46
 10
21.007
 20
137.46
 10
21.007
 20
134.36
 10
13.993
 20
134.36
 10
13.993
 20
137.46
 10
7.06
 20
137.46
 10
7.06
 20
143.093
 10
3.96
 20
143.093
 10
3.96
 20
148.807
 10
7.06
 20
148.807
  0
HATCH
  5
E1
330
17
100
AcDbEntity
  8
RASTER
 62
7
100
AcDbHatch
 10
0.0
 20
0.0
 30
0.0
210
0.0
220
0.0
230
1.0
  2
SOLID
 70
1
 71
0
 91
1
 92
3
 72
0
 73
1
 93
4
 10
8.1
 20
150.5
 10
26.9
 20
150.5
 10
26.9
 20
149.9
 10
8.1
 20
149.9
 97
0
 75
0
 76
1
 98
0
  0
HATCH
  5
E2
330
17
100
AcDbEntity
  8
RASTER
 62
7
100
AcDbHatch
 10
0.0
 20
0.0
 30
0.0
210
0.0
220
0.0
230
1.0
  2
SOLID
 70
1
 71
0
 91
1
 92
3
 72
0
 73
1
 93
4
 10
8.1
 20
146.3
 10
26.9
 20
146.3
 10
26.9
 20
145.7
 10
8.1
 20
145.7
 97
0
 75
0
 76
1
 98
0
  0
HATCH
  5
E3
330
17
100
AcDbEntity
  8
RASTER
 62
7
100
AcDbHatch
 10
0.0
 20
0.0
 30
0.0
210
0.0
220
0.0
230
1.0
  2
SOLID
 70
1
 71
0
 91
1
 92
3
 72
0
 73
1
 93
4
 10
8.1
 20
142.1
 10
26.9
 20
142.1
 10
26.9
 20
141.5
 10
8.1
 20
141.5
 97
0
 75
0
 76
1
 98
0
  0
LWPOLYLINE
  5
E4
330
17
100
AcDbEntity
  8
CUT
100
AcDbPolyline
 90
16
 70
1
 10
38.06
 20
154.44
 10
58.94
 20
154.44
 10
58.94
 20
148.807
 10
62.04
 20
148.807
 10
62.04
 20
143.093
 10
58.94
 20
143.093
 10
58.94
 20
137.46
 10
52.007
 20
137.46
 10
52.007
 20
134.36
 10
44.993
 20
134.36
 10
44.993
 20
137.46
 10
38.06
 20
137.46
 10
38.06
 20
143.093
 10
34.96
 20
143.093
 10
34.96
 20
148.807
 10
38.06
 20
148.807
  0
HATCH
  5
E5
330
17
100
AcDbEntity
  8
RASTER
 62
7
100
AcDbHatch
 10
0.0
 20
0.0
 30
0.0
210
0.0
220
0.0
230
1.0
  2
SOLID
 70
1
 71
0
 91
1
 92
3
 72
0
 73
1
 93
4
 10
39.1
 20
150.5
 10
57.9
 20
150.5
 10
57.9
 20
149.9
 10
39.1
 20
149.9
 97
0
 75
0
 76
1
 98
0
  0
HATCH
  5
E6
330
17
100
AcDbEntity
  8
RASTER
 62
7
100
AcDbHatch
 10
0.0
 20
0.0
 30
0.0
210
0.0
220
0.0
230
1.0
  2
SOLID
 70
1
 71
0
 91
1
 92
3
 72
0
 73
1
 93
4
 10
39.1
 20
146.3
 10
57.9
 20
146.3
 10
57.9
 20
145.7
 10
39.1
 20
145.7
 97
0
 75
0
 76
1
 98
0
  0
HATCH
  5
E7
330
17
100
AcDbEntity
  8
RASTER
 62
7
100
AcDbHatch
 10
0.0
 20
0.0
 30
0.0
210
0.0
220
0.0
230
1.0
  2
SOLID
 70
1
 71
0
 91
1
 92
3
 72
0
 73
1
 93
4
 10
39.1
 20
142.1
 10
57.9
 20
142.1
 10
57.9
 20
141.5
 10
39.1
 20
141.5
 97
0
 75
0
 76
1
 98
0
  0
LWPOLYLINE
  5
E8
330
17
100
AcDbEntity
  8
CUT
100
AcDbPolyline
 90
68
 70
1
 10
65.96
 20
154.44
 10
69.1
 20
154.44
 10
74.817
 20
154.44
 10
74.817
 20
151.34
 10
80.414
 20
151.34
 10
80.414
 20
154.44
 10
86.171
 20
154.44
 10
86.171
 20
151.34
 10
91.768
 20
151.34
 10
91.768
 20
154.44
 10
97.525
 20
154.44
 10
97.525
 20
151.34
 10
103.122
 20
151.34
 10
103.122
 20
154.44
 10
108.878
 20
154.44
 10
108.878
 20
151.34
 10
114.475
 20
151.34
 10
114.475
 20
154.44
 10
120.232
 20
154.44
 10
120.232
 20
151.34
 10
125.829
 20
151.34
 10
125.829
 20
154.44
 10
131.586
 20
154.44
 10
131.586
 20
151.34
 10
137.183
 20
151.34
 10
137.183
 20
154.44
 10
142.9
 20
154.44
 10
146.04
 20
154.44
 10
146.04
 20
151.3
 10
146.04
 20
144.327
 10
142.94
 20
144.327
 10
142.94
 20
137.473
 10
146.04
 20
137.473
 10
146.04
 20
130.5
 10
146.04
 20
127.36
 10
142.9
 20
127.36
 10
137.183
 20
127.36
 10
137.183
 20
130.46
 10
131.586
 20
130.46
 10
131.586
 20
127.36
 10
125.829
 20
127.36
 10
125.829
 20
130.46
 10
120.232
 20
130.46
 10
120.232
 20
127.36
 10
114.475
 20
127.36
 10
114.475
 20
130.46
 10
108.878
 20
130.46
 10
108.878
 20
127.36
 10
103.122
 20
127.36
 10
103.122
 20
130.46
 10
97.525
 20
130.46
 10
97.525
 20
127.36
 10
91.768
 20
127.36
 10
91.768
 20
130.46
 10
86.171
 20
130.46
 10
86.171
 20
127.36
 10
80.414
 20
127.36
 10
80.414
 20
130.46
 10
74.817
 20
130.46
 10
74.817
 20
127.36
 10
69.1
 20
127.36
 10
65.96
 20
127.36
 10
65.96
 20
130.5
 10
65.96
 20
137.473
 10
69.06
 20
137.473
 10
69.06
 20
144.327
 10
65.96
 20
144.327
 10
65.96
 20
151.3
  0
HATCH
  5
E9
330
17
100
AcDbEntity
  8
RASTER
 62
7
100
AcDbHatch
 10
0.0
 20
0.0
 30
0.0
210
0.0
220
0.0
230
1.0
  2
SOLID
 70
1
 71
0
 91
1
 92
3
 72
0
 73
1
 93
4
 10
70.1
 20
146.6
 10
141.9
 20
146.6
 10
141.9
 20
146.0
 10
70.1
 20
146.0
 97
0
 75
0
 76
1
 98
0
  0
HATCH
  5
EA
330
17
100
AcDbEntity
  8
RASTER
 62
7
100
AcDbHatch
 10
0.0
 20
0.0
 30
0.0
210
0.0
220
0.0
230
1.0
  2
SOLID
 70
1
 71
0
 91
1
 92
3
 72
0
 73
1
 93
4
 10
70.1
 20
141.6
 10
141.9
 20
141.6
 10
141.9
 20
141.0
 10
70.1
 20
141.0
 97
0
 75
0
 76
1
 98
0
  0
HATCH
  5
EB
330
17
100
AcDbEntity
  8
RASTER
 62
7
100
AcDbHatch
 10
0.0
 20
0.0
 30
0.0
210
0.0
220
0.0
230
1.0
  2
SOLID
 70
1
 71
0
 91
1
 92
3
 72
0
 73
1
 93
4
 10
70.1
 20
136.6
 10
141.9
 20
136.6
 10
141.9
 20
136.0
 10
70.1
 20
136.0
 97
0
 75
0
 76
1
 98
0
  0
HATCH
  5
EC
330
17
100
AcDbEntity
  8
RASTER
 62
7
100
AcDbHatch
 10
0.0
 20
0.0
 30
0.0
210
0.0
220
0.0
230
1.0
  2
SOLID
 70
1
 71
0
 91
1
 92
3
 72
0
 73
1
 93
4
 10
84.0
 20
154.4
 10
88.0
 20
154.4
 10
88.0
 20
127.4
 10
84.0
 20
127.4
 97
0
 75
0
 76
1
 98
0
  0
HATCH
  5
ED
330
17
100
AcDbEntity
  8
RASTER
 62
7
100
AcDbHatch
 10
0.0
 20
0.0
 30
0.0
210
0.0
220
0.0
230
1.0
  2
SOLID
 70
1
 71
0
 91
1
 92
3
 72
0
 73
1
 93
48
 10
86.55
 20
149.0
 10
86.545
 20
148.928
 10
86.531
 20
148.858
 10
86.508
 20
148.79
 10
86.476
 20
148.725
 10
86.436
 20
148.665
 10
86.389
 20
148.611
 10
86.335
 20
148.564
 10
86.275
 20
148.524
 10
86.21
 20
148.492
 10
86.142
 20
148.469
 10
86.072
 20
148.455
 10
86.0
 20
148.45
 10
85.928
 20
148.455
 10
85.858
 20
148.469
 10
85.79
 20
148.492
 10
85.725
 20
148.524
 10
85.665
 20
148.564
 10
85.611
 20
148.611
 10
85.564
 20
148.665
 10
85.524
 20
148.725
 10
85.492
 20
148.79
 10
85.469
 20
148.858
 10
85.455
 20
148.928
 10
85.45
 20
149.0
 10
85.455
 20
149.072
 10
85.469
 20
149.142
 10
85.492
 20
149.21
 10
85.524
 20
149.275
 10
85.564
 20
149.335
 10
85.611
 20
149.389
 10
85.665
 20
149.436
 10
85.725
 20
149.476
 10
85.79
 20
149.508
 10
85.858
 20
149.531
 10
85.928
 20
149.545
 10
86.0
 20
149.55
 10
86.072
 20
149.545
 10
86.142
 20
149.531
 10
86.21
 20
149.508
 10
86.275
 20
149.476
 10
86.335
 20
149.436
 10
86.389
 20
149.389
 10
86.436
 20
149.335
 10
86.476
 20
149.275
 10
86.508
 20
149.21
 10
86.531
 20
149.142
 10
86.545
 20
149.072
 97
0
 75
0
 76
1
 98
0
  0
HATCH
  5
EE
330
17
100
AcDbEntity
  8
RASTER
 62
7
100
AcDbHatch
 10
0.0
 20
0.0
 30
0.0
210
0.0
220
0.0
230
1.0
  2
SOLID
 70
1
 71
0
 91
1
 92
3
 72
0
 73
1
 93
48
 10
86.55
 20
140.9
 10
86.545
 20
140.828
 10
86.531
 20
140.758
 10
86.508
 20
140.69
 10
86.476
 20
140.625
 10
86.436
 20
140.565
 10
86.389
 20
140.511
 10
86.335
 20
140.464
 10
86.275
 20
140.424
 10
86.21
 20
140.392
 10
86.142
 20
140.369
 10
86.072
 20
140.355
 10
86.0
 20
140.35
 10
85.928
 20
140.355
 10
85.858
 20
140.369
 10
85.79
 20
140.392
 10
85.725
 20
140.424
 10
85.665
 20
140.464
 10
85.611
 20
140.511
 10
85.564
 20
140.565
 10
85.524
 20
140.625
 10
85.492
 20
140.69
 10
85.469
 20
140.758
 10
85.455
 20
140.828
 10
85.45
 20
140.9
 10
85.455
 20
140.972
 10
85.469
 20
141.042
 10
85.492
 20
141.11
 10
85.524
 20
141.175
 10
85.564
 20
141.235
 10
85.611
 20
141.289
 10
85.665
 20
141.336
 10
85.725
 20
141.376
 10
85.79
 20
141.408
 10
85.858
 20
141.431
 10
85.928
 20
141.445
 10
86.0
 20
141.45
 10
86.072
 20
141.445
 10
86.142
 20
141.431
 10
86.21
 20
141.408
 10
86.275
 20
141.376
 10
86.335
 20
141.336
 10
86.389
 20
141.289
 10
86.436
 20
141.235
 10
86.476
 20
141.175
 10
86.508
 20
141.11
 10
86.531
 20
141.042
 10
86.545
 20
140.972
 97
0
 75
0
 76
1
 98
0
  0
HATCH
  5
EF
330
17
100
AcDbEntity
  8
RASTER
 62
7
100
AcDbHatch
 10
0.0
 20
0.0
 30
0.0
210
0.0
220
0.0
230
1.0
  2
SOLID
 70
1
 71
0
 91
1
 92
3
 72
0
 73
1
 93
48
 10
86.55
 20
132.8
 10
86.545
 20
132.728
 10
86.531
 20
132.658
 10
86.508
 20
132.59
 10
86.476
 20
132.525
 10
86.436
 20
132.465
 10
86.389
 20
132.411
 10
86.335
 20
132.364
 10
86.275
 20
132.324
 10
86.21
 20
132.292
 10
86.142
 20
132.269
 10
86.072
 20
132.255
 10
86.0
 20
132.25
 10
85.928
 20
132.255
 10
85.858
 20
132.269
 10
85.79
 20
132.292
 10
85.725
 20
132.324
 10
85.665
 20
132.364
 10
85.611
 20
132.411
 10
85.564
 20
132.465
 10
85.524
 20
132.525
 10
85.492
 20
132.59
 10
85.469
 20
132.658
 10
85.455
 20
132.728
 10
85.45
 20
132.8
 10
85.455
 20
132.872
 10
85.469
 20
132.942
 10
85.492
 20
133.01
 10
85.524
 20
133.075
 10
85.564
 20
133.135
 10
85.611
 20
133.189
 10
85.665
 20
133.236
 10
85.725
 20
133.276
 10
85.79
 20
133.308
 10
85.858
 20
133.331
 10
85.928
 20
133.345
 10
86.0
 20
133.35
 10
86.072
 20
133.345
 10
86.142
 20
133.331
 10
86.21
 20
133.308
 10
86.275
 20
133.276
 10
86.335
 20
133.236
 10
86.389
 20
133.189
 10
86.436
 20
133.135
 10
86.476
 20
133.075
 10
86.508
 20
133.01
 10
86.531
 20
132.942
 10
86.545
 20
132.872
 97
0
 75
0
 76
1
 98
0
  0
HATCH
  5
F0
330
17
100
AcDbEntity
  8
RASTER
 62
7
100
AcDbHatch
 10
0.0
 20
0.0
 30
0.0
210
0.0
220
0.0
230
1.0
  2
SOLID
 70
1
 71
0
 91
1
 92
3
 72
0
 73
1
 93
4
 10
124.0
 20
154.4
 10
128.0
 20
154.4
 10
128.0
 20
127.4
 10
124.0
 20
127.4
 97
0
 75
0
 76
1
 98
0
  0
HATCH
  5
F1
330
17
100
AcDbEntity
  8
RASTER
 62
7
100
AcDbHatch
 10
0.0
 20
0.0
 30
0.0
210
0.0
220
0.0
230
1.0
  2
SOLID
 70
1
 71
0
 91
1
 92
3
 72
0
 73
1
 93
48
 10
126.55
 20
149.0
 10
126.545
 20
148.928
 10
126.531
 20
148.858
 10
126.508
 20
148.79
 10
126.476
 20
148.725
 10
126.436
 20
148.665
 10
126.389
 20
148.611
 10
126.335
 20
148.564
 10
126.275
 20
148.524
 10
126.21
 20
148.492
 10
126.142
 20
148.469
 10
126.072
 20
148.455
 10
126.0
 20
148.45
 10
125.928
 20
148.455
 10
125.858
 20
148.469
 10
125.79
 20
148.492
 10
125.725
 20
148.524
 10
125.665
 20
148.564
 10
125.611
 20
148.611
 10
125.564
 20
148.665
 10
125.524
 20
148.725
 10
125.492
 20
148.79
 10
125.469
 20
148.858
 10
125.455
 20
148.928
 10
125.45
 20
149.0
 10
125.455
 20
149.072
 10
125.469
 20
149.142
 10
125.492
 20
149.21
 10
125.524
 20
149.275
 10
125.564
 20
149.335
 10
125.611
 20
149.389
 10
125.665
 20
149.436
 10
125.725
 20
149.476
 10
125.79
 20
149.508
 10
125.858
 20
149.531
 10
125.928
 20
149.545
 10
126.0
 20
149.55
 10
126.072
 20
149.545
 10
126.142
 20
149.531
 10
126.21
 20
149.508
 10
126.275
 20
149.476
 10
126.335
 20
149.436
 10
126.389
 20
149.389
 10
126.436
 20
149.335
 10
126.476
 20
149.275
 10
126.508
 20
149.21
 10
126.531
 20
149.142
 10
126.545
 20
149.072
 97
0
 75
0
 76
1
 98
0
  0
HATCH
  5
F2
330
17
100
AcDbEntity
  8
RASTER
 62
7
100
AcDbHatch
 10
0.0
 20
0.0
 30
0.0
210
0.0
220
0.0
230
1.0
  2
SOLID
 70
1
 71
0
 91
1
 92
3
 72
0
 73
1
 93
48
 10
126.55
 20
140.9
 10
126.545
 20
140.828
 10
126.531
 20
140.758
 10
126.508
 20
140.69
 10
126.476
 20
140.625
 10
126.436
 20
140.565
 10
126.389
 20
140.511
 10
126.335
 20
140.464
 10
126.275
 20
140.424
 10
126.21
 20
140.392
 10
126.142
 20
140.369
 10
126.072
 20
140.355
 10
126.0
 20
140.35
 10
125.928
 20
140.355
 10
125.858
 20
140.369
 10
125.79
 20
140.392
 10
125.725
 20
140.424
 10
125.665
 20
140.464
 10
125.611
 20
140.511
 10
125.564
 20
140.565
 10
125.524
 20
140.625
 10
125.492
 20
140.69
 10
125.469
 20
140.758
 10
125.455
 20
140.828
 10
125.45
 20
140.9
 10
125.455
 20
140.972
 10
125.469
 20
141.042
 10
125.492
 20
141.11
 10
125.524
 20
141.175
 10
125.564
 20
141.235
 10
125.611
 20
141.289
 10
125.665
 20
141.336
 10
125.725
 20
141.376
 10
125.79
 20
141.408
 10
125.858
 20
141.431
 10
125.928
 20
141.445
 10
126.0
 20
141.45
 10
126.072
 20
141.445
 10
126.142
 20
141.431
 10
126.21
 20
141.408
 10
126.275
 20
141.376
 10
126.335
 20
141.336
 10
126.389
 20
141.289
 10
126.436
 20
141.235
 10
126.476
 20
141.175
 10
126.508
 20
141.11
 10
126.531
 20
141.042
 10
126.545
 20
140.972
 97
0
 75
0
 76
1
 98
0
  0
HATCH
  5
F3
330
17
100
AcDbEntity
  8
RASTER
 62
7
100
AcDbHatch
 10
0.0
 20
0.0
 30
0.0
210
0.0
220
0.0
230
1.0
  2
SOLID
 70
1
 71
0
 91
1
 92
3
 72
0
 73
1
 93
48
 10
126.55
 20
132.8
 10
126.545
 20
132.728
 10
126.531
 20
132.658
 10
126.508
 20
132.59
 10
126.476
 20
132.525
 10
126.436
 20
132.465
 10
126.389
 20
132.411
 10
126.335
 20
132.364
 10
126.275
 20
132.324
 10
126.21
 20
132.292
 10
126.142
 20
132.269
 10
126.072
 20
132.255
 10
126.0
 20
132.25
 10
125.928
 20
132.255
 10
125.858
 20
132.269
 10
125.79
 20
132.292
 10
125.725
 20
132.324
 10
125.665
 20
132.364
 10
125.611
 20
132.411
 10
125.564
 20
132.465
 10
125.524
 20
132.525
 10
125.492
 20
132.59
 10
125.469
 20
132.658
 10
125.455
 20
132.728
 10
125.45
 20
132.8
 10
125.455
 20
132.872
 10
125.469
 20
132.942
 10
125.492
 20
133.01
 10
125.524
 20
133.075
 10
125.564
 20
133.135
 10
125.611
 20
133.189
 10
125.665
 20
133.236
 10
125.725
 20
133.276
 10
125.79
 20
133.308
 10
125.858
 20
133.331
 10
125.928
 20
133.345
 10
126.0
 20
133.35
 10
126.072
 20
133.345
 10
126.142
 20
133.331
 10
126.21
 20
133.308
 10
126.275
 20
133.276
 10
126.335
 20
133.236
 10
126.389
 20
133.189
 10
126.436
 20
133.135
 10
126.476
 20
133.075
 10
126.508
 20
133.01
 10
126.531
 20
132.942
 10
126.545
 20
132.872
 97
0
 75
0
 76
1
 98
0
  0
LWPOLYLINE
  5
F4
330
17
100
AcDbEntity
  8
CUT
100
AcDbPolyline
 90
40
 70
1
 10
153.1
 20
154.44
 10
226.9
 20
154.44
 10
230.04
 20
154.44
 10
230.04
 20
151.393
 10
226.94
 20
151.393
 10
226.94
 20
148.507
 10
230.04
 20
148.507
 10
230.04
 20
145.46
 10
226.9
 20
145.46
 10
221.263
 20
145.46
 10
221.263
 20
142.36
 10
215.506
 20
142.36
 10
215.506
 20
145.46
 10
209.909
 20
145.46
 10
209.909
 20
142.36
 10
204.152
 20
142.36
 10
204.152
 20
145.46
 10
198.555
 20
145.46
 10
198.555
 20
142.36
 10
192.798
 20
142.36
 10
192.798
 20
145.46
 10
187.202
 20
145.46
 10
187.202
 20
142.36
 10
181.445
 20
142.36
 10
181.445
 20
145.46
 10
175.848
 20
145.46
 10
175.848
 20
142.36
 10
170.091
 20
142.36
 10
170.091
 20
145.46
 10
164.494
 20
145.46
 10
164.494
 20
142.36
 10
158.737
 20
142.36
 10
158.737
 20
145.46
 10
153.1
 20
145.46
 10
149.96
 20
145.46
 10
149.96
 20
148.507
 10
153.06
 20
148.507
 10
153.06
 20
151.393
 10
149.96
 20
151.393
 10
149.96
 20
154.44
  0
HATCH
  5
F5
330
17
100
AcDbEntity
  8
RASTER
 62
7
100
AcDbHatch
 10
0.0
 20
0.0
 30
0.0
210
0.0
220
0.0
230
1.0
  2
SOLID
 70
1
 71
0
 91
1
 92
3
 72
0
 73
1
 93
4
 10
154.1
 20
151.2
 10
225.9
 20
151.2
 10
225.9
 20
150.6
 10
154.1
 20
150.6
 97
0
 75
0
 76
1
 98
0
  0
HATCH
  5
F6
330
17
100
AcDbEntity
  8
RASTER
 62
7
100
AcDbHatch
 10
0.0
 20
0.0
 30
0.0
210
0.0
220
0.0
230
1.0
  2
SOLID
 70
1
 71
0
 91
1
 92
3
 72
0
 73
1
 93
4
 10
154.1
 20
147.7
 10
225.9
 20
147.7
 10
225.9
 20
147.1
 10
154.1
 20
147.1
 97
0
 75
0
 76
1
 98
0
  0
HATCH
  5
F7
330
17
100
AcDbEntity
  8
RASTER
 62
7
100
AcDbHatch
 10
0.0
 20
0.0
 30
0.0
210
0.0
220
0.0
230
1.0
  2
SOLID
 70
1
 71
0
 91
1
 92
3
 72
0
 73
1
 93
4
 10
168.0
 20
154.4
 10
172.0
 20
154.4
 10
172.0
 20
145.5
 10
168.0
 20
145.5
 97
0
 75
0
 76
1
 98
0
  0
HATCH
  5
F8
330
17
100
AcDbEntity
  8
RASTER
 62
7
100
AcDbHatch
 10
0.0
 20
0.0
 30
0.0
210
0.0
220
0.0
230
1.0
  2
SOLID
 70
1
 71
0
 91
1
 92
3
 72
0
 73
1
 93
48
 10
170.55
 20
152.62
 10
170.545
 20
152.548
 10
170.531
 20
152.478
 10
170.508
 20
152.41
 10
170.476
 20
152.345
 10
170.436
 20
152.285
 10
170.389
 20
152.231
 10
170.335
 20
152.184
 10
170.275
 20
152.144
 10
170.21
 20
152.112
 10
170.142
 20
152.089
 10
170.072
 20
152.075
 10
170.0
 20
152.07
 10
169.928
 20
152.075
 10
169.858
 20
152.089
 10
169.79
 20
152.112
 10
169.725
 20
152.144
 10
169.665
 20
152.184
 10
169.611
 20
152.231
 10
169.564
 20
152.285
 10
169.524
 20
152.345
 10
169.492
 20
152.41
 10
169.469
 20
152.478
 10
169.455
 20
152.548
 10
169.45
 20
152.62
 10
169.455
 20
152.692
 10
169.469
 20
152.762
 10
169.492
 20
152.83
 10
169.524
 20
152.895
 10
169.564
 20
152.955
 10
169.611
 20
153.009
 10
169.665
 20
153.056
 10
169.725
 20
153.096
 10
169.79
 20
153.128
 10
169.858
 20
153.151
 10
169.928
 20
153.165
 10
170.0
 20
153.17
 10
170.072
 20
153.165
 10
170.142
 20
153.151
 10
170.21
 20
153.128
 10
170.275
 20
153.096
 10
170.335
 20
153.056
 10
170.389
 20
153.009
 10
170.436
 20
152.955
 10
170.476
 20
152.895
 10
170.508
 20
152.83
 10
170.531
 20
152.762
 10
170.545
 20
152.692
 97
0
 75
0
 76
1
 98
0
  0
HATCH
  5
F9
330
17
100
AcDbEntity
  8
RASTER
 62
7
100
AcDbHatch
 10
0.0
 20
0.0
 30
0.0
210
0.0
220
0.0
230
1.0
  2
SOLID
 70
1
 71
0
 91
1
 92
3
 72
0
 73
1
 93
48
 10
170.55
 20
149.95
 10
170.545
 20
149.878
 10
170.531
 20
149.808
 10
170.508
 20
149.74
 10
170.476
 20
149.675
 10
170.436
 20
149.615
 10
170.389
 20
149.561
 10
170.335
 20
149.514
 10
170.275
 20
149.474
 10
170.21
 20
149.442
 10
170.142
 20
149.419
 10
170.072
 20
149.405
 10
170.0
 20
149.4
 10
169.928
 20
149.405
 10
169.858
 20
149.419
 10
169.79
 20
149.442
 10
169.725
 20
149.474
 10
169.665
 20
149.514
 10
169.611
 20
149.561
 10
169.564
 20
149.615
 10
169.524
 20
149.675
 10
169.492
 20
149.74
 10
169.469
 20
149.808
 10
169.455
 20
149.878
 10
169.45
 20
149.95
 10
169.455
 20
150.022
 10
169.469
 20
150.092
 10
169.492
 20
150.16
 10
169.524
 20
150.225
 10
169.564
 20
150.285
 10
169.611
 20
150.339
 10
169.665
 20
150.386
 10
169.725
 20
150.426
 10
169.79
 20
150.458
 10
169.858
 20
150.481
 10
169.928
 20
150.495
 10
170.0
 20
150.5
 10
170.072
 20
150.495
 10
170.142
 20
150.481
 10
170.21
 20
150.458
 10
170.275
 20
150.426
 10
170.335
 20
150.386
 10
170.389
 20
150.339
 10
170.436
 20
150.285
 10
170.476
 20
150.225
 10
170.508
 20
150.16
 10
170.531
 20
150.092
 10
170.545
 20
150.022
 97
0
 75
0
 76
1
 98
0
  0
HATCH
  5
FA
330
17
100
AcDbEntity
  8
RASTER
 62
7
100
AcDbHatch
 10
0.0
 20
0.0
 30
0.0
210
0.0
220
0.0
230
1.0
  2
SOLID
 70
1
 71
0
 91
1
 92
3
 72
0
 73
1
 93
48
 10
170.55
 20
147.28
 10
170.545
 20
147.208
 10
170.531
 20
147.138
 10
170.508
 20
147.07
 10
170.476
 20
147.005
 10
170.436
 20
146.945
 10
170.389
 20
146.891
 10
170.335
 20
146.844
 10
170.275
 20
146.804
 10
170.21
 20
146.772
 10
170.142
 20
146.749
 10
170.072
 20
146.735
 10
170.0
 20
146.73
 10
169.928
 20
146.735
 10
169.858
 20
146.749
 10
169.79
 20
146.772
 10
169.725
 20
146.804
 10
169.665
 20
146.844
 10
169.611
 20
146.891
 10
169.564
 20
146.945
 10
169.524
 20
147.005
 10
169.492
 20
147.07
 10
169.469
 20
147.138
 10
169.455
 20
147.208
 10
169.45
 20
147.28
 10
169.455
 20
147.352
 10
169.469
 20
147.422
 10
169.492
 20
147.49
 10
169.524
 20
147.555
 10
169.564
 20
147.615
 10
169.611
 20
147.669
 10
169.665
 20
147.716
 10
169.725
 20
147.756
 10
169.79
 20
147.788
 10
169.858
 20
147.811
 10
169.928
 20
147.825
 10
170.0
 20
147.83
 10
170.072
 20
147.825
 10
170.142
 20
147.811
 10
170.21
 20
147.788
 10
170.275
 20
147.756
 10
170.335
 20
147.716
 10
170.389
 20
147.669
 10
170.436
 20
147.615
 10
170.476
 20
147.555
 10
170.508
 20
147.49
 10
170.531
 20
147.422
 10
170.545
 20
147.352
 97
0
 75
0
 76
1
 98
0
  0
HATCH
  5
FB
330
17
100
AcDbEntity
  8
RASTER
 62
7
100
AcDbHatch
 10
0.0
 20
0.0
 30
0.0
210
0.0
220
0.0
230
1.0
  2
SOLID
 70
1
 71
0
 91
1
 92
3
 72
0
 73
1
 93
4
 10
208.0
 20
154.4
 10
212.0
 20
154.4
 10
212.0
 20
145.5
 10
208.0
 20
145.5
 97
0
 75
0
 76
1
 98
0
  0
HATCH
  5
FC
330
17
100
AcDbEntity
  8
RASTER
 62
7
100
AcDbHatch
 10
0.0
 20
0.0
 30
0.0
210
0.0
220
0.0
230
1.0
  2
SOLID
 70
1
 71
0
 91
1
 92
3
 72
0
 73
1
 93
48
 10
210.55
 20
152.62
 10
210.545
 20
152.548
 10
210.531
 20
152.478
 10
210.508
 20
152.41
 10
210.476
 20
152.345
 10
210.436
 20
152.285
 10
210.389
 20
152.231
 10
210.335
 20
152.184
 10
210.275
 20
152.144
 10
210.21
 20
152.112
 10
210.142
 20
152.089
 10
210.072
 20
152.075
 10
210.0
 20
152.07
 10
209.928
 20
152.075
 10
209.858
 20
152.089
 10
209.79
 20
152.112
 10
209.725
 20
152.144
 10
209.665
 20
152.184
 10
209.611
 20
152.231
 10
209.564
 20
152.285
 10
209.524
 20
152.345
 10
209.492
 20
152.41
 10
209.469
 20
152.478
 10
209.455
 20
152.548
 10
209.45
 20
152.62
 10
209.455
 20
152.692
 10
209.469
 20
152.762
 10
209.492
 20
152.83
 10
209.524
 20
152.895
 10
209.564
 20
152.955
 10
209.611
 20
153.009
 10
209.665
 20
153.056
 10
209.725
 20
153.096
 10
209.79
 20
153.128
 10
209.858
 20
153.151
 10
209.928
 20
153.165
 10
210.0
 20
153.17
 10
210.072
 20
153.165
 10
210.142
 20
153.151
 10
210.21
 20
153.128
 10
210.275
 20
153.096
 10
210.335
 20
153.056
 10
210.389
 20
153.009
 10
210.436
 20
152.955
 10
210.476
 20
152.895
 10
210.508
 20
152.83
 10
210.531
 20
152.762
 10
210.545
 20
152.692
 97
0
 75
0
 76
1
 98
0
  0
HATCH
  5
FD
330
17
100
AcDbEntity
  8
RASTER
 62
7
100
AcDbHatch
 10
0.0
 20
0.0
 30
0.0
210
0.0
220
0.0
230
1.0
  2
SOLID
 70
1
 71
0
 91
1
 92
3
 72
0
 73
1
 93
48
 10
210.55
 20
149.95
 10
210.545
 20
149.878
 10
210.531
 20
149.808
 10
210.508
 20
149.74
 10
210.476
 20
149.675
 10
210.436
 20
149.615
 10
210.389
 20
149.561
 10
210.335
 20
149.514
 10
210.275
 20
149.474
 10
210.21
 20
149.442
 10
210.142
 20
149.419
 10
210.072
 20
149.405
 10
210.0
 20
149.4
 10
209.928
 20
149.405
 10
209.858
 20
149.419
 10
209.79
 20
149.442
 10
209.725
 20
149.474
 10
209.665
 20
149.514
 10
209.611
 20
149.561
 10
209.564
 20
149.615
 10
209.524
 20
149.675
 10
209.492
 20
149.74
 10
209.469
 20
149.808
 10
209.455
 20
149.878
 10
209.45
 20
149.95
 10
209.455
 20
150.022
 10
209.469
 20
150.092
 10
209.492
 20
150.16
 10
209.524
 20
150.225
 10
209.564
 20
150.285
 10
209.611
 20
150.339
 10
209.665
 20
150.386
 10
209.725
 20
150.426
 10
209.79
 20
150.458
 10
209.858
 20
150.481
 10
209.928
 20
150.495
 10
210.0
 20
150.5
 10
210.072
 20
150.495
 10
210.142
 20
150.481
 10
210.21
 20
150.458
 10
210.275
 20
150.426
 10
210.335
 20
150.386
 10
210.389
 20
150.339
 10
210.436
 20
150.285
 10
210.476
 20
150.225
 10
210.508
 20
150.16
 10
210.531
 20
150.092
 10
210.545
 20
150.022
 97
0
 75
0
 76
1
 98
0
  0
HATCH
  5
FE
330
17
100
AcDbEntity
  8
RASTER
 62
7
100
AcDbHatch
 10
0.0
 20
0.0
 30
0.0
210
0.0
220
0.0
230
1.0
  2
SOLID
 70
1
 71
0
 91
1
 92
3
 72
0
 73
1
 93
48
 10
210.55
 20
147.28
 10
210.545
 20
147.208
 10
210.531
 20
147.138
 10
210.508
 20
147.07
 10
210.476
 20
147.005
 10
210.436
 20
146.945
 10
210.389
 20
146.891
 10
210.335
 20
146.844
 10
210.275
 20
146.804
 10
210.21
 20
146.772
 10
210.142
 20
146.749
 10
210.072
 20
146.735
 10
210.0
 20
146.73
 10
209.928
 20
146.735
 10
209.858
 20
146.749
 10
209.79
 20
146.772
 10
209.725
 20
146.804
 10
209.665
 20
146.844
 10
209.611
 20
146.891
 10
209.564
 20
146.945
 10
209.524
 20
147.005
 10
209.492
 20
147.07
 10
209.469
 20
147.138
 10
209.455
 20
147.208
 10
209.45
 20
147.28
 10
209.455
 20
147.352
 10
209.469
 20
147.422
 10
209.492
 20
147.49
 10
209.524
 20
147.555
 10
209.564
 20
147.615
 10
209.611
 20
147.669
 10
209.665
 20
147.716
 10
209.725
 20
147.756
 10
209.79
 20
147.788
 10
209.858
 20
147.811
 10
209.928
 20
147.825
 10
210.0
 20
147.83
 10
210.072
 20
147.825
 10
210.142
 20
147.811
 10
210.21
 20
147.788
 10
210.275
 20
147.756
 10
210.335
 20
147.716
 10
210.389
 20
147.669
 10
210.436
 20
147.615
 10
210.476
 20
147.555
 10
210.508
 20
147.49
 10
210.531
 20
147.422
 10
210.545
 20
147.352
 97
0
 75
0
 76
1
 98
0
  0
LWPOLYLINE
  5
FF
330
17
100
AcDbEntity
  8
CUT
100
AcDbPolyline
 90
68
 70
1
 10
3.96
 20
117.04
 10
7.1
 20
117.04
 10
21.86
 20
117.04
 10
21.85
 20
117.04
 10
21.85
 20
120.303
 10
21.957
 20
121.113
 10
22.27
 20
121.87
 10
22.769
 20
122.521
 10
23.42
 20
123.02
 10
24.177
 20
123.333
 10
24.987
 20
123.44
 10
33.493
 20
123.44
 10
34.303
 20
123.333
 10
35.06
 20
123.02
 10
35.711
 20
122.521
 10
36.21
 20
121.87
 10
36.523
 20
121.113
 10
36.63
 20
120.303
 10
36.63
 20
117.04
 10
36.62
 20
117.04
 10
51.38
 20
117.04
 10
51.37
 20
117.04
 10
51.37
 20
120.303
 10
51.477
 20
121.113
 10
51.79
 20
121.87
 10
52.289
 20
122.521
 10
52.94
 20
123.02
 10
53.697
 20
123.333
 10
54.507
 20
123.44
 10
63.013
 20
123.44
 10
63.823
 20
123.333
 10
64.58
 20
123.02
 10
65.231
 20
122.521
 10
65.73
 20
121.87
 10
66.043
 20
121.113
 10
66.15
 20
120.303
 10
66.15
 20
117.04
 10
66.14
 20
117.04
 10
80.9
 20
117.04
 10
84.04
 20
117.04
 10
84.04
 20
114.56
 10
80.9
 20
114.56
 10
75.263
 20
114.56
 10
75.263
 20
111.46
 10
69.506
 20
111.46
 10
69.506
 20
114.56
 10
63.909
 20
114.56
 10
63.909
 20
111.46
 10
58.152
 20
111.46
 10
58.152
 20
114.56
 10
52.555
 20
114.56
 10
52.555
 20
111.46
 10
46.798
 20
111.46
 10
46.798
 20
114.56
 10
41.202
 20
114.56
 10
41.202
 20
111.46
 10
35.445
 20
111.46
 10
35.445
 20
114.56
 10
29.848
 20
114.56
 10
29.848
 20
111.46
 10
24.091
 20
111.46
 10
24.091
 20
114.56
 10
18.494
 20
114.56
 10
18.494
 20
111.46
 10
12.737
 20
111.46
 10
12.737
 20
114.56
 10
7.1
 20
114.56
 10
3.96
 20
114.56
  0
LWPOLYLINE
  5
100
330
17
100
AcDbEntity
  8
CUT
100
AcDbPolyline
 90
16
 70
1
 10
91.06
 20
123.44
 10
111.94
 20
123.44
 10
111.94
 20
120.473
 10
115.04
 20
120.473
 10
115.04
 20
117.427
 10
111.94
 20
117.427
 10
111.94
 20
114.46
 10
105.007
 20
114.46
 10
105.007
 20
111.36
 10
97.993
 20
111.36
 10
97.993
 20
114.46
 10
91.06
 20
114.46
 10
91.06
 20
117.427
 10
87.96
 20
117.427
 10
87.96
 20
120.473
 10
91.06
 20
120.473
  0
HATCH
  5
101
330
17
100
AcDbEntity
  8
RASTER
 62
7
100
AcDbHatch
 10
0.0
 20
0.0
 30
0.0
210
0.0
220
0.0
230
1.0
  2
SOLID
 70
1
 71
0
 91
1
 92
3
 72
0
 73
1
 93
4
 10
92.1
 20
117.8
 10
110.9
 20
117.8
 10
110.9
 20
117.4
 10
92.1
 20
117.4
 97
0
 75
0
 76
1
 98
0
  0
LWPOLYLINE
  5
102
330
17
100
AcDbEntity
  8
CUT
100
AcDbPolyline
 90
16
 70
1
 10
122.06
 20
123.44
 10
142.94
 20
123.44
 10
142.94
 20
120.473
 10
146.04
 20
120.473
 10
146.04
 20
117.427
 10
142.94
 20
117.427
 10
142.94
 20
114.46
 10
136.007
 20
114.46
 10
136.007
 20
111.36
 10
128.993
 20
111.36
 10
128.993
 20
114.46
 10
122.06
 20
114.46
 10
122.06
 20
117.427
 10
118.96
 20
117.427
 10
118.96
 20
120.473
 10
122.06
 20
120.473
  0
HATCH
  5
103
330
17
100
AcDbEntity
  8
RASTER
 62
7
100
AcDbHatch
 10
0.0
 20
0.0
 30
0.0
210
0.0
220
0.0
230
1.0
  2
SOLID
 70
1
 71
0
 91
1
 92
3
 72
0
 73
1
 93
4
 10
123.1
 20
117.8
 10
141.9
 20
117.8
 10
141.9
 20
117.4
 10
123.1
 20
117.4
 97
0
 75
0
 76
1
 98
0
  0
LWPOLYLINE
  5
104
330
17
100
AcDbEntity
  8
CUT
100
AcDbPolyline
 90
68
 70
1
 10
149.96
 20
123.44
 10
153.1
 20
123.44
 10
158.817
 20
123.44
 10
158.817
 20
120.34
 10
164.414
 20
120.34
 10
164.414
 20
123.44
 10
170.171
 20
123.44
 10
170.171
 20
120.34
 10
175.768
 20
120.34
 10
175.768
 20
123.44
 10
181.525
 20
123.44
 10
181.525
 20
120.34
 10
187.122
 20
120.34
 10
187.122
 20
123.44
 10
192.878
 20
123.44
 10
192.878
 20
120.34
 10
198.475
 20
120.34
 10
198.475
 20
123.44
 10
204.232
 20
123.44
 10
204.232
 20
120.34
 10
209.829
 20
120.34
 10
209.829
 20
123.44
 10
215.586
 20
123.44
 10
215.586
 20
120.34
 10
221.183
 20
120.34
 10
221.183
 20
123.44
 10
226.9
 20
123.44
 10
230.04
 20
123.44
 10
230.04
 20
120.3
 10
230.04
 20
113.327
 10
226.94
 20
113.327
 10
226.94
 20
106.473
 10
230.04
 20
106.473
 10
230.04
 20
99.5
 10
230.04
 20
96.36
 10
226.9
 20
96.36
 10
221.183
 20
96.36
 10
221.183
 20
99.46
 10
215.586
 20
99.46
 10
215.586
 20
96.36
 10
209.829
 20
96.36
 10
209.829
 20
99.46
 10
204.232
 20
99.46
 10
204.232
 20
96.36
 10
198.475
 20
96.36
 10
198.475
 20
99.46
 10
192.878
 20
99.46
 10
192.878
 20
96.36
 10
187.122
 20
96.36
 10
187.122
 20
99.46
 10
181.525
 20
99.46
 10
181.525
 20
96.36
 10
175.768
 20
96.36
 10
175.768
 20
99.46
 10
170.171
 20
99.46
 10
170.171
 20
96.36
 10
164.414
 20
96.36
 10
164.414
 20
99.46
 10
158.817
 20
99.46
 10
158.817
 20
96.36
 10
153.1
 20
96.36
 10
149.96
 20
96.36
 10
149.96
 20
99.5
 10
149.96
 20
106.473
 10
153.06
 20
106.473
 10
153.06
 20
113.327
 10
149.96
 20
113.327
 10
149.96
 20
120.3
  0
HATCH
  5
105
330
17
100
AcDbEntity
  8
RASTER
 62
7
100
AcDbHatch
 10
0.0
 20
0.0
 30
0.0
210
0.0
220
0.0
230
1.0
  2
SOLID
 70
1
 71
0
 91
1
 92
3
 72
0
 73
1
 93
4
 10
154.1
 20
115.6
 10
225.9
 20
115.6
 10
225.9
 20
115.0
 10
154.1
 20
115.0
 97
0
 75
0
 76
1
 98
0
  0
HATCH
  5
106
330
17
100
AcDbEntity
  8
RASTER
 62
7
100
AcDbHatch
 10
0.0
 20
0.0
 30
0.0
210
0.0
220
0.0
230
1.0
  2
SOLID
 70
1
 71
0
 91
1
 92
3
 72
0
 73
1
 93
4
 10
154.1
 20
110.6
 10
225.9
 20
110.6
 10
225.9
 20
110.0
 10
154.1
 20
110.0
 97
0
 75
0
 76
1
 98
0
  0
HATCH
  5
107
330
17
100
AcDbEntity
  8
RASTER
 62
7
100
AcDbHatch
 10
0.0
 20
0.0
 30
0.0
210
0.0
220
0.0
230
1.0
  2
SOLID
 70
1
 71
0
 91
1
 92
3
 72
0
 73
1
 93
4
 10
154.1
 20
105.6
 10
225.9
 20
105.6
 10
225.9
 20
105.0
 10
154.1
 20
105.0
 97
0
 75
0
 76
1
 98
0
  0
HATCH
  5
108
330
17
100
AcDbEntity
  8
RASTER
 62
7
100
AcDbHatch
 10
0.0
 20
0.0
 30
0.0
210
0.0
220
0.0
230
1.0
  2
SOLID
 70
1
 71
0
 91
1
 92
3
 72
0
 73
1
 93
4
 10
168.0
 20
123.4
 10
172.0
 20
123.4
 10
172.0
 20
96.4
 10
168.0
 20
96.4
 97
0
 75
0
 76
1
 98
0
  0
HATCH
  5
109
330
17
100
AcDbEntity
  8
RASTER
 62
7
100
AcDbHatch
 10
0.0
 20
0.0
 30
0.0
210
0.0
220
0.0
230
1.0
  2
SOLID
 70
1
 71
0
 91
1
 92
3
 72
0
 73
1
 93
48
 10
170.55
 20
118.0
 10
170.545
 20
117.928
 10
170.531
 20
117.858
 10
170.508
 20
117.79
 10
170.476
 20
117.725
 10
170.436
 20
117.665
 10
170.389
 20
117.611
 10
170.335
 20
117.564
 10
170.275
 20
117.524
 10
170.21
 20
117.492
 10
170.142
 20
117.469
 10
170.072
 20
117.455
 10
170.0
 20
117.45
 10
169.928
 20
117.455
 10
169.858
 20
117.469
 10
169.79
 20
117.492
 10
169.725
 20
117.524
 10
169.665
 20
117.564
 10
169.611
 20
117.611
 10
169.564
 20
117.665
 10
169.524
 20
117.725
 10
169.492
 20
117.79
 10
169.469
 20
117.858
 10
169.455
 20
117.928
 10
169.45
 20
118.0
 10
169.455
 20
118.072
 10
169.469
 20
118.142
 10
169.492
 20
118.21
 10
169.524
 20
118.275
 10
169.564
 20
118.335
 10
169.611
 20
118.389
 10
169.665
 20
118.436
 10
169.725
 20
118.476
 10
169.79
 20
118.508
 10
169.858
 20
118.531
 10
169.928
 20
118.545
 10
170.0
 20
118.55
 10
170.072
 20
118.545
 10
170.142
 20
118.531
 10
170.21
 20
118.508
 10
170.275
 20
118.476
 10
170.335
 20
118.436
 10
170.389
 20
118.389
 10
170.436
 20
118.335
 10
170.476
 20
118.275
 10
170.508
 20
118.21
 10
170.531
 20
118.142
 10
170.545
 20
118.072
 97
0
 75
0
 76
1
 98
0
  0
HATCH
  5
10A
330
17
100
AcDbEntity
  8
RASTER
 62
7
100
AcDbHatch
 10
0.0
 20
0.0
 30
0.0
210
0.0
220
0.0
230
1.0
  2
SOLID
 70
1
 71
0
 91
1
 92
3
 72
0
 73
1
 93
48
 10
170.55
 20
109.9
 10
170.545
 20
109.828
 10
170.531
 20
109.758
 10
170.508
 20
109.69
 10
170.476
 20
109.625
 10
170.436
 20
109.565
 10
170.389
 20
109.511
 10
170.335
 20
109.464
 10
170.275
 20
109.424
 10
170.21
 20
109.392
 10
170.142
 20
109.369
 10
170.072
 20
109.355
 10
170.0
 20
109.35
 10
169.928
 20
109.355
 10
169.858
 20
109.369
 10
169.79
 20
109.392
 10
169.725
 20
109.424
 10
169.665
 20
109.464
 10
169.611
 20
109.511
 10
169.564
 20
109.565
 10
169.524
 20
109.625
 10
169.492
 20
109.69
 10
169.469
 20
109.758
 10
169.455
 20
109.828
 10
169.45
 20
109.9
 10
169.455
 20
109.972
 10
169.469
 20
110.042
 10
169.492
 20
110.11
 10
169.524
 20
110.175
 10
169.564
 20
110.235
 10
169.611
 20
110.289
 10
169.665
 20
110.336
 10
169.725
 20
110.376
 10
169.79
 20
110.408
 10
169.858
 20
110.431
 10
169.928
 20
110.445
 10
170.0
 20
110.45
 10
170.072
 20
110.445
 10
170.142
 20
110.431
 10
170.21
 20
110.408
 10
170.275
 20
110.376
 10
170.335
 20
110.336
 10
170.389
 20
110.289
 10
170.436
 20
110.235
 10
170.476
 20
110.175
 10
170.508
 20
110.11
 10
170.531
 20
110.042
 10
170.545
 20
109.972
 97
0
 75
0
 76
1
 98
0
  0
HATCH
  5
10B
330
17
100
AcDbEntity
  8
RASTER
 62
7
100
AcDbHatch
 10
0.0
 20
0.0
 30
0.0
210
0.0
220
0.0
230
1.0
  2
SOLID
 70
1
 71
0
 91
1
 92
3
 72
0
 73
1
 93
48
 10
170.55
 20
101.8
 10
170.545
 20
101.728
 10
170.531
 20
101.658
 10
170.508
 20
101.59
 10
170.476
 20
101.525
 10
170.436
 20
101.465
 10
170.389
 20
101.411
 10
170.335
 20
101.364
 10
170.275
 20
101.324
 10
170.21
 20
101.292
 10
170.142
 20
101.269
 10
170.072
 20
101.255
 10
170.0
 20
101.25
 10
169.928
 20
101.255
 10
169.858
 20
101.269
 10
169.79
 20
101.292
 10
169.725
 20
101.324
 10
169.665
 20
101.364
 10
169.611
 20
101.411
 10
169.564
 20
101.465
 10
169.524
 20
101.525
 10
169.492
 20
101.59
 10
169.469
 20
101.658
 10
169.455
 20
101.728
 10
169.45
 20
101.8
 10
169.455
 20
101.872
 10
169.469
 20
101.942
 10
169.492
 20
102.01
 10
169.524
 20
102.075
 10
169.564
 20
102.135
 10
169.611
 20
102.189
 10
169.665
 20
102.236
 10
169.725
 20
102.276
 10
169.79
 20
102.308
 10
169.858
 20
102.331
 10
169.928
 20
102.345
 10
170.0
 20
102.35
 10
170.072
 20
102.345
 10
170.142
 20
102.331
 10
170.21
 20
102.308
 10
170.275
 20
102.276
 10
170.335
 20
102.236
 10
170.389
 20
102.189
 10
170.436
 20
102.135
 10
170.476
 20
102.075
 10
170.508
 20
102.01
 10
170.531
 20
101.942
 10
170.545
 20
101.872
 97
0
 75
0
 76
1
 98
0
  0
HATCH
  5
10C
330
17
100
AcDbEntity
  8
RASTER
 62
7
100
AcDbHatch
 10
0.0
 20
0.0
 30
0.0
210
0.0
220
0.0
230
1.0
  2
SOLID
 70
1
 71
0
 91
1
 92
3
 72
0
 73
1
 93
4
 10
208.0
 20
123.4
 10
212.0
 20
123.4
 10
212.0
 20
96.4
 10
208.0
 20
96.4
 97
0
 75
0
 76
1
 98
0
  0
HATCH
  5
10D
330
17
100
AcDbEntity
  8
RASTER
 62
7
100
AcDbHatch
 10
0.0
 20
0.0
 30
0.0
210
0.0
220
0.0
230
1.0
  2
SOLID
 70
1
 71
0
 91
1
 92
3
 72
0
 73
1
 93
48
 10
210.55
 20
118.0
 10
210.545
 20
117.928
 10
210.531
 20
117.858
 10
210.508
 20
117.79
 10
210.476
 20
117.725
 10
210.436
 20
117.665
 10
210.389
 20
117.611
 10
210.335
 20
117.564
 10
210.275
 20
117.524
 10
210.21
 20
117.492
 10
210.142
 20
117.469
 10
210.072
 20
117.455
 10
210.0
 20
117.45
 10
209.928
 20
117.455
 10
209.858
 20
117.469
 10
209.79
 20
117.492
 10
209.725
 20
117.524
 10
209.665
 20
117.564
 10
209.611
 20
117.611
 10
209.564
 20
117.665
 10
209.524
 20
117.725
 10
209.492
 20
117.79
 10
209.469
 20
117.858
 10
209.455
 20
117.928
 10
209.45
 20
118.0
 10
209.455
 20
118.072
 10
209.469
 20
118.142
 10
209.492
 20
118.21
 10
209.524
 20
118.275
 10
209.564
 20
118.335
 10
209.611
 20
118.389
 10
209.665
 20
118.436
 10
209.725
 20
118.476
 10
209.79
 20
118.508
 10
209.858
 20
118.531
 10
209.928
 20
118.545
 10
210.0
 20
118.55
 10
210.072
 20
118.545
 10
210.142
 20
118.531
 10
210.21
 20
118.508
 10
210.275
 20
118.476
 10
210.335
 20
118.436
 10
210.389
 20
118.389
 10
210.436
 20
118.335
 10
210.476
 20
118.275
 10
210.508
 20
118.21
 10
210.531
 20
118.142
 10
210.545
 20
118.072
 97
0
 75
0
 76
1
 98
0
  0
HATCH
  5
10E
330
17
100
AcDbEntity
  8
RASTER
 62
7
100
AcDbHatch
 10
0.0
 20
0.0
 30
0.0
210
0.0
220
0.0
230
1.0
  2
SOLID
 70
1
 71
0
 91
1
 92
3
 72
0
 73
1
 93
48
 10
210.55
 20
109.9
 10
210.545
 20
109.828
 10
210.531
 20
109.758
 10
210.508
 20
109.69
 10
210.476
 20
109.625
 10
210.436
 20
109.565
 10
210.389
 20
109.511
 10
210.335
 20
109.464
 10
210.275
 20
109.424
 10
210.21
 20
109.392
 10
210.142
 20
109.369
 10
210.072
 20
109.355
 10
210.0
 20
109.35
 10
209.928
 20
109.355
 10
209.858
 20
109.369
 10
209.79
 20
109.392
 10
209.725
 20
109.424
 10
209.665
 20
109.464
 10
209.611
 20
109.511
 10
209.564
 20
109.565
 10
209.524
 20
109.625
 10
209.492
 20
109.69
 10
209.469
 20
109.758
 10
209.455
 20
109.828
 10
209.45
 20
109.9
 10
209.455
 20
109.972
 10
209.469
 20
110.042
 10
209.492
 20
110.11
 10
209.524
 20
110.175
 10
209.564
 20
110.235
 10
209.611
 20
110.289
 10
209.665
 20
110.336
 10
209.725
 20
110.376
 10
209.79
 20
110.408
 10
209.858
 20
110.431
 10
209.928
 20
110.445
 10
210.0
 20
110.45
 10
210.072
 20
110.445
 10
210.142
 20
110.431
 10
210.21
 20
110.408
 10
210.275
 20
110.376
 10
210.335
 20
110.336
 10
210.389
 20
110.289
 10
210.436
 20
110.235
 10
210.476
 20
110.175
 10
210.508
 20
110.11
 10
210.531
 20
110.042
 10
210.545
 20
109.972
 97
0
 75
0
 76
1
 98
0
  0
HATCH
  5
10F
330
17
100
AcDbEntity
  8
RASTER
 62
7
100
AcDbHatch
 10
0.0
 20
0.0
 30
0.0
210
0.0
220
0.0
230
1.0
  2
SOLID
 70
1
 71
0
 91
1
 92
3
 72
0
 73
1
 93
48
 10
210.55
 20
101.8
 10
210.545
 20
101.728
 10
210.531
 20
101.658
 10
210.508
 20
101.59
 10
210.476
 20
101.525
 10
210.436
 20
101.465
 10
210.389
 20
101.411
 10
210.335
 20
101.364
 10
210.275
 20
101.324
 10
210.21
 20
101.292
 10
210.142
 20
101.269
 10
210.072
 20
101.255
 10
210.0
 20
101.25
 10
209.928
 20
101.255
 10
209.858
 20
101.269
 10
209.79
 20
101.292
 10
209.725
 20
101.324
 10
209.665
 20
101.364
 10
209.611
 20
101.411
 10
209.564
 20
101.465
 10
209.524
 20
101.525
 10
209.492
 20
101.59
 10
209.469
 20
101.658
 10
209.455
 20
101.728
 10
209.45
 20
101.8
 10
209.455
 20
101.872
 10
209.469
 20
101.942
 10
209.492
 20
102.01
 10
209.524
 20
102.075
 10
209.564
 20
102.135
 10
209.611
 20
102.189
 10
209.665
 20
102.236
 10
209.725
 20
102.276
 10
209.79
 20
102.308
 10
209.858
 20
102.331
 10
209.928
 20
102.345
 10
210.0
 20
102.35
 10
210.072
 20
102.345
 10
210.142
 20
102.331
 10
210.21
 20
102.308
 10
210.275
 20
102.276
 10
210.335
 20
102.236
 10
210.389
 20
102.189
 10
210.436
 20
102.135
 10
210.476
 20
102.075
 10
210.508
 20
102.01
 10
210.531
 20
101.942
 10
210.545
 20
101.872
 97
0
 75
0
 76
1
 98
0
  0
LWPOLYLINE
  5
110
330
17
100
AcDbEntity
  8
CUT
100
AcDbPolyline
 90
52
 70
1
 10
233.96
 20
123.001
 10
233.963
 20
123.068
 10
233.972
 20
123.13
 10
233.987
 20
123.188
 10
234.009
 20
123.24
 10
234.037
 20
123.287
 10
234.072
 20
123.328
 10
234.113
 20
123.363
 10
234.16
 20
123.391
 10
234.212
 20
123.413
 10
234.27
 20
123.428
 10
234.332
 20
123.437
 10
234.399
 20
123.44
 10
246.081
 20
123.44
 10
246.148
 20
123.437
 10
246.21
 20
123.428
 10
246.268
 20
123.413
 10
246.32
 20
123.391
 10
246.367
 20
123.363
 10
246.408
 20
123.328
 10
246.443
 20
123.287
 10
246.471
 20
123.24
 10
246.493
 20
123.188
 10
246.508
 20
123.13
 10
246.517
 20
123.068
 10
246.52
 20
123.001
 10
246.52
 20
120.799
 10
246.517
 20
120.732
 10
246.508
 20
120.67
 10
246.493
 20
120.612
 10
246.471
 20
120.56
 10
246.443
 20
120.513
 10
246.408
 20
120.472
 10
246.367
 20
120.437
 10
246.32
 20
120.409
 10
246.268
 20
120.387
 10
246.21
 20
120.372
 10
246.148
 20
120.363
 10
246.081
 20
120.36
 10
234.399
 20
120.36
 10
234.332
 20
120.363
 10
234.27
 20
120.372
 10
234.212
 20
120.387
 10
234.16
 20
120.409
 10
234.113
 20
120.437
 10
234.072
 20
120.472
 10
234.037
 20
120.513
 10
234.009
 20
120.56
 10
233.987
 20
120.612
 10
233.972
 20
120.67
 10
233.963
 20
120.732
 10
233.96
 20
120.799
  0
LWPOLYLINE
  5
111
330
17
100
AcDbEntity
  8
CUT
100
AcDbPolyline
 90
52
 70
1
 10
250.44
 20
123.001
 10
250.443
 20
123.068
 10
250.452
 20
123.13
 10
250.467
 20
123.188
 10
250.489
 20
123.24
 10
250.517
 20
123.287
 10
250.552
 20
123.328
 10
250.593
 20
123.363
 10
250.64
 20
123.391
 10
250.692
 20
123.413
 10
250.75
 20
123.428
 10
250.812
 20
123.437
 10
250.879
 20
123.44
 10
262.561
 20
123.44
 10
262.628
 20
123.437
 10
262.69
 20
123.428
 10
262.748
 20
123.413
 10
262.8
 20
123.391
 10
262.847
 20
123.363
 10
262.888
 20
123.328
 10
262.923
 20
123.287
 10
262.951
 20
123.24
 10
262.973
 20
123.188
 10
262.988
 20
123.13
 10
262.997
 20
123.068
 10
263.0
 20
123.001
 10
263.0
 20
120.799
 10
262.997
 20
120.732
 10
262.988
 20
120.67
 10
262.973
 20
120.612
 10
262.951
 20
120.56
 10
262.923
 20
120.513
 10
262.888
 20
120.472
 10
262.847
 20
120.437
 10
262.8
 20
120.409
 10
262.748
 20
120.387
 10
262.69
 20
120.372
 10
262.628
 20
120.363
 10
262.561
 20
120.36
 10
250.879
 20
120.36
 10
250.812
 20
120.363
 10
250.75
 20
120.372
 10
250.692
 20
120.387
 10
250.64
 20
120.409
 10
250.593
 20
120.437
 10
250.552
 20
120.472
 10
250.517
 20
120.513
 10
250.489
 20
120.56
 10
250.467
 20
120.612
 10
250.452
 20
120.67
 10
250.443
 20
120.732
 10
250.44
 20
120.799
  0
LWPOLYLINE
  5
112
330
17
100
AcDbEntity
  8
CUT
100
AcDbPolyline
 90
40
 70
1
 10
7.1
 20
92.44
 10
80.9
 20
92.44
 10
84.04
 20
92.44
 10
84.04
 20
86.727
 10
80.94
 20
86.727
 10
80.94
 20
81.173
 10
84.04
 20
81.173
 10
84.04
 20
75.46
 10
80.9
 20
75.46
 10
75.263
 20
75.46
 10
75.263
 20
72.36
 10
69.506
 20
72.36
 10
69.506
 20
75.46
 10
63.909
 20
75.46
 10
63.909
 20
72.36
 10
58.152
 20
72.36
 10
58.152
 20
75.46
 10
52.555
 20
75.46
 10
52.555
 20
72.36
 10
46.798
 20
72.36
 10
46.798
 20
75.46
 10
41.202
 20
75.46
 10
41.202
 20
72.36
 10
35.445
 20
72.36
 10
35.445
 20
75.46
 10
29.848
 20
75.46
 10
29.848
 20
72.36
 10
24.091
 20
72.36
 10
24.091
 20
75.46
 10
18.494
 20
75.46
 10
18.494
 20
72.36
 10
12.737
 20
72.36
 10
12.737
 20
75.46
 10
7.1
 20
75.46
 10
3.96
 20
75.46
 10
3.96
 20
81.173
 10
7.06
 20
81.173
 10
7.06
 20
86.727
 10
3.96
 20
86.727
 10
3.96
 20
92.44
  0
HATCH
  5
113
330
17
100
AcDbEntity
  8
RASTER
 62
7
100
AcDbHatch
 10
0.0
 20
0.0
 30
0.0
210
0.0
220
0.0
230
1.0
  2
SOLID
 70
1
 71
0
 91
1
 92
3
 72
0
 73
1
 93
4
 10
8.1
 20
88.5
 10
79.9
 20
88.5
 10
79.9
 20
87.9
 10
8.1
 20
87.9
 97
0
 75
0
 76
1
 98
0
  0
HATCH
  5
114
330
17
100
AcDbEntity
  8
RASTER
 62
7
100
AcDbHatch
 10
0.0
 20
0.0
 30
0.0
210
0.0
220
0.0
230
1.0
  2
SOLID
 70
1
 71
0
 91
1
 92
3
 72
0
 73
1
 93
4
 10
8.1
 20
84.3
 10
79.9
 20
84.3
 10
79.9
 20
83.7
 10
8.1
 20
83.7
 97
0
 75
0
 76
1
 98
0
  0
HATCH
  5
115
330
17
100
AcDbEntity
  8
RASTER
 62
7
100
AcDbHatch
 10
0.0
 20
0.0
 30
0.0
210
0.0
220
0.0
230
1.0
  2
SOLID
 70
1
 71
0
 91
1
 92
3
 72
0
 73
1
 93
4
 10
8.1
 20
80.1
 10
79.9
 20
80.1
 10
79.9
 20
79.5
 10
8.1
 20
79.5
 97
0
 75
0
 76
1
 98
0
  0
HATCH
  5
116
330
17
100
AcDbEntity
  8
RASTER
 62
7
100
AcDbHatch
 10
0.0
 20
0.0
 30
0.0
210
0.0
220
0.0
230
1.0
  2
SOLID
 70
1
 71
0
 91
1
 92
3
 72
0
 73
1
 93
4
 10
22.0
 20
92.4
 10
26.0
 20
92.4
 10
26.0
 20
75.5
 10
22.0
 20
75.5
 97
0
 75
0
 76
1
 98
0
  0
HATCH
  5
117
330
17
100
AcDbEntity
  8
RASTER
 62
7
100
AcDbHatch
 10
0.0
 20
0.0
 30
0.0
210
0.0
220
0.0
230
1.0
  2
SOLID
 70
1
 71
0
 91
1
 92
3
 72
0
 73
1
 93
48
 10
24.55
 20
89.02
 10
24.545
 20
88.948
 10
24.531
 20
88.878
 10
24.508
 20
88.81
 10
24.476
 20
88.745
 10
24.436
 20
88.685
 10
24.389
 20
88.631
 10
24.335
 20
88.584
 10
24.275
 20
88.544
 10
24.21
 20
88.512
 10
24.142
 20
88.489
 10
24.072
 20
88.475
 10
24.0
 20
88.47
 10
23.928
 20
88.475
 10
23.858
 20
88.489
 10
23.79
 20
88.512
 10
23.725
 20
88.544
 10
23.665
 20
88.584
 10
23.611
 20
88.631
 10
23.564
 20
88.685
 10
23.524
 20
88.745
 10
23.492
 20
88.81
 10
23.469
 20
88.878
 10
23.455
 20
88.948
 10
23.45
 20
89.02
 10
23.455
 20
89.092
 10
23.469
 20
89.162
 10
23.492
 20
89.23
 10
23.524
 20
89.295
 10
23.564
 20
89.355
 10
23.611
 20
89.409
 10
23.665
 20
89.456
 10
23.725
 20
89.496
 10
23.79
 20
89.528
 10
23.858
 20
89.551
 10
23.928
 20
89.565
 10
24.0
 20
89.57
 10
24.072
 20
89.565
 10
24.142
 20
89.551
 10
24.21
 20
89.528
 10
24.275
 20
89.496
 10
24.335
 20
89.456
 10
24.389
 20
89.409
 10
24.436
 20
89.355
 10
24.476
 20
89.295
 10
24.508
 20
89.23
 10
24.531
 20
89.162
 10
24.545
 20
89.092
 97
0
 75
0
 76
1
 98
0
  0
HATCH
  5
118
330
17
100
AcDbEntity
  8
RASTER
 62
7
100
AcDbHatch
 10
0.0
 20
0.0
 30
0.0
210
0.0
220
0.0
230
1.0
  2
SOLID
 70
1
 71
0
 91
1
 92
3
 72
0
 73
1
 93
48
 10
24.55
 20
83.95
 10
24.545
 20
83.878
 10
24.531
 20
83.808
 10
24.508
 20
83.74
 10
24.476
 20
83.675
 10
24.436
 20
83.615
 10
24.389
 20
83.561
 10
24.335
 20
83.514
 10
24.275
 20
83.474
 10
24.21
 20
83.442
 10
24.142
 20
83.419
 10
24.072
 20
83.405
 10
24.0
 20
83.4
 10
23.928
 20
83.405
 10
23.858
 20
83.419
 10
23.79
 20
83.442
 10
23.725
 20
83.474
 10
23.665
 20
83.514
 10
23.611
 20
83.561
 10
23.564
 20
83.615
 10
23.524
 20
83.675
 10
23.492
 20
83.74
 10
23.469
 20
83.808
 10
23.455
 20
83.878
 10
23.45
 20
83.95
 10
23.455
 20
84.022
 10
23.469
 20
84.092
 10
23.492
 20
84.16
 10
23.524
 20
84.225
 10
23.564
 20
84.285
 10
23.611
 20
84.339
 10
23.665
 20
84.386
 10
23.725
 20
84.426
 10
23.79
 20
84.458
 10
23.858
 20
84.481
 10
23.928
 20
84.495
 10
24.0
 20
84.5
 10
24.072
 20
84.495
 10
24.142
 20
84.481
 10
24.21
 20
84.458
 10
24.275
 20
84.426
 10
24.335
 20
84.386
 10
24.389
 20
84.339
 10
24.436
 20
84.285
 10
24.476
 20
84.225
 10
24.508
 20
84.16
 10
24.531
 20
84.092
 10
24.545
 20
84.022
 97
0
 75
0
 76
1
 98
0
  0
HATCH
  5
119
330
17
100
AcDbEntity
  8
RASTER
 62
7
100
AcDbHatch
 10
0.0
 20
0.0
 30
0.0
210
0.0
220
0.0
230
1.0
  2
SOLID
 70
1
 71
0
 91
1
 92
3
 72
0
 73
1
 93
48
 10
24.55
 20
78.88
 10
24.545
 20
78.808
 10
24.531
 20
78.738
 10
24.508
 20
78.67
 10
24.476
 20
78.605
 10
24.436
 20
78.545
 10
24.389
 20
78.491
 10
24.335
 20
78.444
 10
24.275
 20
78.404
 10
24.21
 20
78.372
 10
24.142
 20
78.349
 10
24.072
 20
78.335
 10
24.0
 20
78.33
 10
23.928
 20
78.335
 10
23.858
 20
78.349
 10
23.79
 20
78.372
 10
23.725
 20
78.404
 10
23.665
 20
78.444
 10
23.611
 20
78.491
 10
23.564
 20
78.545
 10
23.524
 20
78.605
 10
23.492
 20
78.67
 10
23.469
 20
78.738
 10
23.455
 20
78.808
 10
23.45
 20
78.88
 10
23.455
 20
78.952
 10
23.469
 20
79.022
 10
23.492
 20
79.09
 10
23.524
 20
79.155
 10
23.564
 20
79.215
 10
23.611
 20
79.269
 10
23.665
 20
79.316
 10
23.725
 20
79.356
 10
23.79
 20
79.388
 10
23.858
 20
79.411
 10
23.928
 20
79.425
 10
24.0
 20
79.43
 10
24.072
 20
79.425
 10
24.142
 20
79.411
 10
24.21
 20
79.388
 10
24.275
 20
79.356
 10
24.335
 20
79.316
 10
24.389
 20
79.269
 10
24.436
 20
79.215
 10
24.476
 20
79.155
 10
24.508
 20
79.09
 10
24.531
 20
79.022
 10
24.545
 20
78.952
 97
0
 75
0
 76
1
 98
0
  0
HATCH
  5
11A
330
17
100
AcDbEntity
  8
RASTER
 62
7
100
AcDbHatch
 10
0.0
 20
0.0
 30
0.0
210
0.0
220
0.0
230
1.0
  2
SOLID
 70
1
 71
0
 91
1
 92
3
 72
0
 73
1
 93
4
 10
62.0
 20
92.4
 10
66.0
 20
92.4
 10
66.0
 20
75.5
 10
62.0
 20
75.5
 97
0
 75
0
 76
1
 98
0
  0
HATCH
  5
11B
330
17
100
AcDbEntity
  8
RASTER
 62
7
100
AcDbHatch
 10
0.0
 20
0.0
 30
0.0
210
0.0
220
0.0
230
1.0
  2
SOLID
 70
1
 71
0
 91
1
 92
3
 72
0
 73
1
 93
48
 10
64.55
 20
89.02
 10
64.545
 20
88.948
 10
64.531
 20
88.878
 10
64.508
 20
88.81
 10
64.476
 20
88.745
 10
64.436
 20
88.685
 10
64.389
 20
88.631
 10
64.335
 20
88.584
 10
64.275
 20
88.544
 10
64.21
 20
88.512
 10
64.142
 20
88.489
 10
64.072
 20
88.475
 10
64.0
 20
88.47
 10
63.928
 20
88.475
 10
63.858
 20
88.489
 10
63.79
 20
88.512
 10
63.725
 20
88.544
 10
63.665
 20
88.584
 10
63.611
 20
88.631
 10
63.564
 20
88.685
 10
63.524
 20
88.745
 10
63.492
 20
88.81
 10
63.469
 20
88.878
 10
63.455
 20
88.948
 10
63.45
 20
89.02
 10
63.455
 20
89.092
 10
63.469
 20
89.162
 10
63.492
 20
89.23
 10
63.524
 20
89.295
 10
63.564
 20
89.355
 10
63.611
 20
89.409
 10
63.665
 20
89.456
 10
63.725
 20
89.496
 10
63.79
 20
89.528
 10
63.858
 20
89.551
 10
63.928
 20
89.565
 10
64.0
 20
89.57
 10
64.072
 20
89.565
 10
64.142
 20
89.551
 10
64.21
 20
89.528
 10
64.275
 20
89.496
 10
64.335
 20
89.456
 10
64.389
 20
89.409
 10
64.436
 20
89.355
 10
64.476
 20
89.295
 10
64.508
 20
89.23
 10
64.531
 20
89.162
 10
64.545
 20
89.092
 97
0
 75
0
 76
1
 98
0
  0
HATCH
  5
11C
330
17
100
AcDbEntity
  8
RASTER
 62
7
100
AcDbHatch
 10
0.0
 20
0.0
 30
0.0
210
0.0
220
0.0
230
1.0
  2
SOLID
 70
1
 71
0
 91
1
 92
3
 72
0
 73
1
 93
48
 10
64.55
 20
83.95
 10
64.545
 20
83.878
 10
64.531
 20
83.808
 10
64.508
 20
83.74
 10
64.476
 20
83.675
 10
64.436
 20
83.615
 10
64.389
 20
83.561
 10
64.335
 20
83.514
 10
64.275
 20
83.474
 10
64.21
 20
83.442
 10
64.142
 20
83.419
 10
64.072
 20
83.405
 10
64.0
 20
83.4
 10
63.928
 20
83.405
 10
63.858
 20
83.419
 10
63.79
 20
83.442
 10
63.725
 20
83.474
 10
63.665
 20
83.514
 10
63.611
 20
83.561
 10
63.564
 20
83.615
 10
63.524
 20
83.675
 10
63.492
 20
83.74
 10
63.469
 20
83.808
 10
63.455
 20
83.878
 10
63.45
 20
83.95
 10
63.455
 20
84.022
 10
63.469
 20
84.092
 10
63.492
 20
84.16
 10
63.524
 20
84.225
 10
63.564
 20
84.285
 10
63.611
 20
84.339
 10
63.665
 20
84.386
 10
63.725
 20
84.426
 10
63.79
 20
84.458
 10
63.858
 20
84.481
 10
63.928
 20
84.495
 10
64.0
 20
84.5
 10
64.072
 20
84.495
 10
64.142
 20
84.481
 10
64.21
 20
84.458
 10
64.275
 20
84.426
 10
64.335
 20
84.386
 10
64.389
 20
84.339
 10
64.436
 20
84.285
 10
64.476
 20
84.225
 10
64.508
 20
84.16
 10
64.531
 20
84.092
 10
64.545
 20
84.022
 97
0
 75
0
 76
1
 98
0
  0
HATCH
  5
11D
330
17
100
AcDbEntity
  8
RASTER
 62
7
100
AcDbHatch
 10
0.0
 20
0.0
 30
0.0
210
0.0
220
0.0
230
1.0
  2
SOLID
 70
1
 71
0
 91
1
 92
3
 72
0
 73
1
 93
48
 10
64.55
 20
78.88
 10
64.545
 20
78.808
 10
64.531
 20
78.738
 10
64.508
 20
78.67
 10
64.476
 20
78.605
 10
64.436
 20
78.545
 10
64.389
 20
78.491
 10
64.335
 20
78.444
 10
64.275
 20
78.404
 10
64.21
 20
78.372
 10
64.142
 20
78.349
 10
64.072
 20
78.335
 10
64.0
 20
78.33
 10
63.928
 20
78.335
 10
63.858
 20
78.349
 10
63.79
 20
78.372
 10
63.725
 20
78.404
 10
63.665
 20
78.444
 10
63.611
 20
78.491
 10
63.564
 20
78.545
 10
63.524
 20
78.605
 10
63.492
 20
78.67
 10
63.469
 20
78.738
 10
63.455
 20
78.808
 10
63.45
 20
78.88
 10
63.455
 20
78.952
 10
63.469
 20
79.022
 10
63.492
 20
79.09
 10
63.524
 20
79.155
 10
63.564
 20
79.215
 10
63.611
 20
79.269
 10
63.665
 20
79.316
 10
63.725
 20
79.356
 10
63.79
 20
79.388
 10
63.858
 20
79.411
 10
63.928
 20
79.425
 10
64.0
 20
79.43
 10
64.072
 20
79.425
 10
64.142
 20
79.411
 10
64.21
 20
79.388
 10
64.275
 20
79.356
 10
64.335
 20
79.316
 10
64.389
 20
79.269
 10
64.436
 20
79.215
 10
64.476
 20
79.155
 10
64.508
 20
79.09
 10
64.531
 20
79.022
 10
64.545
 20
78.952
 97
0
 75
0
 76
1
 98
0
  0
HATCH
  5
11E
330
17
100
AcDbEntity
  8
RASTER
 62
7
100
AcDbHatch
 10
0.0
 20
0.0
 30
0.0
210
0.0
220
0.0
230
1.0
  2
SOLID
 70
1
 71
0
 91
3
 92
3
 72
0
 73
1
 93
36
 10
40.0
 20
86.75
 10
40.019
 20
87.031
 10
40.075
 20
87.275
 10
40.169
 20
87.481
 10
40.3
 20
87.65
 10
40.469
 20
87.781
 10
40.675
 20
87.875
 10
40.919
 20
87.931
 10
41.2
 20
87.95
 10
46.8
 20
87.95
 10
47.081
 20
87.931
 10
47.325
 20
87.875
 10
47.531
 20
87.781
 10
47.7
 20
87.65
 10
47.831
 20
87.481
 10
47.925
 20
87.275
 10
47.981
 20
87.031
 10
48.0
 20
86.75
 10
48.0
 20
81.15
 10
47.981
 20
80.869
 10
47.925
 20
80.625
 10
47.831
 20
80.419
 10
47.7
 20
80.25
 10
47.531
 20
80.119
 10
47.325
 20
80.025
 10
47.081
 20
79.969
 10
46.8
 20
79.95
 10
41.2
 20
79.95
 10
40.919
 20
79.969
 10
40.675
 20
80.025
 10
40.469
 20
80.119
 10
40.3
 20
80.25
 10
40.169
 20
80.419
 10
40.075
 20
80.625
 10
40.019
 20
80.869
 10
40.0
 20
81.15
 97
0
 92
3
 72
0
 73
1
 93
48
 10
45.1
 20
84.95
 10
45.091
 20
84.806
 10
45.063
 20
84.665
 10
45.016
 20
84.529
 10
44.953
 20
84.4
 10
44.873
 20
84.28
 10
44.778
 20
84.172
 10
44.67
 20
84.077
 10
44.55
 20
83.997
 10
44.421
 20
83.934
 10
44.285
 20
83.887
 10
44.144
 20
83.859
 10
44.0
 20
83.85
 10
43.856
 20
83.859
 10
43.715
 20
83.887
 10
43.579
 20
83.934
 10
43.45
 20
83.997
 10
43.33
 20
84.077
 10
43.222
 20
84.172
 10
43.127
 20
84.28
 10
43.047
 20
84.4
 10
42.984
 20
84.529
 10
42.937
 20
84.665
 10
42.909
 20
84.806
 10
42.9
 20
84.95
 10
42.909
 20
85.094
 10
42.937
 20
85.235
 10
42.984
 20
85.371
 10
43.047
 20
85.5
 10
43.127
 20
85.62
 10
43.222
 20
85.728
 10
43.33
 20
85.823
 10
43.45
 20
85.903
 10
43.579
 20
85.966
 10
43.715
 20
86.013
 10
43.856
 20
86.041
 10
44.0
 20
86.05
 10
44.144
 20
86.041
 10
44.285
 20
86.013
 10
44.421
 20
85.966
 10
44.55
 20
85.903
 10
44.67
 20
85.823
 10
44.778
 20
85.728
 10
44.873
 20
85.62
 10
44.953
 20
85.5
 10
45.016
 20
85.371
 10
45.063
 20
85.235
 10
45.091
 20
85.094
 97
0
 92
3
 72
0
 73
1
 93
5
 10
43.3
 20
84.35
 10
43.0
 20
81.35
 10
45.0
 20
81.35
 10
44.7
 20
84.35
 10
43.3
 20
84.35
 97
0
 75
0
 76
1
 98
0
  0
LWPOLYLINE
  5
11F
330
17
100
AcDbEntity
  8
CUT
100
AcDbPolyline
 90
92
 70
1
 10
91.1
 20
86.04
 10
91.09
 20
86.04
 10
91.09
 20
89.303
 10
91.197
 20
90.113
 10
91.51
 20
90.87
 10
92.009
 20
91.521
 10
92.66
 20
92.02
 10
93.417
 20
92.333
 10
94.227
 20
92.44
 10
102.733
 20
92.44
 10
103.543
 20
92.333
 10
104.3
 20
92.02
 10
104.951
 20
91.521
 10
105.45
 20
90.87
 10
105.763
 20
90.113
 10
105.87
 20
89.303
 10
105.87
 20
86.04
 10
105.86
 20
86.04
 10
120.62
 20
86.04
 10
120.61
 20
86.04
 10
120.61
 20
89.303
 10
120.717
 20
90.113
 10
121.03
 20
90.87
 10
121.529
 20
91.521
 10
122.18
 20
92.02
 10
122.937
 20
92.333
 10
123.747
 20
92.44
 10
132.253
 20
92.44
 10
133.063
 20
92.333
 10
133.82
 20
92.02
 10
134.471
 20
91.521
 10
134.97
 20
90.87
 10
135.283
 20
90.113
 10
135.39
 20
89.303
 10
135.39
 20
86.04
 10
135.38
 20
86.04
 10
150.14
 20
86.04
 10
150.13
 20
86.04
 10
150.13
 20
89.303
 10
150.237
 20
90.113
 10
150.55
 20
90.87
 10
151.049
 20
91.521
 10
151.7
 20
92.02
 10
152.457
 20
92.333
 10
153.267
 20
92.44
 10
161.773
 20
92.44
 10
162.583
 20
92.333
 10
163.34
 20
92.02
 10
163.991
 20
91.521
 10
164.49
 20
90.87
 10
164.803
 20
90.113
 10
164.91
 20
89.303
 10
164.91
 20
86.04
 10
164.9
 20
86.04
 10
168.04
 20
86.04
 10
168.04
 20
80.327
 10
164.94
 20
80.327
 10
164.94
 20
74.773
 10
168.04
 20
74.773
 10
168.04
 20
69.06
 10
164.9
 20
69.06
 10
159.263
 20
69.06
 10
159.263
 20
65.96
 10
153.506
 20
65.96
 10
153.506
 20
69.06
 10
147.909
 20
69.06
 10
147.909
 20
65.96
 10
142.152
 20
65.96
 10
142.152
 20
69.06
 10
136.555
 20
69.06
 10
136.555
 20
65.96
 10
130.798
 20
65.96
 10
130.798
 20
69.06
 10
125.202
 20
69.06
 10
125.202
 20
65.96
 10
119.445
 20
65.96
 10
119.445
 20
69.06
 10
113.848
 20
69.06
 10
113.848
 20
65.96
 10
108.091
 20
65.96
 10
108.091
 20
69.06
 10
102.494
 20
69.06
 10
102.494
 20
65.96
 10
96.737
 20
65.96
 10
96.737
 20
69.06
 10
91.1
 20
69.06
 10
87.96
 20
69.06
 10
87.96
 20
74.773
 10
91.06
 20
74.773
 10
91.06
 20
80.327
 10
87.96
 20
80.327
 10
87.96
 20
86.04
  0
HATCH
  5
120
330
17
100
AcDbEntity
  8
RASTER
 62
7
100
AcDbHatch
 10
0.0
 20
0.0
 30
0.0
210
0.0
220
0.0
230
1.0
  2
SOLID
 70
1
 71
0
 91
1
 92
3
 72
0
 73
1
 93
4
 10
92.1
 20
82.1
 10
163.9
 20
82.1
 10
163.9
 20
81.5
 10
92.1
 20
81.5
 97
0
 75
0
 76
1
 98
0
  0
HATCH
  5
121
330
17
100
AcDbEntity
  8
RASTER
 62
7
100
AcDbHatch
 10
0.0
 20
0.0
 30
0.0
210
0.0
220
0.0
230
1.0
  2
SOLID
 70
1
 71
0
 91
1
 92
3
 72
0
 73
1
 93
4
 10
92.1
 20
77.9
 10
163.9
 20
77.9
 10
163.9
 20
77.3
 10
92.1
 20
77.3
 97
0
 75
0
 76
1
 98
0
  0
HATCH
  5
122
330
17
100
AcDbEntity
  8
RASTER
 62
7
100
AcDbHatch
 10
0.0
 20
0.0
 30
0.0
210
0.0
220
0.0
230
1.0
  2
SOLID
 70
1
 71
0
 91
1
 92
3
 72
0
 73
1
 93
4
 10
92.1
 20
73.7
 10
163.9
 20
73.7
 10
163.9
 20
73.1
 10
92.1
 20
73.1
 97
0
 75
0
 76
1
 98
0
  0
HATCH
  5
123
330
17
100
AcDbEntity
  8
RASTER
 62
7
100
AcDbHatch
 10
0.0
 20
0.0
 30
0.0
210
0.0
220
0.0
230
1.0
  2
SOLID
 70
1
 71
0
 91
1
 92
3
 72
0
 73
1
 93
4
 10
106.0
 20
86.0
 10
110.0
 20
86.0
 10
110.0
 20
69.1
 10
106.0
 20
69.1
 97
0
 75
0
 76
1
 98
0
  0
HATCH
  5
124
330
17
100
AcDbEntity
  8
RASTER
 62
7
100
AcDbHatch
 10
0.0
 20
0.0
 30
0.0
210
0.0
220
0.0
230
1.0
  2
SOLID
 70
1
 71
0
 91
1
 92
3
 72
0
 73
1
 93
48
 10
108.55
 20
82.62
 10
108.545
 20
82.548
 10
108.531
 20
82.478
 10
108.508
 20
82.41
 10
108.476
 20
82.345
 10
108.436
 20
82.285
 10
108.389
 20
82.231
 10
108.335
 20
82.184
 10
108.275
 20
82.144
 10
108.21
 20
82.112
 10
108.142
 20
82.089
 10
108.072
 20
82.075
 10
108.0
 20
82.07
 10
107.928
 20
82.075
 10
107.858
 20
82.089
 10
107.79
 20
82.112
 10
107.725
 20
82.144
 10
107.665
 20
82.184
 10
107.611
 20
82.231
 10
107.564
 20
82.285
 10
107.524
 20
82.345
 10
107.492
 20
82.41
 10
107.469
 20
82.478
 10
107.455
 20
82.548
 10
107.45
 20
82.62
 10
107.455
 20
82.692
 10
107.469
 20
82.762
 10
107.492
 20
82.83
 10
107.524
 20
82.895
 10
107.564
 20
82.955
 10
107.611
 20
83.009
 10
107.665
 20
83.056
 10
107.725
 20
83.096
 10
107.79
 20
83.128
 10
107.858
 20
83.151
 10
107.928
 20
83.165
 10
108.0
 20
83.17
 10
108.072
 20
83.165
 10
108.142
 20
83.151
 10
108.21
 20
83.128
 10
108.275
 20
83.096
 10
108.335
 20
83.056
 10
108.389
 20
83.009
 10
108.436
 20
82.955
 10
108.476
 20
82.895
 10
108.508
 20
82.83
 10
108.531
 20
82.762
 10
108.545
 20
82.692
 97
0
 75
0
 76
1
 98
0
  0
HATCH
  5
125
330
17
100
AcDbEntity
  8
RASTER
 62
7
100
AcDbHatch
 10
0.0
 20
0.0
 30
0.0
210
0.0
220
0.0
230
1.0
  2
SOLID
 70
1
 71
0
 91
1
 92
3
 72
0
 73
1
 93
48
 10
108.55
 20
77.55
 10
108.545
 20
77.478
 10
108.531
 20
77.408
 10
108.508
 20
77.34
 10
108.476
 20
77.275
 10
108.436
 20
77.215
 10
108.389
 20
77.161
 10
108.335
 20
77.114
 10
108.275
 20
77.074
 10
108.21
 20
77.042
 10
108.142
 20
77.019
 10
108.072
 20
77.005
 10
108.0
 20
77.0
 10
107.928
 20
77.005
 10
107.858
 20
77.019
 10
107.79
 20
77.042
 10
107.725
 20
77.074
 10
107.665
 20
77.114
 10
107.611
 20
77.161
 10
107.564
 20
77.215
 10
107.524
 20
77.275
 10
107.492
 20
77.34
 10
107.469
 20
77.408
 10
107.455
 20
77.478
 10
107.45
 20
77.55
 10
107.455
 20
77.622
 10
107.469
 20
77.692
 10
107.492
 20
77.76
 10
107.524
 20
77.825
 10
107.564
 20
77.885
 10
107.611
 20
77.939
 10
107.665
 20
77.986
 10
107.725
 20
78.026
 10
107.79
 20
78.058
 10
107.858
 20
78.081
 10
107.928
 20
78.095
 10
108.0
 20
78.1
 10
108.072
 20
78.095
 10
108.142
 20
78.081
 10
108.21
 20
78.058
 10
108.275
 20
78.026
 10
108.335
 20
77.986
 10
108.389
 20
77.939
 10
108.436
 20
77.885
 10
108.476
 20
77.825
 10
108.508
 20
77.76
 10
108.531
 20
77.692
 10
108.545
 20
77.622
 97
0
 75
0
 76
1
 98
0
  0
HATCH
  5
126
330
17
100
AcDbEntity
  8
RASTER
 62
7
100
AcDbHatch
 10
0.0
 20
0.0
 30
0.0
210
0.0
220
0.0
230
1.0
  2
SOLID
 70
1
 71
0
 91
1
 92
3
 72
0
 73
1
 93
48
 10
108.55
 20
72.48
 10
108.545
 20
72.408
 10
108.531
 20
72.338
 10
108.508
 20
72.27
 10
108.476
 20
72.205
 10
108.436
 20
72.145
 10
108.389
 20
72.091
 10
108.335
 20
72.044
 10
108.275
 20
72.004
 10
108.21
 20
71.972
 10
108.142
 20
71.949
 10
108.072
 20
71.935
 10
108.0
 20
71.93
 10
107.928
 20
71.935
 10
107.858
 20
71.949
 10
107.79
 20
71.972
 10
107.725
 20
72.004
 10
107.665
 20
72.044
 10
107.611
 20
72.091
 10
107.564
 20
72.145
 10
107.524
 20
72.205
 10
107.492
 20
72.27
 10
107.469
 20
72.338
 10
107.455
 20
72.408
 10
107.45
 20
72.48
 10
107.455
 20
72.552
 10
107.469
 20
72.622
 10
107.492
 20
72.69
 10
107.524
 20
72.755
 10
107.564
 20
72.815
 10
107.611
 20
72.869
 10
107.665
 20
72.916
 10
107.725
 20
72.956
 10
107.79
 20
72.988
 10
107.858
 20
73.011
 10
107.928
 20
73.025
 10
108.0
 20
73.03
 10
108.072
 20
73.025
 10
108.142
 20
73.011
 10
108.21
 20
72.988
 10
108.275
 20
72.956
 10
108.335
 20
72.916
 10
108.389
 20
72.869
 10
108.436
 20
72.815
 10
108.476
 20
72.755
 10
108.508
 20
72.69
 10
108.531
 20
72.622
 10
108.545
 20
72.552
 97
0
 75
0
 76
1
 98
0
  0
HATCH
  5
127
330
17
100
AcDbEntity
  8
RASTER
 62
7
100
AcDbHatch
 10
0.0
 20
0.0
 30
0.0
210
0.0
220
0.0
230
1.0
  2
SOLID
 70
1
 71
0
 91
1
 92
3
 72
0
 73
1
 93
4
 10
146.0
 20
86.0
 10
150.0
 20
86.0
 10
150.0
 20
69.1
 10
146.0
 20
69.1
 97
0
 75
0
 76
1
 98
0
  0
HATCH
  5
128
330
17
100
AcDbEntity
  8
RASTER
 62
7
100
AcDbHatch
 10
0.0
 20
0.0
 30
0.0
210
0.0
220
0.0
230
1.0
  2
SOLID
 70
1
 71
0
 91
1
 92
3
 72
0
 73
1
 93
48
 10
148.55
 20
82.62
 10
148.545
 20
82.548
 10
148.531
 20
82.478
 10
148.508
 20
82.41
 10
148.476
 20
82.345
 10
148.436
 20
82.285
 10
148.389
 20
82.231
 10
148.335
 20
82.184
 10
148.275
 20
82.144
 10
148.21
 20
82.112
 10
148.142
 20
82.089
 10
148.072
 20
82.075
 10
148.0
 20
82.07
 10
147.928
 20
82.075
 10
147.858
 20
82.089
 10
147.79
 20
82.112
 10
147.725
 20
82.144
 10
147.665
 20
82.184
 10
147.611
 20
82.231
 10
147.564
 20
82.285
 10
147.524
 20
82.345
 10
147.492
 20
82.41
 10
147.469
 20
82.478
 10
147.455
 20
82.548
 10
147.45
 20
82.62
 10
147.455
 20
82.692
 10
147.469
 20
82.762
 10
147.492
 20
82.83
 10
147.524
 20
82.895
 10
147.564
 20
82.955
 10
147.611
 20
83.009
 10
147.665
 20
83.056
 10
147.725
 20
83.096
 10
147.79
 20
83.128
 10
147.858
 20
83.151
 10
147.928
 20
83.165
 10
148.0
 20
83.17
 10
148.072
 20
83.165
 10
148.142
 20
83.151
 10
148.21
 20
83.128
 10
148.275
 20
83.096
 10
148.335
 20
83.056
 10
148.389
 20
83.009
 10
148.436
 20
82.955
 10
148.476
 20
82.895
 10
148.508
 20
82.83
 10
148.531
 20
82.762
 10
148.545
 20
82.692
 97
0
 75
0
 76
1
 98
0
  0
HATCH
  5
129
330
17
100
AcDbEntity
  8
RASTER
 62
7
100
AcDbHatch
 10
0.0
 20
0.0
 30
0.0
210
0.0
220
0.0
230
1.0
  2
SOLID
 70
1
 71
0
 91
1
 92
3
 72
0
 73
1
 93
48
 10
148.55
 20
77.55
 10
148.545
 20
77.478
 10
148.531
 20
77.408
 10
148.508
 20
77.34
 10
148.476
 20
77.275
 10
148.436
 20
77.215
 10
148.389
 20
77.161
 10
148.335
 20
77.114
 10
148.275
 20
77.074
 10
148.21
 20
77.042
 10
148.142
 20
77.019
 10
148.072
 20
77.005
 10
148.0
 20
77.0
 10
147.928
 20
77.005
 10
147.858
 20
77.019
 10
147.79
 20
77.042
 10
147.725
 20
77.074
 10
147.665
 20
77.114
 10
147.611
 20
77.161
 10
147.564
 20
77.215
 10
147.524
 20
77.275
 10
147.492
 20
77.34
 10
147.469
 20
77.408
 10
147.455
 20
77.478
 10
147.45
 20
77.55
 10
147.455
 20
77.622
 10
147.469
 20
77.692
 10
147.492
 20
77.76
 10
147.524
 20
77.825
 10
147.564
 20
77.885
 10
147.611
 20
77.939
 10
147.665
 20
77.986
 10
147.725
 20
78.026
 10
147.79
 20
78.058
 10
147.858
 20
78.081
 10
147.928
 20
78.095
 10
148.0
 20
78.1
 10
148.072
 20
78.095
 10
148.142
 20
78.081
 10
148.21
 20
78.058
 10
148.275
 20
78.026
 10
148.335
 20
77.986
 10
148.389
 20
77.939
 10
148.436
 20
77.885
 10
148.476
 20
77.825
 10
148.508
 20
77.76
 10
148.531
 20
77.692
 10
148.545
 20
77.622
 97
0
 75
0
 76
1
 98
0
  0
HATCH
  5
12A
330
17
100
AcDbEntity
  8
RASTER
 62
7
100
AcDbHatch
 10
0.0
 20
0.0
 30
0.0
210
0.0
220
0.0
230
1.0
  2
SOLID
 70
1
 71
0
 91
1
 92
3
 72
0
 73
1
 93
48
 10
148.55
 20
72.48
 10
148.545
 20
72.408
 10
148.531
 20
72.338
 10
148.508
 20
72.27
 10
148.476
 20
72.205
 10
148.436
 20
72.145
 10
148.389
 20
72.091
 10
148.335
 20
72.044
 10
148.275
 20
72.004
 10
148.21
 20
71.972
 10
148.142
 20
71.949
 10
148.072
 20
71.935
 10
148.0
 20
71.93
 10
147.928
 20
71.935
 10
147.858
 20
71.949
 10
147.79
 20
71.972
 10
147.725
 20
72.004
 10
147.665
 20
72.044
 10
147.611
 20
72.091
 10
147.564
 20
72.145
 10
147.524
 20
72.205
 10
147.492
 20
72.27
 10
147.469
 20
72.338
 10
147.455
 20
72.408
 10
147.45
 20
72.48
 10
147.455
 20
72.552
 10
147.469
 20
72.622
 10
147.492
 20
72.69
 10
147.524
 20
72.755
 10
147.564
 20
72.815
 10
147.611
 20
72.869
 10
147.665
 20
72.916
 10
147.725
 20
72.956
 10
147.79
 20
72.988
 10
147.858
 20
73.011
 10
147.928
 20
73.025
 10
148.0
 20
73.03
 10
148.072
 20
73.025
 10
148.142
 20
73.011
 10
148.21
 20
72.988
 10
148.275
 20
72.956
 10
148.335
 20
72.916
 10
148.389
 20
72.869
 10
148.436
 20
72.815
 10
148.476
 20
72.755
 10
148.508
 20
72.69
 10
148.531
 20
72.622
 10
148.545
 20
72.552
 97
0
 75
0
 76
1
 98
0
  0
LWPOLYLINE
  5
12B
330
17
100
AcDbEntity
  8
CUT
100
AcDbPolyline
 90
16
 70
1
 10
175.06
 20
92.44
 10
195.94
 20
92.44
 10
195.94
 20
86.807
 10
199.04
 20
86.807
 10
199.04
 20
81.093
 10
195.94
 20
81.093
 10
195.94
 20
75.46
 10
189.007
 20
75.46
 10
189.007
 20
72.36
 10
181.993
 20
72.36
 10
181.993
 20
75.46
 10
175.06
 20
75.46
 10
175.06
 20
81.093
 10
171.96
 20
81.093
 10
171.96
 20
86.807
 10
175.06
 20
86.807
  0
HATCH
  5
12C
330
17
100
AcDbEntity
  8
RASTER
 62
7
100
AcDbHatch
 10
0.0
 20
0.0
 30
0.0
210
0.0
220
0.0
230
1.0
  2
SOLID
 70
1
 71
0
 91
1
 92
3
 72
0
 73
1
 93
4
 10
176.1
 20
88.5
 10
194.9
 20
88.5
 10
194.9
 20
87.9
 10
176.1
 20
87.9
 97
0
 75
0
 76
1
 98
0
  0
HATCH
  5
12D
330
17
100
AcDbEntity
  8
RASTER
 62
7
100
AcDbHatch
 10
0.0
 20
0.0
 30
0.0
210
0.0
220
0.0
230
1.0
  2
SOLID
 70
1
 71
0
 91
1
 92
3
 72
0
 73
1
 93
4
 10
176.1
 20
84.3
 10
194.9
 20
84.3
 10
194.9
 20
83.7
 10
176.1
 20
83.7
 97
0
 75
0
 76
1
 98
0
  0
HATCH
  5
12E
330
17
100
AcDbEntity
  8
RASTER
 62
7
100
AcDbHatch
 10
0.0
 20
0.0
 30
0.0
210
0.0
220
0.0
230
1.0
  2
SOLID
 70
1
 71
0
 91
1
 92
3
 72
0
 73
1
 93
4
 10
176.1
 20
80.1
 10
194.9
 20
80.1
 10
194.9
 20
79.5
 10
176.1
 20
79.5
 97
0
 75
0
 76
1
 98
0
  0
LWPOLYLINE
  5
12F
330
17
100
AcDbEntity
  8
CUT
100
AcDbPolyline
 90
16
 70
1
 10
206.06
 20
92.44
 10
226.94
 20
92.44
 10
226.94
 20
86.807
 10
230.04
 20
86.807
 10
230.04
 20
81.093
 10
226.94
 20
81.093
 10
226.94
 20
75.46
 10
220.007
 20
75.46
 10
220.007
 20
72.36
 10
212.993
 20
72.36
 10
212.993
 20
75.46
 10
206.06
 20
75.46
 10
206.06
 20
81.093
 10
202.96
 20
81.093
 10
202.96
 20
86.807
 10
206.06
 20
86.807
  0
HATCH
  5
130
330
17
100
AcDbEntity
  8
RASTER
 62
7
100
AcDbHatch
 10
0.0
 20
0.0
 30
0.0
210
0.0
220
0.0
230
1.0
  2
SOLID
 70
1
 71
0
 91
1
 92
3
 72
0
 73
1
 93
4
 10
207.1
 20
88.5
 10
225.9
 20
88.5
 10
225.9
 20
87.9
 10
207.1
 20
87.9
 97
0
 75
0
 76
1
 98
0
  0
HATCH
  5
131
330
17
100
AcDbEntity
  8
RASTER
 62
7
100
AcDbHatch
 10
0.0
 20
0.0
 30
0.0
210
0.0
220
0.0
230
1.0
  2
SOLID
 70
1
 71
0
 91
1
 92
3
 72
0
 73
1
 93
4
 10
207.1
 20
84.3
 10
225.9
 20
84.3
 10
225.9
 20
83.7
 10
207.1
 20
83.7
 97
0
 75
0
 76
1
 98
0
  0
HATCH
  5
132
330
17
100
AcDbEntity
  8
RASTER
 62
7
100
AcDbHatch
 10
0.0
 20
0.0
 30
0.0
210
0.0
220
0.0
230
1.0
  2
SOLID
 70
1
 71
0
 91
1
 92
3
 72
0
 73
1
 93
4
 10
207.1
 20
80.1
 10
225.9
 20
80.1
 10
225.9
 20
79.5
 10
207.1
 20
79.5
 97
0
 75
0
 76
1
 98
0
  0
LWPOLYLINE
  5
133
330
17
100
AcDbEntity
  8
CUT
100
AcDbPolyline
 90
68
 70
1
 10
3.96
 20
62.04
 10
7.1
 20
62.04
 10
12.817
 20
62.04
 10
12.817
 20
58.94
 10
18.414
 20
58.94
 10
18.414
 20
62.04
 10
24.171
 20
62.04
 10
24.171
 20
58.94
 10
29.768
 20
58.94
 10
29.768
 20
62.04
 10
35.525
 20
62.04
 10
35.525
 20
58.94
 10
41.122
 20
58.94
 10
41.122
 20
62.04
 10
46.878
 20
62.04
 10
46.878
 20
58.94
 10
52.475
 20
58.94
 10
52.475
 20
62.04
 10
58.232
 20
62.04
 10
58.232
 20
58.94
 10
63.829
 20
58.94
 10
63.829
 20
62.04
 10
69.586
 20
62.04
 10
69.586
 20
58.94
 10
75.183
 20
58.94
 10
75.183
 20
62.04
 10
80.9
 20
62.04
 10
84.04
 20
62.04
 10
84.04
 20
58.9
 10
84.04
 20
51.927
 10
80.94
 20
51.927
 10
80.94
 20
45.073
 10
84.04
 20
45.073
 10
84.04
 20
38.1
 10
84.04
 20
34.96
 10
80.9
 20
34.96
 10
75.183
 20
34.96
 10
75.183
 20
38.06
 10
69.586
 20
38.06
 10
69.586
 20
34.96
 10
63.829
 20
34.96
 10
63.829
 20
38.06
 10
58.232
 20
38.06
 10
58.232
 20
34.96
 10
52.475
 20
34.96
 10
52.475
 20
38.06
 10
46.878
 20
38.06
 10
46.878
 20
34.96
 10
41.122
 20
34.96
 10
41.122
 20
38.06
 10
35.525
 20
38.06
 10
35.525
 20
34.96
 10
29.768
 20
34.96
 10
29.768
 20
38.06
 10
24.171
 20
38.06
 10
24.171
 20
34.96
 10
18.414
 20
34.96
 10
18.414
 20
38.06
 10
12.817
 20
38.06
 10
12.817
 20
34.96
 10
7.1
 20
34.96
 10
3.96
 20
34.96
 10
3.96
 20
38.1
 10
3.96
 20
45.073
 10
7.06
 20
45.073
 10
7.06
 20
51.927
 10
3.96
 20
51.927
 10
3.96
 20
58.9
  0
HATCH
  5
134
330
17
100
AcDbEntity
  8
RASTER
 62
7
100
AcDbHatch
 10
0.0
 20
0.0
 30
0.0
210
0.0
220
0.0
230
1.0
  2
SOLID
 70
1
 71
0
 91
1
 92
3
 72
0
 73
1
 93
4
 10
8.1
 20
54.2
 10
79.9
 20
54.2
 10
79.9
 20
53.6
 10
8.1
 20
53.6
 97
0
 75
0
 76
1
 98
0
  0
HATCH
  5
135
330
17
100
AcDbEntity
  8
RASTER
 62
7
100
AcDbHatch
 10
0.0
 20
0.0
 30
0.0
210
0.0
220
0.0
230
1.0
  2
SOLID
 70
1
 71
0
 91
1
 92
3
 72
0
 73
1
 93
4
 10
8.1
 20
49.2
 10
79.9
 20
49.2
 10
79.9
 20
48.6
 10
8.1
 20
48.6
 97
0
 75
0
 76
1
 98
0
  0
HATCH
  5
136
330
17
100
AcDbEntity
  8
RASTER
 62
7
100
AcDbHatch
 10
0.0
 20
0.0
 30
0.0
210
0.0
220
0.0
230
1.0
  2
SOLID
 70
1
 71
0
 91
1
 92
3
 72
0
 73
1
 93
4
 10
8.1
 20
44.2
 10
79.9
 20
44.2
 10
79.9
 20
43.6
 10
8.1
 20
43.6
 97
0
 75
0
 76
1
 98
0
  0
HATCH
  5
137
330
17
100
AcDbEntity
  8
RASTER
 62
7
100
AcDbHatch
 10
0.0
 20
0.0
 30
0.0
210
0.0
220
0.0
230
1.0
  2
SOLID
 70
1
 71
0
 91
1
 92
3
 72
0
 73
1
 93
4
 10
22.0
 20
62.0
 10
26.0
 20
62.0
 10
26.0
 20
35.0
 10
22.0
 20
35.0
 97
0
 75
0
 76
1
 98
0
  0
HATCH
  5
138
330
17
100
AcDbEntity
  8
RASTER
 62
7
100
AcDbHatch
 10
0.0
 20
0.0
 30
0.0
210
0.0
220
0.0
230
1.0
  2
SOLID
 70
1
 71
0
 91
1
 92
3
 72
0
 73
1
 93
48
 10
24.55
 20
56.6
 10
24.545
 20
56.528
 10
24.531
 20
56.458
 10
24.508
 20
56.39
 10
24.476
 20
56.325
 10
24.436
 20
56.265
 10
24.389
 20
56.211
 10
24.335
 20
56.164
 10
24.275
 20
56.124
 10
24.21
 20
56.092
 10
24.142
 20
56.069
 10
24.072
 20
56.055
 10
24.0
 20
56.05
 10
23.928
 20
56.055
 10
23.858
 20
56.069
 10
23.79
 20
56.092
 10
23.725
 20
56.124
 10
23.665
 20
56.164
 10
23.611
 20
56.211
 10
23.564
 20
56.265
 10
23.524
 20
56.325
 10
23.492
 20
56.39
 10
23.469
 20
56.458
 10
23.455
 20
56.528
 10
23.45
 20
56.6
 10
23.455
 20
56.672
 10
23.469
 20
56.742
 10
23.492
 20
56.81
 10
23.524
 20
56.875
 10
23.564
 20
56.935
 10
23.611
 20
56.989
 10
23.665
 20
57.036
 10
23.725
 20
57.076
 10
23.79
 20
57.108
 10
23.858
 20
57.131
 10
23.928
 20
57.145
 10
24.0
 20
57.15
 10
24.072
 20
57.145
 10
24.142
 20
57.131
 10
24.21
 20
57.108
 10
24.275
 20
57.076
 10
24.335
 20
57.036
 10
24.389
 20
56.989
 10
24.436
 20
56.935
 10
24.476
 20
56.875
 10
24.508
 20
56.81
 10
24.531
 20
56.742
 10
24.545
 20
56.672
 97
0
 75
0
 76
1
 98
0
  0
HATCH
  5
139
330
17
100
AcDbEntity
  8
RASTER
 62
7
100
AcDbHatch
 10
0.0
 20
0.0
 30
0.0
210
0.0
220
0.0
230
1.0
  2
SOLID
 70
1
 71
0
 91
1
 92
3
 72
0
 73
1
 93
48
 10
24.55
 20
48.5
 10
24.545
 20
48.428
 10
24.531
 20
48.358
 10
24.508
 20
48.29
 10
24.476
 20
48.225
 10
24.436
 20
48.165
 10
24.389
 20
48.111
 10
24.335
 20
48.064
 10
24.275
 20
48.024
 10
24.21
 20
47.992
 10
24.142
 20
47.969
 10
24.072
 20
47.955
 10
24.0
 20
47.95
 10
23.928
 20
47.955
 10
23.858
 20
47.969
 10
23.79
 20
47.992
 10
23.725
 20
48.024
 10
23.665
 20
48.064
 10
23.611
 20
48.111
 10
23.564
 20
48.165
 10
23.524
 20
48.225
 10
23.492
 20
48.29
 10
23.469
 20
48.358
 10
23.455
 20
48.428
 10
23.45
 20
48.5
 10
23.455
 20
48.572
 10
23.469
 20
48.642
 10
23.492
 20
48.71
 10
23.524
 20
48.775
 10
23.564
 20
48.835
 10
23.611
 20
48.889
 10
23.665
 20
48.936
 10
23.725
 20
48.976
 10
23.79
 20
49.008
 10
23.858
 20
49.031
 10
23.928
 20
49.045
 10
24.0
 20
49.05
 10
24.072
 20
49.045
 10
24.142
 20
49.031
 10
24.21
 20
49.008
 10
24.275
 20
48.976
 10
24.335
 20
48.936
 10
24.389
 20
48.889
 10
24.436
 20
48.835
 10
24.476
 20
48.775
 10
24.508
 20
48.71
 10
24.531
 20
48.642
 10
24.545
 20
48.572
 97
0
 75
0
 76
1
 98
0
  0
HATCH
  5
13A
330
17
100
AcDbEntity
  8
RASTER
 62
7
100
AcDbHatch
 10
0.0
 20
0.0
 30
0.0
210
0.0
220
0.0
230
1.0
  2
SOLID
 70
1
 71
0
 91
1
 92
3
 72
0
 73
1
 93
48
 10
24.55
 20
40.4
 10
24.545
 20
40.328
 10
24.531
 20
40.258
 10
24.508
 20
40.19
 10
24.476
 20
40.125
 10
24.436
 20
40.065
 10
24.389
 20
40.011
 10
24.335
 20
39.964
 10
24.275
 20
39.924
 10
24.21
 20
39.892
 10
24.142
 20
39.869
 10
24.072
 20
39.855
 10
24.0
 20
39.85
 10
23.928
 20
39.855
 10
23.858
 20
39.869
 10
23.79
 20
39.892
 10
23.725
 20
39.924
 10
23.665
 20
39.964
 10
23.611
 20
40.011
 10
23.564
 20
40.065
 10
23.524
 20
40.125
 10
23.492
 20
40.19
 10
23.469
 20
40.258
 10
23.455
 20
40.328
 10
23.45
 20
40.4
 10
23.455
 20
40.472
 10
23.469
 20
40.542
 10
23.492
 20
40.61
 10
23.524
 20
40.675
 10
23.564
 20
40.735
 10
23.611
 20
40.789
 10
23.665
 20
40.836
 10
23.725
 20
40.876
 10
23.79
 20
40.908
 10
23.858
 20
40.931
 10
23.928
 20
40.945
 10
24.0
 20
40.95
 10
24.072
 20
40.945
 10
24.142
 20
40.931
 10
24.21
 20
40.908
 10
24.275
 20
40.876
 10
24.335
 20
40.836
 10
24.389
 20
40.789
 10
24.436
 20
40.735
 10
24.476
 20
40.675
 10
24.508
 20
40.61
 10
24.531
 20
40.542
 10
24.545
 20
40.472
 97
0
 75
0
 76
1
 98
0
  0
HATCH
  5
13B
330
17
100
AcDbEntity
  8
RASTER
 62
7
100
AcDbHatch
 10
0.0
 20
0.0
 30
0.0
210
0.0
220
0.0
230
1.0
  2
SOLID
 70
1
 71
0
 91
1
 92
3
 72
0
 73
1
 93
4
 10
62.0
 20
62.0
 10
66.0
 20
62.0
 10
66.0
 20
35.0
 10
62.0
 20
35.0
 97
0
 75
0
 76
1
 98
0
  0
HATCH
  5
13C
330
17
100
AcDbEntity
  8
RASTER
 62
7
100
AcDbHatch
 10
0.0
 20
0.0
 30
0.0
210
0.0
220
0.0
230
1.0
  2
SOLID
 70
1
 71
0
 91
1
 92
3
 72
0
 73
1
 93
48
 10
64.55
 20
56.6
 10
64.545
 20
56.528
 10
64.531
 20
56.458
 10
64.508
 20
56.39
 10
64.476
 20
56.325
 10
64.436
 20
56.265
 10
64.389
 20
56.211
 10
64.335
 20
56.164
 10
64.275
 20
56.124
 10
64.21
 20
56.092
 10
64.142
 20
56.069
 10
64.072
 20
56.055
 10
64.0
 20
56.05
 10
63.928
 20
56.055
 10
63.858
 20
56.069
 10
63.79
 20
56.092
 10
63.725
 20
56.124
 10
63.665
 20
56.164
 10
63.611
 20
56.211
 10
63.564
 20
56.265
 10
63.524
 20
56.325
 10
63.492
 20
56.39
 10
63.469
 20
56.458
 10
63.455
 20
56.528
 10
63.45
 20
56.6
 10
63.455
 20
56.672
 10
63.469
 20
56.742
 10
63.492
 20
56.81
 10
63.524
 20
56.875
 10
63.564
 20
56.935
 10
63.611
 20
56.989
 10
63.665
 20
57.036
 10
63.725
 20
57.076
 10
63.79
 20
57.108
 10
63.858
 20
57.131
 10
63.928
 20
57.145
 10
64.0
 20
57.15
 10
64.072
 20
57.145
 10
64.142
 20
57.131
 10
64.21
 20
57.108
 10
64.275
 20
57.076
 10
64.335
 20
57.036
 10
64.389
 20
56.989
 10
64.436
 20
56.935
 10
64.476
 20
56.875
 10
64.508
 20
56.81
 10
64.531
 20
56.742
 10
64.545
 20
56.672
 97
0
 75
0
 76
1
 98
0
  0
HATCH
  5
13D
330
17
100
AcDbEntity
  8
RASTER
 62
7
100
AcDbHatch
 10
0.0
 20
0.0
 30
0.0
210
0.0
220
0.0
230
1.0
  2
SOLID
 70
1
 71
0
 91
1
 92
3
 72
0
 73
1
 93
48
 10
64.55
 20
48.5
 10
64.545
 20
48.428
 10
64.531
 20
48.358
 10
64.508
 20
48.29
 10
64.476
 20
48.225
 10
64.436
 20
48.165
 10
64.389
 20
48.111
 10
64.335
 20
48.064
 10
64.275
 20
48.024
 10
64.21
 20
47.992
 10
64.142
 20
47.969
 10
64.072
 20
47.955
 10
64.0
 20
47.95
 10
63.928
 20
47.955
 10
63.858
 20
47.969
 10
63.79
 20
47.992
 10
63.725
 20
48.024
 10
63.665
 20
48.064
 10
63.611
 20
48.111
 10
63.564
 20
48.165
 10
63.524
 20
48.225
 10
63.492
 20
48.29
 10
63.469
 20
48.358
 10
63.455
 20
48.428
 10
63.45
 20
48.5
 10
63.455
 20
48.572
 10
63.469
 20
48.642
 10
63.492
 20
48.71
 10
63.524
 20
48.775
 10
63.564
 20
48.835
 10
63.611
 20
48.889
 10
63.665
 20
48.936
 10
63.725
 20
48.976
 10
63.79
 20
49.008
 10
63.858
 20
49.031
 10
63.928
 20
49.045
 10
64.0
 20
49.05
 10
64.072
 20
49.045
 10
64.142
 20
49.031
 10
64.21
 20
49.008
 10
64.275
 20
48.976
 10
64.335
 20
48.936
 10
64.389
 20
48.889
 10
64.436
 20
48.835
 10
64.476
 20
48.775
 10
64.508
 20
48.71
 10
64.531
 20
48.642
 10
64.545
 20
48.572
 97
0
 75
0
 76
1
 98
0
  0
HATCH
  5
13E
330
17
100
AcDbEntity
  8
RASTER
 62
7
100
AcDbHatch
 10
0.0
 20
0.0
 30
0.0
210
0.0
220
0.0
230
1.0
  2
SOLID
 70
1
 71
0
 91
1
 92
3
 72
0
 73
1
 93
48
 10
64.55
 20
40.4
 10
64.545
 20
40.328
 10
64.531
 20
40.258
 10
64.508
 20
40.19
 10
64.476
 20
40.125
 10
64.436
 20
40.065
 10
64.389
 20
40.011
 10
64.335
 20
39.964
 10
64.275
 20
39.924
 10
64.21
 20
39.892
 10
64.142
 20
39.869
 10
64.072
 20
39.855
 10
64.0
 20
39.85
 10
63.928
 20
39.855
 10
63.858
 20
39.869
 10
63.79
 20
39.892
 10
63.725
 20
39.924
 10
63.665
 20
39.964
 10
63.611
 20
40.011
 10
63.564
 20
40.065
 10
63.524
 20
40.125
 10
63.492
 20
40.19
 10
63.469
 20
40.258
 10
63.455
 20
40.328
 10
63.45
 20
40.4
 10
63.455
 20
40.472
 10
63.469
 20
40.542
 10
63.492
 20
40.61
 10
63.524
 20
40.675
 10
63.564
 20
40.735
 10
63.611
 20
40.789
 10
63.665
 20
40.836
 10
63.725
 20
40.876
 10
63.79
 20
40.908
 10
63.858
 20
40.931
 10
63.928
 20
40.945
 10
64.0
 20
40.95
 10
64.072
 20
40.945
 10
64.142
 20
40.931
 10
64.21
 20
40.908
 10
64.275
 20
40.876
 10
64.335
 20
40.836
 10
64.389
 20
40.789
 10
64.436
 20
40.735
 10
64.476
 20
40.675
 10
64.508
 20
40.61
 10
64.531
 20
40.542
 10
64.545
 20
40.472
 97
0
 75
0
 76
1
 98
0
  0
LWPOLYLINE
  5
13F
330
17
100
AcDbEntity
  8
CUT
100
AcDbPolyline
 90
40
 70
1
 10
91.1
 20
62.04
 10
164.9
 20
62.04
 10
168.04
 20
62.04
 10
168.04
 20
58.993
 10
164.94
 20
58.993
 10
164.94
 20
56.107
 10
168.04
 20
56.107
 10
168.04
 20
53.06
 10
164.9
 20
53.06
 10
159.263
 20
53.06
 10
159.263
 20
49.96
 10
153.506
 20
49.96
 10
153.506
 20
53.06
 10
147.909
 20
53.06
 10
147.909
 20
49.96
 10
142.152
 20
49.96
 10
142.152
 20
53.06
 10
136.555
 20
53.06
 10
136.555
 20
49.96
 10
130.798
 20
49.96
 10
130.798
 20
53.06
 10
125.202
 20
53.06
 10
125.202
 20
49.96
 10
119.445
 20
49.96
 10
119.445
 20
53.06
 10
113.848
 20
53.06
 10
113.848
 20
49.96
 10
108.091
 20
49.96
 10
108.091
 20
53.06
 10
102.494
 20
53.06
 10
102.494
 20
49.96
 10
96.737
 20
49.96
 10
96.737
 20
53.06
 10
91.1
 20
53.06
 10
87.96
 20
53.06
 10
87.96
 20
56.107
 10
91.06
 20
56.107
 10
91.06
 20
58.993
 10
87.96
 20
58.993
 10
87.96
 20
62.04
  0
HATCH
  5
140
330
17
100
AcDbEntity
  8
RASTER
 62
7
100
AcDbHatch
 10
0.0
 20
0.0
 30
0.0
210
0.0
220
0.0
230
1.0
  2
SOLID
 70
1
 71
0
 91
1
 92
3
 72
0
 73
1
 93
4
 10
92.1
 20
58.8
 10
163.9
 20
58.8
 10
163.9
 20
58.2
 10
92.1
 20
58.2
 97
0
 75
0
 76
1
 98
0
  0
HATCH
  5
141
330
17
100
AcDbEntity
  8
RASTER
 62
7
100
AcDbHatch
 10
0.0
 20
0.0
 30
0.0
210
0.0
220
0.0
230
1.0
  2
SOLID
 70
1
 71
0
 91
1
 92
3
 72
0
 73
1
 93
4
 10
92.1
 20
55.3
 10
163.9
 20
55.3
 10
163.9
 20
54.7
 10
92.1
 20
54.7
 97
0
 75
0
 76
1
 98
0
  0
HATCH
  5
142
330
17
100
AcDbEntity
  8
RASTER
 62
7
100
AcDbHatch
 10
0.0
 20
0.0
 30
0.0
210
0.0
220
0.0
230
1.0
  2
SOLID
 70
1
 71
0
 91
1
 92
3
 72
0
 73
1
 93
4
 10
106.0
 20
62.0
 10
110.0
 20
62.0
 10
110.0
 20
53.1
 10
106.0
 20
53.1
 97
0
 75
0
 76
1
 98
0
  0
HATCH
  5
143
330
17
100
AcDbEntity
  8
RASTER
 62
7
100
AcDbHatch
 10
0.0
 20
0.0
 30
0.0
210
0.0
220
0.0
230
1.0
  2
SOLID
 70
1
 71
0
 91
1
 92
3
 72
0
 73
1
 93
48
 10
108.55
 20
60.22
 10
108.545
 20
60.148
 10
108.531
 20
60.078
 10
108.508
 20
60.01
 10
108.476
 20
59.945
 10
108.436
 20
59.885
 10
108.389
 20
59.831
 10
108.335
 20
59.784
 10
108.275
 20
59.744
 10
108.21
 20
59.712
 10
108.142
 20
59.689
 10
108.072
 20
59.675
 10
108.0
 20
59.67
 10
107.928
 20
59.675
 10
107.858
 20
59.689
 10
107.79
 20
59.712
 10
107.725
 20
59.744
 10
107.665
 20
59.784
 10
107.611
 20
59.831
 10
107.564
 20
59.885
 10
107.524
 20
59.945
 10
107.492
 20
60.01
 10
107.469
 20
60.078
 10
107.455
 20
60.148
 10
107.45
 20
60.22
 10
107.455
 20
60.292
 10
107.469
 20
60.362
 10
107.492
 20
60.43
 10
107.524
 20
60.495
 10
107.564
 20
60.555
 10
107.611
 20
60.609
 10
107.665
 20
60.656
 10
107.725
 20
60.696
 10
107.79
 20
60.728
 10
107.858
 20
60.751
 10
107.928
 20
60.765
 10
108.0
 20
60.77
 10
108.072
 20
60.765
 10
108.142
 20
60.751
 10
108.21
 20
60.728
 10
108.275
 20
60.696
 10
108.335
 20
60.656
 10
108.389
 20
60.609
 10
108.436
 20
60.555
 10
108.476
 20
60.495
 10
108.508
 20
60.43
 10
108.531
 20
60.362
 10
108.545
 20
60.292
 97
0
 75
0
 76
1
 98
0
  0
HATCH
  5
144
330
17
100
AcDbEntity
  8
RASTER
 62
7
100
AcDbHatch
 10
0.0
 20
0.0
 30
0.0
210
0.0
220
0.0
230
1.0
  2
SOLID
 70
1
 71
0
 91
1
 92
3
 72
0
 73
1
 93
48
 10
108.55
 20
57.55
 10
108.545
 20
57.478
 10
108.531
 20
57.408
 10
108.508
 20
57.34
 10
108.476
 20
57.275
 10
108.436
 20
57.215
 10
108.389
 20
57.161
 10
108.335
 20
57.114
 10
108.275
 20
57.074
 10
108.21
 20
57.042
 10
108.142
 20
57.019
 10
108.072
 20
57.005
 10
108.0
 20
57.0
 10
107.928
 20
57.005
 10
107.858
 20
57.019
 10
107.79
 20
57.042
 10
107.725
 20
57.074
 10
107.665
 20
57.114
 10
107.611
 20
57.161
 10
107.564
 20
57.215
 10
107.524
 20
57.275
 10
107.492
 20
57.34
 10
107.469
 20
57.408
 10
107.455
 20
57.478
 10
107.45
 20
57.55
 10
107.455
 20
57.622
 10
107.469
 20
57.692
 10
107.492
 20
57.76
 10
107.524
 20
57.825
 10
107.564
 20
57.885
 10
107.611
 20
57.939
 10
107.665
 20
57.986
 10
107.725
 20
58.026
 10
107.79
 20
58.058
 10
107.858
 20
58.081
 10
107.928
 20
58.095
 10
108.0
 20
58.1
 10
108.072
 20
58.095
 10
108.142
 20
58.081
 10
108.21
 20
58.058
 10
108.275
 20
58.026
 10
108.335
 20
57.986
 10
108.389
 20
57.939
 10
108.436
 20
57.885
 10
108.476
 20
57.825
 10
108.508
 20
57.76
 10
108.531
 20
57.692
 10
108.545
 20
57.622
 97
0
 75
0
 76
1
 98
0
  0
HATCH
  5
145
330
17
100
AcDbEntity
  8
RASTER
 62
7
100
AcDbHatch
 10
0.0
 20
0.0
 30
0.0
210
0.0
220
0.0
230
1.0
  2
SOLID
 70
1
 71
0
 91
1
 92
3
 72
0
 73
1
 93
48
 10
108.55
 20
54.88
 10
108.545
 20
54.808
 10
108.531
 20
54.738
 10
108.508
 20
54.67
 10
108.476
 20
54.605
 10
108.436
 20
54.545
 10
108.389
 20
54.491
 10
108.335
 20
54.444
 10
108.275
 20
54.404
 10
108.21
 20
54.372
 10
108.142
 20
54.349
 10
108.072
 20
54.335
 10
108.0
 20
54.33
 10
107.928
 20
54.335
 10
107.858
 20
54.349
 10
107.79
 20
54.372
 10
107.725
 20
54.404
 10
107.665
 20
54.444
 10
107.611
 20
54.491
 10
107.564
 20
54.545
 10
107.524
 20
54.605
 10
107.492
 20
54.67
 10
107.469
 20
54.738
 10
107.455
 20
54.808
 10
107.45
 20
54.88
 10
107.455
 20
54.952
 10
107.469
 20
55.022
 10
107.492
 20
55.09
 10
107.524
 20
55.155
 10
107.564
 20
55.215
 10
107.611
 20
55.269
 10
107.665
 20
55.316
 10
107.725
 20
55.356
 10
107.79
 20
55.388
 10
107.858
 20
55.411
 10
107.928
 20
55.425
 10
108.0
 20
55.43
 10
108.072
 20
55.425
 10
108.142
 20
55.411
 10
108.21
 20
55.388
 10
108.275
 20
55.356
 10
108.335
 20
55.316
 10
108.389
 20
55.269
 10
108.436
 20
55.215
 10
108.476
 20
55.155
 10
108.508
 20
55.09
 10
108.531
 20
55.022
 10
108.545
 20
54.952
 97
0
 75
0
 76
1
 98
0
  0
HATCH
  5
146
330
17
100
AcDbEntity
  8
RASTER
 62
7
100
AcDbHatch
 10
0.0
 20
0.0
 30
0.0
210
0.0
220
0.0
230
1.0
  2
SOLID
 70
1
 71
0
 91
1
 92
3
 72
0
 73
1
 93
4
 10
146.0
 20
62.0
 10
150.0
 20
62.0
 10
150.0
 20
53.1
 10
146.0
 20
53.1
 97
0
 75
0
 76
1
 98
0
  0
HATCH
  5
147
330
17
100
AcDbEntity
  8
RASTER
 62
7
100
AcDbHatch
 10
0.0
 20
0.0
 30
0.0
210
0.0
220
0.0
230
1.0
  2
SOLID
 70
1
 71
0
 91
1
 92
3
 72
0
 73
1
 93
48
 10
148.55
 20
60.22
 10
148.545
 20
60.148
 10
148.531
 20
60.078
 10
148.508
 20
60.01
 10
148.476
 20
59.945
 10
148.436
 20
59.885
 10
148.389
 20
59.831
 10
148.335
 20
59.784
 10
148.275
 20
59.744
 10
148.21
 20
59.712
 10
148.142
 20
59.689
 10
148.072
 20
59.675
 10
148.0
 20
59.67
 10
147.928
 20
59.675
 10
147.858
 20
59.689
 10
147.79
 20
59.712
 10
147.725
 20
59.744
 10
147.665
 20
59.784
 10
147.611
 20
59.831
 10
147.564
 20
59.885
 10
147.524
 20
59.945
 10
147.492
 20
60.01
 10
147.469
 20
60.078
 10
147.455
 20
60.148
 10
147.45
 20
60.22
 10
147.455
 20
60.292
 10
147.469
 20
60.362
 10
147.492
 20
60.43
 10
147.524
 20
60.495
 10
147.564
 20
60.555
 10
147.611
 20
60.609
 10
147.665
 20
60.656
 10
147.725
 20
60.696
 10
147.79
 20
60.728
 10
147.858
 20
60.751
 10
147.928
 20
60.765
 10
148.0
 20
60.77
 10
148.072
 20
60.765
 10
148.142
 20
60.751
 10
148.21
 20
60.728
 10
148.275
 20
60.696
 10
148.335
 20
60.656
 10
148.389
 20
60.609
 10
148.436
 20
60.555
 10
148.476
 20
60.495
 10
148.508
 20
60.43
 10
148.531
 20
60.362
 10
148.545
 20
60.292
 97
0
 75
0
 76
1
 98
0
  0
HATCH
  5
148
330
17
100
AcDbEntity
  8
RASTER
 62
7
100
AcDbHatch
 10
0.0
 20
0.0
 30
0.0
210
0.0
220
0.0
230
1.0
  2
SOLID
 70
1
 71
0
 91
1
 92
3
 72
0
 73
1
 93
48
 10
148.55
 20
57.55
 10
148.545
 20
57.478
 10
148.531
 20
57.408
 10
148.508
 20
57.34
 10
148.476
 20
57.275
 10
148.436
 20
57.215
 10
148.389
 20
57.161
 10
148.335
 20
57.114
 10
148.275
 20
57.074
 10
148.21
 20
57.042
 10
148.142
 20
57.019
 10
148.072
 20
57.005
 10
148.0
 20
57.0
 10
147.928
 20
57.005
 10
147.858
 20
57.019
 10
147.79
 20
57.042
 10
147.725
 20
57.074
 10
147.665
 20
57.114
 10
147.611
 20
57.161
 10
147.564
 20
57.215
 10
147.524
 20
57.275
 10
147.492
 20
57.34
 10
147.469
 20
57.408
 10
147.455
 20
57.478
 10
147.45
 20
57.55
 10
147.455
 20
57.622
 10
147.469
 20
57.692
 10
147.492
 20
57.76
 10
147.524
 20
57.825
 10
147.564
 20
57.885
 10
147.611
 20
57.939
 10
147.665
 20
57.986
 10
147.725
 20
58.026
 10
147.79
 20
58.058
 10
147.858
 20
58.081
 10
147.928
 20
58.095
 10
148.0
 20
58.1
 10
148.072
 20
58.095
 10
148.142
 20
58.081
 10
148.21
 20
58.058
 10
148.275
 20
58.026
 10
148.335
 20
57.986
 10
148.389
 20
57.939
 10
148.436
 20
57.885
 10
148.476
 20
57.825
 10
148.508
 20
57.76
 10
148.531
 20
57.692
 10
148.545
 20
57.622
 97
0
 75
0
 76
1
 98
0
  0
HATCH
  5
149
330
17
100
AcDbEntity
  8
RASTER
 62
7
100
AcDbHatch
 10
0.0
 20
0.0
 30
0.0
210
0.0
220
0.0
230
1.0
  2
SOLID
 70
1
 71
0
 91
1
 92
3
 72
0
 73
1
 93
48
 10
148.55
 20
54.88
 10
148.545
 20
54.808
 10
148.531
 20
54.738
 10
148.508
 20
54.67
 10
148.476
 20
54.605
 10
148.436
 20
54.545
 10
148.389
 20
54.491
 10
148.335
 20
54.444
 10
148.275
 20
54.404
 10
148.21
 20
54.372
 10
148.142
 20
54.349
 10
148.072
 20
54.335
 10
148.0
 20
54.33
 10
147.928
 20
54.335
 10
147.858
 20
54.349
 10
147.79
 20
54.372
 10
147.725
 20
54.404
 10
147.665
 20
54.444
 10
147.611
 20
54.491
 10
147.564
 20
54.545
 10
147.524
 20
54.605
 10
147.492
 20
54.67
 10
147.469
 20
54.738
 10
147.455
 20
54.808
 10
147.45
 20
54.88
 10
147.455
 20
54.952
 10
147.469
 20
55.022
 10
147.492
 20
55.09
 10
147.524
 20
55.155
 10
147.564
 20
55.215
 10
147.611
 20
55.269
 10
147.665
 20
55.316
 10
147.725
 20
55.356
 10
147.79
 20
55.388
 10
147.858
 20
55.411
 10
147.928
 20
55.425
 10
148.0
 20
55.43
 10
148.072
 20
55.425
 10
148.142
 20
55.411
 10
148.21
 20
55.388
 10
148.275
 20
55.356
 10
148.335
 20
55.316
 10
148.389
 20
55.269
 10
148.436
 20
55.215
 10
148.476
 20
55.155
 10
148.508
 20
55.09
 10
148.531
 20
55.022
 10
148.545
 20
54.952
 97
0
 75
0
 76
1
 98
0
  0
LWPOLYLINE
  5
14A
330
17
100
AcDbEntity
  8
CUT
100
AcDbPolyline
 90
68
 70
1
 10
171.96
 20
55.64
 10
175.1
 20
55.64
 10
189.86
 20
55.64
 10
189.85
 20
55.64
 10
189.85
 20
58.903
 10
189.957
 20
59.713
 10
190.27
 20
60.47
 10
190.769
 20
61.121
 10
191.42
 20
61.62
 10
192.177
 20
61.933
 10
192.987
 20
62.04
 10
201.493
 20
62.04
 10
202.303
 20
61.933
 10
203.06
 20
61.62
 10
203.711
 20
61.121
 10
204.21
 20
60.47
 10
204.523
 20
59.713
 10
204.63
 20
58.903
 10
204.63
 20
55.64
 10
204.62
 20
55.64
 10
219.38
 20
55.64
 10
219.37
 20
55.64
 10
219.37
 20
58.903
 10
219.477
 20
59.713
 10
219.79
 20
60.47
 10
220.289
 20
61.121
 10
220.94
 20
61.62
 10
221.697
 20
61.933
 10
222.507
 20
62.04
 10
231.013
 20
62.04
 10
231.823
 20
61.933
 10
232.58
 20
61.62
 10
233.231
 20
61.121
 10
233.73
 20
60.47
 10
234.043
 20
59.713
 10
234.15
 20
58.903
 10
234.15
 20
55.64
 10
234.14
 20
55.64
 10
248.9
 20
55.64
 10
252.04
 20
55.64
 10
252.04
 20
53.16
 10
248.9
 20
53.16
 10
243.263
 20
53.16
 10
243.263
 20
50.06
 10
237.506
 20
50.06
 10
237.506
 20
53.16
 10
231.909
 20
53.16
 10
231.909
 20
50.06
 10
226.152
 20
50.06
 10
226.152
 20
53.16
 10
220.555
 20
53.16
 10
220.555
 20
50.06
 10
214.798
 20
50.06
 10
214.798
 20
53.16
 10
209.202
 20
53.16
 10
209.202
 20
50.06
 10
203.445
 20
50.06
 10
203.445
 20
53.16
 10
197.848
 20
53.16
 10
197.848
 20
50.06
 10
192.091
 20
50.06
 10
192.091
 20
53.16
 10
186.494
 20
53.16
 10
186.494
 20
50.06
 10
180.737
 20
50.06
 10
180.737
 20
53.16
 10
175.1
 20
53.16
 10
171.96
 20
53.16
  0
LWPOLYLINE
  5
14B
330
17
100
AcDbEntity
  8
CUT
100
AcDbPolyline
 90
16
 70
1
 10
259.06
 20
62.04
 10
279.94
 20
62.04
 10
279.94
 20
59.073
 10
283.04
 20
59.073
 10
283.04
 20
56.027
 10
279.94
 20
56.027
 10
279.94
 20
53.06
 10
273.007
 20
53.06
 10
273.007
 20
49.96
 10
265.993
 20
49.96
 10
265.993
 20
53.06
 10
259.06
 20
53.06
 10
259.06
 20
56.027
 10
255.96
 20
56.027
 10
255.96
 20
59.073
 10
259.06
 20
59.073
  0
HATCH
  5
14C
330
17
100
AcDbEntity
  8
RASTER
 62
7
100
AcDbHatch
 10
0.0
 20
0.0
 30
0.0
210
0.0
220
0.0
230
1.0
  2
SOLID
 70
1
 71
0
 91
1
 92
3
 72
0
 73
1
 93
4
 10
260.1
 20
56.4
 10
278.9
 20
56.4
 10
278.9
 20
56.0
 10
260.1
 20
56.0
 97
0
 75
0
 76
1
 98
0
  0
LWPOLYLINE
  5
14D
330
17
100
AcDbEntity
  8
CUT
100
AcDbPolyline
 90
16
 70
1
 10
7.06
 20
31.04
 10
27.94
 20
31.04
 10
27.94
 20
28.073
 10
31.04
 20
28.073
 10
31.04
 20
25.027
 10
27.94
 20
25.027
 10
27.94
 20
22.06
 10
21.007
 20
22.06
 10
21.007
 20
18.96
 10
13.993
 20
18.96
 10
13.993
 20
22.06
 10
7.06
 20
22.06
 10
7.06
 20
25.027
 10
3.96
 20
25.027
 10
3.96
 20
28.073
 10
7.06
 20
28.073
  0
HATCH
  5
14E
330
17
100
AcDbEntity
  8
RASTER
 62
7
100
AcDbHatch
 10
0.0
 20
0.0
 30
0.0
210
0.0
220
0.0
230
1.0
  2
SOLID
 70
1
 71
0
 91
1
 92
3
 72
0
 73
1
 93
4
 10
8.1
 20
25.4
 10
26.9
 20
25.4
 10
26.9
 20
25.0
 10
8.1
 20
25.0
 97
0
 75
0
 76
1
 98
0
  0
LWPOLYLINE
  5
14F
330
17
100
AcDbEntity
  8
CUT
100
AcDbPolyline
 90
68
 70
1
 10
34.96
 20
31.04
 10
38.1
 20
31.04
 10
43.817
 20
31.04
 10
43.817
 20
27.94
 10
49.414
 20
27.94
 10
49.414
 20
31.04
 10
55.171
 20
31.04
 10
55.171
 20
27.94
 10
60.768
 20
27.94
 10
60.768
 20
31.04
 10
66.525
 20
31.04
 10
66.525
 20
27.94
 10
72.122
 20
27.94
 10
72.122
 20
31.04
 10
77.878
 20
31.04
 10
77.878
 20
27.94
 10
83.475
 20
27.94
 10
83.475
 20
31.04
 10
89.232
 20
31.04
 10
89.232
 20
27.94
 10
94.829
 20
27.94
 10
94.829
 20
31.04
 10
100.586
 20
31.04
 10
100.586
 20
27.94
 10
106.183
 20
27.94
 10
106.183
 20
31.04
 10
111.9
 20
31.04
 10
115.04
 20
31.04
 10
115.04
 20
27.9
 10
115.04
 20
20.927
 10
111.94
 20
20.927
 10
111.94
 20
14.073
 10
115.04
 20
14.073
 10
115.04
 20
7.1
 10
115.04
 20
3.96
 10
111.9
 20
3.96
 10
106.183
 20
3.96
 10
106.183
 20
7.06
 10
100.586
 20
7.06
 10
100.586
 20
3.96
 10
94.829
 20
3.96
 10
94.829
 20
7.06
 10
89.232
 20
7.06
 10
89.232
 20
3.96
 10
83.475
 20
3.96
 10
83.475
 20
7.06
 10
77.878
 20
7.06
 10
77.878
 20
3.96
 10
72.122
 20
3.96
 10
72.122
 20
7.06
 10
66.525
 20
7.06
 10
66.525
 20
3.96
 10
60.768
 20
3.96
 10
60.768
 20
7.06
 10
55.171
 20
7.06
 10
55.171
 20
3.96
 10
49.414
 20
3.96
 10
49.414
 20
7.06
 10
43.817
 20
7.06
 10
43.817
 20
3.96
 10
38.1
 20
3.96
 10
34.96
 20
3.96
 10
34.96
 20
7.1
 10
34.96
 20
14.073
 10
38.06
 20
14.073
 10
38.06
 20
20.927
 10
34.96
 20
20.927
 10
34.96
 20
27.9
  0
HATCH
  5
150
330
17
100
AcDbEntity
  8
RASTER
 62
7
100
AcDbHatch
 10
0.0
 20
0.0
 30
0.0
210
0.0
220
0.0
230
1.0
  2
SOLID
 70
1
 71
0
 91
1
 92
3
 72
0
 73
1
 93
4
 10
39.1
 20
23.2
 10
110.9
 20
23.2
 10
110.9
 20
22.6
 10
39.1
 20
22.6
 97
0
 75
0
 76
1
 98
0
  0
HATCH
  5
151
330
17
100
AcDbEntity
  8
RASTER
 62
7
100
AcDbHatch
 10
0.0
 20
0.0
 30
0.0
210
0.0
220
0.0
230
1.0
  2
SOLID
 70
1
 71
0
 91
1
 92
3
 72
0
 73
1
 93
4
 10
39.1
 20
18.2
 10
110.9
 20
18.2
 10
110.9
 20
17.6
 10
39.1
 20
17.6
 97
0
 75
0
 76
1
 98
0
  0
HATCH
  5
152
330
17
100
AcDbEntity
  8
RASTER
 62
7
100
AcDbHatch
 10
0.0
 20
0.0
 30
0.0
210
0.0
220
0.0
230
1.0
  2
SOLID
 70
1
 71
0
 91
1
 92
3
 72
0
 73
1
 93
4
 10
39.1
 20
13.2
 10
110.9
 20
13.2
 10
110.9
 20
12.6
 10
39.1
 20
12.6
 97
0
 75
0
 76
1
 98
0
  0
HATCH
  5
153
330
17
100
AcDbEntity
  8
RASTER
 62
7
100
AcDbHatch
 10
0.0
 20
0.0
 30
0.0
210
0.0
220
0.0
230
1.0
  2
SOLID
 70
1
 71
0
 91
1
 92
3
 72
0
 73
1
 93
4
 10
53.0
 20
31.0
 10
57.0
 20
31.0
 10
57.0
 20
4.0
 10
53.0
 20
4.0
 97
0
 75
0
 76
1
 98
0
  0
HATCH
  5
154
330
17
100
AcDbEntity
  8
RASTER
 62
7
100
AcDbHatch
 10
0.0
 20
0.0
 30
0.0
210
0.0
220
0.0
230
1.0
  2
SOLID
 70
1
 71
0
 91
1
 92
3
 72
0
 73
1
 93
48
 10
55.55
 20
25.6
 10
55.545
 20
25.528
 10
55.531
 20
25.458
 10
55.508
 20
25.39
 10
55.476
 20
25.325
 10
55.436
 20
25.265
 10
55.389
 20
25.211
 10
55.335
 20
25.164
 10
55.275
 20
25.124
 10
55.21
 20
25.092
 10
55.142
 20
25.069
 10
55.072
 20
25.055
 10
55.0
 20
25.05
 10
54.928
 20
25.055
 10
54.858
 20
25.069
 10
54.79
 20
25.092
 10
54.725
 20
25.124
 10
54.665
 20
25.164
 10
54.611
 20
25.211
 10
54.564
 20
25.265
 10
54.524
 20
25.325
 10
54.492
 20
25.39
 10
54.469
 20
25.458
 10
54.455
 20
25.528
 10
54.45
 20
25.6
 10
54.455
 20
25.672
 10
54.469
 20
25.742
 10
54.492
 20
25.81
 10
54.524
 20
25.875
 10
54.564
 20
25.935
 10
54.611
 20
25.989
 10
54.665
 20
26.036
 10
54.725
 20
26.076
 10
54.79
 20
26.108
 10
54.858
 20
26.131
 10
54.928
 20
26.145
 10
55.0
 20
26.15
 10
55.072
 20
26.145
 10
55.142
 20
26.131
 10
55.21
 20
26.108
 10
55.275
 20
26.076
 10
55.335
 20
26.036
 10
55.389
 20
25.989
 10
55.436
 20
25.935
 10
55.476
 20
25.875
 10
55.508
 20
25.81
 10
55.531
 20
25.742
 10
55.545
 20
25.672
 97
0
 75
0
 76
1
 98
0
  0
HATCH
  5
155
330
17
100
AcDbEntity
  8
RASTER
 62
7
100
AcDbHatch
 10
0.0
 20
0.0
 30
0.0
210
0.0
220
0.0
230
1.0
  2
SOLID
 70
1
 71
0
 91
1
 92
3
 72
0
 73
1
 93
48
 10
55.55
 20
17.5
 10
55.545
 20
17.428
 10
55.531
 20
17.358
 10
55.508
 20
17.29
 10
55.476
 20
17.225
 10
55.436
 20
17.165
 10
55.389
 20
17.111
 10
55.335
 20
17.064
 10
55.275
 20
17.024
 10
55.21
 20
16.992
 10
55.142
 20
16.969
 10
55.072
 20
16.955
 10
55.0
 20
16.95
 10
54.928
 20
16.955
 10
54.858
 20
16.969
 10
54.79
 20
16.992
 10
54.725
 20
17.024
 10
54.665
 20
17.064
 10
54.611
 20
17.111
 10
54.564
 20
17.165
 10
54.524
 20
17.225
 10
54.492
 20
17.29
 10
54.469
 20
17.358
 10
54.455
 20
17.428
 10
54.45
 20
17.5
 10
54.455
 20
17.572
 10
54.469
 20
17.642
 10
54.492
 20
17.71
 10
54.524
 20
17.775
 10
54.564
 20
17.835
 10
54.611
 20
17.889
 10
54.665
 20
17.936
 10
54.725
 20
17.976
 10
54.79
 20
18.008
 10
54.858
 20
18.031
 10
54.928
 20
18.045
 10
55.0
 20
18.05
 10
55.072
 20
18.045
 10
55.142
 20
18.031
 10
55.21
 20
18.008
 10
55.275
 20
17.976
 10
55.335
 20
17.936
 10
55.389
 20
17.889
 10
55.436
 20
17.835
 10
55.476
 20
17.775
 10
55.508
 20
17.71
 10
55.531
 20
17.642
 10
55.545
 20
17.572
 97
0
 75
0
 76
1
 98
0
  0
HATCH
  5
156
330
17
100
AcDbEntity
  8
RASTER
 62
7
100
AcDbHatch
 10
0.0
 20
0.0
 30
0.0
210
0.0
220
0.0
230
1.0
  2
SOLID
 70
1
 71
0
 91
1
 92
3
 72
0
 73
1
 93
48
 10
55.55
 20
9.4
 10
55.545
 20
9.328
 10
55.531
 20
9.258
 10
55.508
 20
9.19
 10
55.476
 20
9.125
 10
55.436
 20
9.065
 10
55.389
 20
9.011
 10
55.335
 20
8.964
 10
55.275
 20
8.924
 10
55.21
 20
8.892
 10
55.142
 20
8.869
 10
55.072
 20
8.855
 10
55.0
 20
8.85
 10
54.928
 20
8.855
 10
54.858
 20
8.869
 10
54.79
 20
8.892
 10
54.725
 20
8.924
 10
54.665
 20
8.964
 10
54.611
 20
9.011
 10
54.564
 20
9.065
 10
54.524
 20
9.125
 10
54.492
 20
9.19
 10
54.469
 20
9.258
 10
54.455
 20
9.328
 10
54.45
 20
9.4
 10
54.455
 20
9.472
 10
54.469
 20
9.542
 10
54.492
 20
9.61
 10
54.524
 20
9.675
 10
54.564
 20
9.735
 10
54.611
 20
9.789
 10
54.665
 20
9.836
 10
54.725
 20
9.876
 10
54.79
 20
9.908
 10
54.858
 20
9.931
 10
54.928
 20
9.945
 10
55.0
 20
9.95
 10
55.072
 20
9.945
 10
55.142
 20
9.931
 10
55.21
 20
9.908
 10
55.275
 20
9.876
 10
55.335
 20
9.836
 10
55.389
 20
9.789
 10
55.436
 20
9.735
 10
55.476
 20
9.675
 10
55.508
 20
9.61
 10
55.531
 20
9.542
 10
55.545
 20
9.472
 97
0
 75
0
 76
1
 98
0
  0
HATCH
  5
157
330
17
100
AcDbEntity
  8
RASTER
 62
7
100
AcDbHatch
 10
0.0
 20
0.0
 30
0.0
210
0.0
220
0.0
230
1.0
  2
SOLID
 70
1
 71
0
 91
1
 92
3
 72
0
 73
1
 93
4
 10
93.0
 20
31.0
 10
97.0
 20
31.0
 10
97.0
 20
4.0
 10
93.0
 20
4.0
 97
0
 75
0
 76
1
 98
0
  0
HATCH
  5
158
330
17
100
AcDbEntity
  8
RASTER
 62
7
100
AcDbHatch
 10
0.0
 20
0.0
 30
0.0
210
0.0
220
0.0
230
1.0
  2
SOLID
 70
1
 71
0
 91
1
 92
3
 72
0
 73
1
 93
48
 10
95.55
 20
25.6
 10
95.545
 20
25.528
 10
95.531
 20
25.458
 10
95.508
 20
25.39
 10
95.476
 20
25.325
 10
95.436
 20
25.265
 10
95.389
 20
25.211
 10
95.335
 20
25.164
 10
95.275
 20
25.124
 10
95.21
 20
25.092
 10
95.142
 20
25.069
 10
95.072
 20
25.055
 10
95.0
 20
25.05
 10
94.928
 20
25.055
 10
94.858
 20
25.069
 10
94.79
 20
25.092
 10
94.725
 20
25.124
 10
94.665
 20
25.164
 10
94.611
 20
25.211
 10
94.564
 20
25.265
 10
94.524
 20
25.325
 10
94.492
 20
25.39
 10
94.469
 20
25.458
 10
94.455
 20
25.528
 10
94.45
 20
25.6
 10
94.455
 20
25.672
 10
94.469
 20
25.742
 10
94.492
 20
25.81
 10
94.524
 20
25.875
 10
94.564
 20
25.935
 10
94.611
 20
25.989
 10
94.665
 20
26.036
 10
94.725
 20
26.076
 10
94.79
 20
26.108
 10
94.858
 20
26.131
 10
94.928
 20
26.145
 10
95.0
 20
26.15
 10
95.072
 20
26.145
 10
95.142
 20
26.131
 10
95.21
 20
26.108
 10
95.275
 20
26.076
 10
95.335
 20
26.036
 10
95.389
 20
25.989
 10
95.436
 20
25.935
 10
95.476
 20
25.875
 10
95.508
 20
25.81
 10
95.531
 20
25.742
 10
95.545
 20
25.672
 97
0
 75
0
 76
1
 98
0
  0
HATCH
  5
159
330
17
100
AcDbEntity
  8
RASTER
 62
7
100
AcDbHatch
 10
0.0
 20
0.0
 30
0.0
210
0.0
220
0.0
230
1.0
  2
SOLID
 70
1
 71
0
 91
1
 92
3
 72
0
 73
1
 93
48
 10
95.55
 20
17.5
 10
95.545
 20
17.428
 10
95.531
 20
17.358
 10
95.508
 20
17.29
 10
95.476
 20
17.225
 10
95.436
 20
17.165
 10
95.389
 20
17.111
 10
95.335
 20
17.064
 10
95.275
 20
17.024
 10
95.21
 20
16.992
 10
95.142
 20
16.969
 10
95.072
 20
16.955
 10
95.0
 20
16.95
 10
94.928
 20
16.955
 10
94.858
 20
16.969
 10
94.79
 20
16.992
 10
94.725
 20
17.024
 10
94.665
 20
17.064
 10
94.611
 20
17.111
 10
94.564
 20
17.165
 10
94.524
 20
17.225
 10
94.492
 20
17.29
 10
94.469
 20
17.358
 10
94.455
 20
17.428
 10
94.45
 20
17.5
 10
94.455
 20
17.572
 10
94.469
 20
17.642
 10
94.492
 20
17.71
 10
94.524
 20
17.775
 10
94.564
 20
17.835
 10
94.611
 20
17.889
 10
94.665
 20
17.936
 10
94.725
 20
17.976
 10
94.79
 20
18.008
 10
94.858
 20
18.031
 10
94.928
 20
18.045
 10
95.0
 20
18.05
 10
95.072
 20
18.045
 10
95.142
 20
18.031
 10
95.21
 20
18.008
 10
95.275
 20
17.976
 10
95.335
 20
17.936
 10
95.389
 20
17.889
 10
95.436
 20
17.835
 10
95.476
 20
17.775
 10
95.508
 20
17.71
 10
95.531
 20
17.642
 10
95.545
 20
17.572
 97
0
 75
0
 76
1
 98
0
  0
HATCH
  5
15A
330
17
100
AcDbEntity
  8
RASTER
 62
7
100
AcDbHatch
 10
0.0
 20
0.0
 30
0.0
210
0.0
220
0.0
230
1.0
  2
SOLID
 70
1
 71
0
 91
1
 92
3
 72
0
 73
1
 93
48
 10
95.55
 20
9.4
 10
95.545
 20
9.328
 10
95.531
 20
9.258
 10
95.508
 20
9.19
 10
95.476
 20
9.125
 10
95.436
 20
9.065
 10
95.389
 20
9.011
 10
95.335
 20
8.964
 10
95.275
 20
8.924
 10
95.21
 20
8.892
 10
95.142
 20
8.869
 10
95.072
 20
8.855
 10
95.0
 20
8.85
 10
94.928
 20
8.855
 10
94.858
 20
8.869
 10
94.79
 20
8.892
 10
94.725
 20
8.924
 10
94.665
 20
8.964
 10
94.611
 20
9.011
 10
94.564
 20
9.065
 10
94.524
 20
9.125
 10
94.492
 20
9.19
 10
94.469
 20
9.258
 10
94.455
 20
9.328
 10
94.45
 20
9.4
 10
94.455
 20
9.472
 10
94.469
 20
9.542
 10
94.492
 20
9.61
 10
94.524
 20
9.675
 10
94.564
 20
9.735
 10
94.611
 20
9.789
 10
94.665
 20
9.836
 10
94.725
 20
9.876
 10
94.79
 20
9.908
 10
94.858
 20
9.931
 10
94.928
 20
9.945
 10
95.0
 20
9.95
 10
95.072
 20
9.945
 10
95.142
 20
9.931
 10
95.21
 20
9.908
 10
95.275
 20
9.876
 10
95.335
 20
9.836
 10
95.389
 20
9.789
 10
95.436
 20
9.735
 10
95.476
 20
9.675
 10
95.508
 20
9.61
 10
95.531
 20
9.542
 10
95.545
 20
9.472
 97
0
 75
0
 76
1
 98
0
  0
LWPOLYLINE
  5
15B
330
17
100
AcDbEntity
  8
CUT
100
AcDbPolyline
 90
52
 70
1
 10
118.96
 20
30.601
 10
118.963
 20
30.668
 10
118.972
 20
30.73
 10
118.987
 20
30.788
 10
119.009
 20
30.84
 10
119.037
 20
30.887
 10
119.072
 20
30.928
 10
119.113
 20
30.963
 10
119.16
 20
30.991
 10
119.212
 20
31.013
 10
119.27
 20
31.028
 10
119.332
 20
31.037
 10
119.399
 20
31.04
 10
131.081
 20
31.04
 10
131.148
 20
31.037
 10
131.21
 20
31.028
 10
131.268
 20
31.013
 10
131.32
 20
30.991
 10
131.367
 20
30.963
 10
131.408
 20
30.928
 10
131.443
 20
30.887
 10
131.471
 20
30.84
 10
131.493
 20
30.788
 10
131.508
 20
30.73
 10
131.517
 20
30.668
 10
131.52
 20
30.601
 10
131.52
 20
28.399
 10
131.517
 20
28.332
 10
131.508
 20
28.27
 10
131.493
 20
28.212
 10
131.471
 20
28.16
 10
131.443
 20
28.113
 10
131.408
 20
28.072
 10
131.367
 20
28.037
 10
131.32
 20
28.009
 10
131.268
 20
27.987
 10
131.21
 20
27.972
 10
131.148
 20
27.963
 10
131.081
 20
27.96
 10
119.399
 20
27.96
 10
119.332
 20
27.963
 10
119.27
 20
27.972
 10
119.212
 20
27.987
 10
119.16
 20
28.009
 10
119.113
 20
28.037
 10
119.072
 20
28.072
 10
119.037
 20
28.113
 10
119.009
 20
28.16
 10
118.987
 20
28.212
 10
118.972
 20
28.27
 10
118.963
 20
28.332
 10
118.96
 20
28.399
  0
LWPOLYLINE
  5
15C
330
17
100
AcDbEntity
  8
CUT
100
AcDbPolyline
 90
52
 70
1
 10
135.44
 20
30.601
 10
135.443
 20
30.668
 10
135.452
 20
30.73
 10
135.467
 20
30.788
 10
135.489
 20
30.84
 10
135.517
 20
30.887
 10
135.552
 20
30.928
 10
135.593
 20
30.963
 10
135.64
 20
30.991
 10
135.692
 20
31.013
 10
135.75
 20
31.028
 10
135.812
 20
31.037
 10
135.879
 20
31.04
 10
147.561
 20
31.04
 10
147.628
 20
31.037
 10
147.69
 20
31.028
 10
147.748
 20
31.013
 10
147.8
 20
30.991
 10
147.847
 20
30.963
 10
147.888
 20
30.928
 10
147.923
 20
30.887
 10
147.951
 20
30.84
 10
147.973
 20
30.788
 10
147.988
 20
30.73
 10
147.997
 20
30.668
 10
148.0
 20
30.601
 10
148.0
 20
28.399
 10
147.997
 20
28.332
 10
147.988
 20
28.27
 10
147.973
 20
28.212
 10
147.951
 20
28.16
 10
147.923
 20
28.113
 10
147.888
 20
28.072
 10
147.847
 20
28.037
 10
147.8
 20
28.009
 10
147.748
 20
27.987
 10
147.69
 20
27.972
 10
147.628
 20
27.963
 10
147.561
 20
27.96
 10
135.879
 20
27.96
 10
135.812
 20
27.963
 10
135.75
 20
27.972
 10
135.692
 20
27.987
 10
135.64
 20
28.009
 10
135.593
 20
28.037
 10
135.552
 20
28.072
 10
135.517
 20
28.113
 10
135.489
 20
28.16
 10
135.467
 20
28.212
 10
135.452
 20
28.27
 10
135.443
 20
28.332
 10
135.44
 20
28.399
  0
ENDSEC
  0
SECTION
  2
OBJECTS
  0
DICTIONARY
  5
A
330
0
100
AcDbDictionary
281
1
  3
ACAD_COLOR
350
B
  3
ACAD_GROUP
350
C
  3
ACAD_LAYOUT
350
D
  3
ACAD_MATERIAL
350
E
  3
ACAD_MLEADERSTYLE
350
F
  3
ACAD_MLINESTYLE
350
10
  3
ACAD_PLOTSETTINGS
350
11
  3
ACAD_PLOTSTYLENAME
350
12
  3
ACAD_SCALELIST
350
14
  3
ACAD_TABLESTYLE
350
15
  3
ACAD_VISUALSTYLE
350
16
  3
EZDXF_META
350
2D
  0
DICTIONARY
  5
B
330
A
100
AcDbDictionary
281
1
  0
DICTIONARY
  5
C
330
A
100
AcDbDictionary
281
1
  0
DICTIONARY
  5
D
330
A
100
AcDbDictionary
281
1
  3
Model
350
1A
  3
Layout1
350
1E
  0
DICTIONARY
  5
E
330
A
100
AcDbDictionary
281
1
  3
ByBlock
350
1F
  3
ByLayer
350
20
  3
Global
350
21
  0
DICTIONARY
  5
F
330
A
100
AcDbDictionary
281
1
  3
Standard
350
2C
  0
DICTIONARY
  5
10
330
A
100
AcDbDictionary
281
1
  3
Standard
350
22
  0
DICTIONARY
  5
11
330
A
100
AcDbDictionary
281
1
  0
ACDBDICTIONARYWDFLT
  5
12
330
A
100
AcDbDictionary
281
1
  3
Normal
350
13
100
AcDbDictionaryWithDefault
340
13
  0
ACDBPLACEHOLDER
  5
13
330
12
  0
DICTIONARY
  5
14
330
A
100
AcDbDictionary
281
1
  0
DICTIONARY
  5
15
330
A
100
AcDbDictionary
281
1
  0
DICTIONARY
  5
16
330
A
100
AcDbDictionary
281
1
  0
LAYOUT
  5
1A
330
D
100
AcDbPlotSettings
  1

  4
A3
  6

 40
7.5
 41
20.0
 42
7.5
 43
20.0
 44
420.0
 45
297.0
 46
0.0
 47
0.0
 48
0.0
 49
0.0
140
0.0
141
0.0
142
1.0
143
1.0
 70
1024
 72
1
 73
0
 74
5
  7

 75
16
 76
0
 77
2
 78
300
147
1.0
148
0.0
149
0.0
100
AcDbLayout
  1
Model
 70
1
 71
0
 10
0.0
 20
0.0
 11
420.0
 21
297.0
 12
0.0
 22
0.0
 32
0.0
 14
1e+20
 24
1e+20
 34
1e+20
 15
-1e+20
 25
-1e+20
 35
-1e+20
146
0.0
 13
0.0
 23
0.0
 33
0.0
 16
1.0
 26
0.0
 36
0.0
 17
0.0
 27
1.0
 37
0.0
 76
1
330
17
  0
LAYOUT
  5
1E
330
D
100
AcDbPlotSettings
  1

  4
A3
  6

 40
7.5
 41
20.0
 42
7.5
 43
20.0
 44
420.0
 45
297.0
 46
0.0
 47
0.0
 48
0.0
 49
0.0
140
0.0
141
0.0
142
1.0
143
1.0
 70
0
 72
1
 73
0
 74
5
  7

 75
16
 76
0
 77
2
 78
300
147
1.0
148
0.0
149
0.0
100
AcDbLayout
  1
Layout1
 70
1
 71
1
 10
0.0
 20
0.0
 11
420.0
 21
297.0
 12
0.0
 22
0.0
 32
0.0
 14
1e+20
 24
1e+20
 34
1e+20
 15
-1e+20
 25
-1e+20
 35
-1e+20
146
0.0
 13
0.0
 23
0.0
 33
0.0
 16
1.0
 26
0.0
 36
0.0
 17
0.0
 27
1.0
 37
0.0
 76
1
330
1B
  0
MATERIAL
  5
1F
102
{ACAD_REACTORS
330
E
102
}
330
E
100
AcDbMaterial
  1
ByBlock
  2

 70
0
 40
1.0
 71
1
 41
1.0
 91
-1023410177
 42
1.0
 72
1
  3

 73
1
 74
1
 75
1
 44
0.5
 73
0
 45
1.0
 46
1.0
 77
1
  4

 78
1
 79
1
170
1
 48
1.0
171
1
  6

172
1
173
1
174
1
140
1.0
141
1.0
175
1
  7

176
1
177
1
178
1
143
1.0
179
1
  8

270
1
271
1
272
1
145
1.0
146
1.0
273
1
  9

274
1
275
1
276
1
 42
1.0
 72
1
  3

 73
1
 74
1
 75
1
 94
63
  0
MATERIAL
  5
20
102
{ACAD_REACTORS
330
E
102
}
330
E
100
AcDbMaterial
  1
ByLayer
  2

 70
0
 40
1.0
 71
1
 41
1.0
 91
-1023410177
 42
1.0
 72
1
  3

 73
1
 74
1
 75
1
 44
0.5
 73
0
 45
1.0
 46
1.0
 77
1
  4

 78
1
 79
1
170
1
 48
1.0
171
1
  6

172
1
173
1
174
1
140
1.0
141
1.0
175
1
  7

176
1
177
1
178
1
143
1.0
179
1
  8

270
1
271
1
272
1
145
1.0
146
1.0
273
1
  9

274
1
275
1
276
1
 42
1.0
 72
1
  3

 73
1
 74
1
 75
1
 94
63
  0
MATERIAL
  5
21
102
{ACAD_REACTORS
330
E
102
}
330
E
100
AcDbMaterial
  1
Global
  2

 70
0
 40
1.0
 71
1
 41
1.0
 91
-1023410177
 42
1.0
 72
1
  3

 73
1
 74
1
 75
1
 44
0.5
 73
0
 45
1.0
 46
1.0
 77
1
  4

 78
1
 79
1
170
1
 48
1.0
171
1
  6

172
1
173
1
174
1
140
1.0
141
1.0
175
1
  7

176
1
177
1
178
1
143
1.0
179
1
  8

270
1
271
1
272
1
145
1.0
146
1.0
273
1
  9

274
1
275
1
276
1
 42
1.0
 72
1
  3

 73
1
 74
1
 75
1
 94
63
  0
MLINESTYLE
  5
22
102
{ACAD_REACTORS
330
10
102
}
330
10
100
AcDbMlineStyle
  2
Standard
 70
0
  3

 62
256
 51
90.0
 52
90.0
 71
2
 49
0.5
 62
256
  6
BYLAYER
 49
-0.5
 62
256
  6
BYLAYER
  0
MLEADERSTYLE
  5
2C
102
{ACAD_REACTORS
330
F
102
}
330
F
100
AcDbMLeaderStyle
179
2
170
2
171
1
172
0
 90
2
 40
0.0
 41
0.0
173
1
 91
-1056964608
 92
-2
290
1
 42
2.0
291
1
 43
8.0
  3
Standard
 44
4.0
300

342
29
174
1
175
1
176
0
178
1
 93
-1056964608
 45
4.0
292
0
297
0
 46
4.0
 94
-1056964608
 47
1.0
 49
1.0
140
1.0
294
1
141
0.0
177
0
142
1.0
295
0
296
0
143
3.75
271
0
272
9
273
9
  0
DICTIONARY
  5
2D
330
A
100
AcDbDictionary
280
1
281
1
  3
CREATED_BY_EZDXF
350
2E
  3
WRITTEN_BY_EZDXF
350
15F
  0
DICTIONARYVAR
  5
2E
330
2D
100
DictionaryVariables
280
0
  1
1.4.2 @ 2026-08-25T23:57:12.814698+00:00
  0
DICTIONARYVAR
  5
15F
330
2D
100
DictionaryVariables
280
0
  1
1.4.2 @ 2026-08-25T23:57:12.825885+00:00
  0
ENDSEC
  0
EOF
