  0
SECTION
  2
HEADER
  9
$ACADVER
  1
AC1015
  9
$ACADMAINTVER
 70
6
  9
$DWGCODEPAGE
  3
ANSI_1252
  9
$INSBASE
 10
0.0
 20
0.0
 30
0.0
  9
$EXTMIN
 10
1e+20
 20
1e+20
 30
1e+20
  9
$EXTMAX
 10
-1e+20
 20
-1e+20
 30
-1e+20
  9
$LIMMIN
 10
0.0
 20
0.0
  9
$LIMMAX
 10
420.0
 20
297.0
  9
$ORTHOMODE
 70
0
  9
$REGENMODE
 70
1
  9
$FILLMODE
 70
1
  9
$QTEXTMODE
 70
0
  9
$MIRRTEXT
 70
1
  9
$LTSCALE
 40
1.0
  9
$ATTMODE
 70
1
  9
$TEXTSIZE
 40
2.5
  9
$TRACEWID
 40
1.0
  9
$TEXTSTYLE
  7
Standard
  9
$CLAYER
  8
0
  9
$CELTYPE
  6
ByLayer
  9
$CECOLOR
 62
256
  9
$CELTSCALE
 40
1.0
  9
$DISPSILH
 70
0
  9
$DIMSCALE
 40
1.0
  9
$DIMASZ
 40
2.5
  9
$DIMEXO
 40
0.625
  9
$DIMDLI
 40
3.75
  9
$DIMRND
 40
0.0
  9
$DIMDLE
 40
0.0
  9
$DIMEXE
 40
1.25
  9
$DIMTP
 40
0.0
  9
$DIMTM
 40
0.0
  9
$DIMTXT
 40
2.5
  9
$DIMCEN
 40
2.5
  9
$DIMTSZ
 40
0.0
  9
$DIMTOL
 70
0
  9
$DIMLIM
 70
0
  9
$DIMTIH
 70
0
  9
$DIMTOH
 70
0
  9
$DIMSE1
 70
0
  9
$DIMSE2
 70
0
  9
$DIMTAD
 70
1
  9
$DIMZIN
 70
8
  9
$DIMBLK
  1

  9
$DIMASO
 70
1
  9
$DIMSHO
 70
1
  9
$DIMPOST
  1

  9
$DIMAPOST
  1

  9
$DIMALT
 70
0
  9
$DIMALTD
 70
3
  9
$DIMALTF
 40
0.03937007874
  9
$DIMLFAC
 40
1.0
  9
$DIMTOFL
 70
1
  9
$DIMTVP
 40
0.0
  9
$DIMTIX
 70
0
  9
$DIMSOXD
 70
0
  9
$DIMSAH
 70
0
  9
$DIMBLK1
  1

  9
$DIMBLK2
  1

  9
$DIMSTYLE
  2
ISO-25
  9
$DIMCLRD
 70
0
  9
$DIMCLRE
 70
0
  9
$DIMCLRT
 70
0
  9
$DIMTFAC
 40
1.0
  9
$DIMGAP
 40
0.625
  9
$DIMJUST
 70
0
  9
$DIMSD1
 70
0
  9
$DIMSD2
 70
0
  9
$DIMTOLJ
 70
0
  9
$DIMTZIN
 70
8
  9
$DIMALTZ
 70
0
  9
$DIMALTTZ
 70
0
  9
$DIMUPT
 70
0
  9
$DIMDEC
 70
2
  9
$DIMTDEC
 70
2
  9
$DIMALTU
 70
2
  9
$DIMALTTD
 70
3
  9
$DIMTXSTY
  7
Standard
  9
$DIMAUNIT
 70
0
  9
$DIMADEC
 70
0
  9
$DIMALTRND
 40
0.0
  9
$DIMAZIN
 70
0
  9
$DIMDSEP
 70
44
  9
$DIMATFIT
 70
3
  9
$DIMFRAC
 70
0
  9
$DIMLDRBLK
  1

  9
$DIMLUNIT
 70
2
  9
$DIMLWD
 70
-2
  9
$DIMLWE
 70
-2
  9
$DIMTMOVE
 70
0
  9
$LUNITS
 70
2
  9
$LUPREC
 70
4
  9
$SKETCHINC
 40
1.0
  9
$FILLETRAD
 40
10.0
  9
$AUNITS
 70
0
  9
$AUPREC
 70
2
  9
$MENU
  1
.
  9
$ELEVATION
 40
0.0
  9
$PELEVATION
 40
0.0
  9
$THICKNESS
 40
0.0
  9
$LIMCHECK
 70
0
  9
$CHAMFERA
 40
0.0
  9
$CHAMFERB
 40
0.0
  9
$CHAMFERC
 40
0.0
  9
$CHAMFERD
 40
0.0
  9
$SKPOLY
 70
0
  9
$TDCREATE
 40
2461278.831388889
  9
$TDUCREATE
 40
2458532.153996898
  9
$TDUPDATE
 40
2461278.831388889
  9
$TDUUPDATE
 40
2458532.1544311
  9
$TDINDWG
 40
0.0
  9
$TDUSRTIMER
 40
0.0
  9
$USRTIMER
 70
1
  9
$ANGBASE
 50
0.0
  9
$ANGDIR
 70
0
  9
$PDMODE
 70
0
  9
$PDSIZE
 40
0.0
  9
$PLINEWID
 40
0.0
  9
$SPLFRAME
 70
0
  9
$SPLINETYPE
 70
6
  9
$SPLINESEGS
 70
8
  9
$HANDSEED
  5
6C
  9
$SURFTAB1
 70
6
  9
$SURFTAB2
 70
6
  9
$SURFTYPE
 70
6
  9
$SURFU
 70
6
  9
$SURFV
 70
6
  9
$UCSBASE
  2

  9
$UCSNAME
  2

  9
$UCSORG
 10
0.0
 20
0.0
 30
0.0
  9
$UCSXDIR
 10
1.0
 20
0.0
 30
0.0
  9
$UCSYDIR
 10
0.0
 20
1.0
 30
0.0
  9
$UCSORTHOREF
  2

  9
$UCSORTHOVIEW
 70
0
  9
$UCSORGTOP
 10
0.0
 20
0.0
 30
0.0
  9
$UCSORGBOTTOM
 10
0.0
 20
0.0
 30
0.0
  9
$UCSORGLEFT
 10
0.0
 20
0.0
 30
0.0
  9
$UCSORGRIGHT
 10
0.0
 20
0.0
 30
0.0
  9
$UCSORGFRONT
 10
0.0
 20
0.0
 30
0.0
  9
$UCSORGBACK
 10
0.0
 20
0.0
 30
0.0
  9
$PUCSBASE
  2

  9
$PUCSNAME
  2

  9
$PUCSORG
 10
0.0
 20
0.0
 30
0.0
  9
$PUCSXDIR
 10
1.0
 20
0.0
 30
0.0
  9
$PUCSYDIR
 10
0.0
 20
1.0
 30
0.0
  9
$PUCSORTHOREF
  2

  9
$PUCSORTHOVIEW
 70
0
  9
$PUCSORGTOP
 10
0.0
 20
0.0
 30
0.0
  9
$PUCSORGBOTTOM
 10
0.0
 20
0.0
 30
0.0
  9
$PUCSORGLEFT
 10
0.0
 20
0.0
 30
0.0
  9
$PUCSORGRIGHT
 10
0.0
 20
0.0
 30
0.0
  9
$PUCSORGFRONT
 10
0.0
 20
0.0
 30
0.0
  9
$PUCSORGBACK
 10
0.0
 20
0.0
 30
0.0
  9
$USERI1
 70
0
  9
$USERI2
 70
0
  9
$USERI3
 70
0
  9
$USERI4
 70
0
  9
$USERI5
 70
0
  9
$USERR1
 40
0.0
  9
$USERR2
 40
0.0
  9
$USERR3
 40
0.0
  9
$USERR4
 40
0.0
  9
$USERR5
 40
0.0
  9
$WORLDVIEW
 70
1
  9
$SHADEDGE
 70
3
  9
$SHADEDIF
 70
70
  9
$TILEMODE
 70
1
  9
$MAXACTVP
 70
64
  9
$PINSBASE
 10
0.0
 20
0.0
 30
0.0
  9
$PLIMCHECK
 70
0
  9
$PEXTMIN
 10
1e+20
 20
1e+20
 30
1e+20
  9
$PEXTMAX
 10
-1e+20
 20
-1e+20
 30
-1e+20
  9
$PLIMMIN
 10
0.0
 20
0.0
  9
$PLIMMAX
 10
420.0
 20
297.0
  9
$UNITMODE
 70
0
  9
$VISRETAIN
 70
1
  9
$PLINEGEN
 70
0
  9
$PSLTSCALE
 70
1
  9
$TREEDEPTH
 70
3020
  9
$CMLSTYLE
  2
Standard
  9
$CMLJUST
 70
0
  9
$CMLSCALE
 40
20.0
  9
$PROXYGRAPHICS
 70
1
  9
$MEASUREMENT
 70
1
  9
$CELWEIGHT
370
-1
  9
$ENDCAPS
280
0
  9
$JOINSTYLE
280
0
  9
$LWDISPLAY
290
0
  9
$INSUNITS
 70
4
  9
$HYPERLINKBASE
  1

  9
$STYLESHEET
  1

  9
$XEDIT
290
1
  9
$CEPSNTYPE
380
0
  9
$PSTYLEMODE
290
1
  9
$FINGERPRINTGUID
  2
{072A2A4E-DE3A-4052-92BE-9BD91F419FAA}
  9
$VERSIONGUID
  2
{C4546188-E0DC-413E-AD03-63F1342D6FD9}
  9
$EXTNAMES
290
1
  9
$PSVPSCALE
 40
0.0
  9
$OLESTARTUP
290
0
  0
ENDSEC
  0
SECTION
  2
CLASSES
  0
CLASS
  1
ACDBDICTIONARYWDFLT
  2
AcDbDictionaryWithDefault
  3
ObjectDBX Classes
 90
0
280
0
281
0
  0
CLASS
  1
SUN
  2
AcDbSun
  3
SCENEOE
 90
1153
280
0
281
0
  0
CLASS
  1
VISUALSTYLE
  2
AcDbVisualStyle
  3
ObjectDBX Classes
 90
4095
280
0
281
0
  0
CLASS
  1
MATERIAL
  2
AcDbMaterial
  3
ObjectDBX Classes
 90
1153
280
0
281
0
  0
CLASS
  1
SCALE
  2
AcDbScale
  3
ObjectDBX Classes
 90
1153
280
0
281
0
  0
CLASS
  1
TABLESTYLE
  2
AcDbTableStyle
  3
ObjectDBX Classes
 90
4095
280
0
281
0
  0
CLASS
  1
MLEADERSTYLE
  2
AcDbMLeaderStyle
  3
ACDB_MLEADERSTYLE_CLASS
 90
4095
280
0
281
0
  0
CLASS
  1
DICTIONARYVAR
  2
AcDbDictionaryVar
  3
ObjectDBX Classes
 90
0
280
0
281
0
  0
CLASS
  1
CELLSTYLEMAP
  2
AcDbCellStyleMap
  3
ObjectDBX Classes
 90
1152
280
0
281
0
  0
CLASS
  1
MENTALRAYRENDERSETTINGS
  2
AcDbMentalRayRenderSettings
  3
SCENEOE
 90
1024
280
0
281
0
  0
CLASS
  1
ACDBDETAILVIEWSTYLE
  2
AcDbDetailViewStyle
  3
ObjectDBX Classes
 90
1025
280
0
281
0
  0
CLASS
  1
ACDBSECTIONVIEWSTYLE
  2
AcDbSectionViewStyle
  3
ObjectDBX Classes
 90
1025
280
0
281
0
  0
CLASS
  1
RASTERVARIABLES
  2
AcDbRasterVariables
  3
ISM
 90
0
280
0
281
0
  0
CLASS
  1
ACDBPLACEHOLDER
  2
AcDbPlaceHolder
  3
ObjectDBX Classes
 90
0
280
0
281
0
  0
CLASS
  1
LAYOUT
  2
AcDbLayout
  3
ObjectDBX Classes
 90
0
280
0
281
0
  0
ENDSEC
  0
SECTION
  2
TABLES
  0
TABLE
  2
VPORT
  5
8
330
0
100
AcDbSymbolTable
 70
1
  0
VPORT
  5
23
330
8
100
AcDbSymbolTableRecord
100
AcDbViewportTableRecord
  2
*Active
 70
0
 10
0.0
 20
0.0
 11
1.0
 21
1.0
 12
0.0
 22
0.0
 13
0.0
 23
0.0
 14
0.5
 24
0.5
 15
0.5
 25
0.5
 16
0.0
 26
0.0
 36
1.0
 17
0.0
 27
0.0
 37
0.0
 40
1000.0
 41
1.34
 42
50.0
 43
0.0
 44
0.0
 50
0.0
 51
0.0
 71
0
 72
1000
 73
1
 74
3
 75
0
 76
0
 77
0
 78
0
281
0
 65
0
146
0.0
  0
ENDTAB
  0
TABLE
  2
LTYPE
  5
2
330
0
100
AcDbSymbolTable
 70
3
  0
LTYPE
  5
24
330
2
100
AcDbSymbolTableRecord
100
AcDbLinetypeTableRecord
  2
ByBlock
 70
0
  3

 72
65
 73
0
 40
0.0
  0
LTYPE
  5
25
330
2
100
AcDbSymbolTableRecord
100
AcDbLinetypeTableRecord
  2
ByLayer
 70
0
  3

 72
65
 73
0
 40
0.0
  0
LTYPE
  5
26
330
2
100
AcDbSymbolTableRecord
100
AcDbLinetypeTableRecord
  2
Continuous
 70
0
  3

 72
65
 73
0
 40
0.0
  0
ENDTAB
  0
TABLE
  2
LAYER
  5
1
330
0
100
AcDbSymbolTable
 70
4
  0
LAYER
  5
27
330
1
100
AcDbSymbolTableRecord
100
AcDbLayerTableRecord
  2
0
 70
0
 62
7
  6
Continuous
370
-3
390
13
  0
LAYER
  5
28
330
1
100
AcDbSymbolTableRecord
100
AcDbLayerTableRecord
  2
Defpoints
 70
0
 62
7
  6
Continuous
290
0
370
-3
390
13
  0
LAYER
  5
2F
330
1
100
AcDbSymbolTableRecord
100
AcDbLayerTableRecord
  2
CUT
 70
0
 62
1
  6
Continuous
370
-3
390
13
  0
LAYER
  5
30
330
1
100
AcDbSymbolTableRecord
100
AcDbLayerTableRecord
  2
RASTER
 70
0
 62
7
  6
Continuous
370
-3
390
13
  0
ENDTAB
  0
TABLE
  2
STYLE
  5
5
330
0
100
AcDbSymbolTable
 70
1
  0
STYLE
  5
29
330
5
100
AcDbSymbolTableRecord
100
AcDbTextStyleTableRecord
  2
Standard
 70
0
 40
0.0
 41
1.0
 50
0.0
 71
0
 42
2.5
  3
txt
  4

  0
ENDTAB
  0
TABLE
  2
VIEW
  5
7
330
0
100
AcDbSymbolTable
 70
0
  0
ENDTAB
  0
TABLE
  2
UCS
  5
6
330
0
100
AcDbSymbolTable
 70
0
  0
ENDTAB
  0
TABLE
  2
APPID
  5
3
330
0
100
AcDbSymbolTable
 70
3
  0
APPID
  5
2A
330
3
100
AcDbSymbolTableRecord
100
AcDbRegAppTableRecord
  2
ACAD
 70
0
  0
APPID
  5
69
330
3
100
AcDbSymbolTableRecord
100
AcDbRegAppTableRecord
  2
HATCHBACKGROUNDCOLOR
 70
0
  0
APPID
  5
6A
330
3
100
AcDbSymbolTableRecord
100
AcDbRegAppTableRecord
  2
EZDXF
 70
0
  0
ENDTAB
  0
TABLE
  2
DIMSTYLE
  5
4
330
0
100
AcDbSymbolTable
 70
1
100
AcDbDimStyleTable
  0
DIMSTYLE
105
2B
330
4
100
AcDbSymbolTableRecord
100
AcDbDimStyleTableRecord
  2
Standard
 70
0
  3

  4

 40
1.0
 41
2.5
 42
0.625
 43
3.75
 44
1.25
 45
0.0
 46
0.0
 47
0.0
 48
0.0
140
2.5
141
2.5
142
0.0
143
0.03937007874
144
1.0
145
0.0
146
1.0
147
0.625
148
0.0
 71
0
 72
0
 73
0
 74
0
 75
0
 76
0
 77
1
 78
8
 79
3
170
0
171
3
172
1
173
0
174
0
175
0
176
0
177
0
178
0
179
2
271
2
272
2
273
2
274
3
275
0
276
0
277
2
278
44
279
0
280
0
281
0
282
0
283
0
284
8
285
0
286
0
288
0
289
3
371
-2
372
-2
  0
ENDTAB
  0
TABLE
  2
BLOCK_RECORD
  5
9
330
0
100
AcDbSymbolTable
 70
2
  0
BLOCK_RECORD
  5
17
330
9
100
AcDbSymbolTableRecord
100
AcDbBlockTableRecord
  2
*Model_Space
340
1A
  0
BLOCK_RECORD
  5
1B
330
9
100
AcDbSymbolTableRecord
100
AcDbBlockTableRecord
  2
*Paper_Space
340
1E
  0
ENDTAB
  0
ENDSEC
  0
SECTION
  2
BLOCKS
  0
BLOCK
  5
18
330
17
100
AcDbEntity
  8
0
100
AcDbBlockBegin
  2
*Model_Space
 70
0
 10
0.0
 20
0.0
 30
0.0
  3
*Model_Space
  1

  0
ENDBLK
  5
19
330
17
100
AcDbEntity
  8
0
100
AcDbBlockEnd
  0
BLOCK
  5
1C
330
1B
100
AcDbEntity
  8
0
100
AcDbBlockBegin
  2
*Paper_Space
 70
0
 10
0.0
 20
0.0
 30
0.0
  3
*Paper_Space
  1

  0
ENDBLK
  5
1D
330
1B
100
AcDbEntity
  8
0
100
AcDbBlockEnd
  0
ENDSEC
  0
SECTION
  2
ENTITIES
  0
LWPOLYLINE
  5
31
330
17
100
AcDbEntity
  8
CUT
100
AcDbPolyline
 90
43
 70
1
 10
8.716
 20
79.981
 10
12.44
 20
79.992
 10
13.678
 20
78.135
 10
14.477
 20
77.924
 10
14.99
 20
78.091
 10
15.683
 20
79.023
 10
17.534
 20
79.252
 10
18.93
 20
80.011
 10
22.288
 20
80.084
 10
23.072
 20
79.799
 10
23.249
 20
76.847
 10
23.813
 20
75.771
 10
23.833
 20
72.985
 10
23.639
 20
72.098
 10
22.556
 20
70.864
 10
22.556
 20
70.238
 10
22.899
 20
69.81
 10
24.758
 20
69.603
 10
25.162
 20
68.738
 10
25.109
 20
65.439
 10
23.831
 20
63.934
 10
23.398
 20
62.256
 10
21.965
 20
61.99
 10
21.205
 20
61.416
 10
20.017
 20
61.272
 10
19.289
 20
60.77
 10
18.137
 20
60.687
 10
17.143
 20
60.144
 10
12.606
 20
60.073
 10
11.445
 20
57.691
 10
10.823
 20
57.181
 10
7.251
 20
57.15
 10
4.739
 20
57.831
 10
4.513
 20
59.006
 10
3.863
 20
60.111
 10
3.863
 20
63.317
 10
4.371
 20
64.052
 10
7.087
 20
65.063
 10
6.293
 20
67.463
 10
6.622
 20
76.689
 10
6.88
 20
77.252
 10
7.726
 20
77.615
 10
8.196
 20
79.346
  0
HATCH
  5
32
330
17
100
AcDbEntity
  8
RASTER
 62
7
100
AcDbHatch
 10
0.0
 20
0.0
 30
0.0
210
0.0
220
0.0
230
1.0
  2
SOLID
 70
1
 71
0
 91
18
 92
3
 72
0
 73
1
 93
150
 10
10.446
 20
78.281
 10
10.855
 20
78.138
 10
11.263
 20
77.627
 10
11.641
 20
76.881
 10
11.978
 20
75.686
 10
12.969
 20
76.166
 10
13.204
 20
76.095
 10
13.378
 20
75.86
 10
13.378
 20
75.349
 10
13.48
 20
75.042
 10
13.276
 20
74.021
 10
13.072
 20
73.612
 10
13.511
 20
73.439
 10
13.684
 20
73.204
 10
13.684
 20
72.591
 10
13.378
 20
71.671
 10
13.449
 20
71.436
 10
13.613
 20
71.293
 10
13.991
 20
72.489
 10
14.267
 20
73.03
 10
14.604
 20
73.306
 10
14.982
 20
73.132
 10
15.115
 20
74.021
 10
15.319
 20
74.634
 10
15.697
 20
75.277
 10
16.034
 20
75.349
 10
16.31
 20
75.216
 10
16.371
 20
75.073
 10
16.514
 20
75.073
 10
16.647
 20
75.962
 10
17.331
 20
77.218
 10
17.669
 20
77.392
 10
17.801
 20
77.321
 10
18.557
 20
76.401
 10
18.864
 20
76.912
 10
19.681
 20
77.729
 10
20.325
 20
78.107
 10
21.04
 20
78.311
 10
21.173
 20
78.24
 10
21.346
 20
78.005
 10
21.346
 20
76.881
 10
21.04
 20
75.758
 10
20.631
 20
74.94
 10
20.733
 20
74.838
 10
21.551
 20
74.736
 10
21.888
 20
74.562
 10
21.959
 20
74.123
 10
21.683
 20
73.582
 10
21.418
 20
73.336
 10
21.275
 20
73.071
 10
20.396
 20
72.417
 10
20.396
 20
72.254
 10
20.631
 20
71.978
 10
20.457
 20
71.436
 10
19.947
 20
70.926
 10
19.068
 20
70.374
 10
19.027
 20
70.272
 10
19.303
 20
70.037
 10
19.303
 20
69.73
 10
19.129
 20
69.393
 10
17.801
 20
68.331
 10
18.179
 20
68.3
 10
18.384
 20
68.402
 10
18.762
 20
68.126
 10
19.916
 20
68.811
 10
20.529
 20
68.913
 10
20.835
 20
68.607
 10
20.764
 20
67.82
 10
22.776
 20
67.892
 10
23.318
 20
67.616
 10
23.389
 20
67.176
 10
23.216
 20
66.839
 10
22.398
 20
66.022
 10
21.244
 20
65.542
 10
21.785
 20
64.96
 10
21.959
 20
64.623
 10
21.888
 20
64.183
 10
21.653
 20
64.01
 10
21.244
 20
63.907
 10
19.916
 20
63.907
 10
19.814
 20
63.805
 10
19.742
 20
63.366
 10
19.507
 20
63.192
 10
18.179
 20
63.192
 10
17.975
 20
63.294
 10
17.904
 20
63.264
 10
17.975
 20
63.09
 10
17.904
 20
62.651
 10
17.464
 20
62.477
 10
16.034
 20
62.579
 10
15.901
 20
62.099
 10
15.625
 20
61.966
 10
14.297
 20
61.966
 10
13.889
 20
62.069
 10
13.143
 20
62.447
 10
12.428
 20
63.264
 10
10.855
 20
62.651
 10
10.313
 20
60.945
 10
9.629
 20
59.382
 10
9.425
 20
59.075
 10
9.087
 20
58.902
 10
8.781
 20
58.902
 10
8.444
 20
59.075
 10
8.27
 20
59.413
 10
8.27
 20
59.617
 10
8.75
 20
60.506
 10
8.137
 20
60.056
 10
7.688
 20
59.586
 10
7.146
 20
59.31
 10
6.84
 20
59.31
 10
6.564
 20
59.443
 10
6.431
 20
59.719
 10
6.503
 20
60.26
 10
7.627
 20
61.323
 10
7.351
 20
61.353
 10
6.84
 20
61.149
 10
6.431
 20
61.149
 10
6.227
 20
61.047
 10
5.788
 20
61.323
 10
5.716
 20
61.966
 10
5.788
 20
62.099
 10
6.125
 20
62.273
 10
8.27
 20
62.886
 10
9.731
 20
63.57
 10
10.007
 20
64.316
 10
10.211
 20
65.338
 10
10.211
 20
65.951
 10
9.465
 20
66.329
 10
8.852
 20
66.941
 10
8.372
 20
67.789
 10
8.168
 20
68.504
 10
8.24
 20
69.25
 10
8.679
 20
69.424
 10
8.27
 20
70.548
 10
8.27
 20
71.058
 10
8.342
 20
71.191
 10
8.781
 20
71.365
 10
8.27
 20
72.693
 10
8.27
 20
73.204
 10
8.342
 20
73.336
 10
8.781
 20
73.51
 10
8.474
 20
74.327
 10
8.403
 20
75.073
 10
8.474
 20
75.349
 10
8.679
 20
75.553
 10
9.087
 20
75.553
 10
9.772
 20
75.277
 10
9.7
 20
76.575
 10
9.905
 20
77.392
 10
10.283
 20
78.138
 97
0
 92
3
 72
0
 73
1
 93
13
 10
20.907
 20
77.872
 10
19.783
 20
77.321
 10
19.068
 20
76.503
 10
18.69
 20
75.758
 10
18.69
 20
74.94
 10
18.792
 20
74.736
 10
18.69
 20
74.532
 10
18.721
 20
74.256
 10
19.742
 20
74.808
 10
20.355
 20
75.318
 10
20.938
 20
76.575
 10
20.835
 20
76.779
 10
20.938
 20
76.983
 97
0
 92
3
 72
0
 73
1
 93
15
 10
10.62
 20
77.801
 10
10.415
 20
77.494
 10
10.109
 20
76.575
 10
10.007
 20
75.655
 10
10.283
 20
74.808
 10
10.753
 20
74.46
 10
10.896
 20
74.195
 10
11.028
 20
74.123
 10
11.131
 20
74.225
 10
11.263
 20
74.808
 10
11.539
 20
75.145
 10
11.611
 20
75.727
 10
11.437
 20
75.758
 10
11.335
 20
76.575
 10
10.753
 20
77.729
 97
0
 92
3
 72
0
 73
1
 93
24
 10
17.669
 20
76.881
 10
17.536
 20
76.81
 10
17.056
 20
75.86
 10
16.851
 20
75.145
 10
16.851
 20
74.327
 10
17.495
 20
72.315
 10
18.179
 20
72.386
 10
18.384
 20
72.489
 10
19.507
 20
72.489
 10
20.662
 20
73.071
 10
21.173
 20
73.582
 10
21.581
 20
74.195
 10
21.581
 20
74.358
 10
21.448
 20
74.43
 10
19.916
 20
74.43
 10
18.864
 20
73.949
 10
18.557
 20
73.745
 10
18.312
 20
73.377
 10
18.149
 20
73.377
 10
18.108
 20
73.479
 10
18.384
 20
74.123
 10
18.384
 20
75.451
 10
18.108
 20
76.197
 10
17.801
 20
76.81
 97
0
 92
3
 72
0
 73
1
 93
26
 10
12.765
 20
75.758
 10
12.591
 20
75.625
 10
12.632
 20
75.482
 10
12.459
 20
75.553
 10
11.917
 20
75.175
 10
11.876
 20
74.91
 10
11.406
 20
74.358
 10
11.233
 20
74.021
 10
11.1
 20
73.03
 10
10.926
 20
73.204
 10
10.926
 20
73.408
 10
10.65
 20
73.949
 10
10.14
 20
74.562
 10
8.812
 20
75.216
 10
8.781
 20
74.532
 10
9.261
 20
73.377
 10
9.568
 20
73.071
 10
10.446
 20
72.621
 10
10.998
 20
72.049
 10
11.161
 20
72.049
 10
11.304
 20
72.315
 10
12.285
 20
73.173
 10
12.765
 20
73.817
 10
13.072
 20
74.94
 10
13.072
 20
75.655
 10
12.969
 20
75.758
 97
0
 92
3
 72
0
 73
1
 93
19
 10
15.932
 20
74.838
 10
15.421
 20
73.714
 10
15.319
 20
72.693
 10
15.932
 20
71.161
 10
16.034
 20
70.752
 10
15.963
 20
70.272
 10
16.953
 20
70.548
 10
18.384
 20
70.548
 10
19.436
 20
71.028
 10
20.049
 20
71.539
 10
20.222
 20
71.876
 10
20.12
 20
71.978
 10
19.405
 20
72.182
 10
18.384
 20
72.182
 10
17.331
 20
71.804
 10
16.882
 20
71.395
 10
16.953
 20
72.999
 10
16.851
 20
73.408
 10
16.473
 20
74.256
 97
0
 92
3
 72
0
 73
1
 93
18
 10
13.276
 20
73.204
 10
12.53
 20
72.928
 10
11.611
 20
72.111
 10
11.233
 20
71.467
 10
11.1
 20
70.987
 10
10.753
 20
71.804
 10
10.14
 20
72.417
 10
8.985
 20
72.999
 10
8.679
 20
73.102
 10
8.577
 20
72.999
 10
8.781
 20
72.284
 10
9.363
 20
71.232
 10
10.446
 20
70.578
 10
11.1
 20
69.863
 10
11.815
 20
70.578
 10
12.081
 20
70.721
 10
12.898
 20
71.641
 10
13.378
 20
72.999
 97
0
 92
3
 72
0
 73
1
 93
20
 10
14.675
 20
72.867
 10
14.502
 20
72.693
 10
14.093
 20
71.467
 10
14.093
 20
70.548
 10
14.604
 20
69.22
 10
14.706
 20
68.709
 10
14.635
 20
68.433
 10
15.319
 20
68.607
 10
17.158
 20
68.607
 10
18.006
 20
68.985
 10
18.823
 20
69.7
 10
18.894
 20
69.832
 10
18.69
 20
70.037
 10
17.26
 20
70.241
 10
16.106
 20
69.863
 10
15.35
 20
69.25
 10
15.319
 20
69.526
 10
15.523
 20
69.832
 10
15.523
 20
71.161
 10
15.247
 20
71.906
 97
0
 92
3
 72
0
 73
1
 93
67
 10
13.245
 20
71.13
 10
13.143
 20
71.089
 10
12.969
 20
70.752
 10
12.765
 20
70.139
 10
12.663
 20
68.709
 10
13.041
 20
67.759
 10
13.306
 20
67.514
 10
13.449
 20
67.248
 10
13.306
 20
66.941
 10
12.591
 20
66.022
 10
12.121
 20
65.573
 10
11.978
 20
65.307
 10
10.14
 20
63.366
 10
9.292
 20
62.886
 10
8.27
 20
62.477
 10
6.125
 20
61.864
 10
6.023
 20
61.762
 10
6.053
 20
61.486
 10
6.533
 20
61.456
 10
6.942
 20
61.558
 10
9.087
 20
62.273
 10
10.62
 20
62.988
 10
12.561
 20
63.703
 10
12.734
 20
63.672
 10
12.939
 20
63.264
 10
13.449
 20
62.753
 10
13.991
 20
62.477
 10
14.91
 20
62.273
 10
15.595
 20
62.406
 10
15.452
 20
62.814
 10
14.839
 20
63.427
 10
14.022
 20
63.938
 10
13.276
 20
64.214
 10
14.022
 20
64.796
 10
14.297
 20
65.338
 10
14.502
 20
65.951
 10
14.502
 20
66.155
 10
14.297
 20
66.359
 10
13.991
 20
66.359
 10
13.654
 20
66.186
 10
13.511
 20
65.92
 10
13.143
 20
65.573
 10
12.663
 20
64.725
 10
12.632
 20
64.142
 10
10.855
 20
63.427
 10
11.978
 20
64.592
 10
12.121
 20
64.857
 10
13.409
 20
66.329
 10
13.756
 20
66.901
 10
14.706
 20
66.666
 10
15.728
 20
66.666
 10
16.473
 20
66.941
 10
17.086
 20
67.35
 10
17.566
 20
67.892
 10
17.26
 20
68.096
 10
16.851
 20
68.198
 10
16.238
 20
68.198
 10
16.034
 20
68.3
 10
15.728
 20
68.198
 10
15.217
 20
68.198
 10
14.471
 20
67.82
 10
13.919
 20
67.309
 10
13.919
 20
67.554
 10
14.297
 20
68.504
 10
14.297
 20
69.015
 10
13.96
 20
70.108
 10
13.511
 20
70.885
 97
0
 92
3
 72
0
 73
1
 93
19
 10
8.75
 20
70.926
 10
8.607
 20
70.823
 10
8.679
 20
70.548
 10
8.883
 20
69.935
 10
9.261
 20
69.291
 10
10.344
 20
68.535
 10
10.896
 20
67.963
 10
11.059
 20
67.963
 10
11.406
 20
68.331
 10
12.183
 20
68.882
 10
12.428
 20
70.619
 10
11.406
 20
69.761
 10
11.131
 20
68.811
 10
11.028
 20
68.709
 10
10.926
 20
68.811
 10
10.926
 20
69.322
 10
10.65
 20
69.863
 10
10.14
 20
70.374
 10
9.394
 20
70.752
 97
0
 92
3
 72
0
 73
1
 93
27
 10
8.577
 20
69.015
 10
8.474
 20
68.913
 10
8.577
 20
68.402
 10
9.159
 20
67.248
 10
9.772
 20
66.737
 10
10.65
 20
66.39
 10
10.722
 20
66.257
 10
10.62
 20
66.053
 10
10.518
 20
64.623
 10
10.313
 20
64.01
 10
10.415
 20
63.907
 10
10.753
 20
64.183
 10
11.028
 20
64.827
 10
11.028
 20
65.542
 10
11.131
 20
65.746
 10
11.161
 20
66.329
 10
12.285
 20
66.941
 10
12.663
 20
67.483
 10
12.326
 20
68.372
 10
12.152
 20
68.402
 10
11.713
 20
68.126
 10
11.304
 20
67.718
 10
10.957
 20
66.901
 10
10.824
 20
67.074
 10
10.824
 20
67.381
 10
10.65
 20
67.718
 10
10.14
 20
68.229
 97
0
 92
3
 72
0
 73
1
 93
21
 10
20.396
 20
68.576
 10
19.375
 20
68.126
 10
18.762
 20
67.514
 10
17.975
 20
65.542
 10
18.925
 20
64.857
 10
19.17
 20
64.592
 10
19.507
 20
64.418
 10
19.814
 20
64.316
 10
21.244
 20
64.316
 10
21.52
 20
64.449
 10
21.479
 20
64.653
 10
21.275
 20
64.96
 10
20.662
 20
65.47
 10
19.712
 20
65.848
 10
19.201
 20
65.848
 10
18.997
 20
65.746
 10
18.894
 20
65.848
 10
19.334
 20
66.124
 10
19.947
 20
66.839
 10
20.325
 20
67.687
 10
20.427
 20
68.096
 97
0
 92
3
 72
0
 73
1
 93
19
 10
18.281
 20
67.994
 10
16.821
 20
66.594
 10
16.065
 20
64.96
 10
17.086
 20
64.245
 10
17.536
 20
63.775
 10
17.873
 20
63.601
 10
19.099
 20
63.499
 10
19.375
 20
63.632
 10
19.232
 20
63.938
 10
18.925
 20
64.347
 10
18.414
 20
64.755
 10
17.464
 20
65.235
 10
16.984
 20
65.062
 10
17.127
 20
65.368
 10
17.393
 20
65.511
 10
17.801
 20
65.92
 10
18.179
 20
66.666
 10
18.384
 20
67.381
 10
18.384
 20
67.892
 97
0
 92
3
 72
0
 73
1
 93
11
 10
21.551
 20
67.585
 10
21.04
 20
67.483
 10
20.498
 20
67.207
 10
19.844
 20
66.186
 10
20.529
 20
65.951
 10
21.04
 20
65.951
 10
22.194
 20
66.431
 10
22.909
 20
67.146
 10
22.981
 20
67.279
 10
22.909
 20
67.411
 10
22.266
 20
67.585
 97
0
 92
3
 72
0
 73
1
 93
6
 10
12.428
 20
66.533
 10
11.509
 20
65.981
 10
11.468
 20
65.47
 10
11.611
 20
65.47
 10
11.713
 20
65.675
 10
12.387
 20
66.329
 97
0
 92
3
 72
0
 73
1
 93
16
 10
16.238
 20
66.461
 10
15.728
 20
66.257
 10
14.941
 20
66.124
 10
14.604
 20
65.235
 10
14.124
 20
64.347
 10
15.043
 20
63.734
 10
15.39
 20
63.366
 10
16.034
 20
62.988
 10
16.341
 20
62.886
 10
17.464
 20
62.886
 10
17.566
 20
63.09
 10
17.393
 20
63.427
 10
16.882
 20
63.938
 10
15.319
 20
64.725
 10
15.86
 20
65.307
 10
16.341
 20
66.359
 97
0
 92
3
 72
0
 73
1
 93
10
 10
9.7
 20
62.375
 10
8.444
 20
61.588
 10
7.381
 20
60.506
 10
6.809
 20
60.056
 10
6.768
 20
59.75
 10
7.014
 20
59.647
 10
7.688
 20
60.097
 10
8.403
 20
60.812
 10
8.546
 20
61.078
 10
9.731
 20
62.242
 97
0
 92
3
 72
0
 73
1
 93
10
 10
10.313
 20
62.375
 10
10.18
 20
62.304
 10
9.67
 20
61.588
 10
8.679
 20
59.617
 10
8.75
 20
59.382
 10
8.883
 20
59.31
 10
9.118
 20
59.382
 10
9.598
 20
60.23
 10
10.109
 20
61.456
 10
10.385
 20
62.304
 97
0
 75
0
 76
1
 98
0
  0
LWPOLYLINE
  5
33
330
17
100
AcDbEntity
  8
CUT
100
AcDbPolyline
 90
43
 70
1
 10
33.739
 20
79.981
 10
37.464
 20
79.992
 10
38.702
 20
78.135
 10
39.501
 20
77.924
 10
40.013
 20
78.091
 10
40.707
 20
79.023
 10
42.558
 20
79.252
 10
43.953
 20
80.011
 10
47.312
 20
80.084
 10
48.096
 20
79.799
 10
48.273
 20
76.847
 10
48.836
 20
75.771
 10
48.857
 20
72.985
 10
48.662
 20
72.098
 10
47.58
 20
70.864
 10
47.58
 20
70.238
 10
47.923
 20
69.81
 10
49.782
 20
69.603
 10
50.186
 20
68.738
 10
50.133
 20
65.439
 10
48.855
 20
63.934
 10
48.422
 20
62.256
 10
46.989
 20
61.99
 10
46.229
 20
61.416
 10
45.041
 20
61.272
 10
44.313
 20
60.77
 10
43.161
 20
60.687
 10
42.167
 20
60.144
 10
37.63
 20
60.073
 10
36.469
 20
57.691
 10
35.846
 20
57.181
 10
32.275
 20
57.15
 10
29.763
 20
57.831
 10
29.537
 20
59.006
 10
28.886
 20
60.111
 10
28.886
 20
63.317
 10
29.395
 20
64.052
 10
32.11
 20
65.063
 10
31.317
 20
67.463
 10
31.646
 20
76.689
 10
31.904
 20
77.252
 10
32.75
 20
77.615
 10
33.22
 20
79.346
  0
HATCH
  5
34
330
17
100
AcDbEntity
  8
RASTER
 62
7
100
AcDbHatch
 10
0.0
 20
0.0
 30
0.0
210
0.0
220
0.0
230
1.0
  2
SOLID
 70
1
 71
0
 91
18
 92
3
 72
0
 73
1
 93
150
 10
35.47
 20
78.281
 10
35.879
 20
78.138
 10
36.287
 20
77.627
 10
36.665
 20
76.881
 10
37.002
 20
75.686
 10
37.993
 20
76.166
 10
38.228
 20
76.095
 10
38.402
 20
75.86
 10
38.402
 20
75.349
 10
38.504
 20
75.042
 10
38.3
 20
74.021
 10
38.095
 20
73.612
 10
38.535
 20
73.439
 10
38.708
 20
73.204
 10
38.708
 20
72.591
 10
38.402
 20
71.671
 10
38.473
 20
71.436
 10
38.637
 20
71.293
 10
39.015
 20
72.489
 10
39.291
 20
73.03
 10
39.628
 20
73.306
 10
40.006
 20
73.132
 10
40.138
 20
74.021
 10
40.343
 20
74.634
 10
40.721
 20
75.277
 10
41.058
 20
75.349
 10
41.334
 20
75.216
 10
41.395
 20
75.073
 10
41.538
 20
75.073
 10
41.671
 20
75.962
 10
42.355
 20
77.218
 10
42.692
 20
77.392
 10
42.825
 20
77.321
 10
43.581
 20
76.401
 10
43.888
 20
76.912
 10
44.705
 20
77.729
 10
45.348
 20
78.107
 10
46.064
 20
78.311
 10
46.196
 20
78.24
 10
46.37
 20
78.005
 10
46.37
 20
76.881
 10
46.064
 20
75.758
 10
45.655
 20
74.94
 10
45.757
 20
74.838
 10
46.574
 20
74.736
 10
46.911
 20
74.562
 10
46.983
 20
74.123
 10
46.707
 20
73.582
 10
46.442
 20
73.336
 10
46.299
 20
73.071
 10
45.42
 20
72.417
 10
45.42
 20
72.254
 10
45.655
 20
71.978
 10
45.481
 20
71.436
 10
44.97
 20
70.926
 10
44.092
 20
70.374
 10
44.051
 20
70.272
 10
44.327
 20
70.037
 10
44.327
 20
69.73
 10
44.153
 20
69.393
 10
42.825
 20
68.331
 10
43.203
 20
68.3
 10
43.407
 20
68.402
 10
43.785
 20
68.126
 10
44.94
 20
68.811
 10
45.553
 20
68.913
 10
45.859
 20
68.607
 10
45.788
 20
67.82
 10
47.8
 20
67.892
 10
48.342
 20
67.616
 10
48.413
 20
67.176
 10
48.24
 20
66.839
 10
47.422
 20
66.022
 10
46.268
 20
65.542
 10
46.809
 20
64.96
 10
46.983
 20
64.623
 10
46.911
 20
64.183
 10
46.677
 20
64.01
 10
46.268
 20
63.907
 10
44.94
 20
63.907
 10
44.838
 20
63.805
 10
44.766
 20
63.366
 10
44.531
 20
63.192
 10
43.203
 20
63.192
 10
42.999
 20
63.294
 10
42.927
 20
63.264
 10
42.999
 20
63.09
 10
42.927
 20
62.651
 10
42.488
 20
62.477
 10
41.058
 20
62.579
 10
40.925
 20
62.099
 10
40.649
 20
61.966
 10
39.321
 20
61.966
 10
38.913
 20
62.069
 10
38.167
 20
62.447
 10
37.452
 20
63.264
 10
35.879
 20
62.651
 10
35.337
 20
60.945
 10
34.653
 20
59.382
 10
34.448
 20
59.075
 10
34.111
 20
58.902
 10
33.805
 20
58.902
 10
33.468
 20
59.075
 10
33.294
 20
59.413
 10
33.294
 20
59.617
 10
33.774
 20
60.506
 10
33.161
 20
60.056
 10
32.712
 20
59.586
 10
32.17
 20
59.31
 10
31.864
 20
59.31
 10
31.588
 20
59.443
 10
31.455
 20
59.719
 10
31.527
 20
60.26
 10
32.65
 20
61.323
 10
32.375
 20
61.353
 10
31.864
 20
61.149
 10
31.455
 20
61.149
 10
31.251
 20
61.047
 10
30.812
 20
61.323
 10
30.74
 20
61.966
 10
30.812
 20
62.099
 10
31.149
 20
62.273
 10
33.294
 20
62.886
 10
34.755
 20
63.57
 10
35.031
 20
64.316
 10
35.235
 20
65.338
 10
35.235
 20
65.951
 10
34.489
 20
66.329
 10
33.876
 20
66.941
 10
33.396
 20
67.789
 10
33.192
 20
68.504
 10
33.263
 20
69.25
 10
33.703
 20
69.424
 10
33.294
 20
70.548
 10
33.294
 20
71.058
 10
33.365
 20
71.191
 10
33.805
 20
71.365
 10
33.294
 20
72.693
 10
33.294
 20
73.204
 10
33.365
 20
73.336
 10
33.805
 20
73.51
 10
33.498
 20
74.327
 10
33.427
 20
75.073
 10
33.498
 20
75.349
 10
33.703
 20
75.553
 10
34.111
 20
75.553
 10
34.796
 20
75.277
 10
34.724
 20
76.575
 10
34.928
 20
77.392
 10
35.306
 20
78.138
 97
0
 92
3
 72
0
 73
1
 93
13
 10
45.931
 20
77.872
 10
44.807
 20
77.321
 10
44.092
 20
76.503
 10
43.714
 20
75.758
 10
43.714
 20
74.94
 10
43.816
 20
74.736
 10
43.714
 20
74.532
 10
43.745
 20
74.256
 10
44.766
 20
74.808
 10
45.379
 20
75.318
 10
45.961
 20
76.575
 10
45.859
 20
76.779
 10
45.961
 20
76.983
 97
0
 92
3
 72
0
 73
1
 93
15
 10
35.644
 20
77.801
 10
35.439
 20
77.494
 10
35.133
 20
76.575
 10
35.031
 20
75.655
 10
35.306
 20
74.808
 10
35.776
 20
74.46
 10
35.919
 20
74.195
 10
36.052
 20
74.123
 10
36.154
 20
74.225
 10
36.287
 20
74.808
 10
36.563
 20
75.145
 10
36.635
 20
75.727
 10
36.461
 20
75.758
 10
36.359
 20
76.575
 10
35.776
 20
77.729
 97
0
 92
3
 72
0
 73
1
 93
24
 10
42.692
 20
76.881
 10
42.56
 20
76.81
 10
42.079
 20
75.86
 10
41.875
 20
75.145
 10
41.875
 20
74.327
 10
42.519
 20
72.315
 10
43.203
 20
72.386
 10
43.407
 20
72.489
 10
44.531
 20
72.489
 10
45.686
 20
73.071
 10
46.196
 20
73.582
 10
46.605
 20
74.195
 10
46.605
 20
74.358
 10
46.472
 20
74.43
 10
44.94
 20
74.43
 10
43.888
 20
73.949
 10
43.581
 20
73.745
 10
43.336
 20
73.377
 10
43.173
 20
73.377
 10
43.132
 20
73.479
 10
43.407
 20
74.123
 10
43.407
 20
75.451
 10
43.132
 20
76.197
 10
42.825
 20
76.81
 97
0
 92
3
 72
0
 73
1
 93
26
 10
37.789
 20
75.758
 10
37.615
 20
75.625
 10
37.656
 20
75.482
 10
37.482
 20
75.553
 10
36.941
 20
75.175
 10
36.9
 20
74.91
 10
36.43
 20
74.358
 10
36.257
 20
74.021
 10
36.124
 20
73.03
 10
35.95
 20
73.204
 10
35.95
 20
73.408
 10
35.674
 20
73.949
 10
35.163
 20
74.562
 10
33.835
 20
75.216
 10
33.805
 20
74.532
 10
34.285
 20
73.377
 10
34.591
 20
73.071
 10
35.47
 20
72.621
 10
36.022
 20
72.049
 10
36.185
 20
72.049
 10
36.328
 20
72.315
 10
37.309
 20
73.173
 10
37.789
 20
73.817
 10
38.095
 20
74.94
 10
38.095
 20
75.655
 10
37.993
 20
75.758
 97
0
 92
3
 72
0
 73
1
 93
19
 10
40.956
 20
74.838
 10
40.445
 20
73.714
 10
40.343
 20
72.693
 10
40.956
 20
71.161
 10
41.058
 20
70.752
 10
40.986
 20
70.272
 10
41.977
 20
70.548
 10
43.407
 20
70.548
 10
44.46
 20
71.028
 10
45.073
 20
71.539
 10
45.246
 20
71.876
 10
45.144
 20
71.978
 10
44.429
 20
72.182
 10
43.407
 20
72.182
 10
42.355
 20
71.804
 10
41.906
 20
71.395
 10
41.977
 20
72.999
 10
41.875
 20
73.408
 10
41.497
 20
74.256
 97
0
 92
3
 72
0
 73
1
 93
18
 10
38.3
 20
73.204
 10
37.554
 20
72.928
 10
36.635
 20
72.111
 10
36.257
 20
71.467
 10
36.124
 20
70.987
 10
35.776
 20
71.804
 10
35.163
 20
72.417
 10
34.009
 20
72.999
 10
33.703
 20
73.102
 10
33.6
 20
72.999
 10
33.805
 20
72.284
 10
34.387
 20
71.232
 10
35.47
 20
70.578
 10
36.124
 20
69.863
 10
36.839
 20
70.578
 10
37.104
 20
70.721
 10
37.922
 20
71.641
 10
38.402
 20
72.999
 97
0
 92
3
 72
0
 73
1
 93
20
 10
39.699
 20
72.867
 10
39.526
 20
72.693
 10
39.117
 20
71.467
 10
39.117
 20
70.548
 10
39.628
 20
69.22
 10
39.73
 20
68.709
 10
39.658
 20
68.433
 10
40.343
 20
68.607
 10
42.182
 20
68.607
 10
43.03
 20
68.985
 10
43.847
 20
69.7
 10
43.918
 20
69.832
 10
43.714
 20
70.037
 10
42.284
 20
70.241
 10
41.129
 20
69.863
 10
40.373
 20
69.25
 10
40.343
 20
69.526
 10
40.547
 20
69.832
 10
40.547
 20
71.161
 10
40.271
 20
71.906
 97
0
 92
3
 72
0
 73
1
 93
67
 10
38.269
 20
71.13
 10
38.167
 20
71.089
 10
37.993
 20
70.752
 10
37.789
 20
70.139
 10
37.687
 20
68.709
 10
38.065
 20
67.759
 10
38.33
 20
67.514
 10
38.473
 20
67.248
 10
38.33
 20
66.941
 10
37.615
 20
66.022
 10
37.145
 20
65.573
 10
37.002
 20
65.307
 10
35.163
 20
63.366
 10
34.316
 20
62.886
 10
33.294
 20
62.477
 10
31.149
 20
61.864
 10
31.047
 20
61.762
 10
31.077
 20
61.486
 10
31.557
 20
61.456
 10
31.966
 20
61.558
 10
34.111
 20
62.273
 10
35.644
 20
62.988
 10
37.585
 20
63.703
 10
37.758
 20
63.672
 10
37.963
 20
63.264
 10
38.473
 20
62.753
 10
39.015
 20
62.477
 10
39.934
 20
62.273
 10
40.619
 20
62.406
 10
40.476
 20
62.814
 10
39.863
 20
63.427
 10
39.045
 20
63.938
 10
38.3
 20
64.214
 10
39.045
 20
64.796
 10
39.321
 20
65.338
 10
39.526
 20
65.951
 10
39.526
 20
66.155
 10
39.321
 20
66.359
 10
39.015
 20
66.359
 10
38.678
 20
66.186
 10
38.535
 20
65.92
 10
38.167
 20
65.573
 10
37.687
 20
64.725
 10
37.656
 20
64.142
 10
35.879
 20
63.427
 10
37.002
 20
64.592
 10
37.145
 20
64.857
 10
38.432
 20
66.329
 10
38.78
 20
66.901
 10
39.73
 20
66.666
 10
40.751
 20
66.666
 10
41.497
 20
66.941
 10
42.11
 20
67.35
 10
42.59
 20
67.892
 10
42.284
 20
68.096
 10
41.875
 20
68.198
 10
41.262
 20
68.198
 10
41.058
 20
68.3
 10
40.751
 20
68.198
 10
40.241
 20
68.198
 10
39.495
 20
67.82
 10
38.943
 20
67.309
 10
38.943
 20
67.554
 10
39.321
 20
68.504
 10
39.321
 20
69.015
 10
38.984
 20
70.108
 10
38.535
 20
70.885
 97
0
 92
3
 72
0
 73
1
 93
19
 10
33.774
 20
70.926
 10
33.631
 20
70.823
 10
33.703
 20
70.548
 10
33.907
 20
69.935
 10
34.285
 20
69.291
 10
35.368
 20
68.535
 10
35.919
 20
67.963
 10
36.083
 20
67.963
 10
36.43
 20
68.331
 10
37.207
 20
68.882
 10
37.452
 20
70.619
 10
36.43
 20
69.761
 10
36.154
 20
68.811
 10
36.052
 20
68.709
 10
35.95
 20
68.811
 10
35.95
 20
69.322
 10
35.674
 20
69.863
 10
35.163
 20
70.374
 10
34.418
 20
70.752
 97
0
 92
3
 72
0
 73
1
 93
27
 10
33.6
 20
69.015
 10
33.498
 20
68.913
 10
33.6
 20
68.402
 10
34.183
 20
67.248
 10
34.796
 20
66.737
 10
35.674
 20
66.39
 10
35.746
 20
66.257
 10
35.644
 20
66.053
 10
35.541
 20
64.623
 10
35.337
 20
64.01
 10
35.439
 20
63.907
 10
35.776
 20
64.183
 10
36.052
 20
64.827
 10
36.052
 20
65.542
 10
36.154
 20
65.746
 10
36.185
 20
66.329
 10
37.309
 20
66.941
 10
37.687
 20
67.483
 10
37.35
 20
68.372
 10
37.176
 20
68.402
 10
36.737
 20
68.126
 10
36.328
 20
67.718
 10
35.981
 20
66.901
 10
35.848
 20
67.074
 10
35.848
 20
67.381
 10
35.674
 20
67.718
 10
35.163
 20
68.229
 97
0
 92
3
 72
0
 73
1
 93
21
 10
45.42
 20
68.576
 10
44.398
 20
68.126
 10
43.785
 20
67.514
 10
42.999
 20
65.542
 10
43.949
 20
64.857
 10
44.194
 20
64.592
 10
44.531
 20
64.418
 10
44.838
 20
64.316
 10
46.268
 20
64.316
 10
46.544
 20
64.449
 10
46.503
 20
64.653
 10
46.299
 20
64.96
 10
45.686
 20
65.47
 10
44.736
 20
65.848
 10
44.225
 20
65.848
 10
44.02
 20
65.746
 10
43.918
 20
65.848
 10
44.358
 20
66.124
 10
44.97
 20
66.839
 10
45.348
 20
67.687
 10
45.451
 20
68.096
 97
0
 92
3
 72
0
 73
1
 93
19
 10
43.305
 20
67.994
 10
41.844
 20
66.594
 10
41.089
 20
64.96
 10
42.11
 20
64.245
 10
42.56
 20
63.775
 10
42.897
 20
63.601
 10
44.123
 20
63.499
 10
44.398
 20
63.632
 10
44.255
 20
63.938
 10
43.949
 20
64.347
 10
43.438
 20
64.755
 10
42.488
 20
65.235
 10
42.008
 20
65.062
 10
42.151
 20
65.368
 10
42.417
 20
65.511
 10
42.825
 20
65.92
 10
43.203
 20
66.666
 10
43.407
 20
67.381
 10
43.407
 20
67.892
 97
0
 92
3
 72
0
 73
1
 93
11
 10
46.574
 20
67.585
 10
46.064
 20
67.483
 10
45.522
 20
67.207
 10
44.868
 20
66.186
 10
45.553
 20
65.951
 10
46.064
 20
65.951
 10
47.218
 20
66.431
 10
47.933
 20
67.146
 10
48.005
 20
67.279
 10
47.933
 20
67.411
 10
47.289
 20
67.585
 97
0
 92
3
 72
0
 73
1
 93
6
 10
37.452
 20
66.533
 10
36.532
 20
65.981
 10
36.491
 20
65.47
 10
36.635
 20
65.47
 10
36.737
 20
65.675
 10
37.411
 20
66.329
 97
0
 92
3
 72
0
 73
1
 93
16
 10
41.262
 20
66.461
 10
40.751
 20
66.257
 10
39.965
 20
66.124
 10
39.628
 20
65.235
 10
39.148
 20
64.347
 10
40.067
 20
63.734
 10
40.414
 20
63.366
 10
41.058
 20
62.988
 10
41.364
 20
62.886
 10
42.488
 20
62.886
 10
42.59
 20
63.09
 10
42.417
 20
63.427
 10
41.906
 20
63.938
 10
40.343
 20
64.725
 10
40.884
 20
65.307
 10
41.364
 20
66.359
 97
0
 92
3
 72
0
 73
1
 93
10
 10
34.724
 20
62.375
 10
33.468
 20
61.588
 10
32.405
 20
60.506
 10
31.833
 20
60.056
 10
31.792
 20
59.75
 10
32.037
 20
59.647
 10
32.712
 20
60.097
 10
33.427
 20
60.812
 10
33.57
 20
61.078
 10
34.755
 20
62.242
 97
0
 92
3
 72
0
 73
1
 93
10
 10
35.337
 20
62.375
 10
35.204
 20
62.304
 10
34.694
 20
61.588
 10
33.703
 20
59.617
 10
33.774
 20
59.382
 10
33.907
 20
59.31
 10
34.142
 20
59.382
 10
34.622
 20
60.23
 10
35.133
 20
61.456
 10
35.409
 20
62.304
 97
0
 75
0
 76
1
 98
0
  0
LWPOLYLINE
  5
35
330
17
100
AcDbEntity
  8
CUT
100
AcDbPolyline
 90
43
 70
1
 10
58.763
 20
79.981
 10
62.488
 20
79.992
 10
63.726
 20
78.135
 10
64.525
 20
77.924
 10
65.037
 20
78.091
 10
65.731
 20
79.023
 10
67.582
 20
79.252
 10
68.977
 20
80.011
 10
72.336
 20
80.084
 10
73.119
 20
79.799
 10
73.297
 20
76.847
 10
73.86
 20
75.771
 10
73.881
 20
72.985
 10
73.686
 20
72.098
 10
72.604
 20
70.864
 10
72.604
 20
70.238
 10
72.947
 20
69.81
 10
74.806
 20
69.603
 10
75.209
 20
68.738
 10
75.157
 20
65.439
 10
73.879
 20
63.934
 10
73.446
 20
62.256
 10
72.013
 20
61.99
 10
71.253
 20
61.416
 10
70.065
 20
61.272
 10
69.337
 20
60.77
 10
68.185
 20
60.687
 10
67.19
 20
60.144
 10
62.654
 20
60.073
 10
61.493
 20
57.691
 10
60.87
 20
57.181
 10
57.299
 20
57.15
 10
54.787
 20
57.831
 10
54.561
 20
59.006
 10
53.91
 20
60.111
 10
53.91
 20
63.317
 10
54.419
 20
64.052
 10
57.134
 20
65.063
 10
56.341
 20
67.463
 10
56.669
 20
76.689
 10
56.928
 20
77.252
 10
57.774
 20
77.615
 10
58.244
 20
79.346
  0
HATCH
  5
36
330
17
100
AcDbEntity
  8
RASTER
 62
7
100
AcDbHatch
 10
0.0
 20
0.0
 30
0.0
210
0.0
220
0.0
230
1.0
  2
SOLID
 70
1
 71
0
 91
18
 92
3
 72
0
 73
1
 93
150
 10
60.494
 20
78.281
 10
60.902
 20
78.138
 10
61.311
 20
77.627
 10
61.689
 20
76.881
 10
62.026
 20
75.686
 10
63.017
 20
76.166
 10
63.252
 20
76.095
 10
63.426
 20
75.86
 10
63.426
 20
75.349
 10
63.528
 20
75.042
 10
63.323
 20
74.021
 10
63.119
 20
73.612
 10
63.558
 20
73.439
 10
63.732
 20
73.204
 10
63.732
 20
72.591
 10
63.426
 20
71.671
 10
63.497
 20
71.436
 10
63.661
 20
71.293
 10
64.039
 20
72.489
 10
64.314
 20
73.03
 10
64.652
 20
73.306
 10
65.03
 20
73.132
 10
65.162
 20
74.021
 10
65.367
 20
74.634
 10
65.745
 20
75.277
 10
66.082
 20
75.349
 10
66.358
 20
75.216
 10
66.419
 20
75.073
 10
66.562
 20
75.073
 10
66.695
 20
75.962
 10
67.379
 20
77.218
 10
67.716
 20
77.392
 10
67.849
 20
77.321
 10
68.605
 20
76.401
 10
68.911
 20
76.912
 10
69.729
 20
77.729
 10
70.372
 20
78.107
 10
71.087
 20
78.311
 10
71.22
 20
78.24
 10
71.394
 20
78.005
 10
71.394
 20
76.881
 10
71.087
 20
75.758
 10
70.679
 20
74.94
 10
70.781
 20
74.838
 10
71.598
 20
74.736
 10
71.935
 20
74.562
 10
72.007
 20
74.123
 10
71.731
 20
73.582
 10
71.465
 20
73.336
 10
71.322
 20
73.071
 10
70.444
 20
72.417
 10
70.444
 20
72.254
 10
70.679
 20
71.978
 10
70.505
 20
71.436
 10
69.994
 20
70.926
 10
69.116
 20
70.374
 10
69.075
 20
70.272
 10
69.351
 20
70.037
 10
69.351
 20
69.73
 10
69.177
 20
69.393
 10
67.849
 20
68.331
 10
68.227
 20
68.3
 10
68.431
 20
68.402
 10
68.809
 20
68.126
 10
69.964
 20
68.811
 10
70.577
 20
68.913
 10
70.883
 20
68.607
 10
70.812
 20
67.82
 10
72.824
 20
67.892
 10
73.365
 20
67.616
 10
73.437
 20
67.176
 10
73.263
 20
66.839
 10
72.446
 20
66.022
 10
71.292
 20
65.542
 10
71.833
 20
64.96
 10
72.007
 20
64.623
 10
71.935
 20
64.183
 10
71.7
 20
64.01
 10
71.292
 20
63.907
 10
69.964
 20
63.907
 10
69.862
 20
63.805
 10
69.79
 20
63.366
 10
69.555
 20
63.192
 10
68.227
 20
63.192
 10
68.023
 20
63.294
 10
67.951
 20
63.264
 10
68.023
 20
63.09
 10
67.951
 20
62.651
 10
67.512
 20
62.477
 10
66.082
 20
62.579
 10
65.949
 20
62.099
 10
65.673
 20
61.966
 10
64.345
 20
61.966
 10
63.936
 20
62.069
 10
63.191
 20
62.447
 10
62.476
 20
63.264
 10
60.902
 20
62.651
 10
60.361
 20
60.945
 10
59.677
 20
59.382
 10
59.472
 20
59.075
 10
59.135
 20
58.902
 10
58.829
 20
58.902
 10
58.491
 20
59.075
 10
58.318
 20
59.413
 10
58.318
 20
59.617
 10
58.798
 20
60.506
 10
58.185
 20
60.056
 10
57.736
 20
59.586
 10
57.194
 20
59.31
 10
56.888
 20
59.31
 10
56.612
 20
59.443
 10
56.479
 20
59.719
 10
56.551
 20
60.26
 10
57.674
 20
61.323
 10
57.398
 20
61.353
 10
56.888
 20
61.149
 10
56.479
 20
61.149
 10
56.275
 20
61.047
 10
55.835
 20
61.323
 10
55.764
 20
61.966
 10
55.835
 20
62.099
 10
56.173
 20
62.273
 10
58.318
 20
62.886
 10
59.779
 20
63.57
 10
60.054
 20
64.316
 10
60.259
 20
65.338
 10
60.259
 20
65.951
 10
59.513
 20
66.329
 10
58.9
 20
66.941
 10
58.42
 20
67.789
 10
58.216
 20
68.504
 10
58.287
 20
69.25
 10
58.726
 20
69.424
 10
58.318
 20
70.548
 10
58.318
 20
71.058
 10
58.389
 20
71.191
 10
58.829
 20
71.365
 10
58.318
 20
72.693
 10
58.318
 20
73.204
 10
58.389
 20
73.336
 10
58.829
 20
73.51
 10
58.522
 20
74.327
 10
58.451
 20
75.073
 10
58.522
 20
75.349
 10
58.726
 20
75.553
 10
59.135
 20
75.553
 10
59.82
 20
75.277
 10
59.748
 20
76.575
 10
59.952
 20
77.392
 10
60.33
 20
78.138
 97
0
 92
3
 72
0
 73
1
 93
13
 10
70.955
 20
77.872
 10
69.831
 20
77.321
 10
69.116
 20
76.503
 10
68.738
 20
75.758
 10
68.738
 20
74.94
 10
68.84
 20
74.736
 10
68.738
 20
74.532
 10
68.768
 20
74.256
 10
69.79
 20
74.808
 10
70.403
 20
75.318
 10
70.985
 20
76.575
 10
70.883
 20
76.779
 10
70.985
 20
76.983
 97
0
 92
3
 72
0
 73
1
 93
15
 10
60.667
 20
77.801
 10
60.463
 20
77.494
 10
60.157
 20
76.575
 10
60.054
 20
75.655
 10
60.33
 20
74.808
 10
60.8
 20
74.46
 10
60.943
 20
74.195
 10
61.076
 20
74.123
 10
61.178
 20
74.225
 10
61.311
 20
74.808
 10
61.587
 20
75.145
 10
61.658
 20
75.727
 10
61.485
 20
75.758
 10
61.383
 20
76.575
 10
60.8
 20
77.729
 97
0
 92
3
 72
0
 73
1
 93
24
 10
67.716
 20
76.881
 10
67.583
 20
76.81
 10
67.103
 20
75.86
 10
66.899
 20
75.145
 10
66.899
 20
74.327
 10
67.543
 20
72.315
 10
68.227
 20
72.386
 10
68.431
 20
72.489
 10
69.555
 20
72.489
 10
70.709
 20
73.071
 10
71.22
 20
73.582
 10
71.629
 20
74.195
 10
71.629
 20
74.358
 10
71.496
 20
74.43
 10
69.964
 20
74.43
 10
68.911
 20
73.949
 10
68.605
 20
73.745
 10
68.36
 20
73.377
 10
68.196
 20
73.377
 10
68.156
 20
73.479
 10
68.431
 20
74.123
 10
68.431
 20
75.451
 10
68.156
 20
76.197
 10
67.849
 20
76.81
 97
0
 92
3
 72
0
 73
1
 93
26
 10
62.813
 20
75.758
 10
62.639
 20
75.625
 10
62.68
 20
75.482
 10
62.506
 20
75.553
 10
61.965
 20
75.175
 10
61.924
 20
74.91
 10
61.454
 20
74.358
 10
61.28
 20
74.021
 10
61.148
 20
73.03
 10
60.974
 20
73.204
 10
60.974
 20
73.408
 10
60.698
 20
73.949
 10
60.187
 20
74.562
 10
58.859
 20
75.216
 10
58.829
 20
74.532
 10
59.309
 20
73.377
 10
59.615
 20
73.071
 10
60.494
 20
72.621
 10
61.045
 20
72.049
 10
61.209
 20
72.049
 10
61.352
 20
72.315
 10
62.333
 20
73.173
 10
62.813
 20
73.817
 10
63.119
 20
74.94
 10
63.119
 20
75.655
 10
63.017
 20
75.758
 97
0
 92
3
 72
0
 73
1
 93
19
 10
65.98
 20
74.838
 10
65.469
 20
73.714
 10
65.367
 20
72.693
 10
65.98
 20
71.161
 10
66.082
 20
70.752
 10
66.01
 20
70.272
 10
67.001
 20
70.548
 10
68.431
 20
70.548
 10
69.484
 20
71.028
 10
70.096
 20
71.539
 10
70.27
 20
71.876
 10
70.168
 20
71.978
 10
69.453
 20
72.182
 10
68.431
 20
72.182
 10
67.379
 20
71.804
 10
66.93
 20
71.395
 10
67.001
 20
72.999
 10
66.899
 20
73.408
 10
66.521
 20
74.256
 97
0
 92
3
 72
0
 73
1
 93
18
 10
63.323
 20
73.204
 10
62.578
 20
72.928
 10
61.658
 20
72.111
 10
61.28
 20
71.467
 10
61.148
 20
70.987
 10
60.8
 20
71.804
 10
60.187
 20
72.417
 10
59.033
 20
72.999
 10
58.726
 20
73.102
 10
58.624
 20
72.999
 10
58.829
 20
72.284
 10
59.411
 20
71.232
 10
60.494
 20
70.578
 10
61.148
 20
69.863
 10
61.863
 20
70.578
 10
62.128
 20
70.721
 10
62.946
 20
71.641
 10
63.426
 20
72.999
 97
0
 92
3
 72
0
 73
1
 93
20
 10
64.723
 20
72.867
 10
64.549
 20
72.693
 10
64.141
 20
71.467
 10
64.141
 20
70.548
 10
64.652
 20
69.22
 10
64.754
 20
68.709
 10
64.682
 20
68.433
 10
65.367
 20
68.607
 10
67.205
 20
68.607
 10
68.053
 20
68.985
 10
68.871
 20
69.7
 10
68.942
 20
69.832
 10
68.738
 20
70.037
 10
67.308
 20
70.241
 10
66.153
 20
69.863
 10
65.397
 20
69.25
 10
65.367
 20
69.526
 10
65.571
 20
69.832
 10
65.571
 20
71.161
 10
65.295
 20
71.906
 97
0
 92
3
 72
0
 73
1
 93
67
 10
63.293
 20
71.13
 10
63.191
 20
71.089
 10
63.017
 20
70.752
 10
62.813
 20
70.139
 10
62.711
 20
68.709
 10
63.089
 20
67.759
 10
63.354
 20
67.514
 10
63.497
 20
67.248
 10
63.354
 20
66.941
 10
62.639
 20
66.022
 10
62.169
 20
65.573
 10
62.026
 20
65.307
 10
60.187
 20
63.366
 10
59.339
 20
62.886
 10
58.318
 20
62.477
 10
56.173
 20
61.864
 10
56.07
 20
61.762
 10
56.101
 20
61.486
 10
56.581
 20
61.456
 10
56.99
 20
61.558
 10
59.135
 20
62.273
 10
60.667
 20
62.988
 10
62.608
 20
63.703
 10
62.782
 20
63.672
 10
62.986
 20
63.264
 10
63.497
 20
62.753
 10
64.039
 20
62.477
 10
64.958
 20
62.273
 10
65.642
 20
62.406
 10
65.499
 20
62.814
 10
64.886
 20
63.427
 10
64.069
 20
63.938
 10
63.323
 20
64.214
 10
64.069
 20
64.796
 10
64.345
 20
65.338
 10
64.549
 20
65.951
 10
64.549
 20
66.155
 10
64.345
 20
66.359
 10
64.039
 20
66.359
 10
63.701
 20
66.186
 10
63.558
 20
65.92
 10
63.191
 20
65.573
 10
62.711
 20
64.725
 10
62.68
 20
64.142
 10
60.902
 20
63.427
 10
62.026
 20
64.592
 10
62.169
 20
64.857
 10
63.456
 20
66.329
 10
63.804
 20
66.901
 10
64.754
 20
66.666
 10
65.775
 20
66.666
 10
66.521
 20
66.941
 10
67.134
 20
67.35
 10
67.614
 20
67.892
 10
67.308
 20
68.096
 10
66.899
 20
68.198
 10
66.286
 20
68.198
 10
66.082
 20
68.3
 10
65.775
 20
68.198
 10
65.264
 20
68.198
 10
64.519
 20
67.82
 10
63.967
 20
67.309
 10
63.967
 20
67.554
 10
64.345
 20
68.504
 10
64.345
 20
69.015
 10
64.008
 20
70.108
 10
63.558
 20
70.885
 97
0
 92
3
 72
0
 73
1
 93
19
 10
58.798
 20
70.926
 10
58.655
 20
70.823
 10
58.726
 20
70.548
 10
58.931
 20
69.935
 10
59.309
 20
69.291
 10
60.392
 20
68.535
 10
60.943
 20
67.963
 10
61.107
 20
67.963
 10
61.454
 20
68.331
 10
62.23
 20
68.882
 10
62.476
 20
70.619
 10
61.454
 20
69.761
 10
61.178
 20
68.811
 10
61.076
 20
68.709
 10
60.974
 20
68.811
 10
60.974
 20
69.322
 10
60.698
 20
69.863
 10
60.187
 20
70.374
 10
59.442
 20
70.752
 97
0
 92
3
 72
0
 73
1
 93
27
 10
58.624
 20
69.015
 10
58.522
 20
68.913
 10
58.624
 20
68.402
 10
59.207
 20
67.248
 10
59.82
 20
66.737
 10
60.698
 20
66.39
 10
60.77
 20
66.257
 10
60.667
 20
66.053
 10
60.565
 20
64.623
 10
60.361
 20
64.01
 10
60.463
 20
63.907
 10
60.8
 20
64.183
 10
61.076
 20
64.827
 10
61.076
 20
65.542
 10
61.178
 20
65.746
 10
61.209
 20
66.329
 10
62.333
 20
66.941
 10
62.711
 20
67.483
 10
62.373
 20
68.372
 10
62.2
 20
68.402
 10
61.76
 20
68.126
 10
61.352
 20
67.718
 10
61.005
 20
66.901
 10
60.872
 20
67.074
 10
60.872
 20
67.381
 10
60.698
 20
67.718
 10
60.187
 20
68.229
 97
0
 92
3
 72
0
 73
1
 93
21
 10
70.444
 20
68.576
 10
69.422
 20
68.126
 10
68.809
 20
67.514
 10
68.023
 20
65.542
 10
68.973
 20
64.857
 10
69.218
 20
64.592
 10
69.555
 20
64.418
 10
69.862
 20
64.316
 10
71.292
 20
64.316
 10
71.568
 20
64.449
 10
71.527
 20
64.653
 10
71.322
 20
64.96
 10
70.709
 20
65.47
 10
69.759
 20
65.848
 10
69.249
 20
65.848
 10
69.044
 20
65.746
 10
68.942
 20
65.848
 10
69.381
 20
66.124
 10
69.994
 20
66.839
 10
70.372
 20
67.687
 10
70.474
 20
68.096
 97
0
 92
3
 72
0
 73
1
 93
19
 10
68.329
 20
67.994
 10
66.868
 20
66.594
 10
66.112
 20
64.96
 10
67.134
 20
64.245
 10
67.583
 20
63.775
 10
67.921
 20
63.601
 10
69.146
 20
63.499
 10
69.422
 20
63.632
 10
69.279
 20
63.938
 10
68.973
 20
64.347
 10
68.462
 20
64.755
 10
67.512
 20
65.235
 10
67.032
 20
65.062
 10
67.175
 20
65.368
 10
67.44
 20
65.511
 10
67.849
 20
65.92
 10
68.227
 20
66.666
 10
68.431
 20
67.381
 10
68.431
 20
67.892
 97
0
 92
3
 72
0
 73
1
 93
11
 10
71.598
 20
67.585
 10
71.087
 20
67.483
 10
70.546
 20
67.207
 10
69.892
 20
66.186
 10
70.577
 20
65.951
 10
71.087
 20
65.951
 10
72.242
 20
66.431
 10
72.957
 20
67.146
 10
73.028
 20
67.279
 10
72.957
 20
67.411
 10
72.313
 20
67.585
 97
0
 92
3
 72
0
 73
1
 93
6
 10
62.476
 20
66.533
 10
61.556
 20
65.981
 10
61.515
 20
65.47
 10
61.658
 20
65.47
 10
61.76
 20
65.675
 10
62.435
 20
66.329
 97
0
 92
3
 72
0
 73
1
 93
16
 10
66.286
 20
66.461
 10
65.775
 20
66.257
 10
64.989
 20
66.124
 10
64.652
 20
65.235
 10
64.171
 20
64.347
 10
65.091
 20
63.734
 10
65.438
 20
63.366
 10
66.082
 20
62.988
 10
66.388
 20
62.886
 10
67.512
 20
62.886
 10
67.614
 20
63.09
 10
67.44
 20
63.427
 10
66.93
 20
63.938
 10
65.367
 20
64.725
 10
65.908
 20
65.307
 10
66.388
 20
66.359
 97
0
 92
3
 72
0
 73
1
 93
10
 10
59.748
 20
62.375
 10
58.491
 20
61.588
 10
57.429
 20
60.506
 10
56.857
 20
60.056
 10
56.816
 20
59.75
 10
57.061
 20
59.647
 10
57.736
 20
60.097
 10
58.451
 20
60.812
 10
58.594
 20
61.078
 10
59.779
 20
62.242
 97
0
 92
3
 72
0
 73
1
 93
10
 10
60.361
 20
62.375
 10
60.228
 20
62.304
 10
59.717
 20
61.588
 10
58.726
 20
59.617
 10
58.798
 20
59.382
 10
58.931
 20
59.31
 10
59.166
 20
59.382
 10
59.646
 20
60.23
 10
60.157
 20
61.456
 10
60.432
 20
62.304
 97
0
 75
0
 76
1
 98
0
  0
LWPOLYLINE
  5
37
330
17
100
AcDbEntity
  8
CUT
100
AcDbPolyline
 90
43
 70
1
 10
83.787
 20
79.981
 10
87.512
 20
79.992
 10
88.75
 20
78.135
 10
89.549
 20
77.924
 10
90.061
 20
78.091
 10
90.755
 20
79.023
 10
92.605
 20
79.252
 10
94.001
 20
80.011
 10
97.36
 20
80.084
 10
98.143
 20
79.799
 10
98.321
 20
76.847
 10
98.884
 20
75.771
 10
98.905
 20
72.985
 10
98.71
 20
72.098
 10
97.628
 20
70.864
 10
97.628
 20
70.238
 10
97.971
 20
69.81
 10
99.83
 20
69.603
 10
100.233
 20
68.738
 10
100.181
 20
65.439
 10
98.903
 20
63.934
 10
98.47
 20
62.256
 10
97.037
 20
61.99
 10
96.277
 20
61.416
 10
95.089
 20
61.272
 10
94.361
 20
60.77
 10
93.209
 20
60.687
 10
92.214
 20
60.144
 10
87.678
 20
60.073
 10
86.517
 20
57.691
 10
85.894
 20
57.181
 10
82.323
 20
57.15
 10
79.811
 20
57.831
 10
79.585
 20
59.006
 10
78.934
 20
60.111
 10
78.934
 20
63.317
 10
79.443
 20
64.052
 10
82.158
 20
65.063
 10
81.365
 20
67.463
 10
81.693
 20
76.689
 10
81.952
 20
77.252
 10
82.797
 20
77.615
 10
83.268
 20
79.346
  0
HATCH
  5
38
330
17
100
AcDbEntity
  8
RASTER
 62
7
100
AcDbHatch
 10
0.0
 20
0.0
 30
0.0
210
0.0
220
0.0
230
1.0
  2
SOLID
 70
1
 71
0
 91
18
 92
3
 72
0
 73
1
 93
150
 10
85.518
 20
78.281
 10
85.926
 20
78.138
 10
86.335
 20
77.627
 10
86.713
 20
76.881
 10
87.05
 20
75.686
 10
88.041
 20
76.166
 10
88.276
 20
76.095
 10
88.449
 20
75.86
 10
88.449
 20
75.349
 10
88.552
 20
75.042
 10
88.347
 20
74.021
 10
88.143
 20
73.612
 10
88.582
 20
73.439
 10
88.756
 20
73.204
 10
88.756
 20
72.591
 10
88.449
 20
71.671
 10
88.521
 20
71.436
 10
88.684
 20
71.293
 10
89.062
 20
72.489
 10
89.338
 20
73.03
 10
89.675
 20
73.306
 10
90.053
 20
73.132
 10
90.186
 20
74.021
 10
90.39
 20
74.634
 10
90.768
 20
75.277
 10
91.106
 20
75.349
 10
91.381
 20
75.216
 10
91.443
 20
75.073
 10
91.586
 20
75.073
 10
91.719
 20
75.962
 10
92.403
 20
77.218
 10
92.74
 20
77.392
 10
92.873
 20
77.321
 10
93.629
 20
76.401
 10
93.935
 20
76.912
 10
94.753
 20
77.729
 10
95.396
 20
78.107
 10
96.111
 20
78.311
 10
96.244
 20
78.24
 10
96.418
 20
78.005
 10
96.418
 20
76.881
 10
96.111
 20
75.758
 10
95.703
 20
74.94
 10
95.805
 20
74.838
 10
96.622
 20
74.736
 10
96.959
 20
74.562
 10
97.031
 20
74.123
 10
96.755
 20
73.582
 10
96.489
 20
73.336
 10
96.346
 20
73.071
 10
95.468
 20
72.417
 10
95.468
 20
72.254
 10
95.703
 20
71.978
 10
95.529
 20
71.436
 10
95.018
 20
70.926
 10
94.14
 20
70.374
 10
94.099
 20
70.272
 10
94.375
 20
70.037
 10
94.375
 20
69.73
 10
94.201
 20
69.393
 10
92.873
 20
68.331
 10
93.251
 20
68.3
 10
93.455
 20
68.402
 10
93.833
 20
68.126
 10
94.988
 20
68.811
 10
95.6
 20
68.913
 10
95.907
 20
68.607
 10
95.835
 20
67.82
 10
97.848
 20
67.892
 10
98.389
 20
67.616
 10
98.461
 20
67.176
 10
98.287
 20
66.839
 10
97.47
 20
66.022
 10
96.316
 20
65.542
 10
96.857
 20
64.96
 10
97.031
 20
64.623
 10
96.959
 20
64.183
 10
96.724
 20
64.01
 10
96.316
 20
63.907
 10
94.988
 20
63.907
 10
94.885
 20
63.805
 10
94.814
 20
63.366
 10
94.579
 20
63.192
 10
93.251
 20
63.192
 10
93.047
 20
63.294
 10
92.975
 20
63.264
 10
93.047
 20
63.09
 10
92.975
 20
62.651
 10
92.536
 20
62.477
 10
91.106
 20
62.579
 10
90.973
 20
62.099
 10
90.697
 20
61.966
 10
89.369
 20
61.966
 10
88.96
 20
62.069
 10
88.215
 20
62.447
 10
87.499
 20
63.264
 10
85.926
 20
62.651
 10
85.385
 20
60.945
 10
84.7
 20
59.382
 10
84.496
 20
59.075
 10
84.159
 20
58.902
 10
83.852
 20
58.902
 10
83.515
 20
59.075
 10
83.342
 20
59.413
 10
83.342
 20
59.617
 10
83.822
 20
60.506
 10
83.209
 20
60.056
 10
82.759
 20
59.586
 10
82.218
 20
59.31
 10
81.911
 20
59.31
 10
81.636
 20
59.443
 10
81.503
 20
59.719
 10
81.574
 20
60.26
 10
82.698
 20
61.323
 10
82.422
 20
61.353
 10
81.911
 20
61.149
 10
81.503
 20
61.149
 10
81.299
 20
61.047
 10
80.859
 20
61.323
 10
80.788
 20
61.966
 10
80.859
 20
62.099
 10
81.196
 20
62.273
 10
83.342
 20
62.886
 10
84.802
 20
63.57
 10
85.078
 20
64.316
 10
85.283
 20
65.338
 10
85.283
 20
65.951
 10
84.537
 20
66.329
 10
83.924
 20
66.941
 10
83.444
 20
67.789
 10
83.24
 20
68.504
 10
83.311
 20
69.25
 10
83.75
 20
69.424
 10
83.342
 20
70.548
 10
83.342
 20
71.058
 10
83.413
 20
71.191
 10
83.852
 20
71.365
 10
83.342
 20
72.693
 10
83.342
 20
73.204
 10
83.413
 20
73.336
 10
83.852
 20
73.51
 10
83.546
 20
74.327
 10
83.474
 20
75.073
 10
83.546
 20
75.349
 10
83.75
 20
75.553
 10
84.159
 20
75.553
 10
84.843
 20
75.277
 10
84.772
 20
76.575
 10
84.976
 20
77.392
 10
85.354
 20
78.138
 97
0
 92
3
 72
0
 73
1
 93
13
 10
95.978
 20
77.872
 10
94.855
 20
77.321
 10
94.14
 20
76.503
 10
93.762
 20
75.758
 10
93.762
 20
74.94
 10
93.864
 20
74.736
 10
93.762
 20
74.532
 10
93.792
 20
74.256
 10
94.814
 20
74.808
 10
95.427
 20
75.318
 10
96.009
 20
76.575
 10
95.907
 20
76.779
 10
96.009
 20
76.983
 97
0
 92
3
 72
0
 73
1
 93
15
 10
85.691
 20
77.801
 10
85.487
 20
77.494
 10
85.18
 20
76.575
 10
85.078
 20
75.655
 10
85.354
 20
74.808
 10
85.824
 20
74.46
 10
85.967
 20
74.195
 10
86.1
 20
74.123
 10
86.202
 20
74.225
 10
86.335
 20
74.808
 10
86.611
 20
75.145
 10
86.682
 20
75.727
 10
86.509
 20
75.758
 10
86.406
 20
76.575
 10
85.824
 20
77.729
 97
0
 92
3
 72
0
 73
1
 93
24
 10
92.74
 20
76.881
 10
92.607
 20
76.81
 10
92.127
 20
75.86
 10
91.923
 20
75.145
 10
91.923
 20
74.327
 10
92.566
 20
72.315
 10
93.251
 20
72.386
 10
93.455
 20
72.489
 10
94.579
 20
72.489
 10
95.733
 20
73.071
 10
96.244
 20
73.582
 10
96.653
 20
74.195
 10
96.653
 20
74.358
 10
96.52
 20
74.43
 10
94.988
 20
74.43
 10
93.935
 20
73.949
 10
93.629
 20
73.745
 10
93.384
 20
73.377
 10
93.22
 20
73.377
 10
93.179
 20
73.479
 10
93.455
 20
74.123
 10
93.455
 20
75.451
 10
93.179
 20
76.197
 10
92.873
 20
76.81
 97
0
 92
3
 72
0
 73
1
 93
26
 10
87.837
 20
75.758
 10
87.663
 20
75.625
 10
87.704
 20
75.482
 10
87.53
 20
75.553
 10
86.989
 20
75.175
 10
86.948
 20
74.91
 10
86.478
 20
74.358
 10
86.304
 20
74.021
 10
86.171
 20
73.03
 10
85.998
 20
73.204
 10
85.998
 20
73.408
 10
85.722
 20
73.949
 10
85.211
 20
74.562
 10
83.883
 20
75.216
 10
83.852
 20
74.532
 10
84.333
 20
73.377
 10
84.639
 20
73.071
 10
85.518
 20
72.621
 10
86.069
 20
72.049
 10
86.233
 20
72.049
 10
86.376
 20
72.315
 10
87.356
 20
73.173
 10
87.837
 20
73.817
 10
88.143
 20
74.94
 10
88.143
 20
75.655
 10
88.041
 20
75.758
 97
0
 92
3
 72
0
 73
1
 93
19
 10
91.003
 20
74.838
 10
90.493
 20
73.714
 10
90.39
 20
72.693
 10
91.003
 20
71.161
 10
91.106
 20
70.752
 10
91.034
 20
70.272
 10
92.025
 20
70.548
 10
93.455
 20
70.548
 10
94.507
 20
71.028
 10
95.12
 20
71.539
 10
95.294
 20
71.876
 10
95.192
 20
71.978
 10
94.477
 20
72.182
 10
93.455
 20
72.182
 10
92.403
 20
71.804
 10
91.953
 20
71.395
 10
92.025
 20
72.999
 10
91.923
 20
73.408
 10
91.545
 20
74.256
 97
0
 92
3
 72
0
 73
1
 93
18
 10
88.347
 20
73.204
 10
87.602
 20
72.928
 10
86.682
 20
72.111
 10
86.304
 20
71.467
 10
86.171
 20
70.987
 10
85.824
 20
71.804
 10
85.211
 20
72.417
 10
84.057
 20
72.999
 10
83.75
 20
73.102
 10
83.648
 20
72.999
 10
83.852
 20
72.284
 10
84.435
 20
71.232
 10
85.518
 20
70.578
 10
86.171
 20
69.863
 10
86.886
 20
70.578
 10
87.152
 20
70.721
 10
87.969
 20
71.641
 10
88.449
 20
72.999
 97
0
 92
3
 72
0
 73
1
 93
20
 10
89.747
 20
72.867
 10
89.573
 20
72.693
 10
89.165
 20
71.467
 10
89.165
 20
70.548
 10
89.675
 20
69.22
 10
89.778
 20
68.709
 10
89.706
 20
68.433
 10
90.39
 20
68.607
 10
92.229
 20
68.607
 10
93.077
 20
68.985
 10
93.894
 20
69.7
 10
93.966
 20
69.832
 10
93.762
 20
70.037
 10
92.331
 20
70.241
 10
91.177
 20
69.863
 10
90.421
 20
69.25
 10
90.39
 20
69.526
 10
90.595
 20
69.832
 10
90.595
 20
71.161
 10
90.319
 20
71.906
 97
0
 92
3
 72
0
 73
1
 93
67
 10
88.317
 20
71.13
 10
88.215
 20
71.089
 10
88.041
 20
70.752
 10
87.837
 20
70.139
 10
87.734
 20
68.709
 10
88.112
 20
67.759
 10
88.378
 20
67.514
 10
88.521
 20
67.248
 10
88.378
 20
66.941
 10
87.663
 20
66.022
 10
87.193
 20
65.573
 10
87.05
 20
65.307
 10
85.211
 20
63.366
 10
84.363
 20
62.886
 10
83.342
 20
62.477
 10
81.196
 20
61.864
 10
81.094
 20
61.762
 10
81.125
 20
61.486
 10
81.605
 20
61.456
 10
82.014
 20
61.558
 10
84.159
 20
62.273
 10
85.691
 20
62.988
 10
87.632
 20
63.703
 10
87.806
 20
63.672
 10
88.01
 20
63.264
 10
88.521
 20
62.753
 10
89.062
 20
62.477
 10
89.982
 20
62.273
 10
90.666
 20
62.406
 10
90.523
 20
62.814
 10
89.91
 20
63.427
 10
89.093
 20
63.938
 10
88.347
 20
64.214
 10
89.093
 20
64.796
 10
89.369
 20
65.338
 10
89.573
 20
65.951
 10
89.573
 20
66.155
 10
89.369
 20
66.359
 10
89.062
 20
66.359
 10
88.725
 20
66.186
 10
88.582
 20
65.92
 10
88.215
 20
65.573
 10
87.734
 20
64.725
 10
87.704
 20
64.142
 10
85.926
 20
63.427
 10
87.05
 20
64.592
 10
87.193
 20
64.857
 10
88.48
 20
66.329
 10
88.827
 20
66.901
 10
89.778
 20
66.666
 10
90.799
 20
66.666
 10
91.545
 20
66.941
 10
92.158
 20
67.35
 10
92.638
 20
67.892
 10
92.331
 20
68.096
 10
91.923
 20
68.198
 10
91.31
 20
68.198
 10
91.106
 20
68.3
 10
90.799
 20
68.198
 10
90.288
 20
68.198
 10
89.543
 20
67.82
 10
88.991
 20
67.309
 10
88.991
 20
67.554
 10
89.369
 20
68.504
 10
89.369
 20
69.015
 10
89.032
 20
70.108
 10
88.582
 20
70.885
 97
0
 92
3
 72
0
 73
1
 93
19
 10
83.822
 20
70.926
 10
83.679
 20
70.823
 10
83.75
 20
70.548
 10
83.955
 20
69.935
 10
84.333
 20
69.291
 10
85.415
 20
68.535
 10
85.967
 20
67.963
 10
86.131
 20
67.963
 10
86.478
 20
68.331
 10
87.254
 20
68.882
 10
87.499
 20
70.619
 10
86.478
 20
69.761
 10
86.202
 20
68.811
 10
86.1
 20
68.709
 10
85.998
 20
68.811
 10
85.998
 20
69.322
 10
85.722
 20
69.863
 10
85.211
 20
70.374
 10
84.465
 20
70.752
 97
0
 92
3
 72
0
 73
1
 93
27
 10
83.648
 20
69.015
 10
83.546
 20
68.913
 10
83.648
 20
68.402
 10
84.23
 20
67.248
 10
84.843
 20
66.737
 10
85.722
 20
66.39
 10
85.793
 20
66.257
 10
85.691
 20
66.053
 10
85.589
 20
64.623
 10
85.385
 20
64.01
 10
85.487
 20
63.907
 10
85.824
 20
64.183
 10
86.1
 20
64.827
 10
86.1
 20
65.542
 10
86.202
 20
65.746
 10
86.233
 20
66.329
 10
87.356
 20
66.941
 10
87.734
 20
67.483
 10
87.397
 20
68.372
 10
87.224
 20
68.402
 10
86.784
 20
68.126
 10
86.376
 20
67.718
 10
86.028
 20
66.901
 10
85.896
 20
67.074
 10
85.896
 20
67.381
 10
85.722
 20
67.718
 10
85.211
 20
68.229
 97
0
 92
3
 72
0
 73
1
 93
21
 10
95.468
 20
68.576
 10
94.446
 20
68.126
 10
93.833
 20
67.514
 10
93.047
 20
65.542
 10
93.997
 20
64.857
 10
94.242
 20
64.592
 10
94.579
 20
64.418
 10
94.885
 20
64.316
 10
96.316
 20
64.316
 10
96.591
 20
64.449
 10
96.551
 20
64.653
 10
96.346
 20
64.96
 10
95.733
 20
65.47
 10
94.783
 20
65.848
 10
94.272
 20
65.848
 10
94.068
 20
65.746
 10
93.966
 20
65.848
 10
94.405
 20
66.124
 10
95.018
 20
66.839
 10
95.396
 20
67.687
 10
95.498
 20
68.096
 97
0
 92
3
 72
0
 73
1
 93
19
 10
93.353
 20
67.994
 10
91.892
 20
66.594
 10
91.136
 20
64.96
 10
92.158
 20
64.245
 10
92.607
 20
63.775
 10
92.944
 20
63.601
 10
94.17
 20
63.499
 10
94.446
 20
63.632
 10
94.303
 20
63.938
 10
93.997
 20
64.347
 10
93.486
 20
64.755
 10
92.536
 20
65.235
 10
92.056
 20
65.062
 10
92.199
 20
65.368
 10
92.464
 20
65.511
 10
92.873
 20
65.92
 10
93.251
 20
66.666
 10
93.455
 20
67.381
 10
93.455
 20
67.892
 97
0
 92
3
 72
0
 73
1
 93
11
 10
96.622
 20
67.585
 10
96.111
 20
67.483
 10
95.57
 20
67.207
 10
94.916
 20
66.186
 10
95.6
 20
65.951
 10
96.111
 20
65.951
 10
97.266
 20
66.431
 10
97.981
 20
67.146
 10
98.052
 20
67.279
 10
97.981
 20
67.411
 10
97.337
 20
67.585
 97
0
 92
3
 72
0
 73
1
 93
6
 10
87.499
 20
66.533
 10
86.58
 20
65.981
 10
86.539
 20
65.47
 10
86.682
 20
65.47
 10
86.784
 20
65.675
 10
87.459
 20
66.329
 97
0
 92
3
 72
0
 73
1
 93
16
 10
91.31
 20
66.461
 10
90.799
 20
66.257
 10
90.012
 20
66.124
 10
89.675
 20
65.235
 10
89.195
 20
64.347
 10
90.115
 20
63.734
 10
90.462
 20
63.366
 10
91.106
 20
62.988
 10
91.412
 20
62.886
 10
92.536
 20
62.886
 10
92.638
 20
63.09
 10
92.464
 20
63.427
 10
91.953
 20
63.938
 10
90.39
 20
64.725
 10
90.932
 20
65.307
 10
91.412
 20
66.359
 97
0
 92
3
 72
0
 73
1
 93
10
 10
84.772
 20
62.375
 10
83.515
 20
61.588
 10
82.453
 20
60.506
 10
81.881
 20
60.056
 10
81.84
 20
59.75
 10
82.085
 20
59.647
 10
82.759
 20
60.097
 10
83.474
 20
60.812
 10
83.617
 20
61.078
 10
84.802
 20
62.242
 97
0
 92
3
 72
0
 73
1
 93
10
 10
85.385
 20
62.375
 10
85.252
 20
62.304
 10
84.741
 20
61.588
 10
83.75
 20
59.617
 10
83.822
 20
59.382
 10
83.955
 20
59.31
 10
84.19
 20
59.382
 10
84.67
 20
60.23
 10
85.18
 20
61.456
 10
85.456
 20
62.304
 97
0
 75
0
 76
1
 98
0
  0
LWPOLYLINE
  5
39
330
17
100
AcDbEntity
  8
CUT
100
AcDbPolyline
 90
21
 70
1
 10
109.244
 20
80.084
 10
114.418
 20
79.916
 10
115.923
 20
79.373
 10
116.631
 20
78.39
 10
116.73
 20
74.544
 10
117.817
 20
72.106
 10
118.185
 20
69.786
 10
117.89
 20
60.135
 10
117.766
 20
59.331
 10
117.179
 20
58.45
 10
115.044
 20
57.363
 10
113.143
 20
57.062
 10
107.415
 20
57.27
 10
105.231
 20
58.221
 10
104.333
 20
59.594
 10
103.957
 20
70.179
 10
104.317
 20
72.218
 10
105.364
 20
74.302
 10
105.502
 20
78.394
 10
105.94
 20
79.132
 10
106.847
 20
79.684
  0
HATCH
  5
3A
330
17
100
AcDbEntity
  8
RASTER
 62
7
100
AcDbHatch
 10
0.0
 20
0.0
 30
0.0
210
0.0
220
0.0
230
1.0
  2
SOLID
 70
1
 71
0
 91
7
 92
3
 72
0
 73
1
 93
50
 10
110.02
 20
78.295
 10
112.054
 20
78.325
 10
112.25
 20
78.227
 10
112.643
 20
78.227
 10
113.724
 20
77.932
 10
114.441
 20
77.568
 10
114.638
 20
77.372
 10
114.903
 20
76.851
 10
115.001
 20
76.163
 10
114.903
 20
75.967
 10
114.903
 20
75.475
 10
114.638
 20
74.955
 10
114.314
 20
74.591
 10
114.412
 20
73.805
 10
114.972
 20
72.597
 10
116.082
 20
70.563
 10
116.377
 20
69.187
 10
116.377
 20
66.043
 10
116.279
 20
65.847
 10
116.279
 20
63.783
 10
116.18
 20
63.587
 10
116.18
 20
61.524
 10
116.082
 20
61.032
 10
115.817
 20
60.512
 10
115.129
 20
59.824
 10
113.724
 20
59.165
 10
112.447
 20
58.871
 10
111.759
 20
58.871
 10
111.563
 20
58.772
 10
110.58
 20
58.772
 10
110.384
 20
58.871
 10
109.106
 20
58.969
 10
108.124
 20
59.264
 10
107.013
 20
59.824
 10
106.424
 20
60.413
 10
106.159
 20
60.934
 10
105.962
 20
61.72
 10
105.864
 20
64.668
 10
105.766
 20
64.864
 10
105.766
 20
69.482
 10
106.159
 20
70.858
 10
107.632
 20
73.609
 10
107.829
 20
74.296
 10
107.799
 20
74.66
 10
107.505
 20
74.955
 10
107.239
 20
75.475
 10
107.141
 20
76.556
 10
107.505
 20
77.372
 10
107.898
 20
77.667
 10
109.008
 20
78.128
 97
0
 92
3
 72
0
 73
1
 93
51
 10
110.777
 20
77.834
 10
110.58
 20
77.735
 10
109.794
 20
77.735
 10
108.713
 20
77.441
 10
107.996
 20
77.077
 10
107.731
 20
76.556
 10
107.731
 20
75.868
 10
107.829
 20
75.574
 10
108.32
 20
74.886
 10
108.32
 20
74.002
 10
108.124
 20
73.412
 10
107.505
 20
72.164
 10
106.65
 20
70.661
 10
106.355
 20
69.679
 10
106.355
 20
69.286
 10
106.257
 20
69.089
 10
106.355
 20
64.078
 10
106.453
 20
63.882
 10
106.453
 20
62.506
 10
106.552
 20
62.31
 10
106.552
 20
61.524
 10
106.65
 20
61.13
 10
106.817
 20
60.806
 10
107.308
 20
60.315
 10
107.927
 20
59.951
 10
109.106
 20
59.558
 10
110.187
 20
59.46
 10
110.384
 20
59.362
 10
111.857
 20
59.362
 10
113.724
 20
59.755
 10
114.834
 20
60.315
 10
115.326
 20
60.806
 10
115.493
 20
61.13
 10
115.591
 20
61.425
 10
115.591
 20
63.292
 10
115.689
 20
63.489
 10
115.689
 20
65.061
 10
115.787
 20
65.257
 10
115.886
 20
68.499
 10
115.787
 20
68.696
 10
115.689
 20
69.875
 10
115.394
 20
70.759
 10
114.215
 20
72.921
 10
113.822
 20
74.1
 10
113.822
 20
74.886
 10
114.147
 20
75.249
 10
114.412
 20
75.967
 10
114.412
 20
76.556
 10
114.245
 20
76.88
 10
113.95
 20
77.175
 10
112.84
 20
77.637
 97
0
 92
3
 72
0
 73
1
 93
16
 10
110.413
 20
77.411
 10
111.661
 20
77.441
 10
111.857
 20
77.342
 10
112.447
 20
77.342
 10
113.361
 20
76.979
 10
113.528
 20
76.655
 10
113.4
 20
76.389
 10
113.164
 20
76.232
 10
112.25
 20
75.967
 10
109.991
 20
75.967
 10
109.499
 20
76.065
 10
108.88
 20
76.33
 10
108.684
 20
76.527
 10
108.615
 20
76.655
 10
108.684
 20
76.88
 10
109.303
 20
77.244
 97
0
 92
3
 72
0
 73
1
 93
10
 10
110.089
 20
76.949
 10
109.136
 20
76.625
 10
109.401
 20
76.458
 10
109.794
 20
76.458
 10
109.991
 20
76.36
 10
112.25
 20
76.36
 10
112.742
 20
76.458
 10
112.84
 20
76.556
 10
112.771
 20
76.684
 10
112.054
 20
76.949
 97
0
 92
3
 72
0
 73
1
 93
18
 10
113.557
 20
75.053
 10
113.626
 20
74.984
 10
113.459
 20
74.66
 10
112.545
 20
74.296
 10
112.152
 20
74.296
 10
111.956
 20
74.198
 10
109.991
 20
74.198
 10
109.794
 20
74.296
 10
109.401
 20
74.296
 10
108.684
 20
74.562
 10
108.517
 20
74.886
 10
108.713
 20
74.984
 10
109.205
 20
74.788
 10
110.187
 20
74.689
 10
110.384
 20
74.591
 10
111.857
 20
74.591
 10
112.054
 20
74.689
 10
112.938
 20
74.788
 97
0
 92
3
 72
0
 73
1
 93
43
 10
107.171
 20
70.533
 10
107.338
 20
70.465
 10
106.945
 20
68.991
 10
106.945
 20
67.32
 10
107.043
 20
67.124
 10
107.043
 20
65.257
 10
107.141
 20
65.061
 10
107.141
 20
62.899
 10
107.239
 20
62.703
 10
107.239
 20
61.622
 10
107.406
 20
61.298
 10
107.898
 20
60.905
 10
108.418
 20
60.639
 10
109.892
 20
60.246
 10
111.101
 20
60.177
 10
112.349
 20
60.246
 10
113.233
 20
60.443
 10
114.441
 20
61.003
 10
114.736
 20
61.298
 10
114.903
 20
61.72
 10
114.903
 20
62.899
 10
115.07
 20
63.263
 10
115.1
 20
61.622
 10
114.834
 20
61.101
 10
114.54
 20
60.806
 10
113.626
 20
60.344
 10
112.545
 20
60.05
 10
112.152
 20
60.05
 10
111.956
 20
59.951
 10
110.285
 20
59.951
 10
110.089
 20
60.05
 10
109.598
 20
60.05
 10
108.32
 20
60.443
 10
107.603
 20
60.806
 10
107.21
 20
61.199
 10
107.043
 20
61.524
 10
107.043
 20
62.31
 10
106.945
 20
62.506
 10
106.945
 20
64.471
 10
106.846
 20
64.668
 10
106.846
 20
66.534
 10
106.748
 20
66.731
 10
106.748
 20
69.187
 97
0
 92
3
 72
0
 73
1
 93
7
 10
115.129
 20
64.442
 10
115.198
 20
64.373
 10
115.198
 20
63.489
 10
115.1
 20
63.39
 10
115.001
 20
63.489
 10
115.001
 20
63.685
 10
115.1
 20
63.882
 97
0
 75
0
 76
1
 98
0
  0
LWPOLYLINE
  5
3B
330
17
100
AcDbEntity
  8
CUT
100
AcDbPolyline
 90
21
 70
1
 10
127.196
 20
80.084
 10
132.37
 20
79.916
 10
133.875
 20
79.373
 10
134.583
 20
78.39
 10
134.682
 20
74.544
 10
135.769
 20
72.106
 10
136.137
 20
69.786
 10
135.842
 20
60.135
 10
135.718
 20
59.331
 10
135.131
 20
58.45
 10
132.996
 20
57.363
 10
131.095
 20
57.062
 10
125.367
 20
57.27
 10
123.183
 20
58.221
 10
122.285
 20
59.594
 10
121.909
 20
70.179
 10
122.269
 20
72.218
 10
123.316
 20
74.302
 10
123.454
 20
78.394
 10
123.892
 20
79.132
 10
124.799
 20
79.684
  0
HATCH
  5
3C
330
17
100
AcDbEntity
  8
RASTER
 62
7
100
AcDbHatch
 10
0.0
 20
0.0
 30
0.0
210
0.0
220
0.0
230
1.0
  2
SOLID
 70
1
 71
0
 91
7
 92
3
 72
0
 73
1
 93
50
 10
127.972
 20
78.295
 10
130.006
 20
78.325
 10
130.202
 20
78.227
 10
130.595
 20
78.227
 10
131.676
 20
77.932
 10
132.393
 20
77.568
 10
132.59
 20
77.372
 10
132.855
 20
76.851
 10
132.953
 20
76.163
 10
132.855
 20
75.967
 10
132.855
 20
75.475
 10
132.59
 20
74.955
 10
132.266
 20
74.591
 10
132.364
 20
73.805
 10
132.924
 20
72.597
 10
134.034
 20
70.563
 10
134.329
 20
69.187
 10
134.329
 20
66.043
 10
134.231
 20
65.847
 10
134.231
 20
63.783
 10
134.132
 20
63.587
 10
134.132
 20
61.524
 10
134.034
 20
61.032
 10
133.769
 20
60.512
 10
133.081
 20
59.824
 10
131.676
 20
59.165
 10
130.399
 20
58.871
 10
129.711
 20
58.871
 10
129.515
 20
58.772
 10
128.532
 20
58.772
 10
128.336
 20
58.871
 10
127.058
 20
58.969
 10
126.076
 20
59.264
 10
124.965
 20
59.824
 10
124.376
 20
60.413
 10
124.111
 20
60.934
 10
123.914
 20
61.72
 10
123.816
 20
64.668
 10
123.718
 20
64.864
 10
123.718
 20
69.482
 10
124.111
 20
70.858
 10
125.584
 20
73.609
 10
125.781
 20
74.296
 10
125.751
 20
74.66
 10
125.457
 20
74.955
 10
125.191
 20
75.475
 10
125.093
 20
76.556
 10
125.457
 20
77.372
 10
125.85
 20
77.667
 10
126.96
 20
78.128
 97
0
 92
3
 72
0
 73
1
 93
51
 10
128.729
 20
77.834
 10
128.532
 20
77.735
 10
127.746
 20
77.735
 10
126.665
 20
77.441
 10
125.948
 20
77.077
 10
125.683
 20
76.556
 10
125.683
 20
75.868
 10
125.781
 20
75.574
 10
126.272
 20
74.886
 10
126.272
 20
74.002
 10
126.076
 20
73.412
 10
125.457
 20
72.164
 10
124.602
 20
70.661
 10
124.307
 20
69.679
 10
124.307
 20
69.286
 10
124.209
 20
69.089
 10
124.307
 20
64.078
 10
124.405
 20
63.882
 10
124.405
 20
62.506
 10
124.504
 20
62.31
 10
124.504
 20
61.524
 10
124.602
 20
61.13
 10
124.769
 20
60.806
 10
125.26
 20
60.315
 10
125.879
 20
59.951
 10
127.058
 20
59.558
 10
128.139
 20
59.46
 10
128.336
 20
59.362
 10
129.809
 20
59.362
 10
131.676
 20
59.755
 10
132.786
 20
60.315
 10
133.278
 20
60.806
 10
133.445
 20
61.13
 10
133.543
 20
61.425
 10
133.543
 20
63.292
 10
133.641
 20
63.489
 10
133.641
 20
65.061
 10
133.739
 20
65.257
 10
133.838
 20
68.499
 10
133.739
 20
68.696
 10
133.641
 20
69.875
 10
133.346
 20
70.759
 10
132.167
 20
72.921
 10
131.774
 20
74.1
 10
131.774
 20
74.886
 10
132.099
 20
75.249
 10
132.364
 20
75.967
 10
132.364
 20
76.556
 10
132.197
 20
76.88
 10
131.902
 20
77.175
 10
130.792
 20
77.637
 97
0
 92
3
 72
0
 73
1
 93
16
 10
128.365
 20
77.411
 10
129.613
 20
77.441
 10
129.809
 20
77.342
 10
130.399
 20
77.342
 10
131.313
 20
76.979
 10
131.48
 20
76.655
 10
131.352
 20
76.389
 10
131.116
 20
76.232
 10
130.202
 20
75.967
 10
127.943
 20
75.967
 10
127.451
 20
76.065
 10
126.832
 20
76.33
 10
126.636
 20
76.527
 10
126.567
 20
76.655
 10
126.636
 20
76.88
 10
127.255
 20
77.244
 97
0
 92
3
 72
0
 73
1
 93
10
 10
128.041
 20
76.949
 10
127.088
 20
76.625
 10
127.353
 20
76.458
 10
127.746
 20
76.458
 10
127.943
 20
76.36
 10
130.202
 20
76.36
 10
130.694
 20
76.458
 10
130.792
 20
76.556
 10
130.723
 20
76.684
 10
130.006
 20
76.949
 97
0
 92
3
 72
0
 73
1
 93
18
 10
131.509
 20
75.053
 10
131.578
 20
74.984
 10
131.411
 20
74.66
 10
130.497
 20
74.296
 10
130.104
 20
74.296
 10
129.908
 20
74.198
 10
127.943
 20
74.198
 10
127.746
 20
74.296
 10
127.353
 20
74.296
 10
126.636
 20
74.562
 10
126.469
 20
74.886
 10
126.665
 20
74.984
 10
127.156
 20
74.788
 10
128.139
 20
74.689
 10
128.336
 20
74.591
 10
129.809
 20
74.591
 10
130.006
 20
74.689
 10
130.89
 20
74.788
 97
0
 92
3
 72
0
 73
1
 93
43
 10
125.123
 20
70.533
 10
125.29
 20
70.465
 10
124.897
 20
68.991
 10
124.897
 20
67.32
 10
124.995
 20
67.124
 10
124.995
 20
65.257
 10
125.093
 20
65.061
 10
125.093
 20
62.899
 10
125.191
 20
62.703
 10
125.191
 20
61.622
 10
125.358
 20
61.298
 10
125.85
 20
60.905
 10
126.37
 20
60.639
 10
127.844
 20
60.246
 10
129.053
 20
60.177
 10
130.301
 20
60.246
 10
131.185
 20
60.443
 10
132.393
 20
61.003
 10
132.688
 20
61.298
 10
132.855
 20
61.72
 10
132.855
 20
62.899
 10
133.022
 20
63.263
 10
133.052
 20
61.622
 10
132.786
 20
61.101
 10
132.492
 20
60.806
 10
131.578
 20
60.344
 10
130.497
 20
60.05
 10
130.104
 20
60.05
 10
129.908
 20
59.951
 10
128.237
 20
59.951
 10
128.041
 20
60.05
 10
127.549
 20
60.05
 10
126.272
 20
60.443
 10
125.555
 20
60.806
 10
125.162
 20
61.199
 10
124.995
 20
61.524
 10
124.995
 20
62.31
 10
124.897
 20
62.506
 10
124.897
 20
64.471
 10
124.798
 20
64.668
 10
124.798
 20
66.534
 10
124.7
 20
66.731
 10
124.7
 20
69.187
 97
0
 92
3
 72
0
 73
1
 93
7
 10
133.081
 20
64.442
 10
133.15
 20
64.373
 10
133.15
 20
63.489
 10
133.052
 20
63.39
 10
132.953
 20
63.489
 10
132.953
 20
63.685
 10
133.052
 20
63.882
 97
0
 75
0
 76
1
 98
0
  0
LWPOLYLINE
  5
3D
330
17
100
AcDbEntity
  8
CUT
100
AcDbPolyline
 90
21
 70
1
 10
145.148
 20
80.084
 10
150.322
 20
79.916
 10
151.827
 20
79.373
 10
152.535
 20
78.39
 10
152.634
 20
74.544
 10
153.721
 20
72.106
 10
154.089
 20
69.786
 10
153.794
 20
60.135
 10
153.67
 20
59.331
 10
153.083
 20
58.45
 10
150.948
 20
57.363
 10
149.047
 20
57.062
 10
143.319
 20
57.27
 10
141.135
 20
58.221
 10
140.237
 20
59.594
 10
139.861
 20
70.179
 10
140.221
 20
72.218
 10
141.268
 20
74.302
 10
141.406
 20
78.394
 10
141.844
 20
79.132
 10
142.751
 20
79.684
  0
HATCH
  5
3E
330
17
100
AcDbEntity
  8
RASTER
 62
7
100
AcDbHatch
 10
0.0
 20
0.0
 30
0.0
210
0.0
220
0.0
230
1.0
  2
SOLID
 70
1
 71
0
 91
7
 92
3
 72
0
 73
1
 93
50
 10
145.924
 20
78.295
 10
147.958
 20
78.325
 10
148.154
 20
78.227
 10
148.547
 20
78.227
 10
149.628
 20
77.932
 10
150.345
 20
77.568
 10
150.542
 20
77.372
 10
150.807
 20
76.851
 10
150.905
 20
76.163
 10
150.807
 20
75.967
 10
150.807
 20
75.475
 10
150.542
 20
74.955
 10
150.218
 20
74.591
 10
150.316
 20
73.805
 10
150.876
 20
72.597
 10
151.986
 20
70.563
 10
152.281
 20
69.187
 10
152.281
 20
66.043
 10
152.183
 20
65.847
 10
152.183
 20
63.783
 10
152.084
 20
63.587
 10
152.084
 20
61.524
 10
151.986
 20
61.032
 10
151.721
 20
60.512
 10
151.033
 20
59.824
 10
149.628
 20
59.165
 10
148.351
 20
58.871
 10
147.663
 20
58.871
 10
147.467
 20
58.772
 10
146.484
 20
58.772
 10
146.287
 20
58.871
 10
145.01
 20
58.969
 10
144.028
 20
59.264
 10
142.917
 20
59.824
 10
142.328
 20
60.413
 10
142.063
 20
60.934
 10
141.866
 20
61.72
 10
141.768
 20
64.668
 10
141.67
 20
64.864
 10
141.67
 20
69.482
 10
142.063
 20
70.858
 10
143.536
 20
73.609
 10
143.733
 20
74.296
 10
143.703
 20
74.66
 10
143.409
 20
74.955
 10
143.143
 20
75.475
 10
143.045
 20
76.556
 10
143.409
 20
77.372
 10
143.802
 20
77.667
 10
144.912
 20
78.128
 97
0
 92
3
 72
0
 73
1
 93
51
 10
146.68
 20
77.834
 10
146.484
 20
77.735
 10
145.698
 20
77.735
 10
144.617
 20
77.441
 10
143.9
 20
77.077
 10
143.635
 20
76.556
 10
143.635
 20
75.868
 10
143.733
 20
75.574
 10
144.224
 20
74.886
 10
144.224
 20
74.002
 10
144.028
 20
73.412
 10
143.409
 20
72.164
 10
142.554
 20
70.661
 10
142.259
 20
69.679
 10
142.259
 20
69.286
 10
142.161
 20
69.089
 10
142.259
 20
64.078
 10
142.357
 20
63.882
 10
142.357
 20
62.506
 10
142.456
 20
62.31
 10
142.456
 20
61.524
 10
142.554
 20
61.13
 10
142.721
 20
60.806
 10
143.212
 20
60.315
 10
143.831
 20
59.951
 10
145.01
 20
59.558
 10
146.091
 20
59.46
 10
146.287
 20
59.362
 10
147.761
 20
59.362
 10
149.628
 20
59.755
 10
150.738
 20
60.315
 10
151.23
 20
60.806
 10
151.397
 20
61.13
 10
151.495
 20
61.425
 10
151.495
 20
63.292
 10
151.593
 20
63.489
 10
151.593
 20
65.061
 10
151.691
 20
65.257
 10
151.79
 20
68.499
 10
151.691
 20
68.696
 10
151.593
 20
69.875
 10
151.298
 20
70.759
 10
150.119
 20
72.921
 10
149.726
 20
74.1
 10
149.726
 20
74.886
 10
150.051
 20
75.249
 10
150.316
 20
75.967
 10
150.316
 20
76.556
 10
150.149
 20
76.88
 10
149.854
 20
77.175
 10
148.744
 20
77.637
 97
0
 92
3
 72
0
 73
1
 93
16
 10
146.317
 20
77.411
 10
147.565
 20
77.441
 10
147.761
 20
77.342
 10
148.351
 20
77.342
 10
149.265
 20
76.979
 10
149.432
 20
76.655
 10
149.304
 20
76.389
 10
149.068
 20
76.232
 10
148.154
 20
75.967
 10
145.894
 20
75.967
 10
145.403
 20
76.065
 10
144.784
 20
76.33
 10
144.588
 20
76.527
 10
144.519
 20
76.655
 10
144.588
 20
76.88
 10
145.207
 20
77.244
 97
0
 92
3
 72
0
 73
1
 93
10
 10
145.993
 20
76.949
 10
145.04
 20
76.625
 10
145.305
 20
76.458
 10
145.698
 20
76.458
 10
145.894
 20
76.36
 10
148.154
 20
76.36
 10
148.646
 20
76.458
 10
148.744
 20
76.556
 10
148.675
 20
76.684
 10
147.958
 20
76.949
 97
0
 92
3
 72
0
 73
1
 93
18
 10
149.461
 20
75.053
 10
149.53
 20
74.984
 10
149.363
 20
74.66
 10
148.449
 20
74.296
 10
148.056
 20
74.296
 10
147.86
 20
74.198
 10
145.894
 20
74.198
 10
145.698
 20
74.296
 10
145.305
 20
74.296
 10
144.588
 20
74.562
 10
144.421
 20
74.886
 10
144.617
 20
74.984
 10
145.108
 20
74.788
 10
146.091
 20
74.689
 10
146.287
 20
74.591
 10
147.761
 20
74.591
 10
147.958
 20
74.689
 10
148.842
 20
74.788
 97
0
 92
3
 72
0
 73
1
 93
43
 10
143.075
 20
70.533
 10
143.242
 20
70.465
 10
142.849
 20
68.991
 10
142.849
 20
67.32
 10
142.947
 20
67.124
 10
142.947
 20
65.257
 10
143.045
 20
65.061
 10
143.045
 20
62.899
 10
143.143
 20
62.703
 10
143.143
 20
61.622
 10
143.31
 20
61.298
 10
143.802
 20
60.905
 10
144.322
 20
60.639
 10
145.796
 20
60.246
 10
147.005
 20
60.177
 10
148.253
 20
60.246
 10
149.137
 20
60.443
 10
150.345
 20
61.003
 10
150.64
 20
61.298
 10
150.807
 20
61.72
 10
150.807
 20
62.899
 10
150.974
 20
63.263
 10
151.004
 20
61.622
 10
150.738
 20
61.101
 10
150.444
 20
60.806
 10
149.53
 20
60.344
 10
148.449
 20
60.05
 10
148.056
 20
60.05
 10
147.86
 20
59.951
 10
146.189
 20
59.951
 10
145.993
 20
60.05
 10
145.501
 20
60.05
 10
144.224
 20
60.443
 10
143.507
 20
60.806
 10
143.114
 20
61.199
 10
142.947
 20
61.524
 10
142.947
 20
62.31
 10
142.849
 20
62.506
 10
142.849
 20
64.471
 10
142.75
 20
64.668
 10
142.75
 20
66.534
 10
142.652
 20
66.731
 10
142.652
 20
69.187
 97
0
 92
3
 72
0
 73
1
 93
7
 10
151.033
 20
64.442
 10
151.102
 20
64.373
 10
151.102
 20
63.489
 10
151.004
 20
63.39
 10
150.905
 20
63.489
 10
150.905
 20
63.685
 10
151.004
 20
63.882
 97
0
 75
0
 76
1
 98
0
  0
LWPOLYLINE
  5
3F
330
17
100
AcDbEntity
  8
CUT
100
AcDbPolyline
 90
21
 70
1
 10
163.1
 20
80.084
 10
168.274
 20
79.916
 10
169.779
 20
79.373
 10
170.487
 20
78.39
 10
170.586
 20
74.544
 10
171.673
 20
72.106
 10
172.041
 20
69.786
 10
171.746
 20
60.135
 10
171.622
 20
59.331
 10
171.035
 20
58.45
 10
168.9
 20
57.363
 10
166.999
 20
57.062
 10
161.271
 20
57.27
 10
159.087
 20
58.221
 10
158.189
 20
59.594
 10
157.813
 20
70.179
 10
158.173
 20
72.218
 10
159.22
 20
74.302
 10
159.358
 20
78.394
 10
159.796
 20
79.132
 10
160.703
 20
79.684
  0
HATCH
  5
40
330
17
100
AcDbEntity
  8
RASTER
 62
7
100
AcDbHatch
 10
0.0
 20
0.0
 30
0.0
210
0.0
220
0.0
230
1.0
  2
SOLID
 70
1
 71
0
 91
7
 92
3
 72
0
 73
1
 93
50
 10
163.876
 20
78.295
 10
165.91
 20
78.325
 10
166.106
 20
78.227
 10
166.499
 20
78.227
 10
167.58
 20
77.932
 10
168.297
 20
77.568
 10
168.494
 20
77.372
 10
168.759
 20
76.851
 10
168.857
 20
76.163
 10
168.759
 20
75.967
 10
168.759
 20
75.475
 10
168.494
 20
74.955
 10
168.17
 20
74.591
 10
168.268
 20
73.805
 10
168.828
 20
72.597
 10
169.938
 20
70.563
 10
170.233
 20
69.187
 10
170.233
 20
66.043
 10
170.135
 20
65.847
 10
170.135
 20
63.783
 10
170.036
 20
63.587
 10
170.036
 20
61.524
 10
169.938
 20
61.032
 10
169.673
 20
60.512
 10
168.985
 20
59.824
 10
167.58
 20
59.165
 10
166.303
 20
58.871
 10
165.615
 20
58.871
 10
165.418
 20
58.772
 10
164.436
 20
58.772
 10
164.239
 20
58.871
 10
162.962
 20
58.969
 10
161.98
 20
59.264
 10
160.869
 20
59.824
 10
160.28
 20
60.413
 10
160.015
 20
60.934
 10
159.818
 20
61.72
 10
159.72
 20
64.668
 10
159.622
 20
64.864
 10
159.622
 20
69.482
 10
160.015
 20
70.858
 10
161.488
 20
73.609
 10
161.685
 20
74.296
 10
161.655
 20
74.66
 10
161.361
 20
74.955
 10
161.095
 20
75.475
 10
160.997
 20
76.556
 10
161.361
 20
77.372
 10
161.754
 20
77.667
 10
162.864
 20
78.128
 97
0
 92
3
 72
0
 73
1
 93
51
 10
164.632
 20
77.834
 10
164.436
 20
77.735
 10
163.65
 20
77.735
 10
162.569
 20
77.441
 10
161.852
 20
77.077
 10
161.587
 20
76.556
 10
161.587
 20
75.868
 10
161.685
 20
75.574
 10
162.176
 20
74.886
 10
162.176
 20
74.002
 10
161.98
 20
73.412
 10
161.361
 20
72.164
 10
160.506
 20
70.661
 10
160.211
 20
69.679
 10
160.211
 20
69.286
 10
160.113
 20
69.089
 10
160.211
 20
64.078
 10
160.309
 20
63.882
 10
160.309
 20
62.506
 10
160.408
 20
62.31
 10
160.408
 20
61.524
 10
160.506
 20
61.13
 10
160.673
 20
60.806
 10
161.164
 20
60.315
 10
161.783
 20
59.951
 10
162.962
 20
59.558
 10
164.043
 20
59.46
 10
164.239
 20
59.362
 10
165.713
 20
59.362
 10
167.58
 20
59.755
 10
168.69
 20
60.315
 10
169.182
 20
60.806
 10
169.349
 20
61.13
 10
169.447
 20
61.425
 10
169.447
 20
63.292
 10
169.545
 20
63.489
 10
169.545
 20
65.061
 10
169.643
 20
65.257
 10
169.742
 20
68.499
 10
169.643
 20
68.696
 10
169.545
 20
69.875
 10
169.25
 20
70.759
 10
168.071
 20
72.921
 10
167.678
 20
74.1
 10
167.678
 20
74.886
 10
168.003
 20
75.249
 10
168.268
 20
75.967
 10
168.268
 20
76.556
 10
168.101
 20
76.88
 10
167.806
 20
77.175
 10
166.696
 20
77.637
 97
0
 92
3
 72
0
 73
1
 93
16
 10
164.269
 20
77.411
 10
165.517
 20
77.441
 10
165.713
 20
77.342
 10
166.303
 20
77.342
 10
167.217
 20
76.979
 10
167.384
 20
76.655
 10
167.256
 20
76.389
 10
167.02
 20
76.232
 10
166.106
 20
75.967
 10
163.846
 20
75.967
 10
163.355
 20
76.065
 10
162.736
 20
76.33
 10
162.54
 20
76.527
 10
162.471
 20
76.655
 10
162.54
 20
76.88
 10
163.159
 20
77.244
 97
0
 92
3
 72
0
 73
1
 93
10
 10
163.945
 20
76.949
 10
162.992
 20
76.625
 10
163.257
 20
76.458
 10
163.65
 20
76.458
 10
163.846
 20
76.36
 10
166.106
 20
76.36
 10
166.598
 20
76.458
 10
166.696
 20
76.556
 10
166.627
 20
76.684
 10
165.91
 20
76.949
 97
0
 92
3
 72
0
 73
1
 93
18
 10
167.413
 20
75.053
 10
167.482
 20
74.984
 10
167.315
 20
74.66
 10
166.401
 20
74.296
 10
166.008
 20
74.296
 10
165.812
 20
74.198
 10
163.846
 20
74.198
 10
163.65
 20
74.296
 10
163.257
 20
74.296
 10
162.54
 20
74.562
 10
162.373
 20
74.886
 10
162.569
 20
74.984
 10
163.06
 20
74.788
 10
164.043
 20
74.689
 10
164.239
 20
74.591
 10
165.713
 20
74.591
 10
165.91
 20
74.689
 10
166.794
 20
74.788
 97
0
 92
3
 72
0
 73
1
 93
43
 10
161.027
 20
70.533
 10
161.194
 20
70.465
 10
160.801
 20
68.991
 10
160.801
 20
67.32
 10
160.899
 20
67.124
 10
160.899
 20
65.257
 10
160.997
 20
65.061
 10
160.997
 20
62.899
 10
161.095
 20
62.703
 10
161.095
 20
61.622
 10
161.262
 20
61.298
 10
161.754
 20
60.905
 10
162.274
 20
60.639
 10
163.748
 20
60.246
 10
164.957
 20
60.177
 10
166.205
 20
60.246
 10
167.089
 20
60.443
 10
168.297
 20
61.003
 10
168.592
 20
61.298
 10
168.759
 20
61.72
 10
168.759
 20
62.899
 10
168.926
 20
63.263
 10
168.956
 20
61.622
 10
168.69
 20
61.101
 10
168.396
 20
60.806
 10
167.482
 20
60.344
 10
166.401
 20
60.05
 10
166.008
 20
60.05
 10
165.812
 20
59.951
 10
164.141
 20
59.951
 10
163.945
 20
60.05
 10
163.453
 20
60.05
 10
162.176
 20
60.443
 10
161.459
 20
60.806
 10
161.066
 20
61.199
 10
160.899
 20
61.524
 10
160.899
 20
62.31
 10
160.801
 20
62.506
 10
160.801
 20
64.471
 10
160.702
 20
64.668
 10
160.702
 20
66.534
 10
160.604
 20
66.731
 10
160.604
 20
69.187
 97
0
 92
3
 72
0
 73
1
 93
7
 10
168.985
 20
64.442
 10
169.054
 20
64.373
 10
169.054
 20
63.489
 10
168.956
 20
63.39
 10
168.857
 20
63.489
 10
168.857
 20
63.685
 10
168.956
 20
63.882
 97
0
 75
0
 76
1
 98
0
  0
LWPOLYLINE
  5
41
330
17
100
AcDbEntity
  8
CUT
100
AcDbPolyline
 90
18
 70
1
 10
181.163
 20
80.027
 10
185.592
 20
80.084
 10
190.988
 20
78.323
 10
191.667
 20
77.216
 10
192.303
 20
74.015
 10
195.66
 20
73.617
 10
198.79
 20
70.465
 10
199.2
 20
69.234
 10
199.109
 20
65.347
 10
196.936
 20
60.429
 10
192.565
 20
59.879
 10
187.621
 20
59.936
 10
184.698
 20
62.86
 10
182.291
 20
63.226
 10
177.188
 20
65.413
 10
175.766
 20
71.272
 10
175.788
 20
75.685
 10
176.591
 20
76.771
  0
HATCH
  5
42
330
17
100
AcDbEntity
  8
RASTER
 62
7
100
AcDbHatch
 10
0.0
 20
0.0
 30
0.0
210
0.0
220
0.0
230
1.0
  2
SOLID
 70
1
 71
0
 91
14
 92
3
 72
0
 73
1
 93
39
 10
183.283
 20
78.264
 10
183.473
 20
78.297
 10
185.043
 20
77.849
 10
188.744
 20
76.615
 10
189.339
 20
76.312
 10
189.754
 20
75.494
 10
190.281
 20
71.983
 10
193.342
 20
71.905
 10
193.825
 20
71.714
 10
194.722
 20
70.929
 10
195.103
 20
70.413
 10
196.741
 20
68.798
 10
197.077
 20
68.35
 10
197.268
 20
67.98
 10
197.268
 20
67.307
 10
195.058
 20
62.226
 10
194.24
 20
62.036
 10
191.548
 20
61.924
 10
191.324
 20
61.811
 10
189.305
 20
61.811
 10
188.486
 20
62.563
 10
188.329
 20
62.854
 10
187.813
 20
63.348
 10
187.656
 20
63.639
 10
186.199
 20
65.322
 10
186.019
 20
65.322
 10
185.862
 20
65.142
 10
185.268
 20
64.839
 10
184.595
 20
64.952
 10
179.885
 20
66.746
 10
179.29
 20
67.049
 10
179.066
 20
67.273
 10
178.763
 20
68.092
 10
178.09
 20
71.456
 10
177.754
 20
72.578
 10
177.642
 20
73.811
 10
177.944
 20
74.406
 10
178.281
 20
74.742
 10
182.318
 20
77.77
 97
0
 92
3
 72
0
 73
1
 93
115
 10
183.249
 20
77.625
 10
178.617
 20
74.182
 10
178.314
 20
73.699
 10
178.314
 20
73.475
 10
178.572
 20
72.275
 10
178.842
 20
72.432
 10
179.099
 20
72.017
 10
178.987
 20
71.905
 10
178.685
 20
71.983
 10
178.651
 20
71.681
 10
178.954
 20
70.525
 10
179.178
 20
70.525
 10
179.436
 20
70.335
 10
179.29
 20
70.144
 10
179.066
 20
70.301
 10
178.987
 20
70.223
 10
179.627
 20
67.722
 10
179.885
 20
67.531
 10
181.264
 20
67.004
 10
181.264
 20
67.116
 10
181.04
 20
67.228
 10
181.197
 20
67.453
 10
181.152
 20
67.61
 10
181.679
 20
67.419
 10
181.713
 20
67.565
 10
181.488
 20
67.565
 10
181.679
 20
67.755
 10
181.87
 20
67.722
 10
181.937
 20
67.453
 10
182.094
 20
67.61
 10
182.161
 20
67.453
 10
182.352
 20
67.531
 10
182.688
 20
67.307
 10
182.879
 20
67.385
 10
183.058
 20
67.228
 10
183.215
 20
67.273
 10
183.025
 20
66.858
 10
183.103
 20
66.712
 10
183.215
 20
66.667
 10
183.44
 20
66.825
 10
183.507
 20
66.667
 10
183.698
 20
66.746
 10
183.956
 20
66.555
 10
183.956
 20
66.712
 10
184.113
 20
66.712
 10
184.225
 20
66.219
 10
183.843
 20
66.264
 10
184.0
 20
66.152
 10
183.843
 20
65.995
 10
185.043
 20
65.625
 10
185.234
 20
65.995
 10
185.156
 20
66.97
 10
185.043
 20
67.195
 10
185.043
 20
67.643
 10
185.156
 20
67.867
 10
184.931
 20
67.98
 10
184.819
 20
68.989
 10
184.898
 20
69.067
 10
185.01
 20
68.798
 10
185.38
 20
69.213
 10
185.526
 20
69.023
 10
185.683
 20
69.023
 10
185.683
 20
69.18
 10
185.526
 20
69.292
 10
185.828
 20
69.662
 10
185.638
 20
69.74
 10
185.346
 20
69.583
 10
185.346
 20
69.359
 10
185.156
 20
69.438
 10
185.122
 20
69.247
 10
184.931
 20
69.213
 10
184.898
 20
69.404
 10
184.707
 20
69.438
 10
184.741
 20
69.853
 10
185.043
 20
70.11
 10
185.346
 20
70.032
 10
185.38
 20
70.223
 10
185.268
 20
70.447
 10
185.413
 20
70.638
 10
185.638
 20
70.638
 10
185.683
 20
70.75
 10
185.526
 20
70.705
 10
185.492
 20
70.896
 10
185.716
 20
71.232
 10
185.974
 20
71.041
 10
186.165
 20
70.671
 10
186.311
 20
70.974
 10
186.535
 20
71.086
 10
186.804
 20
70.974
 10
186.916
 20
70.705
 10
186.726
 20
70.559
 10
187.141
 20
70.144
 10
187.701
 20
71.49
 10
188.038
 20
71.826
 10
188.408
 20
72.017
 10
189.496
 20
72.051
 10
189.417
 20
73.139
 10
189.339
 20
73.284
 10
189.081
 20
73.363
 10
189.305
 20
73.587
 10
189.305
 20
73.811
 10
189.227
 20
73.89
 10
189.002
 20
73.733
 10
188.554
 20
73.957
 10
188.744
 20
74.26
 10
188.554
 20
74.675
 10
188.778
 20
74.63
 10
189.047
 20
74.339
 10
189.159
 20
73.957
 10
189.193
 20
74.709
 10
189.081
 20
74.933
 10
189.081
 20
75.382
 10
188.89
 20
75.752
 10
188.408
 20
76.054
 10
183.922
 20
77.512
 97
0
 92
3
 72
0
 73
1
 93
8
 10
188.329
 20
74.787
 10
188.408
 20
74.372
 10
188.262
 20
74.069
 10
188.184
 20
74.148
 10
188.262
 20
74.339
 10
188.071
 20
74.484
 10
187.769
 20
74.294
 10
187.926
 20
74.518
 97
0
 92
3
 72
0
 73
1
 93
10
 10
185.75
 20
71.759
 10
186.356
 20
71.535
 10
186.389
 20
71.344
 10
186.131
 20
71.041
 10
186.053
 20
71.12
 10
186.243
 20
71.423
 10
186.053
 20
71.456
 10
186.019
 20
71.266
 10
185.862
 20
71.266
 10
185.941
 20
71.568
 97
0
 92
3
 72
0
 73
1
 93
7
 10
179.021
 20
71.535
 10
179.212
 20
71.568
 10
179.324
 20
71.456
 10
179.324
 20
71.12
 10
179.212
 20
71.008
 10
178.954
 20
71.086
 10
178.875
 20
71.232
 97
0
 92
3
 72
0
 73
1
 93
129
 10
188.632
 20
71.456
 10
188.329
 20
71.31
 10
188.071
 20
70.783
 10
188.071
 20
70.559
 10
187.623
 20
69.438
 10
187.735
 20
69.101
 10
187.656
 20
69.023
 10
187.544
 20
69.18
 10
187.399
 20
68.877
 10
186.613
 20
66.634
 10
186.613
 20
65.961
 10
186.804
 20
65.591
 10
188.217
 20
64.088
 10
189.384
 20
62.563
 10
189.496
 20
62.518
 10
189.72
 20
62.787
 10
189.675
 20
62.518
 10
189.978
 20
62.484
 10
190.056
 20
62.518
 10
189.978
 20
62.821
 10
189.754
 20
63.045
 10
190.236
 20
64.021
 10
190.427
 20
63.942
 10
190.539
 20
64.054
 10
190.314
 20
64.279
 10
190.729
 20
64.537
 10
190.539
 20
64.727
 10
190.572
 20
64.918
 10
190.875
 20
64.839
 10
190.987
 20
64.952
 10
190.685
 20
65.142
 10
191.739
 20
67.453
 10
191.997
 20
67.643
 10
192.557
 20
67.643
 10
192.972
 20
66.712
 10
193.23
 20
66.746
 10
193.645
 20
66.555
 10
193.376
 20
66.78
 10
193.376
 20
67.049
 10
193.645
 20
67.004
 10
193.645
 20
67.161
 10
193.342
 20
67.307
 10
193.006
 20
66.97
 10
192.928
 20
67.273
 10
193.04
 20
67.497
 10
193.455
 20
67.531
 10
193.645
 20
67.34
 10
193.903
 20
67.531
 10
193.982
 20
67.453
 10
193.825
 20
67.273
 10
193.87
 20
67.161
 10
194.094
 20
67.161
 10
194.206
 20
66.937
 10
194.43
 20
66.825
 10
194.128
 20
66.522
 10
194.206
 20
66.376
 10
194.542
 20
66.264
 10
194.464
 20
66.073
 10
194.655
 20
65.658
 10
194.464
 20
65.512
 10
194.576
 20
65.288
 10
194.498
 20
65.142
 10
194.161
 20
64.873
 10
194.206
 20
65.254
 10
193.982
 20
65.21
 10
193.937
 20
64.918
 10
193.757
 20
64.649
 10
193.6
 20
64.649
 10
193.791
 20
65.064
 10
193.713
 20
65.142
 10
193.488
 20
64.985
 10
193.421
 20
65.142
 10
193.23
 20
65.176
 10
193.23
 20
65.512
 10
193.455
 20
66.073
 10
193.264
 20
66.152
 10
192.928
 20
65.322
 10
193.118
 20
65.064
 10
193.085
 20
64.806
 10
193.309
 20
64.694
 10
193.376
 20
64.425
 10
193.645
 20
64.245
 10
193.421
 20
63.752
 10
193.342
 20
63.83
 10
193.533
 20
64.245
 10
193.264
 20
64.088
 10
193.23
 20
64.279
 10
193.085
 20
64.2
 10
193.085
 20
63.976
 10
192.928
 20
64.021
 10
192.86
 20
63.864
 10
192.782
 20
63.942
 10
193.04
 20
64.469
 10
193.197
 20
64.537
 10
193.118
 20
64.615
 10
192.815
 20
64.469
 10
192.703
 20
64.133
 10
192.557
 20
64.054
 10
192.333
 20
64.167
 10
192.142
 20
63.909
 10
192.221
 20
63.83
 10
192.636
 20
63.909
 10
192.367
 20
63.303
 10
192.748
 20
63.191
 10
192.524
 20
62.967
 10
192.367
 20
63.191
 10
192.187
 20
63.191
 10
192.03
 20
62.899
 10
192.075
 20
62.742
 10
191.806
 20
62.854
 10
191.66
 20
63.157
 10
191.514
 20
63.079
 10
191.47
 20
62.787
 10
191.133
 20
62.63
 10
192.557
 20
62.596
 10
192.782
 20
62.709
 10
194.128
 20
62.709
 10
194.61
 20
62.899
 10
195.249
 20
64.167
 10
196.595
 20
67.419
 10
196.673
 20
67.722
 10
196.292
 20
68.35
 10
194.655
 20
69.965
 10
194.498
 20
70.256
 10
193.937
 20
70.817
 10
193.342
 20
71.232
 10
192.894
 20
71.344
 10
190.09
 20
71.344
 10
189.866
 20
71.456
 97
0
 92
3
 72
0
 73
1
 93
5
 10
194.161
 20
67.497
 10
194.464
 20
67.531
 10
194.576
 20
67.419
 10
194.498
 20
67.273
 10
194.24
 20
67.195
 97
0
 92
3
 72
0
 73
1
 93
5
 10
185.907
 20
66.825
 10
185.413
 20
66.6
 10
185.413
 20
66.443
 10
185.716
 20
66.522
 10
185.907
 20
66.443
 97
0
 92
3
 72
0
 73
1
 93
17
 10
191.963
 20
66.825
 10
191.772
 20
66.634
 10
191.851
 20
66.443
 10
191.694
 20
66.107
 10
191.918
 20
66.152
 10
192.075
 20
66.555
 10
192.187
 20
66.6
 10
192.187
 20
65.927
 10
192.412
 20
65.927
 10
192.972
 20
65.658
 10
192.928
 20
65.882
 10
192.479
 20
65.995
 10
192.333
 20
66.297
 10
192.524
 20
66.555
 10
192.479
 20
66.667
 10
192.299
 20
66.825
 10
192.03
 20
66.667
 97
0
 92
3
 72
0
 73
1
 93
6
 10
192.748
 20
66.712
 10
192.67
 20
66.634
 10
192.86
 20
66.264
 10
193.04
 20
66.264
 10
193.085
 20
66.488
 10
192.815
 20
66.555
 97
0
 92
3
 72
0
 73
1
 93
4
 10
185.795
 20
66.376
 10
185.413
 20
66.152
 10
185.604
 20
65.849
 10
185.828
 20
66.073
 97
0
 92
3
 72
0
 73
1
 93
9
 10
194.094
 20
66.264
 10
193.982
 20
65.882
 10
193.791
 20
65.737
 10
193.825
 20
65.658
 10
194.128
 20
65.737
 10
194.318
 20
65.546
 10
194.43
 20
65.815
 10
194.24
 20
65.961
 10
194.318
 20
66.152
 97
0
 92
3
 72
0
 73
1
 93
5
 10
191.402
 20
65.591
 10
191.357
 20
65.322
 10
191.514
 20
65.367
 10
191.851
 20
65.21
 10
191.851
 20
65.367
 97
0
 92
3
 72
0
 73
1
 93
6
 10
191.772
 20
63.942
 10
191.627
 20
63.864
 10
191.627
 20
63.684
 10
192.075
 20
63.415
 10
192.075
 20
63.684
 10
191.918
 20
63.639
 97
0
 75
0
 76
1
 98
0
  0
LWPOLYLINE
  5
43
330
17
100
AcDbEntity
  8
CUT
100
AcDbPolyline
 90
18
 70
1
 10
208.322
 20
80.027
 10
212.75
 20
80.084
 10
218.147
 20
78.323
 10
218.826
 20
77.216
 10
219.462
 20
74.015
 10
222.819
 20
73.617
 10
225.949
 20
70.465
 10
226.359
 20
69.234
 10
226.268
 20
65.347
 10
224.095
 20
60.429
 10
219.724
 20
59.879
 10
214.78
 20
59.936
 10
211.857
 20
62.86
 10
209.45
 20
63.226
 10
204.347
 20
65.413
 10
202.925
 20
71.272
 10
202.947
 20
75.685
 10
203.75
 20
76.771
  0
HATCH
  5
44
330
17
100
AcDbEntity
  8
RASTER
 62
7
100
AcDbHatch
 10
0.0
 20
0.0
 30
0.0
210
0.0
220
0.0
230
1.0
  2
SOLID
 70
1
 71
0
 91
14
 92
3
 72
0
 73
1
 93
39
 10
210.442
 20
78.264
 10
210.632
 20
78.297
 10
212.202
 20
77.849
 10
215.903
 20
76.615
 10
216.498
 20
76.312
 10
216.913
 20
75.494
 10
217.44
 20
71.983
 10
220.501
 20
71.905
 10
220.984
 20
71.714
 10
221.881
 20
70.929
 10
222.262
 20
70.413
 10
223.899
 20
68.798
 10
224.236
 20
68.35
 10
224.427
 20
67.98
 10
224.427
 20
67.307
 10
222.217
 20
62.226
 10
221.399
 20
62.036
 10
218.707
 20
61.924
 10
218.483
 20
61.811
 10
216.464
 20
61.811
 10
215.645
 20
62.563
 10
215.488
 20
62.854
 10
214.972
 20
63.348
 10
214.815
 20
63.639
 10
213.357
 20
65.322
 10
213.178
 20
65.322
 10
213.021
 20
65.142
 10
212.427
 20
64.839
 10
211.754
 20
64.952
 10
207.043
 20
66.746
 10
206.449
 20
67.049
 10
206.225
 20
67.273
 10
205.922
 20
68.092
 10
205.249
 20
71.456
 10
204.913
 20
72.578
 10
204.8
 20
73.811
 10
205.103
 20
74.406
 10
205.44
 20
74.742
 10
209.477
 20
77.77
 97
0
 92
3
 72
0
 73
1
 93
115
 10
210.408
 20
77.625
 10
205.776
 20
74.182
 10
205.473
 20
73.699
 10
205.473
 20
73.475
 10
205.731
 20
72.275
 10
206.0
 20
72.432
 10
206.258
 20
72.017
 10
206.146
 20
71.905
 10
205.843
 20
71.983
 10
205.81
 20
71.681
 10
206.113
 20
70.525
 10
206.337
 20
70.525
 10
206.595
 20
70.335
 10
206.449
 20
70.144
 10
206.225
 20
70.301
 10
206.146
 20
70.223
 10
206.785
 20
67.722
 10
207.043
 20
67.531
 10
208.423
 20
67.004
 10
208.423
 20
67.116
 10
208.199
 20
67.228
 10
208.356
 20
67.453
 10
208.311
 20
67.61
 10
208.838
 20
67.419
 10
208.871
 20
67.565
 10
208.647
 20
67.565
 10
208.838
 20
67.755
 10
209.028
 20
67.722
 10
209.096
 20
67.453
 10
209.253
 20
67.61
 10
209.32
 20
67.453
 10
209.511
 20
67.531
 10
209.847
 20
67.307
 10
210.038
 20
67.385
 10
210.217
 20
67.228
 10
210.374
 20
67.273
 10
210.184
 20
66.858
 10
210.262
 20
66.712
 10
210.374
 20
66.667
 10
210.599
 20
66.825
 10
210.666
 20
66.667
 10
210.856
 20
66.746
 10
211.114
 20
66.555
 10
211.114
 20
66.712
 10
211.271
 20
66.712
 10
211.384
 20
66.219
 10
211.002
 20
66.264
 10
211.159
 20
66.152
 10
211.002
 20
65.995
 10
212.202
 20
65.625
 10
212.393
 20
65.995
 10
212.314
 20
66.97
 10
212.202
 20
67.195
 10
212.202
 20
67.643
 10
212.314
 20
67.867
 10
212.09
 20
67.98
 10
211.978
 20
68.989
 10
212.056
 20
69.067
 10
212.169
 20
68.798
 10
212.539
 20
69.213
 10
212.685
 20
69.023
 10
212.842
 20
69.023
 10
212.842
 20
69.18
 10
212.685
 20
69.292
 10
212.987
 20
69.662
 10
212.797
 20
69.74
 10
212.505
 20
69.583
 10
212.505
 20
69.359
 10
212.314
 20
69.438
 10
212.281
 20
69.247
 10
212.09
 20
69.213
 10
212.056
 20
69.404
 10
211.866
 20
69.438
 10
211.899
 20
69.853
 10
212.202
 20
70.11
 10
212.505
 20
70.032
 10
212.539
 20
70.223
 10
212.427
 20
70.447
 10
212.572
 20
70.638
 10
212.797
 20
70.638
 10
212.842
 20
70.75
 10
212.685
 20
70.705
 10
212.651
 20
70.896
 10
212.875
 20
71.232
 10
213.133
 20
71.041
 10
213.324
 20
70.671
 10
213.47
 20
70.974
 10
213.694
 20
71.086
 10
213.963
 20
70.974
 10
214.075
 20
70.705
 10
213.885
 20
70.559
 10
214.299
 20
70.144
 10
214.86
 20
71.49
 10
215.197
 20
71.826
 10
215.567
 20
72.017
 10
216.655
 20
72.051
 10
216.576
 20
73.139
 10
216.498
 20
73.284
 10
216.24
 20
73.363
 10
216.464
 20
73.587
 10
216.464
 20
73.811
 10
216.385
 20
73.89
 10
216.161
 20
73.733
 10
215.713
 20
73.957
 10
215.903
 20
74.26
 10
215.713
 20
74.675
 10
215.937
 20
74.63
 10
216.206
 20
74.339
 10
216.318
 20
73.957
 10
216.352
 20
74.709
 10
216.24
 20
74.933
 10
216.24
 20
75.382
 10
216.049
 20
75.752
 10
215.567
 20
76.054
 10
211.081
 20
77.512
 97
0
 92
3
 72
0
 73
1
 93
8
 10
215.488
 20
74.787
 10
215.567
 20
74.372
 10
215.421
 20
74.069
 10
215.342
 20
74.148
 10
215.421
 20
74.339
 10
215.23
 20
74.484
 10
214.928
 20
74.294
 10
215.085
 20
74.518
 97
0
 92
3
 72
0
 73
1
 93
10
 10
212.909
 20
71.759
 10
213.514
 20
71.535
 10
213.548
 20
71.344
 10
213.29
 20
71.041
 10
213.212
 20
71.12
 10
213.402
 20
71.423
 10
213.212
 20
71.456
 10
213.178
 20
71.266
 10
213.021
 20
71.266
 10
213.099
 20
71.568
 97
0
 92
3
 72
0
 73
1
 93
7
 10
206.18
 20
71.535
 10
206.37
 20
71.568
 10
206.483
 20
71.456
 10
206.483
 20
71.12
 10
206.37
 20
71.008
 10
206.113
 20
71.086
 10
206.034
 20
71.232
 97
0
 92
3
 72
0
 73
1
 93
129
 10
215.791
 20
71.456
 10
215.488
 20
71.31
 10
215.23
 20
70.783
 10
215.23
 20
70.559
 10
214.782
 20
69.438
 10
214.894
 20
69.101
 10
214.815
 20
69.023
 10
214.703
 20
69.18
 10
214.557
 20
68.877
 10
213.772
 20
66.634
 10
213.772
 20
65.961
 10
213.963
 20
65.591
 10
215.376
 20
64.088
 10
216.542
 20
62.563
 10
216.655
 20
62.518
 10
216.879
 20
62.787
 10
216.834
 20
62.518
 10
217.137
 20
62.484
 10
217.215
 20
62.518
 10
217.137
 20
62.821
 10
216.913
 20
63.045
 10
217.395
 20
64.021
 10
217.585
 20
63.942
 10
217.698
 20
64.054
 10
217.473
 20
64.279
 10
217.888
 20
64.537
 10
217.698
 20
64.727
 10
217.731
 20
64.918
 10
218.034
 20
64.839
 10
218.146
 20
64.952
 10
217.843
 20
65.142
 10
218.898
 20
67.453
 10
219.156
 20
67.643
 10
219.716
 20
67.643
 10
220.131
 20
66.712
 10
220.389
 20
66.746
 10
220.804
 20
66.555
 10
220.535
 20
66.78
 10
220.535
 20
67.049
 10
220.804
 20
67.004
 10
220.804
 20
67.161
 10
220.501
 20
67.307
 10
220.165
 20
66.97
 10
220.086
 20
67.273
 10
220.199
 20
67.497
 10
220.613
 20
67.531
 10
220.804
 20
67.34
 10
221.062
 20
67.531
 10
221.141
 20
67.453
 10
220.984
 20
67.273
 10
221.028
 20
67.161
 10
221.253
 20
67.161
 10
221.365
 20
66.937
 10
221.589
 20
66.825
 10
221.286
 20
66.522
 10
221.365
 20
66.376
 10
221.701
 20
66.264
 10
221.623
 20
66.073
 10
221.813
 20
65.658
 10
221.623
 20
65.512
 10
221.735
 20
65.288
 10
221.656
 20
65.142
 10
221.32
 20
64.873
 10
221.365
 20
65.254
 10
221.141
 20
65.21
 10
221.096
 20
64.918
 10
220.916
 20
64.649
 10
220.759
 20
64.649
 10
220.95
 20
65.064
 10
220.871
 20
65.142
 10
220.647
 20
64.985
 10
220.58
 20
65.142
 10
220.389
 20
65.176
 10
220.389
 20
65.512
 10
220.613
 20
66.073
 10
220.423
 20
66.152
 10
220.086
 20
65.322
 10
220.277
 20
65.064
 10
220.243
 20
64.806
 10
220.468
 20
64.694
 10
220.535
 20
64.425
 10
220.804
 20
64.245
 10
220.58
 20
63.752
 10
220.501
 20
63.83
 10
220.692
 20
64.245
 10
220.423
 20
64.088
 10
220.389
 20
64.279
 10
220.243
 20
64.2
 10
220.243
 20
63.976
 10
220.086
 20
64.021
 10
220.019
 20
63.864
 10
219.941
 20
63.942
 10
220.199
 20
64.469
 10
220.356
 20
64.537
 10
220.277
 20
64.615
 10
219.974
 20
64.469
 10
219.862
 20
64.133
 10
219.716
 20
64.054
 10
219.492
 20
64.167
 10
219.301
 20
63.909
 10
219.38
 20
63.83
 10
219.795
 20
63.909
 10
219.526
 20
63.303
 10
219.907
 20
63.191
 10
219.683
 20
62.967
 10
219.526
 20
63.191
 10
219.346
 20
63.191
 10
219.189
 20
62.899
 10
219.234
 20
62.742
 10
218.965
 20
62.854
 10
218.819
 20
63.157
 10
218.673
 20
63.079
 10
218.628
 20
62.787
 10
218.292
 20
62.63
 10
219.716
 20
62.596
 10
219.941
 20
62.709
 10
221.286
 20
62.709
 10
221.769
 20
62.899
 10
222.408
 20
64.167
 10
223.754
 20
67.419
 10
223.832
 20
67.722
 10
223.451
 20
68.35
 10
221.813
 20
69.965
 10
221.656
 20
70.256
 10
221.096
 20
70.817
 10
220.501
 20
71.232
 10
220.053
 20
71.344
 10
217.249
 20
71.344
 10
217.025
 20
71.456
 97
0
 92
3
 72
0
 73
1
 93
5
 10
221.32
 20
67.497
 10
221.623
 20
67.531
 10
221.735
 20
67.419
 10
221.656
 20
67.273
 10
221.399
 20
67.195
 97
0
 92
3
 72
0
 73
1
 93
5
 10
213.066
 20
66.825
 10
212.572
 20
66.6
 10
212.572
 20
66.443
 10
212.875
 20
66.522
 10
213.066
 20
66.443
 97
0
 92
3
 72
0
 73
1
 93
17
 10
219.122
 20
66.825
 10
218.931
 20
66.634
 10
219.01
 20
66.443
 10
218.853
 20
66.107
 10
219.077
 20
66.152
 10
219.234
 20
66.555
 10
219.346
 20
66.6
 10
219.346
 20
65.927
 10
219.57
 20
65.927
 10
220.131
 20
65.658
 10
220.086
 20
65.882
 10
219.638
 20
65.995
 10
219.492
 20
66.297
 10
219.683
 20
66.555
 10
219.638
 20
66.667
 10
219.458
 20
66.825
 10
219.189
 20
66.667
 97
0
 92
3
 72
0
 73
1
 93
6
 10
219.907
 20
66.712
 10
219.828
 20
66.634
 10
220.019
 20
66.264
 10
220.199
 20
66.264
 10
220.243
 20
66.488
 10
219.974
 20
66.555
 97
0
 92
3
 72
0
 73
1
 93
4
 10
212.954
 20
66.376
 10
212.572
 20
66.152
 10
212.763
 20
65.849
 10
212.987
 20
66.073
 97
0
 92
3
 72
0
 73
1
 93
9
 10
221.253
 20
66.264
 10
221.141
 20
65.882
 10
220.95
 20
65.737
 10
220.984
 20
65.658
 10
221.286
 20
65.737
 10
221.477
 20
65.546
 10
221.589
 20
65.815
 10
221.399
 20
65.961
 10
221.477
 20
66.152
 97
0
 92
3
 72
0
 73
1
 93
5
 10
218.561
 20
65.591
 10
218.516
 20
65.322
 10
218.673
 20
65.367
 10
219.01
 20
65.21
 10
219.01
 20
65.367
 97
0
 92
3
 72
0
 73
1
 93
6
 10
218.931
 20
63.942
 10
218.785
 20
63.864
 10
218.785
 20
63.684
 10
219.234
 20
63.415
 10
219.234
 20
63.684
 10
219.077
 20
63.639
 97
0
 75
0
 76
1
 98
0
  0
LWPOLYLINE
  5
45
330
17
100
AcDbEntity
  8
CUT
100
AcDbPolyline
 90
18
 70
1
 10
235.481
 20
80.027
 10
239.909
 20
80.084
 10
245.306
 20
78.323
 10
245.985
 20
77.216
 10
246.62
 20
74.015
 10
249.978
 20
73.617
 10
253.108
 20
70.465
 10
253.518
 20
69.234
 10
253.427
 20
65.347
 10
251.254
 20
60.429
 10
246.883
 20
59.879
 10
241.939
 20
59.936
 10
239.015
 20
62.86
 10
236.609
 20
63.226
 10
231.505
 20
65.413
 10
230.083
 20
71.272
 10
230.106
 20
75.685
 10
230.908
 20
76.771
  0
HATCH
  5
46
330
17
100
AcDbEntity
  8
RASTER
 62
7
100
AcDbHatch
 10
0.0
 20
0.0
 30
0.0
210
0.0
220
0.0
230
1.0
  2
SOLID
 70
1
 71
0
 91
14
 92
3
 72
0
 73
1
 93
39
 10
237.6
 20
78.264
 10
237.791
 20
78.297
 10
239.361
 20
77.849
 10
243.062
 20
76.615
 10
243.656
 20
76.312
 10
244.071
 20
75.494
 10
244.599
 20
71.983
 10
247.66
 20
71.905
 10
248.142
 20
71.714
 10
249.04
 20
70.929
 10
249.421
 20
70.413
 10
251.058
 20
68.798
 10
251.395
 20
68.35
 10
251.585
 20
67.98
 10
251.585
 20
67.307
 10
249.376
 20
62.226
 10
248.557
 20
62.036
 10
245.866
 20
61.924
 10
245.642
 20
61.811
 10
243.623
 20
61.811
 10
242.804
 20
62.563
 10
242.647
 20
62.854
 10
242.131
 20
63.348
 10
241.974
 20
63.639
 10
240.516
 20
65.322
 10
240.337
 20
65.322
 10
240.18
 20
65.142
 10
239.585
 20
64.839
 10
238.913
 20
64.952
 10
234.202
 20
66.746
 10
233.608
 20
67.049
 10
233.384
 20
67.273
 10
233.081
 20
68.092
 10
232.408
 20
71.456
 10
232.071
 20
72.578
 10
231.959
 20
73.811
 10
232.262
 20
74.406
 10
232.599
 20
74.742
 10
236.636
 20
77.77
 97
0
 92
3
 72
0
 73
1
 93
115
 10
237.567
 20
77.625
 10
232.935
 20
74.182
 10
232.632
 20
73.699
 10
232.632
 20
73.475
 10
232.89
 20
72.275
 10
233.159
 20
72.432
 10
233.417
 20
72.017
 10
233.305
 20
71.905
 10
233.002
 20
71.983
 10
232.969
 20
71.681
 10
233.271
 20
70.525
 10
233.496
 20
70.525
 10
233.754
 20
70.335
 10
233.608
 20
70.144
 10
233.384
 20
70.301
 10
233.305
 20
70.223
 10
233.944
 20
67.722
 10
234.202
 20
67.531
 10
235.582
 20
67.004
 10
235.582
 20
67.116
 10
235.357
 20
67.228
 10
235.514
 20
67.453
 10
235.47
 20
67.61
 10
235.997
 20
67.419
 10
236.03
 20
67.565
 10
235.806
 20
67.565
 10
235.997
 20
67.755
 10
236.187
 20
67.722
 10
236.255
 20
67.453
 10
236.412
 20
67.61
 10
236.479
 20
67.453
 10
236.67
 20
67.531
 10
237.006
 20
67.307
 10
237.197
 20
67.385
 10
237.376
 20
67.228
 10
237.533
 20
67.273
 10
237.342
 20
66.858
 10
237.421
 20
66.712
 10
237.533
 20
66.667
 10
237.757
 20
66.825
 10
237.825
 20
66.667
 10
238.015
 20
66.746
 10
238.273
 20
66.555
 10
238.273
 20
66.712
 10
238.43
 20
66.712
 10
238.542
 20
66.219
 10
238.161
 20
66.264
 10
238.318
 20
66.152
 10
238.161
 20
65.995
 10
239.361
 20
65.625
 10
239.552
 20
65.995
 10
239.473
 20
66.97
 10
239.361
 20
67.195
 10
239.361
 20
67.643
 10
239.473
 20
67.867
 10
239.249
 20
67.98
 10
239.137
 20
68.989
 10
239.215
 20
69.067
 10
239.328
 20
68.798
 10
239.698
 20
69.213
 10
239.843
 20
69.023
 10
240.0
 20
69.023
 10
240.0
 20
69.18
 10
239.843
 20
69.292
 10
240.146
 20
69.662
 10
239.956
 20
69.74
 10
239.664
 20
69.583
 10
239.664
 20
69.359
 10
239.473
 20
69.438
 10
239.44
 20
69.247
 10
239.249
 20
69.213
 10
239.215
 20
69.404
 10
239.025
 20
69.438
 10
239.058
 20
69.853
 10
239.361
 20
70.11
 10
239.664
 20
70.032
 10
239.698
 20
70.223
 10
239.585
 20
70.447
 10
239.731
 20
70.638
 10
239.956
 20
70.638
 10
240.0
 20
70.75
 10
239.843
 20
70.705
 10
239.81
 20
70.896
 10
240.034
 20
71.232
 10
240.292
 20
71.041
 10
240.483
 20
70.671
 10
240.628
 20
70.974
 10
240.853
 20
71.086
 10
241.122
 20
70.974
 10
241.234
 20
70.705
 10
241.043
 20
70.559
 10
241.458
 20
70.144
 10
242.019
 20
71.49
 10
242.356
 20
71.826
 10
242.726
 20
72.017
 10
243.813
 20
72.051
 10
243.735
 20
73.139
 10
243.656
 20
73.284
 10
243.399
 20
73.363
 10
243.623
 20
73.587
 10
243.623
 20
73.811
 10
243.544
 20
73.89
 10
243.32
 20
73.733
 10
242.871
 20
73.957
 10
243.062
 20
74.26
 10
242.871
 20
74.675
 10
243.096
 20
74.63
 10
243.365
 20
74.339
 10
243.477
 20
73.957
 10
243.511
 20
74.709
 10
243.399
 20
74.933
 10
243.399
 20
75.382
 10
243.208
 20
75.752
 10
242.726
 20
76.054
 10
238.24
 20
77.512
 97
0
 92
3
 72
0
 73
1
 93
8
 10
242.647
 20
74.787
 10
242.726
 20
74.372
 10
242.58
 20
74.069
 10
242.501
 20
74.148
 10
242.58
 20
74.339
 10
242.389
 20
74.484
 10
242.086
 20
74.294
 10
242.243
 20
74.518
 97
0
 92
3
 72
0
 73
1
 93
10
 10
240.068
 20
71.759
 10
240.673
 20
71.535
 10
240.707
 20
71.344
 10
240.449
 20
71.041
 10
240.37
 20
71.12
 10
240.561
 20
71.423
 10
240.37
 20
71.456
 10
240.337
 20
71.266
 10
240.18
 20
71.266
 10
240.258
 20
71.568
 97
0
 92
3
 72
0
 73
1
 93
7
 10
233.339
 20
71.535
 10
233.529
 20
71.568
 10
233.642
 20
71.456
 10
233.642
 20
71.12
 10
233.529
 20
71.008
 10
233.271
 20
71.086
 10
233.193
 20
71.232
 97
0
 92
3
 72
0
 73
1
 93
129
 10
242.95
 20
71.456
 10
242.647
 20
71.31
 10
242.389
 20
70.783
 10
242.389
 20
70.559
 10
241.941
 20
69.438
 10
242.053
 20
69.101
 10
241.974
 20
69.023
 10
241.862
 20
69.18
 10
241.716
 20
68.877
 10
240.931
 20
66.634
 10
240.931
 20
65.961
 10
241.122
 20
65.591
 10
242.535
 20
64.088
 10
243.701
 20
62.563
 10
243.813
 20
62.518
 10
244.038
 20
62.787
 10
243.993
 20
62.518
 10
244.296
 20
62.484
 10
244.374
 20
62.518
 10
244.296
 20
62.821
 10
244.071
 20
63.045
 10
244.554
 20
64.021
 10
244.744
 20
63.942
 10
244.856
 20
64.054
 10
244.632
 20
64.279
 10
245.047
 20
64.537
 10
244.856
 20
64.727
 10
244.89
 20
64.918
 10
245.193
 20
64.839
 10
245.305
 20
64.952
 10
245.002
 20
65.142
 10
246.056
 20
67.453
 10
246.314
 20
67.643
 10
246.875
 20
67.643
 10
247.29
 20
66.712
 10
247.548
 20
66.746
 10
247.963
 20
66.555
 10
247.694
 20
66.78
 10
247.694
 20
67.049
 10
247.963
 20
67.004
 10
247.963
 20
67.161
 10
247.66
 20
67.307
 10
247.324
 20
66.97
 10
247.245
 20
67.273
 10
247.357
 20
67.497
 10
247.772
 20
67.531
 10
247.963
 20
67.34
 10
248.221
 20
67.531
 10
248.299
 20
67.453
 10
248.142
 20
67.273
 10
248.187
 20
67.161
 10
248.412
 20
67.161
 10
248.524
 20
66.937
 10
248.748
 20
66.825
 10
248.445
 20
66.522
 10
248.524
 20
66.376
 10
248.86
 20
66.264
 10
248.782
 20
66.073
 10
248.972
 20
65.658
 10
248.782
 20
65.512
 10
248.894
 20
65.288
 10
248.815
 20
65.142
 10
248.479
 20
64.873
 10
248.524
 20
65.254
 10
248.299
 20
65.21
 10
248.255
 20
64.918
 10
248.075
 20
64.649
 10
247.918
 20
64.649
 10
248.109
 20
65.064
 10
248.03
 20
65.142
 10
247.806
 20
64.985
 10
247.739
 20
65.142
 10
247.548
 20
65.176
 10
247.548
 20
65.512
 10
247.772
 20
66.073
 10
247.582
 20
66.152
 10
247.245
 20
65.322
 10
247.436
 20
65.064
 10
247.402
 20
64.806
 10
247.627
 20
64.694
 10
247.694
 20
64.425
 10
247.963
 20
64.245
 10
247.739
 20
63.752
 10
247.66
 20
63.83
 10
247.851
 20
64.245
 10
247.582
 20
64.088
 10
247.548
 20
64.279
 10
247.402
 20
64.2
 10
247.402
 20
63.976
 10
247.245
 20
64.021
 10
247.178
 20
63.864
 10
247.099
 20
63.942
 10
247.357
 20
64.469
 10
247.514
 20
64.537
 10
247.436
 20
64.615
 10
247.133
 20
64.469
 10
247.021
 20
64.133
 10
246.875
 20
64.054
 10
246.651
 20
64.167
 10
246.46
 20
63.909
 10
246.539
 20
63.83
 10
246.954
 20
63.909
 10
246.685
 20
63.303
 10
247.066
 20
63.191
 10
246.842
 20
62.967
 10
246.685
 20
63.191
 10
246.505
 20
63.191
 10
246.348
 20
62.899
 10
246.393
 20
62.742
 10
246.124
 20
62.854
 10
245.978
 20
63.157
 10
245.832
 20
63.079
 10
245.787
 20
62.787
 10
245.451
 20
62.63
 10
246.875
 20
62.596
 10
247.099
 20
62.709
 10
248.445
 20
62.709
 10
248.928
 20
62.899
 10
249.567
 20
64.167
 10
250.913
 20
67.419
 10
250.991
 20
67.722
 10
250.61
 20
68.35
 10
248.972
 20
69.965
 10
248.815
 20
70.256
 10
248.255
 20
70.817
 10
247.66
 20
71.232
 10
247.212
 20
71.344
 10
244.408
 20
71.344
 10
244.184
 20
71.456
 97
0
 92
3
 72
0
 73
1
 93
5
 10
248.479
 20
67.497
 10
248.782
 20
67.531
 10
248.894
 20
67.419
 10
248.815
 20
67.273
 10
248.557
 20
67.195
 97
0
 92
3
 72
0
 73
1
 93
5
 10
240.225
 20
66.825
 10
239.731
 20
66.6
 10
239.731
 20
66.443
 10
240.034
 20
66.522
 10
240.225
 20
66.443
 97
0
 92
3
 72
0
 73
1
 93
17
 10
246.281
 20
66.825
 10
246.09
 20
66.634
 10
246.169
 20
66.443
 10
246.012
 20
66.107
 10
246.236
 20
66.152
 10
246.393
 20
66.555
 10
246.505
 20
66.6
 10
246.505
 20
65.927
 10
246.729
 20
65.927
 10
247.29
 20
65.658
 10
247.245
 20
65.882
 10
246.797
 20
65.995
 10
246.651
 20
66.297
 10
246.842
 20
66.555
 10
246.797
 20
66.667
 10
246.617
 20
66.825
 10
246.348
 20
66.667
 97
0
 92
3
 72
0
 73
1
 93
6
 10
247.066
 20
66.712
 10
246.987
 20
66.634
 10
247.178
 20
66.264
 10
247.357
 20
66.264
 10
247.402
 20
66.488
 10
247.133
 20
66.555
 97
0
 92
3
 72
0
 73
1
 93
4
 10
240.113
 20
66.376
 10
239.731
 20
66.152
 10
239.922
 20
65.849
 10
240.146
 20
66.073
 97
0
 92
3
 72
0
 73
1
 93
9
 10
248.412
 20
66.264
 10
248.299
 20
65.882
 10
248.109
 20
65.737
 10
248.142
 20
65.658
 10
248.445
 20
65.737
 10
248.636
 20
65.546
 10
248.748
 20
65.815
 10
248.557
 20
65.961
 10
248.636
 20
66.152
 97
0
 92
3
 72
0
 73
1
 93
5
 10
245.72
 20
65.591
 10
245.675
 20
65.322
 10
245.832
 20
65.367
 10
246.169
 20
65.21
 10
246.169
 20
65.367
 97
0
 92
3
 72
0
 73
1
 93
6
 10
246.09
 20
63.942
 10
245.944
 20
63.864
 10
245.944
 20
63.684
 10
246.393
 20
63.415
 10
246.393
 20
63.684
 10
246.236
 20
63.639
 97
0
 75
0
 76
1
 98
0
  0
LWPOLYLINE
  5
47
330
17
100
AcDbEntity
  8
CUT
100
AcDbPolyline
 90
18
 70
1
 10
262.64
 20
80.027
 10
267.068
 20
80.084
 10
272.465
 20
78.323
 10
273.144
 20
77.216
 10
273.779
 20
74.015
 10
277.137
 20
73.617
 10
280.266
 20
70.465
 10
280.677
 20
69.234
 10
280.586
 20
65.347
 10
278.412
 20
60.429
 10
274.042
 20
59.879
 10
269.098
 20
59.936
 10
266.174
 20
62.86
 10
263.768
 20
63.226
 10
258.664
 20
65.413
 10
257.242
 20
71.272
 10
257.265
 20
75.685
 10
258.067
 20
76.771
  0
HATCH
  5
48
330
17
100
AcDbEntity
  8
RASTER
 62
7
100
AcDbHatch
 10
0.0
 20
0.0
 30
0.0
210
0.0
220
0.0
230
1.0
  2
SOLID
 70
1
 71
0
 91
14
 92
3
 72
0
 73
1
 93
39
 10
264.759
 20
78.264
 10
264.95
 20
78.297
 10
266.52
 20
77.849
 10
270.221
 20
76.615
 10
270.815
 20
76.312
 10
271.23
 20
75.494
 10
271.757
 20
71.983
 10
274.819
 20
71.905
 10
275.301
 20
71.714
 10
276.199
 20
70.929
 10
276.58
 20
70.413
 10
278.217
 20
68.798
 10
278.554
 20
68.35
 10
278.744
 20
67.98
 10
278.744
 20
67.307
 10
276.535
 20
62.226
 10
275.716
 20
62.036
 10
273.025
 20
61.924
 10
272.8
 20
61.811
 10
270.782
 20
61.811
 10
269.963
 20
62.563
 10
269.806
 20
62.854
 10
269.29
 20
63.348
 10
269.133
 20
63.639
 10
267.675
 20
65.322
 10
267.496
 20
65.322
 10
267.339
 20
65.142
 10
266.744
 20
64.839
 10
266.071
 20
64.952
 10
261.361
 20
66.746
 10
260.767
 20
67.049
 10
260.542
 20
67.273
 10
260.24
 20
68.092
 10
259.567
 20
71.456
 10
259.23
 20
72.578
 10
259.118
 20
73.811
 10
259.421
 20
74.406
 10
259.757
 20
74.742
 10
263.795
 20
77.77
 97
0
 92
3
 72
0
 73
1
 93
115
 10
264.726
 20
77.625
 10
260.094
 20
74.182
 10
259.791
 20
73.699
 10
259.791
 20
73.475
 10
260.049
 20
72.275
 10
260.318
 20
72.432
 10
260.576
 20
72.017
 10
260.464
 20
71.905
 10
260.161
 20
71.983
 10
260.128
 20
71.681
 10
260.43
 20
70.525
 10
260.655
 20
70.525
 10
260.913
 20
70.335
 10
260.767
 20
70.144
 10
260.542
 20
70.301
 10
260.464
 20
70.223
 10
261.103
 20
67.722
 10
261.361
 20
67.531
 10
262.741
 20
67.004
 10
262.741
 20
67.116
 10
262.516
 20
67.228
 10
262.673
 20
67.453
 10
262.628
 20
67.61
 10
263.156
 20
67.419
 10
263.189
 20
67.565
 10
262.965
 20
67.565
 10
263.156
 20
67.755
 10
263.346
 20
67.722
 10
263.413
 20
67.453
 10
263.57
 20
67.61
 10
263.638
 20
67.453
 10
263.828
 20
67.531
 10
264.165
 20
67.307
 10
264.356
 20
67.385
 10
264.535
 20
67.228
 10
264.692
 20
67.273
 10
264.501
 20
66.858
 10
264.58
 20
66.712
 10
264.692
 20
66.667
 10
264.916
 20
66.825
 10
264.984
 20
66.667
 10
265.174
 20
66.746
 10
265.432
 20
66.555
 10
265.432
 20
66.712
 10
265.589
 20
66.712
 10
265.701
 20
66.219
 10
265.32
 20
66.264
 10
265.477
 20
66.152
 10
265.32
 20
65.995
 10
266.52
 20
65.625
 10
266.711
 20
65.995
 10
266.632
 20
66.97
 10
266.52
 20
67.195
 10
266.52
 20
67.643
 10
266.632
 20
67.867
 10
266.408
 20
67.98
 10
266.296
 20
68.989
 10
266.374
 20
69.067
 10
266.486
 20
68.798
 10
266.856
 20
69.213
 10
267.002
 20
69.023
 10
267.159
 20
69.023
 10
267.159
 20
69.18
 10
267.002
 20
69.292
 10
267.305
 20
69.662
 10
267.114
 20
69.74
 10
266.823
 20
69.583
 10
266.823
 20
69.359
 10
266.632
 20
69.438
 10
266.599
 20
69.247
 10
266.408
 20
69.213
 10
266.374
 20
69.404
 10
266.184
 20
69.438
 10
266.217
 20
69.853
 10
266.52
 20
70.11
 10
266.823
 20
70.032
 10
266.856
 20
70.223
 10
266.744
 20
70.447
 10
266.89
 20
70.638
 10
267.114
 20
70.638
 10
267.159
 20
70.75
 10
267.002
 20
70.705
 10
266.969
 20
70.896
 10
267.193
 20
71.232
 10
267.451
 20
71.041
 10
267.642
 20
70.671
 10
267.787
 20
70.974
 10
268.012
 20
71.086
 10
268.281
 20
70.974
 10
268.393
 20
70.705
 10
268.202
 20
70.559
 10
268.617
 20
70.144
 10
269.178
 20
71.49
 10
269.514
 20
71.826
 10
269.885
 20
72.017
 10
270.972
 20
72.051
 10
270.894
 20
73.139
 10
270.815
 20
73.284
 10
270.557
 20
73.363
 10
270.782
 20
73.587
 10
270.782
 20
73.811
 10
270.703
 20
73.89
 10
270.479
 20
73.733
 10
270.03
 20
73.957
 10
270.221
 20
74.26
 10
270.03
 20
74.675
 10
270.255
 20
74.63
 10
270.524
 20
74.339
 10
270.636
 20
73.957
 10
270.67
 20
74.709
 10
270.557
 20
74.933
 10
270.557
 20
75.382
 10
270.367
 20
75.752
 10
269.885
 20
76.054
 10
265.399
 20
77.512
 97
0
 92
3
 72
0
 73
1
 93
8
 10
269.806
 20
74.787
 10
269.885
 20
74.372
 10
269.739
 20
74.069
 10
269.66
 20
74.148
 10
269.739
 20
74.339
 10
269.548
 20
74.484
 10
269.245
 20
74.294
 10
269.402
 20
74.518
 97
0
 92
3
 72
0
 73
1
 93
10
 10
267.227
 20
71.759
 10
267.832
 20
71.535
 10
267.866
 20
71.344
 10
267.608
 20
71.041
 10
267.529
 20
71.12
 10
267.72
 20
71.423
 10
267.529
 20
71.456
 10
267.496
 20
71.266
 10
267.339
 20
71.266
 10
267.417
 20
71.568
 97
0
 92
3
 72
0
 73
1
 93
7
 10
260.498
 20
71.535
 10
260.688
 20
71.568
 10
260.8
 20
71.456
 10
260.8
 20
71.12
 10
260.688
 20
71.008
 10
260.43
 20
71.086
 10
260.352
 20
71.232
 97
0
 92
3
 72
0
 73
1
 93
129
 10
270.109
 20
71.456
 10
269.806
 20
71.31
 10
269.548
 20
70.783
 10
269.548
 20
70.559
 10
269.099
 20
69.438
 10
269.212
 20
69.101
 10
269.133
 20
69.023
 10
269.021
 20
69.18
 10
268.875
 20
68.877
 10
268.09
 20
66.634
 10
268.09
 20
65.961
 10
268.281
 20
65.591
 10
269.694
 20
64.088
 10
270.86
 20
62.563
 10
270.972
 20
62.518
 10
271.197
 20
62.787
 10
271.152
 20
62.518
 10
271.455
 20
62.484
 10
271.533
 20
62.518
 10
271.455
 20
62.821
 10
271.23
 20
63.045
 10
271.713
 20
64.021
 10
271.903
 20
63.942
 10
272.015
 20
64.054
 10
271.791
 20
64.279
 10
272.206
 20
64.537
 10
272.015
 20
64.727
 10
272.049
 20
64.918
 10
272.352
 20
64.839
 10
272.464
 20
64.952
 10
272.161
 20
65.142
 10
273.215
 20
67.453
 10
273.473
 20
67.643
 10
274.034
 20
67.643
 10
274.449
 20
66.712
 10
274.707
 20
66.746
 10
275.122
 20
66.555
 10
274.853
 20
66.78
 10
274.853
 20
67.049
 10
275.122
 20
67.004
 10
275.122
 20
67.161
 10
274.819
 20
67.307
 10
274.483
 20
66.97
 10
274.404
 20
67.273
 10
274.516
 20
67.497
 10
274.931
 20
67.531
 10
275.122
 20
67.34
 10
275.38
 20
67.531
 10
275.458
 20
67.453
 10
275.301
 20
67.273
 10
275.346
 20
67.161
 10
275.57
 20
67.161
 10
275.683
 20
66.937
 10
275.907
 20
66.825
 10
275.604
 20
66.522
 10
275.683
 20
66.376
 10
276.019
 20
66.264
 10
275.941
 20
66.073
 10
276.131
 20
65.658
 10
275.941
 20
65.512
 10
276.053
 20
65.288
 10
275.974
 20
65.142
 10
275.638
 20
64.873
 10
275.683
 20
65.254
 10
275.458
 20
65.21
 10
275.413
 20
64.918
 10
275.234
 20
64.649
 10
275.077
 20
64.649
 10
275.268
 20
65.064
 10
275.189
 20
65.142
 10
274.965
 20
64.985
 10
274.898
 20
65.142
 10
274.707
 20
65.176
 10
274.707
 20
65.512
 10
274.931
 20
66.073
 10
274.741
 20
66.152
 10
274.404
 20
65.322
 10
274.595
 20
65.064
 10
274.561
 20
64.806
 10
274.785
 20
64.694
 10
274.853
 20
64.425
 10
275.122
 20
64.245
 10
274.898
 20
63.752
 10
274.819
 20
63.83
 10
275.01
 20
64.245
 10
274.741
 20
64.088
 10
274.707
 20
64.279
 10
274.561
 20
64.2
 10
274.561
 20
63.976
 10
274.404
 20
64.021
 10
274.337
 20
63.864
 10
274.258
 20
63.942
 10
274.516
 20
64.469
 10
274.673
 20
64.537
 10
274.595
 20
64.615
 10
274.292
 20
64.469
 10
274.18
 20
64.133
 10
274.034
 20
64.054
 10
273.81
 20
64.167
 10
273.619
 20
63.909
 10
273.698
 20
63.83
 10
274.113
 20
63.909
 10
273.843
 20
63.303
 10
274.225
 20
63.191
 10
274.0
 20
62.967
 10
273.843
 20
63.191
 10
273.664
 20
63.191
 10
273.507
 20
62.899
 10
273.552
 20
62.742
 10
273.283
 20
62.854
 10
273.137
 20
63.157
 10
272.991
 20
63.079
 10
272.946
 20
62.787
 10
272.61
 20
62.63
 10
274.034
 20
62.596
 10
274.258
 20
62.709
 10
275.604
 20
62.709
 10
276.086
 20
62.899
 10
276.726
 20
64.167
 10
278.071
 20
67.419
 10
278.15
 20
67.722
 10
277.769
 20
68.35
 10
276.131
 20
69.965
 10
275.974
 20
70.256
 10
275.413
 20
70.817
 10
274.819
 20
71.232
 10
274.37
 20
71.344
 10
271.567
 20
71.344
 10
271.342
 20
71.456
 97
0
 92
3
 72
0
 73
1
 93
5
 10
275.638
 20
67.497
 10
275.941
 20
67.531
 10
276.053
 20
67.419
 10
275.974
 20
67.273
 10
275.716
 20
67.195
 97
0
 92
3
 72
0
 73
1
 93
5
 10
267.384
 20
66.825
 10
266.89
 20
66.6
 10
266.89
 20
66.443
 10
267.193
 20
66.522
 10
267.384
 20
66.443
 97
0
 92
3
 72
0
 73
1
 93
17
 10
273.44
 20
66.825
 10
273.249
 20
66.634
 10
273.328
 20
66.443
 10
273.17
 20
66.107
 10
273.395
 20
66.152
 10
273.552
 20
66.555
 10
273.664
 20
66.6
 10
273.664
 20
65.927
 10
273.888
 20
65.927
 10
274.449
 20
65.658
 10
274.404
 20
65.882
 10
273.956
 20
65.995
 10
273.81
 20
66.297
 10
274.0
 20
66.555
 10
273.956
 20
66.667
 10
273.776
 20
66.825
 10
273.507
 20
66.667
 97
0
 92
3
 72
0
 73
1
 93
6
 10
274.225
 20
66.712
 10
274.146
 20
66.634
 10
274.337
 20
66.264
 10
274.516
 20
66.264
 10
274.561
 20
66.488
 10
274.292
 20
66.555
 97
0
 92
3
 72
0
 73
1
 93
4
 10
267.271
 20
66.376
 10
266.89
 20
66.152
 10
267.081
 20
65.849
 10
267.305
 20
66.073
 97
0
 92
3
 72
0
 73
1
 93
9
 10
275.57
 20
66.264
 10
275.458
 20
65.882
 10
275.268
 20
65.737
 10
275.301
 20
65.658
 10
275.604
 20
65.737
 10
275.795
 20
65.546
 10
275.907
 20
65.815
 10
275.716
 20
65.961
 10
275.795
 20
66.152
 97
0
 92
3
 72
0
 73
1
 93
5
 10
272.879
 20
65.591
 10
272.834
 20
65.322
 10
272.991
 20
65.367
 10
273.328
 20
65.21
 10
273.328
 20
65.367
 97
0
 92
3
 72
0
 73
1
 93
6
 10
273.249
 20
63.942
 10
273.103
 20
63.864
 10
273.103
 20
63.684
 10
273.552
 20
63.415
 10
273.552
 20
63.684
 10
273.395
 20
63.639
 97
0
 75
0
 76
1
 98
0
  0
LWPOLYLINE
  5
49
330
17
100
AcDbEntity
  8
CUT
100
AcDbPolyline
 90
23
 70
1
 10
11.299
 20
53.338
 10
16.393
 20
53.338
 10
18.648
 20
52.443
 10
21.12
 20
49.797
 10
22.982
 20
45.948
 10
23.702
 20
42.324
 10
23.702
 20
37.624
 10
23.329
 20
35.26
 10
22.689
 20
33.643
 10
21.42
 20
31.896
 10
18.47
 20
30.096
 10
15.701
 20
29.622
 10
11.986
 20
29.622
 10
9.218
 20
30.096
 10
6.397
 20
31.769
 10
5.337
 20
32.98
 10
4.335
 20
34.983
 10
3.863
 20
37.746
 10
3.863
 20
42.079
 10
4.816
 20
46.576
 10
5.985
 20
49.013
 10
7.492
 20
51.117
 10
9.495
 20
52.745
  0
HATCH
  5
4A
330
17
100
AcDbEntity
  8
RASTER
 62
7
100
AcDbHatch
 10
0.0
 20
0.0
 30
0.0
210
0.0
220
0.0
230
1.0
  2
SOLID
 70
1
 71
0
 91
12
 92
3
 72
0
 73
1
 93
33
 10
12.896
 20
51.133
 10
14.705
 20
51.17
 10
15.443
 20
50.924
 10
16.957
 20
50.1
 10
18.31
 20
48.746
 10
19.172
 20
47.516
 10
20.119
 20
45.756
 10
20.981
 20
43.541
 10
21.473
 20
41.449
 10
21.473
 20
38.496
 10
21.35
 20
37.881
 10
20.735
 20
36.035
 10
20.156
 20
35.014
 10
18.68
 20
33.414
 10
17.941
 20
32.922
 10
16.797
 20
32.344
 10
14.951
 20
31.852
 10
12.736
 20
31.852
 10
12.121
 20
31.975
 10
10.645
 20
32.467
 10
9.377
 20
33.168
 10
8.27
 20
34.03
 10
7.531
 20
34.891
 10
6.461
 20
37.02
 10
6.092
 20
38.496
 10
6.092
 20
41.203
 10
6.215
 20
41.449
 10
6.338
 20
42.68
 10
6.707
 20
43.91
 10
7.778
 20
46.408
 10
8.762
 20
48.008
 10
10.115
 20
49.607
 10
11.469
 20
50.592
 97
0
 92
3
 72
0
 73
1
 93
35
 10
13.106
 20
50.555
 10
12.367
 20
50.309
 10
10.977
 20
49.484
 10
9.992
 20
48.5
 10
8.762
 20
46.777
 10
7.814
 20
44.895
 10
7.076
 20
42.803
 10
6.83
 20
41.572
 10
6.83
 20
40.834
 10
6.707
 20
40.588
 10
6.707
 20
39.234
 10
6.83
 20
38.988
 10
6.953
 20
37.758
 10
7.199
 20
37.02
 10
7.901
 20
35.629
 10
9.008
 20
34.276
 10
10.891
 20
33.082
 10
12.49
 20
32.59
 10
14.336
 20
32.467
 10
14.582
 20
32.59
 10
15.813
 20
32.713
 10
16.551
 20
32.959
 10
18.434
 20
34.03
 10
19.172
 20
34.768
 10
20.156
 20
36.367
 10
20.611
 20
37.635
 10
20.858
 20
38.742
 10
20.858
 20
40.957
 10
20.488
 20
42.803
 10
19.75
 20
44.895
 10
18.68
 20
47.023
 10
17.449
 20
48.746
 10
16.465
 20
49.607
 10
14.951
 20
50.432
 10
14.459
 20
50.555
 97
0
 92
3
 72
0
 73
1
 93
11
 10
9.697
 20
46.58
 10
9.906
 20
46.494
 10
9.783
 20
46.248
 10
10.029
 20
45.51
 10
9.697
 20
45.104
 10
9.205
 20
44.932
 10
8.885
 20
45.104
 10
8.799
 20
45.633
 10
9.131
 20
46.285
 10
9.414
 20
46.494
 10
9.746
 20
46.408
 97
0
 92
3
 72
0
 73
1
 93
8
 10
8.344
 20
42.766
 10
8.676
 20
42.803
 10
9.045
 20
42.434
 10
9.045
 20
41.818
 10
8.553
 20
41.326
 10
8.147
 20
41.535
 10
7.938
 20
41.941
 10
7.938
 20
42.188
 97
0
 92
3
 72
0
 73
1
 93
14
 10
13.635
 20
42.52
 10
14.582
 20
42.557
 10
14.988
 20
42.348
 10
15.283
 20
42.028
 10
15.566
 20
41.203
 10
15.566
 20
40.711
 10
15.234
 20
39.813
 10
14.742
 20
39.321
 10
14.336
 20
39.111
 10
13.598
 20
39.111
 10
13.019
 20
39.394
 10
12.613
 20
40.096
 10
12.613
 20
41.203
 10
13.069
 20
42.101
 97
0
 92
3
 72
0
 73
1
 93
7
 10
18.557
 20
42.151
 10
18.889
 20
42.188
 10
19.135
 20
41.941
 10
19.135
 20
41.449
 10
18.766
 20
41.08
 10
18.483
 20
41.166
 10
18.274
 20
41.572
 97
0
 92
3
 72
0
 73
1
 93
4
 10
13.93
 20
41.905
 10
13.844
 20
41.818
 10
14.053
 20
41.24
 10
14.213
 20
41.449
 97
0
 92
3
 72
0
 73
1
 93
9
 10
14.459
 20
41.326
 10
14.373
 20
41.24
 10
14.791
 20
41.043
 10
14.742
 20
40.871
 10
14.865
 20
40.748
 10
15.037
 20
41.117
 10
15.283
 20
41.117
 10
15.074
 20
41.326
 10
14.914
 20
41.24
 97
0
 92
3
 72
0
 73
1
 93
13
 10
13.807
 20
41.043
 10
13.807
 20
40.871
 10
13.512
 20
40.797
 10
13.635
 20
40.256
 10
13.758
 20
40.428
 10
13.93
 20
40.379
 10
13.881
 20
40.674
 10
13.967
 20
40.711
 10
14.127
 20
40.379
 10
14.459
 20
40.588
 10
14.668
 20
40.256
 10
14.791
 20
40.674
 10
14.619
 20
40.625
 97
0
 92
3
 72
0
 73
1
 93
14
 10
8.344
 20
38.828
 10
8.676
 20
38.865
 10
9.574
 20
38.41
 10
10.312
 20
37.549
 10
10.768
 20
36.404
 10
10.645
 20
35.543
 10
10.312
 20
35.137
 10
9.783
 20
35.051
 10
9.131
 20
35.383
 10
8.762
 20
35.629
 10
8.27
 20
36.244
 10
7.814
 20
37.143
 10
7.691
 20
37.881
 10
7.901
 20
38.533
 97
0
 92
3
 72
0
 73
1
 93
30
 10
17.818
 20
38.582
 10
18.52
 20
38.619
 10
18.852
 20
38.459
 10
19.135
 20
38.004
 10
19.135
 20
37.02
 10
18.557
 20
35.752
 10
17.941
 20
35.137
 10
17.289
 20
34.805
 10
16.92
 20
34.805
 10
16.268
 20
35.26
 10
16.059
 20
35.789
 10
16.059
 20
36.404
 10
16.342
 20
37.229
 10
16.514
 20
37.18
 10
16.957
 20
37.475
 10
17.129
 20
37.303
 10
17.166
 20
37.758
 10
17.375
 20
37.918
 10
17.326
 20
38.09
 10
17.498
 20
38.09
 10
17.658
 20
37.881
 10
17.781
 20
38.004
 10
17.498
 20
38.336
 10
17.375
 20
38.287
 10
16.514
 20
37.303
 10
16.428
 20
37.389
 10
16.76
 20
37.918
 10
17.375
 20
38.41
 10
17.535
 20
38.496
 10
17.744
 20
38.41
 97
0
 92
3
 72
0
 73
1
 93
9
 10
12.773
 20
34.276
 10
13.512
 20
34.226
 10
13.844
 20
33.82
 10
13.758
 20
33.537
 10
13.352
 20
33.328
 10
12.699
 20
33.414
 10
12.453
 20
33.66
 10
12.367
 20
33.943
 10
12.453
 20
34.103
 97
0
 75
0
 76
1
 98
0
  0
LWPOLYLINE
  5
4B
330
17
100
AcDbEntity
  8
CUT
100
AcDbPolyline
 90
23
 70
1
 10
34.864
 20
53.338
 10
39.957
 20
53.338
 10
42.213
 20
52.443
 10
44.685
 20
49.797
 10
46.547
 20
45.948
 10
47.267
 20
42.324
 10
47.267
 20
37.624
 10
46.894
 20
35.26
 10
46.254
 20
33.643
 10
44.985
 20
31.896
 10
42.035
 20
30.096
 10
39.266
 20
29.622
 10
35.551
 20
29.622
 10
32.783
 20
30.096
 10
29.961
 20
31.769
 10
28.901
 20
32.98
 10
27.9
 20
34.983
 10
27.427
 20
37.746
 10
27.427
 20
42.079
 10
28.381
 20
46.576
 10
29.55
 20
49.013
 10
31.057
 20
51.117
 10
33.059
 20
52.745
  0
HATCH
  5
4C
330
17
100
AcDbEntity
  8
RASTER
 62
7
100
AcDbHatch
 10
0.0
 20
0.0
 30
0.0
210
0.0
220
0.0
230
1.0
  2
SOLID
 70
1
 71
0
 91
12
 92
3
 72
0
 73
1
 93
33
 10
36.461
 20
51.133
 10
38.27
 20
51.17
 10
39.008
 20
50.924
 10
40.522
 20
50.1
 10
41.875
 20
48.746
 10
42.736
 20
47.516
 10
43.684
 20
45.756
 10
44.545
 20
43.541
 10
45.037
 20
41.449
 10
45.037
 20
38.496
 10
44.914
 20
37.881
 10
44.299
 20
36.035
 10
43.721
 20
35.014
 10
42.244
 20
33.414
 10
41.506
 20
32.922
 10
40.362
 20
32.344
 10
38.516
 20
31.852
 10
36.301
 20
31.852
 10
35.686
 20
31.975
 10
34.209
 20
32.467
 10
32.942
 20
33.168
 10
31.834
 20
34.03
 10
31.096
 20
34.891
 10
30.026
 20
37.02
 10
29.656
 20
38.496
 10
29.656
 20
41.203
 10
29.779
 20
41.449
 10
29.903
 20
42.68
 10
30.272
 20
43.91
 10
31.342
 20
46.408
 10
32.327
 20
48.008
 10
33.68
 20
49.607
 10
35.034
 20
50.592
 97
0
 92
3
 72
0
 73
1
 93
35
 10
36.67
 20
50.555
 10
35.932
 20
50.309
 10
34.541
 20
49.484
 10
33.557
 20
48.5
 10
32.327
 20
46.777
 10
31.379
 20
44.895
 10
30.641
 20
42.803
 10
30.395
 20
41.572
 10
30.395
 20
40.834
 10
30.272
 20
40.588
 10
30.272
 20
39.234
 10
30.395
 20
38.988
 10
30.518
 20
37.758
 10
30.764
 20
37.02
 10
31.465
 20
35.629
 10
32.573
 20
34.276
 10
34.455
 20
33.082
 10
36.055
 20
32.59
 10
37.901
 20
32.467
 10
38.147
 20
32.59
 10
39.377
 20
32.713
 10
40.115
 20
32.959
 10
41.998
 20
34.03
 10
42.736
 20
34.768
 10
43.721
 20
36.367
 10
44.176
 20
37.635
 10
44.422
 20
38.742
 10
44.422
 20
40.957
 10
44.053
 20
42.803
 10
43.315
 20
44.895
 10
42.244
 20
47.023
 10
41.014
 20
48.746
 10
40.029
 20
49.607
 10
38.516
 20
50.432
 10
38.024
 20
50.555
 97
0
 92
3
 72
0
 73
1
 93
11
 10
33.262
 20
46.58
 10
33.471
 20
46.494
 10
33.348
 20
46.248
 10
33.594
 20
45.51
 10
33.262
 20
45.104
 10
32.77
 20
44.932
 10
32.45
 20
45.104
 10
32.363
 20
45.633
 10
32.696
 20
46.285
 10
32.979
 20
46.494
 10
33.311
 20
46.408
 97
0
 92
3
 72
0
 73
1
 93
8
 10
31.908
 20
42.766
 10
32.24
 20
42.803
 10
32.61
 20
42.434
 10
32.61
 20
41.818
 10
32.117
 20
41.326
 10
31.711
 20
41.535
 10
31.502
 20
41.941
 10
31.502
 20
42.188
 97
0
 92
3
 72
0
 73
1
 93
14
 10
37.199
 20
42.52
 10
38.147
 20
42.557
 10
38.553
 20
42.348
 10
38.848
 20
42.028
 10
39.131
 20
41.203
 10
39.131
 20
40.711
 10
38.799
 20
39.813
 10
38.307
 20
39.321
 10
37.901
 20
39.111
 10
37.162
 20
39.111
 10
36.584
 20
39.394
 10
36.178
 20
40.096
 10
36.178
 20
41.203
 10
36.633
 20
42.101
 97
0
 92
3
 72
0
 73
1
 93
7
 10
42.121
 20
42.151
 10
42.453
 20
42.188
 10
42.699
 20
41.941
 10
42.699
 20
41.449
 10
42.33
 20
41.08
 10
42.047
 20
41.166
 10
41.838
 20
41.572
 97
0
 92
3
 72
0
 73
1
 93
4
 10
37.495
 20
41.905
 10
37.408
 20
41.818
 10
37.618
 20
41.24
 10
37.778
 20
41.449
 97
0
 92
3
 72
0
 73
1
 93
9
 10
38.024
 20
41.326
 10
37.938
 20
41.24
 10
38.356
 20
41.043
 10
38.307
 20
40.871
 10
38.43
 20
40.748
 10
38.602
 20
41.117
 10
38.848
 20
41.117
 10
38.639
 20
41.326
 10
38.479
 20
41.24
 97
0
 92
3
 72
0
 73
1
 93
13
 10
37.372
 20
41.043
 10
37.372
 20
40.871
 10
37.076
 20
40.797
 10
37.199
 20
40.256
 10
37.322
 20
40.428
 10
37.495
 20
40.379
 10
37.445
 20
40.674
 10
37.531
 20
40.711
 10
37.691
 20
40.379
 10
38.024
 20
40.588
 10
38.233
 20
40.256
 10
38.356
 20
40.674
 10
38.184
 20
40.625
 97
0
 92
3
 72
0
 73
1
 93
14
 10
31.908
 20
38.828
 10
32.24
 20
38.865
 10
33.139
 20
38.41
 10
33.877
 20
37.549
 10
34.332
 20
36.404
 10
34.209
 20
35.543
 10
33.877
 20
35.137
 10
33.348
 20
35.051
 10
32.696
 20
35.383
 10
32.327
 20
35.629
 10
31.834
 20
36.244
 10
31.379
 20
37.143
 10
31.256
 20
37.881
 10
31.465
 20
38.533
 97
0
 92
3
 72
0
 73
1
 93
30
 10
41.383
 20
38.582
 10
42.084
 20
38.619
 10
42.416
 20
38.459
 10
42.699
 20
38.004
 10
42.699
 20
37.02
 10
42.121
 20
35.752
 10
41.506
 20
35.137
 10
40.854
 20
34.805
 10
40.485
 20
34.805
 10
39.832
 20
35.26
 10
39.623
 20
35.789
 10
39.623
 20
36.404
 10
39.906
 20
37.229
 10
40.079
 20
37.18
 10
40.522
 20
37.475
 10
40.694
 20
37.303
 10
40.731
 20
37.758
 10
40.94
 20
37.918
 10
40.891
 20
38.09
 10
41.063
 20
38.09
 10
41.223
 20
37.881
 10
41.346
 20
38.004
 10
41.063
 20
38.336
 10
40.94
 20
38.287
 10
40.079
 20
37.303
 10
39.992
 20
37.389
 10
40.325
 20
37.918
 10
40.94
 20
38.41
 10
41.1
 20
38.496
 10
41.309
 20
38.41
 97
0
 92
3
 72
0
 73
1
 93
9
 10
36.338
 20
34.276
 10
37.076
 20
34.226
 10
37.408
 20
33.82
 10
37.322
 20
33.537
 10
36.916
 20
33.328
 10
36.264
 20
33.414
 10
36.018
 20
33.66
 10
35.932
 20
33.943
 10
36.018
 20
34.103
 97
0
 75
0
 76
1
 98
0
  0
LWPOLYLINE
  5
4D
330
17
100
AcDbEntity
  8
CUT
100
AcDbPolyline
 90
23
 70
1
 10
58.429
 20
53.338
 10
63.522
 20
53.338
 10
65.777
 20
52.443
 10
68.249
 20
49.797
 10
70.112
 20
45.948
 10
70.831
 20
42.324
 10
70.831
 20
37.624
 10
70.458
 20
35.26
 10
69.819
 20
33.643
 10
68.549
 20
31.896
 10
65.6
 20
30.096
 10
62.83
 20
29.622
 10
59.116
 20
29.622
 10
56.347
 20
30.096
 10
53.526
 20
31.769
 10
52.466
 20
32.98
 10
51.465
 20
34.983
 10
50.992
 20
37.746
 10
50.992
 20
42.079
 10
51.946
 20
46.576
 10
53.115
 20
49.013
 10
54.621
 20
51.117
 10
56.624
 20
52.745
  0
HATCH
  5
4E
330
17
100
AcDbEntity
  8
RASTER
 62
7
100
AcDbHatch
 10
0.0
 20
0.0
 30
0.0
210
0.0
220
0.0
230
1.0
  2
SOLID
 70
1
 71
0
 91
12
 92
3
 72
0
 73
1
 93
33
 10
60.026
 20
51.133
 10
61.834
 20
51.17
 10
62.573
 20
50.924
 10
64.086
 20
50.1
 10
65.44
 20
48.746
 10
66.301
 20
47.516
 10
67.248
 20
45.756
 10
68.11
 20
43.541
 10
68.602
 20
41.449
 10
68.602
 20
38.496
 10
68.479
 20
37.881
 10
67.864
 20
36.035
 10
67.285
 20
35.014
 10
65.809
 20
33.414
 10
65.071
 20
32.922
 10
63.926
 20
32.344
 10
62.08
 20
31.852
 10
59.866
 20
31.852
 10
59.25
 20
31.975
 10
57.774
 20
32.467
 10
56.506
 20
33.168
 10
55.399
 20
34.03
 10
54.661
 20
34.891
 10
53.59
 20
37.02
 10
53.221
 20
38.496
 10
53.221
 20
41.203
 10
53.344
 20
41.449
 10
53.467
 20
42.68
 10
53.836
 20
43.91
 10
54.907
 20
46.408
 10
55.891
 20
48.008
 10
57.245
 20
49.607
 10
58.598
 20
50.592
 97
0
 92
3
 72
0
 73
1
 93
35
 10
60.235
 20
50.555
 10
59.496
 20
50.309
 10
58.106
 20
49.484
 10
57.122
 20
48.5
 10
55.891
 20
46.777
 10
54.944
 20
44.895
 10
54.205
 20
42.803
 10
53.959
 20
41.572
 10
53.959
 20
40.834
 10
53.836
 20
40.588
 10
53.836
 20
39.234
 10
53.959
 20
38.988
 10
54.082
 20
37.758
 10
54.328
 20
37.02
 10
55.03
 20
35.629
 10
56.137
 20
34.276
 10
58.02
 20
33.082
 10
59.619
 20
32.59
 10
61.465
 20
32.467
 10
61.711
 20
32.59
 10
62.942
 20
32.713
 10
63.68
 20
32.959
 10
65.563
 20
34.03
 10
66.301
 20
34.768
 10
67.285
 20
36.367
 10
67.741
 20
37.635
 10
67.987
 20
38.742
 10
67.987
 20
40.957
 10
67.618
 20
42.803
 10
66.879
 20
44.895
 10
65.809
 20
47.023
 10
64.578
 20
48.746
 10
63.594
 20
49.607
 10
62.08
 20
50.432
 10
61.588
 20
50.555
 97
0
 92
3
 72
0
 73
1
 93
11
 10
56.826
 20
46.58
 10
57.035
 20
46.494
 10
56.912
 20
46.248
 10
57.159
 20
45.51
 10
56.826
 20
45.104
 10
56.334
 20
44.932
 10
56.014
 20
45.104
 10
55.928
 20
45.633
 10
56.26
 20
46.285
 10
56.543
 20
46.494
 10
56.876
 20
46.408
 97
0
 92
3
 72
0
 73
1
 93
8
 10
55.473
 20
42.766
 10
55.805
 20
42.803
 10
56.174
 20
42.434
 10
56.174
 20
41.818
 10
55.682
 20
41.326
 10
55.276
 20
41.535
 10
55.067
 20
41.941
 10
55.067
 20
42.188
 97
0
 92
3
 72
0
 73
1
 93
14
 10
60.764
 20
42.52
 10
61.711
 20
42.557
 10
62.117
 20
42.348
 10
62.413
 20
42.028
 10
62.696
 20
41.203
 10
62.696
 20
40.711
 10
62.363
 20
39.813
 10
61.871
 20
39.321
 10
61.465
 20
39.111
 10
60.727
 20
39.111
 10
60.149
 20
39.394
 10
59.743
 20
40.096
 10
59.743
 20
41.203
 10
60.198
 20
42.101
 97
0
 92
3
 72
0
 73
1
 93
7
 10
65.686
 20
42.151
 10
66.018
 20
42.188
 10
66.264
 20
41.941
 10
66.264
 20
41.449
 10
65.895
 20
41.08
 10
65.612
 20
41.166
 10
65.403
 20
41.572
 97
0
 92
3
 72
0
 73
1
 93
4
 10
61.059
 20
41.905
 10
60.973
 20
41.818
 10
61.182
 20
41.24
 10
61.342
 20
41.449
 97
0
 92
3
 72
0
 73
1
 93
9
 10
61.588
 20
41.326
 10
61.502
 20
41.24
 10
61.92
 20
41.043
 10
61.871
 20
40.871
 10
61.994
 20
40.748
 10
62.167
 20
41.117
 10
62.413
 20
41.117
 10
62.204
 20
41.326
 10
62.044
 20
41.24
 97
0
 92
3
 72
0
 73
1
 93
13
 10
60.936
 20
41.043
 10
60.936
 20
40.871
 10
60.641
 20
40.797
 10
60.764
 20
40.256
 10
60.887
 20
40.428
 10
61.059
 20
40.379
 10
61.01
 20
40.674
 10
61.096
 20
40.711
 10
61.256
 20
40.379
 10
61.588
 20
40.588
 10
61.797
 20
40.256
 10
61.92
 20
40.674
 10
61.748
 20
40.625
 97
0
 92
3
 72
0
 73
1
 93
14
 10
55.473
 20
38.828
 10
55.805
 20
38.865
 10
56.703
 20
38.41
 10
57.442
 20
37.549
 10
57.897
 20
36.404
 10
57.774
 20
35.543
 10
57.442
 20
35.137
 10
56.912
 20
35.051
 10
56.26
 20
35.383
 10
55.891
 20
35.629
 10
55.399
 20
36.244
 10
54.944
 20
37.143
 10
54.821
 20
37.881
 10
55.03
 20
38.533
 97
0
 92
3
 72
0
 73
1
 93
30
 10
64.947
 20
38.582
 10
65.649
 20
38.619
 10
65.981
 20
38.459
 10
66.264
 20
38.004
 10
66.264
 20
37.02
 10
65.686
 20
35.752
 10
65.071
 20
35.137
 10
64.418
 20
34.805
 10
64.049
 20
34.805
 10
63.397
 20
35.26
 10
63.188
 20
35.789
 10
63.188
 20
36.404
 10
63.471
 20
37.229
 10
63.643
 20
37.18
 10
64.086
 20
37.475
 10
64.258
 20
37.303
 10
64.295
 20
37.758
 10
64.504
 20
37.918
 10
64.455
 20
38.09
 10
64.628
 20
38.09
 10
64.788
 20
37.881
 10
64.911
 20
38.004
 10
64.628
 20
38.336
 10
64.504
 20
38.287
 10
63.643
 20
37.303
 10
63.557
 20
37.389
 10
63.889
 20
37.918
 10
64.504
 20
38.41
 10
64.664
 20
38.496
 10
64.874
 20
38.41
 97
0
 92
3
 72
0
 73
1
 93
9
 10
59.903
 20
34.276
 10
60.641
 20
34.226
 10
60.973
 20
33.82
 10
60.887
 20
33.537
 10
60.481
 20
33.328
 10
59.829
 20
33.414
 10
59.583
 20
33.66
 10
59.496
 20
33.943
 10
59.583
 20
34.103
 97
0
 75
0
 76
1
 98
0
  0
LWPOLYLINE
  5
4F
330
17
100
AcDbEntity
  8
CUT
100
AcDbPolyline
 90
23
 70
1
 10
81.993
 20
53.338
 10
87.086
 20
53.338
 10
89.342
 20
52.443
 10
91.814
 20
49.797
 10
93.676
 20
45.948
 10
94.396
 20
42.324
 10
94.396
 20
37.624
 10
94.023
 20
35.26
 10
93.383
 20
33.643
 10
92.114
 20
31.896
 10
89.164
 20
30.096
 10
86.395
 20
29.622
 10
82.68
 20
29.622
 10
79.912
 20
30.096
 10
77.09
 20
31.769
 10
76.031
 20
32.98
 10
75.029
 20
34.983
 10
74.556
 20
37.746
 10
74.556
 20
42.079
 10
75.51
 20
46.576
 10
76.679
 20
49.013
 10
78.186
 20
51.117
 10
80.189
 20
52.745
  0
HATCH
  5
50
330
17
100
AcDbEntity
  8
RASTER
 62
7
100
AcDbHatch
 10
0.0
 20
0.0
 30
0.0
210
0.0
220
0.0
230
1.0
  2
SOLID
 70
1
 71
0
 91
12
 92
3
 72
0
 73
1
 93
33
 10
83.59
 20
51.133
 10
85.399
 20
51.17
 10
86.137
 20
50.924
 10
87.651
 20
50.1
 10
89.004
 20
48.746
 10
89.866
 20
47.516
 10
90.813
 20
45.756
 10
91.674
 20
43.541
 10
92.167
 20
41.449
 10
92.167
 20
38.496
 10
92.044
 20
37.881
 10
91.428
 20
36.035
 10
90.85
 20
35.014
 10
89.373
 20
33.414
 10
88.635
 20
32.922
 10
87.491
 20
32.344
 10
85.645
 20
31.852
 10
83.43
 20
31.852
 10
82.815
 20
31.975
 10
81.338
 20
32.467
 10
80.071
 20
33.168
 10
78.964
 20
34.03
 10
78.225
 20
34.891
 10
77.155
 20
37.02
 10
76.786
 20
38.496
 10
76.786
 20
41.203
 10
76.909
 20
41.449
 10
77.032
 20
42.68
 10
77.401
 20
43.91
 10
78.471
 20
46.408
 10
79.456
 20
48.008
 10
80.809
 20
49.607
 10
82.163
 20
50.592
 97
0
 92
3
 72
0
 73
1
 93
35
 10
83.799
 20
50.555
 10
83.061
 20
50.309
 10
81.671
 20
49.484
 10
80.686
 20
48.5
 10
79.456
 20
46.777
 10
78.508
 20
44.895
 10
77.77
 20
42.803
 10
77.524
 20
41.572
 10
77.524
 20
40.834
 10
77.401
 20
40.588
 10
77.401
 20
39.234
 10
77.524
 20
38.988
 10
77.647
 20
37.758
 10
77.893
 20
37.02
 10
78.594
 20
35.629
 10
79.702
 20
34.276
 10
81.584
 20
33.082
 10
83.184
 20
32.59
 10
85.03
 20
32.467
 10
85.276
 20
32.59
 10
86.506
 20
32.713
 10
87.245
 20
32.959
 10
89.127
 20
34.03
 10
89.866
 20
34.768
 10
90.85
 20
36.367
 10
91.305
 20
37.635
 10
91.551
 20
38.742
 10
91.551
 20
40.957
 10
91.182
 20
42.803
 10
90.444
 20
44.895
 10
89.373
 20
47.023
 10
88.143
 20
48.746
 10
87.159
 20
49.607
 10
85.645
 20
50.432
 10
85.153
 20
50.555
 97
0
 92
3
 72
0
 73
1
 93
11
 10
80.391
 20
46.58
 10
80.6
 20
46.494
 10
80.477
 20
46.248
 10
80.723
 20
45.51
 10
80.391
 20
45.104
 10
79.899
 20
44.932
 10
79.579
 20
45.104
 10
79.493
 20
45.633
 10
79.825
 20
46.285
 10
80.108
 20
46.494
 10
80.44
 20
46.408
 97
0
 92
3
 72
0
 73
1
 93
8
 10
79.037
 20
42.766
 10
79.37
 20
42.803
 10
79.739
 20
42.434
 10
79.739
 20
41.818
 10
79.247
 20
41.326
 10
78.841
 20
41.535
 10
78.631
 20
41.941
 10
78.631
 20
42.188
 97
0
 92
3
 72
0
 73
1
 93
14
 10
84.328
 20
42.52
 10
85.276
 20
42.557
 10
85.682
 20
42.348
 10
85.977
 20
42.028
 10
86.26
 20
41.203
 10
86.26
 20
40.711
 10
85.928
 20
39.813
 10
85.436
 20
39.321
 10
85.03
 20
39.111
 10
84.292
 20
39.111
 10
83.713
 20
39.394
 10
83.307
 20
40.096
 10
83.307
 20
41.203
 10
83.762
 20
42.101
 97
0
 92
3
 72
0
 73
1
 93
7
 10
89.25
 20
42.151
 10
89.583
 20
42.188
 10
89.829
 20
41.941
 10
89.829
 20
41.449
 10
89.46
 20
41.08
 10
89.177
 20
41.166
 10
88.967
 20
41.572
 97
0
 92
3
 72
0
 73
1
 93
4
 10
84.624
 20
41.905
 10
84.538
 20
41.818
 10
84.747
 20
41.24
 10
84.907
 20
41.449
 97
0
 92
3
 72
0
 73
1
 93
9
 10
85.153
 20
41.326
 10
85.067
 20
41.24
 10
85.485
 20
41.043
 10
85.436
 20
40.871
 10
85.559
 20
40.748
 10
85.731
 20
41.117
 10
85.977
 20
41.117
 10
85.768
 20
41.326
 10
85.608
 20
41.24
 97
0
 92
3
 72
0
 73
1
 93
13
 10
84.501
 20
41.043
 10
84.501
 20
40.871
 10
84.205
 20
40.797
 10
84.328
 20
40.256
 10
84.451
 20
40.428
 10
84.624
 20
40.379
 10
84.575
 20
40.674
 10
84.661
 20
40.711
 10
84.821
 20
40.379
 10
85.153
 20
40.588
 10
85.362
 20
40.256
 10
85.485
 20
40.674
 10
85.313
 20
40.625
 97
0
 92
3
 72
0
 73
1
 93
14
 10
79.037
 20
38.828
 10
79.37
 20
38.865
 10
80.268
 20
38.41
 10
81.006
 20
37.549
 10
81.461
 20
36.404
 10
81.338
 20
35.543
 10
81.006
 20
35.137
 10
80.477
 20
35.051
 10
79.825
 20
35.383
 10
79.456
 20
35.629
 10
78.964
 20
36.244
 10
78.508
 20
37.143
 10
78.385
 20
37.881
 10
78.594
 20
38.533
 97
0
 92
3
 72
0
 73
1
 93
30
 10
88.512
 20
38.582
 10
89.213
 20
38.619
 10
89.546
 20
38.459
 10
89.829
 20
38.004
 10
89.829
 20
37.02
 10
89.25
 20
35.752
 10
88.635
 20
35.137
 10
87.983
 20
34.805
 10
87.614
 20
34.805
 10
86.962
 20
35.26
 10
86.752
 20
35.789
 10
86.752
 20
36.404
 10
87.035
 20
37.229
 10
87.208
 20
37.18
 10
87.651
 20
37.475
 10
87.823
 20
37.303
 10
87.86
 20
37.758
 10
88.069
 20
37.918
 10
88.02
 20
38.09
 10
88.192
 20
38.09
 10
88.352
 20
37.881
 10
88.475
 20
38.004
 10
88.192
 20
38.336
 10
88.069
 20
38.287
 10
87.208
 20
37.303
 10
87.122
 20
37.389
 10
87.454
 20
37.918
 10
88.069
 20
38.41
 10
88.229
 20
38.496
 10
88.438
 20
38.41
 97
0
 92
3
 72
0
 73
1
 93
9
 10
83.467
 20
34.276
 10
84.205
 20
34.226
 10
84.538
 20
33.82
 10
84.451
 20
33.537
 10
84.045
 20
33.328
 10
83.393
 20
33.414
 10
83.147
 20
33.66
 10
83.061
 20
33.943
 10
83.147
 20
34.103
 97
0
 75
0
 76
1
 98
0
  0
LWPOLYLINE
  5
51
330
17
100
AcDbEntity
  8
CUT
100
AcDbPolyline
 90
23
 70
1
 10
104.509
 20
53.328
 10
108.336
 20
53.338
 10
113.957
 20
50.999
 10
115.606
 20
50.001
 10
115.913
 20
47.211
 10
119.336
 20
47.135
 10
120.282
 20
46.559
 10
120.342
 20
39.201
 10
119.768
 20
36.411
 10
118.201
 20
33.713
 10
115.752
 20
31.701
 10
114.164
 20
31.092
 10
111.16
 20
30.648
 10
106.757
 20
30.658
 10
105.803
 20
31.4
 10
105.338
 20
33.354
 10
99.56
 20
35.899
 10
98.25
 20
36.756
 10
98.12
 20
40.968
 10
99.49
 20
44.296
 10
99.649
 20
46.419
 10
101.711
 20
48.303
 10
103.878
 20
52.675
  0
HATCH
  5
52
330
17
100
AcDbEntity
  8
RASTER
 62
7
100
AcDbHatch
 10
0.0
 20
0.0
 30
0.0
210
0.0
220
0.0
230
1.0
  2
SOLID
 70
1
 71
0
 91
15
 92
3
 72
0
 73
1
 93
99
 10
106.169
 20
51.687
 10
106.531
 20
51.716
 10
107.507
 20
51.325
 10
112.781
 20
49.079
 10
113.787
 20
48.522
 10
114.051
 20
47.907
 10
112.225
 20
43.736
 10
112.977
 20
44.098
 10
114.637
 20
44.586
 10
115.907
 20
44.684
 10
116.688
 20
44.488
 10
116.913
 20
44.655
 10
117.147
 20
45.201
 10
117.372
 20
45.367
 10
117.958
 20
45.367
 10
118.475
 20
45.104
 10
118.641
 20
44.781
 10
118.641
 20
44.195
 10
118.544
 20
43.902
 10
118.28
 20
43.385
 10
118.085
 20
43.19
 10
118.544
 20
42.242
 10
118.641
 20
41.754
 10
118.641
 20
40.679
 10
118.544
 20
40.484
 10
118.446
 20
39.507
 10
117.86
 20
37.554
 10
117.401
 20
36.646
 10
116.424
 20
35.279
 10
115.35
 20
34.204
 10
114.471
 20
33.618
 10
113.367
 20
33.061
 10
112.391
 20
32.768
 10
111.414
 20
32.671
 10
111.219
 20
32.573
 10
110.633
 20
32.573
 10
109.656
 20
32.378
 10
108.289
 20
32.378
 10
107.771
 20
32.641
 10
107.41
 20
33.257
 10
107.41
 20
34.819
 10
107.341
 20
34.946
 10
104.577
 20
36.089
 10
101.774
 20
37.388
 10
101.94
 20
37.456
 10
102.233
 20
37.359
 10
107.019
 20
35.308
 10
107.38
 20
35.337
 10
107.507
 20
35.601
 10
107.605
 20
35.894
 10
107.507
 20
36.284
 10
107.507
 20
37.066
 10
107.703
 20
37.749
 10
107.703
 20
38.14
 10
108.093
 20
39.312
 10
108.582
 20
40.191
 10
108.582
 20
40.386
 10
108.513
 20
40.513
 10
108.093
 20
40.679
 10
107.117
 20
40.679
 10
106.921
 20
40.582
 10
106.531
 20
40.582
 10
105.847
 20
40.289
 10
105.622
 20
40.357
 10
104.968
 20
41.851
 10
104.743
 20
42.701
 10
104.509
 20
43.053
 10
104.187
 20
43.219
 10
103.308
 20
43.414
 10
102.819
 20
43.414
 10
102.429
 20
43.707
 10
102.009
 20
43.639
 10
101.384
 20
42.408
 10
101.032
 20
41.881
 10
100.671
 20
40.972
 10
100.28
 20
40.289
 10
100.085
 20
39.8
 10
100.085
 20
39.507
 10
99.889
 20
39.117
 10
99.889
 20
38.824
 10
100.055
 20
38.502
 10
100.348
 20
38.209
 10
101.716
 20
37.486
 10
101.354
 20
37.554
 10
100.251
 20
38.111
 10
99.958
 20
38.404
 10
99.792
 20
38.726
 10
99.792
 20
39.312
 10
100.085
 20
40.191
 10
101.94
 20
43.902
 10
101.325
 20
44.166
 10
101.257
 20
44.684
 10
101.677
 20
45.241
 10
101.872
 20
45.338
 10
102.497
 20
45.983
 10
103.044
 20
46.315
 10
103.278
 20
46.276
 10
105.72
 20
51.257
 10
105.915
 20
51.55
 97
0
 92
3
 72
0
 73
1
 93
12
 10
106.335
 20
51.032
 10
106.169
 20
50.905
 10
105.066
 20
48.493
 10
105.359
 20
48.297
 10
105.749
 20
48.297
 10
107.117
 20
47.614
 10
107.605
 20
47.516
 10
107.83
 20
47.682
 10
108.748
 20
49.596
 10
109.041
 20
49.929
 10
108.875
 20
50.153
 10
106.921
 20
50.934
 97
0
 92
3
 72
0
 73
1
 93
12
 10
106.56
 20
50.319
 10
107.048
 20
50.28
 10
107.341
 20
50.085
 10
107.439
 20
49.792
 10
107.576
 20
49.694
 10
107.312
 20
49.762
 10
106.755
 20
49.245
 10
106.335
 20
49.176
 10
106.14
 20
48.981
 10
106.042
 20
49.079
 10
106.238
 20
49.469
 10
106.14
 20
49.665
 97
0
 92
3
 72
0
 73
1
 93
17
 10
110.047
 20
49.567
 10
109.754
 20
49.274
 10
109.754
 20
49.079
 10
108.777
 20
46.93
 10
108.875
 20
46.832
 10
109.168
 20
46.832
 10
110.144
 20
46.539
 10
111.023
 20
46.051
 10
111.414
 20
45.953
 10
111.707
 20
46.246
 10
112.0
 20
47.125
 10
111.971
 20
47.545
 10
112.166
 20
47.545
 10
112.225
 20
48.073
 10
112.518
 20
48.171
 10
112.684
 20
48.493
 10
111.316
 20
49.176
 97
0
 92
3
 72
0
 73
1
 93
21
 10
104.577
 20
47.418
 10
104.284
 20
47.125
 10
103.698
 20
45.758
 10
103.698
 20
45.465
 10
103.825
 20
45.299
 10
103.962
 20
45.338
 10
104.773
 20
44.977
 10
105.036
 20
45.006
 10
105.163
 20
45.27
 10
105.261
 20
45.172
 10
105.329
 20
44.752
 10
105.525
 20
44.557
 10
105.749
 20
44.488
 10
106.013
 20
44.713
 10
106.072
 20
45.143
 10
106.365
 20
45.338
 10
106.462
 20
45.631
 10
106.892
 20
45.787
 10
107.283
 20
46.217
 10
107.146
 20
46.373
 10
106.628
 20
46.637
 97
0
 92
3
 72
0
 73
1
 93
25
 10
103.083
 20
45.924
 10
102.79
 20
45.787
 10
101.813
 20
44.811
 10
101.677
 20
44.518
 10
102.595
 20
44.166
 10
102.79
 20
43.776
 10
103.015
 20
43.609
 10
103.796
 20
43.609
 10
104.284
 20
43.512
 10
104.802
 20
43.248
 10
105.066
 20
42.73
 10
105.359
 20
41.461
 10
105.72
 20
40.748
 10
106.14
 20
40.679
 10
106.921
 20
40.875
 10
108.191
 20
40.875
 10
108.679
 20
40.679
 10
108.904
 20
40.846
 10
109.334
 20
41.49
 10
109.07
 20
41.656
 10
106.824
 20
41.558
 10
106.501
 20
41.725
 10
105.29
 20
44.029
 10
103.669
 20
44.948
 10
103.376
 20
45.241
 97
0
 92
3
 72
0
 73
1
 93
34
 10
108.386
 20
45.66
 10
108.162
 20
45.494
 10
107.996
 20
45.172
 10
107.146
 20
43.15
 10
107.703
 20
42.828
 10
109.656
 20
42.047
 10
109.851
 20
42.34
 10
109.851
 20
42.633
 10
110.047
 20
43.121
 10
109.978
 20
43.541
 10
109.656
 20
43.805
 10
109.724
 20
44.069
 10
109.392
 20
44.069
 10
109.265
 20
43.805
 10
109.07
 20
44.098
 10
108.943
 20
43.736
 10
108.484
 20
43.707
 10
108.289
 20
43.805
 10
108.162
 20
43.541
 10
107.996
 20
43.512
 10
107.8
 20
43.707
 10
108.025
 20
44.459
 10
108.582
 20
45.074
 10
109.168
 20
44.879
 10
109.461
 20
44.684
 10
109.724
 20
44.655
 10
109.783
 20
44.322
 10
110.047
 20
44.391
 10
110.242
 20
44.195
 10
110.76
 20
44.264
 10
110.926
 20
44.586
 10
110.437
 20
44.879
 10
110.144
 20
44.879
 10
109.851
 20
45.074
 97
0
 92
3
 72
0
 73
1
 93
8
 10
117.665
 20
44.879
 10
117.538
 20
44.811
 10
117.274
 20
44.195
 10
117.636
 20
43.873
 10
117.86
 20
43.805
 10
118.055
 20
44.098
 10
118.153
 20
44.488
 10
117.987
 20
44.713
 97
0
 92
3
 72
0
 73
1
 93
45
 10
115.028
 20
44.195
 10
114.832
 20
44.098
 10
114.344
 20
44.098
 10
113.367
 20
43.805
 10
111.092
 20
42.467
 10
110.017
 20
41.49
 10
109.041
 20
40.123
 10
108.191
 20
38.335
 10
108.191
 20
38.042
 10
107.996
 20
37.554
 10
107.996
 20
37.163
 10
107.8
 20
36.48
 10
107.898
 20
33.647
 10
108.162
 20
33.032
 10
108.709
 20
32.895
 10
109.949
 20
32.964
 10
110.73
 20
33.159
 10
111.707
 20
33.159
 10
112.098
 20
33.354
 10
112.391
 20
33.354
 10
112.684
 20
33.55
 10
112.879
 20
33.55
 10
113.397
 20
33.911
 10
113.494
 20
34.106
 10
113.787
 20
34.204
 10
113.924
 20
34.458
 10
114.569
 20
34.79
 10
115.096
 20
35.239
 10
115.291
 20
35.279
 10
115.125
 20
35.015
 10
115.252
 20
34.985
 10
116.131
 20
35.865
 10
116.62
 20
36.548
 10
116.883
 20
37.456
 10
117.499
 20
38.306
 10
117.665
 20
38.726
 10
117.762
 20
39.41
 10
118.153
 20
40.679
 10
118.153
 20
41.851
 10
117.889
 20
42.662
 10
117.596
 20
43.248
 10
117.303
 20
43.541
 10
116.913
 20
43.834
 10
116.004
 20
44.195
 10
115.194
 20
44.127
 97
0
 92
3
 72
0
 73
1
 93
10
 10
113.787
 20
42.897
 10
114.022
 20
42.857
 10
112.322
 20
41.725
 10
112.225
 20
41.529
 10
111.15
 20
40.513
 10
111.121
 20
40.679
 10
111.482
 20
41.197
 10
112.068
 20
41.588
 10
112.752
 20
42.271
 10
113.729
 20
42.76
 97
0
 92
3
 72
0
 73
1
 93
5
 10
115.545
 20
40.748
 10
115.614
 20
40.679
 10
115.35
 20
40.26
 10
115.057
 20
40.025
 10
115.096
 20
40.22
 97
0
 92
3
 72
0
 73
1
 93
10
 10
117.401
 20
40.748
 10
117.567
 20
40.679
 10
117.372
 20
40.191
 10
117.372
 20
39.8
 10
116.913
 20
38.697
 10
115.975
 20
37.388
 10
115.448
 20
36.9
 10
115.487
 20
37.193
 10
116.034
 20
37.916
 10
116.522
 20
38.795
 97
0
 92
3
 72
0
 73
1
 93
5
 10
109.783
 20
38.697
 10
108.904
 20
36.802
 10
108.875
 20
36.968
 10
109.07
 20
37.554
 10
109.431
 20
38.267
 97
0
 92
3
 72
0
 73
1
 93
15
 10
112.42
 20
37.037
 10
112.488
 20
36.968
 10
112.42
 20
36.841
 10
112.127
 20
36.451
 10
111.58
 20
36.021
 10
111.443
 20
35.767
 10
111.189
 20
35.63
 10
110.564
 20
34.985
 10
109.881
 20
34.653
 10
110.017
 20
34.946
 10
110.31
 20
35.239
 10
110.564
 20
35.376
 10
111.189
 20
36.021
 10
111.443
 20
36.158
 10
112.068
 20
36.802
 97
0
 92
3
 72
0
 73
1
 93
11
 10
114.666
 20
36.158
 10
114.735
 20
36.089
 10
114.666
 20
35.962
 10
114.373
 20
35.572
 10
113.299
 20
34.595
 10
111.609
 20
33.745
 10
110.633
 20
33.452
 10
110.467
 20
33.481
 10
110.467
 20
33.618
 10
110.896
 20
33.872
 10
112.615
 20
34.692
 97
0
 75
0
 76
1
 98
0
  0
LWPOLYLINE
  5
53
330
17
100
AcDbEntity
  8
CUT
100
AcDbPolyline
 90
23
 70
1
 10
130.455
 20
53.328
 10
134.281
 20
53.338
 10
139.903
 20
50.999
 10
141.552
 20
50.001
 10
141.859
 20
47.211
 10
145.282
 20
47.135
 10
146.228
 20
46.559
 10
146.287
 20
39.201
 10
145.714
 20
36.411
 10
144.147
 20
33.713
 10
141.698
 20
31.701
 10
140.11
 20
31.092
 10
137.106
 20
30.648
 10
132.703
 20
30.658
 10
131.748
 20
31.4
 10
131.284
 20
33.354
 10
125.506
 20
35.899
 10
124.196
 20
36.756
 10
124.066
 20
40.968
 10
125.436
 20
44.296
 10
125.595
 20
46.419
 10
127.657
 20
48.303
 10
129.823
 20
52.675
  0
HATCH
  5
54
330
17
100
AcDbEntity
  8
RASTER
 62
7
100
AcDbHatch
 10
0.0
 20
0.0
 30
0.0
210
0.0
220
0.0
230
1.0
  2
SOLID
 70
1
 71
0
 91
15
 92
3
 72
0
 73
1
 93
99
 10
132.115
 20
51.687
 10
132.477
 20
51.716
 10
133.453
 20
51.325
 10
138.727
 20
49.079
 10
139.733
 20
48.522
 10
139.997
 20
47.907
 10
138.171
 20
43.736
 10
138.923
 20
44.098
 10
140.583
 20
44.586
 10
141.853
 20
44.684
 10
142.634
 20
44.488
 10
142.859
 20
44.655
 10
143.093
 20
45.201
 10
143.318
 20
45.367
 10
143.904
 20
45.367
 10
144.421
 20
45.104
 10
144.587
 20
44.781
 10
144.587
 20
44.195
 10
144.49
 20
43.902
 10
144.226
 20
43.385
 10
144.031
 20
43.19
 10
144.49
 20
42.242
 10
144.587
 20
41.754
 10
144.587
 20
40.679
 10
144.49
 20
40.484
 10
144.392
 20
39.507
 10
143.806
 20
37.554
 10
143.347
 20
36.646
 10
142.37
 20
35.279
 10
141.296
 20
34.204
 10
140.417
 20
33.618
 10
139.313
 20
33.061
 10
138.337
 20
32.768
 10
137.36
 20
32.671
 10
137.165
 20
32.573
 10
136.579
 20
32.573
 10
135.602
 20
32.378
 10
134.235
 20
32.378
 10
133.717
 20
32.641
 10
133.356
 20
33.257
 10
133.356
 20
34.819
 10
133.287
 20
34.946
 10
130.523
 20
36.089
 10
127.72
 20
37.388
 10
127.886
 20
37.456
 10
128.179
 20
37.359
 10
132.965
 20
35.308
 10
133.326
 20
35.337
 10
133.453
 20
35.601
 10
133.551
 20
35.894
 10
133.453
 20
36.284
 10
133.453
 20
37.066
 10
133.649
 20
37.749
 10
133.649
 20
38.14
 10
134.039
 20
39.312
 10
134.528
 20
40.191
 10
134.528
 20
40.386
 10
134.459
 20
40.513
 10
134.039
 20
40.679
 10
133.063
 20
40.679
 10
132.867
 20
40.582
 10
132.477
 20
40.582
 10
131.793
 20
40.289
 10
131.568
 20
40.357
 10
130.914
 20
41.851
 10
130.689
 20
42.701
 10
130.455
 20
43.053
 10
130.133
 20
43.219
 10
129.254
 20
43.414
 10
128.765
 20
43.414
 10
128.375
 20
43.707
 10
127.955
 20
43.639
 10
127.329
 20
42.408
 10
126.978
 20
41.881
 10
126.617
 20
40.972
 10
126.226
 20
40.289
 10
126.031
 20
39.8
 10
126.031
 20
39.507
 10
125.835
 20
39.117
 10
125.835
 20
38.824
 10
126.001
 20
38.502
 10
126.294
 20
38.209
 10
127.662
 20
37.486
 10
127.3
 20
37.554
 10
126.197
 20
38.111
 10
125.904
 20
38.404
 10
125.738
 20
38.726
 10
125.738
 20
39.312
 10
126.031
 20
40.191
 10
127.886
 20
43.902
 10
127.271
 20
44.166
 10
127.203
 20
44.684
 10
127.622
 20
45.241
 10
127.818
 20
45.338
 10
128.443
 20
45.983
 10
128.99
 20
46.315
 10
129.224
 20
46.276
 10
131.666
 20
51.257
 10
131.861
 20
51.55
 97
0
 92
3
 72
0
 73
1
 93
12
 10
132.281
 20
51.032
 10
132.115
 20
50.905
 10
131.012
 20
48.493
 10
131.305
 20
48.297
 10
131.695
 20
48.297
 10
133.063
 20
47.614
 10
133.551
 20
47.516
 10
133.775
 20
47.682
 10
134.694
 20
49.596
 10
134.987
 20
49.929
 10
134.821
 20
50.153
 10
132.867
 20
50.934
 97
0
 92
3
 72
0
 73
1
 93
12
 10
132.506
 20
50.319
 10
132.994
 20
50.28
 10
133.287
 20
50.085
 10
133.385
 20
49.792
 10
133.522
 20
49.694
 10
133.258
 20
49.762
 10
132.701
 20
49.245
 10
132.281
 20
49.176
 10
132.086
 20
48.981
 10
131.988
 20
49.079
 10
132.184
 20
49.469
 10
132.086
 20
49.665
 97
0
 92
3
 72
0
 73
1
 93
17
 10
135.993
 20
49.567
 10
135.7
 20
49.274
 10
135.7
 20
49.079
 10
134.723
 20
46.93
 10
134.821
 20
46.832
 10
135.114
 20
46.832
 10
136.09
 20
46.539
 10
136.969
 20
46.051
 10
137.36
 20
45.953
 10
137.653
 20
46.246
 10
137.946
 20
47.125
 10
137.917
 20
47.545
 10
138.112
 20
47.545
 10
138.171
 20
48.073
 10
138.464
 20
48.171
 10
138.63
 20
48.493
 10
137.262
 20
49.176
 97
0
 92
3
 72
0
 73
1
 93
21
 10
130.523
 20
47.418
 10
130.23
 20
47.125
 10
129.644
 20
45.758
 10
129.644
 20
45.465
 10
129.771
 20
45.299
 10
129.908
 20
45.338
 10
130.719
 20
44.977
 10
130.982
 20
45.006
 10
131.109
 20
45.27
 10
131.207
 20
45.172
 10
131.275
 20
44.752
 10
131.471
 20
44.557
 10
131.695
 20
44.488
 10
131.959
 20
44.713
 10
132.017
 20
45.143
 10
132.31
 20
45.338
 10
132.408
 20
45.631
 10
132.838
 20
45.787
 10
133.229
 20
46.217
 10
133.092
 20
46.373
 10
132.574
 20
46.637
 97
0
 92
3
 72
0
 73
1
 93
25
 10
129.029
 20
45.924
 10
128.736
 20
45.787
 10
127.759
 20
44.811
 10
127.622
 20
44.518
 10
128.541
 20
44.166
 10
128.736
 20
43.776
 10
128.961
 20
43.609
 10
129.742
 20
43.609
 10
130.23
 20
43.512
 10
130.748
 20
43.248
 10
131.012
 20
42.73
 10
131.305
 20
41.461
 10
131.666
 20
40.748
 10
132.086
 20
40.679
 10
132.867
 20
40.875
 10
134.137
 20
40.875
 10
134.625
 20
40.679
 10
134.85
 20
40.846
 10
135.28
 20
41.49
 10
135.016
 20
41.656
 10
132.77
 20
41.558
 10
132.447
 20
41.725
 10
131.236
 20
44.029
 10
129.615
 20
44.948
 10
129.322
 20
45.241
 97
0
 92
3
 72
0
 73
1
 93
34
 10
134.332
 20
45.66
 10
134.108
 20
45.494
 10
133.942
 20
45.172
 10
133.092
 20
43.15
 10
133.649
 20
42.828
 10
135.602
 20
42.047
 10
135.797
 20
42.34
 10
135.797
 20
42.633
 10
135.993
 20
43.121
 10
135.924
 20
43.541
 10
135.602
 20
43.805
 10
135.67
 20
44.069
 10
135.338
 20
44.069
 10
135.211
 20
43.805
 10
135.016
 20
44.098
 10
134.889
 20
43.736
 10
134.43
 20
43.707
 10
134.235
 20
43.805
 10
134.108
 20
43.541
 10
133.942
 20
43.512
 10
133.746
 20
43.707
 10
133.971
 20
44.459
 10
134.528
 20
45.074
 10
135.114
 20
44.879
 10
135.407
 20
44.684
 10
135.67
 20
44.655
 10
135.729
 20
44.322
 10
135.993
 20
44.391
 10
136.188
 20
44.195
 10
136.705
 20
44.264
 10
136.872
 20
44.586
 10
136.383
 20
44.879
 10
136.09
 20
44.879
 10
135.797
 20
45.074
 97
0
 92
3
 72
0
 73
1
 93
8
 10
143.611
 20
44.879
 10
143.484
 20
44.811
 10
143.22
 20
44.195
 10
143.581
 20
43.873
 10
143.806
 20
43.805
 10
144.001
 20
44.098
 10
144.099
 20
44.488
 10
143.933
 20
44.713
 97
0
 92
3
 72
0
 73
1
 93
45
 10
140.974
 20
44.195
 10
140.778
 20
44.098
 10
140.29
 20
44.098
 10
139.313
 20
43.805
 10
137.038
 20
42.467
 10
135.963
 20
41.49
 10
134.987
 20
40.123
 10
134.137
 20
38.335
 10
134.137
 20
38.042
 10
133.942
 20
37.554
 10
133.942
 20
37.163
 10
133.746
 20
36.48
 10
133.844
 20
33.647
 10
134.108
 20
33.032
 10
134.654
 20
32.895
 10
135.895
 20
32.964
 10
136.676
 20
33.159
 10
137.653
 20
33.159
 10
138.044
 20
33.354
 10
138.337
 20
33.354
 10
138.63
 20
33.55
 10
138.825
 20
33.55
 10
139.343
 20
33.911
 10
139.44
 20
34.106
 10
139.733
 20
34.204
 10
139.87
 20
34.458
 10
140.515
 20
34.79
 10
141.042
 20
35.239
 10
141.237
 20
35.279
 10
141.071
 20
35.015
 10
141.198
 20
34.985
 10
142.077
 20
35.865
 10
142.566
 20
36.548
 10
142.829
 20
37.456
 10
143.445
 20
38.306
 10
143.611
 20
38.726
 10
143.708
 20
39.41
 10
144.099
 20
40.679
 10
144.099
 20
41.851
 10
143.835
 20
42.662
 10
143.542
 20
43.248
 10
143.249
 20
43.541
 10
142.859
 20
43.834
 10
141.95
 20
44.195
 10
141.14
 20
44.127
 97
0
 92
3
 72
0
 73
1
 93
10
 10
139.733
 20
42.897
 10
139.968
 20
42.857
 10
138.268
 20
41.725
 10
138.171
 20
41.529
 10
137.096
 20
40.513
 10
137.067
 20
40.679
 10
137.428
 20
41.197
 10
138.014
 20
41.588
 10
138.698
 20
42.271
 10
139.675
 20
42.76
 97
0
 92
3
 72
0
 73
1
 93
5
 10
141.491
 20
40.748
 10
141.56
 20
40.679
 10
141.296
 20
40.26
 10
141.003
 20
40.025
 10
141.042
 20
40.22
 97
0
 92
3
 72
0
 73
1
 93
10
 10
143.347
 20
40.748
 10
143.513
 20
40.679
 10
143.318
 20
40.191
 10
143.318
 20
39.8
 10
142.859
 20
38.697
 10
141.921
 20
37.388
 10
141.394
 20
36.9
 10
141.433
 20
37.193
 10
141.98
 20
37.916
 10
142.468
 20
38.795
 97
0
 92
3
 72
0
 73
1
 93
5
 10
135.729
 20
38.697
 10
134.85
 20
36.802
 10
134.821
 20
36.968
 10
135.016
 20
37.554
 10
135.377
 20
38.267
 97
0
 92
3
 72
0
 73
1
 93
15
 10
138.366
 20
37.037
 10
138.434
 20
36.968
 10
138.366
 20
36.841
 10
138.073
 20
36.451
 10
137.526
 20
36.021
 10
137.389
 20
35.767
 10
137.135
 20
35.63
 10
136.51
 20
34.985
 10
135.826
 20
34.653
 10
135.963
 20
34.946
 10
136.256
 20
35.239
 10
136.51
 20
35.376
 10
137.135
 20
36.021
 10
137.389
 20
36.158
 10
138.014
 20
36.802
 97
0
 92
3
 72
0
 73
1
 93
11
 10
140.612
 20
36.158
 10
140.681
 20
36.089
 10
140.612
 20
35.962
 10
140.319
 20
35.572
 10
139.245
 20
34.595
 10
137.555
 20
33.745
 10
136.579
 20
33.452
 10
136.412
 20
33.481
 10
136.412
 20
33.618
 10
136.842
 20
33.872
 10
138.561
 20
34.692
 97
0
 75
0
 76
1
 98
0
  0
LWPOLYLINE
  5
55
330
17
100
AcDbEntity
  8
CUT
100
AcDbPolyline
 90
23
 70
1
 10
156.401
 20
53.328
 10
160.227
 20
53.338
 10
165.849
 20
50.999
 10
167.498
 20
50.001
 10
167.805
 20
47.211
 10
171.227
 20
47.135
 10
172.174
 20
46.559
 10
172.233
 20
39.201
 10
171.659
 20
36.411
 10
170.092
 20
33.713
 10
167.644
 20
31.701
 10
166.056
 20
31.092
 10
163.052
 20
30.648
 10
158.648
 20
30.658
 10
157.694
 20
31.4
 10
157.23
 20
33.354
 10
151.451
 20
35.899
 10
150.142
 20
36.756
 10
150.012
 20
40.968
 10
151.382
 20
44.296
 10
151.54
 20
46.419
 10
153.603
 20
48.303
 10
155.769
 20
52.675
  0
HATCH
  5
56
330
17
100
AcDbEntity
  8
RASTER
 62
7
100
AcDbHatch
 10
0.0
 20
0.0
 30
0.0
210
0.0
220
0.0
230
1.0
  2
SOLID
 70
1
 71
0
 91
15
 92
3
 72
0
 73
1
 93
99
 10
158.061
 20
51.687
 10
158.422
 20
51.716
 10
159.399
 20
51.325
 10
164.673
 20
49.079
 10
165.679
 20
48.522
 10
165.943
 20
47.907
 10
164.116
 20
43.736
 10
164.868
 20
44.098
 10
166.529
 20
44.586
 10
167.798
 20
44.684
 10
168.58
 20
44.488
 10
168.804
 20
44.655
 10
169.039
 20
45.201
 10
169.263
 20
45.367
 10
169.849
 20
45.367
 10
170.367
 20
45.104
 10
170.533
 20
44.781
 10
170.533
 20
44.195
 10
170.435
 20
43.902
 10
170.172
 20
43.385
 10
169.976
 20
43.19
 10
170.435
 20
42.242
 10
170.533
 20
41.754
 10
170.533
 20
40.679
 10
170.435
 20
40.484
 10
170.338
 20
39.507
 10
169.752
 20
37.554
 10
169.293
 20
36.646
 10
168.316
 20
35.279
 10
167.242
 20
34.204
 10
166.363
 20
33.618
 10
165.259
 20
33.061
 10
164.282
 20
32.768
 10
163.306
 20
32.671
 10
163.11
 20
32.573
 10
162.524
 20
32.573
 10
161.548
 20
32.378
 10
160.18
 20
32.378
 10
159.663
 20
32.641
 10
159.301
 20
33.257
 10
159.301
 20
34.819
 10
159.233
 20
34.946
 10
156.469
 20
36.089
 10
153.666
 20
37.388
 10
153.832
 20
37.456
 10
154.125
 20
37.359
 10
158.911
 20
35.308
 10
159.272
 20
35.337
 10
159.399
 20
35.601
 10
159.497
 20
35.894
 10
159.399
 20
36.284
 10
159.399
 20
37.066
 10
159.594
 20
37.749
 10
159.594
 20
38.14
 10
159.985
 20
39.312
 10
160.473
 20
40.191
 10
160.473
 20
40.386
 10
160.405
 20
40.513
 10
159.985
 20
40.679
 10
159.008
 20
40.679
 10
158.813
 20
40.582
 10
158.422
 20
40.582
 10
157.739
 20
40.289
 10
157.514
 20
40.357
 10
156.86
 20
41.851
 10
156.635
 20
42.701
 10
156.401
 20
43.053
 10
156.078
 20
43.219
 10
155.199
 20
43.414
 10
154.711
 20
43.414
 10
154.32
 20
43.707
 10
153.9
 20
43.639
 10
153.275
 20
42.408
 10
152.924
 20
41.881
 10
152.562
 20
40.972
 10
152.172
 20
40.289
 10
151.976
 20
39.8
 10
151.976
 20
39.507
 10
151.781
 20
39.117
 10
151.781
 20
38.824
 10
151.947
 20
38.502
 10
152.24
 20
38.209
 10
153.607
 20
37.486
 10
153.246
 20
37.554
 10
152.142
 20
38.111
 10
151.849
 20
38.404
 10
151.683
 20
38.726
 10
151.683
 20
39.312
 10
151.976
 20
40.191
 10
153.832
 20
43.902
 10
153.217
 20
44.166
 10
153.148
 20
44.684
 10
153.568
 20
45.241
 10
153.764
 20
45.338
 10
154.389
 20
45.983
 10
154.936
 20
46.315
 10
155.17
 20
46.276
 10
157.612
 20
51.257
 10
157.807
 20
51.55
 97
0
 92
3
 72
0
 73
1
 93
12
 10
158.227
 20
51.032
 10
158.061
 20
50.905
 10
156.957
 20
48.493
 10
157.25
 20
48.297
 10
157.641
 20
48.297
 10
159.008
 20
47.614
 10
159.497
 20
47.516
 10
159.721
 20
47.682
 10
160.639
 20
49.596
 10
160.932
 20
49.929
 10
160.766
 20
50.153
 10
158.813
 20
50.934
 97
0
 92
3
 72
0
 73
1
 93
12
 10
158.452
 20
50.319
 10
158.94
 20
50.28
 10
159.233
 20
50.085
 10
159.331
 20
49.792
 10
159.467
 20
49.694
 10
159.204
 20
49.762
 10
158.647
 20
49.245
 10
158.227
 20
49.176
 10
158.032
 20
48.981
 10
157.934
 20
49.079
 10
158.129
 20
49.469
 10
158.032
 20
49.665
 97
0
 92
3
 72
0
 73
1
 93
17
 10
161.938
 20
49.567
 10
161.645
 20
49.274
 10
161.645
 20
49.079
 10
160.669
 20
46.93
 10
160.766
 20
46.832
 10
161.059
 20
46.832
 10
162.036
 20
46.539
 10
162.915
 20
46.051
 10
163.306
 20
45.953
 10
163.599
 20
46.246
 10
163.892
 20
47.125
 10
163.862
 20
47.545
 10
164.058
 20
47.545
 10
164.116
 20
48.073
 10
164.409
 20
48.171
 10
164.575
 20
48.493
 10
163.208
 20
49.176
 97
0
 92
3
 72
0
 73
1
 93
21
 10
156.469
 20
47.418
 10
156.176
 20
47.125
 10
155.59
 20
45.758
 10
155.59
 20
45.465
 10
155.717
 20
45.299
 10
155.854
 20
45.338
 10
156.664
 20
44.977
 10
156.928
 20
45.006
 10
157.055
 20
45.27
 10
157.153
 20
45.172
 10
157.221
 20
44.752
 10
157.416
 20
44.557
 10
157.641
 20
44.488
 10
157.905
 20
44.713
 10
157.963
 20
45.143
 10
158.256
 20
45.338
 10
158.354
 20
45.631
 10
158.784
 20
45.787
 10
159.174
 20
46.217
 10
159.038
 20
46.373
 10
158.52
 20
46.637
 97
0
 92
3
 72
0
 73
1
 93
25
 10
154.975
 20
45.924
 10
154.682
 20
45.787
 10
153.705
 20
44.811
 10
153.568
 20
44.518
 10
154.486
 20
44.166
 10
154.682
 20
43.776
 10
154.906
 20
43.609
 10
155.688
 20
43.609
 10
156.176
 20
43.512
 10
156.694
 20
43.248
 10
156.957
 20
42.73
 10
157.25
 20
41.461
 10
157.612
 20
40.748
 10
158.032
 20
40.679
 10
158.813
 20
40.875
 10
160.083
 20
40.875
 10
160.571
 20
40.679
 10
160.796
 20
40.846
 10
161.225
 20
41.49
 10
160.962
 20
41.656
 10
158.715
 20
41.558
 10
158.393
 20
41.725
 10
157.182
 20
44.029
 10
155.561
 20
44.948
 10
155.268
 20
45.241
 97
0
 92
3
 72
0
 73
1
 93
34
 10
160.278
 20
45.66
 10
160.053
 20
45.494
 10
159.887
 20
45.172
 10
159.038
 20
43.15
 10
159.594
 20
42.828
 10
161.548
 20
42.047
 10
161.743
 20
42.34
 10
161.743
 20
42.633
 10
161.938
 20
43.121
 10
161.87
 20
43.541
 10
161.548
 20
43.805
 10
161.616
 20
44.069
 10
161.284
 20
44.069
 10
161.157
 20
43.805
 10
160.962
 20
44.098
 10
160.835
 20
43.736
 10
160.376
 20
43.707
 10
160.18
 20
43.805
 10
160.053
 20
43.541
 10
159.887
 20
43.512
 10
159.692
 20
43.707
 10
159.917
 20
44.459
 10
160.473
 20
45.074
 10
161.059
 20
44.879
 10
161.352
 20
44.684
 10
161.616
 20
44.655
 10
161.675
 20
44.322
 10
161.938
 20
44.391
 10
162.134
 20
44.195
 10
162.651
 20
44.264
 10
162.817
 20
44.586
 10
162.329
 20
44.879
 10
162.036
 20
44.879
 10
161.743
 20
45.074
 97
0
 92
3
 72
0
 73
1
 93
8
 10
169.556
 20
44.879
 10
169.429
 20
44.811
 10
169.166
 20
44.195
 10
169.527
 20
43.873
 10
169.752
 20
43.805
 10
169.947
 20
44.098
 10
170.045
 20
44.488
 10
169.879
 20
44.713
 97
0
 92
3
 72
0
 73
1
 93
45
 10
166.919
 20
44.195
 10
166.724
 20
44.098
 10
166.236
 20
44.098
 10
165.259
 20
43.805
 10
162.983
 20
42.467
 10
161.909
 20
41.49
 10
160.932
 20
40.123
 10
160.083
 20
38.335
 10
160.083
 20
38.042
 10
159.887
 20
37.554
 10
159.887
 20
37.163
 10
159.692
 20
36.48
 10
159.79
 20
33.647
 10
160.053
 20
33.032
 10
160.6
 20
32.895
 10
161.841
 20
32.964
 10
162.622
 20
33.159
 10
163.599
 20
33.159
 10
163.989
 20
33.354
 10
164.282
 20
33.354
 10
164.575
 20
33.55
 10
164.771
 20
33.55
 10
165.288
 20
33.911
 10
165.386
 20
34.106
 10
165.679
 20
34.204
 10
165.816
 20
34.458
 10
166.46
 20
34.79
 10
166.988
 20
35.239
 10
167.183
 20
35.279
 10
167.017
 20
35.015
 10
167.144
 20
34.985
 10
168.023
 20
35.865
 10
168.511
 20
36.548
 10
168.775
 20
37.456
 10
169.39
 20
38.306
 10
169.556
 20
38.726
 10
169.654
 20
39.41
 10
170.045
 20
40.679
 10
170.045
 20
41.851
 10
169.781
 20
42.662
 10
169.488
 20
43.248
 10
169.195
 20
43.541
 10
168.804
 20
43.834
 10
167.896
 20
44.195
 10
167.085
 20
44.127
 97
0
 92
3
 72
0
 73
1
 93
10
 10
165.679
 20
42.897
 10
165.913
 20
42.857
 10
164.214
 20
41.725
 10
164.116
 20
41.529
 10
163.042
 20
40.513
 10
163.013
 20
40.679
 10
163.374
 20
41.197
 10
163.96
 20
41.588
 10
164.644
 20
42.271
 10
165.62
 20
42.76
 97
0
 92
3
 72
0
 73
1
 93
5
 10
167.437
 20
40.748
 10
167.505
 20
40.679
 10
167.242
 20
40.26
 10
166.949
 20
40.025
 10
166.988
 20
40.22
 97
0
 92
3
 72
0
 73
1
 93
10
 10
169.293
 20
40.748
 10
169.459
 20
40.679
 10
169.263
 20
40.191
 10
169.263
 20
39.8
 10
168.804
 20
38.697
 10
167.867
 20
37.388
 10
167.339
 20
36.9
 10
167.378
 20
37.193
 10
167.925
 20
37.916
 10
168.414
 20
38.795
 97
0
 92
3
 72
0
 73
1
 93
5
 10
161.675
 20
38.697
 10
160.796
 20
36.802
 10
160.766
 20
36.968
 10
160.962
 20
37.554
 10
161.323
 20
38.267
 97
0
 92
3
 72
0
 73
1
 93
15
 10
164.312
 20
37.037
 10
164.38
 20
36.968
 10
164.312
 20
36.841
 10
164.019
 20
36.451
 10
163.472
 20
36.021
 10
163.335
 20
35.767
 10
163.081
 20
35.63
 10
162.456
 20
34.985
 10
161.772
 20
34.653
 10
161.909
 20
34.946
 10
162.202
 20
35.239
 10
162.456
 20
35.376
 10
163.081
 20
36.021
 10
163.335
 20
36.158
 10
163.96
 20
36.802
 97
0
 92
3
 72
0
 73
1
 93
11
 10
166.558
 20
36.158
 10
166.626
 20
36.089
 10
166.558
 20
35.962
 10
166.265
 20
35.572
 10
165.191
 20
34.595
 10
163.501
 20
33.745
 10
162.524
 20
33.452
 10
162.358
 20
33.481
 10
162.358
 20
33.618
 10
162.788
 20
33.872
 10
164.507
 20
34.692
 97
0
 75
0
 76
1
 98
0
  0
LWPOLYLINE
  5
57
330
17
100
AcDbEntity
  8
CUT
100
AcDbPolyline
 90
23
 70
1
 10
182.346
 20
53.328
 10
186.173
 20
53.338
 10
191.794
 20
50.999
 10
193.444
 20
50.001
 10
193.75
 20
47.211
 10
197.173
 20
47.135
 10
198.12
 20
46.559
 10
198.179
 20
39.201
 10
197.605
 20
36.411
 10
196.038
 20
33.713
 10
193.589
 20
31.701
 10
192.002
 20
31.092
 10
188.998
 20
30.648
 10
184.594
 20
30.658
 10
183.64
 20
31.4
 10
183.176
 20
33.354
 10
177.397
 20
35.899
 10
176.087
 20
36.756
 10
175.957
 20
40.968
 10
177.327
 20
44.296
 10
177.486
 20
46.419
 10
179.549
 20
48.303
 10
181.715
 20
52.675
  0
HATCH
  5
58
330
17
100
AcDbEntity
  8
RASTER
 62
7
100
AcDbHatch
 10
0.0
 20
0.0
 30
0.0
210
0.0
220
0.0
230
1.0
  2
SOLID
 70
1
 71
0
 91
15
 92
3
 72
0
 73
1
 93
99
 10
184.007
 20
51.687
 10
184.368
 20
51.716
 10
185.345
 20
51.325
 10
190.619
 20
49.079
 10
191.625
 20
48.522
 10
191.888
 20
47.907
 10
190.062
 20
43.736
 10
190.814
 20
44.098
 10
192.474
 20
44.586
 10
193.744
 20
44.684
 10
194.525
 20
44.488
 10
194.75
 20
44.655
 10
194.984
 20
45.201
 10
195.209
 20
45.367
 10
195.795
 20
45.367
 10
196.313
 20
45.104
 10
196.479
 20
44.781
 10
196.479
 20
44.195
 10
196.381
 20
43.902
 10
196.117
 20
43.385
 10
195.922
 20
43.19
 10
196.381
 20
42.242
 10
196.479
 20
41.754
 10
196.479
 20
40.679
 10
196.381
 20
40.484
 10
196.283
 20
39.507
 10
195.697
 20
37.554
 10
195.238
 20
36.646
 10
194.262
 20
35.279
 10
193.187
 20
34.204
 10
192.308
 20
33.618
 10
191.205
 20
33.061
 10
190.228
 20
32.768
 10
189.251
 20
32.671
 10
189.056
 20
32.573
 10
188.47
 20
32.573
 10
187.493
 20
32.378
 10
186.126
 20
32.378
 10
185.608
 20
32.641
 10
185.247
 20
33.257
 10
185.247
 20
34.819
 10
185.179
 20
34.946
 10
182.415
 20
36.089
 10
179.612
 20
37.388
 10
179.778
 20
37.456
 10
180.071
 20
37.359
 10
184.856
 20
35.308
 10
185.218
 20
35.337
 10
185.345
 20
35.601
 10
185.442
 20
35.894
 10
185.345
 20
36.284
 10
185.345
 20
37.066
 10
185.54
 20
37.749
 10
185.54
 20
38.14
 10
185.931
 20
39.312
 10
186.419
 20
40.191
 10
186.419
 20
40.386
 10
186.351
 20
40.513
 10
185.931
 20
40.679
 10
184.954
 20
40.679
 10
184.759
 20
40.582
 10
184.368
 20
40.582
 10
183.684
 20
40.289
 10
183.46
 20
40.357
 10
182.805
 20
41.851
 10
182.581
 20
42.701
 10
182.346
 20
43.053
 10
182.024
 20
43.219
 10
181.145
 20
43.414
 10
180.657
 20
43.414
 10
180.266
 20
43.707
 10
179.846
 20
43.639
 10
179.221
 20
42.408
 10
178.869
 20
41.881
 10
178.508
 20
40.972
 10
178.117
 20
40.289
 10
177.922
 20
39.8
 10
177.922
 20
39.507
 10
177.727
 20
39.117
 10
177.727
 20
38.824
 10
177.893
 20
38.502
 10
178.186
 20
38.209
 10
179.553
 20
37.486
 10
179.192
 20
37.554
 10
178.088
 20
38.111
 10
177.795
 20
38.404
 10
177.629
 20
38.726
 10
177.629
 20
39.312
 10
177.922
 20
40.191
 10
179.778
 20
43.902
 10
179.162
 20
44.166
 10
179.094
 20
44.684
 10
179.514
 20
45.241
 10
179.709
 20
45.338
 10
180.334
 20
45.983
 10
180.881
 20
46.315
 10
181.116
 20
46.276
 10
183.557
 20
51.257
 10
183.753
 20
51.55
 97
0
 92
3
 72
0
 73
1
 93
12
 10
184.173
 20
51.032
 10
184.007
 20
50.905
 10
182.903
 20
48.493
 10
183.196
 20
48.297
 10
183.587
 20
48.297
 10
184.954
 20
47.614
 10
185.442
 20
47.516
 10
185.667
 20
47.682
 10
186.585
 20
49.596
 10
186.878
 20
49.929
 10
186.712
 20
50.153
 10
184.759
 20
50.934
 97
0
 92
3
 72
0
 73
1
 93
12
 10
184.397
 20
50.319
 10
184.886
 20
50.28
 10
185.179
 20
50.085
 10
185.276
 20
49.792
 10
185.413
 20
49.694
 10
185.149
 20
49.762
 10
184.593
 20
49.245
 10
184.173
 20
49.176
 10
183.977
 20
48.981
 10
183.88
 20
49.079
 10
184.075
 20
49.469
 10
183.977
 20
49.665
 97
0
 92
3
 72
0
 73
1
 93
17
 10
187.884
 20
49.567
 10
187.591
 20
49.274
 10
187.591
 20
49.079
 10
186.614
 20
46.93
 10
186.712
 20
46.832
 10
187.005
 20
46.832
 10
187.982
 20
46.539
 10
188.861
 20
46.051
 10
189.251
 20
45.953
 10
189.544
 20
46.246
 10
189.837
 20
47.125
 10
189.808
 20
47.545
 10
190.003
 20
47.545
 10
190.062
 20
48.073
 10
190.355
 20
48.171
 10
190.521
 20
48.493
 10
189.154
 20
49.176
 97
0
 92
3
 72
0
 73
1
 93
21
 10
182.415
 20
47.418
 10
182.122
 20
47.125
 10
181.536
 20
45.758
 10
181.536
 20
45.465
 10
181.663
 20
45.299
 10
181.799
 20
45.338
 10
182.61
 20
44.977
 10
182.874
 20
45.006
 10
183.001
 20
45.27
 10
183.098
 20
45.172
 10
183.167
 20
44.752
 10
183.362
 20
44.557
 10
183.587
 20
44.488
 10
183.85
 20
44.713
 10
183.909
 20
45.143
 10
184.202
 20
45.338
 10
184.3
 20
45.631
 10
184.729
 20
45.787
 10
185.12
 20
46.217
 10
184.983
 20
46.373
 10
184.466
 20
46.637
 97
0
 92
3
 72
0
 73
1
 93
25
 10
180.92
 20
45.924
 10
180.627
 20
45.787
 10
179.651
 20
44.811
 10
179.514
 20
44.518
 10
180.432
 20
44.166
 10
180.627
 20
43.776
 10
180.852
 20
43.609
 10
181.633
 20
43.609
 10
182.122
 20
43.512
 10
182.639
 20
43.248
 10
182.903
 20
42.73
 10
183.196
 20
41.461
 10
183.557
 20
40.748
 10
183.977
 20
40.679
 10
184.759
 20
40.875
 10
186.028
 20
40.875
 10
186.517
 20
40.679
 10
186.741
 20
40.846
 10
187.171
 20
41.49
 10
186.907
 20
41.656
 10
184.661
 20
41.558
 10
184.339
 20
41.725
 10
183.128
 20
44.029
 10
181.506
 20
44.948
 10
181.213
 20
45.241
 97
0
 92
3
 72
0
 73
1
 93
34
 10
186.224
 20
45.66
 10
185.999
 20
45.494
 10
185.833
 20
45.172
 10
184.983
 20
43.15
 10
185.54
 20
42.828
 10
187.493
 20
42.047
 10
187.689
 20
42.34
 10
187.689
 20
42.633
 10
187.884
 20
43.121
 10
187.816
 20
43.541
 10
187.493
 20
43.805
 10
187.562
 20
44.069
 10
187.23
 20
44.069
 10
187.103
 20
43.805
 10
186.907
 20
44.098
 10
186.78
 20
43.736
 10
186.321
 20
43.707
 10
186.126
 20
43.805
 10
185.999
 20
43.541
 10
185.833
 20
43.512
 10
185.638
 20
43.707
 10
185.862
 20
44.459
 10
186.419
 20
45.074
 10
187.005
 20
44.879
 10
187.298
 20
44.684
 10
187.562
 20
44.655
 10
187.62
 20
44.322
 10
187.884
 20
44.391
 10
188.079
 20
44.195
 10
188.597
 20
44.264
 10
188.763
 20
44.586
 10
188.275
 20
44.879
 10
187.982
 20
44.879
 10
187.689
 20
45.074
 97
0
 92
3
 72
0
 73
1
 93
8
 10
195.502
 20
44.879
 10
195.375
 20
44.811
 10
195.111
 20
44.195
 10
195.473
 20
43.873
 10
195.697
 20
43.805
 10
195.893
 20
44.098
 10
195.99
 20
44.488
 10
195.824
 20
44.713
 97
0
 92
3
 72
0
 73
1
 93
45
 10
192.865
 20
44.195
 10
192.67
 20
44.098
 10
192.181
 20
44.098
 10
191.205
 20
43.805
 10
188.929
 20
42.467
 10
187.855
 20
41.49
 10
186.878
 20
40.123
 10
186.028
 20
38.335
 10
186.028
 20
38.042
 10
185.833
 20
37.554
 10
185.833
 20
37.163
 10
185.638
 20
36.48
 10
185.735
 20
33.647
 10
185.999
 20
33.032
 10
186.546
 20
32.895
 10
187.786
 20
32.964
 10
188.568
 20
33.159
 10
189.544
 20
33.159
 10
189.935
 20
33.354
 10
190.228
 20
33.354
 10
190.521
 20
33.55
 10
190.716
 20
33.55
 10
191.234
 20
33.911
 10
191.332
 20
34.106
 10
191.625
 20
34.204
 10
191.761
 20
34.458
 10
192.406
 20
34.79
 10
192.933
 20
35.239
 10
193.129
 20
35.279
 10
192.963
 20
35.015
 10
193.09
 20
34.985
 10
193.969
 20
35.865
 10
194.457
 20
36.548
 10
194.721
 20
37.456
 10
195.336
 20
38.306
 10
195.502
 20
38.726
 10
195.6
 20
39.41
 10
195.99
 20
40.679
 10
195.99
 20
41.851
 10
195.727
 20
42.662
 10
195.434
 20
43.248
 10
195.141
 20
43.541
 10
194.75
 20
43.834
 10
193.842
 20
44.195
 10
193.031
 20
44.127
 97
0
 92
3
 72
0
 73
1
 93
10
 10
191.625
 20
42.897
 10
191.859
 20
42.857
 10
190.16
 20
41.725
 10
190.062
 20
41.529
 10
188.988
 20
40.513
 10
188.958
 20
40.679
 10
189.32
 20
41.197
 10
189.906
 20
41.588
 10
190.589
 20
42.271
 10
191.566
 20
42.76
 97
0
 92
3
 72
0
 73
1
 93
5
 10
193.383
 20
40.748
 10
193.451
 20
40.679
 10
193.187
 20
40.26
 10
192.894
 20
40.025
 10
192.933
 20
40.22
 97
0
 92
3
 72
0
 73
1
 93
10
 10
195.238
 20
40.748
 10
195.404
 20
40.679
 10
195.209
 20
40.191
 10
195.209
 20
39.8
 10
194.75
 20
38.697
 10
193.812
 20
37.388
 10
193.285
 20
36.9
 10
193.324
 20
37.193
 10
193.871
 20
37.916
 10
194.359
 20
38.795
 97
0
 92
3
 72
0
 73
1
 93
5
 10
187.62
 20
38.697
 10
186.741
 20
36.802
 10
186.712
 20
36.968
 10
186.907
 20
37.554
 10
187.269
 20
38.267
 97
0
 92
3
 72
0
 73
1
 93
15
 10
190.257
 20
37.037
 10
190.326
 20
36.968
 10
190.257
 20
36.841
 10
189.964
 20
36.451
 10
189.417
 20
36.021
 10
189.281
 20
35.767
 10
189.027
 20
35.63
 10
188.402
 20
34.985
 10
187.718
 20
34.653
 10
187.855
 20
34.946
 10
188.148
 20
35.239
 10
188.402
 20
35.376
 10
189.027
 20
36.021
 10
189.281
 20
36.158
 10
189.906
 20
36.802
 97
0
 92
3
 72
0
 73
1
 93
11
 10
192.504
 20
36.158
 10
192.572
 20
36.089
 10
192.504
 20
35.962
 10
192.211
 20
35.572
 10
191.136
 20
34.595
 10
189.447
 20
33.745
 10
188.47
 20
33.452
 10
188.304
 20
33.481
 10
188.304
 20
33.618
 10
188.734
 20
33.872
 10
190.453
 20
34.692
 97
0
 75
0
 76
1
 98
0
  0
LWPOLYLINE
  5
59
330
17
100
AcDbEntity
  8
CUT
100
AcDbPolyline
 90
29
 70
1
 10
209.248
 20
53.339
 10
213.432
 20
53.244
 10
215.401
 20
51.195
 10
217.42
 20
52.14
 10
221.543
 20
52.046
 10
223.731
 20
50.411
 10
224.187
 20
48.17
 10
224.962
 20
46.878
 10
225.035
 20
42.996
 10
224.641
 20
41.792
 10
221.984
 20
38.601
 10
221.031
 20
36.343
 10
218.97
 20
35.194
 10
216.051
 20
31.967
 10
215.018
 20
31.386
 10
210.952
 20
31.303
 10
209.117
 20
31.67
 10
207.976
 20
32.448
 10
207.097
 20
33.767
 10
204.67
 20
33.959
 10
203.363
 20
34.564
 10
202.429
 20
35.541
 10
201.903
 20
36.624
 10
201.976
 20
41.977
 10
202.755
 20
43.037
 10
206.589
 20
45.529
 10
206.216
 20
47.205
 10
206.352
 20
51.231
 10
206.886
 20
51.922
  0
HATCH
  5
5A
330
17
100
AcDbEntity
  8
RASTER
 62
7
100
AcDbHatch
 10
0.0
 20
0.0
 30
0.0
210
0.0
220
0.0
230
1.0
  2
SOLID
 70
1
 71
0
 91
15
 92
3
 72
0
 73
1
 93
62
 10
210.79
 20
51.489
 10
211.477
 20
51.52
 10
212.225
 20
51.141
 10
214.683
 20
47.658
 10
217.9
 20
49.809
 10
218.853
 20
50.291
 10
219.673
 20
50.291
 10
220.216
 20
50.014
 10
220.42
 20
49.809
 10
220.769
 20
49.133
 10
221.414
 20
49.061
 10
221.855
 20
48.785
 10
222.234
 20
48.037
 10
222.234
 20
47.115
 10
222.06
 20
46.674
 10
221.855
 20
46.429
 10
222.572
 20
46.121
 10
222.879
 20
45.814
 10
223.258
 20
44.861
 10
223.156
 20
44.144
 10
222.674
 20
43.294
 10
219.949
 20
40.077
 10
219.877
 20
39.329
 10
219.673
 20
38.714
 10
219.396
 20
38.274
 10
218.679
 20
37.659
 10
217.286
 20
37.106
 10
216.835
 20
36.532
 10
216.261
 20
35.979
 10
216.118
 20
35.713
 10
215.339
 20
34.954
 10
215.196
 20
34.688
 10
214.069
 20
33.561
 10
213.321
 20
33.182
 10
211.887
 20
33.182
 10
210.862
 20
33.489
 10
210.012
 20
33.971
 10
209.602
 20
34.381
 10
209.223
 20
35.026
 10
209.12
 20
35.334
 10
209.09
 20
36.532
 10
207.994
 20
35.846
 10
207.276
 20
35.641
 10
206.457
 20
35.743
 10
205.299
 20
36.225
 10
204.992
 20
36.43
 10
204.172
 20
37.352
 10
203.691
 20
38.407
 10
203.691
 20
38.919
 10
203.588
 20
39.124
 10
203.793
 20
40.251
 10
204.275
 20
41.101
 10
210.217
 20
44.892
 10
209.049
 20
46.736
 10
208.475
 20
47.494
 10
208.096
 20
48.242
 10
207.994
 20
48.959
 10
208.332
 20
49.85
 10
208.578
 20
50.117
 10
209.12
 20
50.393
 10
209.704
 20
50.424
 10
210.114
 20
51.141
 97
0
 92
3
 72
0
 73
1
 93
17
 10
210.965
 20
51.008
 10
210.422
 20
50.731
 10
210.247
 20
50.393
 10
210.319
 20
49.953
 10
211.2
 20
48.785
 10
212.675
 20
46.572
 10
214.171
 20
44.585
 10
215.032
 20
43.191
 10
215.913
 20
42.023
 10
216.671
 20
40.835
 10
216.773
 20
40.794
 10
217.183
 20
41.409
 10
217.829
 20
41.685
 10
218.412
 20
41.716
 10
215.749
 20
45.24
 10
212.02
 20
50.629
 10
211.477
 20
51.008
 97
0
 92
3
 72
0
 73
1
 93
25
 10
209.12
 20
49.881
 10
208.782
 20
49.707
 10
208.506
 20
49.164
 10
208.506
 20
48.549
 10
208.68
 20
48.211
 10
212.327
 20
42.843
 10
214.212
 20
39.77
 10
214.622
 20
40.487
 10
214.929
 20
40.794
 10
215.954
 20
41.204
 10
215.913
 20
41.306
 10
213.7
 20
44.216
 10
210.626
 20
48.621
 10
210.483
 20
48.58
 10
210.483
 20
48.723
 10
210.278
 20
48.478
 10
210.422
 20
48.826
 10
210.217
 20
48.682
 10
210.114
 20
48.723
 10
209.5
 20
49.441
 10
209.428
 20
49.574
 10
209.53
 20
49.676
 10
209.971
 20
49.4
 10
209.971
 20
49.502
 10
209.325
 20
49.881
 97
0
 92
3
 72
0
 73
1
 93
17
 10
219.263
 20
49.881
 10
218.853
 20
49.779
 10
218.003
 20
49.297
 10
215.134
 20
47.351
 10
215.062
 20
47.115
 10
215.339
 20
46.674
 10
215.646
 20
46.429
 10
216.466
 20
47.043
 10
218.208
 20
48.068
 10
218.341
 20
48.139
 10
218.515
 20
48.068
 10
218.617
 20
48.211
 10
218.751
 20
47.832
 10
220.011
 20
48.621
 10
220.257
 20
48.887
 10
220.113
 20
49.297
 10
219.908
 20
49.604
 97
0
 92
3
 72
0
 73
1
 93
26
 10
221.004
 20
48.549
 10
220.052
 20
48.068
 10
216.323
 20
45.548
 10
216.364
 20
45.24
 10
217.388
 20
43.908
 10
217.552
 20
43.908
 10
218.781
 20
44.83
 10
218.853
 20
44.964
 10
218.781
 20
45.035
 10
218.371
 20
44.687
 10
218.515
 20
45.035
 10
218.269
 20
44.892
 10
218.31
 20
45.138
 10
217.859
 20
45.097
 10
218.003
 20
45.404
 10
218.412
 20
45.711
 10
219.806
 20
46.572
 10
219.908
 20
46.531
 10
219.98
 20
46.295
 10
220.359
 20
46.367
 10
220.287
 20
46.091
 10
220.359
 20
46.019
 10
221.588
 20
46.838
 10
221.721
 20
47.115
 10
221.721
 20
47.935
 10
221.445
 20
48.478
 97
0
 92
3
 72
0
 73
1
 93
29
 10
221.619
 20
45.886
 10
218.443
 20
42.607
 10
218.822
 20
41.962
 10
219.775
 20
40.763
 10
220.113
 20
41.04
 10
220.257
 20
41.306
 10
220.728
 20
41.757
 10
220.871
 20
42.023
 10
221.926
 20
43.222
 10
221.855
 20
43.294
 10
221.752
 20
43.089
 10
221.076
 20
42.433
 10
220.83
 20
42.433
 10
221.076
 20
42.781
 10
220.728
 20
42.638
 10
220.769
 20
42.884
 10
220.523
 20
42.843
 10
220.728
 20
43.191
 10
221.547
 20
44.011
 10
221.65
 20
43.765
 10
221.752
 20
43.908
 10
221.855
 20
43.765
 10
222.203
 20
43.806
 10
222.029
 20
43.529
 10
222.162
 20
43.499
 10
222.644
 20
44.246
 10
222.746
 20
44.759
 10
222.469
 20
45.507
 10
222.029
 20
45.886
 97
0
 92
3
 72
0
 73
1
 93
11
 10
209.838
 20
44.042
 10
207.246
 20
42.433
 10
206.016
 20
41.614
 10
205.975
 20
41.511
 10
206.692
 20
41.204
 10
207.246
 20
40.63
 10
207.41
 20
40.63
 10
210.483
 20
42.884
 10
210.555
 20
43.12
 10
210.278
 20
43.663
 10
210.073
 20
43.97
 97
0
 92
3
 72
0
 73
1
 93
7
 10
217.931
 20
43.427
 10
217.829
 20
43.324
 10
217.9
 20
43.191
 10
218.136
 20
43.017
 10
218.515
 20
43.355
 10
218.167
 20
43.15
 10
217.962
 20
43.253
 97
0
 92
3
 72
0
 73
1
 93
12
 10
211.344
 20
41.962
 10
211.036
 20
41.818
 10
207.994
 20
39.636
 10
208.639
 20
39.257
 10
209.049
 20
38.745
 10
209.223
 20
38.305
 10
209.254
 20
37.516
 10
210.893
 20
38.786
 10
211.958
 20
39.77
 10
211.989
 20
40.558
 10
211.887
 20
41.071
 10
211.61
 20
41.716
 97
0
 92
3
 72
0
 73
1
 93
47
 10
217.829
 20
41.275
 10
217.49
 20
41.101
 10
217.183
 20
40.794
 10
217.111
 20
40.149
 10
217.388
 20
39.81
 10
217.829
 20
39.739
 10
217.859
 20
39.872
 10
217.521
 20
40.251
 10
217.593
 20
40.589
 10
218.033
 20
40.866
 10
218.679
 20
40.589
 10
218.955
 20
40.046
 10
218.955
 20
39.534
 10
218.781
 20
39.093
 10
218.474
 20
38.684
 10
217.726
 20
38.202
 10
217.009
 20
37.997
 10
216.292
 20
38.1
 10
215.646
 20
38.376
 10
215.339
 20
38.684
 10
215.062
 20
39.329
 10
215.237
 20
39.872
 10
215.575
 20
40.149
 10
216.118
 20
40.077
 10
216.189
 20
39.636
 10
215.984
 20
39.329
 10
216.087
 20
39.227
 10
216.323
 20
39.298
 10
216.599
 20
39.636
 10
216.527
 20
40.384
 10
216.22
 20
40.692
 10
215.78
 20
40.763
 10
215.032
 20
40.384
 10
214.653
 20
39.739
 10
214.653
 20
39.022
 10
214.929
 20
38.479
 10
215.237
 20
38.171
 10
216.292
 20
37.69
 10
217.316
 20
37.69
 10
217.726
 20
37.792
 10
218.679
 20
38.274
 10
218.986
 20
38.581
 10
219.365
 20
39.329
 10
219.365
 20
40.149
 10
219.089
 20
40.692
 10
218.679
 20
41.101
 10
218.341
 20
41.275
 97
0
 92
3
 72
0
 73
1
 93
52
 10
205.637
 20
41.173
 10
205.094
 20
40.999
 10
204.48
 20
40.589
 10
204.101
 20
39.636
 10
204.101
 20
38.817
 10
204.203
 20
38.407
 10
204.685
 20
37.454
 10
205.402
 20
36.737
 10
206.15
 20
36.358
 10
206.867
 20
36.153
 10
207.789
 20
36.256
 10
208.434
 20
36.635
 10
208.813
 20
37.382
 10
208.813
 20
38.305
 10
208.639
 20
38.745
 10
208.229
 20
39.155
 10
207.379
 20
39.227
 10
207.041
 20
38.95
 10
206.867
 20
38.612
 10
206.867
 20
38.1
 10
207.0
 20
37.823
 10
207.143
 20
37.823
 10
207.348
 20
38.438
 10
207.686
 20
38.612
 10
208.127
 20
38.335
 10
208.27
 20
37.864
 10
208.024
 20
37.147
 10
207.819
 20
36.942
 10
207.174
 20
36.665
 10
206.662
 20
36.665
 10
205.811
 20
37.044
 10
205.094
 20
37.659
 10
204.715
 20
38.305
 10
204.51
 20
38.919
 10
204.51
 20
39.329
 10
204.787
 20
40.077
 10
205.094
 20
40.384
 10
205.432
 20
40.558
 10
205.945
 20
40.558
 10
206.283
 20
40.384
 10
206.457
 20
40.046
 10
206.457
 20
39.636
 10
206.324
 20
39.36
 10
205.873
 20
39.196
 10
205.914
 20
38.991
 10
206.047
 20
38.919
 10
206.457
 20
38.919
 10
206.836
 20
39.155
 10
207.174
 20
39.841
 10
207.102
 20
40.179
 10
206.692
 20
40.794
 10
206.15
 20
41.071
 97
0
 92
3
 72
0
 73
1
 93
14
 10
210.995
 20
40.118
 10
211.139
 20
40.118
 10
211.098
 20
39.974
 10
211.303
 20
39.77
 10
211.405
 20
39.913
 10
211.548
 20
39.913
 10
211.344
 20
39.462
 10
211.169
 20
39.534
 10
210.934
 20
39.36
 10
210.688
 20
39.36
 10
210.729
 20
39.606
 10
210.524
 20
39.462
 10
210.278
 20
39.462
 10
210.524
 20
39.77
 97
0
 92
3
 72
0
 73
1
 93
13
 10
212.675
 20
39.606
 10
211.958
 20
39.052
 10
211.303
 20
38.376
 10
211.036
 20
38.233
 10
210.688
 20
37.823
 10
211.169
 20
37.69
 10
211.753
 20
37.311
 10
211.856
 20
37.516
 10
212.88
 20
38.54
 10
213.188
 20
38.581
 10
213.29
 20
38.438
 10
213.218
 20
38.919
 10
213.044
 20
39.257
 97
0
 92
3
 72
0
 73
1
 93
9
 10
213.802
 20
38.274
 10
212.839
 20
37.311
 10
213.864
 20
36.901
 10
214.376
 20
36.286
 10
214.55
 20
35.743
 10
214.724
 20
35.569
 10
214.858
 20
36.768
 10
214.653
 20
37.382
 10
214.376
 20
37.823
 97
0
 92
3
 72
0
 73
1
 93
51
 10
210.35
 20
37.382
 10
209.807
 20
37.003
 10
209.53
 20
36.46
 10
209.53
 20
35.641
 10
209.807
 20
34.995
 10
210.524
 20
34.278
 10
211.579
 20
33.797
 10
212.634
 20
33.623
 10
213.218
 20
33.694
 10
213.761
 20
33.971
 10
213.966
 20
34.176
 10
214.243
 20
34.719
 10
214.243
 20
35.743
 10
213.966
 20
36.286
 10
213.659
 20
36.594
 10
213.116
 20
36.87
 10
212.604
 20
36.87
 10
212.122
 20
36.635
 10
211.887
 20
36.153
 10
211.887
 20
35.846
 10
212.163
 20
35.405
 10
212.471
 20
35.262
 10
212.573
 20
35.405
 10
212.296
 20
35.743
 10
212.368
 20
36.081
 10
212.604
 20
36.256
 10
213.147
 20
36.184
 10
213.352
 20
35.979
 10
213.628
 20
35.334
 10
213.628
 20
35.026
 10
213.29
 20
34.442
 10
212.501
 20
34.104
 10
211.784
 20
34.104
 10
211.036
 20
34.381
 10
210.422
 20
34.791
 10
210.217
 20
34.995
 10
209.94
 20
35.538
 10
209.868
 20
35.917
 10
210.012
 20
36.491
 10
210.555
 20
36.87
 10
211.098
 20
36.696
 10
211.272
 20
36.46
 10
211.272
 20
36.153
 10
210.893
 20
35.774
 10
211.169
 20
35.641
 10
211.303
 20
35.713
 10
211.477
 20
36.051
 10
211.477
 20
36.358
 10
211.651
 20
36.84
 10
211.507
 20
37.106
 10
211.169
 20
37.382
 97
0
 75
0
 76
1
 98
0
  0
LWPOLYLINE
  5
5B
330
17
100
AcDbEntity
  8
CUT
100
AcDbPolyline
 90
29
 70
1
 10
236.104
 20
53.339
 10
240.288
 20
53.244
 10
242.257
 20
51.195
 10
244.276
 20
52.14
 10
248.399
 20
52.046
 10
250.587
 20
50.411
 10
251.043
 20
48.17
 10
251.818
 20
46.878
 10
251.891
 20
42.996
 10
251.497
 20
41.792
 10
248.84
 20
38.601
 10
247.887
 20
36.343
 10
245.826
 20
35.194
 10
242.907
 20
31.967
 10
241.874
 20
31.386
 10
237.808
 20
31.303
 10
235.973
 20
31.67
 10
234.832
 20
32.448
 10
233.953
 20
33.767
 10
231.526
 20
33.959
 10
230.219
 20
34.564
 10
229.285
 20
35.541
 10
228.759
 20
36.624
 10
228.832
 20
41.977
 10
229.611
 20
43.037
 10
233.445
 20
45.529
 10
233.072
 20
47.205
 10
233.208
 20
51.231
 10
233.742
 20
51.922
  0
HATCH
  5
5C
330
17
100
AcDbEntity
  8
RASTER
 62
7
100
AcDbHatch
 10
0.0
 20
0.0
 30
0.0
210
0.0
220
0.0
230
1.0
  2
SOLID
 70
1
 71
0
 91
15
 92
3
 72
0
 73
1
 93
62
 10
237.646
 20
51.489
 10
238.333
 20
51.52
 10
239.081
 20
51.141
 10
241.539
 20
47.658
 10
244.756
 20
49.809
 10
245.709
 20
50.291
 10
246.529
 20
50.291
 10
247.072
 20
50.014
 10
247.276
 20
49.809
 10
247.625
 20
49.133
 10
248.27
 20
49.061
 10
248.711
 20
48.785
 10
249.09
 20
48.037
 10
249.09
 20
47.115
 10
248.916
 20
46.674
 10
248.711
 20
46.429
 10
249.428
 20
46.121
 10
249.735
 20
45.814
 10
250.114
 20
44.861
 10
250.012
 20
44.144
 10
249.53
 20
43.294
 10
246.805
 20
40.077
 10
246.733
 20
39.329
 10
246.529
 20
38.714
 10
246.252
 20
38.274
 10
245.535
 20
37.659
 10
244.142
 20
37.106
 10
243.691
 20
36.532
 10
243.117
 20
35.979
 10
242.974
 20
35.713
 10
242.195
 20
34.954
 10
242.052
 20
34.688
 10
240.925
 20
33.561
 10
240.177
 20
33.182
 10
238.743
 20
33.182
 10
237.718
 20
33.489
 10
236.868
 20
33.971
 10
236.458
 20
34.381
 10
236.079
 20
35.026
 10
235.976
 20
35.334
 10
235.946
 20
36.532
 10
234.85
 20
35.846
 10
234.132
 20
35.641
 10
233.313
 20
35.743
 10
232.155
 20
36.225
 10
231.848
 20
36.43
 10
231.028
 20
37.352
 10
230.547
 20
38.407
 10
230.547
 20
38.919
 10
230.444
 20
39.124
 10
230.649
 20
40.251
 10
231.131
 20
41.101
 10
237.073
 20
44.892
 10
235.905
 20
46.736
 10
235.331
 20
47.494
 10
234.952
 20
48.242
 10
234.85
 20
48.959
 10
235.188
 20
49.85
 10
235.434
 20
50.117
 10
235.976
 20
50.393
 10
236.56
 20
50.424
 10
236.97
 20
51.141
 97
0
 92
3
 72
0
 73
1
 93
17
 10
237.821
 20
51.008
 10
237.278
 20
50.731
 10
237.103
 20
50.393
 10
237.175
 20
49.953
 10
238.056
 20
48.785
 10
239.531
 20
46.572
 10
241.027
 20
44.585
 10
241.888
 20
43.191
 10
242.769
 20
42.023
 10
243.527
 20
40.835
 10
243.629
 20
40.794
 10
244.039
 20
41.409
 10
244.685
 20
41.685
 10
245.268
 20
41.716
 10
242.605
 20
45.24
 10
238.876
 20
50.629
 10
238.333
 20
51.008
 97
0
 92
3
 72
0
 73
1
 93
25
 10
235.976
 20
49.881
 10
235.638
 20
49.707
 10
235.362
 20
49.164
 10
235.362
 20
48.549
 10
235.536
 20
48.211
 10
239.183
 20
42.843
 10
241.068
 20
39.77
 10
241.478
 20
40.487
 10
241.785
 20
40.794
 10
242.81
 20
41.204
 10
242.769
 20
41.306
 10
240.556
 20
44.216
 10
237.482
 20
48.621
 10
237.339
 20
48.58
 10
237.339
 20
48.723
 10
237.134
 20
48.478
 10
237.278
 20
48.826
 10
237.073
 20
48.682
 10
236.97
 20
48.723
 10
236.356
 20
49.441
 10
236.284
 20
49.574
 10
236.386
 20
49.676
 10
236.827
 20
49.4
 10
236.827
 20
49.502
 10
236.181
 20
49.881
 97
0
 92
3
 72
0
 73
1
 93
17
 10
246.119
 20
49.881
 10
245.709
 20
49.779
 10
244.859
 20
49.297
 10
241.99
 20
47.351
 10
241.918
 20
47.115
 10
242.195
 20
46.674
 10
242.502
 20
46.429
 10
243.322
 20
47.043
 10
245.064
 20
48.068
 10
245.197
 20
48.139
 10
245.371
 20
48.068
 10
245.473
 20
48.211
 10
245.607
 20
47.832
 10
246.867
 20
48.621
 10
247.113
 20
48.887
 10
246.969
 20
49.297
 10
246.764
 20
49.604
 97
0
 92
3
 72
0
 73
1
 93
26
 10
247.86
 20
48.549
 10
246.908
 20
48.068
 10
243.179
 20
45.548
 10
243.22
 20
45.24
 10
244.244
 20
43.908
 10
244.408
 20
43.908
 10
245.637
 20
44.83
 10
245.709
 20
44.964
 10
245.637
 20
45.035
 10
245.227
 20
44.687
 10
245.371
 20
45.035
 10
245.125
 20
44.892
 10
245.166
 20
45.138
 10
244.715
 20
45.097
 10
244.859
 20
45.404
 10
245.268
 20
45.711
 10
246.662
 20
46.572
 10
246.764
 20
46.531
 10
246.836
 20
46.295
 10
247.215
 20
46.367
 10
247.143
 20
46.091
 10
247.215
 20
46.019
 10
248.444
 20
46.838
 10
248.578
 20
47.115
 10
248.578
 20
47.935
 10
248.301
 20
48.478
 97
0
 92
3
 72
0
 73
1
 93
29
 10
248.475
 20
45.886
 10
245.299
 20
42.607
 10
245.678
 20
41.962
 10
246.631
 20
40.763
 10
246.969
 20
41.04
 10
247.113
 20
41.306
 10
247.584
 20
41.757
 10
247.727
 20
42.023
 10
248.782
 20
43.222
 10
248.711
 20
43.294
 10
248.608
 20
43.089
 10
247.932
 20
42.433
 10
247.686
 20
42.433
 10
247.932
 20
42.781
 10
247.584
 20
42.638
 10
247.625
 20
42.884
 10
247.379
 20
42.843
 10
247.584
 20
43.191
 10
248.403
 20
44.011
 10
248.506
 20
43.765
 10
248.608
 20
43.908
 10
248.711
 20
43.765
 10
249.059
 20
43.806
 10
248.885
 20
43.529
 10
249.018
 20
43.499
 10
249.5
 20
44.246
 10
249.602
 20
44.759
 10
249.325
 20
45.507
 10
248.885
 20
45.886
 97
0
 92
3
 72
0
 73
1
 93
11
 10
236.694
 20
44.042
 10
234.102
 20
42.433
 10
232.872
 20
41.614
 10
232.831
 20
41.511
 10
233.548
 20
41.204
 10
234.102
 20
40.63
 10
234.266
 20
40.63
 10
237.339
 20
42.884
 10
237.411
 20
43.12
 10
237.134
 20
43.663
 10
236.929
 20
43.97
 97
0
 92
3
 72
0
 73
1
 93
7
 10
244.787
 20
43.427
 10
244.685
 20
43.324
 10
244.756
 20
43.191
 10
244.992
 20
43.017
 10
245.371
 20
43.355
 10
245.023
 20
43.15
 10
244.818
 20
43.253
 97
0
 92
3
 72
0
 73
1
 93
12
 10
238.2
 20
41.962
 10
237.892
 20
41.818
 10
234.85
 20
39.636
 10
235.495
 20
39.257
 10
235.905
 20
38.745
 10
236.079
 20
38.305
 10
236.11
 20
37.516
 10
237.749
 20
38.786
 10
238.814
 20
39.77
 10
238.845
 20
40.558
 10
238.743
 20
41.071
 10
238.466
 20
41.716
 97
0
 92
3
 72
0
 73
1
 93
47
 10
244.685
 20
41.275
 10
244.346
 20
41.101
 10
244.039
 20
40.794
 10
243.967
 20
40.149
 10
244.244
 20
39.81
 10
244.685
 20
39.739
 10
244.715
 20
39.872
 10
244.377
 20
40.251
 10
244.449
 20
40.589
 10
244.889
 20
40.866
 10
245.535
 20
40.589
 10
245.811
 20
40.046
 10
245.811
 20
39.534
 10
245.637
 20
39.093
 10
245.33
 20
38.684
 10
244.582
 20
38.202
 10
243.865
 20
37.997
 10
243.148
 20
38.1
 10
242.502
 20
38.376
 10
242.195
 20
38.684
 10
241.918
 20
39.329
 10
242.093
 20
39.872
 10
242.431
 20
40.149
 10
242.974
 20
40.077
 10
243.045
 20
39.636
 10
242.84
 20
39.329
 10
242.943
 20
39.227
 10
243.179
 20
39.298
 10
243.455
 20
39.636
 10
243.383
 20
40.384
 10
243.076
 20
40.692
 10
242.636
 20
40.763
 10
241.888
 20
40.384
 10
241.509
 20
39.739
 10
241.509
 20
39.022
 10
241.785
 20
38.479
 10
242.093
 20
38.171
 10
243.148
 20
37.69
 10
244.172
 20
37.69
 10
244.582
 20
37.792
 10
245.535
 20
38.274
 10
245.842
 20
38.581
 10
246.221
 20
39.329
 10
246.221
 20
40.149
 10
245.945
 20
40.692
 10
245.535
 20
41.101
 10
245.197
 20
41.275
 97
0
 92
3
 72
0
 73
1
 93
52
 10
232.493
 20
41.173
 10
231.95
 20
40.999
 10
231.336
 20
40.589
 10
230.957
 20
39.636
 10
230.957
 20
38.817
 10
231.059
 20
38.407
 10
231.541
 20
37.454
 10
232.258
 20
36.737
 10
233.006
 20
36.358
 10
233.723
 20
36.153
 10
234.645
 20
36.256
 10
235.29
 20
36.635
 10
235.669
 20
37.382
 10
235.669
 20
38.305
 10
235.495
 20
38.745
 10
235.085
 20
39.155
 10
234.235
 20
39.227
 10
233.897
 20
38.95
 10
233.723
 20
38.612
 10
233.723
 20
38.1
 10
233.856
 20
37.823
 10
233.999
 20
37.823
 10
234.204
 20
38.438
 10
234.542
 20
38.612
 10
234.983
 20
38.335
 10
235.126
 20
37.864
 10
234.88
 20
37.147
 10
234.675
 20
36.942
 10
234.03
 20
36.665
 10
233.518
 20
36.665
 10
232.667
 20
37.044
 10
231.95
 20
37.659
 10
231.571
 20
38.305
 10
231.366
 20
38.919
 10
231.366
 20
39.329
 10
231.643
 20
40.077
 10
231.95
 20
40.384
 10
232.288
 20
40.558
 10
232.801
 20
40.558
 10
233.139
 20
40.384
 10
233.313
 20
40.046
 10
233.313
 20
39.636
 10
233.18
 20
39.36
 10
232.729
 20
39.196
 10
232.77
 20
38.991
 10
232.903
 20
38.919
 10
233.313
 20
38.919
 10
233.692
 20
39.155
 10
234.03
 20
39.841
 10
233.958
 20
40.179
 10
233.548
 20
40.794
 10
233.006
 20
41.071
 97
0
 92
3
 72
0
 73
1
 93
14
 10
237.851
 20
40.118
 10
237.995
 20
40.118
 10
237.954
 20
39.974
 10
238.159
 20
39.77
 10
238.261
 20
39.913
 10
238.404
 20
39.913
 10
238.2
 20
39.462
 10
238.025
 20
39.534
 10
237.79
 20
39.36
 10
237.544
 20
39.36
 10
237.585
 20
39.606
 10
237.38
 20
39.462
 10
237.134
 20
39.462
 10
237.38
 20
39.77
 97
0
 92
3
 72
0
 73
1
 93
13
 10
239.531
 20
39.606
 10
238.814
 20
39.052
 10
238.159
 20
38.376
 10
237.892
 20
38.233
 10
237.544
 20
37.823
 10
238.025
 20
37.69
 10
238.609
 20
37.311
 10
238.712
 20
37.516
 10
239.736
 20
38.54
 10
240.044
 20
38.581
 10
240.146
 20
38.438
 10
240.074
 20
38.919
 10
239.9
 20
39.257
 97
0
 92
3
 72
0
 73
1
 93
9
 10
240.658
 20
38.274
 10
239.695
 20
37.311
 10
240.72
 20
36.901
 10
241.232
 20
36.286
 10
241.406
 20
35.743
 10
241.58
 20
35.569
 10
241.714
 20
36.768
 10
241.509
 20
37.382
 10
241.232
 20
37.823
 97
0
 92
3
 72
0
 73
1
 93
51
 10
237.206
 20
37.382
 10
236.663
 20
37.003
 10
236.386
 20
36.46
 10
236.386
 20
35.641
 10
236.663
 20
34.995
 10
237.38
 20
34.278
 10
238.435
 20
33.797
 10
239.49
 20
33.623
 10
240.074
 20
33.694
 10
240.617
 20
33.971
 10
240.822
 20
34.176
 10
241.099
 20
34.719
 10
241.099
 20
35.743
 10
240.822
 20
36.286
 10
240.515
 20
36.594
 10
239.972
 20
36.87
 10
239.46
 20
36.87
 10
238.978
 20
36.635
 10
238.743
 20
36.153
 10
238.743
 20
35.846
 10
239.019
 20
35.405
 10
239.327
 20
35.262
 10
239.429
 20
35.405
 10
239.152
 20
35.743
 10
239.224
 20
36.081
 10
239.46
 20
36.256
 10
240.003
 20
36.184
 10
240.208
 20
35.979
 10
240.484
 20
35.334
 10
240.484
 20
35.026
 10
240.146
 20
34.442
 10
239.357
 20
34.104
 10
238.64
 20
34.104
 10
237.892
 20
34.381
 10
237.278
 20
34.791
 10
237.073
 20
34.995
 10
236.796
 20
35.538
 10
236.724
 20
35.917
 10
236.868
 20
36.491
 10
237.411
 20
36.87
 10
237.954
 20
36.696
 10
238.128
 20
36.46
 10
238.128
 20
36.153
 10
237.749
 20
35.774
 10
238.025
 20
35.641
 10
238.159
 20
35.713
 10
238.333
 20
36.051
 10
238.333
 20
36.358
 10
238.507
 20
36.84
 10
238.364
 20
37.106
 10
238.025
 20
37.382
 97
0
 75
0
 76
1
 98
0
  0
LWPOLYLINE
  5
5D
330
17
100
AcDbEntity
  8
CUT
100
AcDbPolyline
 90
29
 70
1
 10
262.96
 20
53.339
 10
267.144
 20
53.244
 10
269.113
 20
51.195
 10
271.132
 20
52.14
 10
275.255
 20
52.046
 10
277.443
 20
50.411
 10
277.899
 20
48.17
 10
278.674
 20
46.878
 10
278.747
 20
42.996
 10
278.353
 20
41.792
 10
275.696
 20
38.601
 10
274.743
 20
36.343
 10
272.682
 20
35.194
 10
269.763
 20
31.967
 10
268.73
 20
31.386
 10
264.664
 20
31.303
 10
262.829
 20
31.67
 10
261.688
 20
32.448
 10
260.809
 20
33.767
 10
258.382
 20
33.959
 10
257.076
 20
34.564
 10
256.141
 20
35.541
 10
255.615
 20
36.624
 10
255.688
 20
41.977
 10
256.467
 20
43.037
 10
260.301
 20
45.529
 10
259.928
 20
47.205
 10
260.064
 20
51.231
 10
260.598
 20
51.922
  0
HATCH
  5
5E
330
17
100
AcDbEntity
  8
RASTER
 62
7
100
AcDbHatch
 10
0.0
 20
0.0
 30
0.0
210
0.0
220
0.0
230
1.0
  2
SOLID
 70
1
 71
0
 91
15
 92
3
 72
0
 73
1
 93
62
 10
264.502
 20
51.489
 10
265.189
 20
51.52
 10
265.937
 20
51.141
 10
268.395
 20
47.658
 10
271.612
 20
49.809
 10
272.565
 20
50.291
 10
273.385
 20
50.291
 10
273.928
 20
50.014
 10
274.132
 20
49.809
 10
274.481
 20
49.133
 10
275.126
 20
49.061
 10
275.567
 20
48.785
 10
275.946
 20
48.037
 10
275.946
 20
47.115
 10
275.772
 20
46.674
 10
275.567
 20
46.429
 10
276.284
 20
46.121
 10
276.591
 20
45.814
 10
276.97
 20
44.861
 10
276.868
 20
44.144
 10
276.386
 20
43.294
 10
273.661
 20
40.077
 10
273.589
 20
39.329
 10
273.385
 20
38.714
 10
273.108
 20
38.274
 10
272.391
 20
37.659
 10
270.998
 20
37.106
 10
270.547
 20
36.532
 10
269.973
 20
35.979
 10
269.83
 20
35.713
 10
269.051
 20
34.954
 10
268.908
 20
34.688
 10
267.781
 20
33.561
 10
267.033
 20
33.182
 10
265.599
 20
33.182
 10
264.574
 20
33.489
 10
263.724
 20
33.971
 10
263.314
 20
34.381
 10
262.935
 20
35.026
 10
262.832
 20
35.334
 10
262.802
 20
36.532
 10
261.706
 20
35.846
 10
260.988
 20
35.641
 10
260.169
 20
35.743
 10
259.011
 20
36.225
 10
258.704
 20
36.43
 10
257.884
 20
37.352
 10
257.403
 20
38.407
 10
257.403
 20
38.919
 10
257.3
 20
39.124
 10
257.505
 20
40.251
 10
257.987
 20
41.101
 10
263.929
 20
44.892
 10
262.761
 20
46.736
 10
262.187
 20
47.494
 10
261.808
 20
48.242
 10
261.706
 20
48.959
 10
262.044
 20
49.85
 10
262.29
 20
50.117
 10
262.832
 20
50.393
 10
263.416
 20
50.424
 10
263.826
 20
51.141
 97
0
 92
3
 72
0
 73
1
 93
17
 10
264.677
 20
51.008
 10
264.134
 20
50.731
 10
263.959
 20
50.393
 10
264.031
 20
49.953
 10
264.912
 20
48.785
 10
266.387
 20
46.572
 10
267.883
 20
44.585
 10
268.744
 20
43.191
 10
269.625
 20
42.023
 10
270.383
 20
40.835
 10
270.485
 20
40.794
 10
270.895
 20
41.409
 10
271.541
 20
41.685
 10
272.124
 20
41.716
 10
269.461
 20
45.24
 10
265.732
 20
50.629
 10
265.189
 20
51.008
 97
0
 92
3
 72
0
 73
1
 93
25
 10
262.832
 20
49.881
 10
262.494
 20
49.707
 10
262.218
 20
49.164
 10
262.218
 20
48.549
 10
262.392
 20
48.211
 10
266.039
 20
42.843
 10
267.924
 20
39.77
 10
268.334
 20
40.487
 10
268.641
 20
40.794
 10
269.666
 20
41.204
 10
269.625
 20
41.306
 10
267.412
 20
44.216
 10
264.338
 20
48.621
 10
264.195
 20
48.58
 10
264.195
 20
48.723
 10
263.99
 20
48.478
 10
264.134
 20
48.826
 10
263.929
 20
48.682
 10
263.826
 20
48.723
 10
263.212
 20
49.441
 10
263.14
 20
49.574
 10
263.242
 20
49.676
 10
263.683
 20
49.4
 10
263.683
 20
49.502
 10
263.037
 20
49.881
 97
0
 92
3
 72
0
 73
1
 93
17
 10
272.975
 20
49.881
 10
272.565
 20
49.779
 10
271.715
 20
49.297
 10
268.846
 20
47.351
 10
268.774
 20
47.115
 10
269.051
 20
46.674
 10
269.358
 20
46.429
 10
270.178
 20
47.043
 10
271.92
 20
48.068
 10
272.053
 20
48.139
 10
272.227
 20
48.068
 10
272.329
 20
48.211
 10
272.463
 20
47.832
 10
273.723
 20
48.621
 10
273.969
 20
48.887
 10
273.825
 20
49.297
 10
273.62
 20
49.604
 97
0
 92
3
 72
0
 73
1
 93
26
 10
274.716
 20
48.549
 10
273.764
 20
48.068
 10
270.035
 20
45.548
 10
270.076
 20
45.24
 10
271.1
 20
43.908
 10
271.264
 20
43.908
 10
272.493
 20
44.83
 10
272.565
 20
44.964
 10
272.493
 20
45.035
 10
272.083
 20
44.687
 10
272.227
 20
45.035
 10
271.981
 20
44.892
 10
272.022
 20
45.138
 10
271.571
 20
45.097
 10
271.715
 20
45.404
 10
272.124
 20
45.711
 10
273.518
 20
46.572
 10
273.62
 20
46.531
 10
273.692
 20
46.295
 10
274.071
 20
46.367
 10
273.999
 20
46.091
 10
274.071
 20
46.019
 10
275.3
 20
46.838
 10
275.434
 20
47.115
 10
275.434
 20
47.935
 10
275.157
 20
48.478
 97
0
 92
3
 72
0
 73
1
 93
29
 10
275.331
 20
45.886
 10
272.155
 20
42.607
 10
272.534
 20
41.962
 10
273.487
 20
40.763
 10
273.825
 20
41.04
 10
273.969
 20
41.306
 10
274.44
 20
41.757
 10
274.583
 20
42.023
 10
275.638
 20
43.222
 10
275.567
 20
43.294
 10
275.464
 20
43.089
 10
274.788
 20
42.433
 10
274.542
 20
42.433
 10
274.788
 20
42.781
 10
274.44
 20
42.638
 10
274.481
 20
42.884
 10
274.235
 20
42.843
 10
274.44
 20
43.191
 10
275.259
 20
44.011
 10
275.362
 20
43.765
 10
275.464
 20
43.908
 10
275.567
 20
43.765
 10
275.915
 20
43.806
 10
275.741
 20
43.529
 10
275.874
 20
43.499
 10
276.356
 20
44.246
 10
276.458
 20
44.759
 10
276.181
 20
45.507
 10
275.741
 20
45.886
 97
0
 92
3
 72
0
 73
1
 93
11
 10
263.55
 20
44.042
 10
260.958
 20
42.433
 10
259.728
 20
41.614
 10
259.687
 20
41.511
 10
260.404
 20
41.204
 10
260.958
 20
40.63
 10
261.122
 20
40.63
 10
264.195
 20
42.884
 10
264.267
 20
43.12
 10
263.99
 20
43.663
 10
263.785
 20
43.97
 97
0
 92
3
 72
0
 73
1
 93
7
 10
271.643
 20
43.427
 10
271.541
 20
43.324
 10
271.612
 20
43.191
 10
271.848
 20
43.017
 10
272.227
 20
43.355
 10
271.879
 20
43.15
 10
271.674
 20
43.253
 97
0
 92
3
 72
0
 73
1
 93
12
 10
265.056
 20
41.962
 10
264.748
 20
41.818
 10
261.706
 20
39.636
 10
262.351
 20
39.257
 10
262.761
 20
38.745
 10
262.935
 20
38.305
 10
262.966
 20
37.516
 10
264.605
 20
38.786
 10
265.67
 20
39.77
 10
265.701
 20
40.558
 10
265.599
 20
41.071
 10
265.322
 20
41.716
 97
0
 92
3
 72
0
 73
1
 93
47
 10
271.541
 20
41.275
 10
271.202
 20
41.101
 10
270.895
 20
40.794
 10
270.823
 20
40.149
 10
271.1
 20
39.81
 10
271.541
 20
39.739
 10
271.571
 20
39.872
 10
271.233
 20
40.251
 10
271.305
 20
40.589
 10
271.745
 20
40.866
 10
272.391
 20
40.589
 10
272.667
 20
40.046
 10
272.667
 20
39.534
 10
272.493
 20
39.093
 10
272.186
 20
38.684
 10
271.438
 20
38.202
 10
270.721
 20
37.997
 10
270.004
 20
38.1
 10
269.358
 20
38.376
 10
269.051
 20
38.684
 10
268.774
 20
39.329
 10
268.949
 20
39.872
 10
269.287
 20
40.149
 10
269.83
 20
40.077
 10
269.901
 20
39.636
 10
269.696
 20
39.329
 10
269.799
 20
39.227
 10
270.035
 20
39.298
 10
270.311
 20
39.636
 10
270.239
 20
40.384
 10
269.932
 20
40.692
 10
269.492
 20
40.763
 10
268.744
 20
40.384
 10
268.365
 20
39.739
 10
268.365
 20
39.022
 10
268.641
 20
38.479
 10
268.949
 20
38.171
 10
270.004
 20
37.69
 10
271.028
 20
37.69
 10
271.438
 20
37.792
 10
272.391
 20
38.274
 10
272.698
 20
38.581
 10
273.077
 20
39.329
 10
273.077
 20
40.149
 10
272.801
 20
40.692
 10
272.391
 20
41.101
 10
272.053
 20
41.275
 97
0
 92
3
 72
0
 73
1
 93
52
 10
259.349
 20
41.173
 10
258.806
 20
40.999
 10
258.192
 20
40.589
 10
257.813
 20
39.636
 10
257.813
 20
38.817
 10
257.915
 20
38.407
 10
258.397
 20
37.454
 10
259.114
 20
36.737
 10
259.862
 20
36.358
 10
260.579
 20
36.153
 10
261.501
 20
36.256
 10
262.146
 20
36.635
 10
262.525
 20
37.382
 10
262.525
 20
38.305
 10
262.351
 20
38.745
 10
261.941
 20
39.155
 10
261.091
 20
39.227
 10
260.753
 20
38.95
 10
260.579
 20
38.612
 10
260.579
 20
38.1
 10
260.712
 20
37.823
 10
260.855
 20
37.823
 10
261.06
 20
38.438
 10
261.398
 20
38.612
 10
261.839
 20
38.335
 10
261.982
 20
37.864
 10
261.736
 20
37.147
 10
261.531
 20
36.942
 10
260.886
 20
36.665
 10
260.374
 20
36.665
 10
259.523
 20
37.044
 10
258.806
 20
37.659
 10
258.427
 20
38.305
 10
258.222
 20
38.919
 10
258.222
 20
39.329
 10
258.499
 20
40.077
 10
258.806
 20
40.384
 10
259.144
 20
40.558
 10
259.657
 20
40.558
 10
259.995
 20
40.384
 10
260.169
 20
40.046
 10
260.169
 20
39.636
 10
260.036
 20
39.36
 10
259.585
 20
39.196
 10
259.626
 20
38.991
 10
259.759
 20
38.919
 10
260.169
 20
38.919
 10
260.548
 20
39.155
 10
260.886
 20
39.841
 10
260.814
 20
40.179
 10
260.404
 20
40.794
 10
259.862
 20
41.071
 97
0
 92
3
 72
0
 73
1
 93
14
 10
264.707
 20
40.118
 10
264.851
 20
40.118
 10
264.81
 20
39.974
 10
265.015
 20
39.77
 10
265.117
 20
39.913
 10
265.26
 20
39.913
 10
265.056
 20
39.462
 10
264.881
 20
39.534
 10
264.646
 20
39.36
 10
264.4
 20
39.36
 10
264.441
 20
39.606
 10
264.236
 20
39.462
 10
263.99
 20
39.462
 10
264.236
 20
39.77
 97
0
 92
3
 72
0
 73
1
 93
13
 10
266.387
 20
39.606
 10
265.67
 20
39.052
 10
265.015
 20
38.376
 10
264.748
 20
38.233
 10
264.4
 20
37.823
 10
264.881
 20
37.69
 10
265.465
 20
37.311
 10
265.568
 20
37.516
 10
266.592
 20
38.54
 10
266.9
 20
38.581
 10
267.002
 20
38.438
 10
266.93
 20
38.919
 10
266.756
 20
39.257
 97
0
 92
3
 72
0
 73
1
 93
9
 10
267.514
 20
38.274
 10
266.551
 20
37.311
 10
267.576
 20
36.901
 10
268.088
 20
36.286
 10
268.262
 20
35.743
 10
268.436
 20
35.569
 10
268.57
 20
36.768
 10
268.365
 20
37.382
 10
268.088
 20
37.823
 97
0
 92
3
 72
0
 73
1
 93
51
 10
264.062
 20
37.382
 10
263.519
 20
37.003
 10
263.242
 20
36.46
 10
263.242
 20
35.641
 10
263.519
 20
34.995
 10
264.236
 20
34.278
 10
265.291
 20
33.797
 10
266.346
 20
33.623
 10
266.93
 20
33.694
 10
267.473
 20
33.971
 10
267.678
 20
34.176
 10
267.955
 20
34.719
 10
267.955
 20
35.743
 10
267.678
 20
36.286
 10
267.371
 20
36.594
 10
266.828
 20
36.87
 10
266.316
 20
36.87
 10
265.834
 20
36.635
 10
265.599
 20
36.153
 10
265.599
 20
35.846
 10
265.875
 20
35.405
 10
266.183
 20
35.262
 10
266.285
 20
35.405
 10
266.008
 20
35.743
 10
266.08
 20
36.081
 10
266.316
 20
36.256
 10
266.859
 20
36.184
 10
267.064
 20
35.979
 10
267.34
 20
35.334
 10
267.34
 20
35.026
 10
267.002
 20
34.442
 10
266.213
 20
34.104
 10
265.496
 20
34.104
 10
264.748
 20
34.381
 10
264.134
 20
34.791
 10
263.929
 20
34.995
 10
263.652
 20
35.538
 10
263.58
 20
35.917
 10
263.724
 20
36.491
 10
264.267
 20
36.87
 10
264.81
 20
36.696
 10
264.984
 20
36.46
 10
264.984
 20
36.153
 10
264.605
 20
35.774
 10
264.881
 20
35.641
 10
265.015
 20
35.713
 10
265.189
 20
36.051
 10
265.189
 20
36.358
 10
265.363
 20
36.84
 10
265.22
 20
37.106
 10
264.881
 20
37.382
 97
0
 75
0
 76
1
 98
0
  0
LWPOLYLINE
  5
5F
330
17
100
AcDbEntity
  8
CUT
100
AcDbPolyline
 90
29
 70
1
 10
11.206
 20
25.898
 10
15.391
 20
25.804
 10
17.359
 20
23.754
 10
19.379
 20
24.699
 10
23.502
 20
24.605
 10
25.689
 20
22.97
 10
26.146
 20
20.729
 10
26.921
 20
19.437
 10
26.994
 20
15.556
 10
26.599
 20
14.351
 10
23.942
 20
11.16
 10
22.989
 20
8.902
 10
20.929
 20
7.753
 10
18.01
 20
4.526
 10
16.976
 20
3.945
 10
12.911
 20
3.862
 10
11.076
 20
4.229
 10
9.935
 20
5.008
 10
9.055
 20
6.327
 10
6.628
 20
6.518
 10
5.322
 20
7.123
 10
4.388
 20
8.1
 10
3.862
 20
9.184
 10
3.935
 20
14.536
 10
4.713
 20
15.596
 10
8.547
 20
18.088
 10
8.175
 20
19.764
 10
8.31
 20
23.791
 10
8.845
 20
24.481
  0
HATCH
  5
60
330
17
100
AcDbEntity
  8
RASTER
 62
7
100
AcDbHatch
 10
0.0
 20
0.0
 30
0.0
210
0.0
220
0.0
230
1.0
  2
SOLID
 70
1
 71
0
 91
15
 92
3
 72
0
 73
1
 93
62
 10
12.749
 20
24.049
 10
13.435
 20
24.08
 10
14.183
 20
23.701
 10
16.642
 20
20.217
 10
19.859
 20
22.369
 10
20.812
 20
22.85
 10
21.631
 20
22.85
 10
22.174
 20
22.574
 10
22.379
 20
22.369
 10
22.727
 20
21.693
 10
23.373
 20
21.621
 10
23.813
 20
21.344
 10
24.192
 20
20.596
 10
24.192
 20
19.674
 10
24.018
 20
19.234
 10
23.813
 20
18.988
 10
24.53
 20
18.681
 10
24.838
 20
18.373
 10
25.217
 20
17.421
 10
25.114
 20
16.703
 10
24.633
 20
15.853
 10
21.908
 20
12.636
 10
21.836
 20
11.888
 10
21.631
 20
11.274
 10
21.355
 20
10.833
 10
20.637
 20
10.218
 10
19.244
 20
9.665
 10
18.793
 20
9.092
 10
18.22
 20
8.538
 10
18.076
 20
8.272
 10
17.298
 20
7.514
 10
17.154
 20
7.248
 10
16.027
 20
6.121
 10
15.279
 20
5.742
 10
13.845
 20
5.742
 10
12.821
 20
6.049
 10
11.97
 20
6.53
 10
11.561
 20
6.94
 10
11.182
 20
7.586
 10
11.079
 20
7.893
 10
11.048
 20
9.092
 10
9.952
 20
8.405
 10
9.235
 20
8.2
 10
8.415
 20
8.303
 10
7.258
 20
8.784
 10
6.95
 20
8.989
 10
6.131
 20
9.911
 10
5.649
 20
10.966
 10
5.649
 20
11.479
 10
5.547
 20
11.683
 10
5.752
 20
12.81
 10
6.233
 20
13.661
 10
12.175
 20
17.451
 10
11.007
 20
19.295
 10
10.434
 20
20.053
 10
10.055
 20
20.801
 10
9.952
 20
21.518
 10
10.29
 20
22.41
 10
10.536
 20
22.676
 10
11.079
 20
22.953
 10
11.663
 20
22.983
 10
12.073
 20
23.701
 97
0
 92
3
 72
0
 73
1
 93
17
 10
12.923
 20
23.567
 10
12.38
 20
23.291
 10
12.206
 20
22.953
 10
12.278
 20
22.512
 10
13.159
 20
21.344
 10
14.634
 20
19.131
 10
16.13
 20
17.144
 10
16.99
 20
15.751
 10
17.871
 20
14.583
 10
18.629
 20
13.394
 10
18.732
 20
13.353
 10
19.142
 20
13.968
 10
19.787
 20
14.245
 10
20.371
 20
14.275
 10
17.707
 20
17.8
 10
13.978
 20
23.188
 10
13.435
 20
23.567
 97
0
 92
3
 72
0
 73
1
 93
25
 10
11.079
 20
22.44
 10
10.741
 20
22.266
 10
10.464
 20
21.723
 10
10.464
 20
21.109
 10
10.639
 20
20.771
 10
14.286
 20
15.402
 10
16.171
 20
12.329
 10
16.581
 20
13.046
 10
16.888
 20
13.353
 10
17.912
 20
13.763
 10
17.871
 20
13.866
 10
15.659
 20
16.775
 10
12.585
 20
21.18
 10
12.442
 20
21.139
 10
12.442
 20
21.283
 10
12.237
 20
21.037
 10
12.38
 20
21.385
 10
12.175
 20
21.242
 10
12.073
 20
21.283
 10
11.458
 20
22.0
 10
11.386
 20
22.133
 10
11.489
 20
22.236
 10
11.929
 20
21.959
 10
11.929
 20
22.061
 10
11.284
 20
22.44
 97
0
 92
3
 72
0
 73
1
 93
17
 10
21.221
 20
22.44
 10
20.812
 20
22.338
 10
19.961
 20
21.857
 10
17.093
 20
19.91
 10
17.021
 20
19.674
 10
17.298
 20
19.234
 10
17.605
 20
18.988
 10
18.425
 20
19.603
 10
20.166
 20
20.627
 10
20.299
 20
20.699
 10
20.474
 20
20.627
 10
20.576
 20
20.771
 10
20.709
 20
20.392
 10
21.969
 20
21.18
 10
22.215
 20
21.447
 10
22.072
 20
21.857
 10
21.867
 20
22.164
 97
0
 92
3
 72
0
 73
1
 93
26
 10
22.963
 20
21.109
 10
22.01
 20
20.627
 10
18.281
 20
18.107
 10
18.322
 20
17.8
 10
19.347
 20
16.468
 10
19.511
 20
16.468
 10
20.74
 20
17.39
 10
20.812
 20
17.523
 10
20.74
 20
17.595
 10
20.33
 20
17.246
 10
20.474
 20
17.595
 10
20.228
 20
17.451
 10
20.269
 20
17.697
 10
19.818
 20
17.656
 10
19.961
 20
17.964
 10
20.371
 20
18.271
 10
21.764
 20
19.131
 10
21.867
 20
19.09
 10
21.939
 20
18.855
 10
22.318
 20
18.927
 10
22.246
 20
18.65
 10
22.318
 20
18.578
 10
23.547
 20
19.398
 10
23.68
 20
19.674
 10
23.68
 20
20.494
 10
23.404
 20
21.037
 97
0
 92
3
 72
0
 73
1
 93
29
 10
23.578
 20
18.445
 10
20.402
 20
15.167
 10
20.781
 20
14.521
 10
21.734
 20
13.323
 10
22.072
 20
13.599
 10
22.215
 20
13.866
 10
22.686
 20
14.316
 10
22.83
 20
14.583
 10
23.885
 20
15.781
 10
23.813
 20
15.853
 10
23.711
 20
15.648
 10
23.035
 20
14.993
 10
22.789
 20
14.993
 10
23.035
 20
15.341
 10
22.686
 20
15.197
 10
22.727
 20
15.443
 10
22.482
 20
15.402
 10
22.686
 20
15.751
 10
23.506
 20
16.57
 10
23.608
 20
16.324
 10
23.711
 20
16.468
 10
23.813
 20
16.324
 10
24.162
 20
16.365
 10
23.987
 20
16.089
 10
24.121
 20
16.058
 10
24.602
 20
16.806
 10
24.705
 20
17.318
 10
24.428
 20
18.066
 10
23.987
 20
18.445
 97
0
 92
3
 72
0
 73
1
 93
11
 10
11.796
 20
16.601
 10
9.204
 20
14.993
 10
7.975
 20
14.173
 10
7.934
 20
14.071
 10
8.651
 20
13.763
 10
9.204
 20
13.189
 10
9.368
 20
13.189
 10
12.442
 20
15.443
 10
12.513
 20
15.679
 10
12.237
 20
16.222
 10
12.032
 20
16.529
 97
0
 92
3
 72
0
 73
1
 93
7
 10
19.89
 20
15.986
 10
19.787
 20
15.884
 10
19.859
 20
15.751
 10
20.094
 20
15.576
 10
20.474
 20
15.915
 10
20.125
 20
15.71
 10
19.92
 20
15.812
 97
0
 92
3
 72
0
 73
1
 93
12
 10
13.302
 20
14.521
 10
12.995
 20
14.378
 10
9.952
 20
12.196
 10
10.598
 20
11.817
 10
11.007
 20
11.304
 10
11.182
 20
10.864
 10
11.212
 20
10.075
 10
12.851
 20
11.345
 10
13.917
 20
12.329
 10
13.948
 20
13.118
 10
13.845
 20
13.63
 10
13.569
 20
14.275
 97
0
 92
3
 72
0
 73
1
 93
47
 10
19.787
 20
13.835
 10
19.449
 20
13.661
 10
19.142
 20
13.353
 10
19.07
 20
12.708
 10
19.347
 20
12.37
 10
19.787
 20
12.298
 10
19.818
 20
12.431
 10
19.48
 20
12.81
 10
19.552
 20
13.148
 10
19.992
 20
13.425
 10
20.637
 20
13.148
 10
20.914
 20
12.606
 10
20.914
 20
12.093
 10
20.74
 20
11.653
 10
20.433
 20
11.243
 10
19.685
 20
10.761
 10
18.968
 20
10.557
 10
18.25
 20
10.659
 10
17.605
 20
10.936
 10
17.298
 20
11.243
 10
17.021
 20
11.888
 10
17.195
 20
12.431
 10
17.533
 20
12.708
 10
18.076
 20
12.636
 10
18.148
 20
12.196
 10
17.943
 20
11.888
 10
18.046
 20
11.786
 10
18.281
 20
11.858
 10
18.558
 20
12.196
 10
18.486
 20
12.944
 10
18.179
 20
13.251
 10
17.738
 20
13.323
 10
16.99
 20
12.944
 10
16.611
 20
12.298
 10
16.611
 20
11.581
 10
16.888
 20
11.038
 10
17.195
 20
10.731
 10
18.25
 20
10.249
 10
19.275
 20
10.249
 10
19.685
 20
10.352
 10
20.637
 20
10.833
 10
20.945
 20
11.141
 10
21.324
 20
11.888
 10
21.324
 20
12.708
 10
21.047
 20
13.251
 10
20.637
 20
13.661
 10
20.299
 20
13.835
 97
0
 92
3
 72
0
 73
1
 93
52
 10
7.596
 20
13.732
 10
7.053
 20
13.558
 10
6.438
 20
13.148
 10
6.059
 20
12.196
 10
6.059
 20
11.376
 10
6.162
 20
10.966
 10
6.643
 20
10.014
 10
7.36
 20
9.296
 10
8.108
 20
8.917
 10
8.825
 20
8.713
 10
9.747
 20
8.815
 10
10.393
 20
9.194
 10
10.772
 20
9.942
 10
10.772
 20
10.864
 10
10.598
 20
11.304
 10
10.188
 20
11.714
 10
9.338
 20
11.786
 10
8.999
 20
11.509
 10
8.825
 20
11.171
 10
8.825
 20
10.659
 10
8.958
 20
10.382
 10
9.102
 20
10.382
 10
9.307
 20
10.997
 10
9.645
 20
11.171
 10
10.085
 20
10.895
 10
10.229
 20
10.423
 10
9.983
 20
9.706
 10
9.778
 20
9.501
 10
9.133
 20
9.225
 10
8.62
 20
9.225
 10
7.77
 20
9.604
 10
7.053
 20
10.218
 10
6.674
 20
10.864
 10
6.469
 20
11.479
 10
6.469
 20
11.888
 10
6.746
 20
12.636
 10
7.053
 20
12.944
 10
7.391
 20
13.118
 10
7.903
 20
13.118
 10
8.241
 20
12.944
 10
8.415
 20
12.606
 10
8.415
 20
12.196
 10
8.282
 20
11.919
 10
7.832
 20
11.755
 10
7.873
 20
11.55
 10
8.006
 20
11.479
 10
8.415
 20
11.479
 10
8.795
 20
11.714
 10
9.133
 20
12.401
 10
9.061
 20
12.739
 10
8.651
 20
13.353
 10
8.108
 20
13.63
 97
0
 92
3
 72
0
 73
1
 93
14
 10
12.954
 20
12.677
 10
13.097
 20
12.677
 10
13.056
 20
12.534
 10
13.261
 20
12.329
 10
13.364
 20
12.472
 10
13.507
 20
12.472
 10
13.302
 20
12.022
 10
13.128
 20
12.093
 10
12.892
 20
11.919
 10
12.647
 20
11.919
 10
12.688
 20
12.165
 10
12.483
 20
12.022
 10
12.237
 20
12.022
 10
12.483
 20
12.329
 97
0
 92
3
 72
0
 73
1
 93
13
 10
14.634
 20
12.165
 10
13.917
 20
11.612
 10
13.261
 20
10.936
 10
12.995
 20
10.792
 10
12.647
 20
10.382
 10
13.128
 20
10.249
 10
13.712
 20
9.87
 10
13.814
 20
10.075
 10
14.839
 20
11.1
 10
15.146
 20
11.141
 10
15.249
 20
10.997
 10
15.177
 20
11.479
 10
15.003
 20
11.817
 97
0
 92
3
 72
0
 73
1
 93
9
 10
15.761
 20
10.833
 10
14.798
 20
9.87
 10
15.822
 20
9.46
 10
16.335
 20
8.846
 10
16.509
 20
8.303
 10
16.683
 20
8.129
 10
16.816
 20
9.327
 10
16.611
 20
9.942
 10
16.335
 20
10.382
 97
0
 92
3
 72
0
 73
1
 93
51
 10
12.308
 20
9.942
 10
11.766
 20
9.563
 10
11.489
 20
9.02
 10
11.489
 20
8.2
 10
11.766
 20
7.555
 10
12.483
 20
6.838
 10
13.538
 20
6.356
 10
14.593
 20
6.182
 10
15.177
 20
6.254
 10
15.72
 20
6.53
 10
15.925
 20
6.735
 10
16.201
 20
7.278
 10
16.201
 20
8.303
 10
15.925
 20
8.846
 10
15.618
 20
9.153
 10
15.075
 20
9.43
 10
14.562
 20
9.43
 10
14.081
 20
9.194
 10
13.845
 20
8.713
 10
13.845
 20
8.405
 10
14.122
 20
7.965
 10
14.429
 20
7.821
 10
14.532
 20
7.965
 10
14.255
 20
8.303
 10
14.327
 20
8.641
 10
14.562
 20
8.815
 10
15.105
 20
8.743
 10
15.31
 20
8.538
 10
15.587
 20
7.893
 10
15.587
 20
7.586
 10
15.249
 20
7.002
 10
14.46
 20
6.664
 10
13.743
 20
6.664
 10
12.995
 20
6.94
 10
12.38
 20
7.35
 10
12.175
 20
7.555
 10
11.899
 20
8.098
 10
11.827
 20
8.477
 10
11.97
 20
9.051
 10
12.513
 20
9.43
 10
13.056
 20
9.255
 10
13.231
 20
9.02
 10
13.231
 20
8.713
 10
12.851
 20
8.333
 10
13.128
 20
8.2
 10
13.261
 20
8.272
 10
13.435
 20
8.61
 10
13.435
 20
8.917
 10
13.61
 20
9.399
 10
13.466
 20
9.665
 10
13.128
 20
9.942
 97
0
 75
0
 76
1
 98
0
  0
LWPOLYLINE
  5
61
330
17
100
AcDbEntity
  8
CUT
100
AcDbPolyline
 90
39
 70
1
 10
46.244
 20
25.898
 10
49.48
 20
25.798
 10
50.167
 20
25.038
 10
50.387
 20
23.136
 10
52.539
 20
22.905
 10
53.184
 20
22.096
 10
53.049
 20
18.808
 10
52.506
 20
18.398
 10
51.086
 20
18.188
 10
50.745
 20
15.516
 10
49.827
 20
14.245
 10
48.382
 20
13.07
 10
48.318
 20
9.444
 10
48.04
 20
8.156
 10
47.312
 20
7.858
 10
44.293
 20
7.899
 10
41.308
 20
8.956
 10
39.657
 20
8.365
 10
37.778
 20
8.122
 10
37.416
 20
7.225
 10
37.031
 20
7.003
 10
33.786
 20
7.129
 10
33.456
 20
7.673
 10
33.285
 20
9.131
 10
31.341
 20
9.479
 10
30.884
 20
9.954
 10
30.718
 20
10.747
 10
30.76
 20
15.983
 10
31.324
 20
16.547
 10
33.395
 20
16.703
 10
33.239
 20
17.585
 10
33.391
 20
20.466
 10
35.229
 20
21.291
 10
38.313
 20
21.563
 10
39.266
 20
23.628
 10
41.056
 20
25.368
 10
44.129
 20
25.418
 10
45.314
 20
24.255
 10
45.467
 20
25.472
  0
HATCH
  5
62
330
17
100
AcDbEntity
  8
RASTER
 62
7
100
AcDbHatch
 10
0.0
 20
0.0
 30
0.0
210
0.0
220
0.0
230
1.0
  2
SOLID
 70
1
 71
0
 91
7
 92
3
 72
0
 73
1
 93
137
 10
47.473
 20
24.401
 10
47.937
 20
24.426
 10
48.205
 20
24.288
 10
48.531
 20
24.044
 10
48.75
 20
23.612
 10
48.75
 20
22.88
 10
48.669
 20
22.555
 10
48.205
 20
21.555
 10
47.636
 20
20.627
 10
49.32
 20
21.335
 10
50.377
 20
21.579
 10
51.028
 20
21.498
 10
51.459
 20
21.278
 10
51.621
 20
21.115
 10
51.76
 20
20.766
 10
51.573
 20
20.139
 10
51.296
 20
19.847
 10
51.19
 20
19.79
 10
50.759
 20
19.847
 10
50.702
 20
20.359
 10
50.54
 20
20.44
 10
49.458
 20
19.895
 10
47.88
 20
18.789
 10
47.961
 20
18.675
 10
48.1
 20
18.732
 10
48.344
 20
18.651
 10
49.1
 20
18.269
 10
49.507
 20
17.943
 10
49.564
 20
17.593
 10
49.401
 20
17.187
 10
49.1
 20
16.593
 10
48.693
 20
16.024
 10
47.88
 20
15.21
 10
47.124
 20
14.747
 10
46.473
 20
14.503
 10
45.822
 20
14.421
 10
45.741
 20
14.34
 10
46.091
 20
13.958
 10
46.473
 20
13.201
 10
46.798
 20
11.9
 10
46.798
 20
10.354
 10
46.497
 20
9.435
 10
46.229
 20
9.297
 10
45.578
 20
9.378
 10
43.87
 20
9.866
 10
43.114
 20
10.249
 10
42.138
 20
11.143
 10
41.837
 20
11.656
 10
41.617
 20
12.282
 10
40.885
 20
11.143
 10
40.072
 20
10.574
 10
39.152
 20
10.11
 10
37.526
 20
9.704
 10
37.038
 20
9.704
 10
36.655
 20
10.086
 10
36.281
 20
9.728
 10
36.062
 20
9.378
 10
36.143
 20
9.053
 10
36.086
 20
8.703
 10
35.655
 20
8.402
 10
35.224
 20
8.541
 10
34.923
 20
8.972
 10
34.923
 20
9.541
 10
35.086
 20
10.029
 10
35.631
 20
10.948
 10
36.33
 20
11.713
 10
36.525
 20
12.038
 10
36.363
 20
12.006
 10
35.435
 20
11.387
 10
34.679
 20
11.005
 10
33.865
 20
10.761
 10
33.133
 20
10.761
 10
32.621
 20
10.981
 10
32.296
 20
11.387
 10
32.157
 20
11.819
 10
32.296
 20
12.331
 10
32.426
 20
12.526
 10
32.645
 20
12.632
 10
32.889
 20
12.713
 10
33.158
 20
12.575
 10
33.434
 20
12.038
 10
33.54
 20
11.981
 10
34.541
 20
12.607
 10
35.631
 20
13.47
 10
35.167
 20
13.364
 10
34.76
 20
13.364
 10
34.598
 20
13.283
 10
33.377
 20
13.283
 10
32.458
 20
13.665
 10
32.157
 20
14.177
 10
32.157
 20
14.584
 10
32.296
 20
14.852
 10
32.54
 20
15.096
 10
32.808
 20
15.153
 10
33.077
 20
15.015
 10
33.272
 20
14.56
 10
33.377
 20
14.503
 10
33.784
 20
14.503
 10
35.004
 20
14.828
 10
36.468
 20
15.397
 10
36.875
 20
15.641
 10
36.444
 20
15.942
 10
35.793
 20
16.593
 10
35.387
 20
17.162
 10
35.086
 20
17.675
 10
34.76
 20
18.488
 10
34.817
 20
19.001
 10
35.224
 20
19.326
 10
35.736
 20
19.546
 10
36.468
 20
19.79
 10
37.282
 20
19.952
 10
38.42
 20
19.952
 10
39.234
 20
19.708
 10
40.023
 20
19.326
 10
39.966
 20
20.44
 10
40.21
 20
21.254
 10
40.592
 20
22.01
 10
40.917
 20
22.498
 10
41.812
 20
23.474
 10
42.65
 20
24.019
 10
43.0
 20
23.881
 10
43.325
 20
23.556
 10
44.138
 20
22.417
 10
44.683
 20
21.172
 10
44.765
 20
20.847
 10
44.765
 20
20.196
 10
44.846
 20
20.115
 10
46.741
 20
21.961
 10
47.392
 20
22.856
 10
47.612
 20
23.287
 10
47.587
 20
23.425
 10
47.449
 20
23.45
 10
47.286
 20
23.368
 10
46.936
 20
23.425
 10
46.798
 20
23.612
 10
46.798
 20
23.856
 10
47.018
 20
24.206
 97
0
 92
3
 72
0
 73
1
 93
43
 10
42.65
 20
23.612
 10
42.382
 20
23.474
 10
41.487
 20
22.579
 10
40.999
 20
21.929
 10
40.535
 20
21.01
 10
40.291
 20
19.79
 10
40.372
 20
19.627
 10
40.372
 20
19.139
 10
40.673
 20
18.382
 10
41.267
 20
18.244
 10
41.593
 20
18.081
 10
41.999
 20
18.244
 10
42.487
 20
18.244
 10
42.756
 20
18.025
 10
42.951
 20
17.65
 10
43.219
 20
17.512
 10
43.463
 20
17.512
 10
43.813
 20
17.293
 10
44.057
 20
16.967
 10
44.277
 20
16.455
 10
44.195
 20
15.967
 10
43.87
 20
15.397
 10
44.602
 20
14.991
 10
45.09
 20
14.828
 10
45.903
 20
14.828
 10
47.229
 20
15.292
 10
47.717
 20
15.617
 10
48.612
 20
16.593
 10
49.157
 20
17.593
 10
49.1
 20
17.781
 10
48.449
 20
18.187
 10
47.205
 20
18.732
 10
46.554
 20
18.895
 10
45.659
 20
18.895
 10
45.09
 20
18.732
 10
44.334
 20
18.35
 10
43.488
 20
17.618
 10
44.277
 20
19.22
 10
44.415
 20
20.139
 10
44.358
 20
20.847
 10
44.033
 20
21.823
 10
43.65
 20
22.498
 10
43.244
 20
23.067
 97
0
 92
3
 72
0
 73
1
 93
26
 10
37.526
 20
19.627
 10
37.363
 20
19.546
 10
36.631
 20
19.464
 10
35.899
 20
19.22
 10
35.142
 20
18.838
 10
35.086
 20
18.651
 10
35.167
 20
18.407
 10
35.631
 20
17.488
 10
35.956
 20
17.0
 10
36.688
 20
16.268
 10
37.013
 20
16.024
 10
37.77
 20
15.641
 10
38.339
 20
15.479
 10
39.559
 20
15.479
 10
39.665
 20
15.536
 10
39.884
 20
16.048
 10
39.884
 20
16.292
 10
39.722
 20
16.78
 10
39.803
 20
17.268
 10
40.023
 20
17.781
 10
40.397
 20
18.138
 10
40.454
 20
18.244
 10
40.397
 20
18.35
 10
39.909
 20
18.919
 10
38.908
 20
19.464
 10
38.258
 20
19.627
 97
0
 92
3
 72
0
 73
1
 93
31
 10
40.942
 20
18.244
 10
40.429
 20
18.025
 10
40.267
 20
17.862
 10
39.966
 20
17.187
 10
39.966
 20
16.699
 10
40.291
 20
16.129
 10
39.884
 20
15.56
 10
39.884
 20
14.828
 10
40.104
 20
14.397
 10
40.454
 20
14.177
 10
40.698
 20
14.177
 10
41.186
 20
14.503
 10
41.568
 20
14.072
 10
41.837
 20
13.933
 10
42.162
 20
13.933
 10
42.512
 20
14.072
 10
42.837
 20
14.316
 10
43.057
 20
14.747
 10
43.081
 20
15.454
 10
43.463
 20
15.479
 10
43.764
 20
15.666
 10
44.033
 20
16.129
 10
44.033
 20
16.536
 10
43.732
 20
17.049
 10
43.219
 20
17.349
 10
42.837
 20
17.374
 10
42.813
 20
17.593
 10
42.593
 20
17.943
 10
42.081
 20
18.0
 10
41.698
 20
17.699
 10
41.292
 20
18.106
 97
0
 92
3
 72
0
 73
1
 93
17
 10
41.373
 20
16.674
 10
41.593
 20
16.699
 10
41.674
 20
16.617
 10
41.349
 20
16.129
 10
41.349
 20
15.723
 10
41.511
 20
15.56
 10
41.942
 20
15.698
 10
42.382
 20
16.154
 10
42.569
 20
16.211
 10
42.65
 20
16.129
 10
42.512
 20
15.861
 10
42.268
 20
15.617
 10
41.674
 20
15.235
 10
41.43
 20
15.235
 10
41.21
 20
15.34
 10
41.105
 20
15.56
 10
41.105
 20
16.211
 97
0
 92
3
 72
0
 73
1
 93
23
 10
39.396
 20
15.235
 10
38.315
 20
14.69
 10
37.583
 20
13.958
 10
37.119
 20
13.12
 10
36.875
 20
12.144
 10
36.875
 20
10.924
 10
36.956
 20
10.517
 10
37.2
 20
10.11
 10
37.526
 20
10.11
 10
38.583
 20
10.354
 10
39.478
 20
10.68
 10
40.153
 20
11.062
 10
40.722
 20
11.55
 10
41.43
 20
12.713
 10
41.593
 20
13.201
 10
41.617
 20
13.632
 10
41.324
 20
13.828
 10
41.105
 20
14.096
 10
40.779
 20
13.933
 10
40.372
 20
13.933
 10
40.104
 20
14.072
 10
39.722
 20
14.503
 10
39.616
 20
15.21
 97
0
 92
3
 72
0
 73
1
 93
23
 10
43.545
 20
15.153
 10
43.439
 20
15.096
 10
43.301
 20
14.584
 10
43.0
 20
14.072
 10
42.325
 20
13.689
 10
41.975
 20
13.632
 10
41.918
 20
13.527
 10
41.861
 20
13.258
 10
41.918
 20
12.713
 10
42.162
 20
11.981
 10
42.544
 20
11.306
 10
43.032
 20
10.818
 10
43.52
 20
10.493
 10
44.927
 20
9.948
 10
46.147
 20
9.704
 10
46.31
 20
9.866
 10
46.473
 20
10.517
 10
46.473
 20
11.737
 10
46.229
 20
12.795
 10
45.684
 20
13.795
 10
45.196
 20
14.283
 10
44.626
 20
14.69
 10
43.707
 20
15.153
 97
0
 75
0
 76
1
 98
0
  0
LWPOLYLINE
  5
63
330
17
100
AcDbEntity
  8
CUT
100
AcDbPolyline
 90
39
 70
1
 10
72.433
 20
25.898
 10
75.669
 20
25.798
 10
76.356
 20
25.038
 10
76.576
 20
23.136
 10
78.728
 20
22.905
 10
79.373
 20
22.096
 10
79.238
 20
18.808
 10
78.695
 20
18.398
 10
77.275
 20
18.188
 10
76.934
 20
15.516
 10
76.016
 20
14.245
 10
74.571
 20
13.07
 10
74.507
 20
9.444
 10
74.229
 20
8.156
 10
73.501
 20
7.858
 10
70.482
 20
7.899
 10
67.497
 20
8.956
 10
65.845
 20
8.365
 10
63.967
 20
8.122
 10
63.605
 20
7.225
 10
63.22
 20
7.003
 10
59.975
 20
7.129
 10
59.645
 20
7.673
 10
59.474
 20
9.131
 10
57.53
 20
9.479
 10
57.073
 20
9.954
 10
56.907
 20
10.747
 10
56.949
 20
15.983
 10
57.512
 20
16.547
 10
59.584
 20
16.703
 10
59.428
 20
17.585
 10
59.58
 20
20.466
 10
61.418
 20
21.291
 10
64.502
 20
21.563
 10
65.455
 20
23.628
 10
67.245
 20
25.368
 10
70.318
 20
25.418
 10
71.503
 20
24.255
 10
71.656
 20
25.472
  0
HATCH
  5
64
330
17
100
AcDbEntity
  8
RASTER
 62
7
100
AcDbHatch
 10
0.0
 20
0.0
 30
0.0
210
0.0
220
0.0
230
1.0
  2
SOLID
 70
1
 71
0
 91
7
 92
3
 72
0
 73
1
 93
137
 10
73.662
 20
24.401
 10
74.126
 20
24.426
 10
74.394
 20
24.288
 10
74.72
 20
24.044
 10
74.939
 20
23.612
 10
74.939
 20
22.88
 10
74.858
 20
22.555
 10
74.394
 20
21.555
 10
73.825
 20
20.627
 10
75.509
 20
21.335
 10
76.566
 20
21.579
 10
77.217
 20
21.498
 10
77.648
 20
21.278
 10
77.81
 20
21.115
 10
77.949
 20
20.766
 10
77.762
 20
20.139
 10
77.485
 20
19.847
 10
77.379
 20
19.79
 10
76.948
 20
19.847
 10
76.891
 20
20.359
 10
76.729
 20
20.44
 10
75.647
 20
19.895
 10
74.069
 20
18.789
 10
74.15
 20
18.675
 10
74.288
 20
18.732
 10
74.532
 20
18.651
 10
75.289
 20
18.269
 10
75.696
 20
17.943
 10
75.753
 20
17.593
 10
75.59
 20
17.187
 10
75.289
 20
16.593
 10
74.882
 20
16.024
 10
74.069
 20
15.21
 10
73.312
 20
14.747
 10
72.662
 20
14.503
 10
72.011
 20
14.421
 10
71.93
 20
14.34
 10
72.279
 20
13.958
 10
72.662
 20
13.201
 10
72.987
 20
11.9
 10
72.987
 20
10.354
 10
72.686
 20
9.435
 10
72.418
 20
9.297
 10
71.767
 20
9.378
 10
70.059
 20
9.866
 10
69.302
 20
10.249
 10
68.326
 20
11.143
 10
68.025
 20
11.656
 10
67.806
 20
12.282
 10
67.074
 20
11.143
 10
66.26
 20
10.574
 10
65.341
 20
10.11
 10
63.715
 20
9.704
 10
63.227
 20
9.704
 10
62.844
 20
10.086
 10
62.47
 20
9.728
 10
62.25
 20
9.378
 10
62.332
 20
9.053
 10
62.275
 20
8.703
 10
61.844
 20
8.402
 10
61.413
 20
8.541
 10
61.112
 20
8.972
 10
61.112
 20
9.541
 10
61.274
 20
10.029
 10
61.819
 20
10.948
 10
62.519
 20
11.713
 10
62.714
 20
12.038
 10
62.551
 20
12.006
 10
61.624
 20
11.387
 10
60.868
 20
11.005
 10
60.054
 20
10.761
 10
59.322
 20
10.761
 10
58.81
 20
10.981
 10
58.485
 20
11.387
 10
58.346
 20
11.819
 10
58.485
 20
12.331
 10
58.615
 20
12.526
 10
58.834
 20
12.632
 10
59.078
 20
12.713
 10
59.347
 20
12.575
 10
59.623
 20
12.038
 10
59.729
 20
11.981
 10
60.729
 20
12.607
 10
61.819
 20
13.47
 10
61.356
 20
13.364
 10
60.949
 20
13.364
 10
60.786
 20
13.283
 10
59.566
 20
13.283
 10
58.647
 20
13.665
 10
58.346
 20
14.177
 10
58.346
 20
14.584
 10
58.485
 20
14.852
 10
58.729
 20
15.096
 10
58.997
 20
15.153
 10
59.265
 20
15.015
 10
59.461
 20
14.56
 10
59.566
 20
14.503
 10
59.973
 20
14.503
 10
61.193
 20
14.828
 10
62.657
 20
15.397
 10
63.064
 20
15.641
 10
62.633
 20
15.942
 10
61.982
 20
16.593
 10
61.575
 20
17.162
 10
61.274
 20
17.675
 10
60.949
 20
18.488
 10
61.006
 20
19.001
 10
61.413
 20
19.326
 10
61.925
 20
19.546
 10
62.657
 20
19.79
 10
63.471
 20
19.952
 10
64.609
 20
19.952
 10
65.423
 20
19.708
 10
66.212
 20
19.326
 10
66.155
 20
20.44
 10
66.399
 20
21.254
 10
66.781
 20
22.01
 10
67.106
 20
22.498
 10
68.001
 20
23.474
 10
68.839
 20
24.019
 10
69.189
 20
23.881
 10
69.514
 20
23.556
 10
70.327
 20
22.417
 10
70.872
 20
21.172
 10
70.954
 20
20.847
 10
70.954
 20
20.196
 10
71.035
 20
20.115
 10
72.93
 20
21.961
 10
73.581
 20
22.856
 10
73.8
 20
23.287
 10
73.776
 20
23.425
 10
73.638
 20
23.45
 10
73.475
 20
23.368
 10
73.125
 20
23.425
 10
72.987
 20
23.612
 10
72.987
 20
23.856
 10
73.207
 20
24.206
 97
0
 92
3
 72
0
 73
1
 93
43
 10
68.839
 20
23.612
 10
68.57
 20
23.474
 10
67.676
 20
22.579
 10
67.188
 20
21.929
 10
66.724
 20
21.01
 10
66.48
 20
19.79
 10
66.561
 20
19.627
 10
66.561
 20
19.139
 10
66.862
 20
18.382
 10
67.456
 20
18.244
 10
67.781
 20
18.081
 10
68.188
 20
18.244
 10
68.676
 20
18.244
 10
68.945
 20
18.025
 10
69.14
 20
17.65
 10
69.408
 20
17.512
 10
69.652
 20
17.512
 10
70.002
 20
17.293
 10
70.246
 20
16.967
 10
70.466
 20
16.455
 10
70.384
 20
15.967
 10
70.059
 20
15.397
 10
70.791
 20
14.991
 10
71.279
 20
14.828
 10
72.092
 20
14.828
 10
73.418
 20
15.292
 10
73.906
 20
15.617
 10
74.801
 20
16.593
 10
75.346
 20
17.593
 10
75.289
 20
17.781
 10
74.638
 20
18.187
 10
73.394
 20
18.732
 10
72.743
 20
18.895
 10
71.848
 20
18.895
 10
71.279
 20
18.732
 10
70.523
 20
18.35
 10
69.677
 20
17.618
 10
70.466
 20
19.22
 10
70.604
 20
20.139
 10
70.547
 20
20.847
 10
70.222
 20
21.823
 10
69.839
 20
22.498
 10
69.433
 20
23.067
 97
0
 92
3
 72
0
 73
1
 93
26
 10
63.715
 20
19.627
 10
63.552
 20
19.546
 10
62.82
 20
19.464
 10
62.088
 20
19.22
 10
61.331
 20
18.838
 10
61.274
 20
18.651
 10
61.356
 20
18.407
 10
61.819
 20
17.488
 10
62.145
 20
17.0
 10
62.877
 20
16.268
 10
63.202
 20
16.024
 10
63.959
 20
15.641
 10
64.528
 20
15.479
 10
65.748
 20
15.479
 10
65.854
 20
15.536
 10
66.073
 20
16.048
 10
66.073
 20
16.292
 10
65.911
 20
16.78
 10
65.992
 20
17.268
 10
66.212
 20
17.781
 10
66.586
 20
18.138
 10
66.643
 20
18.244
 10
66.586
 20
18.35
 10
66.098
 20
18.919
 10
65.097
 20
19.464
 10
64.447
 20
19.627
 97
0
 92
3
 72
0
 73
1
 93
31
 10
67.131
 20
18.244
 10
66.618
 20
18.025
 10
66.456
 20
17.862
 10
66.155
 20
17.187
 10
66.155
 20
16.699
 10
66.48
 20
16.129
 10
66.073
 20
15.56
 10
66.073
 20
14.828
 10
66.293
 20
14.397
 10
66.643
 20
14.177
 10
66.887
 20
14.177
 10
67.375
 20
14.503
 10
67.757
 20
14.072
 10
68.025
 20
13.933
 10
68.351
 20
13.933
 10
68.701
 20
14.072
 10
69.026
 20
14.316
 10
69.246
 20
14.747
 10
69.27
 20
15.454
 10
69.652
 20
15.479
 10
69.953
 20
15.666
 10
70.222
 20
16.129
 10
70.222
 20
16.536
 10
69.921
 20
17.049
 10
69.408
 20
17.349
 10
69.026
 20
17.374
 10
69.002
 20
17.593
 10
68.782
 20
17.943
 10
68.269
 20
18.0
 10
67.887
 20
17.699
 10
67.48
 20
18.106
 97
0
 92
3
 72
0
 73
1
 93
17
 10
67.562
 20
16.674
 10
67.781
 20
16.699
 10
67.863
 20
16.617
 10
67.537
 20
16.129
 10
67.537
 20
15.723
 10
67.7
 20
15.56
 10
68.131
 20
15.698
 10
68.57
 20
16.154
 10
68.757
 20
16.211
 10
68.839
 20
16.129
 10
68.701
 20
15.861
 10
68.457
 20
15.617
 10
67.863
 20
15.235
 10
67.619
 20
15.235
 10
67.399
 20
15.34
 10
67.293
 20
15.56
 10
67.293
 20
16.211
 97
0
 92
3
 72
0
 73
1
 93
23
 10
65.585
 20
15.235
 10
64.504
 20
14.69
 10
63.772
 20
13.958
 10
63.308
 20
13.12
 10
63.064
 20
12.144
 10
63.064
 20
10.924
 10
63.145
 20
10.517
 10
63.389
 20
10.11
 10
63.715
 20
10.11
 10
64.772
 20
10.354
 10
65.667
 20
10.68
 10
66.342
 20
11.062
 10
66.911
 20
11.55
 10
67.619
 20
12.713
 10
67.781
 20
13.201
 10
67.806
 20
13.632
 10
67.513
 20
13.828
 10
67.293
 20
14.096
 10
66.968
 20
13.933
 10
66.561
 20
13.933
 10
66.293
 20
14.072
 10
65.911
 20
14.503
 10
65.805
 20
15.21
 97
0
 92
3
 72
0
 73
1
 93
23
 10
69.734
 20
15.153
 10
69.628
 20
15.096
 10
69.49
 20
14.584
 10
69.189
 20
14.072
 10
68.513
 20
13.689
 10
68.164
 20
13.632
 10
68.107
 20
13.527
 10
68.05
 20
13.258
 10
68.107
 20
12.713
 10
68.351
 20
11.981
 10
68.733
 20
11.306
 10
69.221
 20
10.818
 10
69.709
 20
10.493
 10
71.116
 20
9.948
 10
72.336
 20
9.704
 10
72.499
 20
9.866
 10
72.662
 20
10.517
 10
72.662
 20
11.737
 10
72.418
 20
12.795
 10
71.873
 20
13.795
 10
71.385
 20
14.283
 10
70.815
 20
14.69
 10
69.896
 20
15.153
 97
0
 75
0
 76
1
 98
0
  0
LWPOLYLINE
  5
65
330
17
100
AcDbEntity
  8
CUT
100
AcDbPolyline
 90
39
 70
1
 10
98.622
 20
25.898
 10
101.858
 20
25.798
 10
102.545
 20
25.038
 10
102.765
 20
23.136
 10
104.917
 20
22.905
 10
105.562
 20
22.096
 10
105.427
 20
18.808
 10
104.884
 20
18.398
 10
103.464
 20
18.188
 10
103.123
 20
15.516
 10
102.205
 20
14.245
 10
100.76
 20
13.07
 10
100.696
 20
9.444
 10
100.417
 20
8.156
 10
99.69
 20
7.858
 10
96.671
 20
7.899
 10
93.686
 20
8.956
 10
92.034
 20
8.365
 10
90.155
 20
8.122
 10
89.794
 20
7.225
 10
89.409
 20
7.003
 10
86.164
 20
7.129
 10
85.834
 20
7.673
 10
85.663
 20
9.131
 10
83.719
 20
9.479
 10
83.262
 20
9.954
 10
83.096
 20
10.747
 10
83.137
 20
15.983
 10
83.701
 20
16.547
 10
85.772
 20
16.703
 10
85.617
 20
17.585
 10
85.769
 20
20.466
 10
87.607
 20
21.291
 10
90.69
 20
21.563
 10
91.644
 20
23.628
 10
93.434
 20
25.368
 10
96.506
 20
25.418
 10
97.691
 20
24.255
 10
97.844
 20
25.472
  0
HATCH
  5
66
330
17
100
AcDbEntity
  8
RASTER
 62
7
100
AcDbHatch
 10
0.0
 20
0.0
 30
0.0
210
0.0
220
0.0
230
1.0
  2
SOLID
 70
1
 71
0
 91
7
 92
3
 72
0
 73
1
 93
137
 10
99.851
 20
24.401
 10
100.315
 20
24.426
 10
100.583
 20
24.288
 10
100.908
 20
24.044
 10
101.128
 20
23.612
 10
101.128
 20
22.88
 10
101.047
 20
22.555
 10
100.583
 20
21.555
 10
100.014
 20
20.627
 10
101.697
 20
21.335
 10
102.755
 20
21.579
 10
103.405
 20
21.498
 10
103.837
 20
21.278
 10
103.999
 20
21.115
 10
104.138
 20
20.766
 10
103.95
 20
20.139
 10
103.674
 20
19.847
 10
103.568
 20
19.79
 10
103.137
 20
19.847
 10
103.08
 20
20.359
 10
102.917
 20
20.44
 10
101.836
 20
19.895
 10
100.258
 20
18.789
 10
100.339
 20
18.675
 10
100.477
 20
18.732
 10
100.721
 20
18.651
 10
101.478
 20
18.269
 10
101.884
 20
17.943
 10
101.941
 20
17.593
 10
101.779
 20
17.187
 10
101.478
 20
16.593
 10
101.071
 20
16.024
 10
100.258
 20
15.21
 10
99.501
 20
14.747
 10
98.851
 20
14.503
 10
98.2
 20
14.421
 10
98.119
 20
14.34
 10
98.468
 20
13.958
 10
98.851
 20
13.201
 10
99.176
 20
11.9
 10
99.176
 20
10.354
 10
98.875
 20
9.435
 10
98.607
 20
9.297
 10
97.956
 20
9.378
 10
96.248
 20
9.866
 10
95.491
 20
10.249
 10
94.515
 20
11.143
 10
94.214
 20
11.656
 10
93.995
 20
12.282
 10
93.263
 20
11.143
 10
92.449
 20
10.574
 10
91.53
 20
10.11
 10
89.903
 20
9.704
 10
89.415
 20
9.704
 10
89.033
 20
10.086
 10
88.659
 20
9.728
 10
88.439
 20
9.378
 10
88.521
 20
9.053
 10
88.464
 20
8.703
 10
88.033
 20
8.402
 10
87.602
 20
8.541
 10
87.301
 20
8.972
 10
87.301
 20
9.541
 10
87.463
 20
10.029
 10
88.008
 20
10.948
 10
88.708
 20
11.713
 10
88.903
 20
12.038
 10
88.74
 20
12.006
 10
87.813
 20
11.387
 10
87.057
 20
11.005
 10
86.243
 20
10.761
 10
85.511
 20
10.761
 10
84.999
 20
10.981
 10
84.673
 20
11.387
 10
84.535
 20
11.819
 10
84.673
 20
12.331
 10
84.804
 20
12.526
 10
85.023
 20
12.632
 10
85.267
 20
12.713
 10
85.536
 20
12.575
 10
85.812
 20
12.038
 10
85.918
 20
11.981
 10
86.918
 20
12.607
 10
88.008
 20
13.47
 10
87.545
 20
13.364
 10
87.138
 20
13.364
 10
86.975
 20
13.283
 10
85.755
 20
13.283
 10
84.836
 20
13.665
 10
84.535
 20
14.177
 10
84.535
 20
14.584
 10
84.673
 20
14.852
 10
84.917
 20
15.096
 10
85.186
 20
15.153
 10
85.454
 20
15.015
 10
85.649
 20
14.56
 10
85.755
 20
14.503
 10
86.162
 20
14.503
 10
87.382
 20
14.828
 10
88.846
 20
15.397
 10
89.253
 20
15.641
 10
88.822
 20
15.942
 10
88.171
 20
16.593
 10
87.764
 20
17.162
 10
87.463
 20
17.675
 10
87.138
 20
18.488
 10
87.195
 20
19.001
 10
87.602
 20
19.326
 10
88.114
 20
19.546
 10
88.846
 20
19.79
 10
89.659
 20
19.952
 10
90.798
 20
19.952
 10
91.612
 20
19.708
 10
92.401
 20
19.326
 10
92.344
 20
20.44
 10
92.588
 20
21.254
 10
92.97
 20
22.01
 10
93.295
 20
22.498
 10
94.19
 20
23.474
 10
95.028
 20
24.019
 10
95.377
 20
23.881
 10
95.703
 20
23.556
 10
96.516
 20
22.417
 10
97.061
 20
21.172
 10
97.142
 20
20.847
 10
97.142
 20
20.196
 10
97.224
 20
20.115
 10
99.119
 20
21.961
 10
99.77
 20
22.856
 10
99.989
 20
23.287
 10
99.965
 20
23.425
 10
99.827
 20
23.45
 10
99.664
 20
23.368
 10
99.314
 20
23.425
 10
99.176
 20
23.612
 10
99.176
 20
23.856
 10
99.396
 20
24.206
 97
0
 92
3
 72
0
 73
1
 93
43
 10
95.028
 20
23.612
 10
94.759
 20
23.474
 10
93.865
 20
22.579
 10
93.377
 20
21.929
 10
92.913
 20
21.01
 10
92.669
 20
19.79
 10
92.75
 20
19.627
 10
92.75
 20
19.139
 10
93.051
 20
18.382
 10
93.645
 20
18.244
 10
93.97
 20
18.081
 10
94.377
 20
18.244
 10
94.865
 20
18.244
 10
95.133
 20
18.025
 10
95.329
 20
17.65
 10
95.597
 20
17.512
 10
95.841
 20
17.512
 10
96.191
 20
17.293
 10
96.435
 20
16.967
 10
96.654
 20
16.455
 10
96.573
 20
15.967
 10
96.248
 20
15.397
 10
96.98
 20
14.991
 10
97.468
 20
14.828
 10
98.281
 20
14.828
 10
99.607
 20
15.292
 10
100.095
 20
15.617
 10
100.99
 20
16.593
 10
101.535
 20
17.593
 10
101.478
 20
17.781
 10
100.827
 20
18.187
 10
99.583
 20
18.732
 10
98.932
 20
18.895
 10
98.037
 20
18.895
 10
97.468
 20
18.732
 10
96.711
 20
18.35
 10
95.865
 20
17.618
 10
96.654
 20
19.22
 10
96.793
 20
20.139
 10
96.736
 20
20.847
 10
96.41
 20
21.823
 10
96.028
 20
22.498
 10
95.621
 20
23.067
 97
0
 92
3
 72
0
 73
1
 93
26
 10
89.903
 20
19.627
 10
89.741
 20
19.546
 10
89.009
 20
19.464
 10
88.277
 20
19.22
 10
87.52
 20
18.838
 10
87.463
 20
18.651
 10
87.545
 20
18.407
 10
88.008
 20
17.488
 10
88.334
 20
17.0
 10
89.066
 20
16.268
 10
89.391
 20
16.024
 10
90.147
 20
15.641
 10
90.717
 20
15.479
 10
91.937
 20
15.479
 10
92.043
 20
15.536
 10
92.262
 20
16.048
 10
92.262
 20
16.292
 10
92.1
 20
16.78
 10
92.181
 20
17.268
 10
92.401
 20
17.781
 10
92.775
 20
18.138
 10
92.832
 20
18.244
 10
92.775
 20
18.35
 10
92.287
 20
18.919
 10
91.286
 20
19.464
 10
90.635
 20
19.627
 97
0
 92
3
 72
0
 73
1
 93
31
 10
93.32
 20
18.244
 10
92.807
 20
18.025
 10
92.645
 20
17.862
 10
92.344
 20
17.187
 10
92.344
 20
16.699
 10
92.669
 20
16.129
 10
92.262
 20
15.56
 10
92.262
 20
14.828
 10
92.482
 20
14.397
 10
92.832
 20
14.177
 10
93.076
 20
14.177
 10
93.564
 20
14.503
 10
93.946
 20
14.072
 10
94.214
 20
13.933
 10
94.54
 20
13.933
 10
94.889
 20
14.072
 10
95.215
 20
14.316
 10
95.434
 20
14.747
 10
95.459
 20
15.454
 10
95.841
 20
15.479
 10
96.142
 20
15.666
 10
96.41
 20
16.129
 10
96.41
 20
16.536
 10
96.11
 20
17.049
 10
95.597
 20
17.349
 10
95.215
 20
17.374
 10
95.19
 20
17.593
 10
94.971
 20
17.943
 10
94.458
 20
18.0
 10
94.076
 20
17.699
 10
93.669
 20
18.106
 97
0
 92
3
 72
0
 73
1
 93
17
 10
93.751
 20
16.674
 10
93.97
 20
16.699
 10
94.052
 20
16.617
 10
93.726
 20
16.129
 10
93.726
 20
15.723
 10
93.889
 20
15.56
 10
94.32
 20
15.698
 10
94.759
 20
16.154
 10
94.946
 20
16.211
 10
95.028
 20
16.129
 10
94.889
 20
15.861
 10
94.645
 20
15.617
 10
94.052
 20
15.235
 10
93.808
 20
15.235
 10
93.588
 20
15.34
 10
93.482
 20
15.56
 10
93.482
 20
16.211
 97
0
 92
3
 72
0
 73
1
 93
23
 10
91.774
 20
15.235
 10
90.692
 20
14.69
 10
89.96
 20
13.958
 10
89.497
 20
13.12
 10
89.253
 20
12.144
 10
89.253
 20
10.924
 10
89.334
 20
10.517
 10
89.578
 20
10.11
 10
89.903
 20
10.11
 10
90.961
 20
10.354
 10
91.856
 20
10.68
 10
92.531
 20
11.062
 10
93.1
 20
11.55
 10
93.808
 20
12.713
 10
93.97
 20
13.201
 10
93.995
 20
13.632
 10
93.702
 20
13.828
 10
93.482
 20
14.096
 10
93.157
 20
13.933
 10
92.75
 20
13.933
 10
92.482
 20
14.072
 10
92.1
 20
14.503
 10
91.994
 20
15.21
 97
0
 92
3
 72
0
 73
1
 93
23
 10
95.922
 20
15.153
 10
95.817
 20
15.096
 10
95.678
 20
14.584
 10
95.377
 20
14.072
 10
94.702
 20
13.689
 10
94.353
 20
13.632
 10
94.296
 20
13.527
 10
94.239
 20
13.258
 10
94.296
 20
12.713
 10
94.54
 20
11.981
 10
94.922
 20
11.306
 10
95.41
 20
10.818
 10
95.898
 20
10.493
 10
97.305
 20
9.948
 10
98.525
 20
9.704
 10
98.688
 20
9.866
 10
98.851
 20
10.517
 10
98.851
 20
11.737
 10
98.607
 20
12.795
 10
98.062
 20
13.795
 10
97.574
 20
14.283
 10
97.004
 20
14.69
 10
96.085
 20
15.153
 97
0
 75
0
 76
1
 98
0
  0
LWPOLYLINE
  5
67
330
17
100
AcDbEntity
  8
CUT
100
AcDbPolyline
 90
39
 70
1
 10
124.811
 20
25.898
 10
128.047
 20
25.798
 10
128.734
 20
25.038
 10
128.954
 20
23.136
 10
131.106
 20
22.905
 10
131.751
 20
22.096
 10
131.616
 20
18.808
 10
131.073
 20
18.398
 10
129.652
 20
18.188
 10
129.312
 20
15.516
 10
128.394
 20
14.245
 10
126.949
 20
13.07
 10
126.885
 20
9.444
 10
126.606
 20
8.156
 10
125.879
 20
7.858
 10
122.859
 20
7.899
 10
119.875
 20
8.956
 10
118.223
 20
8.365
 10
116.344
 20
8.122
 10
115.983
 20
7.225
 10
115.598
 20
7.003
 10
112.353
 20
7.129
 10
112.023
 20
7.673
 10
111.852
 20
9.131
 10
109.908
 20
9.479
 10
109.451
 20
9.954
 10
109.285
 20
10.747
 10
109.326
 20
15.983
 10
109.89
 20
16.547
 10
111.961
 20
16.703
 10
111.806
 20
17.585
 10
111.958
 20
20.466
 10
113.796
 20
21.291
 10
116.879
 20
21.563
 10
117.833
 20
23.628
 10
119.623
 20
25.368
 10
122.695
 20
25.418
 10
123.88
 20
24.255
 10
124.033
 20
25.472
  0
HATCH
  5
68
330
17
100
AcDbEntity
  8
RASTER
 62
7
100
AcDbHatch
 10
0.0
 20
0.0
 30
0.0
210
0.0
220
0.0
230
1.0
  2
SOLID
 70
1
 71
0
 91
7
 92
3
 72
0
 73
1
 93
137
 10
126.04
 20
24.401
 10
126.504
 20
24.426
 10
126.772
 20
24.288
 10
127.097
 20
24.044
 10
127.317
 20
23.612
 10
127.317
 20
22.88
 10
127.236
 20
22.555
 10
126.772
 20
21.555
 10
126.203
 20
20.627
 10
127.886
 20
21.335
 10
128.944
 20
21.579
 10
129.594
 20
21.498
 10
130.025
 20
21.278
 10
130.188
 20
21.115
 10
130.326
 20
20.766
 10
130.139
 20
20.139
 10
129.863
 20
19.847
 10
129.757
 20
19.79
 10
129.326
 20
19.847
 10
129.269
 20
20.359
 10
129.106
 20
20.44
 10
128.025
 20
19.895
 10
126.447
 20
18.789
 10
126.528
 20
18.675
 10
126.666
 20
18.732
 10
126.91
 20
18.651
 10
127.667
 20
18.269
 10
128.073
 20
17.943
 10
128.13
 20
17.593
 10
127.968
 20
17.187
 10
127.667
 20
16.593
 10
127.26
 20
16.024
 10
126.447
 20
15.21
 10
125.69
 20
14.747
 10
125.039
 20
14.503
 10
124.389
 20
14.421
 10
124.307
 20
14.34
 10
124.657
 20
13.958
 10
125.039
 20
13.201
 10
125.365
 20
11.9
 10
125.365
 20
10.354
 10
125.064
 20
9.435
 10
124.795
 20
9.297
 10
124.145
 20
9.378
 10
122.437
 20
9.866
 10
121.68
 20
10.249
 10
120.704
 20
11.143
 10
120.403
 20
11.656
 10
120.184
 20
12.282
 10
119.452
 20
11.143
 10
118.638
 20
10.574
 10
117.719
 20
10.11
 10
116.092
 20
9.704
 10
115.604
 20
9.704
 10
115.222
 20
10.086
 10
114.848
 20
9.728
 10
114.628
 20
9.378
 10
114.71
 20
9.053
 10
114.653
 20
8.703
 10
114.222
 20
8.402
 10
113.79
 20
8.541
 10
113.49
 20
8.972
 10
113.49
 20
9.541
 10
113.652
 20
10.029
 10
114.197
 20
10.948
 10
114.897
 20
11.713
 10
115.092
 20
12.038
 10
114.929
 20
12.006
 10
114.002
 20
11.387
 10
113.246
 20
11.005
 10
112.432
 20
10.761
 10
111.7
 20
10.761
 10
111.188
 20
10.981
 10
110.862
 20
11.387
 10
110.724
 20
11.819
 10
110.862
 20
12.331
 10
110.992
 20
12.526
 10
111.212
 20
12.632
 10
111.456
 20
12.713
 10
111.725
 20
12.575
 10
112.001
 20
12.038
 10
112.107
 20
11.981
 10
113.107
 20
12.607
 10
114.197
 20
13.47
 10
113.734
 20
13.364
 10
113.327
 20
13.364
 10
113.164
 20
13.283
 10
111.944
 20
13.283
 10
111.025
 20
13.665
 10
110.724
 20
14.177
 10
110.724
 20
14.584
 10
110.862
 20
14.852
 10
111.106
 20
15.096
 10
111.375
 20
15.153
 10
111.643
 20
15.015
 10
111.838
 20
14.56
 10
111.944
 20
14.503
 10
112.351
 20
14.503
 10
113.571
 20
14.828
 10
115.035
 20
15.397
 10
115.442
 20
15.641
 10
115.011
 20
15.942
 10
114.36
 20
16.593
 10
113.953
 20
17.162
 10
113.652
 20
17.675
 10
113.327
 20
18.488
 10
113.384
 20
19.001
 10
113.79
 20
19.326
 10
114.303
 20
19.546
 10
115.035
 20
19.79
 10
115.848
 20
19.952
 10
116.987
 20
19.952
 10
117.8
 20
19.708
 10
118.589
 20
19.326
 10
118.532
 20
20.44
 10
118.776
 20
21.254
 10
119.159
 20
22.01
 10
119.484
 20
22.498
 10
120.379
 20
23.474
 10
121.217
 20
24.019
 10
121.566
 20
23.881
 10
121.892
 20
23.556
 10
122.705
 20
22.417
 10
123.25
 20
21.172
 10
123.331
 20
20.847
 10
123.331
 20
20.196
 10
123.413
 20
20.115
 10
125.308
 20
21.961
 10
125.959
 20
22.856
 10
126.178
 20
23.287
 10
126.154
 20
23.425
 10
126.016
 20
23.45
 10
125.853
 20
23.368
 10
125.503
 20
23.425
 10
125.365
 20
23.612
 10
125.365
 20
23.856
 10
125.584
 20
24.206
 97
0
 92
3
 72
0
 73
1
 93
43
 10
121.217
 20
23.612
 10
120.948
 20
23.474
 10
120.053
 20
22.579
 10
119.565
 20
21.929
 10
119.102
 20
21.01
 10
118.858
 20
19.79
 10
118.939
 20
19.627
 10
118.939
 20
19.139
 10
119.24
 20
18.382
 10
119.834
 20
18.244
 10
120.159
 20
18.081
 10
120.566
 20
18.244
 10
121.054
 20
18.244
 10
121.322
 20
18.025
 10
121.518
 20
17.65
 10
121.786
 20
17.512
 10
122.03
 20
17.512
 10
122.38
 20
17.293
 10
122.624
 20
16.967
 10
122.843
 20
16.455
 10
122.762
 20
15.967
 10
122.437
 20
15.397
 10
123.169
 20
14.991
 10
123.657
 20
14.828
 10
124.47
 20
14.828
 10
125.796
 20
15.292
 10
126.284
 20
15.617
 10
127.179
 20
16.593
 10
127.724
 20
17.593
 10
127.667
 20
17.781
 10
127.016
 20
18.187
 10
125.772
 20
18.732
 10
125.121
 20
18.895
 10
124.226
 20
18.895
 10
123.657
 20
18.732
 10
122.9
 20
18.35
 10
122.054
 20
17.618
 10
122.843
 20
19.22
 10
122.982
 20
20.139
 10
122.925
 20
20.847
 10
122.599
 20
21.823
 10
122.217
 20
22.498
 10
121.81
 20
23.067
 97
0
 92
3
 72
0
 73
1
 93
26
 10
116.092
 20
19.627
 10
115.93
 20
19.546
 10
115.198
 20
19.464
 10
114.466
 20
19.22
 10
113.709
 20
18.838
 10
113.652
 20
18.651
 10
113.734
 20
18.407
 10
114.197
 20
17.488
 10
114.523
 20
17.0
 10
115.255
 20
16.268
 10
115.58
 20
16.024
 10
116.336
 20
15.641
 10
116.906
 20
15.479
 10
118.126
 20
15.479
 10
118.232
 20
15.536
 10
118.451
 20
16.048
 10
118.451
 20
16.292
 10
118.288
 20
16.78
 10
118.37
 20
17.268
 10
118.589
 20
17.781
 10
118.964
 20
18.138
 10
119.02
 20
18.244
 10
118.964
 20
18.35
 10
118.476
 20
18.919
 10
117.475
 20
19.464
 10
116.824
 20
19.627
 97
0
 92
3
 72
0
 73
1
 93
31
 10
119.509
 20
18.244
 10
118.996
 20
18.025
 10
118.833
 20
17.862
 10
118.532
 20
17.187
 10
118.532
 20
16.699
 10
118.858
 20
16.129
 10
118.451
 20
15.56
 10
118.451
 20
14.828
 10
118.671
 20
14.397
 10
119.02
 20
14.177
 10
119.264
 20
14.177
 10
119.753
 20
14.503
 10
120.135
 20
14.072
 10
120.403
 20
13.933
 10
120.729
 20
13.933
 10
121.078
 20
14.072
 10
121.404
 20
14.316
 10
121.623
 20
14.747
 10
121.648
 20
15.454
 10
122.03
 20
15.479
 10
122.331
 20
15.666
 10
122.599
 20
16.129
 10
122.599
 20
16.536
 10
122.298
 20
17.049
 10
121.786
 20
17.349
 10
121.404
 20
17.374
 10
121.379
 20
17.593
 10
121.16
 20
17.943
 10
120.647
 20
18.0
 10
120.265
 20
17.699
 10
119.858
 20
18.106
 97
0
 92
3
 72
0
 73
1
 93
17
 10
119.94
 20
16.674
 10
120.159
 20
16.699
 10
120.241
 20
16.617
 10
119.915
 20
16.129
 10
119.915
 20
15.723
 10
120.078
 20
15.56
 10
120.509
 20
15.698
 10
120.948
 20
16.154
 10
121.135
 20
16.211
 10
121.217
 20
16.129
 10
121.078
 20
15.861
 10
120.834
 20
15.617
 10
120.241
 20
15.235
 10
119.997
 20
15.235
 10
119.777
 20
15.34
 10
119.671
 20
15.56
 10
119.671
 20
16.211
 97
0
 92
3
 72
0
 73
1
 93
23
 10
117.963
 20
15.235
 10
116.881
 20
14.69
 10
116.149
 20
13.958
 10
115.686
 20
13.12
 10
115.442
 20
12.144
 10
115.442
 20
10.924
 10
115.523
 20
10.517
 10
115.767
 20
10.11
 10
116.092
 20
10.11
 10
117.15
 20
10.354
 10
118.044
 20
10.68
 10
118.72
 20
11.062
 10
119.289
 20
11.55
 10
119.997
 20
12.713
 10
120.159
 20
13.201
 10
120.184
 20
13.632
 10
119.891
 20
13.828
 10
119.671
 20
14.096
 10
119.346
 20
13.933
 10
118.939
 20
13.933
 10
118.671
 20
14.072
 10
118.288
 20
14.503
 10
118.183
 20
15.21
 97
0
 92
3
 72
0
 73
1
 93
23
 10
122.111
 20
15.153
 10
122.006
 20
15.096
 10
121.867
 20
14.584
 10
121.566
 20
14.072
 10
120.891
 20
13.689
 10
120.541
 20
13.632
 10
120.485
 20
13.527
 10
120.428
 20
13.258
 10
120.485
 20
12.713
 10
120.729
 20
11.981
 10
121.111
 20
11.306
 10
121.599
 20
10.818
 10
122.087
 20
10.493
 10
123.494
 20
9.948
 10
124.714
 20
9.704
 10
124.877
 20
9.866
 10
125.039
 20
10.517
 10
125.039
 20
11.737
 10
124.795
 20
12.795
 10
124.25
 20
13.795
 10
123.762
 20
14.283
 10
123.193
 20
14.69
 10
122.274
 20
15.153
 97
0
 75
0
 76
1
 98
0
  0
ENDSEC
  0
SECTION
  2
OBJECTS
  0
DICTIONARY
  5
A
330
0
100
AcDbDictionary
281
1
  3
ACAD_COLOR
350
B
  3
ACAD_GROUP
350
C
  3
ACAD_LAYOUT
350
D
  3
ACAD_MATERIAL
350
E
  3
ACAD_MLEADERSTYLE
350
F
  3
ACAD_MLINESTYLE
350
10
  3
ACAD_PLOTSETTINGS
350
11
  3
ACAD_PLOTSTYLENAME
350
12
  3
ACAD_SCALELIST
350
14
  3
ACAD_TABLESTYLE
350
15
  3
ACAD_VISUALSTYLE
350
16
  3
EZDXF_META
350
2D
  0
DICTIONARY
  5
B
330
A
100
AcDbDictionary
281
1
  0
DICTIONARY
  5
C
330
A
100
AcDbDictionary
281
1
  0
DICTIONARY
  5
D
330
A
100
AcDbDictionary
281
1
  3
Model
350
1A
  3
Layout1
350
1E
  0
DICTIONARY
  5
E
330
A
100
AcDbDictionary
281
1
  3
ByBlock
350
1F
  3
ByLayer
350
20
  3
Global
350
21
  0
DICTIONARY
  5
F
330
A
100
AcDbDictionary
281
1
  3
Standard
350
2C
  0
DICTIONARY
  5
10
330
A
100
AcDbDictionary
281
1
  3
Standard
350
22
  0
DICTIONARY
  5
11
330
A
100
AcDbDictionary
281
1
  0
ACDBDICTIONARYWDFLT
  5
12
330
A
100
AcDbDictionary
281
1
  3
Normal
350
13
100
AcDbDictionaryWithDefault
340
13
  0
ACDBPLACEHOLDER
  5
13
330
12
  0
DICTIONARY
  5
14
330
A
100
AcDbDictionary
281
1
  0
DICTIONARY
  5
15
330
A
100
AcDbDictionary
281
1
  0
DICTIONARY
  5
16
330
A
100
AcDbDictionary
281
1
  0
LAYOUT
  5
1A
330
D
100
AcDbPlotSettings
  1

  4
A3
  6

 40
7.5
 41
20.0
 42
7.5
 43
20.0
 44
420.0
 45
297.0
 46
0.0
 47
0.0
 48
0.0
 49
0.0
140
0.0
141
0.0
142
1.0
143
1.0
 70
1024
 72
1
 73
0
 74
5
  7

 75
16
 76
0
 77
2
 78
300
147
1.0
148
0.0
149
0.0
100
AcDbLayout
  1
Model
 70
1
 71
0
 10
0.0
 20
0.0
 11
420.0
 21
297.0
 12
0.0
 22
0.0
 32
0.0
 14
1e+20
 24
1e+20
 34
1e+20
 15
-1e+20
 25
-1e+20
 35
-1e+20
146
0.0
 13
0.0
 23
0.0
 33
0.0
 16
1.0
 26
0.0
 36
0.0
 17
0.0
 27
1.0
 37
0.0
 76
1
330
17
  0
LAYOUT
  5
1E
330
D
100
AcDbPlotSettings
  1

  4
A3
  6

 40
7.5
 41
20.0
 42
7.5
 43
20.0
 44
420.0
 45
297.0
 46
0.0
 47
0.0
 48
0.0
 49
0.0
140
0.0
141
0.0
142
1.0
143
1.0
 70
0
 72
1
 73
0
 74
5
  7

 75
16
 76
0
 77
2
 78
300
147
1.0
148
0.0
149
0.0
100
AcDbLayout
  1
Layout1
 70
1
 71
1
 10
0.0
 20
0.0
 11
420.0
 21
297.0
 12
0.0
 22
0.0
 32
0.0
 14
1e+20
 24
1e+20
 34
1e+20
 15
-1e+20
 25
-1e+20
 35
-1e+20
146
0.0
 13
0.0
 23
0.0
 33
0.0
 16
1.0
 26
0.0
 36
0.0
 17
0.0
 27
1.0
 37
0.0
 76
1
330
1B
  0
MATERIAL
  5
1F
102
{ACAD_REACTORS
330
E
102
}
330
E
100
AcDbMaterial
  1
ByBlock
  2

 70
0
 40
1.0
 71
1
 41
1.0
 91
-1023410177
 42
1.0
 72
1
  3

 73
1
 74
1
 75
1
 44
0.5
 73
0
 45
1.0
 46
1.0
 77
1
  4

 78
1
 79
1
170
1
 48
1.0
171
1
  6

172
1
173
1
174
1
140
1.0
141
1.0
175
1
  7

176
1
177
1
178
1
143
1.0
179
1
  8

270
1
271
1
272
1
145
1.0
146
1.0
273
1
  9

274
1
275
1
276
1
 42
1.0
 72
1
  3

 73
1
 74
1
 75
1
 94
63
  0
MATERIAL
  5
20
102
{ACAD_REACTORS
330
E
102
}
330
E
100
AcDbMaterial
  1
ByLayer
  2

 70
0
 40
1.0
 71
1
 41
1.0
 91
-1023410177
 42
1.0
 72
1
  3

 73
1
 74
1
 75
1
 44
0.5
 73
0
 45
1.0
 46
1.0
 77
1
  4

 78
1
 79
1
170
1
 48
1.0
171
1
  6

172
1
173
1
174
1
140
1.0
141
1.0
175
1
  7

176
1
177
1
178
1
143
1.0
179
1
  8

270
1
271
1
272
1
145
1.0
146
1.0
273
1
  9

274
1
275
1
276
1
 42
1.0
 72
1
  3

 73
1
 74
1
 75
1
 94
63
  0
MATERIAL
  5
21
102
{ACAD_REACTORS
330
E
102
}
330
E
100
AcDbMaterial
  1
Global
  2

 70
0
 40
1.0
 71
1
 41
1.0
 91
-1023410177
 42
1.0
 72
1
  3

 73
1
 74
1
 75
1
 44
0.5
 73
0
 45
1.0
 46
1.0
 77
1
  4

 78
1
 79
1
170
1
 48
1.0
171
1
  6

172
1
173
1
174
1
140
1.0
141
1.0
175
1
  7

176
1
177
1
178
1
143
1.0
179
1
  8

270
1
271
1
272
1
145
1.0
146
1.0
273
1
  9

274
1
275
1
276
1
 42
1.0
 72
1
  3

 73
1
 74
1
 75
1
 94
63
  0
MLINESTYLE
  5
22
102
{ACAD_REACTORS
330
10
102
}
330
10
100
AcDbMlineStyle
  2
Standard
 70
0
  3

 62
256
 51
90.0
 52
90.0
 71
2
 49
0.5
 62
256
  6
BYLAYER
 49
-0.5
 62
256
  6
BYLAYER
  0
MLEADERSTYLE
  5
2C
102
{ACAD_REACTORS
330
F
102
}
330
F
100
AcDbMLeaderStyle
179
2
170
2
171
1
172
0
 90
2
 40
0.0
 41
0.0
173
1
 91
-1056964608
 92
-2
290
1
 42
2.0
291
1
 43
8.0
  3
Standard
 44
4.0
300

342
29
174
1
175
1
176
0
178
1
 93
-1056964608
 45
4.0
292
0
297
0
 46
4.0
 94
-1056964608
 47
1.0
 49
1.0
140
1.0
294
1
141
0.0
177
0
142
1.0
295
0
296
0
143
3.75
271
0
272
9
273
9
  0
DICTIONARY
  5
2D
330
A
100
AcDbDictionary
280
1
281
1
  3
CREATED_BY_EZDXF
350
2E
  3
WRITTEN_BY_EZDXF
350
6B
  0
DICTIONARYVAR
  5
2E
330
2D
100
DictionaryVariables
280
0
  1
1.4.2 @ 2026-08-25T23:57:12.467394+00:00
  0
DICTIONARYVAR
  5
6B
330
2D
100
DictionaryVariables
280
0
  1
1.4.2 @ 2026-08-25T23:57:12.471843+00:00
  0
ENDSEC
  0
EOF
