  0
SECTION
  2
HEADER
  9
$ACADVER
  1
AC1015
  9
$ACADMAINTVER
 70
6
  9
$DWGCODEPAGE
  3
ANSI_1252
  9
$INSBASE
 10
0.0
 20
0.0
 30
0.0
  9
$EXTMIN
 10
1e+20
 20
1e+20
 30
1e+20
  9
$EXTMAX
 10
-1e+20
 20
-1e+20
 30
-1e+20
  9
$LIMMIN
 10
0.0
 20
0.0
  9
$LIMMAX
 10
420.0
 20
297.0
  9
$ORTHOMODE
 70
0
  9
$REGENMODE
 70
1
  9
$FILLMODE
 70
1
  9
$QTEXTMODE
 70
0
  9
$MIRRTEXT
 70
1
  9
$LTSCALE
 40
1.0
  9
$ATTMODE
 70
1
  9
$TEXTSIZE
 40
2.5
  9
$TRACEWID
 40
1.0
  9
$TEXTSTYLE
  7
Standard
  9
$CLAYER
  8
0
  9
$CELTYPE
  6
ByLayer
  9
$CECOLOR
 62
256
  9
$CELTSCALE
 40
1.0
  9
$DISPSILH
 70
0
  9
$DIMSCALE
 40
1.0
  9
$DIMASZ
 40
2.5
  9
$DIMEXO
 40
0.625
  9
$DIMDLI
 40
3.75
  9
$DIMRND
 40
0.0
  9
$DIMDLE
 40
0.0
  9
$DIMEXE
 40
1.25
  9
$DIMTP
 40
0.0
  9
$DIMTM
 40
0.0
  9
$DIMTXT
 40
2.5
  9
$DIMCEN
 40
2.5
  9
$DIMTSZ
 40
0.0
  9
$DIMTOL
 70
0
  9
$DIMLIM
 70
0
  9
$DIMTIH
 70
0
  9
$DIMTOH
 70
0
  9
$DIMSE1
 70
0
  9
$DIMSE2
 70
0
  9
$DIMTAD
 70
1
  9
$DIMZIN
 70
8
  9
$DIMBLK
  1

  9
$DIMASO
 70
1
  9
$DIMSHO
 70
1
  9
$DIMPOST
  1

  9
$DIMAPOST
  1

  9
$DIMALT
 70
0
  9
$DIMALTD
 70
3
  9
$DIMALTF
 40
0.03937007874
  9
$DIMLFAC
 40
1.0
  9
$DIMTOFL
 70
1
  9
$DIMTVP
 40
0.0
  9
$DIMTIX
 70
0
  9
$DIMSOXD
 70
0
  9
$DIMSAH
 70
0
  9
$DIMBLK1
  1

  9
$DIMBLK2
  1

  9
$DIMSTYLE
  2
ISO-25
  9
$DIMCLRD
 70
0
  9
$DIMCLRE
 70
0
  9
$DIMCLRT
 70
0
  9
$DIMTFAC
 40
1.0
  9
$DIMGAP
 40
0.625
  9
$DIMJUST
 70
0
  9
$DIMSD1
 70
0
  9
$DIMSD2
 70
0
  9
$DIMTOLJ
 70
0
  9
$DIMTZIN
 70
8
  9
$DIMALTZ
 70
0
  9
$DIMALTTZ
 70
0
  9
$DIMUPT
 70
0
  9
$DIMDEC
 70
2
  9
$DIMTDEC
 70
2
  9
$DIMALTU
 70
2
  9
$DIMALTTD
 70
3
  9
$DIMTXSTY
  7
Standard
  9
$DIMAUNIT
 70
0
  9
$DIMADEC
 70
0
  9
$DIMALTRND
 40
0.0
  9
$DIMAZIN
 70
0
  9
$DIMDSEP
 70
44
  9
$DIMATFIT
 70
3
  9
$DIMFRAC
 70
0
  9
$DIMLDRBLK
  1

  9
$DIMLUNIT
 70
2
  9
$DIMLWD
 70
-2
  9
$DIMLWE
 70
-2
  9
$DIMTMOVE
 70
0
  9
$LUNITS
 70
2
  9
$LUPREC
 70
4
  9
$SKETCHINC
 40
1.0
  9
$FILLETRAD
 40
10.0
  9
$AUNITS
 70
0
  9
$AUPREC
 70
2
  9
$MENU
  1
.
  9
$ELEVATION
 40
0.0
  9
$PELEVATION
 40
0.0
  9
$THICKNESS
 40
0.0
  9
$LIMCHECK
 70
0
  9
$CHAMFERA
 40
0.0
  9
$CHAMFERB
 40
0.0
  9
$CHAMFERC
 40
0.0
  9
$CHAMFERD
 40
0.0
  9
$SKPOLY
 70
0
  9
$TDCREATE
 40
2461278.831388889
  9
$TDUCREATE
 40
2458532.153996898
  9
$TDUPDATE
 40
2461278.831388889
  9
$TDUUPDATE
 40
2458532.1544311
  9
$TDINDWG
 40
0.0
  9
$TDUSRTIMER
 40
0.0
  9
$USRTIMER
 70
1
  9
$ANGBASE
 50
0.0
  9
$ANGDIR
 70
0
  9
$PDMODE
 70
0
  9
$PDSIZE
 40
0.0
  9
$PLINEWID
 40
0.0
  9
$SPLFRAME
 70
0
  9
$SPLINETYPE
 70
6
  9
$SPLINESEGS
 70
8
  9
$HANDSEED
  5
E8
  9
$SURFTAB1
 70
6
  9
$SURFTAB2
 70
6
  9
$SURFTYPE
 70
6
  9
$SURFU
 70
6
  9
$SURFV
 70
6
  9
$UCSBASE
  2

  9
$UCSNAME
  2

  9
$UCSORG
 10
0.0
 20
0.0
 30
0.0
  9
$UCSXDIR
 10
1.0
 20
0.0
 30
0.0
  9
$UCSYDIR
 10
0.0
 20
1.0
 30
0.0
  9
$UCSORTHOREF
  2

  9
$UCSORTHOVIEW
 70
0
  9
$UCSORGTOP
 10
0.0
 20
0.0
 30
0.0
  9
$UCSORGBOTTOM
 10
0.0
 20
0.0
 30
0.0
  9
$UCSORGLEFT
 10
0.0
 20
0.0
 30
0.0
  9
$UCSORGRIGHT
 10
0.0
 20
0.0
 30
0.0
  9
$UCSORGFRONT
 10
0.0
 20
0.0
 30
0.0
  9
$UCSORGBACK
 10
0.0
 20
0.0
 30
0.0
  9
$PUCSBASE
  2

  9
$PUCSNAME
  2

  9
$PUCSORG
 10
0.0
 20
0.0
 30
0.0
  9
$PUCSXDIR
 10
1.0
 20
0.0
 30
0.0
  9
$PUCSYDIR
 10
0.0
 20
1.0
 30
0.0
  9
$PUCSORTHOREF
  2

  9
$PUCSORTHOVIEW
 70
0
  9
$PUCSORGTOP
 10
0.0
 20
0.0
 30
0.0
  9
$PUCSORGBOTTOM
 10
0.0
 20
0.0
 30
0.0
  9
$PUCSORGLEFT
 10
0.0
 20
0.0
 30
0.0
  9
$PUCSORGRIGHT
 10
0.0
 20
0.0
 30
0.0
  9
$PUCSORGFRONT
 10
0.0
 20
0.0
 30
0.0
  9
$PUCSORGBACK
 10
0.0
 20
0.0
 30
0.0
  9
$USERI1
 70
0
  9
$USERI2
 70
0
  9
$USERI3
 70
0
  9
$USERI4
 70
0
  9
$USERI5
 70
0
  9
$USERR1
 40
0.0
  9
$USERR2
 40
0.0
  9
$USERR3
 40
0.0
  9
$USERR4
 40
0.0
  9
$USERR5
 40
0.0
  9
$WORLDVIEW
 70
1
  9
$SHADEDGE
 70
3
  9
$SHADEDIF
 70
70
  9
$TILEMODE
 70
1
  9
$MAXACTVP
 70
64
  9
$PINSBASE
 10
0.0
 20
0.0
 30
0.0
  9
$PLIMCHECK
 70
0
  9
$PEXTMIN
 10
1e+20
 20
1e+20
 30
1e+20
  9
$PEXTMAX
 10
-1e+20
 20
-1e+20
 30
-1e+20
  9
$PLIMMIN
 10
0.0
 20
0.0
  9
$PLIMMAX
 10
420.0
 20
297.0
  9
$UNITMODE
 70
0
  9
$VISRETAIN
 70
1
  9
$PLINEGEN
 70
0
  9
$PSLTSCALE
 70
1
  9
$TREEDEPTH
 70
3020
  9
$CMLSTYLE
  2
Standard
  9
$CMLJUST
 70
0
  9
$CMLSCALE
 40
20.0
  9
$PROXYGRAPHICS
 70
1
  9
$MEASUREMENT
 70
1
  9
$CELWEIGHT
370
-1
  9
$ENDCAPS
280
0
  9
$JOINSTYLE
280
0
  9
$LWDISPLAY
290
0
  9
$INSUNITS
 70
4
  9
$HYPERLINKBASE
  1

  9
$STYLESHEET
  1

  9
$XEDIT
290
1
  9
$CEPSNTYPE
380
0
  9
$PSTYLEMODE
290
1
  9
$FINGERPRINTGUID
  2
{82E11EEC-CB92-4CB5-9D8A-A14E9EA867C2}
  9
$VERSIONGUID
  2
{6EE473EC-F3EE-47E4-B4ED-04DC7783E8D0}
  9
$EXTNAMES
290
1
  9
$PSVPSCALE
 40
0.0
  9
$OLESTARTUP
290
0
  0
ENDSEC
  0
SECTION
  2
CLASSES
  0
CLASS
  1
ACDBDICTIONARYWDFLT
  2
AcDbDictionaryWithDefault
  3
ObjectDBX Classes
 90
0
280
0
281
0
  0
CLASS
  1
SUN
  2
AcDbSun
  3
SCENEOE
 90
1153
280
0
281
0
  0
CLASS
  1
VISUALSTYLE
  2
AcDbVisualStyle
  3
ObjectDBX Classes
 90
4095
280
0
281
0
  0
CLASS
  1
MATERIAL
  2
AcDbMaterial
  3
ObjectDBX Classes
 90
1153
280
0
281
0
  0
CLASS
  1
SCALE
  2
AcDbScale
  3
ObjectDBX Classes
 90
1153
280
0
281
0
  0
CLASS
  1
TABLESTYLE
  2
AcDbTableStyle
  3
ObjectDBX Classes
 90
4095
280
0
281
0
  0
CLASS
  1
MLEADERSTYLE
  2
AcDbMLeaderStyle
  3
ACDB_MLEADERSTYLE_CLASS
 90
4095
280
0
281
0
  0
CLASS
  1
DICTIONARYVAR
  2
AcDbDictionaryVar
  3
ObjectDBX Classes
 90
0
280
0
281
0
  0
CLASS
  1
CELLSTYLEMAP
  2
AcDbCellStyleMap
  3
ObjectDBX Classes
 90
1152
280
0
281
0
  0
CLASS
  1
MENTALRAYRENDERSETTINGS
  2
AcDbMentalRayRenderSettings
  3
SCENEOE
 90
1024
280
0
281
0
  0
CLASS
  1
ACDBDETAILVIEWSTYLE
  2
AcDbDetailViewStyle
  3
ObjectDBX Classes
 90
1025
280
0
281
0
  0
CLASS
  1
ACDBSECTIONVIEWSTYLE
  2
AcDbSectionViewStyle
  3
ObjectDBX Classes
 90
1025
280
0
281
0
  0
CLASS
  1
RASTERVARIABLES
  2
AcDbRasterVariables
  3
ISM
 90
0
280
0
281
0
  0
CLASS
  1
ACDBPLACEHOLDER
  2
AcDbPlaceHolder
  3
ObjectDBX Classes
 90
0
280
0
281
0
  0
CLASS
  1
LAYOUT
  2
AcDbLayout
  3
ObjectDBX Classes
 90
0
280
0
281
0
  0
ENDSEC
  0
SECTION
  2
TABLES
  0
TABLE
  2
VPORT
  5
8
330
0
100
AcDbSymbolTable
 70
1
  0
VPORT
  5
23
330
8
100
AcDbSymbolTableRecord
100
AcDbViewportTableRecord
  2
*Active
 70
0
 10
0.0
 20
0.0
 11
1.0
 21
1.0
 12
0.0
 22
0.0
 13
0.0
 23
0.0
 14
0.5
 24
0.5
 15
0.5
 25
0.5
 16
0.0
 26
0.0
 36
1.0
 17
0.0
 27
0.0
 37
0.0
 40
1000.0
 41
1.34
 42
50.0
 43
0.0
 44
0.0
 50
0.0
 51
0.0
 71
0
 72
1000
 73
1
 74
3
 75
0
 76
0
 77
0
 78
0
281
0
 65
0
146
0.0
  0
ENDTAB
  0
TABLE
  2
LTYPE
  5
2
330
0
100
AcDbSymbolTable
 70
3
  0
LTYPE
  5
24
330
2
100
AcDbSymbolTableRecord
100
AcDbLinetypeTableRecord
  2
ByBlock
 70
0
  3

 72
65
 73
0
 40
0.0
  0
LTYPE
  5
25
330
2
100
AcDbSymbolTableRecord
100
AcDbLinetypeTableRecord
  2
ByLayer
 70
0
  3

 72
65
 73
0
 40
0.0
  0
LTYPE
  5
26
330
2
100
AcDbSymbolTableRecord
100
AcDbLinetypeTableRecord
  2
Continuous
 70
0
  3

 72
65
 73
0
 40
0.0
  0
ENDTAB
  0
TABLE
  2
LAYER
  5
1
330
0
100
AcDbSymbolTable
 70
4
  0
LAYER
  5
27
330
1
100
AcDbSymbolTableRecord
100
AcDbLayerTableRecord
  2
0
 70
0
 62
7
  6
Continuous
370
-3
390
13
  0
LAYER
  5
28
330
1
100
AcDbSymbolTableRecord
100
AcDbLayerTableRecord
  2
Defpoints
 70
0
 62
7
  6
Continuous
290
0
370
-3
390
13
  0
LAYER
  5
2F
330
1
100
AcDbSymbolTableRecord
100
AcDbLayerTableRecord
  2
CUT
 70
0
 62
1
  6
Continuous
370
-3
390
13
  0
LAYER
  5
30
330
1
100
AcDbSymbolTableRecord
100
AcDbLayerTableRecord
  2
RASTER
 70
0
 62
7
  6
Continuous
370
-3
390
13
  0
ENDTAB
  0
TABLE
  2
STYLE
  5
5
330
0
100
AcDbSymbolTable
 70
1
  0
STYLE
  5
29
330
5
100
AcDbSymbolTableRecord
100
AcDbTextStyleTableRecord
  2
Standard
 70
0
 40
0.0
 41
1.0
 50
0.0
 71
0
 42
2.5
  3
txt
  4

  0
ENDTAB
  0
TABLE
  2
VIEW
  5
7
330
0
100
AcDbSymbolTable
 70
0
  0
ENDTAB
  0
TABLE
  2
UCS
  5
6
330
0
100
AcDbSymbolTable
 70
0
  0
ENDTAB
  0
TABLE
  2
APPID
  5
3
330
0
100
AcDbSymbolTable
 70
3
  0
APPID
  5
2A
330
3
100
AcDbSymbolTableRecord
100
AcDbRegAppTableRecord
  2
ACAD
 70
0
  0
APPID
  5
E5
330
3
100
AcDbSymbolTableRecord
100
AcDbRegAppTableRecord
  2
HATCHBACKGROUNDCOLOR
 70
0
  0
APPID
  5
E6
330
3
100
AcDbSymbolTableRecord
100
AcDbRegAppTableRecord
  2
EZDXF
 70
0
  0
ENDTAB
  0
TABLE
  2
DIMSTYLE
  5
4
330
0
100
AcDbSymbolTable
 70
1
100
AcDbDimStyleTable
  0
DIMSTYLE
105
2B
330
4
100
AcDbSymbolTableRecord
100
AcDbDimStyleTableRecord
  2
Standard
 70
0
  3

  4

 40
1.0
 41
2.5
 42
0.625
 43
3.75
 44
1.25
 45
0.0
 46
0.0
 47
0.0
 48
0.0
140
2.5
141
2.5
142
0.0
143
0.03937007874
144
1.0
145
0.0
146
1.0
147
0.625
148
0.0
 71
0
 72
0
 73
0
 74
0
 75
0
 76
0
 77
1
 78
8
 79
3
170
0
171
3
172
1
173
0
174
0
175
0
176
0
177
0
178
0
179
2
271
2
272
2
273
2
274
3
275
0
276
0
277
2
278
44
279
0
280
0
281
0
282
0
283
0
284
8
285
0
286
0
288
0
289
3
371
-2
372
-2
  0
ENDTAB
  0
TABLE
  2
BLOCK_RECORD
  5
9
330
0
100
AcDbSymbolTable
 70
2
  0
BLOCK_RECORD
  5
17
330
9
100
AcDbSymbolTableRecord
100
AcDbBlockTableRecord
  2
*Model_Space
340
1A
  0
BLOCK_RECORD
  5
1B
330
9
100
AcDbSymbolTableRecord
100
AcDbBlockTableRecord
  2
*Paper_Space
340
1E
  0
ENDTAB
  0
ENDSEC
  0
SECTION
  2
BLOCKS
  0
BLOCK
  5
18
330
17
100
AcDbEntity
  8
0
100
AcDbBlockBegin
  2
*Model_Space
 70
0
 10
0.0
 20
0.0
 30
0.0
  3
*Model_Space
  1

  0
ENDBLK
  5
19
330
17
100
AcDbEntity
  8
0
100
AcDbBlockEnd
  0
BLOCK
  5
1C
330
1B
100
AcDbEntity
  8
0
100
AcDbBlockBegin
  2
*Paper_Space
 70
0
 10
0.0
 20
0.0
 30
0.0
  3
*Paper_Space
  1

  0
ENDBLK
  5
1D
330
1B
100
AcDbEntity
  8
0
100
AcDbBlockEnd
  0
ENDSEC
  0
SECTION
  2
ENTITIES
  0
LWPOLYLINE
  5
31
330
17
100
AcDbEntity
  8
CUT
100
AcDbPolyline
 90
52
 70
1
 10
3.96
 20
42.801
 10
3.981
 20
43.283
 10
4.044
 20
43.725
 10
4.149
 20
44.125
 10
4.297
 20
44.485
 10
4.488
 20
44.803
 10
4.722
 20
45.078
 10
4.997
 20
45.312
 10
5.315
 20
45.503
 10
5.675
 20
45.651
 10
6.075
 20
45.756
 10
6.517
 20
45.819
 10
6.999
 20
45.84
 10
63.89
 20
45.84
 10
64.372
 20
45.819
 10
64.814
 20
45.756
 10
65.215
 20
45.651
 10
65.574
 20
45.503
 10
65.892
 20
45.312
 10
66.168
 20
45.078
 10
66.401
 20
44.803
 10
66.592
 20
44.485
 10
66.74
 20
44.125
 10
66.845
 20
43.725
 10
66.908
 20
43.283
 10
66.929
 20
42.801
 10
66.929
 20
6.999
 10
66.908
 20
6.517
 10
66.845
 20
6.075
 10
66.74
 20
5.675
 10
66.592
 20
5.315
 10
66.401
 20
4.997
 10
66.168
 20
4.722
 10
65.892
 20
4.488
 10
65.574
 20
4.297
 10
65.215
 20
4.149
 10
64.814
 20
4.044
 10
64.372
 20
3.981
 10
63.89
 20
3.96
 10
6.999
 20
3.96
 10
6.517
 20
3.981
 10
6.075
 20
4.044
 10
5.675
 20
4.149
 10
5.315
 20
4.297
 10
4.997
 20
4.488
 10
4.722
 20
4.722
 10
4.488
 20
4.997
 10
4.297
 20
5.315
 10
4.149
 20
5.675
 10
4.044
 20
6.075
 10
3.981
 20
6.517
 10
3.96
 20
6.999
  0
HATCH
  5
32
330
17
100
AcDbEntity
  8
RASTER
 62
7
100
AcDbHatch
 10
0.0
 20
0.0
 30
0.0
210
0.0
220
0.0
230
1.0
  2
SOLID
 70
1
 71
0
 91
2
 92
3
 72
0
 73
1
 93
36
 10
5.2
 20
42.4
 10
5.234
 20
42.916
 10
5.337
 20
43.363
 10
5.509
 20
43.741
 10
5.75
 20
44.05
 10
6.059
 20
44.291
 10
6.438
 20
44.463
 10
6.884
 20
44.566
 10
7.4
 20
44.6
 10
63.489
 20
44.6
 10
64.005
 20
44.566
 10
64.452
 20
44.463
 10
64.83
 20
44.291
 10
65.139
 20
44.05
 10
65.38
 20
43.741
 10
65.552
 20
43.363
 10
65.655
 20
42.916
 10
65.689
 20
42.4
 10
65.689
 20
7.4
 10
65.655
 20
6.884
 10
65.552
 20
6.438
 10
65.38
 20
6.059
 10
65.139
 20
5.75
 10
64.83
 20
5.509
 10
64.452
 20
5.338
 10
64.005
 20
5.234
 10
63.489
 20
5.2
 10
7.4
 20
5.2
 10
6.884
 20
5.234
 10
6.438
 20
5.337
 10
6.059
 20
5.509
 10
5.75
 20
5.75
 10
5.509
 20
6.059
 10
5.337
 20
6.438
 10
5.234
 20
6.884
 10
5.2
 20
7.4
 97
0
 92
3
 72
0
 73
1
 93
37
 10
5.6
 20
42.4
 10
5.6
 20
7.4
 10
5.628
 20
6.978
 10
5.712
 20
6.612
 10
5.853
 20
6.303
 10
6.05
 20
6.05
 10
6.303
 20
5.853
 10
6.612
 20
5.713
 10
6.978
 20
5.628
 10
7.4
 20
5.6
 10
63.489
 20
5.6
 10
63.911
 20
5.628
 10
64.277
 20
5.712
 10
64.586
 20
5.853
 10
64.839
 20
6.05
 10
65.036
 20
6.303
 10
65.177
 20
6.612
 10
65.261
 20
6.978
 10
65.289
 20
7.4
 10
65.289
 20
42.4
 10
65.261
 20
42.822
 10
65.177
 20
43.188
 10
65.036
 20
43.497
 10
64.839
 20
43.75
 10
64.586
 20
43.947
 10
64.277
 20
44.088
 10
63.911
 20
44.172
 10
63.489
 20
44.2
 10
7.4
 20
44.2
 10
6.978
 20
44.172
 10
6.612
 20
44.088
 10
6.303
 20
43.947
 10
6.05
 20
43.75
 10
5.853
 20
43.497
 10
5.712
 20
43.188
 10
5.628
 20
42.822
 10
5.6
 20
42.4
 97
0
 75
0
 76
1
 98
0
  0
HATCH
  5
33
330
17
100
AcDbEntity
  8
RASTER
 62
7
100
AcDbHatch
 10
0.0
 20
0.0
 30
0.0
210
0.0
220
0.0
230
1.0
  2
SOLID
 70
1
 71
0
 91
2
 92
3
 72
0
 73
1
 93
153
 10
24.369
 20
41.174
 10
24.368
 20
41.12
 10
24.364
 20
41.067
 10
24.356
 20
41.016
 10
24.346
 20
40.967
 10
24.334
 20
40.92
 10
24.318
 20
40.875
 10
24.299
 20
40.832
 10
24.278
 20
40.791
 10
24.254
 20
40.752
 10
24.227
 20
40.715
 10
24.199
 20
40.679
 10
24.168
 20
40.646
 10
24.136
 20
40.614
 10
24.101
 20
40.584
 10
24.064
 20
40.556
 10
24.024
 20
40.53
 10
23.982
 20
40.505
 10
23.938
 20
40.482
 10
23.892
 20
40.461
 10
23.845
 20
40.441
 10
23.797
 20
40.423
 10
23.747
 20
40.407
 10
23.696
 20
40.393
 10
23.643
 20
40.38
 10
23.589
 20
40.369
 10
23.533
 20
40.36
 10
23.475
 20
40.352
 10
23.415
 20
40.345
 10
23.354
 20
40.34
 10
23.292
 20
40.337
 10
23.227
 20
40.334
 10
23.161
 20
40.334
 10
22.946
 20
40.334
 10
22.946
 20
39.593
 10
22.947
 20
39.577
 10
22.948
 20
39.561
 10
22.95
 20
39.546
 10
22.953
 20
39.531
 10
22.956
 20
39.517
 10
22.96
 20
39.503
 10
22.965
 20
39.49
 10
22.971
 20
39.477
 10
22.978
 20
39.465
 10
22.987
 20
39.454
 10
22.996
 20
39.443
 10
23.008
 20
39.433
 10
23.02
 20
39.424
 10
23.034
 20
39.415
 10
23.05
 20
39.406
 10
23.067
 20
39.399
 10
23.077
 20
39.395
 10
23.088
 20
39.391
 10
23.101
 20
39.387
 10
23.116
 20
39.383
 10
23.131
 20
39.379
 10
23.149
 20
39.375
 10
23.167
 20
39.371
 10
23.187
 20
39.367
 10
23.208
 20
39.363
 10
23.228
 20
39.359
 10
23.246
 20
39.356
 10
23.264
 20
39.353
 10
23.282
 20
39.35
 10
23.298
 20
39.348
 10
23.314
 20
39.346
 10
23.328
 20
39.345
 10
23.328
 20
39.2
 10
21.902
 20
39.2
 10
21.902
 20
39.345
 10
21.916
 20
39.346
 10
21.931
 20
39.348
 10
21.947
 20
39.35
 10
21.964
 20
39.351
 10
21.983
 20
39.353
 10
22.002
 20
39.356
 10
22.023
 20
39.358
 10
22.045
 20
39.36
 10
22.066
 20
39.363
 10
22.086
 20
39.366
 10
22.104
 20
39.369
 10
22.12
 20
39.372
 10
22.135
 20
39.375
 10
22.148
 20
39.378
 10
22.159
 20
39.382
 10
22.169
 20
39.386
 10
22.186
 20
39.393
 10
22.202
 20
39.401
 10
22.216
 20
39.41
 10
22.229
 20
39.418
 10
22.24
 20
39.428
 10
22.25
 20
39.437
 10
22.258
 20
39.447
 10
22.264
 20
39.458
 10
22.27
 20
39.469
 10
22.275
 20
39.481
 10
22.279
 20
39.495
 10
22.282
 20
39.509
 10
22.284
 20
39.524
 10
22.286
 20
39.541
 10
22.287
 20
39.558
 10
22.288
 20
39.577
 10
22.288
 20
41.434
 10
22.287
 20
41.45
 10
22.286
 20
41.465
 10
22.284
 20
41.48
 10
22.282
 20
41.495
 10
22.279
 20
41.508
 10
22.275
 20
41.521
 10
22.271
 20
41.534
 10
22.265
 20
41.546
 10
22.259
 20
41.558
 10
22.251
 20
41.569
 10
22.241
 20
41.58
 10
22.23
 20
41.59
 10
22.217
 20
41.599
 10
22.203
 20
41.608
 10
22.187
 20
41.617
 10
22.169
 20
41.625
 10
22.155
 20
41.631
 10
22.141
 20
41.636
 10
22.125
 20
41.641
 10
22.108
 20
41.646
 10
22.09
 20
41.651
 10
22.072
 20
41.656
 10
22.052
 20
41.661
 10
22.031
 20
41.665
 10
22.01
 20
41.669
 10
21.99
 20
41.673
 10
21.972
 20
41.677
 10
21.955
 20
41.68
 10
21.94
 20
41.682
 10
21.926
 20
41.685
 10
21.913
 20
41.687
 10
21.902
 20
41.688
 10
21.902
 20
41.833
 10
23.354
 20
41.833
 10
23.478
 20
41.83
 10
23.593
 20
41.823
 10
23.701
 20
41.81
 10
23.8
 20
41.792
 10
23.892
 20
41.769
 10
23.975
 20
41.742
 10
24.05
 20
41.709
 10
24.117
 20
41.671
 10
24.176
 20
41.627
 10
24.227
 20
41.579
 10
24.271
 20
41.525
 10
24.306
 20
41.465
 10
24.334
 20
41.401
 10
24.354
 20
41.33
 10
24.365
 20
41.255
 10
24.369
 20
41.174
 97
0
 92
3
 72
0
 73
1
 93
36
 10
23.646
 20
41.08
 10
23.644
 20
41.151
 10
23.638
 20
41.218
 10
23.629
 20
41.281
 10
23.616
 20
41.338
 10
23.599
 20
41.391
 10
23.578
 20
41.439
 10
23.554
 20
41.482
 10
23.526
 20
41.52
 10
23.493
 20
41.554
 10
23.455
 20
41.583
 10
23.41
 20
41.608
 10
23.36
 20
41.628
 10
23.304
 20
41.644
 10
23.242
 20
41.655
 10
23.174
 20
41.662
 10
23.1
 20
41.664
 10
22.946
 20
41.664
 10
22.946
 20
40.508
 10
23.024
 20
40.508
 10
23.098
 20
40.51
 10
23.167
 20
40.517
 10
23.232
 20
40.528
 10
23.292
 20
40.543
 10
23.348
 20
40.563
 10
23.399
 20
40.587
 10
23.445
 20
40.615
 10
23.487
 20
40.648
 10
23.524
 20
40.686
 10
23.557
 20
40.728
 10
23.584
 20
40.775
 10
23.606
 20
40.826
 10
23.623
 20
40.882
 10
23.636
 20
40.943
 10
23.643
 20
41.009
 10
23.646
 20
41.08
 97
0
 75
0
 76
1
 98
0
  0
HATCH
  5
34
330
17
100
AcDbEntity
  8
RASTER
 62
7
100
AcDbHatch
 10
0.0
 20
0.0
 30
0.0
210
0.0
220
0.0
230
1.0
  2
SOLID
 70
1
 71
0
 91
2
 92
3
 72
0
 73
1
 93
355
 10
26.666
 20
39.239
 10
26.646
 20
39.23
 10
26.624
 20
39.222
 10
26.601
 20
39.213
 10
26.577
 20
39.205
 10
26.553
 20
39.197
 10
26.527
 20
39.189
 10
26.501
 20
39.182
 10
26.474
 20
39.174
 10
26.445
 20
39.167
 10
26.417
 20
39.161
 10
26.388
 20
39.156
 10
26.359
 20
39.152
 10
26.329
 20
39.149
 10
26.299
 20
39.146
 10
26.269
 20
39.145
 10
26.238
 20
39.144
 10
26.183
 20
39.145
 10
26.131
 20
39.149
 10
26.084
 20
39.154
 10
26.04
 20
39.161
 10
26.0
 20
39.171
 10
25.963
 20
39.182
 10
25.931
 20
39.196
 10
25.902
 20
39.212
 10
25.876
 20
39.23
 10
25.853
 20
39.25
 10
25.831
 20
39.271
 10
25.812
 20
39.294
 10
25.794
 20
39.32
 10
25.779
 20
39.347
 10
25.766
 20
39.375
 10
25.755
 20
39.406
 10
25.744
 20
39.406
 10
25.729
 20
39.39
 10
25.713
 20
39.376
 10
25.698
 20
39.361
 10
25.682
 20
39.348
 10
25.667
 20
39.334
 10
25.652
 20
39.322
 10
25.637
 20
39.31
 10
25.623
 20
39.298
 10
25.608
 20
39.287
 10
25.593
 20
39.277
 10
25.578
 20
39.267
 10
25.562
 20
39.257
 10
25.546
 20
39.248
 10
25.53
 20
39.239
 10
25.514
 20
39.23
 10
25.498
 20
39.222
 10
25.476
 20
39.212
 10
25.454
 20
39.203
 10
25.433
 20
39.195
 10
25.412
 20
39.187
 10
25.391
 20
39.18
 10
25.37
 20
39.173
 10
25.35
 20
39.167
 10
25.33
 20
39.162
 10
25.308
 20
39.157
 10
25.285
 20
39.153
 10
25.26
 20
39.15
 10
25.233
 20
39.147
 10
25.204
 20
39.145
 10
25.173
 20
39.144
 10
25.139
 20
39.143
 10
25.104
 20
39.142
 10
25.051
 20
39.144
 10
25.0
 20
39.15
 10
24.952
 20
39.16
 10
24.905
 20
39.174
 10
24.86
 20
39.192
 10
24.817
 20
39.214
 10
24.776
 20
39.24
 10
24.737
 20
39.27
 10
24.701
 20
39.303
 10
24.67
 20
39.338
 10
24.644
 20
39.377
 10
24.623
 20
39.417
 10
24.606
 20
39.461
 10
24.594
 20
39.507
 10
24.587
 20
39.555
 10
24.585
 20
39.606
 10
24.585
 20
39.636
 10
24.587
 20
39.664
 10
24.589
 20
39.692
 10
24.593
 20
39.718
 10
24.598
 20
39.743
 10
24.603
 20
39.767
 10
24.61
 20
39.79
 10
24.618
 20
39.811
 10
24.627
 20
39.832
 10
24.636
 20
39.852
 10
24.647
 20
39.872
 10
24.658
 20
39.891
 10
24.671
 20
39.909
 10
24.684
 20
39.927
 10
24.698
 20
39.944
 10
24.713
 20
39.961
 10
24.727
 20
39.975
 10
24.742
 20
39.989
 10
24.757
 20
40.002
 10
24.773
 20
40.015
 10
24.789
 20
40.027
 10
24.806
 20
40.038
 10
24.824
 20
40.049
 10
24.842
 20
40.059
 10
24.86
 20
40.069
 10
24.879
 20
40.078
 10
24.899
 20
40.088
 10
24.918
 20
40.097
 10
24.939
 20
40.106
 10
24.959
 20
40.114
 10
24.981
 20
40.123
 10
25.002
 20
40.131
 10
25.045
 20
40.147
 10
25.09
 20
40.162
 10
25.137
 20
40.178
 10
25.186
 20
40.194
 10
25.237
 20
40.21
 10
25.29
 20
40.226
 10
25.345
 20
40.242
 10
25.403
 20
40.259
 10
25.459
 20
40.275
 10
25.512
 20
40.291
 10
25.561
 20
40.306
 10
25.605
 20
40.321
 10
25.646
 20
40.335
 10
25.683
 20
40.35
 10
25.715
 20
40.363
 10
25.744
 20
40.376
 10
25.744
 20
40.554
 10
25.744
 20
40.567
 10
25.744
 20
40.58
 10
25.743
 20
40.593
 10
25.742
 20
40.608
 10
25.741
 20
40.624
 10
25.74
 20
40.641
 10
25.739
 20
40.658
 10
25.737
 20
40.677
 10
25.735
 20
40.696
 10
25.732
 20
40.713
 10
25.729
 20
40.731
 10
25.725
 20
40.747
 10
25.721
 20
40.763
 10
25.716
 20
40.777
 10
25.711
 20
40.792
 10
25.705
 20
40.805
 10
25.698
 20
40.82
 10
25.691
 20
40.834
 10
25.682
 20
40.847
 10
25.672
 20
40.86
 10
25.661
 20
40.872
 10
25.65
 20
40.884
 10
25.637
 20
40.895
 10
25.624
 20
40.905
 10
25.609
 20
40.915
 10
25.594
 20
40.923
 10
25.577
 20
40.93
 10
25.559
 20
40.936
 10
25.54
 20
40.94
 10
25.52
 20
40.943
 10
25.499
 20
40.945
 10
25.477
 20
40.946
 10
25.457
 20
40.946
 10
25.438
 20
40.945
 10
25.42
 20
40.943
 10
25.402
 20
40.94
 10
25.386
 20
40.937
 10
25.37
 20
40.933
 10
25.355
 20
40.928
 10
25.341
 20
40.923
 10
25.327
 20
40.917
 10
25.315
 20
40.911
 10
25.303
 20
40.905
 10
25.291
 20
40.899
 10
25.281
 20
40.893
 10
25.271
 20
40.887
 10
25.261
 20
40.882
 10
25.253
 20
40.875
 10
25.254
 20
40.866
 10
25.257
 20
40.854
 10
25.26
 20
40.842
 10
25.263
 20
40.829
 10
25.268
 20
40.814
 10
25.272
 20
40.798
 10
25.278
 20
40.781
 10
25.284
 20
40.762
 10
25.29
 20
40.743
 10
25.296
 20
40.725
 10
25.3
 20
40.706
 10
25.304
 20
40.688
 10
25.306
 20
40.669
 10
25.309
 20
40.651
 10
25.31
 20
40.633
 10
25.31
 20
40.616
 10
25.31
 20
40.608
 10
25.309
 20
40.599
 10
25.308
 20
40.59
 10
25.306
 20
40.58
 10
25.304
 20
40.57
 10
25.301
 20
40.56
 10
25.297
 20
40.548
 10
25.293
 20
40.537
 10
25.289
 20
40.525
 10
25.284
 20
40.514
 10
25.279
 20
40.504
 10
25.273
 20
40.494
 10
25.267
 20
40.485
 10
25.26
 20
40.477
 10
25.253
 20
40.469
 10
25.245
 20
40.462
 10
25.234
 20
40.453
 10
25.223
 20
40.444
 10
25.212
 20
40.436
 10
25.2
 20
40.429
 10
25.188
 20
40.422
 10
25.175
 20
40.415
 10
25.163
 20
40.41
 10
25.15
 20
40.404
 10
25.136
 20
40.399
 10
25.12
 20
40.395
 10
25.102
 20
40.392
 10
25.083
 20
40.389
 10
25.061
 20
40.387
 10
25.038
 20
40.385
 10
25.014
 20
40.384
 10
24.987
 20
40.384
 10
24.95
 20
40.385
 10
24.914
 20
40.388
 10
24.881
 20
40.394
 10
24.85
 20
40.403
 10
24.822
 20
40.413
 10
24.796
 20
40.426
 10
24.773
 20
40.441
 10
24.752
 20
40.459
 10
24.733
 20
40.478
 10
24.717
 20
40.499
 10
24.703
 20
40.522
 10
24.692
 20
40.545
 10
24.683
 20
40.571
 10
24.677
 20
40.597
 10
24.673
 20
40.625
 10
24.672
 20
40.655
 10
24.673
 20
40.68
 10
24.677
 20
40.705
 10
24.683
 20
40.73
 10
24.692
 20
40.753
 10
24.704
 20
40.776
 10
24.718
 20
40.799
 10
24.735
 20
40.82
 10
24.754
 20
40.841
 10
24.776
 20
40.861
 10
24.798
 20
40.881
 10
24.821
 20
40.899
 10
24.846
 20
40.917
 10
24.872
 20
40.933
 10
24.899
 20
40.949
 10
24.927
 20
40.964
 10
24.956
 20
40.978
 10
24.986
 20
40.991
 10
25.016
 20
41.004
 10
25.048
 20
41.016
 10
25.081
 20
41.027
 10
25.116
 20
41.037
 10
25.151
 20
41.047
 10
25.187
 20
41.056
 10
25.225
 20
41.064
 10
25.262
 20
41.071
 10
25.299
 20
41.077
 10
25.336
 20
41.082
 10
25.371
 20
41.087
 10
25.406
 20
41.09
 10
25.44
 20
41.093
 10
25.474
 20
41.094
 10
25.507
 20
41.094
 10
25.551
 20
41.094
 10
25.595
 20
41.093
 10
25.638
 20
41.091
 10
25.679
 20
41.089
 10
25.72
 20
41.086
 10
25.76
 20
41.082
 10
25.799
 20
41.078
 10
25.837
 20
41.073
 10
25.874
 20
41.067
 10
25.91
 20
41.06
 10
25.946
 20
41.051
 10
25.98
 20
41.04
 10
26.013
 20
41.029
 10
26.046
 20
41.016
 10
26.077
 20
41.001
 10
26.108
 20
40.985
 10
26.136
 20
40.968
 10
26.163
 20
40.949
 10
26.188
 20
40.928
 10
26.211
 20
40.905
 10
26.233
 20
40.881
 10
26.254
 20
40.855
 10
26.273
 20
40.827
 10
26.291
 20
40.797
 10
26.307
 20
40.765
 10
26.32
 20
40.73
 10
26.332
 20
40.694
 10
26.342
 20
40.654
 10
26.349
 20
40.613
 10
26.354
 20
40.569
 10
26.357
 20
40.523
 10
26.358
 20
40.475
 10
26.358
 20
40.421
 10
26.358
 20
40.365
 10
26.357
 20
40.306
 10
26.356
 20
40.246
 10
26.355
 20
40.182
 10
26.354
 20
40.116
 10
26.352
 20
40.048
 10
26.35
 20
39.977
 10
26.348
 20
39.909
 10
26.346
 20
39.846
 10
26.345
 20
39.789
 10
26.344
 20
39.739
 10
26.343
 20
39.695
 10
26.342
 20
39.657
 10
26.342
 20
39.625
 10
26.342
 20
39.599
 10
26.342
 20
39.579
 10
26.343
 20
39.559
 10
26.345
 20
39.541
 10
26.348
 20
39.524
 10
26.352
 20
39.508
 10
26.356
 20
39.494
 10
26.361
 20
39.48
 10
26.367
 20
39.467
 10
26.374
 20
39.456
 10
26.381
 20
39.445
 10
26.389
 20
39.434
 10
26.399
 20
39.425
 10
26.409
 20
39.416
 10
26.42
 20
39.408
 10
26.431
 20
39.401
 10
26.444
 20
39.395
 10
26.452
 20
39.391
 10
26.462
 20
39.388
 10
26.473
 20
39.385
 10
26.484
 20
39.383
 10
26.497
 20
39.381
 10
26.511
 20
39.379
 10
26.527
 20
39.378
 10
26.543
 20
39.377
 10
26.56
 20
39.377
 10
26.576
 20
39.376
 10
26.592
 20
39.376
 10
26.608
 20
39.375
 10
26.623
 20
39.375
 10
26.638
 20
39.375
 10
26.652
 20
39.374
 10
26.666
 20
39.374
 97
0
 92
3
 72
0
 73
1
 93
65
 10
25.744
 20
40.206
 10
25.718
 20
40.197
 10
25.692
 20
40.187
 10
25.667
 20
40.178
 10
25.641
 20
40.168
 10
25.615
 20
40.158
 10
25.589
 20
40.147
 10
25.564
 20
40.136
 10
25.538
 20
40.125
 10
25.513
 20
40.114
 10
25.49
 20
40.102
 10
25.467
 20
40.09
 10
25.446
 20
40.078
 10
25.425
 20
40.066
 10
25.406
 20
40.054
 10
25.388
 20
40.042
 10
25.371
 20
40.029
 10
25.355
 20
40.016
 10
25.339
 20
40.002
 10
25.324
 20
39.986
 10
25.31
 20
39.97
 10
25.297
 20
39.953
 10
25.285
 20
39.935
 10
25.274
 20
39.916
 10
25.264
 20
39.897
 10
25.255
 20
39.876
 10
25.247
 20
39.855
 10
25.24
 20
39.832
 10
25.235
 20
39.809
 10
25.23
 20
39.785
 10
25.227
 20
39.759
 10
25.225
 20
39.733
 10
25.225
 20
39.707
 10
25.226
 20
39.672
 10
25.229
 20
39.639
 10
25.234
 20
39.609
 10
25.241
 20
39.582
 10
25.251
 20
39.557
 10
25.262
 20
39.534
 10
25.275
 20
39.514
 10
25.291
 20
39.497
 10
25.308
 20
39.482
 10
25.325
 20
39.468
 10
25.344
 20
39.457
 10
25.364
 20
39.448
 10
25.385
 20
39.441
 10
25.407
 20
39.436
 10
25.429
 20
39.433
 10
25.453
 20
39.432
 10
25.478
 20
39.433
 10
25.502
 20
39.435
 10
25.524
 20
39.438
 10
25.546
 20
39.442
 10
25.566
 20
39.448
 10
25.586
 20
39.455
 10
25.604
 20
39.464
 10
25.621
 20
39.474
 10
25.637
 20
39.484
 10
25.653
 20
39.496
 10
25.668
 20
39.508
 10
25.683
 20
39.52
 10
25.697
 20
39.533
 10
25.711
 20
39.547
 10
25.724
 20
39.562
 10
25.737
 20
39.577
 97
0
 75
0
 76
1
 98
0
  0
HATCH
  5
35
330
17
100
AcDbEntity
  8
RASTER
 62
7
100
AcDbHatch
 10
0.0
 20
0.0
 30
0.0
210
0.0
220
0.0
230
1.0
  2
SOLID
 70
1
 71
0
 91
1
 92
3
 72
0
 73
1
 93
249
 10
27.668
 20
39.137
 10
27.624
 20
39.138
 10
27.579
 20
39.14
 10
27.535
 20
39.144
 10
27.491
 20
39.15
 10
27.447
 20
39.158
 10
27.403
 20
39.167
 10
27.36
 20
39.177
 10
27.317
 20
39.19
 10
27.275
 20
39.203
 10
27.236
 20
39.217
 10
27.199
 20
39.23
 10
27.164
 20
39.244
 10
27.132
 20
39.258
 10
27.103
 20
39.273
 10
27.075
 20
39.287
 10
27.051
 20
39.302
 10
26.995
 20
39.176
 10
26.85
 20
39.176
 10
26.826
 20
39.868
 10
26.961
 20
39.868
 10
26.969
 20
39.847
 10
26.978
 20
39.825
 10
26.988
 20
39.802
 10
26.999
 20
39.779
 10
27.011
 20
39.755
 10
27.024
 20
39.731
 10
27.039
 20
39.706
 10
27.054
 20
39.68
 10
27.071
 20
39.654
 10
27.088
 20
39.629
 10
27.106
 20
39.604
 10
27.124
 20
39.58
 10
27.143
 20
39.557
 10
27.162
 20
39.534
 10
27.182
 20
39.513
 10
27.203
 20
39.491
 10
27.225
 20
39.471
 10
27.248
 20
39.451
 10
27.272
 20
39.432
 10
27.296
 20
39.414
 10
27.322
 20
39.397
 10
27.348
 20
39.381
 10
27.374
 20
39.365
 10
27.402
 20
39.35
 10
27.43
 20
39.337
 10
27.459
 20
39.325
 10
27.489
 20
39.315
 10
27.518
 20
39.307
 10
27.549
 20
39.301
 10
27.579
 20
39.296
 10
27.611
 20
39.294
 10
27.642
 20
39.293
 10
27.683
 20
39.294
 10
27.721
 20
39.297
 10
27.757
 20
39.302
 10
27.79
 20
39.309
 10
27.82
 20
39.319
 10
27.847
 20
39.33
 10
27.872
 20
39.343
 10
27.894
 20
39.359
 10
27.913
 20
39.376
 10
27.93
 20
39.396
 10
27.944
 20
39.418
 10
27.956
 20
39.442
 10
27.965
 20
39.469
 10
27.971
 20
39.498
 10
27.975
 20
39.529
 10
27.976
 20
39.562
 10
27.976
 20
39.58
 10
27.974
 20
39.597
 10
27.971
 20
39.614
 10
27.967
 20
39.63
 10
27.962
 20
39.644
 10
27.956
 20
39.659
 10
27.948
 20
39.672
 10
27.939
 20
39.684
 10
27.93
 20
39.696
 10
27.919
 20
39.708
 10
27.908
 20
39.719
 10
27.895
 20
39.729
 10
27.882
 20
39.74
 10
27.868
 20
39.749
 10
27.853
 20
39.759
 10
27.837
 20
39.768
 10
27.819
 20
39.777
 10
27.8
 20
39.786
 10
27.781
 20
39.794
 10
27.761
 20
39.802
 10
27.741
 20
39.81
 10
27.721
 20
39.817
 10
27.7
 20
39.824
 10
27.679
 20
39.831
 10
27.656
 20
39.838
 10
27.633
 20
39.845
 10
27.608
 20
39.852
 10
27.582
 20
39.86
 10
27.555
 20
39.868
 10
27.527
 20
39.876
 10
27.497
 20
39.885
 10
27.466
 20
39.894
 10
27.435
 20
39.903
 10
27.405
 20
39.913
 10
27.377
 20
39.922
 10
27.349
 20
39.931
 10
27.323
 20
39.941
 10
27.297
 20
39.95
 10
27.273
 20
39.96
 10
27.25
 20
39.969
 10
27.227
 20
39.979
 10
27.205
 20
39.991
 10
27.182
 20
40.004
 10
27.158
 20
40.018
 10
27.135
 20
40.034
 10
27.111
 20
40.051
 10
27.088
 20
40.069
 10
27.064
 20
40.089
 10
27.043
 20
40.107
 10
27.024
 20
40.127
 10
27.006
 20
40.147
 10
26.988
 20
40.169
 10
26.972
 20
40.191
 10
26.957
 20
40.214
 10
26.943
 20
40.238
 10
26.93
 20
40.263
 10
26.918
 20
40.289
 10
26.908
 20
40.317
 10
26.899
 20
40.345
 10
26.892
 20
40.375
 10
26.887
 20
40.406
 10
26.883
 20
40.438
 10
26.881
 20
40.472
 10
26.88
 20
40.506
 10
26.883
 20
40.57
 10
26.894
 20
40.631
 10
26.911
 20
40.688
 10
26.935
 20
40.743
 10
26.966
 20
40.794
 10
27.004
 20
40.842
 10
27.048
 20
40.887
 10
27.1
 20
40.929
 10
27.157
 20
40.967
 10
27.218
 20
41.0
 10
27.284
 20
41.028
 10
27.354
 20
41.05
 10
27.428
 20
41.068
 10
27.506
 20
41.081
 10
27.589
 20
41.088
 10
27.676
 20
41.091
 10
27.718
 20
41.09
 10
27.759
 20
41.089
 10
27.799
 20
41.086
 10
27.838
 20
41.082
 10
27.876
 20
41.077
 10
27.914
 20
41.071
 10
27.951
 20
41.064
 10
27.987
 20
41.056
 10
28.021
 20
41.048
 10
28.055
 20
41.039
 10
28.087
 20
41.03
 10
28.117
 20
41.02
 10
28.146
 20
41.011
 10
28.174
 20
41.001
 10
28.2
 20
40.991
 10
28.225
 20
40.981
 10
28.264
 20
41.091
 10
28.405
 20
41.091
 10
28.435
 20
40.458
 10
28.303
 20
40.458
 10
28.285
 20
40.505
 10
28.265
 20
40.551
 10
28.241
 20
40.595
 10
28.215
 20
40.638
 10
28.186
 20
40.679
 10
28.153
 20
40.718
 10
28.118
 20
40.755
 10
28.08
 20
40.791
 10
28.041
 20
40.824
 10
28.0
 20
40.852
 10
27.959
 20
40.876
 10
27.917
 20
40.896
 10
27.874
 20
40.911
 10
27.83
 20
40.922
 10
27.786
 20
40.929
 10
27.741
 20
40.931
 10
27.706
 20
40.93
 10
27.673
 20
40.927
 10
27.642
 20
40.923
 10
27.613
 20
40.916
 10
27.586
 20
40.908
 10
27.561
 20
40.898
 10
27.538
 20
40.886
 10
27.516
 20
40.872
 10
27.497
 20
40.856
 10
27.481
 20
40.839
 10
27.467
 20
40.821
 10
27.455
 20
40.801
 10
27.446
 20
40.779
 10
27.44
 20
40.757
 10
27.436
 20
40.732
 10
27.435
 20
40.707
 10
27.437
 20
40.673
 10
27.442
 20
40.641
 10
27.451
 20
40.612
 10
27.465
 20
40.585
 10
27.481
 20
40.561
 10
27.502
 20
40.539
 10
27.526
 20
40.52
 10
27.554
 20
40.503
 10
27.586
 20
40.487
 10
27.62
 20
40.471
 10
27.658
 20
40.456
 10
27.698
 20
40.441
 10
27.741
 20
40.427
 10
27.788
 20
40.412
 10
27.837
 20
40.398
 10
27.889
 20
40.384
 10
27.969
 20
40.361
 10
28.044
 20
40.337
 10
28.113
 20
40.311
 10
28.177
 20
40.283
 10
28.235
 20
40.253
 10
28.287
 20
40.221
 10
28.334
 20
40.187
 10
28.375
 20
40.151
 10
28.411
 20
40.113
 10
28.443
 20
40.072
 10
28.469
 20
40.029
 10
28.491
 20
39.983
 10
28.508
 20
39.935
 10
28.52
 20
39.884
 10
28.527
 20
39.831
 10
28.529
 20
39.775
 10
28.526
 20
39.701
 10
28.514
 20
39.632
 10
28.496
 20
39.566
 10
28.47
 20
39.505
 10
28.436
 20
39.448
 10
28.395
 20
39.396
 10
28.347
 20
39.348
 10
28.291
 20
39.304
 10
28.229
 20
39.265
 10
28.163
 20
39.231
 10
28.092
 20
39.202
 10
28.016
 20
39.179
 10
27.936
 20
39.16
 10
27.851
 20
39.147
 10
27.762
 20
39.14
 10
27.668
 20
39.137
 97
0
 75
0
 76
1
 98
0
  0
HATCH
  5
36
330
17
100
AcDbEntity
  8
RASTER
 62
7
100
AcDbHatch
 10
0.0
 20
0.0
 30
0.0
210
0.0
220
0.0
230
1.0
  2
SOLID
 70
1
 71
0
 91
1
 92
3
 72
0
 73
1
 93
76
 10
30.138
 20
39.285
 10
30.108
 20
39.273
 10
30.078
 20
39.26
 10
30.047
 20
39.248
 10
30.015
 20
39.236
 10
29.983
 20
39.224
 10
29.951
 20
39.213
 10
29.917
 20
39.202
 10
29.884
 20
39.192
 10
29.849
 20
39.182
 10
29.812
 20
39.173
 10
29.774
 20
39.166
 10
29.734
 20
39.16
 10
29.691
 20
39.156
 10
29.647
 20
39.153
 10
29.601
 20
39.151
 10
29.554
 20
39.15
 10
29.484
 20
39.152
 10
29.418
 20
39.159
 10
29.358
 20
39.17
 10
29.301
 20
39.185
 10
29.25
 20
39.205
 10
29.203
 20
39.229
 10
29.161
 20
39.258
 10
29.124
 20
39.291
 10
29.091
 20
39.328
 10
29.063
 20
39.369
 10
29.039
 20
39.414
 10
29.019
 20
39.462
 10
29.004
 20
39.514
 10
28.993
 20
39.57
 10
28.986
 20
39.63
 10
28.984
 20
39.694
 10
28.984
 20
40.833
 10
28.65
 20
40.833
 10
28.65
 20
41.033
 10
28.991
 20
41.033
 10
28.991
 20
41.595
 10
29.594
 20
41.595
 10
29.594
 20
41.033
 10
30.114
 20
41.033
 10
30.114
 20
40.833
 10
29.598
 20
40.833
 10
29.598
 20
39.816
 10
29.599
 20
39.764
 10
29.602
 20
39.715
 10
29.607
 20
39.671
 10
29.613
 20
39.63
 10
29.622
 20
39.594
 10
29.632
 20
39.561
 10
29.644
 20
39.533
 10
29.658
 20
39.508
 10
29.675
 20
39.487
 10
29.695
 20
39.468
 10
29.717
 20
39.453
 10
29.743
 20
39.44
 10
29.771
 20
39.43
 10
29.803
 20
39.423
 10
29.837
 20
39.419
 10
29.875
 20
39.417
 10
29.888
 20
39.417
 10
29.902
 20
39.418
 10
29.918
 20
39.418
 10
29.934
 20
39.419
 10
29.952
 20
39.42
 10
29.972
 20
39.421
 10
29.992
 20
39.423
 10
30.014
 20
39.425
 10
30.035
 20
39.426
 10
30.055
 20
39.428
 10
30.073
 20
39.43
 10
30.089
 20
39.432
 10
30.104
 20
39.435
 10
30.117
 20
39.437
 10
30.128
 20
39.439
 10
30.138
 20
39.441
 97
0
 75
0
 76
1
 98
0
  0
HATCH
  5
37
330
17
100
AcDbEntity
  8
RASTER
 62
7
100
AcDbHatch
 10
0.0
 20
0.0
 30
0.0
210
0.0
220
0.0
230
1.0
  2
SOLID
 70
1
 71
0
 91
1
 92
3
 72
0
 73
1
 93
203
 10
32.116
 20
40.701
 10
32.115
 20
40.666
 10
32.111
 20
40.633
 10
32.104
 20
40.6
 10
32.094
 20
40.569
 10
32.082
 20
40.538
 10
32.067
 20
40.509
 10
32.049
 20
40.481
 10
32.029
 20
40.453
 10
32.006
 20
40.428
 10
31.982
 20
40.407
 10
31.956
 20
40.388
 10
31.928
 20
40.373
 10
31.898
 20
40.362
 10
31.867
 20
40.353
 10
31.834
 20
40.348
 10
31.799
 20
40.347
 10
31.765
 20
40.348
 10
31.734
 20
40.351
 10
31.703
 20
40.356
 10
31.674
 20
40.364
 10
31.646
 20
40.373
 10
31.619
 20
40.385
 10
31.594
 20
40.399
 10
31.57
 20
40.415
 10
31.548
 20
40.434
 10
31.529
 20
40.454
 10
31.512
 20
40.476
 10
31.499
 20
40.5
 10
31.489
 20
40.527
 10
31.482
 20
40.555
 10
31.477
 20
40.585
 10
31.476
 20
40.618
 10
31.476
 20
40.633
 10
31.476
 20
40.648
 10
31.477
 20
40.662
 10
31.478
 20
40.675
 10
31.479
 20
40.688
 10
31.481
 20
40.699
 10
31.483
 20
40.709
 10
31.485
 20
40.719
 10
31.487
 20
40.728
 10
31.49
 20
40.737
 10
31.492
 20
40.745
 10
31.494
 20
40.754
 10
31.496
 20
40.762
 10
31.498
 20
40.77
 10
31.5
 20
40.778
 10
31.502
 20
40.786
 10
31.48
 20
40.785
 10
31.459
 20
40.781
 10
31.437
 20
40.776
 10
31.414
 20
40.77
 10
31.392
 20
40.761
 10
31.369
 20
40.752
 10
31.345
 20
40.74
 10
31.322
 20
40.727
 10
31.299
 20
40.713
 10
31.276
 20
40.697
 10
31.254
 20
40.68
 10
31.233
 20
40.662
 10
31.212
 20
40.643
 10
31.192
 20
40.623
 10
31.173
 20
40.601
 10
31.155
 20
40.579
 10
31.155
 20
39.56
 10
31.155
 20
39.544
 10
31.156
 20
39.529
 10
31.158
 20
39.514
 10
31.16
 20
39.501
 10
31.163
 20
39.487
 10
31.166
 20
39.475
 10
31.17
 20
39.463
 10
31.175
 20
39.452
 10
31.181
 20
39.442
 10
31.187
 20
39.432
 10
31.194
 20
39.423
 10
31.203
 20
39.414
 10
31.212
 20
39.406
 10
31.222
 20
39.399
 10
31.232
 20
39.392
 10
31.244
 20
39.386
 10
31.255
 20
39.381
 10
31.268
 20
39.376
 10
31.282
 20
39.371
 10
31.297
 20
39.367
 10
31.315
 20
39.363
 10
31.334
 20
39.359
 10
31.354
 20
39.355
 10
31.377
 20
39.351
 10
31.399
 20
39.348
 10
31.419
 20
39.345
 10
31.438
 20
39.342
 10
31.456
 20
39.34
 10
31.471
 20
39.339
 10
31.486
 20
39.337
 10
31.498
 20
39.336
 10
31.509
 20
39.335
 10
31.509
 20
39.2
 10
30.268
 20
39.2
 10
30.268
 20
39.335
 10
30.28
 20
39.336
 10
30.291
 20
39.337
 10
30.303
 20
39.339
 10
30.315
 20
39.34
 10
30.326
 20
39.341
 10
30.338
 20
39.343
 10
30.35
 20
39.344
 10
30.362
 20
39.346
 10
30.373
 20
39.347
 10
30.384
 20
39.349
 10
30.395
 20
39.351
 10
30.405
 20
39.353
 10
30.415
 20
39.356
 10
30.425
 20
39.358
 10
30.434
 20
39.361
 10
30.442
 20
39.363
 10
30.457
 20
39.369
 10
30.47
 20
39.375
 10
30.482
 20
39.382
 10
30.492
 20
39.389
 10
30.502
 20
39.397
 10
30.511
 20
39.406
 10
30.518
 20
39.416
 10
30.524
 20
39.426
 10
30.529
 20
39.437
 10
30.534
 20
39.449
 10
30.538
 20
39.462
 10
30.541
 20
39.476
 10
30.543
 20
39.49
 10
30.545
 20
39.505
 10
30.546
 20
39.521
 10
30.546
 20
39.538
 10
30.546
 20
40.618
 10
30.546
 20
40.634
 10
30.544
 20
40.65
 10
30.542
 20
40.666
 10
30.538
 20
40.681
 10
30.534
 20
40.696
 10
30.529
 20
40.71
 10
30.522
 20
40.724
 10
30.515
 20
40.737
 10
30.507
 20
40.75
 10
30.498
 20
40.762
 10
30.489
 20
40.774
 10
30.48
 20
40.785
 10
30.47
 20
40.795
 10
30.46
 20
40.805
 10
30.45
 20
40.813
 10
30.439
 20
40.822
 10
30.43
 20
40.827
 10
30.421
 20
40.832
 10
30.411
 20
40.837
 10
30.401
 20
40.842
 10
30.39
 20
40.847
 10
30.379
 20
40.851
 10
30.367
 20
40.855
 10
30.354
 20
40.859
 10
30.341
 20
40.862
 10
30.328
 20
40.866
 10
30.315
 20
40.869
 10
30.301
 20
40.871
 10
30.286
 20
40.874
 10
30.272
 20
40.876
 10
30.257
 20
40.878
 10
30.242
 20
40.879
 10
30.242
 20
41.015
 10
31.127
 20
41.063
 10
31.155
 20
41.035
 10
31.155
 20
40.766
 10
31.162
 20
40.766
 10
31.195
 20
40.802
 10
31.227
 20
40.836
 10
31.261
 20
40.868
 10
31.294
 20
40.898
 10
31.328
 20
40.927
 10
31.363
 20
40.953
 10
31.398
 20
40.977
 10
31.434
 20
40.999
 10
31.47
 20
41.019
 10
31.507
 20
41.036
 10
31.544
 20
41.05
 10
31.581
 20
41.062
 10
31.619
 20
41.071
 10
31.657
 20
41.078
 10
31.695
 20
41.082
 10
31.734
 20
41.083
 10
31.776
 20
41.082
 10
31.816
 20
41.077
 10
31.854
 20
41.068
 10
31.889
 20
41.057
 10
31.923
 20
41.042
 10
31.955
 20
41.023
 10
31.984
 20
41.002
 10
32.011
 20
40.977
 10
32.036
 20
40.949
 10
32.057
 20
40.919
 10
32.075
 20
40.888
 10
32.09
 20
40.854
 10
32.101
 20
40.819
 10
32.109
 20
40.782
 10
32.114
 20
40.742
 10
32.116
 20
40.701
 97
0
 75
0
 76
1
 98
0
  0
HATCH
  5
38
330
17
100
AcDbEntity
  8
RASTER
 62
7
100
AcDbHatch
 10
0.0
 20
0.0
 30
0.0
210
0.0
220
0.0
230
1.0
  2
SOLID
 70
1
 71
0
 91
1
 92
3
 72
0
 73
1
 93
294
 10
34.341
 20
40.905
 10
34.32
 20
40.901
 10
34.299
 20
40.896
 10
34.279
 20
40.89
 10
34.258
 20
40.883
 10
34.238
 20
40.874
 10
34.218
 20
40.865
 10
34.198
 20
40.854
 10
34.178
 20
40.842
 10
34.159
 20
40.829
 10
34.141
 20
40.814
 10
34.123
 20
40.797
 10
34.106
 20
40.778
 10
34.09
 20
40.758
 10
34.075
 20
40.736
 10
34.061
 20
40.712
 10
34.048
 20
40.686
 10
34.007
 20
40.601
 10
33.967
 20
40.515
 10
33.927
 20
40.427
 10
33.886
 20
40.338
 10
33.844
 20
40.247
 10
33.803
 20
40.155
 10
33.761
 20
40.062
 10
33.719
 20
39.967
 10
33.676
 20
39.871
 10
33.632
 20
39.773
 10
33.587
 20
39.673
 10
33.541
 20
39.57
 10
33.494
 20
39.466
 10
33.445
 20
39.36
 10
33.395
 20
39.252
 10
33.344
 20
39.142
 10
33.316
 20
39.082
 10
33.287
 20
39.024
 10
33.259
 20
38.97
 10
33.231
 20
38.919
 10
33.203
 20
38.871
 10
33.176
 20
38.826
 10
33.149
 20
38.784
 10
33.122
 20
38.745
 10
33.095
 20
38.709
 10
33.069
 20
38.675
 10
33.043
 20
38.644
 10
33.017
 20
38.614
 10
32.992
 20
38.587
 10
32.968
 20
38.561
 10
32.943
 20
38.538
 10
32.919
 20
38.517
 10
32.897
 20
38.499
 10
32.875
 20
38.483
 10
32.853
 20
38.467
 10
32.831
 20
38.453
 10
32.809
 20
38.44
 10
32.787
 20
38.429
 10
32.765
 20
38.419
 10
32.743
 20
38.41
 10
32.721
 20
38.402
 10
32.699
 20
38.395
 10
32.677
 20
38.389
 10
32.655
 20
38.385
 10
32.633
 20
38.381
 10
32.611
 20
38.378
 10
32.589
 20
38.377
 10
32.567
 20
38.376
 10
32.524
 20
38.378
 10
32.483
 20
38.382
 10
32.444
 20
38.39
 10
32.408
 20
38.401
 10
32.373
 20
38.415
 10
32.341
 20
38.431
 10
32.31
 20
38.451
 10
32.282
 20
38.475
 10
32.257
 20
38.499
 10
32.235
 20
38.525
 10
32.216
 20
38.552
 10
32.201
 20
38.579
 10
32.189
 20
38.607
 10
32.18
 20
38.636
 10
32.175
 20
38.665
 10
32.174
 20
38.695
 10
32.174
 20
38.708
 10
32.174
 20
38.721
 10
32.175
 20
38.733
 10
32.177
 20
38.745
 10
32.178
 20
38.757
 10
32.18
 20
38.769
 10
32.183
 20
38.781
 10
32.186
 20
38.792
 10
32.189
 20
38.803
 10
32.193
 20
38.814
 10
32.198
 20
38.826
 10
32.204
 20
38.837
 10
32.211
 20
38.849
 10
32.219
 20
38.861
 10
32.227
 20
38.873
 10
32.237
 20
38.885
 10
32.245
 20
38.895
 10
32.253
 20
38.904
 10
32.263
 20
38.913
 10
32.274
 20
38.922
 10
32.286
 20
38.931
 10
32.299
 20
38.939
 10
32.313
 20
38.947
 10
32.328
 20
38.954
 10
32.344
 20
38.961
 10
32.361
 20
38.967
 10
32.377
 20
38.972
 10
32.395
 20
38.976
 10
32.412
 20
38.979
 10
32.431
 20
38.981
 10
32.449
 20
38.982
 10
32.469
 20
38.983
 10
32.494
 20
38.982
 10
32.52
 20
38.978
 10
32.545
 20
38.973
 10
32.57
 20
38.965
 10
32.595
 20
38.955
 10
32.619
 20
38.942
 10
32.643
 20
38.928
 10
32.667
 20
38.911
 10
32.691
 20
38.892
 10
32.715
 20
38.871
 10
32.739
 20
38.848
 10
32.764
 20
38.824
 10
32.788
 20
38.798
 10
32.813
 20
38.771
 10
32.838
 20
38.741
 10
32.864
 20
38.71
 10
32.879
 20
38.726
 10
32.896
 20
38.745
 10
32.914
 20
38.765
 10
32.932
 20
38.786
 10
32.952
 20
38.81
 10
32.972
 20
38.836
 10
32.993
 20
38.863
 10
33.015
 20
38.893
 10
33.037
 20
38.923
 10
33.057
 20
38.954
 10
33.076
 20
38.985
 10
33.093
 20
39.016
 10
33.109
 20
39.047
 10
33.123
 20
39.079
 10
33.136
 20
39.111
 10
33.148
 20
39.142
 10
33.093
 20
39.257
 10
33.04
 20
39.367
 10
32.989
 20
39.473
 10
32.939
 20
39.576
 10
32.891
 20
39.674
 10
32.845
 20
39.769
 10
32.8
 20
39.86
 10
32.756
 20
39.947
 10
32.713
 20
40.033
 10
32.668
 20
40.122
 10
32.622
 20
40.213
 10
32.575
 20
40.307
 10
32.527
 20
40.403
 10
32.477
 20
40.502
 10
32.426
 20
40.603
 10
32.374
 20
40.707
 10
32.362
 20
40.728
 10
32.349
 20
40.749
 10
32.335
 20
40.768
 10
32.32
 20
40.786
 10
32.304
 20
40.802
 10
32.287
 20
40.818
 10
32.269
 20
40.832
 10
32.25
 20
40.845
 10
32.23
 20
40.857
 10
32.21
 20
40.867
 10
32.19
 20
40.876
 10
32.169
 20
40.885
 10
32.149
 20
40.891
 10
32.127
 20
40.897
 10
32.106
 20
40.902
 10
32.084
 20
40.905
 10
32.084
 20
41.041
 10
33.22
 20
41.041
 10
33.22
 20
40.905
 10
33.204
 20
40.904
 10
33.187
 20
40.903
 10
33.17
 20
40.9
 10
33.152
 20
40.897
 10
33.134
 20
40.893
 10
33.114
 20
40.889
 10
33.095
 20
40.883
 10
33.074
 20
40.877
 10
33.055
 20
40.871
 10
33.038
 20
40.863
 10
33.024
 20
40.856
 10
33.012
 20
40.848
 10
33.003
 20
40.839
 10
32.997
 20
40.83
 10
32.993
 20
40.821
 10
32.992
 20
40.811
 10
32.992
 20
40.807
 10
32.992
 20
40.803
 10
32.993
 20
40.799
 10
32.993
 20
40.795
 10
32.994
 20
40.791
 10
32.995
 20
40.787
 10
32.996
 20
40.782
 10
32.997
 20
40.778
 10
32.999
 20
40.773
 10
33.001
 20
40.768
 10
33.003
 20
40.763
 10
33.005
 20
40.757
 10
33.008
 20
40.75
 10
33.011
 20
40.743
 10
33.014
 20
40.735
 10
33.018
 20
40.727
 10
33.034
 20
40.693
 10
33.053
 20
40.656
 10
33.072
 20
40.615
 10
33.094
 20
40.572
 10
33.117
 20
40.525
 10
33.142
 20
40.475
 10
33.169
 20
40.422
 10
33.197
 20
40.366
 10
33.226
 20
40.307
 10
33.257
 20
40.246
 10
33.289
 20
40.182
 10
33.322
 20
40.115
 10
33.357
 20
40.047
 10
33.392
 20
39.975
 10
33.429
 20
39.902
 10
33.467
 20
39.825
 10
33.495
 20
39.89
 10
33.522
 20
39.952
 10
33.548
 20
40.013
 10
33.573
 20
40.07
 10
33.597
 20
40.126
 10
33.62
 20
40.179
 10
33.642
 20
40.23
 10
33.663
 20
40.279
 10
33.683
 20
40.326
 10
33.703
 20
40.374
 10
33.722
 20
40.421
 10
33.742
 20
40.468
 10
33.762
 20
40.514
 10
33.781
 20
40.561
 10
33.8
 20
40.607
 10
33.819
 20
40.653
 10
33.824
 20
40.664
 10
33.828
 20
40.675
 10
33.831
 20
40.685
 10
33.834
 20
40.694
 10
33.836
 20
40.703
 10
33.838
 20
40.711
 10
33.84
 20
40.719
 10
33.841
 20
40.726
 10
33.841
 20
40.733
 10
33.842
 20
40.738
 10
33.842
 20
40.744
 10
33.843
 20
40.749
 10
33.843
 20
40.753
 10
33.843
 20
40.757
 10
33.843
 20
40.76
 10
33.843
 20
40.762
 10
33.843
 20
40.771
 10
33.841
 20
40.778
 10
33.839
 20
40.786
 10
33.835
 20
40.794
 10
33.831
 20
40.801
 10
33.825
 20
40.808
 10
33.819
 20
40.814
 10
33.811
 20
40.821
 10
33.803
 20
40.827
 10
33.794
 20
40.833
 10
33.785
 20
40.839
 10
33.775
 20
40.844
 10
33.766
 20
40.85
 10
33.755
 20
40.855
 10
33.745
 20
40.86
 10
33.734
 20
40.864
 10
33.722
 20
40.869
 10
33.711
 20
40.873
 10
33.7
 20
40.877
 10
33.688
 20
40.881
 10
33.677
 20
40.884
 10
33.666
 20
40.887
 10
33.656
 20
40.89
 10
33.645
 20
40.892
 10
33.634
 20
40.894
 10
33.624
 20
40.896
 10
33.615
 20
40.898
 10
33.606
 20
40.9
 10
33.597
 20
40.902
 10
33.589
 20
40.903
 10
33.582
 20
40.904
 10
33.574
 20
40.905
 10
33.574
 20
41.041
 10
34.341
 20
41.041
 97
0
 75
0
 76
1
 98
0
  0
HATCH
  5
39
330
17
100
AcDbEntity
  8
RASTER
 62
7
100
AcDbHatch
 10
0.0
 20
0.0
 30
0.0
210
0.0
220
0.0
230
1.0
  2
SOLID
 70
1
 71
0
 91
2
 92
3
 72
0
 73
1
 93
153
 10
37.833
 20
41.174
 10
37.831
 20
41.12
 10
37.827
 20
41.067
 10
37.82
 20
41.016
 10
37.81
 20
40.967
 10
37.797
 20
40.92
 10
37.781
 20
40.875
 10
37.762
 20
40.832
 10
37.741
 20
40.791
 10
37.717
 20
40.752
 10
37.691
 20
40.715
 10
37.662
 20
40.679
 10
37.632
 20
40.646
 10
37.599
 20
40.614
 10
37.564
 20
40.584
 10
37.527
 20
40.556
 10
37.488
 20
40.53
 10
37.445
 20
40.505
 10
37.401
 20
40.482
 10
37.356
 20
40.461
 10
37.309
 20
40.441
 10
37.26
 20
40.423
 10
37.21
 20
40.407
 10
37.159
 20
40.393
 10
37.106
 20
40.38
 10
37.052
 20
40.369
 10
36.996
 20
40.36
 10
36.938
 20
40.352
 10
36.879
 20
40.345
 10
36.818
 20
40.34
 10
36.755
 20
40.337
 10
36.691
 20
40.334
 10
36.625
 20
40.334
 10
36.41
 20
40.334
 10
36.41
 20
39.593
 10
36.41
 20
39.577
 10
36.411
 20
39.561
 10
36.413
 20
39.546
 10
36.416
 20
39.531
 10
36.419
 20
39.517
 10
36.424
 20
39.503
 10
36.429
 20
39.49
 10
36.435
 20
39.477
 10
36.442
 20
39.465
 10
36.45
 20
39.454
 10
36.46
 20
39.443
 10
36.471
 20
39.433
 10
36.484
 20
39.424
 10
36.498
 20
39.415
 10
36.513
 20
39.406
 10
36.53
 20
39.399
 10
36.54
 20
39.395
 10
36.552
 20
39.391
 10
36.565
 20
39.387
 10
36.579
 20
39.383
 10
36.595
 20
39.379
 10
36.612
 20
39.375
 10
36.631
 20
39.371
 10
36.651
 20
39.367
 10
36.671
 20
39.363
 10
36.691
 20
39.359
 10
36.71
 20
39.356
 10
36.728
 20
39.353
 10
36.745
 20
39.35
 10
36.761
 20
39.348
 10
36.777
 20
39.346
 10
36.792
 20
39.345
 10
36.792
 20
39.2
 10
35.365
 20
39.2
 10
35.365
 20
39.345
 10
35.379
 20
39.346
 10
35.394
 20
39.348
 10
35.41
 20
39.35
 10
35.428
 20
39.351
 10
35.446
 20
39.353
 10
35.465
 20
39.356
 10
35.486
 20
39.358
 10
35.508
 20
39.36
 10
35.529
 20
39.363
 10
35.549
 20
39.366
 10
35.567
 20
39.369
 10
35.583
 20
39.372
 10
35.598
 20
39.375
 10
35.611
 20
39.378
 10
35.622
 20
39.382
 10
35.632
 20
39.386
 10
35.649
 20
39.393
 10
35.665
 20
39.401
 10
35.679
 20
39.41
 10
35.692
 20
39.418
 10
35.703
 20
39.428
 10
35.713
 20
39.437
 10
35.721
 20
39.447
 10
35.728
 20
39.458
 10
35.733
 20
39.469
 10
35.738
 20
39.481
 10
35.742
 20
39.495
 10
35.745
 20
39.509
 10
35.748
 20
39.524
 10
35.749
 20
39.541
 10
35.75
 20
39.558
 10
35.751
 20
39.577
 10
35.751
 20
41.434
 10
35.751
 20
41.45
 10
35.749
 20
41.465
 10
35.748
 20
41.48
 10
35.745
 20
41.495
 10
35.742
 20
41.508
 10
35.738
 20
41.521
 10
35.734
 20
41.534
 10
35.729
 20
41.546
 10
35.722
 20
41.558
 10
35.714
 20
41.569
 10
35.705
 20
41.58
 10
35.693
 20
41.59
 10
35.68
 20
41.599
 10
35.666
 20
41.608
 10
35.65
 20
41.617
 10
35.632
 20
41.625
 10
35.619
 20
41.631
 10
35.604
 20
41.636
 10
35.588
 20
41.641
 10
35.572
 20
41.646
 10
35.554
 20
41.651
 10
35.535
 20
41.656
 10
35.515
 20
41.661
 10
35.494
 20
41.665
 10
35.473
 20
41.669
 10
35.453
 20
41.673
 10
35.435
 20
41.677
 10
35.418
 20
41.68
 10
35.403
 20
41.682
 10
35.389
 20
41.685
 10
35.376
 20
41.687
 10
35.365
 20
41.688
 10
35.365
 20
41.833
 10
36.818
 20
41.833
 10
36.941
 20
41.83
 10
37.057
 20
41.823
 10
37.164
 20
41.81
 10
37.264
 20
41.792
 10
37.355
 20
41.769
 10
37.438
 20
41.742
 10
37.513
 20
41.709
 10
37.58
 20
41.671
 10
37.639
 20
41.627
 10
37.691
 20
41.579
 10
37.734
 20
41.525
 10
37.77
 20
41.465
 10
37.797
 20
41.401
 10
37.817
 20
41.33
 10
37.829
 20
41.255
 10
37.833
 20
41.174
 97
0
 92
3
 72
0
 73
1
 93
36
 10
37.109
 20
41.08
 10
37.107
 20
41.151
 10
37.102
 20
41.218
 10
37.092
 20
41.281
 10
37.079
 20
41.338
 10
37.062
 20
41.391
 10
37.042
 20
41.439
 10
37.017
 20
41.482
 10
36.989
 20
41.52
 10
36.957
 20
41.554
 10
36.918
 20
41.583
 10
36.873
 20
41.608
 10
36.823
 20
41.628
 10
36.767
 20
41.644
 10
36.705
 20
41.655
 10
36.637
 20
41.662
 10
36.564
 20
41.664
 10
36.41
 20
41.664
 10
36.41
 20
40.508
 10
36.487
 20
40.508
 10
36.561
 20
40.51
 10
36.631
 20
40.517
 10
36.695
 20
40.528
 10
36.755
 20
40.543
 10
36.811
 20
40.563
 10
36.862
 20
40.587
 10
36.908
 20
40.615
 10
36.95
 20
40.648
 10
36.988
 20
40.686
 10
37.02
 20
40.728
 10
37.047
 20
40.775
 10
37.069
 20
40.826
 10
37.087
 20
40.882
 10
37.099
 20
40.943
 10
37.107
 20
41.009
 10
37.109
 20
41.08
 97
0
 75
0
 76
1
 98
0
  0
HATCH
  5
3A
330
17
100
AcDbEntity
  8
RASTER
 62
7
100
AcDbHatch
 10
0.0
 20
0.0
 30
0.0
210
0.0
220
0.0
230
1.0
  2
SOLID
 70
1
 71
0
 91
2
 92
3
 72
0
 73
1
 93
104
 10
39.182
 20
39.2
 10
38.009
 20
39.2
 10
38.009
 20
39.335
 10
38.021
 20
39.336
 10
38.033
 20
39.337
 10
38.045
 20
39.338
 10
38.057
 20
39.34
 10
38.069
 20
39.341
 10
38.08
 20
39.342
 10
38.092
 20
39.343
 10
38.104
 20
39.345
 10
38.115
 20
39.346
 10
38.126
 20
39.348
 10
38.137
 20
39.35
 10
38.147
 20
39.352
 10
38.156
 20
39.355
 10
38.166
 20
39.357
 10
38.175
 20
39.36
 10
38.183
 20
39.363
 10
38.198
 20
39.369
 10
38.211
 20
39.376
 10
38.223
 20
39.383
 10
38.234
 20
39.39
 10
38.244
 20
39.399
 10
38.253
 20
39.408
 10
38.26
 20
39.417
 10
38.267
 20
39.427
 10
38.273
 20
39.438
 10
38.277
 20
39.45
 10
38.282
 20
39.462
 10
38.285
 20
39.476
 10
38.288
 20
39.49
 10
38.289
 20
39.505
 10
38.291
 20
39.521
 10
38.291
 20
39.538
 10
38.291
 20
40.618
 10
38.291
 20
40.634
 10
38.289
 20
40.649
 10
38.287
 20
40.664
 10
38.284
 20
40.679
 10
38.279
 20
40.693
 10
38.274
 20
40.706
 10
38.268
 20
40.719
 10
38.261
 20
40.732
 10
38.254
 20
40.744
 10
38.246
 20
40.755
 10
38.237
 20
40.766
 10
38.228
 20
40.776
 10
38.218
 20
40.786
 10
38.208
 20
40.794
 10
38.198
 20
40.803
 10
38.187
 20
40.811
 10
38.178
 20
40.816
 10
38.168
 20
40.822
 10
38.157
 20
40.827
 10
38.145
 20
40.832
 10
38.132
 20
40.838
 10
38.118
 20
40.843
 10
38.102
 20
40.848
 10
38.086
 20
40.853
 10
38.069
 20
40.858
 10
38.053
 20
40.863
 10
38.037
 20
40.866
 10
38.021
 20
40.87
 10
38.006
 20
40.873
 10
37.991
 20
40.875
 10
37.977
 20
40.878
 10
37.963
 20
40.879
 10
37.963
 20
41.015
 10
38.872
 20
41.063
 10
38.9
 20
41.035
 10
38.9
 20
39.562
 10
38.9
 20
39.546
 10
38.901
 20
39.531
 10
38.903
 20
39.516
 10
38.907
 20
39.502
 10
38.91
 20
39.488
 10
38.915
 20
39.475
 10
38.921
 20
39.463
 10
38.927
 20
39.451
 10
38.935
 20
39.44
 10
38.943
 20
39.43
 10
38.952
 20
39.421
 10
38.961
 20
39.412
 10
38.972
 20
39.404
 10
38.983
 20
39.396
 10
38.995
 20
39.39
 10
39.007
 20
39.384
 10
39.017
 20
39.38
 10
39.026
 20
39.376
 10
39.036
 20
39.372
 10
39.046
 20
39.368
 10
39.056
 20
39.364
 10
39.067
 20
39.361
 10
39.078
 20
39.357
 10
39.089
 20
39.354
 10
39.1
 20
39.351
 10
39.111
 20
39.348
 10
39.123
 20
39.345
 10
39.134
 20
39.343
 10
39.146
 20
39.341
 10
39.158
 20
39.339
 10
39.17
 20
39.337
 10
39.182
 20
39.335
 97
0
 92
3
 72
0
 73
1
 93
65
 10
38.911
 20
41.731
 10
38.909
 20
41.696
 10
38.904
 20
41.663
 10
38.895
 20
41.631
 10
38.884
 20
41.6
 10
38.868
 20
41.571
 10
38.85
 20
41.543
 10
38.828
 20
41.516
 10
38.802
 20
41.491
 10
38.774
 20
41.467
 10
38.745
 20
41.447
 10
38.715
 20
41.43
 10
38.684
 20
41.416
 10
38.651
 20
41.405
 10
38.617
 20
41.398
 10
38.582
 20
41.393
 10
38.545
 20
41.391
 10
38.508
 20
41.393
 10
38.473
 20
41.398
 10
38.438
 20
41.405
 10
38.405
 20
41.416
 10
38.374
 20
41.43
 10
38.343
 20
41.447
 10
38.314
 20
41.467
 10
38.286
 20
41.491
 10
38.261
 20
41.516
 10
38.239
 20
41.543
 10
38.22
 20
41.571
 10
38.205
 20
41.6
 10
38.193
 20
41.631
 10
38.185
 20
41.663
 10
38.18
 20
41.696
 10
38.178
 20
41.731
 10
38.18
 20
41.765
 10
38.185
 20
41.799
 10
38.193
 20
41.831
 10
38.205
 20
41.862
 10
38.22
 20
41.891
 10
38.239
 20
41.919
 10
38.261
 20
41.946
 10
38.286
 20
41.972
 10
38.314
 20
41.996
 10
38.343
 20
42.016
 10
38.374
 20
42.033
 10
38.405
 20
42.047
 10
38.438
 20
42.058
 10
38.473
 20
42.066
 10
38.508
 20
42.071
 10
38.545
 20
42.072
 10
38.582
 20
42.071
 10
38.618
 20
42.066
 10
38.652
 20
42.058
 10
38.685
 20
42.047
 10
38.716
 20
42.033
 10
38.747
 20
42.016
 10
38.776
 20
41.996
 10
38.803
 20
41.972
 10
38.828
 20
41.946
 10
38.85
 20
41.919
 10
38.869
 20
41.891
 10
38.884
 20
41.862
 10
38.896
 20
41.831
 10
38.904
 20
41.799
 10
38.909
 20
41.765
 10
38.911
 20
41.731
 97
0
 75
0
 76
1
 98
0
  0
HATCH
  5
3B
330
17
100
AcDbEntity
  8
RASTER
 62
7
100
AcDbHatch
 10
0.0
 20
0.0
 30
0.0
210
0.0
220
0.0
230
1.0
  2
SOLID
 70
1
 71
0
 91
1
 92
3
 72
0
 73
1
 93
203
 10
41.2
 20
40.701
 10
41.199
 20
40.666
 10
41.195
 20
40.633
 10
41.188
 20
40.6
 10
41.179
 20
40.569
 10
41.166
 20
40.538
 10
41.151
 20
40.509
 10
41.134
 20
40.481
 10
41.113
 20
40.453
 10
41.09
 20
40.428
 10
41.066
 20
40.407
 10
41.04
 20
40.388
 10
41.012
 20
40.373
 10
40.982
 20
40.362
 10
40.951
 20
40.353
 10
40.918
 20
40.348
 10
40.883
 20
40.347
 10
40.85
 20
40.348
 10
40.818
 20
40.351
 10
40.787
 20
40.356
 10
40.758
 20
40.364
 10
40.73
 20
40.373
 10
40.703
 20
40.385
 10
40.678
 20
40.399
 10
40.654
 20
40.415
 10
40.632
 20
40.434
 10
40.613
 20
40.454
 10
40.597
 20
40.476
 10
40.584
 20
40.5
 10
40.573
 20
40.527
 10
40.566
 20
40.555
 10
40.562
 20
40.585
 10
40.56
 20
40.618
 10
40.56
 20
40.633
 10
40.561
 20
40.648
 10
40.562
 20
40.662
 10
40.563
 20
40.675
 10
40.564
 20
40.688
 10
40.565
 20
40.699
 10
40.567
 20
40.709
 10
40.57
 20
40.719
 10
40.572
 20
40.728
 10
40.574
 20
40.737
 10
40.576
 20
40.745
 10
40.578
 20
40.754
 10
40.58
 20
40.762
 10
40.582
 20
40.77
 10
40.584
 20
40.778
 10
40.586
 20
40.786
 10
40.565
 20
40.785
 10
40.543
 20
40.781
 10
40.521
 20
40.776
 10
40.499
 20
40.77
 10
40.476
 20
40.761
 10
40.453
 20
40.752
 10
40.43
 20
40.74
 10
40.406
 20
40.727
 10
40.383
 20
40.713
 10
40.36
 20
40.697
 10
40.338
 20
40.68
 10
40.317
 20
40.662
 10
40.297
 20
40.643
 10
40.277
 20
40.623
 10
40.258
 20
40.601
 10
40.239
 20
40.579
 10
40.239
 20
39.56
 10
40.24
 20
39.544
 10
40.241
 20
39.529
 10
40.242
 20
39.514
 10
40.244
 20
39.501
 10
40.247
 20
39.487
 10
40.251
 20
39.475
 10
40.255
 20
39.463
 10
40.26
 20
39.452
 10
40.265
 20
39.442
 10
40.272
 20
39.432
 10
40.279
 20
39.423
 10
40.287
 20
39.414
 10
40.296
 20
39.406
 10
40.306
 20
39.399
 10
40.317
 20
39.392
 10
40.328
 20
39.386
 10
40.339
 20
39.381
 10
40.352
 20
39.376
 10
40.366
 20
39.371
 10
40.382
 20
39.367
 10
40.399
 20
39.363
 10
40.418
 20
39.359
 10
40.439
 20
39.355
 10
40.461
 20
39.351
 10
40.483
 20
39.348
 10
40.504
 20
39.345
 10
40.523
 20
39.342
 10
40.54
 20
39.34
 10
40.556
 20
39.339
 10
40.57
 20
39.337
 10
40.583
 20
39.336
 10
40.594
 20
39.335
 10
40.594
 20
39.2
 10
39.352
 20
39.2
 10
39.352
 20
39.335
 10
39.364
 20
39.336
 10
39.376
 20
39.337
 10
39.387
 20
39.339
 10
39.399
 20
39.34
 10
39.411
 20
39.341
 10
39.422
 20
39.343
 10
39.434
 20
39.344
 10
39.446
 20
39.346
 10
39.458
 20
39.347
 10
39.469
 20
39.349
 10
39.48
 20
39.351
 10
39.49
 20
39.353
 10
39.5
 20
39.356
 10
39.509
 20
39.358
 10
39.518
 20
39.361
 10
39.527
 20
39.363
 10
39.541
 20
39.369
 10
39.554
 20
39.375
 10
39.566
 20
39.382
 10
39.577
 20
39.389
 10
39.586
 20
39.397
 10
39.595
 20
39.406
 10
39.602
 20
39.416
 10
39.608
 20
39.426
 10
39.614
 20
39.437
 10
39.618
 20
39.449
 10
39.622
 20
39.462
 10
39.625
 20
39.476
 10
39.628
 20
39.49
 10
39.629
 20
39.505
 10
39.63
 20
39.521
 10
39.631
 20
39.538
 10
39.631
 20
40.618
 10
39.63
 20
40.634
 10
39.629
 20
40.65
 10
39.626
 20
40.666
 10
39.623
 20
40.681
 10
39.618
 20
40.696
 10
39.613
 20
40.71
 10
39.606
 20
40.724
 10
39.599
 20
40.737
 10
39.591
 20
40.75
 10
39.583
 20
40.762
 10
39.574
 20
40.774
 10
39.564
 20
40.785
 10
39.555
 20
40.795
 10
39.544
 20
40.805
 10
39.534
 20
40.813
 10
39.523
 20
40.822
 10
39.514
 20
40.827
 10
39.505
 20
40.832
 10
39.495
 20
40.837
 10
39.485
 20
40.842
 10
39.474
 20
40.847
 10
39.463
 20
40.851
 10
39.451
 20
40.855
 10
39.439
 20
40.859
 10
39.426
 20
40.862
 10
39.412
 20
40.866
 10
39.399
 20
40.869
 10
39.385
 20
40.871
 10
39.371
 20
40.874
 10
39.356
 20
40.876
 10
39.341
 20
40.878
 10
39.326
 20
40.879
 10
39.326
 20
41.015
 10
40.211
 20
41.063
 10
40.239
 20
41.035
 10
40.239
 20
40.766
 10
40.247
 20
40.766
 10
40.279
 20
40.802
 10
40.312
 20
40.836
 10
40.345
 20
40.868
 10
40.379
 20
40.898
 10
40.413
 20
40.927
 10
40.448
 20
40.953
 10
40.483
 20
40.977
 10
40.518
 20
40.999
 10
40.555
 20
41.019
 10
40.591
 20
41.036
 10
40.628
 20
41.05
 10
40.665
 20
41.062
 10
40.703
 20
41.071
 10
40.741
 20
41.078
 10
40.779
 20
41.082
 10
40.818
 20
41.083
 10
40.86
 20
41.082
 10
40.9
 20
41.077
 10
40.938
 20
41.068
 10
40.974
 20
41.057
 10
41.007
 20
41.042
 10
41.039
 20
41.023
 10
41.068
 20
41.002
 10
41.096
 20
40.977
 10
41.12
 20
40.949
 10
41.141
 20
40.919
 10
41.159
 20
40.888
 10
41.174
 20
40.854
 10
41.186
 20
40.819
 10
41.194
 20
40.782
 10
41.199
 20
40.742
 10
41.2
 20
40.701
 97
0
 75
0
 76
1
 98
0
  0
HATCH
  5
3C
330
17
100
AcDbEntity
  8
RASTER
 62
7
100
AcDbHatch
 10
0.0
 20
0.0
 30
0.0
210
0.0
220
0.0
230
1.0
  2
SOLID
 70
1
 71
0
 91
2
 92
3
 72
0
 73
1
 93
355
 10
43.449
 20
39.239
 10
43.428
 20
39.23
 10
43.407
 20
39.222
 10
43.384
 20
39.213
 10
43.36
 20
39.205
 10
43.336
 20
39.197
 10
43.31
 20
39.189
 10
43.284
 20
39.182
 10
43.256
 20
39.174
 10
43.228
 20
39.167
 10
43.2
 20
39.161
 10
43.171
 20
39.156
 10
43.142
 20
39.152
 10
43.112
 20
39.149
 10
43.082
 20
39.146
 10
43.051
 20
39.145
 10
43.021
 20
39.144
 10
42.965
 20
39.145
 10
42.914
 20
39.149
 10
42.866
 20
39.154
 10
42.823
 20
39.161
 10
42.782
 20
39.171
 10
42.746
 20
39.182
 10
42.714
 20
39.196
 10
42.685
 20
39.212
 10
42.659
 20
39.23
 10
42.635
 20
39.25
 10
42.614
 20
39.271
 10
42.594
 20
39.294
 10
42.577
 20
39.32
 10
42.562
 20
39.347
 10
42.549
 20
39.375
 10
42.538
 20
39.406
 10
42.527
 20
39.406
 10
42.511
 20
39.39
 10
42.496
 20
39.376
 10
42.48
 20
39.361
 10
42.465
 20
39.348
 10
42.45
 20
39.334
 10
42.435
 20
39.322
 10
42.42
 20
39.31
 10
42.405
 20
39.298
 10
42.391
 20
39.287
 10
42.376
 20
39.277
 10
42.36
 20
39.267
 10
42.345
 20
39.257
 10
42.329
 20
39.248
 10
42.313
 20
39.239
 10
42.297
 20
39.23
 10
42.28
 20
39.222
 10
42.259
 20
39.212
 10
42.237
 20
39.203
 10
42.216
 20
39.195
 10
42.195
 20
39.187
 10
42.174
 20
39.18
 10
42.153
 20
39.173
 10
42.133
 20
39.167
 10
42.112
 20
39.162
 10
42.091
 20
39.157
 10
42.068
 20
39.153
 10
42.043
 20
39.15
 10
42.016
 20
39.147
 10
41.986
 20
39.145
 10
41.955
 20
39.144
 10
41.922
 20
39.143
 10
41.887
 20
39.142
 10
41.834
 20
39.144
 10
41.783
 20
39.15
 10
41.734
 20
39.16
 10
41.687
 20
39.174
 10
41.642
 20
39.192
 10
41.6
 20
39.214
 10
41.559
 20
39.24
 10
41.52
 20
39.27
 10
41.484
 20
39.303
 10
41.453
 20
39.338
 10
41.427
 20
39.377
 10
41.405
 20
39.417
 10
41.389
 20
39.461
 10
41.377
 20
39.507
 10
41.37
 20
39.555
 10
41.367
 20
39.606
 10
41.368
 20
39.636
 10
41.369
 20
39.664
 10
41.372
 20
39.692
 10
41.376
 20
39.718
 10
41.38
 20
39.743
 10
41.386
 20
39.767
 10
41.393
 20
39.79
 10
41.401
 20
39.811
 10
41.41
 20
39.832
 10
41.419
 20
39.852
 10
41.43
 20
39.872
 10
41.441
 20
39.891
 10
41.453
 20
39.909
 10
41.467
 20
39.927
 10
41.481
 20
39.944
 10
41.495
 20
39.961
 10
41.51
 20
39.975
 10
41.524
 20
39.989
 10
41.54
 20
40.002
 10
41.555
 20
40.015
 10
41.572
 20
40.027
 10
41.589
 20
40.038
 10
41.606
 20
40.049
 10
41.624
 20
40.059
 10
41.643
 20
40.069
 10
41.662
 20
40.078
 10
41.681
 20
40.088
 10
41.701
 20
40.097
 10
41.721
 20
40.106
 10
41.742
 20
40.114
 10
41.763
 20
40.123
 10
41.785
 20
40.131
 10
41.828
 20
40.147
 10
41.873
 20
40.162
 10
41.919
 20
40.178
 10
41.969
 20
40.194
 10
42.02
 20
40.21
 10
42.073
 20
40.226
 10
42.128
 20
40.242
 10
42.186
 20
40.259
 10
42.242
 20
40.275
 10
42.295
 20
40.291
 10
42.343
 20
40.306
 10
42.388
 20
40.321
 10
42.429
 20
40.335
 10
42.465
 20
40.35
 10
42.498
 20
40.363
 10
42.527
 20
40.376
 10
42.527
 20
40.554
 10
42.527
 20
40.567
 10
42.527
 20
40.58
 10
42.526
 20
40.593
 10
42.525
 20
40.608
 10
42.524
 20
40.624
 10
42.523
 20
40.641
 10
42.521
 20
40.658
 10
42.52
 20
40.677
 10
42.517
 20
40.696
 10
42.515
 20
40.713
 10
42.512
 20
40.731
 10
42.508
 20
40.747
 10
42.504
 20
40.763
 10
42.499
 20
40.777
 10
42.494
 20
40.792
 10
42.488
 20
40.805
 10
42.481
 20
40.82
 10
42.473
 20
40.834
 10
42.464
 20
40.847
 10
42.455
 20
40.86
 10
42.444
 20
40.872
 10
42.432
 20
40.884
 10
42.42
 20
40.895
 10
42.406
 20
40.905
 10
42.392
 20
40.915
 10
42.376
 20
40.923
 10
42.36
 20
40.93
 10
42.342
 20
40.936
 10
42.323
 20
40.94
 10
42.303
 20
40.943
 10
42.282
 20
40.945
 10
42.26
 20
40.946
 10
42.24
 20
40.946
 10
42.221
 20
40.945
 10
42.202
 20
40.943
 10
42.185
 20
40.94
 10
42.168
 20
40.937
 10
42.153
 20
40.933
 10
42.138
 20
40.928
 10
42.123
 20
40.923
 10
42.11
 20
40.917
 10
42.097
 20
40.911
 10
42.085
 20
40.905
 10
42.074
 20
40.899
 10
42.063
 20
40.893
 10
42.053
 20
40.887
 10
42.044
 20
40.882
 10
42.035
 20
40.875
 10
42.037
 20
40.866
 10
42.039
 20
40.854
 10
42.042
 20
40.842
 10
42.046
 20
40.829
 10
42.05
 20
40.814
 10
42.055
 20
40.798
 10
42.061
 20
40.781
 10
42.067
 20
40.762
 10
42.073
 20
40.743
 10
42.078
 20
40.725
 10
42.083
 20
40.706
 10
42.086
 20
40.688
 10
42.089
 20
40.669
 10
42.091
 20
40.651
 10
42.092
 20
40.633
 10
42.093
 20
40.616
 10
42.093
 20
40.608
 10
42.092
 20
40.599
 10
42.09
 20
40.59
 10
42.089
 20
40.58
 10
42.086
 20
40.57
 10
42.083
 20
40.56
 10
42.08
 20
40.548
 10
42.076
 20
40.537
 10
42.072
 20
40.525
 10
42.067
 20
40.514
 10
42.062
 20
40.504
 10
42.056
 20
40.494
 10
42.049
 20
40.485
 10
42.043
 20
40.477
 10
42.036
 20
40.469
 10
42.028
 20
40.462
 10
42.017
 20
40.453
 10
42.006
 20
40.444
 10
41.994
 20
40.436
 10
41.983
 20
40.429
 10
41.971
 20
40.422
 10
41.958
 20
40.415
 10
41.945
 20
40.41
 10
41.932
 20
40.404
 10
41.918
 20
40.399
 10
41.902
 20
40.395
 10
41.885
 20
40.392
 10
41.865
 20
40.389
 10
41.844
 20
40.387
 10
41.821
 20
40.385
 10
41.796
 20
40.384
 10
41.77
 20
40.384
 10
41.732
 20
40.385
 10
41.697
 20
40.388
 10
41.664
 20
40.394
 10
41.633
 20
40.403
 10
41.605
 20
40.413
 10
41.579
 20
40.426
 10
41.555
 20
40.441
 10
41.534
 20
40.459
 10
41.516
 20
40.478
 10
41.499
 20
40.499
 10
41.486
 20
40.522
 10
41.475
 20
40.545
 10
41.466
 20
40.571
 10
41.46
 20
40.597
 10
41.456
 20
40.625
 10
41.455
 20
40.655
 10
41.456
 20
40.68
 10
41.46
 20
40.705
 10
41.466
 20
40.73
 10
41.475
 20
40.753
 10
41.487
 20
40.776
 10
41.501
 20
40.799
 10
41.518
 20
40.82
 10
41.537
 20
40.841
 10
41.558
 20
40.861
 10
41.581
 20
40.881
 10
41.604
 20
40.899
 10
41.629
 20
40.917
 10
41.654
 20
40.933
 10
41.681
 20
40.949
 10
41.709
 20
40.964
 10
41.738
 20
40.978
 10
41.768
 20
40.991
 10
41.799
 20
41.004
 10
41.831
 20
41.016
 10
41.864
 20
41.027
 10
41.898
 20
41.037
 10
41.934
 20
41.047
 10
41.97
 20
41.056
 10
42.007
 20
41.064
 10
42.045
 20
41.071
 10
42.082
 20
41.077
 10
42.118
 20
41.082
 10
42.154
 20
41.087
 10
42.189
 20
41.09
 10
42.223
 20
41.093
 10
42.257
 20
41.094
 10
42.29
 20
41.094
 10
42.334
 20
41.094
 10
42.378
 20
41.093
 10
42.42
 20
41.091
 10
42.462
 20
41.089
 10
42.503
 20
41.086
 10
42.543
 20
41.082
 10
42.582
 20
41.078
 10
42.62
 20
41.073
 10
42.657
 20
41.067
 10
42.693
 20
41.06
 10
42.728
 20
41.051
 10
42.763
 20
41.04
 10
42.796
 20
41.029
 10
42.829
 20
41.016
 10
42.86
 20
41.001
 10
42.891
 20
40.985
 10
42.919
 20
40.968
 10
42.945
 20
40.949
 10
42.97
 20
40.928
 10
42.994
 20
40.905
 10
43.016
 20
40.881
 10
43.037
 20
40.855
 10
43.056
 20
40.827
 10
43.073
 20
40.797
 10
43.089
 20
40.765
 10
43.103
 20
40.73
 10
43.115
 20
40.694
 10
43.124
 20
40.654
 10
43.132
 20
40.613
 10
43.137
 20
40.569
 10
43.14
 20
40.523
 10
43.141
 20
40.475
 10
43.141
 20
40.421
 10
43.141
 20
40.365
 10
43.14
 20
40.306
 10
43.139
 20
40.246
 10
43.138
 20
40.182
 10
43.136
 20
40.116
 10
43.135
 20
40.048
 10
43.133
 20
39.977
 10
43.131
 20
39.909
 10
43.129
 20
39.846
 10
43.128
 20
39.789
 10
43.127
 20
39.739
 10
43.126
 20
39.695
 10
43.125
 20
39.657
 10
43.125
 20
39.625
 10
43.124
 20
39.599
 10
43.125
 20
39.579
 10
43.126
 20
39.559
 10
43.128
 20
39.541
 10
43.131
 20
39.524
 10
43.134
 20
39.508
 10
43.139
 20
39.494
 10
43.144
 20
39.48
 10
43.15
 20
39.467
 10
43.156
 20
39.456
 10
43.164
 20
39.445
 10
43.172
 20
39.434
 10
43.181
 20
39.425
 10
43.191
 20
39.416
 10
43.202
 20
39.408
 10
43.214
 20
39.401
 10
43.227
 20
39.395
 10
43.235
 20
39.391
 10
43.245
 20
39.388
 10
43.255
 20
39.385
 10
43.267
 20
39.383
 10
43.28
 20
39.381
 10
43.294
 20
39.379
 10
43.309
 20
39.378
 10
43.326
 20
39.377
 10
43.343
 20
39.377
 10
43.359
 20
39.376
 10
43.375
 20
39.376
 10
43.391
 20
39.375
 10
43.406
 20
39.375
 10
43.421
 20
39.375
 10
43.435
 20
39.374
 10
43.449
 20
39.374
 97
0
 92
3
 72
0
 73
1
 93
65
 10
42.527
 20
40.206
 10
42.501
 20
40.197
 10
42.475
 20
40.187
 10
42.449
 20
40.178
 10
42.424
 20
40.168
 10
42.398
 20
40.158
 10
42.372
 20
40.147
 10
42.347
 20
40.136
 10
42.321
 20
40.125
 10
42.296
 20
40.114
 10
42.272
 20
40.102
 10
42.25
 20
40.09
 10
42.228
 20
40.078
 10
42.208
 20
40.066
 10
42.189
 20
40.054
 10
42.171
 20
40.042
 10
42.154
 20
40.029
 10
42.137
 20
40.016
 10
42.122
 20
40.002
 10
42.107
 20
39.986
 10
42.093
 20
39.97
 10
42.08
 20
39.953
 10
42.068
 20
39.935
 10
42.057
 20
39.916
 10
42.046
 20
39.897
 10
42.037
 20
39.876
 10
42.029
 20
39.855
 10
42.023
 20
39.832
 10
42.017
 20
39.809
 10
42.013
 20
39.785
 10
42.01
 20
39.759
 10
42.008
 20
39.733
 10
42.007
 20
39.707
 10
42.009
 20
39.672
 10
42.012
 20
39.639
 10
42.017
 20
39.609
 10
42.024
 20
39.582
 10
42.033
 20
39.557
 10
42.045
 20
39.534
 10
42.058
 20
39.514
 10
42.073
 20
39.497
 10
42.09
 20
39.482
 10
42.108
 20
39.468
 10
42.127
 20
39.457
 10
42.147
 20
39.448
 10
42.168
 20
39.441
 10
42.189
 20
39.436
 10
42.212
 20
39.433
 10
42.236
 20
39.432
 10
42.261
 20
39.433
 10
42.284
 20
39.435
 10
42.307
 20
39.438
 10
42.329
 20
39.442
 10
42.349
 20
39.448
 10
42.368
 20
39.455
 10
42.387
 20
39.464
 10
42.404
 20
39.474
 10
42.42
 20
39.484
 10
42.436
 20
39.496
 10
42.451
 20
39.508
 10
42.466
 20
39.52
 10
42.48
 20
39.533
 10
42.494
 20
39.547
 10
42.507
 20
39.562
 10
42.52
 20
39.577
 97
0
 75
0
 76
1
 98
0
  0
HATCH
  5
3D
330
17
100
AcDbEntity
  8
RASTER
 62
7
100
AcDbHatch
 10
0.0
 20
0.0
 30
0.0
210
0.0
220
0.0
230
1.0
  2
SOLID
 70
1
 71
0
 91
1
 92
3
 72
0
 73
1
 93
76
 10
44.973
 20
39.285
 10
44.943
 20
39.273
 10
44.912
 20
39.26
 10
44.881
 20
39.248
 10
44.85
 20
39.236
 10
44.818
 20
39.224
 10
44.785
 20
39.213
 10
44.752
 20
39.202
 10
44.718
 20
39.192
 10
44.684
 20
39.182
 10
44.647
 20
39.173
 10
44.608
 20
39.166
 10
44.568
 20
39.16
 10
44.526
 20
39.156
 10
44.482
 20
39.153
 10
44.436
 20
39.151
 10
44.388
 20
39.15
 10
44.318
 20
39.152
 10
44.253
 20
39.159
 10
44.192
 20
39.17
 10
44.136
 20
39.185
 10
44.085
 20
39.205
 10
44.038
 20
39.229
 10
43.996
 20
39.258
 10
43.959
 20
39.291
 10
43.926
 20
39.328
 10
43.897
 20
39.369
 10
43.873
 20
39.414
 10
43.853
 20
39.462
 10
43.838
 20
39.514
 10
43.827
 20
39.57
 10
43.821
 20
39.63
 10
43.818
 20
39.694
 10
43.818
 20
40.833
 10
43.484
 20
40.833
 10
43.484
 20
41.033
 10
43.826
 20
41.033
 10
43.826
 20
41.595
 10
44.429
 20
41.595
 10
44.429
 20
41.033
 10
44.948
 20
41.033
 10
44.948
 20
40.833
 10
44.433
 20
40.833
 10
44.433
 20
39.816
 10
44.434
 20
39.764
 10
44.436
 20
39.715
 10
44.441
 20
39.671
 10
44.448
 20
39.63
 10
44.456
 20
39.594
 10
44.467
 20
39.561
 10
44.479
 20
39.533
 10
44.493
 20
39.508
 10
44.509
 20
39.487
 10
44.529
 20
39.468
 10
44.552
 20
39.453
 10
44.577
 20
39.44
 10
44.606
 20
39.43
 10
44.637
 20
39.423
 10
44.672
 20
39.419
 10
44.709
 20
39.417
 10
44.722
 20
39.417
 10
44.737
 20
39.418
 10
44.752
 20
39.418
 10
44.769
 20
39.419
 10
44.787
 20
39.42
 10
44.806
 20
39.421
 10
44.827
 20
39.423
 10
44.848
 20
39.425
 10
44.87
 20
39.426
 10
44.889
 20
39.428
 10
44.907
 20
39.43
 10
44.924
 20
39.432
 10
44.939
 20
39.435
 10
44.952
 20
39.437
 10
44.963
 20
39.439
 10
44.973
 20
39.441
 97
0
 75
0
 76
1
 98
0
  0
HATCH
  5
3E
330
17
100
AcDbEntity
  8
RASTER
 62
7
100
AcDbHatch
 10
0.0
 20
0.0
 30
0.0
210
0.0
220
0.0
230
1.0
  2
SOLID
 70
1
 71
0
 91
2
 92
3
 72
0
 73
1
 93
163
 10
47.097
 20
39.643
 10
47.08
 20
39.617
 10
47.063
 20
39.591
 10
47.045
 20
39.566
 10
47.025
 20
39.541
 10
47.005
 20
39.516
 10
46.984
 20
39.492
 10
46.963
 20
39.468
 10
46.94
 20
39.444
 10
46.917
 20
39.421
 10
46.893
 20
39.399
 10
46.868
 20
39.378
 10
46.842
 20
39.357
 10
46.816
 20
39.337
 10
46.788
 20
39.319
 10
46.76
 20
39.301
 10
46.732
 20
39.283
 10
46.7
 20
39.266
 10
46.669
 20
39.25
 10
46.638
 20
39.235
 10
46.607
 20
39.222
 10
46.575
 20
39.209
 10
46.543
 20
39.197
 10
46.512
 20
39.186
 10
46.48
 20
39.177
 10
46.448
 20
39.168
 10
46.414
 20
39.161
 10
46.379
 20
39.155
 10
46.343
 20
39.15
 10
46.306
 20
39.146
 10
46.268
 20
39.143
 10
46.229
 20
39.141
 10
46.188
 20
39.141
 10
46.12
 20
39.142
 10
46.055
 20
39.145
 10
45.992
 20
39.152
 10
45.932
 20
39.16
 10
45.874
 20
39.171
 10
45.818
 20
39.184
 10
45.765
 20
39.2
 10
45.714
 20
39.219
 10
45.665
 20
39.239
 10
45.618
 20
39.261
 10
45.574
 20
39.285
 10
45.532
 20
39.31
 10
45.492
 20
39.337
 10
45.454
 20
39.366
 10
45.418
 20
39.396
 10
45.384
 20
39.428
 10
45.353
 20
39.462
 10
45.324
 20
39.497
 10
45.296
 20
39.534
 10
45.271
 20
39.572
 10
45.248
 20
39.611
 10
45.227
 20
39.652
 10
45.208
 20
39.695
 10
45.191
 20
39.739
 10
45.176
 20
39.784
 10
45.163
 20
39.83
 10
45.152
 20
39.878
 10
45.143
 20
39.926
 10
45.136
 20
39.975
 10
45.131
 20
40.025
 10
45.128
 20
40.076
 10
45.127
 20
40.128
 10
45.128
 20
40.175
 10
45.131
 20
40.221
 10
45.136
 20
40.267
 10
45.144
 20
40.313
 10
45.154
 20
40.358
 10
45.166
 20
40.403
 10
45.18
 20
40.447
 10
45.196
 20
40.49
 10
45.214
 20
40.533
 10
45.235
 20
40.575
 10
45.257
 20
40.615
 10
45.28
 20
40.654
 10
45.306
 20
40.692
 10
45.333
 20
40.729
 10
45.363
 20
40.765
 10
45.394
 20
40.799
 10
45.426
 20
40.832
 10
45.461
 20
40.862
 10
45.498
 20
40.891
 10
45.536
 20
40.919
 10
45.577
 20
40.945
 10
45.62
 20
40.969
 10
45.665
 20
40.992
 10
45.712
 20
41.013
 10
45.761
 20
41.032
 10
45.811
 20
41.049
 10
45.862
 20
41.063
 10
45.915
 20
41.074
 10
45.97
 20
41.083
 10
46.026
 20
41.089
 10
46.083
 20
41.093
 10
46.141
 20
41.094
 10
46.205
 20
41.093
 10
46.266
 20
41.09
 10
46.323
 20
41.086
 10
46.378
 20
41.079
 10
46.43
 20
41.07
 10
46.479
 20
41.059
 10
46.525
 20
41.046
 10
46.568
 20
41.031
 10
46.609
 20
41.015
 10
46.648
 20
40.997
 10
46.685
 20
40.977
 10
46.721
 20
40.956
 10
46.755
 20
40.934
 10
46.786
 20
40.91
 10
46.816
 20
40.884
 10
46.845
 20
40.857
 10
46.87
 20
40.83
 10
46.894
 20
40.802
 10
46.916
 20
40.772
 10
46.936
 20
40.742
 10
46.954
 20
40.71
 10
46.971
 20
40.677
 10
46.986
 20
40.643
 10
46.999
 20
40.607
 10
47.01
 20
40.571
 10
47.02
 20
40.535
 10
47.028
 20
40.498
 10
47.035
 20
40.46
 10
47.04
 20
40.422
 10
47.044
 20
40.384
 10
47.046
 20
40.345
 10
47.047
 20
40.306
 10
47.047
 20
40.185
 10
45.793
 20
40.185
 10
45.795
 20
40.093
 10
45.802
 20
40.006
 10
45.813
 20
39.926
 10
45.829
 20
39.85
 10
45.85
 20
39.781
 10
45.875
 20
39.717
 10
45.905
 20
39.659
 10
45.939
 20
39.606
 10
45.979
 20
39.56
 10
46.023
 20
39.519
 10
46.073
 20
39.485
 10
46.129
 20
39.457
 10
46.19
 20
39.436
 10
46.256
 20
39.42
 10
46.328
 20
39.411
 10
46.405
 20
39.408
 10
46.448
 20
39.409
 10
46.49
 20
39.414
 10
46.531
 20
39.421
 10
46.571
 20
39.432
 10
46.609
 20
39.445
 10
46.647
 20
39.462
 10
46.683
 20
39.481
 10
46.719
 20
39.503
 10
46.753
 20
39.528
 10
46.786
 20
39.554
 10
46.817
 20
39.582
 10
46.847
 20
39.612
 10
46.877
 20
39.643
 10
46.904
 20
39.675
 10
46.931
 20
39.71
 10
46.956
 20
39.746
 97
0
 92
3
 72
0
 73
1
 93
49
 10
46.388
 20
40.349
 10
46.388
 20
40.376
 10
46.388
 20
40.405
 10
46.387
 20
40.433
 10
46.385
 20
40.461
 10
46.384
 20
40.49
 10
46.382
 20
40.519
 10
46.38
 20
40.548
 10
46.377
 20
40.577
 10
46.374
 20
40.605
 10
46.371
 20
40.633
 10
46.366
 20
40.658
 10
46.362
 20
40.683
 10
46.357
 20
40.706
 10
46.351
 20
40.728
 10
46.345
 20
40.749
 10
46.338
 20
40.768
 10
46.33
 20
40.789
 10
46.321
 20
40.809
 10
46.311
 20
40.827
 10
46.301
 20
40.844
 10
46.29
 20
40.86
 10
46.278
 20
40.875
 10
46.265
 20
40.888
 10
46.252
 20
40.9
 10
46.238
 20
40.91
 10
46.223
 20
40.919
 10
46.207
 20
40.927
 10
46.19
 20
40.933
 10
46.172
 20
40.938
 10
46.154
 20
40.941
 10
46.134
 20
40.943
 10
46.114
 20
40.944
 10
46.079
 20
40.942
 10
46.046
 20
40.935
 10
46.015
 20
40.924
 10
45.985
 20
40.908
 10
45.958
 20
40.888
 10
45.932
 20
40.863
 10
45.908
 20
40.833
 10
45.885
 20
40.799
 10
45.865
 20
40.761
 10
45.848
 20
40.716
 10
45.832
 20
40.667
 10
45.82
 20
40.612
 10
45.809
 20
40.553
 10
45.801
 20
40.487
 10
45.796
 20
40.417
 10
45.793
 20
40.341
 97
0
 75
0
 76
1
 98
0
  0
HATCH
  5
3F
330
17
100
AcDbEntity
  8
RASTER
 62
7
100
AcDbHatch
 10
0.0
 20
0.0
 30
0.0
210
0.0
220
0.0
230
1.0
  2
SOLID
 70
1
 71
0
 91
1
 92
3
 72
0
 73
1
 93
249
 10
48.134
 20
39.137
 10
48.089
 20
39.138
 10
48.045
 20
39.14
 10
48.0
 20
39.144
 10
47.956
 20
39.15
 10
47.913
 20
39.158
 10
47.869
 20
39.167
 10
47.826
 20
39.177
 10
47.783
 20
39.19
 10
47.741
 20
39.203
 10
47.702
 20
39.217
 10
47.665
 20
39.23
 10
47.63
 20
39.244
 10
47.598
 20
39.258
 10
47.569
 20
39.273
 10
47.541
 20
39.287
 10
47.516
 20
39.302
 10
47.461
 20
39.176
 10
47.316
 20
39.176
 10
47.292
 20
39.868
 10
47.427
 20
39.868
 10
47.435
 20
39.847
 10
47.444
 20
39.825
 10
47.453
 20
39.802
 10
47.464
 20
39.779
 10
47.477
 20
39.755
 10
47.49
 20
39.731
 10
47.504
 20
39.706
 10
47.52
 20
39.68
 10
47.537
 20
39.654
 10
47.554
 20
39.629
 10
47.571
 20
39.604
 10
47.59
 20
39.58
 10
47.609
 20
39.557
 10
47.628
 20
39.534
 10
47.648
 20
39.513
 10
47.669
 20
39.491
 10
47.691
 20
39.471
 10
47.714
 20
39.451
 10
47.737
 20
39.432
 10
47.762
 20
39.414
 10
47.787
 20
39.397
 10
47.813
 20
39.381
 10
47.84
 20
39.365
 10
47.868
 20
39.35
 10
47.896
 20
39.337
 10
47.925
 20
39.325
 10
47.954
 20
39.315
 10
47.984
 20
39.307
 10
48.014
 20
39.301
 10
48.045
 20
39.296
 10
48.077
 20
39.294
 10
48.108
 20
39.293
 10
48.149
 20
39.294
 10
48.187
 20
39.297
 10
48.223
 20
39.302
 10
48.256
 20
39.309
 10
48.286
 20
39.319
 10
48.313
 20
39.33
 10
48.338
 20
39.343
 10
48.36
 20
39.359
 10
48.379
 20
39.376
 10
48.396
 20
39.396
 10
48.41
 20
39.418
 10
48.422
 20
39.442
 10
48.431
 20
39.469
 10
48.437
 20
39.498
 10
48.441
 20
39.529
 10
48.442
 20
39.562
 10
48.442
 20
39.58
 10
48.44
 20
39.597
 10
48.437
 20
39.614
 10
48.433
 20
39.63
 10
48.428
 20
39.644
 10
48.421
 20
39.659
 10
48.414
 20
39.672
 10
48.405
 20
39.684
 10
48.395
 20
39.696
 10
48.385
 20
39.708
 10
48.373
 20
39.719
 10
48.361
 20
39.729
 10
48.348
 20
39.74
 10
48.334
 20
39.749
 10
48.319
 20
39.759
 10
48.303
 20
39.768
 10
48.285
 20
39.777
 10
48.266
 20
39.786
 10
48.247
 20
39.794
 10
48.227
 20
39.802
 10
48.207
 20
39.81
 10
48.187
 20
39.817
 10
48.166
 20
39.824
 10
48.144
 20
39.831
 10
48.122
 20
39.838
 10
48.099
 20
39.845
 10
48.074
 20
39.852
 10
48.048
 20
39.86
 10
48.021
 20
39.868
 10
47.993
 20
39.876
 10
47.963
 20
39.885
 10
47.932
 20
39.894
 10
47.901
 20
39.903
 10
47.871
 20
39.913
 10
47.842
 20
39.922
 10
47.815
 20
39.931
 10
47.788
 20
39.941
 10
47.763
 20
39.95
 10
47.739
 20
39.96
 10
47.716
 20
39.969
 10
47.693
 20
39.979
 10
47.67
 20
39.991
 10
47.647
 20
40.004
 10
47.624
 20
40.018
 10
47.601
 20
40.034
 10
47.577
 20
40.051
 10
47.553
 20
40.069
 10
47.529
 20
40.089
 10
47.509
 20
40.107
 10
47.49
 20
40.127
 10
47.471
 20
40.147
 10
47.454
 20
40.169
 10
47.438
 20
40.191
 10
47.423
 20
40.214
 10
47.409
 20
40.238
 10
47.396
 20
40.263
 10
47.384
 20
40.289
 10
47.374
 20
40.317
 10
47.365
 20
40.345
 10
47.358
 20
40.375
 10
47.353
 20
40.406
 10
47.349
 20
40.438
 10
47.346
 20
40.472
 10
47.346
 20
40.506
 10
47.349
 20
40.57
 10
47.359
 20
40.631
 10
47.377
 20
40.688
 10
47.401
 20
40.743
 10
47.432
 20
40.794
 10
47.469
 20
40.842
 10
47.514
 20
40.887
 10
47.566
 20
40.929
 10
47.623
 20
40.967
 10
47.684
 20
41.0
 10
47.75
 20
41.028
 10
47.82
 20
41.05
 10
47.894
 20
41.068
 10
47.972
 20
41.081
 10
48.055
 20
41.088
 10
48.142
 20
41.091
 10
48.183
 20
41.09
 10
48.224
 20
41.089
 10
48.265
 20
41.086
 10
48.304
 20
41.082
 10
48.342
 20
41.077
 10
48.38
 20
41.071
 10
48.417
 20
41.064
 10
48.452
 20
41.056
 10
48.487
 20
41.048
 10
48.521
 20
41.039
 10
48.553
 20
41.03
 10
48.583
 20
41.02
 10
48.612
 20
41.011
 10
48.64
 20
41.001
 10
48.666
 20
40.991
 10
48.691
 20
40.981
 10
48.73
 20
41.091
 10
48.871
 20
41.091
 10
48.901
 20
40.458
 10
48.769
 20
40.458
 10
48.751
 20
40.505
 10
48.731
 20
40.551
 10
48.707
 20
40.595
 10
48.681
 20
40.638
 10
48.651
 20
40.679
 10
48.619
 20
40.718
 10
48.584
 20
40.755
 10
48.546
 20
40.791
 10
48.506
 20
40.824
 10
48.466
 20
40.852
 10
48.424
 20
40.876
 10
48.382
 20
40.896
 10
48.34
 20
40.911
 10
48.296
 20
40.922
 10
48.252
 20
40.929
 10
48.207
 20
40.931
 10
48.172
 20
40.93
 10
48.139
 20
40.927
 10
48.108
 20
40.923
 10
48.079
 20
40.916
 10
48.052
 20
40.908
 10
48.027
 20
40.898
 10
48.003
 20
40.886
 10
47.982
 20
40.872
 10
47.963
 20
40.856
 10
47.946
 20
40.839
 10
47.932
 20
40.821
 10
47.921
 20
40.801
 10
47.912
 20
40.779
 10
47.906
 20
40.757
 10
47.902
 20
40.732
 10
47.9
 20
40.707
 10
47.902
 20
40.673
 10
47.908
 20
40.641
 10
47.917
 20
40.612
 10
47.93
 20
40.585
 10
47.947
 20
40.561
 10
47.968
 20
40.539
 10
47.992
 20
40.52
 10
48.02
 20
40.503
 10
48.052
 20
40.487
 10
48.086
 20
40.471
 10
48.123
 20
40.456
 10
48.164
 20
40.441
 10
48.207
 20
40.427
 10
48.253
 20
40.412
 10
48.303
 20
40.398
 10
48.355
 20
40.384
 10
48.435
 20
40.361
 10
48.51
 20
40.337
 10
48.579
 20
40.311
 10
48.643
 20
40.283
 10
48.701
 20
40.253
 10
48.753
 20
40.221
 10
48.8
 20
40.187
 10
48.841
 20
40.151
 10
48.877
 20
40.113
 10
48.909
 20
40.072
 10
48.935
 20
40.029
 10
48.957
 20
39.983
 10
48.974
 20
39.935
 10
48.986
 20
39.884
 10
48.993
 20
39.831
 10
48.995
 20
39.775
 10
48.991
 20
39.701
 10
48.98
 20
39.632
 10
48.962
 20
39.566
 10
48.936
 20
39.505
 10
48.902
 20
39.448
 10
48.861
 20
39.396
 10
48.813
 20
39.348
 10
48.757
 20
39.304
 10
48.695
 20
39.265
 10
48.628
 20
39.231
 10
48.557
 20
39.202
 10
48.482
 20
39.179
 10
48.402
 20
39.16
 10
48.317
 20
39.147
 10
48.228
 20
39.14
 10
48.134
 20
39.137
 97
0
 75
0
 76
1
 98
0
  0
HATCH
  5
40
330
17
100
AcDbEntity
  8
RASTER
 62
7
100
AcDbHatch
 10
0.0
 20
0.0
 30
0.0
210
0.0
220
0.0
230
1.0
  2
SOLID
 70
1
 71
0
 91
1
 92
3
 72
0
 73
1
 93
322
 10
10.141
 20
34.056
 10
10.128
 20
34.073
 10
10.113
 20
34.088
 10
10.096
 20
34.104
 10
10.079
 20
34.118
 10
10.06
 20
34.132
 10
10.039
 20
34.145
 10
10.018
 20
34.157
 10
9.995
 20
34.169
 10
9.971
 20
34.18
 10
9.947
 20
34.189
 10
9.923
 20
34.197
 10
9.899
 20
34.203
 10
9.875
 20
34.208
 10
9.851
 20
34.212
 10
9.827
 20
34.214
 10
9.803
 20
34.215
 10
9.789
 20
34.214
 10
9.775
 20
34.214
 10
9.761
 20
34.213
 10
9.746
 20
34.211
 10
9.732
 20
34.209
 10
9.718
 20
34.207
 10
9.703
 20
34.204
 10
9.689
 20
34.2
 10
9.675
 20
34.196
 10
9.661
 20
34.192
 10
9.648
 20
34.187
 10
9.634
 20
34.182
 10
9.622
 20
34.176
 10
9.609
 20
34.17
 10
9.597
 20
34.163
 10
9.585
 20
34.156
 10
9.574
 20
34.148
 10
9.563
 20
34.14
 10
9.552
 20
34.131
 10
9.542
 20
34.122
 10
9.533
 20
34.112
 10
9.524
 20
34.101
 10
9.516
 20
34.09
 10
9.508
 20
34.078
 10
9.501
 20
34.066
 10
9.495
 20
34.053
 10
9.49
 20
34.039
 10
9.486
 20
34.025
 10
9.483
 20
34.01
 10
9.48
 20
33.995
 10
9.479
 20
33.979
 10
9.478
 20
33.962
 10
9.479
 20
33.947
 10
9.48
 20
33.932
 10
9.482
 20
33.918
 10
9.485
 20
33.905
 10
9.489
 20
33.892
 10
9.493
 20
33.879
 10
9.498
 20
33.867
 10
9.504
 20
33.856
 10
9.511
 20
33.845
 10
9.519
 20
33.835
 10
9.527
 20
33.824
 10
9.535
 20
33.815
 10
9.545
 20
33.806
 10
9.554
 20
33.797
 10
9.565
 20
33.788
 10
9.576
 20
33.78
 10
9.588
 20
33.773
 10
9.6
 20
33.765
 10
9.613
 20
33.758
 10
9.626
 20
33.751
 10
9.64
 20
33.744
 10
9.655
 20
33.738
 10
9.67
 20
33.732
 10
9.686
 20
33.726
 10
9.703
 20
33.72
 10
9.72
 20
33.714
 10
9.737
 20
33.708
 10
9.755
 20
33.702
 10
9.773
 20
33.697
 10
9.791
 20
33.691
 10
9.81
 20
33.685
 10
9.829
 20
33.679
 10
9.852
 20
33.672
 10
9.874
 20
33.664
 10
9.897
 20
33.656
 10
9.919
 20
33.648
 10
9.942
 20
33.64
 10
9.966
 20
33.632
 10
9.989
 20
33.623
 10
10.013
 20
33.614
 10
10.036
 20
33.605
 10
10.059
 20
33.594
 10
10.082
 20
33.583
 10
10.104
 20
33.572
 10
10.125
 20
33.559
 10
10.146
 20
33.546
 10
10.167
 20
33.532
 10
10.187
 20
33.518
 10
10.206
 20
33.502
 10
10.225
 20
33.486
 10
10.242
 20
33.469
 10
10.259
 20
33.45
 10
10.275
 20
33.431
 10
10.29
 20
33.411
 10
10.304
 20
33.389
 10
10.317
 20
33.367
 10
10.329
 20
33.344
 10
10.339
 20
33.319
 10
10.348
 20
33.293
 10
10.355
 20
33.265
 10
10.36
 20
33.236
 10
10.364
 20
33.206
 10
10.367
 20
33.174
 10
10.368
 20
33.141
 10
10.367
 20
33.104
 10
10.364
 20
33.069
 10
10.36
 20
33.035
 10
10.354
 20
33.002
 10
10.346
 20
32.97
 10
10.337
 20
32.94
 10
10.326
 20
32.91
 10
10.313
 20
32.882
 10
10.299
 20
32.855
 10
10.283
 20
32.829
 10
10.267
 20
32.805
 10
10.249
 20
32.781
 10
10.231
 20
32.759
 10
10.211
 20
32.738
 10
10.19
 20
32.718
 10
10.167
 20
32.699
 10
10.144
 20
32.681
 10
10.12
 20
32.665
 10
10.095
 20
32.649
 10
10.069
 20
32.635
 10
10.041
 20
32.622
 10
10.013
 20
32.61
 10
9.984
 20
32.599
 10
9.954
 20
32.59
 10
9.923
 20
32.581
 10
9.892
 20
32.574
 10
9.861
 20
32.567
 10
9.829
 20
32.562
 10
9.796
 20
32.558
 10
9.764
 20
32.555
 10
9.73
 20
32.554
 10
9.697
 20
32.553
 10
9.652
 20
32.554
 10
9.608
 20
32.557
 10
9.563
 20
32.563
 10
9.519
 20
32.57
 10
9.476
 20
32.579
 10
9.432
 20
32.59
 10
9.389
 20
32.604
 10
9.346
 20
32.62
 10
9.304
 20
32.637
 10
9.264
 20
32.657
 10
9.226
 20
32.678
 10
9.19
 20
32.702
 10
9.156
 20
32.727
 10
9.124
 20
32.755
 10
9.093
 20
32.784
 10
9.065
 20
32.816
 10
9.299
 20
33.034
 10
9.317
 20
33.011
 10
9.336
 20
32.99
 10
9.356
 20
32.969
 10
9.378
 20
32.95
 10
9.401
 20
32.932
 10
9.426
 20
32.916
 10
9.452
 20
32.9
 10
9.48
 20
32.886
 10
9.508
 20
32.873
 10
9.536
 20
32.862
 10
9.564
 20
32.853
 10
9.592
 20
32.845
 10
9.62
 20
32.839
 10
9.647
 20
32.835
 10
9.675
 20
32.832
 10
9.702
 20
32.831
 10
9.716
 20
32.832
 10
9.731
 20
32.832
 10
9.745
 20
32.833
 10
9.76
 20
32.835
 10
9.775
 20
32.837
 10
9.789
 20
32.839
 10
9.804
 20
32.842
 10
9.819
 20
32.846
 10
9.834
 20
32.85
 10
9.848
 20
32.854
 10
9.862
 20
32.859
 10
9.876
 20
32.865
 10
9.889
 20
32.871
 10
9.902
 20
32.878
 10
9.915
 20
32.886
 10
9.927
 20
32.894
 10
9.939
 20
32.903
 10
9.95
 20
32.912
 10
9.96
 20
32.922
 10
9.97
 20
32.932
 10
9.98
 20
32.943
 10
9.989
 20
32.954
 10
9.997
 20
32.966
 10
10.005
 20
32.978
 10
10.012
 20
32.991
 10
10.018
 20
33.005
 10
10.023
 20
33.02
 10
10.027
 20
33.035
 10
10.031
 20
33.051
 10
10.033
 20
33.068
 10
10.034
 20
33.086
 10
10.035
 20
33.104
 10
10.034
 20
33.122
 10
10.033
 20
33.139
 10
10.03
 20
33.156
 10
10.026
 20
33.171
 10
10.022
 20
33.186
 10
10.016
 20
33.2
 10
10.009
 20
33.213
 10
10.001
 20
33.225
 10
9.992
 20
33.237
 10
9.983
 20
33.249
 10
9.972
 20
33.26
 10
9.961
 20
33.27
 10
9.95
 20
33.28
 10
9.937
 20
33.29
 10
9.924
 20
33.3
 10
9.91
 20
33.308
 10
9.895
 20
33.317
 10
9.88
 20
33.325
 10
9.864
 20
33.334
 10
9.848
 20
33.341
 10
9.83
 20
33.349
 10
9.813
 20
33.356
 10
9.794
 20
33.363
 10
9.775
 20
33.37
 10
9.755
 20
33.376
 10
9.735
 20
33.383
 10
9.715
 20
33.389
 10
9.695
 20
33.396
 10
9.674
 20
33.403
 10
9.653
 20
33.41
 10
9.632
 20
33.417
 10
9.611
 20
33.424
 10
9.59
 20
33.431
 10
9.569
 20
33.438
 10
9.549
 20
33.445
 10
9.528
 20
33.453
 10
9.507
 20
33.461
 10
9.486
 20
33.469
 10
9.465
 20
33.478
 10
9.445
 20
33.487
 10
9.424
 20
33.496
 10
9.404
 20
33.506
 10
9.385
 20
33.517
 10
9.366
 20
33.529
 10
9.347
 20
33.541
 10
9.329
 20
33.554
 10
9.312
 20
33.568
 10
9.295
 20
33.583
 10
9.279
 20
33.598
 10
9.263
 20
33.614
 10
9.249
 20
33.631
 10
9.235
 20
33.649
 10
9.222
 20
33.668
 10
9.21
 20
33.688
 10
9.198
 20
33.708
 10
9.187
 20
33.73
 10
9.177
 20
33.752
 10
9.169
 20
33.776
 10
9.162
 20
33.801
 10
9.156
 20
33.828
 10
9.151
 20
33.855
 10
9.148
 20
33.884
 10
9.146
 20
33.915
 10
9.146
 20
33.947
 10
9.147
 20
33.981
 10
9.149
 20
34.015
 10
9.154
 20
34.047
 10
9.16
 20
34.077
 10
9.168
 20
34.107
 10
9.179
 20
34.135
 10
9.19
 20
34.163
 10
9.204
 20
34.189
 10
9.219
 20
34.213
 10
9.236
 20
34.237
 10
9.253
 20
34.26
 10
9.272
 20
34.281
 10
9.291
 20
34.302
 10
9.312
 20
34.321
 10
9.334
 20
34.339
 10
9.358
 20
34.356
 10
9.382
 20
34.372
 10
9.407
 20
34.387
 10
9.432
 20
34.401
 10
9.459
 20
34.414
 10
9.486
 20
34.426
 10
9.514
 20
34.437
 10
9.543
 20
34.446
 10
9.573
 20
34.455
 10
9.604
 20
34.463
 10
9.634
 20
34.469
 10
9.665
 20
34.475
 10
9.695
 20
34.479
 10
9.726
 20
34.483
 10
9.757
 20
34.486
 10
9.788
 20
34.487
 10
9.819
 20
34.488
 10
9.854
 20
34.487
 10
9.889
 20
34.485
 10
9.925
 20
34.481
 10
9.96
 20
34.475
 10
9.996
 20
34.468
 10
10.032
 20
34.46
 10
10.068
 20
34.45
 10
10.104
 20
34.438
 10
10.139
 20
34.425
 10
10.173
 20
34.41
 10
10.207
 20
34.394
 10
10.239
 20
34.376
 10
10.269
 20
34.357
 10
10.299
 20
34.336
 10
10.327
 20
34.314
 10
10.355
 20
34.29
 97
0
 75
0
 76
1
 98
0
  0
HATCH
  5
41
330
17
100
AcDbEntity
  8
RASTER
 62
7
100
AcDbHatch
 10
0.0
 20
0.0
 30
0.0
210
0.0
220
0.0
230
1.0
  2
SOLID
 70
1
 71
0
 91
2
 92
3
 72
0
 73
1
 93
166
 10
11.454
 20
32.759
 10
11.447
 20
32.759
 10
11.434
 20
32.738
 10
11.42
 20
32.719
 10
11.403
 20
32.7
 10
11.386
 20
32.683
 10
11.366
 20
32.666
 10
11.344
 20
32.651
 10
11.321
 20
32.636
 10
11.296
 20
32.622
 10
11.269
 20
32.61
 10
11.242
 20
32.599
 10
11.214
 20
32.59
 10
11.185
 20
32.582
 10
11.155
 20
32.576
 10
11.124
 20
32.572
 10
11.092
 20
32.57
 10
11.059
 20
32.569
 10
11.04
 20
32.569
 10
11.021
 20
32.57
 10
11.002
 20
32.572
 10
10.982
 20
32.574
 10
10.962
 20
32.576
 10
10.942
 20
32.58
 10
10.922
 20
32.584
 10
10.902
 20
32.588
 10
10.882
 20
32.594
 10
10.862
 20
32.6
 10
10.842
 20
32.607
 10
10.823
 20
32.614
 10
10.805
 20
32.623
 10
10.786
 20
32.632
 10
10.769
 20
32.642
 10
10.751
 20
32.653
 10
10.734
 20
32.665
 10
10.718
 20
32.678
 10
10.703
 20
32.691
 10
10.688
 20
32.706
 10
10.674
 20
32.721
 10
10.661
 20
32.738
 10
10.648
 20
32.755
 10
10.637
 20
32.773
 10
10.626
 20
32.792
 10
10.617
 20
32.812
 10
10.609
 20
32.833
 10
10.603
 20
32.856
 10
10.598
 20
32.879
 10
10.594
 20
32.904
 10
10.592
 20
32.929
 10
10.591
 20
32.956
 10
10.592
 20
32.99
 10
10.596
 20
33.023
 10
10.602
 20
33.053
 10
10.611
 20
33.082
 10
10.622
 20
33.109
 10
10.636
 20
33.135
 10
10.652
 20
33.158
 10
10.671
 20
33.18
 10
10.691
 20
33.2
 10
10.713
 20
33.219
 10
10.736
 20
33.237
 10
10.761
 20
33.253
 10
10.787
 20
33.269
 10
10.815
 20
33.283
 10
10.844
 20
33.296
 10
10.875
 20
33.307
 10
10.906
 20
33.318
 10
10.939
 20
33.327
 10
10.972
 20
33.336
 10
11.006
 20
33.344
 10
11.041
 20
33.351
 10
11.077
 20
33.357
 10
11.114
 20
33.362
 10
11.152
 20
33.366
 10
11.189
 20
33.369
 10
11.227
 20
33.372
 10
11.265
 20
33.374
 10
11.302
 20
33.376
 10
11.339
 20
33.378
 10
11.376
 20
33.379
 10
11.413
 20
33.38
 10
11.449
 20
33.38
 10
11.449
 20
33.411
 10
11.448
 20
33.439
 10
11.444
 20
33.466
 10
11.437
 20
33.49
 10
11.428
 20
33.513
 10
11.416
 20
33.534
 10
11.402
 20
33.552
 10
11.385
 20
33.569
 10
11.365
 20
33.584
 10
11.343
 20
33.597
 10
11.32
 20
33.609
 10
11.297
 20
33.618
 10
11.272
 20
33.626
 10
11.246
 20
33.632
 10
11.22
 20
33.637
 10
11.192
 20
33.639
 10
11.163
 20
33.64
 10
11.139
 20
33.639
 10
11.114
 20
33.637
 10
11.09
 20
33.634
 10
11.066
 20
33.63
 10
11.043
 20
33.624
 10
11.019
 20
33.617
 10
10.996
 20
33.608
 10
10.973
 20
33.598
 10
10.951
 20
33.588
 10
10.93
 20
33.576
 10
10.91
 20
33.565
 10
10.89
 20
33.552
 10
10.872
 20
33.539
 10
10.854
 20
33.526
 10
10.838
 20
33.512
 10
10.823
 20
33.497
 10
10.661
 20
33.687
 10
10.689
 20
33.711
 10
10.717
 20
33.733
 10
10.746
 20
33.754
 10
10.776
 20
33.773
 10
10.807
 20
33.791
 10
10.84
 20
33.807
 10
10.873
 20
33.822
 10
10.907
 20
33.835
 10
10.942
 20
33.847
 10
10.977
 20
33.857
 10
11.012
 20
33.865
 10
11.047
 20
33.872
 10
11.082
 20
33.877
 10
11.118
 20
33.881
 10
11.154
 20
33.884
 10
11.189
 20
33.884
 10
11.23
 20
33.884
 10
11.269
 20
33.881
 10
11.306
 20
33.878
 10
11.341
 20
33.873
 10
11.374
 20
33.866
 10
11.406
 20
33.858
 10
11.436
 20
33.849
 10
11.464
 20
33.838
 10
11.49
 20
33.825
 10
11.515
 20
33.812
 10
11.538
 20
33.798
 10
11.56
 20
33.784
 10
11.581
 20
33.768
 10
11.6
 20
33.751
 10
11.617
 20
33.734
 10
11.634
 20
33.715
 10
11.649
 20
33.696
 10
11.663
 20
33.677
 10
11.675
 20
33.656
 10
11.687
 20
33.635
 10
11.697
 20
33.614
 10
11.706
 20
33.592
 10
11.714
 20
33.57
 10
11.721
 20
33.546
 10
11.727
 20
33.523
 10
11.732
 20
33.5
 10
11.736
 20
33.476
 10
11.739
 20
33.453
 10
11.742
 20
33.429
 10
11.744
 20
33.406
 10
11.745
 20
33.383
 10
11.746
 20
33.359
 10
11.746
 20
32.6
 10
11.454
 20
32.6
 97
0
 92
3
 72
0
 73
1
 93
82
 10
11.449
 20
33.169
 10
11.379
 20
33.169
 10
11.36
 20
33.169
 10
11.341
 20
33.169
 10
11.321
 20
33.168
 10
11.302
 20
33.168
 10
11.282
 20
33.167
 10
11.262
 20
33.166
 10
11.241
 20
33.164
 10
11.22
 20
33.163
 10
11.2
 20
33.161
 10
11.18
 20
33.159
 10
11.16
 20
33.156
 10
11.14
 20
33.152
 10
11.121
 20
33.149
 10
11.103
 20
33.144
 10
11.085
 20
33.14
 10
11.067
 20
33.134
 10
11.05
 20
33.128
 10
11.033
 20
33.122
 10
11.018
 20
33.115
 10
11.003
 20
33.108
 10
10.988
 20
33.1
 10
10.975
 20
33.091
 10
10.962
 20
33.082
 10
10.95
 20
33.072
 10
10.939
 20
33.061
 10
10.93
 20
33.05
 10
10.921
 20
33.037
 10
10.915
 20
33.024
 10
10.91
 20
33.01
 10
10.906
 20
32.995
 10
10.904
 20
32.978
 10
10.903
 20
32.961
 10
10.904
 20
32.951
 10
10.904
 20
32.94
 10
10.906
 20
32.93
 10
10.908
 20
32.921
 10
10.911
 20
32.912
 10
10.914
 20
32.903
 10
10.918
 20
32.895
 10
10.923
 20
32.887
 10
10.928
 20
32.88
 10
10.933
 20
32.873
 10
10.939
 20
32.867
 10
10.945
 20
32.86
 10
10.952
 20
32.854
 10
10.959
 20
32.849
 10
10.966
 20
32.844
 10
10.973
 20
32.839
 10
10.981
 20
32.835
 10
10.989
 20
32.831
 10
10.998
 20
32.827
 10
11.007
 20
32.824
 10
11.015
 20
32.821
 10
11.025
 20
32.818
 10
11.034
 20
32.815
 10
11.044
 20
32.813
 10
11.053
 20
32.811
 10
11.063
 20
32.81
 10
11.073
 20
32.808
 10
11.083
 20
32.807
 10
11.092
 20
32.806
 10
11.102
 20
32.806
 10
11.112
 20
32.806
 10
11.122
 20
32.805
 10
11.161
 20
32.807
 10
11.197
 20
32.811
 10
11.232
 20
32.817
 10
11.263
 20
32.827
 10
11.293
 20
32.839
 10
11.32
 20
32.854
 10
11.344
 20
32.871
 10
11.366
 20
32.891
 10
11.386
 20
32.914
 10
11.402
 20
32.938
 10
11.417
 20
32.964
 10
11.428
 20
32.993
 10
11.438
 20
33.023
 10
11.444
 20
33.055
 10
11.448
 20
33.089
 10
11.449
 20
33.125
 97
0
 75
0
 76
1
 98
0
  0
HATCH
  5
42
330
17
100
AcDbEntity
  8
RASTER
 62
7
100
AcDbHatch
 10
0.0
 20
0.0
 30
0.0
210
0.0
220
0.0
230
1.0
  2
SOLID
 70
1
 71
0
 91
2
 92
3
 72
0
 73
1
 93
4
 10
12.115
 20
33.848
 10
12.427
 20
33.848
 10
12.427
 20
32.6
 10
12.115
 20
32.6
 97
0
 92
3
 72
0
 73
1
 93
65
 10
12.071
 20
34.272
 10
12.071
 20
34.29
 10
12.074
 20
34.308
 10
12.078
 20
34.326
 10
12.085
 20
34.342
 10
12.092
 20
34.358
 10
12.102
 20
34.374
 10
12.113
 20
34.389
 10
12.127
 20
34.403
 10
12.141
 20
34.416
 10
12.156
 20
34.428
 10
12.173
 20
34.437
 10
12.19
 20
34.445
 10
12.208
 20
34.451
 10
12.227
 20
34.456
 10
12.247
 20
34.458
 10
12.268
 20
34.459
 10
12.289
 20
34.458
 10
12.309
 20
34.456
 10
12.329
 20
34.452
 10
12.347
 20
34.446
 10
12.365
 20
34.438
 10
12.382
 20
34.429
 10
12.397
 20
34.418
 10
12.413
 20
34.406
 10
12.426
 20
34.392
 10
12.438
 20
34.377
 10
12.448
 20
34.362
 10
12.456
 20
34.346
 10
12.463
 20
34.328
 10
12.467
 20
34.31
 10
12.47
 20
34.292
 10
12.471
 20
34.272
 10
12.47
 20
34.252
 10
12.467
 20
34.233
 10
12.463
 20
34.215
 10
12.456
 20
34.198
 10
12.448
 20
34.182
 10
12.438
 20
34.166
 10
12.426
 20
34.152
 10
12.413
 20
34.138
 10
12.397
 20
34.125
 10
12.382
 20
34.115
 10
12.365
 20
34.105
 10
12.347
 20
34.098
 10
12.329
 20
34.092
 10
12.309
 20
34.088
 10
12.289
 20
34.085
 10
12.268
 20
34.085
 10
12.247
 20
34.085
 10
12.227
 20
34.088
 10
12.208
 20
34.092
 10
12.19
 20
34.099
 10
12.173
 20
34.106
 10
12.156
 20
34.116
 10
12.141
 20
34.127
 10
12.127
 20
34.14
 10
12.113
 20
34.155
 10
12.102
 20
34.17
 10
12.092
 20
34.185
 10
12.085
 20
34.201
 10
12.078
 20
34.218
 10
12.074
 20
34.235
 10
12.071
 20
34.253
 10
12.071
 20
34.272
 97
0
 75
0
 76
1
 98
0
  0
HATCH
  5
43
330
17
100
AcDbEntity
  8
RASTER
 62
7
100
AcDbHatch
 10
0.0
 20
0.0
 30
0.0
210
0.0
220
0.0
230
1.0
  2
SOLID
 70
1
 71
0
 91
1
 92
3
 72
0
 73
1
 93
4
 10
12.812
 20
34.566
 10
13.124
 20
34.566
 10
13.124
 20
32.6
 10
12.812
 20
32.6
 97
0
 75
0
 76
1
 98
0
  0
HATCH
  5
44
330
17
100
AcDbEntity
  8
RASTER
 62
7
100
AcDbHatch
 10
0.0
 20
0.0
 30
0.0
210
0.0
220
0.0
230
1.0
  2
SOLID
 70
1
 71
0
 91
2
 92
3
 72
0
 73
1
 93
11
 10
15.75
 20
33.208
 10
16.02
 20
33.208
 10
16.02
 20
33.045
 10
15.75
 20
33.045
 10
15.75
 20
32.6
 10
15.568
 20
32.6
 10
15.568
 20
33.045
 10
14.725
 20
33.045
 10
14.725
 20
33.227
 10
15.505
 20
34.441
 10
15.75
 20
34.441
 97
0
 92
3
 72
0
 73
1
 93
4
 10
15.568
 20
34.23
 10
15.562
 20
34.23
 10
14.92
 20
33.208
 10
15.568
 20
33.208
 97
0
 75
0
 76
1
 98
0
  0
HATCH
  5
45
330
17
100
AcDbEntity
  8
RASTER
 62
7
100
AcDbHatch
 10
0.0
 20
0.0
 30
0.0
210
0.0
220
0.0
230
1.0
  2
SOLID
 70
1
 71
0
 91
1
 92
3
 72
0
 73
1
 93
274
 10
17.655
 20
33.528
 10
17.645
 20
33.547
 10
17.633
 20
33.564
 10
17.62
 20
33.581
 10
17.606
 20
33.597
 10
17.591
 20
33.612
 10
17.574
 20
33.626
 10
17.556
 20
33.639
 10
17.537
 20
33.652
 10
17.517
 20
33.663
 10
17.496
 20
33.673
 10
17.475
 20
33.681
 10
17.452
 20
33.688
 10
17.429
 20
33.693
 10
17.406
 20
33.697
 10
17.381
 20
33.699
 10
17.356
 20
33.7
 10
17.345
 20
33.7
 10
17.333
 20
33.699
 10
17.321
 20
33.698
 10
17.31
 20
33.697
 10
17.298
 20
33.696
 10
17.286
 20
33.694
 10
17.274
 20
33.692
 10
17.263
 20
33.689
 10
17.251
 20
33.687
 10
17.24
 20
33.683
 10
17.229
 20
33.68
 10
17.219
 20
33.676
 10
17.208
 20
33.671
 10
17.198
 20
33.666
 10
17.189
 20
33.661
 10
17.18
 20
33.656
 10
17.171
 20
33.65
 10
17.162
 20
33.643
 10
17.154
 20
33.636
 10
17.147
 20
33.629
 10
17.14
 20
33.621
 10
17.133
 20
33.613
 10
17.127
 20
33.605
 10
17.121
 20
33.596
 10
17.116
 20
33.586
 10
17.111
 20
33.577
 10
17.108
 20
33.567
 10
17.105
 20
33.556
 10
17.102
 20
33.545
 10
17.1
 20
33.534
 10
17.099
 20
33.522
 10
17.099
 20
33.51
 10
17.1
 20
33.489
 10
17.103
 20
33.47
 10
17.109
 20
33.451
 10
17.117
 20
33.434
 10
17.126
 20
33.418
 10
17.138
 20
33.404
 10
17.153
 20
33.391
 10
17.169
 20
33.379
 10
17.188
 20
33.368
 10
17.209
 20
33.357
 10
17.233
 20
33.347
 10
17.26
 20
33.337
 10
17.288
 20
33.327
 10
17.32
 20
33.318
 10
17.354
 20
33.31
 10
17.39
 20
33.302
 10
17.442
 20
33.29
 10
17.491
 20
33.277
 10
17.536
 20
33.263
 10
17.578
 20
33.248
 10
17.616
 20
33.231
 10
17.65
 20
33.213
 10
17.681
 20
33.194
 10
17.709
 20
33.173
 10
17.733
 20
33.151
 10
17.754
 20
33.127
 10
17.771
 20
33.102
 10
17.786
 20
33.074
 10
17.797
 20
33.045
 10
17.805
 20
33.014
 10
17.81
 20
32.981
 10
17.811
 20
32.946
 10
17.811
 20
32.92
 10
17.809
 20
32.896
 10
17.806
 20
32.872
 10
17.801
 20
32.85
 10
17.796
 20
32.828
 10
17.789
 20
32.808
 10
17.781
 20
32.789
 10
17.771
 20
32.77
 10
17.761
 20
32.753
 10
17.749
 20
32.736
 10
17.737
 20
32.72
 10
17.725
 20
32.705
 10
17.711
 20
32.691
 10
17.697
 20
32.678
 10
17.682
 20
32.665
 10
17.666
 20
32.653
 10
17.649
 20
32.642
 10
17.632
 20
32.632
 10
17.615
 20
32.623
 10
17.597
 20
32.614
 10
17.578
 20
32.607
 10
17.559
 20
32.6
 10
17.539
 20
32.594
 10
17.519
 20
32.588
 10
17.498
 20
32.584
 10
17.478
 20
32.58
 10
17.457
 20
32.576
 10
17.437
 20
32.574
 10
17.416
 20
32.572
 10
17.395
 20
32.57
 10
17.375
 20
32.569
 10
17.354
 20
32.569
 10
17.319
 20
32.57
 10
17.285
 20
32.572
 10
17.252
 20
32.577
 10
17.218
 20
32.583
 10
17.185
 20
32.591
 10
17.151
 20
32.601
 10
17.119
 20
32.613
 10
17.086
 20
32.626
 10
17.054
 20
32.641
 10
17.024
 20
32.659
 10
16.995
 20
32.678
 10
16.968
 20
32.699
 10
16.942
 20
32.723
 10
16.917
 20
32.748
 10
16.894
 20
32.776
 10
16.873
 20
32.805
 10
17.013
 20
32.909
 10
17.026
 20
32.89
 10
17.039
 20
32.871
 10
17.055
 20
32.853
 10
17.071
 20
32.835
 10
17.089
 20
32.819
 10
17.108
 20
32.803
 10
17.129
 20
32.788
 10
17.151
 20
32.774
 10
17.174
 20
32.761
 10
17.198
 20
32.75
 10
17.222
 20
32.741
 10
17.247
 20
32.733
 10
17.272
 20
32.727
 10
17.298
 20
32.723
 10
17.324
 20
32.72
 10
17.351
 20
32.72
 10
17.365
 20
32.72
 10
17.379
 20
32.72
 10
17.393
 20
32.721
 10
17.407
 20
32.722
 10
17.421
 20
32.724
 10
17.434
 20
32.725
 10
17.447
 20
32.728
 10
17.46
 20
32.73
 10
17.473
 20
32.733
 10
17.486
 20
32.736
 10
17.498
 20
32.74
 10
17.509
 20
32.744
 10
17.52
 20
32.749
 10
17.531
 20
32.754
 10
17.541
 20
32.76
 10
17.551
 20
32.766
 10
17.561
 20
32.773
 10
17.57
 20
32.78
 10
17.578
 20
32.788
 10
17.586
 20
32.796
 10
17.594
 20
32.804
 10
17.601
 20
32.813
 10
17.608
 20
32.823
 10
17.614
 20
32.833
 10
17.619
 20
32.843
 10
17.624
 20
32.854
 10
17.628
 20
32.866
 10
17.631
 20
32.878
 10
17.634
 20
32.891
 10
17.636
 20
32.904
 10
17.637
 20
32.918
 10
17.637
 20
32.933
 10
17.636
 20
32.956
 10
17.631
 20
32.978
 10
17.624
 20
32.998
 10
17.614
 20
33.017
 10
17.601
 20
33.034
 10
17.585
 20
33.05
 10
17.567
 20
33.064
 10
17.545
 20
33.077
 10
17.521
 20
33.089
 10
17.494
 20
33.101
 10
17.464
 20
33.112
 10
17.432
 20
33.124
 10
17.398
 20
33.135
 10
17.36
 20
33.146
 10
17.321
 20
33.156
 10
17.278
 20
33.167
 10
17.265
 20
33.17
 10
17.251
 20
33.174
 10
17.237
 20
33.177
 10
17.222
 20
33.181
 10
17.208
 20
33.186
 10
17.193
 20
33.19
 10
17.178
 20
33.195
 10
17.163
 20
33.199
 10
17.148
 20
33.204
 10
17.133
 20
33.21
 10
17.118
 20
33.216
 10
17.104
 20
33.223
 10
17.09
 20
33.231
 10
17.076
 20
33.239
 10
17.063
 20
33.247
 10
17.05
 20
33.256
 10
17.037
 20
33.266
 10
17.025
 20
33.277
 10
17.013
 20
33.288
 10
17.002
 20
33.299
 10
16.992
 20
33.311
 10
16.982
 20
33.324
 10
16.973
 20
33.337
 10
16.964
 20
33.351
 10
16.956
 20
33.366
 10
16.949
 20
33.382
 10
16.943
 20
33.398
 10
16.938
 20
33.416
 10
16.935
 20
33.434
 10
16.932
 20
33.453
 10
16.931
 20
33.473
 10
16.93
 20
33.494
 10
16.931
 20
33.517
 10
16.932
 20
33.539
 10
16.935
 20
33.561
 10
16.939
 20
33.581
 10
16.944
 20
33.601
 10
16.95
 20
33.619
 10
16.958
 20
33.637
 10
16.966
 20
33.654
 10
16.976
 20
33.671
 10
16.986
 20
33.686
 10
16.997
 20
33.701
 10
17.009
 20
33.715
 10
17.022
 20
33.728
 10
17.035
 20
33.741
 10
17.049
 20
33.752
 10
17.064
 20
33.763
 10
17.079
 20
33.774
 10
17.096
 20
33.784
 10
17.112
 20
33.793
 10
17.129
 20
33.801
 10
17.147
 20
33.808
 10
17.165
 20
33.815
 10
17.184
 20
33.822
 10
17.203
 20
33.827
 10
17.223
 20
33.832
 10
17.242
 20
33.836
 10
17.262
 20
33.84
 10
17.282
 20
33.843
 10
17.303
 20
33.845
 10
17.323
 20
33.847
 10
17.343
 20
33.848
 10
17.364
 20
33.848
 10
17.396
 20
33.847
 10
17.427
 20
33.844
 10
17.459
 20
33.84
 10
17.49
 20
33.834
 10
17.52
 20
33.826
 10
17.551
 20
33.816
 10
17.581
 20
33.804
 10
17.611
 20
33.791
 10
17.64
 20
33.776
 10
17.667
 20
33.759
 10
17.692
 20
33.741
 10
17.716
 20
33.722
 10
17.737
 20
33.701
 10
17.757
 20
33.679
 10
17.775
 20
33.655
 10
17.791
 20
33.63
 97
0
 75
0
 76
1
 98
0
  0
HATCH
  5
46
330
17
100
AcDbEntity
  8
RASTER
 62
7
100
AcDbHatch
 10
0.0
 20
0.0
 30
0.0
210
0.0
220
0.0
230
1.0
  2
SOLID
 70
1
 71
0
 91
2
 92
3
 72
0
 73
1
 93
103
 10
19.161
 20
32.805
 10
19.141
 20
32.778
 10
19.12
 20
32.752
 10
19.097
 20
32.727
 10
19.073
 20
32.704
 10
19.047
 20
32.683
 10
19.019
 20
32.664
 10
18.99
 20
32.646
 10
18.959
 20
32.63
 10
18.928
 20
32.616
 10
18.896
 20
32.603
 10
18.864
 20
32.593
 10
18.832
 20
32.584
 10
18.8
 20
32.577
 10
18.768
 20
32.573
 10
18.736
 20
32.57
 10
18.703
 20
32.569
 10
18.668
 20
32.57
 10
18.633
 20
32.572
 10
18.6
 20
32.576
 10
18.567
 20
32.581
 10
18.535
 20
32.588
 10
18.504
 20
32.597
 10
18.474
 20
32.607
 10
18.444
 20
32.618
 10
18.416
 20
32.631
 10
18.389
 20
32.645
 10
18.362
 20
32.66
 10
18.337
 20
32.677
 10
18.313
 20
32.694
 10
18.29
 20
32.713
 10
18.268
 20
32.733
 10
18.247
 20
32.753
 10
18.227
 20
32.775
 10
18.208
 20
32.798
 10
18.191
 20
32.822
 10
18.174
 20
32.847
 10
18.159
 20
32.873
 10
18.145
 20
32.9
 10
18.131
 20
32.927
 10
18.12
 20
32.956
 10
18.109
 20
32.986
 10
18.1
 20
33.016
 10
18.092
 20
33.047
 10
18.085
 20
33.078
 10
18.08
 20
33.11
 10
18.077
 20
33.142
 10
18.075
 20
33.175
 10
18.074
 20
33.208
 10
18.075
 20
33.242
 10
18.077
 20
33.275
 10
18.08
 20
33.307
 10
18.085
 20
33.339
 10
18.092
 20
33.37
 10
18.1
 20
33.401
 10
18.109
 20
33.431
 10
18.12
 20
33.461
 10
18.131
 20
33.489
 10
18.145
 20
33.517
 10
18.159
 20
33.544
 10
18.174
 20
33.57
 10
18.191
 20
33.595
 10
18.208
 20
33.619
 10
18.227
 20
33.641
 10
18.247
 20
33.663
 10
18.268
 20
33.684
 10
18.29
 20
33.704
 10
18.313
 20
33.723
 10
18.337
 20
33.74
 10
18.362
 20
33.756
 10
18.389
 20
33.772
 10
18.416
 20
33.786
 10
18.444
 20
33.799
 10
18.474
 20
33.81
 10
18.504
 20
33.82
 10
18.535
 20
33.829
 10
18.567
 20
33.836
 10
18.6
 20
33.841
 10
18.633
 20
33.845
 10
18.668
 20
33.847
 10
18.703
 20
33.848
 10
18.736
 20
33.847
 10
18.768
 20
33.844
 10
18.8
 20
33.839
 10
18.832
 20
33.833
 10
18.864
 20
33.824
 10
18.896
 20
33.814
 10
18.928
 20
33.801
 10
18.959
 20
33.787
 10
18.99
 20
33.771
 10
19.019
 20
33.753
 10
19.047
 20
33.733
 10
19.073
 20
33.711
 10
19.097
 20
33.688
 10
19.12
 20
33.662
 10
19.141
 20
33.635
 10
19.161
 20
33.606
 10
19.169
 20
33.606
 10
19.169
 20
33.817
 10
19.345
 20
33.817
 10
19.345
 20
31.976
 10
19.169
 20
31.976
 10
19.169
 20
32.805
 97
0
 92
3
 72
0
 73
1
 93
129
 10
18.261
 20
33.208
 10
18.262
 20
33.183
 10
18.263
 20
33.158
 10
18.266
 20
33.134
 10
18.269
 20
33.11
 10
18.273
 20
33.086
 10
18.279
 20
33.063
 10
18.285
 20
33.04
 10
18.292
 20
33.017
 10
18.301
 20
32.995
 10
18.31
 20
32.974
 10
18.32
 20
32.953
 10
18.33
 20
32.933
 10
18.342
 20
32.914
 10
18.355
 20
32.896
 10
18.368
 20
32.878
 10
18.382
 20
32.861
 10
18.397
 20
32.845
 10
18.413
 20
32.83
 10
18.43
 20
32.816
 10
18.447
 20
32.802
 10
18.466
 20
32.79
 10
18.485
 20
32.778
 10
18.505
 20
32.767
 10
18.526
 20
32.757
 10
18.548
 20
32.748
 10
18.571
 20
32.741
 10
18.594
 20
32.734
 10
18.618
 20
32.729
 10
18.643
 20
32.725
 10
18.668
 20
32.722
 10
18.694
 20
32.72
 10
18.721
 20
32.72
 10
18.747
 20
32.72
 10
18.771
 20
32.722
 10
18.795
 20
32.725
 10
18.819
 20
32.729
 10
18.842
 20
32.734
 10
18.865
 20
32.741
 10
18.887
 20
32.748
 10
18.909
 20
32.757
 10
18.93
 20
32.767
 10
18.95
 20
32.778
 10
18.97
 20
32.789
 10
18.989
 20
32.802
 10
19.007
 20
32.815
 10
19.024
 20
32.829
 10
19.041
 20
32.844
 10
19.057
 20
32.86
 10
19.072
 20
32.877
 10
19.086
 20
32.894
 10
19.1
 20
32.912
 10
19.112
 20
32.931
 10
19.124
 20
32.951
 10
19.135
 20
32.971
 10
19.145
 20
32.993
 10
19.154
 20
33.015
 10
19.163
 20
33.037
 10
19.17
 20
33.06
 10
19.176
 20
33.084
 10
19.181
 20
33.108
 10
19.184
 20
33.132
 10
19.187
 20
33.157
 10
19.189
 20
33.183
 10
19.189
 20
33.208
 10
19.189
 20
33.234
 10
19.187
 20
33.26
 10
19.184
 20
33.284
 10
19.181
 20
33.309
 10
19.176
 20
33.333
 10
19.17
 20
33.356
 10
19.163
 20
33.379
 10
19.154
 20
33.402
 10
19.145
 20
33.424
 10
19.135
 20
33.445
 10
19.124
 20
33.466
 10
19.112
 20
33.486
 10
19.1
 20
33.505
 10
19.086
 20
33.523
 10
19.072
 20
33.541
 10
19.057
 20
33.558
 10
19.041
 20
33.574
 10
19.024
 20
33.589
 10
19.007
 20
33.604
 10
18.989
 20
33.617
 10
18.97
 20
33.63
 10
18.95
 20
33.641
 10
18.93
 20
33.652
 10
18.909
 20
33.662
 10
18.887
 20
33.671
 10
18.865
 20
33.679
 10
18.842
 20
33.685
 10
18.819
 20
33.69
 10
18.795
 20
33.694
 10
18.771
 20
33.697
 10
18.747
 20
33.699
 10
18.721
 20
33.7
 10
18.694
 20
33.699
 10
18.668
 20
33.697
 10
18.643
 20
33.694
 10
18.618
 20
33.69
 10
18.594
 20
33.685
 10
18.571
 20
33.678
 10
18.548
 20
33.67
 10
18.526
 20
33.661
 10
18.505
 20
33.651
 10
18.485
 20
33.64
 10
18.466
 20
33.628
 10
18.447
 20
33.615
 10
18.43
 20
33.601
 10
18.413
 20
33.587
 10
18.397
 20
33.572
 10
18.382
 20
33.555
 10
18.368
 20
33.539
 10
18.355
 20
33.521
 10
18.342
 20
33.502
 10
18.33
 20
33.483
 10
18.32
 20
33.463
 10
18.31
 20
33.443
 10
18.301
 20
33.422
 10
18.292
 20
33.399
 10
18.285
 20
33.377
 10
18.279
 20
33.354
 10
18.273
 20
33.331
 10
18.269
 20
33.307
 10
18.266
 20
33.283
 10
18.263
 20
33.258
 10
18.262
 20
33.234
 10
18.261
 20
33.208
 97
0
 75
0
 76
1
 98
0
  0
HATCH
  5
47
330
17
100
AcDbEntity
  8
RASTER
 62
7
100
AcDbHatch
 10
0.0
 20
0.0
 30
0.0
210
0.0
220
0.0
230
1.0
  2
SOLID
 70
1
 71
0
 91
1
 92
3
 72
0
 73
1
 93
136
 10
20.697
 20
32.6
 10
20.696
 20
32.613
 10
20.695
 20
32.625
 10
20.694
 20
32.639
 10
20.693
 20
32.652
 10
20.692
 20
32.666
 10
20.691
 20
32.68
 10
20.69
 20
32.694
 10
20.69
 20
32.709
 10
20.689
 20
32.724
 10
20.688
 20
32.738
 10
20.688
 20
32.751
 10
20.688
 20
32.764
 10
20.687
 20
32.776
 10
20.687
 20
32.787
 10
20.687
 20
32.798
 10
20.687
 20
32.808
 10
20.682
 20
32.808
 10
20.668
 20
32.782
 10
20.652
 20
32.757
 10
20.634
 20
32.734
 10
20.614
 20
32.711
 10
20.591
 20
32.69
 10
20.567
 20
32.671
 10
20.541
 20
32.652
 10
20.513
 20
32.635
 10
20.483
 20
32.62
 10
20.453
 20
32.606
 10
20.423
 20
32.595
 10
20.393
 20
32.585
 10
20.361
 20
32.578
 10
20.33
 20
32.573
 10
20.298
 20
32.57
 10
20.266
 20
32.569
 10
20.21
 20
32.571
 10
20.157
 20
32.577
 10
20.109
 20
32.588
 10
20.063
 20
32.603
 10
20.022
 20
32.623
 10
19.984
 20
32.646
 10
19.949
 20
32.674
 10
19.919
 20
32.707
 10
19.892
 20
32.742
 10
19.868
 20
32.781
 10
19.848
 20
32.822
 10
19.832
 20
32.867
 10
19.819
 20
32.913
 10
19.81
 20
32.963
 10
19.805
 20
33.015
 10
19.803
 20
33.071
 10
19.803
 20
33.817
 10
19.98
 20
33.817
 10
19.98
 20
33.143
 10
19.98
 20
33.12
 10
19.981
 20
33.096
 10
19.982
 20
33.074
 10
19.984
 20
33.052
 10
19.986
 20
33.03
 10
19.989
 20
33.009
 10
19.992
 20
32.989
 10
19.995
 20
32.969
 10
20.0
 20
32.95
 10
20.005
 20
32.932
 10
20.01
 20
32.914
 10
20.017
 20
32.897
 10
20.024
 20
32.88
 10
20.031
 20
32.865
 10
20.04
 20
32.85
 10
20.049
 20
32.835
 10
20.059
 20
32.822
 10
20.069
 20
32.809
 10
20.081
 20
32.797
 10
20.093
 20
32.786
 10
20.106
 20
32.775
 10
20.12
 20
32.765
 10
20.135
 20
32.756
 10
20.15
 20
32.748
 10
20.167
 20
32.741
 10
20.184
 20
32.735
 10
20.202
 20
32.729
 10
20.222
 20
32.725
 10
20.242
 20
32.721
 10
20.264
 20
32.719
 10
20.286
 20
32.717
 10
20.31
 20
32.717
 10
20.327
 20
32.717
 10
20.345
 20
32.719
 10
20.362
 20
32.721
 10
20.379
 20
32.724
 10
20.396
 20
32.728
 10
20.413
 20
32.733
 10
20.43
 20
32.739
 10
20.447
 20
32.746
 10
20.463
 20
32.753
 10
20.479
 20
32.762
 10
20.494
 20
32.771
 10
20.509
 20
32.782
 10
20.524
 20
32.793
 10
20.538
 20
32.805
 10
20.552
 20
32.819
 10
20.565
 20
32.833
 10
20.577
 20
32.848
 10
20.589
 20
32.864
 10
20.601
 20
32.881
 10
20.612
 20
32.899
 10
20.622
 20
32.918
 10
20.631
 20
32.938
 10
20.64
 20
32.959
 10
20.648
 20
32.981
 10
20.655
 20
33.004
 10
20.662
 20
33.028
 10
20.667
 20
33.053
 10
20.671
 20
33.079
 10
20.675
 20
33.106
 10
20.677
 20
33.134
 10
20.679
 20
33.163
 10
20.679
 20
33.193
 10
20.679
 20
33.817
 10
20.856
 20
33.817
 10
20.856
 20
32.868
 10
20.856
 20
32.855
 10
20.856
 20
32.841
 10
20.856
 20
32.827
 10
20.857
 20
32.811
 10
20.857
 20
32.795
 10
20.857
 20
32.778
 10
20.858
 20
32.759
 10
20.859
 20
32.74
 10
20.859
 20
32.721
 10
20.86
 20
32.702
 10
20.861
 20
32.684
 10
20.862
 20
32.666
 10
20.863
 20
32.649
 10
20.864
 20
32.632
 10
20.865
 20
32.616
 10
20.866
 20
32.6
 97
0
 75
0
 76
1
 98
0
  0
HATCH
  5
48
330
17
100
AcDbEntity
  8
RASTER
 62
7
100
AcDbHatch
 10
0.0
 20
0.0
 30
0.0
210
0.0
220
0.0
230
1.0
  2
SOLID
 70
1
 71
0
 91
2
 92
3
 72
0
 73
1
 93
197
 10
22.091
 20
33.385
 10
22.09
 20
33.424
 10
22.086
 20
33.459
 10
22.079
 20
33.493
 10
22.07
 20
33.524
 10
22.059
 20
33.552
 10
22.044
 20
33.578
 10
22.027
 20
33.601
 10
22.008
 20
33.622
 10
21.986
 20
33.64
 10
21.961
 20
33.656
 10
21.935
 20
33.669
 10
21.906
 20
33.68
 10
21.874
 20
33.689
 10
21.841
 20
33.695
 10
21.804
 20
33.699
 10
21.766
 20
33.7
 10
21.739
 20
33.699
 10
21.712
 20
33.697
 10
21.686
 20
33.694
 10
21.661
 20
33.69
 10
21.636
 20
33.685
 10
21.611
 20
33.678
 10
21.587
 20
33.67
 10
21.563
 20
33.661
 10
21.54
 20
33.651
 10
21.518
 20
33.64
 10
21.497
 20
33.628
 10
21.477
 20
33.615
 10
21.457
 20
33.602
 10
21.439
 20
33.588
 10
21.421
 20
33.573
 10
21.405
 20
33.557
 10
21.306
 20
33.674
 10
21.325
 20
33.692
 10
21.347
 20
33.71
 10
21.369
 20
33.727
 10
21.393
 20
33.743
 10
21.419
 20
33.758
 10
21.446
 20
33.772
 10
21.475
 20
33.786
 10
21.505
 20
33.799
 10
21.536
 20
33.81
 10
21.568
 20
33.82
 10
21.602
 20
33.829
 10
21.636
 20
33.836
 10
21.672
 20
33.841
 10
21.708
 20
33.845
 10
21.746
 20
33.847
 10
21.784
 20
33.848
 10
21.809
 20
33.848
 10
21.833
 20
33.846
 10
21.856
 20
33.844
 10
21.88
 20
33.841
 10
21.903
 20
33.837
 10
21.925
 20
33.833
 10
21.947
 20
33.827
 10
21.969
 20
33.821
 10
21.99
 20
33.813
 10
22.01
 20
33.805
 10
22.03
 20
33.796
 10
22.049
 20
33.787
 10
22.068
 20
33.776
 10
22.086
 20
33.764
 10
22.103
 20
33.752
 10
22.12
 20
33.739
 10
22.135
 20
33.725
 10
22.15
 20
33.71
 10
22.164
 20
33.694
 10
22.177
 20
33.677
 10
22.19
 20
33.659
 10
22.201
 20
33.641
 10
22.211
 20
33.621
 10
22.221
 20
33.601
 10
22.23
 20
33.58
 10
22.237
 20
33.558
 10
22.243
 20
33.535
 10
22.248
 20
33.511
 10
22.252
 20
33.486
 10
22.255
 20
33.46
 10
22.257
 20
33.434
 10
22.257
 20
33.406
 10
22.257
 20
32.873
 10
22.257
 20
32.855
 10
22.258
 20
32.838
 10
22.258
 20
32.82
 10
22.259
 20
32.802
 10
22.259
 20
32.783
 10
22.26
 20
32.765
 10
22.261
 20
32.746
 10
22.263
 20
32.727
 10
22.264
 20
32.709
 10
22.266
 20
32.691
 10
22.267
 20
32.674
 10
22.269
 20
32.658
 10
22.271
 20
32.642
 10
22.273
 20
32.627
 10
22.276
 20
32.613
 10
22.278
 20
32.6
 10
22.12
 20
32.6
 10
22.118
 20
32.611
 10
22.116
 20
32.623
 10
22.114
 20
32.634
 10
22.112
 20
32.646
 10
22.111
 20
32.658
 10
22.109
 20
32.671
 10
22.108
 20
32.683
 10
22.107
 20
32.696
 10
22.105
 20
32.709
 10
22.104
 20
32.722
 10
22.103
 20
32.735
 10
22.103
 20
32.748
 10
22.102
 20
32.76
 10
22.102
 20
32.773
 10
22.101
 20
32.785
 10
22.101
 20
32.798
 10
22.096
 20
32.798
 10
22.075
 20
32.768
 10
22.053
 20
32.741
 10
22.031
 20
32.716
 10
22.007
 20
32.693
 10
21.984
 20
32.672
 10
21.959
 20
32.653
 10
21.934
 20
32.637
 10
21.908
 20
32.622
 10
21.881
 20
32.61
 10
21.852
 20
32.599
 10
21.823
 20
32.59
 10
21.792
 20
32.582
 10
21.759
 20
32.576
 10
21.726
 20
32.572
 10
21.691
 20
32.57
 10
21.654
 20
32.569
 10
21.637
 20
32.569
 10
21.619
 20
32.57
 10
21.601
 20
32.572
 10
21.583
 20
32.574
 10
21.565
 20
32.576
 10
21.547
 20
32.58
 10
21.528
 20
32.584
 10
21.51
 20
32.588
 10
21.492
 20
32.594
 10
21.474
 20
32.6
 10
21.456
 20
32.606
 10
21.439
 20
32.614
 10
21.422
 20
32.622
 10
21.406
 20
32.631
 10
21.39
 20
32.641
 10
21.375
 20
32.652
 10
21.36
 20
32.663
 10
21.345
 20
32.676
 10
21.332
 20
32.689
 10
21.319
 20
32.703
 10
21.306
 20
32.717
 10
21.295
 20
32.733
 10
21.284
 20
32.749
 10
21.273
 20
32.766
 10
21.264
 20
32.784
 10
21.256
 20
32.803
 10
21.249
 20
32.823
 10
21.243
 20
32.844
 10
21.239
 20
32.866
 10
21.236
 20
32.889
 10
21.234
 20
32.913
 10
21.233
 20
32.938
 10
21.234
 20
32.972
 10
21.237
 20
33.005
 10
21.243
 20
33.035
 10
21.251
 20
33.064
 10
21.261
 20
33.091
 10
21.273
 20
33.116
 10
21.288
 20
33.139
 10
21.305
 20
33.16
 10
21.323
 20
33.18
 10
21.343
 20
33.199
 10
21.365
 20
33.216
 10
21.388
 20
33.232
 10
21.413
 20
33.246
 10
21.439
 20
33.26
 10
21.466
 20
33.272
 10
21.496
 20
33.283
 10
21.526
 20
33.292
 10
21.558
 20
33.301
 10
21.59
 20
33.309
 10
21.624
 20
33.316
 10
21.659
 20
33.322
 10
21.695
 20
33.327
 10
21.732
 20
33.331
 10
21.77
 20
33.335
 10
21.809
 20
33.337
 10
21.848
 20
33.34
 10
21.888
 20
33.342
 10
21.928
 20
33.343
 10
21.968
 20
33.345
 10
22.009
 20
33.345
 10
22.05
 20
33.346
 10
22.091
 20
33.346
 97
0
 92
3
 72
0
 73
1
 93
98
 10
22.039
 20
33.208
 10
22.012
 20
33.208
 10
21.984
 20
33.208
 10
21.957
 20
33.207
 10
21.929
 20
33.206
 10
21.902
 20
33.205
 10
21.874
 20
33.203
 10
21.847
 20
33.201
 10
21.819
 20
33.199
 10
21.792
 20
33.197
 10
21.765
 20
33.194
 10
21.739
 20
33.19
 10
21.714
 20
33.186
 10
21.689
 20
33.181
 10
21.665
 20
33.175
 10
21.642
 20
33.169
 10
21.619
 20
33.163
 10
21.597
 20
33.156
 10
21.576
 20
33.148
 10
21.556
 20
33.139
 10
21.538
 20
33.129
 10
21.52
 20
33.119
 10
21.503
 20
33.108
 10
21.487
 20
33.096
 10
21.472
 20
33.084
 10
21.459
 20
33.07
 10
21.447
 20
33.055
 10
21.437
 20
33.04
 10
21.429
 20
33.023
 10
21.423
 20
33.005
 10
21.419
 20
32.987
 10
21.416
 20
32.967
 10
21.415
 20
32.946
 10
21.415
 20
32.93
 10
21.417
 20
32.915
 10
21.418
 20
32.9
 10
21.421
 20
32.886
 10
21.425
 20
32.873
 10
21.429
 20
32.86
 10
21.434
 20
32.848
 10
21.44
 20
32.837
 10
21.446
 20
32.826
 10
21.453
 20
32.816
 10
21.461
 20
32.806
 10
21.469
 20
32.797
 10
21.477
 20
32.788
 10
21.486
 20
32.78
 10
21.496
 20
32.772
 10
21.506
 20
32.765
 10
21.517
 20
32.759
 10
21.527
 20
32.752
 10
21.538
 20
32.747
 10
21.55
 20
32.742
 10
21.562
 20
32.737
 10
21.574
 20
32.733
 10
21.586
 20
32.729
 10
21.598
 20
32.726
 10
21.611
 20
32.723
 10
21.624
 20
32.721
 10
21.637
 20
32.719
 10
21.649
 20
32.717
 10
21.662
 20
32.716
 10
21.675
 20
32.715
 10
21.688
 20
32.715
 10
21.701
 20
32.714
 10
21.724
 20
32.715
 10
21.747
 20
32.716
 10
21.768
 20
32.719
 10
21.789
 20
32.723
 10
21.81
 20
32.727
 10
21.83
 20
32.733
 10
21.849
 20
32.739
 10
21.867
 20
32.747
 10
21.885
 20
32.755
 10
21.902
 20
32.765
 10
21.919
 20
32.775
 10
21.934
 20
32.785
 10
21.949
 20
32.797
 10
21.963
 20
32.809
 10
21.977
 20
32.822
 10
21.99
 20
32.835
 10
22.002
 20
32.85
 10
22.013
 20
32.864
 10
22.023
 20
32.88
 10
22.033
 20
32.895
 10
22.042
 20
32.912
 10
22.051
 20
32.929
 10
22.058
 20
32.946
 10
22.065
 20
32.964
 10
22.071
 20
32.982
 10
22.076
 20
33.001
 10
22.081
 20
33.02
 10
22.085
 20
33.039
 10
22.087
 20
33.058
 10
22.089
 20
33.078
 10
22.091
 20
33.097
 10
22.091
 20
33.117
 10
22.091
 20
33.208
 97
0
 75
0
 76
1
 98
0
  0
HATCH
  5
49
330
17
100
AcDbEntity
  8
RASTER
 62
7
100
AcDbHatch
 10
0.0
 20
0.0
 30
0.0
210
0.0
220
0.0
230
1.0
  2
SOLID
 70
1
 71
0
 91
1
 92
3
 72
0
 73
1
 93
119
 10
22.712
 20
33.549
 10
22.712
 20
33.562
 10
22.712
 20
33.575
 10
22.712
 20
33.59
 10
22.712
 20
33.606
 10
22.711
 20
33.622
 10
22.711
 20
33.639
 10
22.71
 20
33.657
 10
22.71
 20
33.676
 10
22.709
 20
33.696
 10
22.708
 20
33.714
 10
22.707
 20
33.733
 10
22.707
 20
33.751
 10
22.706
 20
33.768
 10
22.704
 20
33.785
 10
22.703
 20
33.801
 10
22.702
 20
33.817
 10
22.871
 20
33.817
 10
22.872
 20
33.804
 10
22.873
 20
33.791
 10
22.875
 20
33.778
 10
22.876
 20
33.765
 10
22.876
 20
33.751
 10
22.877
 20
33.737
 10
22.878
 20
33.722
 10
22.879
 20
33.708
 10
22.879
 20
33.693
 10
22.88
 20
33.679
 10
22.88
 20
33.666
 10
22.881
 20
33.653
 10
22.881
 20
33.641
 10
22.881
 20
33.63
 10
22.881
 20
33.619
 10
22.881
 20
33.609
 10
22.887
 20
33.609
 10
22.9
 20
33.635
 10
22.916
 20
33.66
 10
22.933
 20
33.683
 10
22.952
 20
33.705
 10
22.972
 20
33.726
 10
22.994
 20
33.746
 10
23.017
 20
33.764
 10
23.043
 20
33.782
 10
23.069
 20
33.797
 10
23.096
 20
33.811
 10
23.124
 20
33.822
 10
23.153
 20
33.831
 10
23.183
 20
33.839
 10
23.213
 20
33.844
 10
23.245
 20
33.847
 10
23.277
 20
33.848
 10
23.285
 20
33.848
 10
23.293
 20
33.848
 10
23.301
 20
33.848
 10
23.309
 20
33.847
 10
23.316
 20
33.847
 10
23.324
 20
33.847
 10
23.331
 20
33.846
 10
23.338
 20
33.845
 10
23.345
 20
33.845
 10
23.351
 20
33.844
 10
23.358
 20
33.843
 10
23.365
 20
33.842
 10
23.372
 20
33.84
 10
23.379
 20
33.839
 10
23.386
 20
33.837
 10
23.394
 20
33.835
 10
23.37
 20
33.669
 10
23.366
 20
33.67
 10
23.361
 20
33.671
 10
23.356
 20
33.673
 10
23.349
 20
33.674
 10
23.343
 20
33.675
 10
23.335
 20
33.676
 10
23.327
 20
33.678
 10
23.318
 20
33.679
 10
23.309
 20
33.68
 10
23.3
 20
33.681
 10
23.291
 20
33.682
 10
23.282
 20
33.683
 10
23.273
 20
33.683
 10
23.264
 20
33.684
 10
23.255
 20
33.684
 10
23.245
 20
33.684
 10
23.228
 20
33.684
 10
23.211
 20
33.683
 10
23.193
 20
33.681
 10
23.177
 20
33.678
 10
23.16
 20
33.674
 10
23.143
 20
33.67
 10
23.127
 20
33.664
 10
23.11
 20
33.658
 10
23.094
 20
33.651
 10
23.079
 20
33.643
 10
23.064
 20
33.634
 10
23.049
 20
33.625
 10
23.036
 20
33.614
 10
23.022
 20
33.602
 10
23.009
 20
33.59
 10
22.997
 20
33.576
 10
22.985
 20
33.562
 10
22.974
 20
33.546
 10
22.964
 20
33.53
 10
22.954
 20
33.513
 10
22.944
 20
33.494
 10
22.935
 20
33.475
 10
22.927
 20
33.455
 10
22.919
 20
33.433
 10
22.912
 20
33.411
 10
22.906
 20
33.388
 10
22.901
 20
33.363
 10
22.897
 20
33.337
 10
22.893
 20
33.311
 10
22.891
 20
33.283
 10
22.89
 20
33.254
 10
22.889
 20
33.224
 10
22.889
 20
32.6
 10
22.712
 20
32.6
 10
22.712
 20
33.549
 97
0
 75
0
 76
1
 98
0
  0
HATCH
  5
4A
330
17
100
AcDbEntity
  8
RASTER
 62
7
100
AcDbHatch
 10
0.0
 20
0.0
 30
0.0
210
0.0
220
0.0
230
1.0
  2
SOLID
 70
1
 71
0
 91
2
 92
3
 72
0
 73
1
 93
49
 10
24.577
 20
33.302
 10
24.573
 20
33.344
 10
24.567
 20
33.384
 10
24.557
 20
33.422
 10
24.545
 20
33.459
 10
24.53
 20
33.494
 10
24.512
 20
33.526
 10
24.49
 20
33.558
 10
24.466
 20
33.587
 10
24.439
 20
33.613
 10
24.409
 20
33.636
 10
24.377
 20
33.656
 10
24.342
 20
33.672
 10
24.304
 20
33.684
 10
24.263
 20
33.693
 10
24.22
 20
33.698
 10
24.174
 20
33.7
 10
24.152
 20
33.699
 10
24.13
 20
33.698
 10
24.109
 20
33.695
 10
24.088
 20
33.692
 10
24.068
 20
33.687
 10
24.048
 20
33.682
 10
24.029
 20
33.675
 10
24.01
 20
33.667
 10
23.991
 20
33.659
 10
23.973
 20
33.65
 10
23.956
 20
33.64
 10
23.939
 20
33.629
 10
23.923
 20
33.618
 10
23.907
 20
33.605
 10
23.892
 20
33.593
 10
23.877
 20
33.579
 10
23.863
 20
33.565
 10
23.85
 20
33.55
 10
23.838
 20
33.535
 10
23.826
 20
33.519
 10
23.815
 20
33.503
 10
23.805
 20
33.486
 10
23.795
 20
33.469
 10
23.786
 20
33.451
 10
23.778
 20
33.434
 10
23.771
 20
33.415
 10
23.765
 20
33.397
 10
23.76
 20
33.378
 10
23.755
 20
33.36
 10
23.752
 20
33.341
 10
23.749
 20
33.321
 10
23.747
 20
33.302
 97
0
 92
3
 72
0
 73
1
 93
179
 10
24.756
 20
33.245
 10
24.756
 20
33.24
 10
24.756
 20
33.236
 10
24.756
 20
33.231
 10
24.756
 20
33.226
 10
24.756
 20
33.221
 10
24.756
 20
33.216
 10
24.756
 20
33.211
 10
24.756
 20
33.206
 10
24.756
 20
33.201
 10
24.756
 20
33.195
 10
24.756
 20
33.19
 10
24.755
 20
33.184
 10
24.755
 20
33.179
 10
24.755
 20
33.173
 10
24.754
 20
33.167
 10
24.753
 20
33.162
 10
23.745
 20
33.162
 10
23.746
 20
33.139
 10
23.748
 20
33.117
 10
23.751
 20
33.095
 10
23.755
 20
33.073
 10
23.76
 20
33.052
 10
23.766
 20
33.031
 10
23.773
 20
33.01
 10
23.781
 20
32.99
 10
23.79
 20
32.97
 10
23.8
 20
32.951
 10
23.81
 20
32.932
 10
23.821
 20
32.915
 10
23.833
 20
32.897
 10
23.846
 20
32.881
 10
23.86
 20
32.865
 10
23.875
 20
32.85
 10
23.89
 20
32.835
 10
23.906
 20
32.821
 10
23.922
 20
32.808
 10
23.94
 20
32.796
 10
23.957
 20
32.784
 10
23.976
 20
32.774
 10
23.995
 20
32.764
 10
24.015
 20
32.755
 10
24.035
 20
32.746
 10
24.056
 20
32.739
 10
24.077
 20
32.733
 10
24.099
 20
32.728
 10
24.121
 20
32.725
 10
24.143
 20
32.722
 10
24.166
 20
32.72
 10
24.189
 20
32.72
 10
24.223
 20
32.721
 10
24.256
 20
32.724
 10
24.287
 20
32.729
 10
24.318
 20
32.736
 10
24.347
 20
32.744
 10
24.375
 20
32.755
 10
24.401
 20
32.768
 10
24.427
 20
32.783
 10
24.451
 20
32.8
 10
24.474
 20
32.816
 10
24.495
 20
32.834
 10
24.515
 20
32.852
 10
24.533
 20
32.871
 10
24.55
 20
32.89
 10
24.565
 20
32.91
 10
24.579
 20
32.93
 10
24.712
 20
32.826
 10
24.684
 20
32.793
 10
24.656
 20
32.762
 10
24.627
 20
32.734
 10
24.597
 20
32.708
 10
24.567
 20
32.684
 10
24.536
 20
32.663
 10
24.504
 20
32.645
 10
24.471
 20
32.629
 10
24.438
 20
32.615
 10
24.404
 20
32.602
 10
24.37
 20
32.592
 10
24.335
 20
32.584
 10
24.3
 20
32.577
 10
24.263
 20
32.573
 10
24.227
 20
32.57
 10
24.189
 20
32.569
 10
24.156
 20
32.57
 10
24.123
 20
32.572
 10
24.091
 20
32.576
 10
24.059
 20
32.581
 10
24.028
 20
32.588
 10
23.997
 20
32.596
 10
23.968
 20
32.606
 10
23.938
 20
32.617
 10
23.91
 20
32.63
 10
23.882
 20
32.643
 10
23.856
 20
32.658
 10
23.831
 20
32.674
 10
23.806
 20
32.692
 10
23.783
 20
32.71
 10
23.761
 20
32.73
 10
23.739
 20
32.751
 10
23.719
 20
32.773
 10
23.7
 20
32.796
 10
23.682
 20
32.82
 10
23.665
 20
32.844
 10
23.649
 20
32.87
 10
23.634
 20
32.897
 10
23.621
 20
32.925
 10
23.608
 20
32.954
 10
23.597
 20
32.983
 10
23.587
 20
33.013
 10
23.579
 20
33.044
 10
23.572
 20
33.076
 10
23.567
 20
33.108
 10
23.563
 20
33.141
 10
23.561
 20
33.174
 10
23.56
 20
33.208
 10
23.561
 20
33.243
 10
23.563
 20
33.276
 10
23.567
 20
33.309
 10
23.572
 20
33.341
 10
23.578
 20
33.373
 10
23.586
 20
33.403
 10
23.596
 20
33.434
 10
23.607
 20
33.463
 10
23.619
 20
33.492
 10
23.632
 20
33.52
 10
23.647
 20
33.547
 10
23.663
 20
33.572
 10
23.68
 20
33.597
 10
23.697
 20
33.621
 10
23.717
 20
33.644
 10
23.737
 20
33.666
 10
23.758
 20
33.687
 10
23.78
 20
33.707
 10
23.803
 20
33.725
 10
23.827
 20
33.742
 10
23.852
 20
33.759
 10
23.878
 20
33.773
 10
23.904
 20
33.787
 10
23.932
 20
33.8
 10
23.96
 20
33.811
 10
23.989
 20
33.821
 10
24.018
 20
33.829
 10
24.048
 20
33.836
 10
24.079
 20
33.841
 10
24.11
 20
33.845
 10
24.141
 20
33.847
 10
24.174
 20
33.848
 10
24.209
 20
33.847
 10
24.243
 20
33.845
 10
24.276
 20
33.841
 10
24.308
 20
33.836
 10
24.339
 20
33.829
 10
24.369
 20
33.821
 10
24.398
 20
33.811
 10
24.426
 20
33.8
 10
24.453
 20
33.787
 10
24.478
 20
33.774
 10
24.503
 20
33.759
 10
24.526
 20
33.743
 10
24.548
 20
33.727
 10
24.569
 20
33.709
 10
24.589
 20
33.69
 10
24.608
 20
33.67
 10
24.625
 20
33.649
 10
24.642
 20
33.627
 10
24.657
 20
33.605
 10
24.672
 20
33.581
 10
24.685
 20
33.557
 10
24.697
 20
33.532
 10
24.708
 20
33.506
 10
24.718
 20
33.479
 10
24.727
 20
33.451
 10
24.735
 20
33.423
 10
24.741
 20
33.395
 10
24.747
 20
33.366
 10
24.751
 20
33.336
 10
24.754
 20
33.306
 10
24.755
 20
33.276
 10
24.756
 20
33.245
 97
0
 75
0
 76
1
 98
0
  0
HATCH
  5
4B
330
17
100
AcDbEntity
  8
RASTER
 62
7
100
AcDbHatch
 10
0.0
 20
0.0
 30
0.0
210
0.0
220
0.0
230
1.0
  2
SOLID
 70
1
 71
0
 91
1
 92
3
 72
0
 73
1
 93
274
 10
25.783
 20
33.528
 10
25.773
 20
33.547
 10
25.761
 20
33.564
 10
25.748
 20
33.581
 10
25.734
 20
33.597
 10
25.719
 20
33.612
 10
25.702
 20
33.626
 10
25.684
 20
33.639
 10
25.665
 20
33.652
 10
25.645
 20
33.663
 10
25.624
 20
33.673
 10
25.602
 20
33.681
 10
25.58
 20
33.688
 10
25.557
 20
33.693
 10
25.533
 20
33.697
 10
25.509
 20
33.699
 10
25.484
 20
33.7
 10
25.472
 20
33.7
 10
25.461
 20
33.699
 10
25.449
 20
33.698
 10
25.437
 20
33.697
 10
25.426
 20
33.696
 10
25.414
 20
33.694
 10
25.402
 20
33.692
 10
25.39
 20
33.689
 10
25.379
 20
33.687
 10
25.368
 20
33.683
 10
25.357
 20
33.68
 10
25.346
 20
33.676
 10
25.336
 20
33.671
 10
25.326
 20
33.666
 10
25.316
 20
33.661
 10
25.307
 20
33.656
 10
25.298
 20
33.65
 10
25.29
 20
33.643
 10
25.282
 20
33.636
 10
25.274
 20
33.629
 10
25.267
 20
33.621
 10
25.261
 20
33.613
 10
25.254
 20
33.605
 10
25.249
 20
33.596
 10
25.244
 20
33.586
 10
25.239
 20
33.577
 10
25.235
 20
33.567
 10
25.232
 20
33.556
 10
25.23
 20
33.545
 10
25.228
 20
33.534
 10
25.227
 20
33.522
 10
25.227
 20
33.51
 10
25.228
 20
33.489
 10
25.231
 20
33.47
 10
25.236
 20
33.451
 10
25.244
 20
33.434
 10
25.254
 20
33.418
 10
25.266
 20
33.404
 10
25.28
 20
33.391
 10
25.297
 20
33.379
 10
25.316
 20
33.368
 10
25.337
 20
33.357
 10
25.361
 20
33.347
 10
25.387
 20
33.337
 10
25.416
 20
33.327
 10
25.447
 20
33.318
 10
25.481
 20
33.31
 10
25.518
 20
33.302
 10
25.57
 20
33.29
 10
25.619
 20
33.277
 10
25.664
 20
33.263
 10
25.705
 20
33.248
 10
25.743
 20
33.231
 10
25.778
 20
33.213
 10
25.809
 20
33.194
 10
25.836
 20
33.173
 10
25.86
 20
33.151
 10
25.881
 20
33.127
 10
25.899
 20
33.102
 10
25.913
 20
33.074
 10
25.925
 20
33.045
 10
25.933
 20
33.014
 10
25.937
 20
32.981
 10
25.939
 20
32.946
 10
25.938
 20
32.92
 10
25.936
 20
32.896
 10
25.933
 20
32.872
 10
25.929
 20
32.85
 10
25.923
 20
32.828
 10
25.916
 20
32.808
 10
25.908
 20
32.789
 10
25.899
 20
32.77
 10
25.888
 20
32.753
 10
25.877
 20
32.736
 10
25.865
 20
32.72
 10
25.852
 20
32.705
 10
25.839
 20
32.691
 10
25.824
 20
32.678
 10
25.809
 20
32.665
 10
25.793
 20
32.653
 10
25.777
 20
32.642
 10
25.76
 20
32.632
 10
25.742
 20
32.623
 10
25.724
 20
32.614
 10
25.706
 20
32.607
 10
25.686
 20
32.6
 10
25.667
 20
32.594
 10
25.647
 20
32.588
 10
25.626
 20
32.584
 10
25.605
 20
32.58
 10
25.585
 20
32.576
 10
25.564
 20
32.574
 10
25.544
 20
32.572
 10
25.523
 20
32.57
 10
25.502
 20
32.569
 10
25.481
 20
32.569
 10
25.447
 20
32.57
 10
25.413
 20
32.572
 10
25.379
 20
32.577
 10
25.346
 20
32.583
 10
25.312
 20
32.591
 10
25.279
 20
32.601
 10
25.246
 20
32.613
 10
25.214
 20
32.626
 10
25.182
 20
32.641
 10
25.152
 20
32.659
 10
25.123
 20
32.678
 10
25.095
 20
32.699
 10
25.069
 20
32.723
 10
25.045
 20
32.748
 10
25.022
 20
32.776
 10
25.0
 20
32.805
 10
25.141
 20
32.909
 10
25.153
 20
32.89
 10
25.167
 20
32.871
 10
25.182
 20
32.853
 10
25.199
 20
32.835
 10
25.217
 20
32.819
 10
25.236
 20
32.803
 10
25.257
 20
32.788
 10
25.279
 20
32.774
 10
25.302
 20
32.761
 10
25.325
 20
32.75
 10
25.349
 20
32.741
 10
25.374
 20
32.733
 10
25.399
 20
32.727
 10
25.425
 20
32.723
 10
25.452
 20
32.72
 10
25.479
 20
32.72
 10
25.493
 20
32.72
 10
25.507
 20
32.72
 10
25.521
 20
32.721
 10
25.535
 20
32.722
 10
25.548
 20
32.724
 10
25.562
 20
32.725
 10
25.575
 20
32.728
 10
25.588
 20
32.73
 10
25.601
 20
32.733
 10
25.613
 20
32.736
 10
25.625
 20
32.74
 10
25.637
 20
32.744
 10
25.648
 20
32.749
 10
25.659
 20
32.754
 10
25.669
 20
32.76
 10
25.679
 20
32.766
 10
25.689
 20
32.773
 10
25.698
 20
32.78
 10
25.706
 20
32.788
 10
25.714
 20
32.796
 10
25.722
 20
32.804
 10
25.729
 20
32.813
 10
25.735
 20
32.823
 10
25.741
 20
32.833
 10
25.747
 20
32.843
 10
25.752
 20
32.854
 10
25.756
 20
32.866
 10
25.759
 20
32.878
 10
25.762
 20
32.891
 10
25.763
 20
32.904
 10
25.764
 20
32.918
 10
25.765
 20
32.933
 10
25.763
 20
32.956
 10
25.759
 20
32.978
 10
25.752
 20
32.998
 10
25.742
 20
33.017
 10
25.729
 20
33.034
 10
25.713
 20
33.05
 10
25.694
 20
33.064
 10
25.673
 20
33.077
 10
25.648
 20
33.089
 10
25.621
 20
33.101
 10
25.592
 20
33.112
 10
25.56
 20
33.124
 10
25.525
 20
33.135
 10
25.488
 20
33.146
 10
25.448
 20
33.156
 10
25.406
 20
33.167
 10
25.392
 20
33.17
 10
25.378
 20
33.174
 10
25.364
 20
33.177
 10
25.35
 20
33.181
 10
25.335
 20
33.186
 10
25.32
 20
33.19
 10
25.305
 20
33.195
 10
25.29
 20
33.199
 10
25.275
 20
33.204
 10
25.26
 20
33.21
 10
25.246
 20
33.216
 10
25.231
 20
33.223
 10
25.217
 20
33.231
 10
25.204
 20
33.239
 10
25.19
 20
33.247
 10
25.177
 20
33.256
 10
25.164
 20
33.266
 10
25.152
 20
33.277
 10
25.141
 20
33.288
 10
25.13
 20
33.299
 10
25.119
 20
33.311
 10
25.109
 20
33.324
 10
25.1
 20
33.337
 10
25.091
 20
33.351
 10
25.083
 20
33.366
 10
25.077
 20
33.382
 10
25.071
 20
33.398
 10
25.066
 20
33.416
 10
25.062
 20
33.434
 10
25.06
 20
33.453
 10
25.058
 20
33.473
 10
25.058
 20
33.494
 10
25.058
 20
33.517
 10
25.06
 20
33.539
 10
25.063
 20
33.561
 10
25.067
 20
33.581
 10
25.072
 20
33.601
 10
25.078
 20
33.619
 10
25.085
 20
33.637
 10
25.094
 20
33.654
 10
25.103
 20
33.671
 10
25.114
 20
33.686
 10
25.125
 20
33.701
 10
25.137
 20
33.715
 10
25.149
 20
33.728
 10
25.162
 20
33.741
 10
25.177
 20
33.752
 10
25.192
 20
33.763
 10
25.207
 20
33.774
 10
25.223
 20
33.784
 10
25.24
 20
33.793
 10
25.257
 20
33.801
 10
25.274
 20
33.808
 10
25.293
 20
33.815
 10
25.311
 20
33.822
 10
25.331
 20
33.827
 10
25.35
 20
33.832
 10
25.37
 20
33.836
 10
25.39
 20
33.84
 10
25.41
 20
33.843
 10
25.43
 20
33.845
 10
25.451
 20
33.847
 10
25.471
 20
33.848
 10
25.492
 20
33.848
 10
25.524
 20
33.847
 10
25.555
 20
33.844
 10
25.586
 20
33.84
 10
25.617
 20
33.834
 10
25.648
 20
33.826
 10
25.679
 20
33.816
 10
25.709
 20
33.804
 10
25.739
 20
33.791
 10
25.768
 20
33.776
 10
25.795
 20
33.759
 10
25.82
 20
33.741
 10
25.843
 20
33.722
 10
25.865
 20
33.701
 10
25.885
 20
33.679
 10
25.902
 20
33.655
 10
25.918
 20
33.63
 97
0
 75
0
 76
1
 98
0
  0
HATCH
  5
4C
330
17
100
AcDbEntity
  8
RASTER
 62
7
100
AcDbHatch
 10
0.0
 20
0.0
 30
0.0
210
0.0
220
0.0
230
1.0
  2
SOLID
 70
1
 71
0
 91
1
 92
3
 72
0
 73
1
 93
4
 10
26.321
 20
32.236
 10
26.173
 20
32.236
 10
26.347
 20
32.847
 10
26.532
 20
32.847
 97
0
 75
0
 76
1
 98
0
  0
HATCH
  5
4D
330
17
100
AcDbEntity
  8
RASTER
 62
7
100
AcDbHatch
 10
0.0
 20
0.0
 30
0.0
210
0.0
220
0.0
230
1.0
  2
SOLID
 70
1
 71
0
 91
1
 92
3
 72
0
 73
1
 93
183
 10
28.692
 20
32.6
 10
27.515
 20
32.6
 10
27.515
 20
32.795
 10
28.269
 20
33.557
 10
28.279
 20
33.567
 10
28.289
 20
33.578
 10
28.3
 20
33.589
 10
28.31
 20
33.6
 10
28.32
 20
33.611
 10
28.33
 20
33.623
 10
28.34
 20
33.635
 10
28.351
 20
33.646
 10
28.36
 20
33.659
 10
28.37
 20
33.671
 10
28.379
 20
33.683
 10
28.389
 20
33.696
 10
28.397
 20
33.708
 10
28.406
 20
33.721
 10
28.414
 20
33.734
 10
28.422
 20
33.747
 10
28.43
 20
33.76
 10
28.437
 20
33.773
 10
28.444
 20
33.787
 10
28.45
 20
33.8
 10
28.456
 20
33.814
 10
28.461
 20
33.828
 10
28.467
 20
33.843
 10
28.471
 20
33.857
 10
28.476
 20
33.872
 10
28.479
 20
33.887
 10
28.482
 20
33.902
 10
28.485
 20
33.917
 10
28.487
 20
33.932
 10
28.488
 20
33.947
 10
28.489
 20
33.962
 10
28.49
 20
33.978
 10
28.489
 20
33.998
 10
28.488
 20
34.017
 10
28.486
 20
34.036
 10
28.482
 20
34.055
 10
28.478
 20
34.073
 10
28.474
 20
34.09
 10
28.468
 20
34.107
 10
28.461
 20
34.124
 10
28.454
 20
34.14
 10
28.445
 20
34.155
 10
28.436
 20
34.17
 10
28.427
 20
34.184
 10
28.417
 20
34.197
 10
28.406
 20
34.21
 10
28.394
 20
34.222
 10
28.382
 20
34.234
 10
28.369
 20
34.245
 10
28.355
 20
34.256
 10
28.341
 20
34.265
 10
28.327
 20
34.274
 10
28.312
 20
34.283
 10
28.297
 20
34.291
 10
28.281
 20
34.298
 10
28.265
 20
34.304
 10
28.248
 20
34.31
 10
28.231
 20
34.315
 10
28.214
 20
34.319
 10
28.197
 20
34.323
 10
28.179
 20
34.326
 10
28.162
 20
34.327
 10
28.144
 20
34.329
 10
28.126
 20
34.329
 10
28.089
 20
34.328
 10
28.054
 20
34.323
 10
28.021
 20
34.316
 10
27.989
 20
34.306
 10
27.959
 20
34.293
 10
27.93
 20
34.277
 10
27.902
 20
34.258
 10
27.876
 20
34.237
 10
27.852
 20
34.213
 10
27.83
 20
34.187
 10
27.81
 20
34.16
 10
27.793
 20
34.132
 10
27.778
 20
34.102
 10
27.765
 20
34.07
 10
27.754
 20
34.036
 10
27.746
 20
34.001
 10
27.561
 20
34.038
 10
27.566
 20
34.062
 10
27.573
 20
34.085
 10
27.58
 20
34.108
 10
27.588
 20
34.131
 10
27.597
 20
34.153
 10
27.607
 20
34.175
 10
27.618
 20
34.196
 10
27.63
 20
34.217
 10
27.643
 20
34.238
 10
27.657
 20
34.257
 10
27.672
 20
34.276
 10
27.687
 20
34.295
 10
27.703
 20
34.312
 10
27.72
 20
34.329
 10
27.737
 20
34.345
 10
27.755
 20
34.36
 10
27.774
 20
34.375
 10
27.793
 20
34.388
 10
27.813
 20
34.401
 10
27.834
 20
34.414
 10
27.855
 20
34.425
 10
27.877
 20
34.435
 10
27.9
 20
34.445
 10
27.923
 20
34.454
 10
27.946
 20
34.462
 10
27.971
 20
34.469
 10
27.995
 20
34.474
 10
28.02
 20
34.479
 10
28.046
 20
34.483
 10
28.072
 20
34.485
 10
28.099
 20
34.487
 10
28.126
 20
34.488
 10
28.153
 20
34.487
 10
28.181
 20
34.486
 10
28.208
 20
34.483
 10
28.234
 20
34.479
 10
28.261
 20
34.475
 10
28.287
 20
34.469
 10
28.312
 20
34.463
 10
28.338
 20
34.455
 10
28.362
 20
34.446
 10
28.386
 20
34.437
 10
28.409
 20
34.426
 10
28.431
 20
34.415
 10
28.453
 20
34.402
 10
28.474
 20
34.389
 10
28.494
 20
34.374
 10
28.513
 20
34.359
 10
28.531
 20
34.342
 10
28.549
 20
34.325
 10
28.565
 20
34.307
 10
28.581
 20
34.287
 10
28.596
 20
34.267
 10
28.609
 20
34.246
 10
28.622
 20
34.224
 10
28.634
 20
34.2
 10
28.645
 20
34.176
 10
28.654
 20
34.151
 10
28.662
 20
34.125
 10
28.668
 20
34.098
 10
28.673
 20
34.07
 10
28.677
 20
34.041
 10
28.679
 20
34.011
 10
28.679
 20
33.981
 10
28.679
 20
33.959
 10
28.678
 20
33.937
 10
28.676
 20
33.916
 10
28.673
 20
33.895
 10
28.67
 20
33.875
 10
28.666
 20
33.855
 10
28.66
 20
33.836
 10
28.655
 20
33.817
 10
28.648
 20
33.798
 10
28.641
 20
33.78
 10
28.634
 20
33.761
 10
28.626
 20
33.743
 10
28.618
 20
33.726
 10
28.609
 20
33.708
 10
28.6
 20
33.691
 10
28.59
 20
33.674
 10
28.579
 20
33.657
 10
28.569
 20
33.64
 10
28.557
 20
33.624
 10
28.546
 20
33.608
 10
28.534
 20
33.592
 10
28.521
 20
33.576
 10
28.508
 20
33.56
 10
28.495
 20
33.545
 10
28.481
 20
33.53
 10
28.467
 20
33.515
 10
28.453
 20
33.499
 10
28.439
 20
33.484
 10
28.425
 20
33.469
 10
28.41
 20
33.454
 10
28.395
 20
33.439
 10
28.38
 20
33.424
 10
27.717
 20
32.766
 10
28.692
 20
32.766
 97
0
 75
0
 76
1
 98
0
  0
HATCH
  5
4E
330
17
100
AcDbEntity
  8
RASTER
 62
7
100
AcDbHatch
 10
0.0
 20
0.0
 30
0.0
210
0.0
220
0.0
230
1.0
  2
SOLID
 70
1
 71
0
 91
2
 92
3
 72
0
 73
1
 93
4
 10
29.953
 20
32.6
 10
29.777
 20
32.6
 10
29.777
 20
33.817
 10
29.953
 20
33.817
 97
0
 92
3
 72
0
 73
1
 93
65
 10
29.99
 20
34.285
 10
29.989
 20
34.271
 10
29.987
 20
34.259
 10
29.984
 20
34.247
 10
29.98
 20
34.235
 10
29.975
 20
34.224
 10
29.968
 20
34.214
 10
29.96
 20
34.204
 10
29.951
 20
34.195
 10
29.941
 20
34.187
 10
29.931
 20
34.18
 10
29.92
 20
34.174
 10
29.91
 20
34.169
 10
29.899
 20
34.165
 10
29.888
 20
34.162
 10
29.877
 20
34.161
 10
29.865
 20
34.16
 10
29.853
 20
34.161
 10
29.842
 20
34.162
 10
29.831
 20
34.165
 10
29.82
 20
34.169
 10
29.81
 20
34.174
 10
29.799
 20
34.18
 10
29.789
 20
34.187
 10
29.779
 20
34.195
 10
29.77
 20
34.204
 10
29.762
 20
34.214
 10
29.755
 20
34.224
 10
29.75
 20
34.235
 10
29.746
 20
34.247
 10
29.743
 20
34.259
 10
29.741
 20
34.271
 10
29.74
 20
34.285
 10
29.741
 20
34.298
 10
29.743
 20
34.311
 10
29.746
 20
34.323
 10
29.75
 20
34.335
 10
29.755
 20
34.345
 10
29.762
 20
34.356
 10
29.77
 20
34.365
 10
29.779
 20
34.375
 10
29.789
 20
34.383
 10
29.799
 20
34.39
 10
29.81
 20
34.396
 10
29.82
 20
34.401
 10
29.831
 20
34.405
 10
29.842
 20
34.407
 10
29.853
 20
34.409
 10
29.865
 20
34.41
 10
29.877
 20
34.409
 10
29.888
 20
34.407
 10
29.899
 20
34.405
 10
29.91
 20
34.401
 10
29.92
 20
34.396
 10
29.931
 20
34.39
 10
29.941
 20
34.383
 10
29.951
 20
34.375
 10
29.96
 20
34.365
 10
29.968
 20
34.356
 10
29.975
 20
34.345
 10
29.98
 20
34.335
 10
29.984
 20
34.323
 10
29.987
 20
34.311
 10
29.989
 20
34.298
 10
29.99
 20
34.285
 97
0
 75
0
 76
1
 98
0
  0
HATCH
  5
4F
330
17
100
AcDbEntity
  8
RASTER
 62
7
100
AcDbHatch
 10
0.0
 20
0.0
 30
0.0
210
0.0
220
0.0
230
1.0
  2
SOLID
 70
1
 71
0
 91
1
 92
3
 72
0
 73
1
 93
92
 10
30.939
 20
33.669
 10
30.653
 20
33.669
 10
30.653
 20
32.6
 10
30.476
 20
32.6
 10
30.476
 20
33.669
 10
30.221
 20
33.669
 10
30.221
 20
33.817
 10
30.476
 20
33.817
 10
30.476
 20
34.15
 10
30.478
 20
34.2
 10
30.482
 20
34.248
 10
30.49
 20
34.293
 10
30.501
 20
34.335
 10
30.516
 20
34.375
 10
30.533
 20
34.412
 10
30.554
 20
34.446
 10
30.577
 20
34.477
 10
30.604
 20
34.505
 10
30.635
 20
34.53
 10
30.669
 20
34.55
 10
30.706
 20
34.567
 10
30.747
 20
34.58
 10
30.791
 20
34.589
 10
30.838
 20
34.595
 10
30.889
 20
34.597
 10
30.898
 20
34.597
 10
30.907
 20
34.597
 10
30.915
 20
34.596
 10
30.925
 20
34.596
 10
30.934
 20
34.595
 10
30.943
 20
34.595
 10
30.953
 20
34.594
 10
30.962
 20
34.593
 10
30.972
 20
34.592
 10
30.981
 20
34.591
 10
30.991
 20
34.589
 10
31.0
 20
34.587
 10
31.009
 20
34.585
 10
31.018
 20
34.583
 10
31.026
 20
34.581
 10
31.035
 20
34.579
 10
31.004
 20
34.423
 10
30.997
 20
34.425
 10
30.99
 20
34.426
 10
30.982
 20
34.428
 10
30.975
 20
34.43
 10
30.968
 20
34.431
 10
30.961
 20
34.433
 10
30.954
 20
34.434
 10
30.947
 20
34.436
 10
30.939
 20
34.437
 10
30.932
 20
34.438
 10
30.924
 20
34.439
 10
30.916
 20
34.439
 10
30.908
 20
34.44
 10
30.899
 20
34.44
 10
30.891
 20
34.441
 10
30.882
 20
34.441
 10
30.864
 20
34.44
 10
30.848
 20
34.439
 10
30.832
 20
34.438
 10
30.818
 20
34.435
 10
30.803
 20
34.432
 10
30.79
 20
34.428
 10
30.778
 20
34.423
 10
30.766
 20
34.417
 10
30.755
 20
34.411
 10
30.744
 20
34.404
 10
30.735
 20
34.397
 10
30.726
 20
34.389
 10
30.717
 20
34.381
 10
30.709
 20
34.371
 10
30.702
 20
34.362
 10
30.696
 20
34.351
 10
30.69
 20
34.34
 10
30.684
 20
34.329
 10
30.679
 20
34.317
 10
30.675
 20
34.305
 10
30.671
 20
34.292
 10
30.667
 20
34.279
 10
30.664
 20
34.265
 10
30.662
 20
34.251
 10
30.66
 20
34.237
 10
30.658
 20
34.222
 10
30.656
 20
34.207
 10
30.655
 20
34.192
 10
30.654
 20
34.176
 10
30.653
 20
34.161
 10
30.653
 20
34.145
 10
30.653
 20
34.129
 10
30.653
 20
33.817
 10
30.939
 20
33.817
 97
0
 75
0
 76
1
 98
0
  0
HATCH
  5
50
330
17
100
AcDbEntity
  8
RASTER
 62
7
100
AcDbHatch
 10
0.0
 20
0.0
 30
0.0
210
0.0
220
0.0
230
1.0
  2
SOLID
 70
1
 71
0
 91
2
 92
3
 72
0
 73
1
 93
197
 10
32.608
 20
33.385
 10
32.607
 20
33.424
 10
32.603
 20
33.459
 10
32.596
 20
33.493
 10
32.587
 20
33.524
 10
32.575
 20
33.552
 10
32.561
 20
33.578
 10
32.544
 20
33.601
 10
32.525
 20
33.622
 10
32.503
 20
33.64
 10
32.478
 20
33.656
 10
32.452
 20
33.669
 10
32.423
 20
33.68
 10
32.391
 20
33.689
 10
32.358
 20
33.695
 10
32.321
 20
33.699
 10
32.283
 20
33.7
 10
32.256
 20
33.699
 10
32.229
 20
33.697
 10
32.203
 20
33.694
 10
32.178
 20
33.69
 10
32.153
 20
33.685
 10
32.128
 20
33.678
 10
32.104
 20
33.67
 10
32.08
 20
33.661
 10
32.057
 20
33.651
 10
32.035
 20
33.64
 10
32.014
 20
33.628
 10
31.994
 20
33.615
 10
31.974
 20
33.602
 10
31.956
 20
33.588
 10
31.938
 20
33.573
 10
31.922
 20
33.557
 10
31.823
 20
33.674
 10
31.842
 20
33.692
 10
31.864
 20
33.71
 10
31.886
 20
33.727
 10
31.91
 20
33.743
 10
31.936
 20
33.758
 10
31.963
 20
33.772
 10
31.992
 20
33.786
 10
32.022
 20
33.799
 10
32.053
 20
33.81
 10
32.085
 20
33.82
 10
32.119
 20
33.829
 10
32.153
 20
33.836
 10
32.189
 20
33.841
 10
32.225
 20
33.845
 10
32.263
 20
33.847
 10
32.301
 20
33.848
 10
32.326
 20
33.848
 10
32.35
 20
33.846
 10
32.373
 20
33.844
 10
32.397
 20
33.841
 10
32.42
 20
33.837
 10
32.442
 20
33.833
 10
32.464
 20
33.827
 10
32.486
 20
33.821
 10
32.507
 20
33.813
 10
32.527
 20
33.805
 10
32.547
 20
33.796
 10
32.566
 20
33.787
 10
32.585
 20
33.776
 10
32.603
 20
33.764
 10
32.62
 20
33.752
 10
32.637
 20
33.739
 10
32.652
 20
33.725
 10
32.667
 20
33.71
 10
32.681
 20
33.694
 10
32.694
 20
33.677
 10
32.707
 20
33.659
 10
32.718
 20
33.641
 10
32.728
 20
33.621
 10
32.738
 20
33.601
 10
32.747
 20
33.58
 10
32.754
 20
33.558
 10
32.76
 20
33.535
 10
32.765
 20
33.511
 10
32.769
 20
33.486
 10
32.772
 20
33.46
 10
32.774
 20
33.434
 10
32.774
 20
33.406
 10
32.774
 20
32.873
 10
32.774
 20
32.855
 10
32.775
 20
32.838
 10
32.775
 20
32.82
 10
32.776
 20
32.802
 10
32.776
 20
32.783
 10
32.777
 20
32.765
 10
32.778
 20
32.746
 10
32.78
 20
32.727
 10
32.781
 20
32.709
 10
32.783
 20
32.691
 10
32.784
 20
32.674
 10
32.786
 20
32.658
 10
32.788
 20
32.642
 10
32.79
 20
32.627
 10
32.793
 20
32.613
 10
32.795
 20
32.6
 10
32.637
 20
32.6
 10
32.635
 20
32.611
 10
32.633
 20
32.623
 10
32.631
 20
32.634
 10
32.629
 20
32.646
 10
32.628
 20
32.658
 10
32.626
 20
32.671
 10
32.625
 20
32.683
 10
32.624
 20
32.696
 10
32.622
 20
32.709
 10
32.621
 20
32.722
 10
32.62
 20
32.735
 10
32.62
 20
32.748
 10
32.619
 20
32.76
 10
32.619
 20
32.773
 10
32.618
 20
32.785
 10
32.618
 20
32.798
 10
32.613
 20
32.798
 10
32.592
 20
32.768
 10
32.57
 20
32.741
 10
32.548
 20
32.716
 10
32.524
 20
32.693
 10
32.501
 20
32.672
 10
32.476
 20
32.653
 10
32.451
 20
32.637
 10
32.425
 20
32.622
 10
32.398
 20
32.61
 10
32.369
 20
32.599
 10
32.34
 20
32.59
 10
32.309
 20
32.582
 10
32.276
 20
32.576
 10
32.243
 20
32.572
 10
32.208
 20
32.57
 10
32.171
 20
32.569
 10
32.154
 20
32.569
 10
32.136
 20
32.57
 10
32.118
 20
32.572
 10
32.1
 20
32.574
 10
32.082
 20
32.576
 10
32.064
 20
32.58
 10
32.045
 20
32.584
 10
32.027
 20
32.588
 10
32.009
 20
32.594
 10
31.991
 20
32.6
 10
31.973
 20
32.606
 10
31.956
 20
32.614
 10
31.939
 20
32.622
 10
31.923
 20
32.631
 10
31.907
 20
32.641
 10
31.892
 20
32.652
 10
31.877
 20
32.663
 10
31.862
 20
32.676
 10
31.849
 20
32.689
 10
31.836
 20
32.703
 10
31.823
 20
32.717
 10
31.812
 20
32.733
 10
31.801
 20
32.749
 10
31.79
 20
32.766
 10
31.781
 20
32.784
 10
31.773
 20
32.803
 10
31.766
 20
32.823
 10
31.76
 20
32.844
 10
31.756
 20
32.866
 10
31.753
 20
32.889
 10
31.751
 20
32.913
 10
31.75
 20
32.938
 10
31.751
 20
32.972
 10
31.754
 20
33.005
 10
31.76
 20
33.035
 10
31.768
 20
33.064
 10
31.778
 20
33.091
 10
31.79
 20
33.116
 10
31.805
 20
33.139
 10
31.822
 20
33.16
 10
31.84
 20
33.18
 10
31.86
 20
33.199
 10
31.882
 20
33.216
 10
31.905
 20
33.232
 10
31.93
 20
33.246
 10
31.956
 20
33.26
 10
31.983
 20
33.272
 10
32.013
 20
33.283
 10
32.043
 20
33.292
 10
32.075
 20
33.301
 10
32.107
 20
33.309
 10
32.141
 20
33.316
 10
32.176
 20
33.322
 10
32.212
 20
33.327
 10
32.249
 20
33.331
 10
32.287
 20
33.335
 10
32.326
 20
33.337
 10
32.365
 20
33.34
 10
32.405
 20
33.342
 10
32.445
 20
33.343
 10
32.485
 20
33.345
 10
32.526
 20
33.345
 10
32.567
 20
33.346
 10
32.608
 20
33.346
 97
0
 92
3
 72
0
 73
1
 93
98
 10
32.556
 20
33.208
 10
32.529
 20
33.208
 10
32.501
 20
33.208
 10
32.474
 20
33.207
 10
32.446
 20
33.206
 10
32.419
 20
33.205
 10
32.391
 20
33.203
 10
32.364
 20
33.201
 10
32.336
 20
33.199
 10
32.309
 20
33.197
 10
32.282
 20
33.194
 10
32.256
 20
33.19
 10
32.231
 20
33.186
 10
32.206
 20
33.181
 10
32.182
 20
33.175
 10
32.159
 20
33.169
 10
32.136
 20
33.163
 10
32.114
 20
33.156
 10
32.093
 20
33.148
 10
32.073
 20
33.139
 10
32.055
 20
33.129
 10
32.037
 20
33.119
 10
32.02
 20
33.108
 10
32.004
 20
33.096
 10
31.989
 20
33.084
 10
31.976
 20
33.07
 10
31.964
 20
33.055
 10
31.954
 20
33.04
 10
31.946
 20
33.023
 10
31.94
 20
33.005
 10
31.936
 20
32.987
 10
31.933
 20
32.967
 10
31.932
 20
32.946
 10
31.932
 20
32.93
 10
31.934
 20
32.915
 10
31.935
 20
32.9
 10
31.938
 20
32.886
 10
31.942
 20
32.873
 10
31.946
 20
32.86
 10
31.951
 20
32.848
 10
31.957
 20
32.837
 10
31.963
 20
32.826
 10
31.97
 20
32.816
 10
31.978
 20
32.806
 10
31.986
 20
32.797
 10
31.994
 20
32.788
 10
32.003
 20
32.78
 10
32.013
 20
32.772
 10
32.023
 20
32.765
 10
32.034
 20
32.759
 10
32.044
 20
32.752
 10
32.055
 20
32.747
 10
32.067
 20
32.742
 10
32.079
 20
32.737
 10
32.091
 20
32.733
 10
32.103
 20
32.729
 10
32.115
 20
32.726
 10
32.128
 20
32.723
 10
32.141
 20
32.721
 10
32.154
 20
32.719
 10
32.166
 20
32.717
 10
32.179
 20
32.716
 10
32.192
 20
32.715
 10
32.205
 20
32.715
 10
32.218
 20
32.714
 10
32.241
 20
32.715
 10
32.264
 20
32.716
 10
32.285
 20
32.719
 10
32.306
 20
32.723
 10
32.327
 20
32.727
 10
32.347
 20
32.733
 10
32.366
 20
32.739
 10
32.384
 20
32.747
 10
32.402
 20
32.755
 10
32.419
 20
32.765
 10
32.436
 20
32.775
 10
32.451
 20
32.785
 10
32.466
 20
32.797
 10
32.48
 20
32.809
 10
32.494
 20
32.822
 10
32.507
 20
32.835
 10
32.519
 20
32.85
 10
32.53
 20
32.864
 10
32.54
 20
32.88
 10
32.55
 20
32.895
 10
32.559
 20
32.912
 10
32.568
 20
32.929
 10
32.575
 20
32.946
 10
32.582
 20
32.964
 10
32.588
 20
32.982
 10
32.593
 20
33.001
 10
32.598
 20
33.02
 10
32.602
 20
33.039
 10
32.604
 20
33.058
 10
32.606
 20
33.078
 10
32.608
 20
33.097
 10
32.608
 20
33.117
 10
32.608
 20
33.208
 97
0
 75
0
 76
1
 98
0
  0
HATCH
  5
51
330
17
100
AcDbEntity
  8
RASTER
 62
7
100
AcDbHatch
 10
0.0
 20
0.0
 30
0.0
210
0.0
220
0.0
230
1.0
  2
SOLID
 70
1
 71
0
 91
1
 92
3
 72
0
 73
1
 93
136
 10
33.388
 20
33.817
 10
33.389
 20
33.804
 10
33.39
 20
33.791
 10
33.392
 20
33.778
 10
33.393
 20
33.765
 10
33.393
 20
33.751
 10
33.394
 20
33.737
 10
33.395
 20
33.722
 10
33.396
 20
33.708
 10
33.396
 20
33.693
 10
33.397
 20
33.679
 10
33.397
 20
33.666
 10
33.398
 20
33.653
 10
33.398
 20
33.641
 10
33.398
 20
33.63
 10
33.398
 20
33.619
 10
33.398
 20
33.609
 10
33.404
 20
33.609
 10
33.418
 20
33.635
 10
33.434
 20
33.66
 10
33.452
 20
33.683
 10
33.472
 20
33.705
 10
33.494
 20
33.726
 10
33.518
 20
33.746
 10
33.544
 20
33.764
 10
33.573
 20
33.782
 10
33.602
 20
33.797
 10
33.632
 20
33.811
 10
33.662
 20
33.822
 10
33.693
 20
33.831
 10
33.724
 20
33.839
 10
33.755
 20
33.844
 10
33.787
 20
33.847
 10
33.82
 20
33.848
 10
33.876
 20
33.846
 10
33.928
 20
33.839
 10
33.977
 20
33.829
 10
34.022
 20
33.814
 10
34.064
 20
33.794
 10
34.102
 20
33.77
 10
34.136
 20
33.742
 10
34.167
 20
33.71
 10
34.194
 20
33.674
 10
34.217
 20
33.636
 10
34.237
 20
33.594
 10
34.253
 20
33.55
 10
34.266
 20
33.503
 10
34.275
 20
33.454
 10
34.281
 20
33.401
 10
34.282
 20
33.346
 10
34.282
 20
32.6
 10
34.106
 20
32.6
 10
34.106
 20
33.273
 10
34.105
 20
33.297
 10
34.105
 20
33.32
 10
34.103
 20
33.343
 10
34.102
 20
33.365
 10
34.1
 20
33.387
 10
34.097
 20
33.407
 10
34.094
 20
33.428
 10
34.09
 20
33.448
 10
34.086
 20
33.467
 10
34.081
 20
33.485
 10
34.075
 20
33.503
 10
34.069
 20
33.52
 10
34.062
 20
33.536
 10
34.054
 20
33.552
 10
34.046
 20
33.567
 10
34.037
 20
33.582
 10
34.027
 20
33.595
 10
34.016
 20
33.608
 10
34.005
 20
33.62
 10
33.993
 20
33.631
 10
33.979
 20
33.642
 10
33.966
 20
33.651
 10
33.951
 20
33.66
 10
33.935
 20
33.669
 10
33.919
 20
33.676
 10
33.901
 20
33.682
 10
33.883
 20
33.688
 10
33.863
 20
33.692
 10
33.843
 20
33.695
 10
33.821
 20
33.698
 10
33.799
 20
33.699
 10
33.775
 20
33.7
 10
33.758
 20
33.699
 10
33.741
 20
33.698
 10
33.723
 20
33.696
 10
33.706
 20
33.693
 10
33.689
 20
33.689
 10
33.672
 20
33.684
 10
33.656
 20
33.678
 10
33.639
 20
33.671
 10
33.623
 20
33.664
 10
33.607
 20
33.655
 10
33.591
 20
33.646
 10
33.576
 20
33.635
 10
33.562
 20
33.624
 10
33.547
 20
33.611
 10
33.534
 20
33.598
 10
33.521
 20
33.584
 10
33.508
 20
33.569
 10
33.496
 20
33.553
 10
33.485
 20
33.536
 10
33.474
 20
33.518
 10
33.464
 20
33.499
 10
33.454
 20
33.479
 10
33.446
 20
33.458
 10
33.437
 20
33.436
 10
33.43
 20
33.413
 10
33.424
 20
33.389
 10
33.418
 20
33.364
 10
33.414
 20
33.338
 10
33.411
 20
33.311
 10
33.408
 20
33.283
 10
33.407
 20
33.254
 10
33.406
 20
33.224
 10
33.406
 20
32.6
 10
33.229
 20
32.6
 10
33.229
 20
33.549
 10
33.229
 20
33.562
 10
33.229
 20
33.575
 10
33.229
 20
33.59
 10
33.229
 20
33.606
 10
33.228
 20
33.622
 10
33.228
 20
33.639
 10
33.227
 20
33.657
 10
33.227
 20
33.676
 10
33.226
 20
33.696
 10
33.225
 20
33.714
 10
33.224
 20
33.733
 10
33.224
 20
33.751
 10
33.223
 20
33.768
 10
33.221
 20
33.785
 10
33.22
 20
33.801
 10
33.219
 20
33.817
 97
0
 75
0
 76
1
 98
0
  0
HATCH
  5
52
330
17
100
AcDbEntity
  8
RASTER
 62
7
100
AcDbHatch
 10
0.0
 20
0.0
 30
0.0
210
0.0
220
0.0
230
1.0
  2
SOLID
 70
1
 71
0
 91
1
 92
3
 72
0
 73
1
 93
57
 10
35.159
 20
32.79
 10
35.164
 20
32.79
 10
35.541
 20
33.817
 10
35.733
 20
33.817
 10
35.127
 20
32.285
 10
35.113
 20
32.251
 10
35.098
 20
32.219
 10
35.082
 20
32.188
 10
35.065
 20
32.159
 10
35.047
 20
32.132
 10
35.029
 20
32.106
 10
35.009
 20
32.082
 10
34.988
 20
32.06
 10
34.966
 20
32.041
 10
34.941
 20
32.024
 10
34.915
 20
32.009
 10
34.885
 20
31.997
 10
34.854
 20
31.988
 10
34.82
 20
31.981
 10
34.784
 20
31.977
 10
34.745
 20
31.976
 10
34.725
 20
31.976
 10
34.705
 20
31.977
 10
34.685
 20
31.978
 10
34.665
 20
31.98
 10
34.645
 20
31.982
 10
34.626
 20
31.985
 10
34.606
 20
31.988
 10
34.587
 20
31.992
 10
34.605
 20
32.153
 10
34.62
 20
32.148
 10
34.636
 20
32.144
 10
34.652
 20
32.14
 10
34.669
 20
32.137
 10
34.685
 20
32.135
 10
34.701
 20
32.133
 10
34.718
 20
32.132
 10
34.735
 20
32.132
 10
34.757
 20
32.133
 10
34.778
 20
32.135
 10
34.798
 20
32.14
 10
34.816
 20
32.146
 10
34.833
 20
32.154
 10
34.849
 20
32.163
 10
34.864
 20
32.175
 10
34.878
 20
32.188
 10
34.891
 20
32.203
 10
34.903
 20
32.219
 10
34.915
 20
32.237
 10
34.927
 20
32.256
 10
34.938
 20
32.277
 10
34.948
 20
32.299
 10
34.959
 20
32.323
 10
34.969
 20
32.348
 10
35.068
 20
32.603
 10
34.548
 20
33.817
 10
34.745
 20
33.817
 97
0
 75
0
 76
1
 98
0
  0
HATCH
  5
53
330
17
100
AcDbEntity
  8
RASTER
 62
7
100
AcDbHatch
 10
0.0
 20
0.0
 30
0.0
210
0.0
220
0.0
230
1.0
  2
SOLID
 70
1
 71
0
 91
1
 92
3
 72
0
 73
1
 93
274
 10
37.306
 20
33.528
 10
37.296
 20
33.547
 10
37.284
 20
33.564
 10
37.271
 20
33.581
 10
37.257
 20
33.597
 10
37.242
 20
33.612
 10
37.225
 20
33.626
 10
37.207
 20
33.639
 10
37.188
 20
33.652
 10
37.168
 20
33.663
 10
37.147
 20
33.673
 10
37.125
 20
33.681
 10
37.103
 20
33.688
 10
37.08
 20
33.693
 10
37.057
 20
33.697
 10
37.032
 20
33.699
 10
37.007
 20
33.7
 10
36.996
 20
33.7
 10
36.984
 20
33.699
 10
36.972
 20
33.698
 10
36.96
 20
33.697
 10
36.949
 20
33.696
 10
36.937
 20
33.694
 10
36.925
 20
33.692
 10
36.914
 20
33.689
 10
36.902
 20
33.687
 10
36.891
 20
33.683
 10
36.88
 20
33.68
 10
36.869
 20
33.676
 10
36.859
 20
33.671
 10
36.849
 20
33.666
 10
36.84
 20
33.661
 10
36.83
 20
33.656
 10
36.822
 20
33.65
 10
36.813
 20
33.643
 10
36.805
 20
33.636
 10
36.798
 20
33.629
 10
36.79
 20
33.621
 10
36.784
 20
33.613
 10
36.778
 20
33.605
 10
36.772
 20
33.596
 10
36.767
 20
33.586
 10
36.762
 20
33.577
 10
36.758
 20
33.567
 10
36.755
 20
33.556
 10
36.753
 20
33.545
 10
36.751
 20
33.534
 10
36.75
 20
33.522
 10
36.75
 20
33.51
 10
36.751
 20
33.489
 10
36.754
 20
33.47
 10
36.76
 20
33.451
 10
36.767
 20
33.434
 10
36.777
 20
33.418
 10
36.789
 20
33.404
 10
36.804
 20
33.391
 10
36.82
 20
33.379
 10
36.839
 20
33.368
 10
36.86
 20
33.357
 10
36.884
 20
33.347
 10
36.91
 20
33.337
 10
36.939
 20
33.327
 10
36.971
 20
33.318
 10
37.005
 20
33.31
 10
37.041
 20
33.302
 10
37.093
 20
33.29
 10
37.142
 20
33.277
 10
37.187
 20
33.263
 10
37.229
 20
33.248
 10
37.267
 20
33.231
 10
37.301
 20
33.213
 10
37.332
 20
33.194
 10
37.36
 20
33.173
 10
37.384
 20
33.151
 10
37.404
 20
33.127
 10
37.422
 20
33.102
 10
37.437
 20
33.074
 10
37.448
 20
33.045
 10
37.456
 20
33.014
 10
37.461
 20
32.981
 10
37.462
 20
32.946
 10
37.462
 20
32.92
 10
37.46
 20
32.896
 10
37.457
 20
32.872
 10
37.452
 20
32.85
 10
37.446
 20
32.828
 10
37.44
 20
32.808
 10
37.431
 20
32.789
 10
37.422
 20
32.77
 10
37.411
 20
32.753
 10
37.4
 20
32.736
 10
37.388
 20
32.72
 10
37.375
 20
32.705
 10
37.362
 20
32.691
 10
37.348
 20
32.678
 10
37.332
 20
32.665
 10
37.317
 20
32.653
 10
37.3
 20
32.642
 10
37.283
 20
32.632
 10
37.265
 20
32.623
 10
37.247
 20
32.614
 10
37.229
 20
32.607
 10
37.21
 20
32.6
 10
37.19
 20
32.594
 10
37.17
 20
32.588
 10
37.149
 20
32.584
 10
37.129
 20
32.58
 10
37.108
 20
32.576
 10
37.087
 20
32.574
 10
37.067
 20
32.572
 10
37.046
 20
32.57
 10
37.025
 20
32.569
 10
37.005
 20
32.569
 10
36.97
 20
32.57
 10
36.936
 20
32.572
 10
36.902
 20
32.577
 10
36.869
 20
32.583
 10
36.835
 20
32.591
 10
36.802
 20
32.601
 10
36.769
 20
32.613
 10
36.737
 20
32.626
 10
36.705
 20
32.641
 10
36.675
 20
32.659
 10
36.646
 20
32.678
 10
36.619
 20
32.699
 10
36.593
 20
32.723
 10
36.568
 20
32.748
 10
36.545
 20
32.776
 10
36.524
 20
32.805
 10
36.664
 20
32.909
 10
36.676
 20
32.89
 10
36.69
 20
32.871
 10
36.705
 20
32.853
 10
36.722
 20
32.835
 10
36.74
 20
32.819
 10
36.759
 20
32.803
 10
36.78
 20
32.788
 10
36.802
 20
32.774
 10
36.825
 20
32.761
 10
36.848
 20
32.75
 10
36.873
 20
32.741
 10
36.897
 20
32.733
 10
36.923
 20
32.727
 10
36.949
 20
32.723
 10
36.975
 20
32.72
 10
37.002
 20
32.72
 10
37.016
 20
32.72
 10
37.03
 20
32.72
 10
37.044
 20
32.721
 10
37.058
 20
32.722
 10
37.071
 20
32.724
 10
37.085
 20
32.725
 10
37.098
 20
32.728
 10
37.111
 20
32.73
 10
37.124
 20
32.733
 10
37.136
 20
32.736
 10
37.148
 20
32.74
 10
37.16
 20
32.744
 10
37.171
 20
32.749
 10
37.182
 20
32.754
 10
37.192
 20
32.76
 10
37.202
 20
32.766
 10
37.212
 20
32.773
 10
37.221
 20
32.78
 10
37.229
 20
32.788
 10
37.237
 20
32.796
 10
37.245
 20
32.804
 10
37.252
 20
32.813
 10
37.259
 20
32.823
 10
37.265
 20
32.833
 10
37.27
 20
32.843
 10
37.275
 20
32.854
 10
37.279
 20
32.866
 10
37.282
 20
32.878
 10
37.285
 20
32.891
 10
37.287
 20
32.904
 10
37.288
 20
32.918
 10
37.288
 20
32.933
 10
37.287
 20
32.956
 10
37.282
 20
32.978
 10
37.275
 20
32.998
 10
37.265
 20
33.017
 10
37.252
 20
33.034
 10
37.236
 20
33.05
 10
37.217
 20
33.064
 10
37.196
 20
33.077
 10
37.171
 20
33.089
 10
37.144
 20
33.101
 10
37.115
 20
33.112
 10
37.083
 20
33.124
 10
37.048
 20
33.135
 10
37.011
 20
33.146
 10
36.971
 20
33.156
 10
36.929
 20
33.167
 10
36.915
 20
33.17
 10
36.901
 20
33.174
 10
36.887
 20
33.177
 10
36.873
 20
33.181
 10
36.858
 20
33.186
 10
36.844
 20
33.19
 10
36.829
 20
33.195
 10
36.814
 20
33.199
 10
36.798
 20
33.204
 10
36.784
 20
33.21
 10
36.769
 20
33.216
 10
36.755
 20
33.223
 10
36.741
 20
33.231
 10
36.727
 20
33.239
 10
36.714
 20
33.247
 10
36.7
 20
33.256
 10
36.688
 20
33.266
 10
36.676
 20
33.277
 10
36.664
 20
33.288
 10
36.653
 20
33.299
 10
36.643
 20
33.311
 10
36.633
 20
33.324
 10
36.623
 20
33.337
 10
36.615
 20
33.351
 10
36.607
 20
33.366
 10
36.6
 20
33.382
 10
36.594
 20
33.398
 10
36.589
 20
33.416
 10
36.586
 20
33.434
 10
36.583
 20
33.453
 10
36.581
 20
33.473
 10
36.581
 20
33.494
 10
36.581
 20
33.517
 10
36.583
 20
33.539
 10
36.586
 20
33.561
 10
36.59
 20
33.581
 10
36.595
 20
33.601
 10
36.601
 20
33.619
 10
36.609
 20
33.637
 10
36.617
 20
33.654
 10
36.627
 20
33.671
 10
36.637
 20
33.686
 10
36.648
 20
33.701
 10
36.66
 20
33.715
 10
36.672
 20
33.728
 10
36.686
 20
33.741
 10
36.7
 20
33.752
 10
36.715
 20
33.763
 10
36.73
 20
33.774
 10
36.746
 20
33.784
 10
36.763
 20
33.793
 10
36.78
 20
33.801
 10
36.798
 20
33.808
 10
36.816
 20
33.815
 10
36.835
 20
33.822
 10
36.854
 20
33.827
 10
36.873
 20
33.832
 10
36.893
 20
33.836
 10
36.913
 20
33.84
 10
36.933
 20
33.843
 10
36.953
 20
33.845
 10
36.974
 20
33.847
 10
36.994
 20
33.848
 10
37.015
 20
33.848
 10
37.047
 20
33.847
 10
37.078
 20
33.844
 10
37.109
 20
33.84
 10
37.14
 20
33.834
 10
37.171
 20
33.826
 10
37.202
 20
33.816
 10
37.232
 20
33.804
 10
37.262
 20
33.791
 10
37.291
 20
33.776
 10
37.318
 20
33.759
 10
37.343
 20
33.741
 10
37.367
 20
33.722
 10
37.388
 20
33.701
 10
37.408
 20
33.679
 10
37.426
 20
33.655
 10
37.441
 20
33.63
 97
0
 75
0
 76
1
 98
0
  0
HATCH
  5
54
330
17
100
AcDbEntity
  8
RASTER
 62
7
100
AcDbHatch
 10
0.0
 20
0.0
 30
0.0
210
0.0
220
0.0
230
1.0
  2
SOLID
 70
1
 71
0
 91
2
 92
3
 72
0
 73
1
 93
103
 10
38.812
 20
32.805
 10
38.792
 20
32.778
 10
38.771
 20
32.752
 10
38.748
 20
32.727
 10
38.724
 20
32.704
 10
38.698
 20
32.683
 10
38.67
 20
32.664
 10
38.641
 20
32.646
 10
38.61
 20
32.63
 10
38.579
 20
32.616
 10
38.547
 20
32.603
 10
38.515
 20
32.593
 10
38.483
 20
32.584
 10
38.451
 20
32.577
 10
38.419
 20
32.573
 10
38.386
 20
32.57
 10
38.354
 20
32.569
 10
38.319
 20
32.57
 10
38.284
 20
32.572
 10
38.251
 20
32.576
 10
38.218
 20
32.581
 10
38.186
 20
32.588
 10
38.155
 20
32.597
 10
38.125
 20
32.607
 10
38.095
 20
32.618
 10
38.067
 20
32.631
 10
38.04
 20
32.645
 10
38.013
 20
32.66
 10
37.988
 20
32.677
 10
37.964
 20
32.694
 10
37.941
 20
32.713
 10
37.919
 20
32.733
 10
37.898
 20
32.753
 10
37.878
 20
32.775
 10
37.859
 20
32.798
 10
37.841
 20
32.822
 10
37.825
 20
32.847
 10
37.81
 20
32.873
 10
37.795
 20
32.9
 10
37.782
 20
32.927
 10
37.77
 20
32.956
 10
37.76
 20
32.986
 10
37.75
 20
33.016
 10
37.743
 20
33.047
 10
37.736
 20
33.078
 10
37.731
 20
33.11
 10
37.728
 20
33.142
 10
37.726
 20
33.175
 10
37.725
 20
33.208
 10
37.726
 20
33.242
 10
37.728
 20
33.275
 10
37.731
 20
33.307
 10
37.736
 20
33.339
 10
37.743
 20
33.37
 10
37.75
 20
33.401
 10
37.76
 20
33.431
 10
37.77
 20
33.461
 10
37.782
 20
33.489
 10
37.795
 20
33.517
 10
37.81
 20
33.544
 10
37.825
 20
33.57
 10
37.841
 20
33.595
 10
37.859
 20
33.619
 10
37.878
 20
33.641
 10
37.898
 20
33.663
 10
37.919
 20
33.684
 10
37.941
 20
33.704
 10
37.964
 20
33.723
 10
37.988
 20
33.74
 10
38.013
 20
33.756
 10
38.04
 20
33.772
 10
38.067
 20
33.786
 10
38.095
 20
33.799
 10
38.125
 20
33.81
 10
38.155
 20
33.82
 10
38.186
 20
33.829
 10
38.218
 20
33.836
 10
38.251
 20
33.841
 10
38.284
 20
33.845
 10
38.319
 20
33.847
 10
38.354
 20
33.848
 10
38.386
 20
33.847
 10
38.419
 20
33.844
 10
38.451
 20
33.839
 10
38.483
 20
33.833
 10
38.515
 20
33.824
 10
38.547
 20
33.814
 10
38.579
 20
33.801
 10
38.61
 20
33.787
 10
38.641
 20
33.771
 10
38.67
 20
33.753
 10
38.698
 20
33.733
 10
38.724
 20
33.711
 10
38.748
 20
33.688
 10
38.771
 20
33.662
 10
38.792
 20
33.635
 10
38.812
 20
33.606
 10
38.819
 20
33.606
 10
38.819
 20
33.817
 10
38.996
 20
33.817
 10
38.996
 20
31.976
 10
38.819
 20
31.976
 10
38.819
 20
32.805
 97
0
 92
3
 72
0
 73
1
 93
129
 10
37.912
 20
33.208
 10
37.912
 20
33.183
 10
37.914
 20
33.158
 10
37.916
 20
33.134
 10
37.92
 20
33.11
 10
37.924
 20
33.086
 10
37.93
 20
33.063
 10
37.936
 20
33.04
 10
37.943
 20
33.017
 10
37.951
 20
32.995
 10
37.961
 20
32.974
 10
37.97
 20
32.953
 10
37.981
 20
32.933
 10
37.993
 20
32.914
 10
38.005
 20
32.896
 10
38.019
 20
32.878
 10
38.033
 20
32.861
 10
38.048
 20
32.845
 10
38.064
 20
32.83
 10
38.081
 20
32.816
 10
38.098
 20
32.802
 10
38.117
 20
32.79
 10
38.136
 20
32.778
 10
38.156
 20
32.767
 10
38.177
 20
32.757
 10
38.199
 20
32.748
 10
38.222
 20
32.741
 10
38.245
 20
32.734
 10
38.269
 20
32.729
 10
38.294
 20
32.725
 10
38.319
 20
32.722
 10
38.345
 20
32.72
 10
38.372
 20
32.72
 10
38.397
 20
32.72
 10
38.422
 20
32.722
 10
38.446
 20
32.725
 10
38.47
 20
32.729
 10
38.493
 20
32.734
 10
38.516
 20
32.741
 10
38.538
 20
32.748
 10
38.559
 20
32.757
 10
38.58
 20
32.767
 10
38.601
 20
32.778
 10
38.62
 20
32.789
 10
38.639
 20
32.802
 10
38.658
 20
32.815
 10
38.675
 20
32.829
 10
38.692
 20
32.844
 10
38.708
 20
32.86
 10
38.723
 20
32.877
 10
38.737
 20
32.894
 10
38.751
 20
32.912
 10
38.763
 20
32.931
 10
38.775
 20
32.951
 10
38.786
 20
32.971
 10
38.796
 20
32.993
 10
38.805
 20
33.015
 10
38.813
 20
33.037
 10
38.82
 20
33.06
 10
38.826
 20
33.084
 10
38.831
 20
33.108
 10
38.835
 20
33.132
 10
38.838
 20
33.157
 10
38.84
 20
33.183
 10
38.84
 20
33.208
 10
38.84
 20
33.234
 10
38.838
 20
33.26
 10
38.835
 20
33.284
 10
38.831
 20
33.309
 10
38.826
 20
33.333
 10
38.82
 20
33.356
 10
38.813
 20
33.379
 10
38.805
 20
33.402
 10
38.796
 20
33.424
 10
38.786
 20
33.445
 10
38.775
 20
33.466
 10
38.763
 20
33.486
 10
38.751
 20
33.505
 10
38.737
 20
33.523
 10
38.723
 20
33.541
 10
38.708
 20
33.558
 10
38.692
 20
33.574
 10
38.675
 20
33.589
 10
38.658
 20
33.604
 10
38.639
 20
33.617
 10
38.62
 20
33.63
 10
38.601
 20
33.641
 10
38.58
 20
33.652
 10
38.559
 20
33.662
 10
38.538
 20
33.671
 10
38.516
 20
33.679
 10
38.493
 20
33.685
 10
38.47
 20
33.69
 10
38.446
 20
33.694
 10
38.422
 20
33.697
 10
38.397
 20
33.699
 10
38.372
 20
33.7
 10
38.345
 20
33.699
 10
38.319
 20
33.697
 10
38.294
 20
33.694
 10
38.269
 20
33.69
 10
38.245
 20
33.685
 10
38.222
 20
33.678
 10
38.199
 20
33.67
 10
38.177
 20
33.661
 10
38.156
 20
33.651
 10
38.136
 20
33.64
 10
38.117
 20
33.628
 10
38.098
 20
33.615
 10
38.081
 20
33.601
 10
38.064
 20
33.587
 10
38.048
 20
33.572
 10
38.033
 20
33.555
 10
38.019
 20
33.539
 10
38.005
 20
33.521
 10
37.993
 20
33.502
 10
37.981
 20
33.483
 10
37.97
 20
33.463
 10
37.961
 20
33.443
 10
37.951
 20
33.422
 10
37.943
 20
33.399
 10
37.936
 20
33.377
 10
37.93
 20
33.354
 10
37.924
 20
33.331
 10
37.92
 20
33.307
 10
37.916
 20
33.283
 10
37.914
 20
33.258
 10
37.912
 20
33.234
 10
37.912
 20
33.208
 97
0
 75
0
 76
1
 98
0
  0
HATCH
  5
55
330
17
100
AcDbEntity
  8
RASTER
 62
7
100
AcDbHatch
 10
0.0
 20
0.0
 30
0.0
210
0.0
220
0.0
230
1.0
  2
SOLID
 70
1
 71
0
 91
1
 92
3
 72
0
 73
1
 93
136
 10
40.348
 20
32.6
 10
40.347
 20
32.613
 10
40.346
 20
32.625
 10
40.345
 20
32.639
 10
40.344
 20
32.652
 10
40.343
 20
32.666
 10
40.342
 20
32.68
 10
40.341
 20
32.694
 10
40.34
 20
32.709
 10
40.34
 20
32.724
 10
40.339
 20
32.738
 10
40.339
 20
32.751
 10
40.338
 20
32.764
 10
40.338
 20
32.776
 10
40.338
 20
32.787
 10
40.338
 20
32.798
 10
40.338
 20
32.808
 10
40.333
 20
32.808
 10
40.319
 20
32.782
 10
40.303
 20
32.757
 10
40.284
 20
32.734
 10
40.264
 20
32.711
 10
40.242
 20
32.69
 10
40.218
 20
32.671
 10
40.192
 20
32.652
 10
40.164
 20
32.635
 10
40.134
 20
32.62
 10
40.104
 20
32.606
 10
40.074
 20
32.595
 10
40.043
 20
32.585
 10
40.012
 20
32.578
 10
39.981
 20
32.573
 10
39.949
 20
32.57
 10
39.917
 20
32.569
 10
39.861
 20
32.571
 10
39.808
 20
32.577
 10
39.759
 20
32.588
 10
39.714
 20
32.603
 10
39.673
 20
32.623
 10
39.635
 20
32.646
 10
39.6
 20
32.674
 10
39.57
 20
32.707
 10
39.542
 20
32.742
 10
39.519
 20
32.781
 10
39.499
 20
32.822
 10
39.483
 20
32.867
 10
39.47
 20
32.913
 10
39.461
 20
32.963
 10
39.456
 20
33.015
 10
39.454
 20
33.071
 10
39.454
 20
33.817
 10
39.631
 20
33.817
 10
39.631
 20
33.143
 10
39.631
 20
33.12
 10
39.632
 20
33.096
 10
39.633
 20
33.074
 10
39.635
 20
33.052
 10
39.637
 20
33.03
 10
39.639
 20
33.009
 10
39.643
 20
32.989
 10
39.646
 20
32.969
 10
39.65
 20
32.95
 10
39.655
 20
32.932
 10
39.661
 20
32.914
 10
39.667
 20
32.897
 10
39.674
 20
32.88
 10
39.682
 20
32.865
 10
39.69
 20
32.85
 10
39.699
 20
32.835
 10
39.709
 20
32.822
 10
39.72
 20
32.809
 10
39.731
 20
32.797
 10
39.744
 20
32.786
 10
39.757
 20
32.775
 10
39.771
 20
32.765
 10
39.785
 20
32.756
 10
39.801
 20
32.748
 10
39.817
 20
32.741
 10
39.835
 20
32.735
 10
39.853
 20
32.729
 10
39.873
 20
32.725
 10
39.893
 20
32.721
 10
39.915
 20
32.719
 10
39.937
 20
32.717
 10
39.961
 20
32.717
 10
39.978
 20
32.717
 10
39.996
 20
32.719
 10
40.013
 20
32.721
 10
40.03
 20
32.724
 10
40.047
 20
32.728
 10
40.064
 20
32.733
 10
40.081
 20
32.739
 10
40.097
 20
32.746
 10
40.114
 20
32.753
 10
40.13
 20
32.762
 10
40.145
 20
32.771
 10
40.16
 20
32.782
 10
40.175
 20
32.793
 10
40.189
 20
32.805
 10
40.202
 20
32.819
 10
40.216
 20
32.833
 10
40.228
 20
32.848
 10
40.24
 20
32.864
 10
40.252
 20
32.881
 10
40.262
 20
32.899
 10
40.272
 20
32.918
 10
40.282
 20
32.938
 10
40.291
 20
32.959
 10
40.299
 20
32.981
 10
40.306
 20
33.004
 10
40.312
 20
33.028
 10
40.318
 20
33.053
 10
40.322
 20
33.079
 10
40.326
 20
33.106
 10
40.328
 20
33.134
 10
40.33
 20
33.163
 10
40.33
 20
33.193
 10
40.33
 20
33.817
 10
40.507
 20
33.817
 10
40.507
 20
32.868
 10
40.507
 20
32.855
 10
40.507
 20
32.841
 10
40.507
 20
32.827
 10
40.507
 20
32.811
 10
40.508
 20
32.795
 10
40.508
 20
32.778
 10
40.509
 20
32.759
 10
40.509
 20
32.74
 10
40.51
 20
32.721
 10
40.511
 20
32.702
 10
40.512
 20
32.684
 10
40.513
 20
32.666
 10
40.514
 20
32.649
 10
40.515
 20
32.632
 10
40.516
 20
32.616
 10
40.517
 20
32.6
 97
0
 75
0
 76
1
 98
0
  0
HATCH
  5
56
330
17
100
AcDbEntity
  8
RASTER
 62
7
100
AcDbHatch
 10
0.0
 20
0.0
 30
0.0
210
0.0
220
0.0
230
1.0
  2
SOLID
 70
1
 71
0
 91
2
 92
3
 72
0
 73
1
 93
197
 10
41.742
 20
33.385
 10
41.74
 20
33.424
 10
41.737
 20
33.459
 10
41.73
 20
33.493
 10
41.721
 20
33.524
 10
41.709
 20
33.552
 10
41.695
 20
33.578
 10
41.678
 20
33.601
 10
41.659
 20
33.622
 10
41.637
 20
33.64
 10
41.612
 20
33.656
 10
41.586
 20
33.669
 10
41.557
 20
33.68
 10
41.525
 20
33.689
 10
41.491
 20
33.695
 10
41.455
 20
33.699
 10
41.417
 20
33.7
 10
41.39
 20
33.699
 10
41.363
 20
33.697
 10
41.337
 20
33.694
 10
41.311
 20
33.69
 10
41.286
 20
33.685
 10
41.262
 20
33.678
 10
41.238
 20
33.67
 10
41.214
 20
33.661
 10
41.191
 20
33.651
 10
41.169
 20
33.64
 10
41.148
 20
33.628
 10
41.128
 20
33.615
 10
41.108
 20
33.602
 10
41.09
 20
33.588
 10
41.072
 20
33.573
 10
41.055
 20
33.557
 10
40.957
 20
33.674
 10
40.976
 20
33.692
 10
40.997
 20
33.71
 10
41.02
 20
33.727
 10
41.044
 20
33.743
 10
41.07
 20
33.758
 10
41.097
 20
33.772
 10
41.125
 20
33.786
 10
41.156
 20
33.799
 10
41.187
 20
33.81
 10
41.219
 20
33.82
 10
41.253
 20
33.829
 10
41.287
 20
33.836
 10
41.323
 20
33.841
 10
41.359
 20
33.845
 10
41.397
 20
33.847
 10
41.435
 20
33.848
 10
41.459
 20
33.848
 10
41.484
 20
33.846
 10
41.507
 20
33.844
 10
41.531
 20
33.841
 10
41.553
 20
33.837
 10
41.576
 20
33.833
 10
41.598
 20
33.827
 10
41.62
 20
33.821
 10
41.641
 20
33.813
 10
41.661
 20
33.805
 10
41.681
 20
33.796
 10
41.7
 20
33.787
 10
41.719
 20
33.776
 10
41.737
 20
33.764
 10
41.754
 20
33.752
 10
41.77
 20
33.739
 10
41.786
 20
33.725
 10
41.801
 20
33.71
 10
41.815
 20
33.694
 10
41.828
 20
33.677
 10
41.84
 20
33.659
 10
41.852
 20
33.641
 10
41.862
 20
33.621
 10
41.872
 20
33.601
 10
41.88
 20
33.58
 10
41.888
 20
33.558
 10
41.894
 20
33.535
 10
41.899
 20
33.511
 10
41.903
 20
33.486
 10
41.906
 20
33.46
 10
41.908
 20
33.434
 10
41.908
 20
33.406
 10
41.908
 20
32.873
 10
41.908
 20
32.855
 10
41.909
 20
32.838
 10
41.909
 20
32.82
 10
41.909
 20
32.802
 10
41.91
 20
32.783
 10
41.911
 20
32.765
 10
41.912
 20
32.746
 10
41.913
 20
32.727
 10
41.915
 20
32.709
 10
41.916
 20
32.691
 10
41.918
 20
32.674
 10
41.92
 20
32.658
 10
41.922
 20
32.642
 10
41.924
 20
32.627
 10
41.926
 20
32.613
 10
41.929
 20
32.6
 10
41.77
 20
32.6
 10
41.768
 20
32.611
 10
41.767
 20
32.623
 10
41.765
 20
32.634
 10
41.763
 20
32.646
 10
41.762
 20
32.658
 10
41.76
 20
32.671
 10
41.759
 20
32.683
 10
41.757
 20
32.696
 10
41.756
 20
32.709
 10
41.755
 20
32.722
 10
41.754
 20
32.735
 10
41.754
 20
32.748
 10
41.753
 20
32.76
 10
41.753
 20
32.773
 10
41.752
 20
32.785
 10
41.752
 20
32.798
 10
41.747
 20
32.798
 10
41.726
 20
32.768
 10
41.704
 20
32.741
 10
41.681
 20
32.716
 10
41.658
 20
32.693
 10
41.634
 20
32.672
 10
41.61
 20
32.653
 10
41.584
 20
32.637
 10
41.558
 20
32.622
 10
41.532
 20
32.61
 10
41.503
 20
32.599
 10
41.473
 20
32.59
 10
41.442
 20
32.582
 10
41.41
 20
32.576
 10
41.376
 20
32.572
 10
41.341
 20
32.57
 10
41.305
 20
32.569
 10
41.287
 20
32.569
 10
41.27
 20
32.57
 10
41.252
 20
32.572
 10
41.234
 20
32.574
 10
41.216
 20
32.576
 10
41.198
 20
32.58
 10
41.179
 20
32.584
 10
41.161
 20
32.588
 10
41.142
 20
32.594
 10
41.124
 20
32.6
 10
41.107
 20
32.606
 10
41.09
 20
32.614
 10
41.073
 20
32.622
 10
41.057
 20
32.631
 10
41.041
 20
32.641
 10
41.025
 20
32.652
 10
41.011
 20
32.663
 10
40.996
 20
32.676
 10
40.983
 20
32.689
 10
40.97
 20
32.703
 10
40.957
 20
32.717
 10
40.946
 20
32.733
 10
40.934
 20
32.749
 10
40.924
 20
32.766
 10
40.915
 20
32.784
 10
40.906
 20
32.803
 10
40.9
 20
32.823
 10
40.894
 20
32.844
 10
40.889
 20
32.866
 10
40.886
 20
32.889
 10
40.884
 20
32.913
 10
40.884
 20
32.938
 10
40.885
 20
32.972
 10
40.888
 20
33.005
 10
40.894
 20
33.035
 10
40.902
 20
33.064
 10
40.912
 20
33.091
 10
40.924
 20
33.116
 10
40.939
 20
33.139
 10
40.955
 20
33.16
 10
40.974
 20
33.18
 10
40.994
 20
33.199
 10
41.016
 20
33.216
 10
41.039
 20
33.232
 10
41.063
 20
33.246
 10
41.09
 20
33.26
 10
41.117
 20
33.272
 10
41.146
 20
33.283
 10
41.177
 20
33.292
 10
41.208
 20
33.301
 10
41.241
 20
33.309
 10
41.275
 20
33.316
 10
41.31
 20
33.322
 10
41.346
 20
33.327
 10
41.383
 20
33.331
 10
41.421
 20
33.335
 10
41.46
 20
33.337
 10
41.499
 20
33.34
 10
41.538
 20
33.342
 10
41.578
 20
33.343
 10
41.619
 20
33.345
 10
41.659
 20
33.345
 10
41.7
 20
33.346
 10
41.742
 20
33.346
 97
0
 92
3
 72
0
 73
1
 93
98
 10
41.69
 20
33.208
 10
41.662
 20
33.208
 10
41.635
 20
33.208
 10
41.608
 20
33.207
 10
41.58
 20
33.206
 10
41.553
 20
33.205
 10
41.525
 20
33.203
 10
41.498
 20
33.201
 10
41.47
 20
33.199
 10
41.443
 20
33.197
 10
41.416
 20
33.194
 10
41.39
 20
33.19
 10
41.365
 20
33.186
 10
41.34
 20
33.181
 10
41.316
 20
33.175
 10
41.293
 20
33.169
 10
41.27
 20
33.163
 10
41.248
 20
33.156
 10
41.227
 20
33.148
 10
41.207
 20
33.139
 10
41.188
 20
33.129
 10
41.17
 20
33.119
 10
41.154
 20
33.108
 10
41.138
 20
33.096
 10
41.123
 20
33.084
 10
41.11
 20
33.07
 10
41.098
 20
33.055
 10
41.088
 20
33.04
 10
41.08
 20
33.023
 10
41.074
 20
33.005
 10
41.069
 20
32.987
 10
41.067
 20
32.967
 10
41.066
 20
32.946
 10
41.066
 20
32.93
 10
41.067
 20
32.915
 10
41.069
 20
32.9
 10
41.072
 20
32.886
 10
41.075
 20
32.873
 10
41.08
 20
32.86
 10
41.085
 20
32.848
 10
41.09
 20
32.837
 10
41.097
 20
32.826
 10
41.104
 20
32.816
 10
41.111
 20
32.806
 10
41.119
 20
32.797
 10
41.128
 20
32.788
 10
41.137
 20
32.78
 10
41.147
 20
32.772
 10
41.157
 20
32.765
 10
41.167
 20
32.759
 10
41.178
 20
32.752
 10
41.189
 20
32.747
 10
41.201
 20
32.742
 10
41.212
 20
32.737
 10
41.224
 20
32.733
 10
41.237
 20
32.729
 10
41.249
 20
32.726
 10
41.262
 20
32.723
 10
41.275
 20
32.721
 10
41.287
 20
32.719
 10
41.3
 20
32.717
 10
41.313
 20
32.716
 10
41.326
 20
32.715
 10
41.339
 20
32.715
 10
41.352
 20
32.714
 10
41.375
 20
32.715
 10
41.397
 20
32.716
 10
41.419
 20
32.719
 10
41.44
 20
32.723
 10
41.461
 20
32.727
 10
41.48
 20
32.733
 10
41.5
 20
32.739
 10
41.518
 20
32.747
 10
41.536
 20
32.755
 10
41.553
 20
32.765
 10
41.57
 20
32.775
 10
41.585
 20
32.785
 10
41.6
 20
32.797
 10
41.614
 20
32.809
 10
41.628
 20
32.822
 10
41.64
 20
32.835
 10
41.652
 20
32.85
 10
41.664
 20
32.864
 10
41.674
 20
32.88
 10
41.684
 20
32.895
 10
41.693
 20
32.912
 10
41.701
 20
32.929
 10
41.709
 20
32.946
 10
41.716
 20
32.964
 10
41.722
 20
32.982
 10
41.727
 20
33.001
 10
41.732
 20
33.02
 10
41.735
 20
33.039
 10
41.738
 20
33.058
 10
41.74
 20
33.078
 10
41.741
 20
33.097
 10
41.742
 20
33.117
 10
41.742
 20
33.208
 97
0
 75
0
 76
1
 98
0
  0
HATCH
  5
57
330
17
100
AcDbEntity
  8
RASTER
 62
7
100
AcDbHatch
 10
0.0
 20
0.0
 30
0.0
210
0.0
220
0.0
230
1.0
  2
SOLID
 70
1
 71
0
 91
1
 92
3
 72
0
 73
1
 93
119
 10
42.363
 20
33.549
 10
42.363
 20
33.562
 10
42.363
 20
33.575
 10
42.363
 20
33.59
 10
42.363
 20
33.606
 10
42.362
 20
33.622
 10
42.362
 20
33.639
 10
42.361
 20
33.657
 10
42.361
 20
33.676
 10
42.36
 20
33.696
 10
42.359
 20
33.714
 10
42.358
 20
33.733
 10
42.357
 20
33.751
 10
42.356
 20
33.768
 10
42.355
 20
33.785
 10
42.354
 20
33.801
 10
42.353
 20
33.817
 10
42.522
 20
33.817
 10
42.523
 20
33.804
 10
42.524
 20
33.791
 10
42.525
 20
33.778
 10
42.526
 20
33.765
 10
42.527
 20
33.751
 10
42.528
 20
33.737
 10
42.529
 20
33.722
 10
42.53
 20
33.708
 10
42.53
 20
33.693
 10
42.531
 20
33.679
 10
42.531
 20
33.666
 10
42.532
 20
33.653
 10
42.532
 20
33.641
 10
42.532
 20
33.63
 10
42.532
 20
33.619
 10
42.532
 20
33.609
 10
42.537
 20
33.609
 10
42.551
 20
33.635
 10
42.567
 20
33.66
 10
42.584
 20
33.683
 10
42.602
 20
33.705
 10
42.623
 20
33.726
 10
42.645
 20
33.746
 10
42.668
 20
33.764
 10
42.693
 20
33.782
 10
42.72
 20
33.797
 10
42.747
 20
33.811
 10
42.775
 20
33.822
 10
42.804
 20
33.831
 10
42.834
 20
33.839
 10
42.864
 20
33.844
 10
42.895
 20
33.847
 10
42.927
 20
33.848
 10
42.936
 20
33.848
 10
42.944
 20
33.848
 10
42.952
 20
33.848
 10
42.96
 20
33.847
 10
42.967
 20
33.847
 10
42.974
 20
33.847
 10
42.982
 20
33.846
 10
42.988
 20
33.845
 10
42.995
 20
33.845
 10
43.002
 20
33.844
 10
43.009
 20
33.843
 10
43.016
 20
33.842
 10
43.023
 20
33.84
 10
43.03
 20
33.839
 10
43.037
 20
33.837
 10
43.044
 20
33.835
 10
43.021
 20
33.669
 10
43.017
 20
33.67
 10
43.012
 20
33.671
 10
43.006
 20
33.673
 10
43.0
 20
33.674
 10
42.993
 20
33.675
 10
42.986
 20
33.676
 10
42.978
 20
33.678
 10
42.969
 20
33.679
 10
42.96
 20
33.68
 10
42.951
 20
33.681
 10
42.942
 20
33.682
 10
42.933
 20
33.683
 10
42.924
 20
33.683
 10
42.914
 20
33.684
 10
42.905
 20
33.684
 10
42.896
 20
33.684
 10
42.879
 20
33.684
 10
42.861
 20
33.683
 10
42.844
 20
33.681
 10
42.827
 20
33.678
 10
42.81
 20
33.674
 10
42.794
 20
33.67
 10
42.777
 20
33.664
 10
42.761
 20
33.658
 10
42.745
 20
33.651
 10
42.73
 20
33.643
 10
42.715
 20
33.634
 10
42.7
 20
33.625
 10
42.686
 20
33.614
 10
42.673
 20
33.602
 10
42.66
 20
33.59
 10
42.648
 20
33.576
 10
42.636
 20
33.562
 10
42.625
 20
33.546
 10
42.614
 20
33.53
 10
42.604
 20
33.513
 10
42.595
 20
33.494
 10
42.586
 20
33.475
 10
42.578
 20
33.455
 10
42.57
 20
33.433
 10
42.563
 20
33.411
 10
42.557
 20
33.388
 10
42.552
 20
33.363
 10
42.547
 20
33.337
 10
42.544
 20
33.311
 10
42.542
 20
33.283
 10
42.54
 20
33.254
 10
42.54
 20
33.224
 10
42.54
 20
32.6
 10
42.363
 20
32.6
 10
42.363
 20
33.549
 97
0
 75
0
 76
1
 98
0
  0
HATCH
  5
58
330
17
100
AcDbEntity
  8
RASTER
 62
7
100
AcDbHatch
 10
0.0
 20
0.0
 30
0.0
210
0.0
220
0.0
230
1.0
  2
SOLID
 70
1
 71
0
 91
2
 92
3
 72
0
 73
1
 93
49
 10
44.227
 20
33.302
 10
44.224
 20
33.344
 10
44.218
 20
33.384
 10
44.208
 20
33.422
 10
44.196
 20
33.459
 10
44.181
 20
33.494
 10
44.162
 20
33.526
 10
44.141
 20
33.558
 10
44.117
 20
33.587
 10
44.09
 20
33.613
 10
44.06
 20
33.636
 10
44.028
 20
33.656
 10
43.992
 20
33.672
 10
43.955
 20
33.684
 10
43.914
 20
33.693
 10
43.87
 20
33.698
 10
43.824
 20
33.7
 10
43.803
 20
33.699
 10
43.781
 20
33.698
 10
43.76
 20
33.695
 10
43.739
 20
33.692
 10
43.719
 20
33.687
 10
43.699
 20
33.682
 10
43.68
 20
33.675
 10
43.661
 20
33.667
 10
43.642
 20
33.659
 10
43.624
 20
33.65
 10
43.607
 20
33.64
 10
43.59
 20
33.629
 10
43.573
 20
33.618
 10
43.558
 20
33.605
 10
43.543
 20
33.593
 10
43.528
 20
33.579
 10
43.514
 20
33.565
 10
43.501
 20
33.55
 10
43.488
 20
33.535
 10
43.477
 20
33.519
 10
43.466
 20
33.503
 10
43.455
 20
33.486
 10
43.446
 20
33.469
 10
43.437
 20
33.451
 10
43.429
 20
33.434
 10
43.422
 20
33.415
 10
43.416
 20
33.397
 10
43.41
 20
33.378
 10
43.406
 20
33.36
 10
43.402
 20
33.341
 10
43.4
 20
33.321
 10
43.398
 20
33.302
 97
0
 92
3
 72
0
 73
1
 93
179
 10
44.407
 20
33.245
 10
44.407
 20
33.24
 10
44.407
 20
33.236
 10
44.407
 20
33.231
 10
44.407
 20
33.226
 10
44.407
 20
33.221
 10
44.407
 20
33.216
 10
44.407
 20
33.211
 10
44.407
 20
33.206
 10
44.407
 20
33.201
 10
44.407
 20
33.195
 10
44.406
 20
33.19
 10
44.406
 20
33.184
 10
44.406
 20
33.179
 10
44.405
 20
33.173
 10
44.405
 20
33.167
 10
44.404
 20
33.162
 10
43.395
 20
33.162
 10
43.397
 20
33.139
 10
43.399
 20
33.117
 10
43.402
 20
33.095
 10
43.406
 20
33.073
 10
43.411
 20
33.052
 10
43.417
 20
33.031
 10
43.424
 20
33.01
 10
43.432
 20
32.99
 10
43.441
 20
32.97
 10
43.45
 20
32.951
 10
43.461
 20
32.932
 10
43.472
 20
32.915
 10
43.484
 20
32.897
 10
43.497
 20
32.881
 10
43.511
 20
32.865
 10
43.525
 20
32.85
 10
43.541
 20
32.835
 10
43.557
 20
32.821
 10
43.573
 20
32.808
 10
43.59
 20
32.796
 10
43.608
 20
32.784
 10
43.627
 20
32.774
 10
43.646
 20
32.764
 10
43.666
 20
32.755
 10
43.686
 20
32.746
 10
43.707
 20
32.739
 10
43.728
 20
32.733
 10
43.75
 20
32.728
 10
43.772
 20
32.725
 10
43.794
 20
32.722
 10
43.817
 20
32.72
 10
43.84
 20
32.72
 10
43.874
 20
32.721
 10
43.907
 20
32.724
 10
43.938
 20
32.729
 10
43.968
 20
32.736
 10
43.998
 20
32.744
 10
44.025
 20
32.755
 10
44.052
 20
32.768
 10
44.078
 20
32.783
 10
44.102
 20
32.8
 10
44.125
 20
32.816
 10
44.146
 20
32.834
 10
44.166
 20
32.852
 10
44.184
 20
32.871
 10
44.201
 20
32.89
 10
44.216
 20
32.91
 10
44.23
 20
32.93
 10
44.363
 20
32.826
 10
44.335
 20
32.793
 10
44.307
 20
32.762
 10
44.278
 20
32.734
 10
44.248
 20
32.708
 10
44.217
 20
32.684
 10
44.186
 20
32.663
 10
44.155
 20
32.645
 10
44.122
 20
32.629
 10
44.089
 20
32.615
 10
44.055
 20
32.602
 10
44.021
 20
32.592
 10
43.986
 20
32.584
 10
43.95
 20
32.577
 10
43.914
 20
32.573
 10
43.877
 20
32.57
 10
43.84
 20
32.569
 10
43.807
 20
32.57
 10
43.774
 20
32.572
 10
43.741
 20
32.576
 10
43.71
 20
32.581
 10
43.679
 20
32.588
 10
43.648
 20
32.596
 10
43.618
 20
32.606
 10
43.589
 20
32.617
 10
43.561
 20
32.63
 10
43.533
 20
32.643
 10
43.507
 20
32.658
 10
43.482
 20
32.674
 10
43.457
 20
32.692
 10
43.434
 20
32.71
 10
43.412
 20
32.73
 10
43.39
 20
32.751
 10
43.37
 20
32.773
 10
43.351
 20
32.796
 10
43.333
 20
32.82
 10
43.316
 20
32.844
 10
43.3
 20
32.87
 10
43.285
 20
32.897
 10
43.271
 20
32.925
 10
43.259
 20
32.954
 10
43.248
 20
32.983
 10
43.238
 20
33.013
 10
43.23
 20
33.044
 10
43.223
 20
33.076
 10
43.218
 20
33.108
 10
43.214
 20
33.141
 10
43.212
 20
33.174
 10
43.211
 20
33.208
 10
43.212
 20
33.243
 10
43.214
 20
33.276
 10
43.217
 20
33.309
 10
43.223
 20
33.341
 10
43.229
 20
33.373
 10
43.237
 20
33.403
 10
43.247
 20
33.434
 10
43.258
 20
33.463
 10
43.27
 20
33.492
 10
43.283
 20
33.52
 10
43.298
 20
33.547
 10
43.314
 20
33.572
 10
43.33
 20
33.597
 10
43.348
 20
33.621
 10
43.367
 20
33.644
 10
43.388
 20
33.666
 10
43.409
 20
33.687
 10
43.431
 20
33.707
 10
43.454
 20
33.725
 10
43.478
 20
33.742
 10
43.503
 20
33.759
 10
43.528
 20
33.773
 10
43.555
 20
33.787
 10
43.583
 20
33.8
 10
43.611
 20
33.811
 10
43.64
 20
33.821
 10
43.669
 20
33.829
 10
43.699
 20
33.836
 10
43.729
 20
33.841
 10
43.761
 20
33.845
 10
43.792
 20
33.847
 10
43.824
 20
33.848
 10
43.86
 20
33.847
 10
43.894
 20
33.845
 10
43.927
 20
33.841
 10
43.959
 20
33.836
 10
43.99
 20
33.829
 10
44.02
 20
33.821
 10
44.049
 20
33.811
 10
44.077
 20
33.8
 10
44.103
 20
33.787
 10
44.129
 20
33.774
 10
44.153
 20
33.759
 10
44.177
 20
33.743
 10
44.199
 20
33.727
 10
44.22
 20
33.709
 10
44.24
 20
33.69
 10
44.259
 20
33.67
 10
44.276
 20
33.649
 10
44.293
 20
33.627
 10
44.308
 20
33.605
 10
44.323
 20
33.581
 10
44.336
 20
33.557
 10
44.348
 20
33.532
 10
44.359
 20
33.506
 10
44.369
 20
33.479
 10
44.378
 20
33.451
 10
44.386
 20
33.423
 10
44.392
 20
33.395
 10
44.397
 20
33.366
 10
44.401
 20
33.336
 10
44.404
 20
33.306
 10
44.406
 20
33.276
 10
44.407
 20
33.245
 97
0
 75
0
 76
1
 98
0
  0
HATCH
  5
59
330
17
100
AcDbEntity
  8
RASTER
 62
7
100
AcDbHatch
 10
0.0
 20
0.0
 30
0.0
210
0.0
220
0.0
230
1.0
  2
SOLID
 70
1
 71
0
 91
2
 92
3
 72
0
 73
1
 93
4
 10
45.616
 20
32.6
 10
45.439
 20
32.6
 10
45.439
 20
33.817
 10
45.616
 20
33.817
 97
0
 92
3
 72
0
 73
1
 93
65
 10
45.652
 20
34.285
 10
45.652
 20
34.271
 10
45.65
 20
34.259
 10
45.647
 20
34.247
 10
45.642
 20
34.235
 10
45.637
 20
34.224
 10
45.63
 20
34.214
 10
45.622
 20
34.204
 10
45.613
 20
34.195
 10
45.603
 20
34.187
 10
45.593
 20
34.18
 10
45.583
 20
34.174
 10
45.572
 20
34.169
 10
45.561
 20
34.165
 10
45.55
 20
34.162
 10
45.539
 20
34.161
 10
45.527
 20
34.16
 10
45.516
 20
34.161
 10
45.504
 20
34.162
 10
45.493
 20
34.165
 10
45.483
 20
34.169
 10
45.472
 20
34.174
 10
45.462
 20
34.18
 10
45.451
 20
34.187
 10
45.442
 20
34.195
 10
45.432
 20
34.204
 10
45.425
 20
34.214
 10
45.418
 20
34.224
 10
45.412
 20
34.235
 10
45.408
 20
34.247
 10
45.405
 20
34.259
 10
45.403
 20
34.271
 10
45.403
 20
34.285
 10
45.403
 20
34.298
 10
45.405
 20
34.311
 10
45.408
 20
34.323
 10
45.412
 20
34.335
 10
45.418
 20
34.345
 10
45.425
 20
34.356
 10
45.432
 20
34.365
 10
45.442
 20
34.375
 10
45.451
 20
34.383
 10
45.462
 20
34.39
 10
45.472
 20
34.396
 10
45.483
 20
34.401
 10
45.493
 20
34.405
 10
45.504
 20
34.407
 10
45.516
 20
34.409
 10
45.527
 20
34.41
 10
45.539
 20
34.409
 10
45.55
 20
34.407
 10
45.561
 20
34.405
 10
45.572
 20
34.401
 10
45.583
 20
34.396
 10
45.593
 20
34.39
 10
45.603
 20
34.383
 10
45.613
 20
34.375
 10
45.622
 20
34.365
 10
45.63
 20
34.356
 10
45.637
 20
34.345
 10
45.642
 20
34.335
 10
45.647
 20
34.323
 10
45.65
 20
34.311
 10
45.652
 20
34.298
 10
45.652
 20
34.285
 97
0
 75
0
 76
1
 98
0
  0
HATCH
  5
5A
330
17
100
AcDbEntity
  8
RASTER
 62
7
100
AcDbHatch
 10
0.0
 20
0.0
 30
0.0
210
0.0
220
0.0
230
1.0
  2
SOLID
 70
1
 71
0
 91
1
 92
3
 72
0
 73
1
 93
274
 10
46.734
 20
33.528
 10
46.723
 20
33.547
 10
46.712
 20
33.564
 10
46.699
 20
33.581
 10
46.685
 20
33.597
 10
46.669
 20
33.612
 10
46.653
 20
33.626
 10
46.635
 20
33.639
 10
46.616
 20
33.652
 10
46.595
 20
33.663
 10
46.574
 20
33.673
 10
46.553
 20
33.681
 10
46.531
 20
33.688
 10
46.508
 20
33.693
 10
46.484
 20
33.697
 10
46.46
 20
33.699
 10
46.435
 20
33.7
 10
46.423
 20
33.7
 10
46.411
 20
33.699
 10
46.4
 20
33.698
 10
46.388
 20
33.697
 10
46.376
 20
33.696
 10
46.365
 20
33.694
 10
46.353
 20
33.692
 10
46.341
 20
33.689
 10
46.33
 20
33.687
 10
46.318
 20
33.683
 10
46.308
 20
33.68
 10
46.297
 20
33.676
 10
46.287
 20
33.671
 10
46.277
 20
33.666
 10
46.267
 20
33.661
 10
46.258
 20
33.656
 10
46.249
 20
33.65
 10
46.241
 20
33.643
 10
46.233
 20
33.636
 10
46.225
 20
33.629
 10
46.218
 20
33.621
 10
46.211
 20
33.613
 10
46.205
 20
33.605
 10
46.199
 20
33.596
 10
46.194
 20
33.586
 10
46.19
 20
33.577
 10
46.186
 20
33.567
 10
46.183
 20
33.556
 10
46.181
 20
33.545
 10
46.179
 20
33.534
 10
46.178
 20
33.522
 10
46.177
 20
33.51
 10
46.178
 20
33.489
 10
46.182
 20
33.47
 10
46.187
 20
33.451
 10
46.195
 20
33.434
 10
46.205
 20
33.418
 10
46.217
 20
33.404
 10
46.231
 20
33.391
 10
46.248
 20
33.379
 10
46.266
 20
33.368
 10
46.288
 20
33.357
 10
46.312
 20
33.347
 10
46.338
 20
33.337
 10
46.367
 20
33.327
 10
46.398
 20
33.318
 10
46.432
 20
33.31
 10
46.469
 20
33.302
 10
46.521
 20
33.29
 10
46.569
 20
33.277
 10
46.615
 20
33.263
 10
46.656
 20
33.248
 10
46.694
 20
33.231
 10
46.729
 20
33.213
 10
46.76
 20
33.194
 10
46.787
 20
33.173
 10
46.811
 20
33.151
 10
46.832
 20
33.127
 10
46.85
 20
33.102
 10
46.864
 20
33.074
 10
46.875
 20
33.045
 10
46.883
 20
33.014
 10
46.888
 20
32.981
 10
46.89
 20
32.946
 10
46.889
 20
32.92
 10
46.887
 20
32.896
 10
46.884
 20
32.872
 10
46.88
 20
32.85
 10
46.874
 20
32.828
 10
46.867
 20
32.808
 10
46.859
 20
32.789
 10
46.85
 20
32.77
 10
46.839
 20
32.753
 10
46.828
 20
32.736
 10
46.816
 20
32.72
 10
46.803
 20
32.705
 10
46.789
 20
32.691
 10
46.775
 20
32.678
 10
46.76
 20
32.665
 10
46.744
 20
32.653
 10
46.728
 20
32.642
 10
46.711
 20
32.632
 10
46.693
 20
32.623
 10
46.675
 20
32.614
 10
46.656
 20
32.607
 10
46.637
 20
32.6
 10
46.618
 20
32.594
 10
46.597
 20
32.588
 10
46.577
 20
32.584
 10
46.556
 20
32.58
 10
46.536
 20
32.576
 10
46.515
 20
32.574
 10
46.494
 20
32.572
 10
46.474
 20
32.57
 10
46.453
 20
32.569
 10
46.432
 20
32.569
 10
46.398
 20
32.57
 10
46.364
 20
32.572
 10
46.33
 20
32.577
 10
46.296
 20
32.583
 10
46.263
 20
32.591
 10
46.23
 20
32.601
 10
46.197
 20
32.613
 10
46.164
 20
32.626
 10
46.133
 20
32.641
 10
46.102
 20
32.659
 10
46.073
 20
32.678
 10
46.046
 20
32.699
 10
46.02
 20
32.723
 10
45.996
 20
32.748
 10
45.973
 20
32.776
 10
45.951
 20
32.805
 10
46.092
 20
32.909
 10
46.104
 20
32.89
 10
46.118
 20
32.871
 10
46.133
 20
32.853
 10
46.149
 20
32.835
 10
46.167
 20
32.819
 10
46.187
 20
32.803
 10
46.207
 20
32.788
 10
46.229
 20
32.774
 10
46.252
 20
32.761
 10
46.276
 20
32.75
 10
46.3
 20
32.741
 10
46.325
 20
32.733
 10
46.35
 20
32.727
 10
46.376
 20
32.723
 10
46.403
 20
32.72
 10
46.43
 20
32.72
 10
46.444
 20
32.72
 10
46.458
 20
32.72
 10
46.472
 20
32.721
 10
46.485
 20
32.722
 10
46.499
 20
32.724
 10
46.512
 20
32.725
 10
46.526
 20
32.728
 10
46.539
 20
32.73
 10
46.552
 20
32.733
 10
46.564
 20
32.736
 10
46.576
 20
32.74
 10
46.588
 20
32.744
 10
46.599
 20
32.749
 10
46.609
 20
32.754
 10
46.62
 20
32.76
 10
46.63
 20
32.766
 10
46.639
 20
32.773
 10
46.648
 20
32.78
 10
46.657
 20
32.788
 10
46.665
 20
32.796
 10
46.672
 20
32.804
 10
46.68
 20
32.813
 10
46.686
 20
32.823
 10
46.692
 20
32.833
 10
46.698
 20
32.843
 10
46.702
 20
32.854
 10
46.706
 20
32.866
 10
46.71
 20
32.878
 10
46.712
 20
32.891
 10
46.714
 20
32.904
 10
46.715
 20
32.918
 10
46.716
 20
32.933
 10
46.714
 20
32.956
 10
46.71
 20
32.978
 10
46.703
 20
32.998
 10
46.693
 20
33.017
 10
46.68
 20
33.034
 10
46.664
 20
33.05
 10
46.645
 20
33.064
 10
46.623
 20
33.077
 10
46.599
 20
33.089
 10
46.572
 20
33.101
 10
46.543
 20
33.112
 10
46.511
 20
33.124
 10
46.476
 20
33.135
 10
46.439
 20
33.146
 10
46.399
 20
33.156
 10
46.357
 20
33.167
 10
46.343
 20
33.17
 10
46.329
 20
33.174
 10
46.315
 20
33.177
 10
46.301
 20
33.181
 10
46.286
 20
33.186
 10
46.271
 20
33.19
 10
46.256
 20
33.195
 10
46.241
 20
33.199
 10
46.226
 20
33.204
 10
46.211
 20
33.21
 10
46.197
 20
33.216
 10
46.182
 20
33.223
 10
46.168
 20
33.231
 10
46.155
 20
33.239
 10
46.141
 20
33.247
 10
46.128
 20
33.256
 10
46.115
 20
33.266
 10
46.103
 20
33.277
 10
46.092
 20
33.288
 10
46.081
 20
33.299
 10
46.07
 20
33.311
 10
46.06
 20
33.324
 10
46.051
 20
33.337
 10
46.042
 20
33.351
 10
46.034
 20
33.366
 10
46.027
 20
33.382
 10
46.022
 20
33.398
 10
46.017
 20
33.416
 10
46.013
 20
33.434
 10
46.011
 20
33.453
 10
46.009
 20
33.473
 10
46.008
 20
33.494
 10
46.009
 20
33.517
 10
46.011
 20
33.539
 10
46.014
 20
33.561
 10
46.018
 20
33.581
 10
46.023
 20
33.601
 10
46.029
 20
33.619
 10
46.036
 20
33.637
 10
46.045
 20
33.654
 10
46.054
 20
33.671
 10
46.065
 20
33.686
 10
46.076
 20
33.701
 10
46.087
 20
33.715
 10
46.1
 20
33.728
 10
46.113
 20
33.741
 10
46.127
 20
33.752
 10
46.142
 20
33.763
 10
46.158
 20
33.774
 10
46.174
 20
33.784
 10
46.191
 20
33.793
 10
46.208
 20
33.801
 10
46.225
 20
33.808
 10
46.243
 20
33.815
 10
46.262
 20
33.822
 10
46.281
 20
33.827
 10
46.301
 20
33.832
 10
46.321
 20
33.836
 10
46.341
 20
33.84
 10
46.361
 20
33.843
 10
46.381
 20
33.845
 10
46.401
 20
33.847
 10
46.422
 20
33.848
 10
46.443
 20
33.848
 10
46.474
 20
33.847
 10
46.506
 20
33.844
 10
46.537
 20
33.84
 10
46.568
 20
33.834
 10
46.599
 20
33.826
 10
46.629
 20
33.816
 10
46.66
 20
33.804
 10
46.69
 20
33.791
 10
46.719
 20
33.776
 10
46.746
 20
33.759
 10
46.771
 20
33.741
 10
46.794
 20
33.722
 10
46.816
 20
33.701
 10
46.835
 20
33.679
 10
46.853
 20
33.655
 10
46.869
 20
33.63
 97
0
 75
0
 76
1
 98
0
  0
HATCH
  5
5B
330
17
100
AcDbEntity
  8
RASTER
 62
7
100
AcDbHatch
 10
0.0
 20
0.0
 30
0.0
210
0.0
220
0.0
230
1.0
  2
SOLID
 70
1
 71
0
 91
1
 92
3
 72
0
 73
1
 93
136
 10
48.775
 20
32.6
 10
48.774
 20
32.613
 10
48.772
 20
32.625
 10
48.771
 20
32.639
 10
48.77
 20
32.652
 10
48.769
 20
32.666
 10
48.768
 20
32.68
 10
48.768
 20
32.694
 10
48.767
 20
32.709
 10
48.766
 20
32.724
 10
48.766
 20
32.738
 10
48.765
 20
32.751
 10
48.765
 20
32.764
 10
48.765
 20
32.776
 10
48.765
 20
32.787
 10
48.764
 20
32.798
 10
48.764
 20
32.808
 10
48.759
 20
32.808
 10
48.745
 20
32.782
 10
48.729
 20
32.757
 10
48.711
 20
32.734
 10
48.691
 20
32.711
 10
48.669
 20
32.69
 10
48.645
 20
32.671
 10
48.618
 20
32.652
 10
48.59
 20
32.635
 10
48.561
 20
32.62
 10
48.531
 20
32.606
 10
48.501
 20
32.595
 10
48.47
 20
32.585
 10
48.439
 20
32.578
 10
48.407
 20
32.573
 10
48.375
 20
32.57
 10
48.343
 20
32.569
 10
48.287
 20
32.571
 10
48.235
 20
32.577
 10
48.186
 20
32.588
 10
48.141
 20
32.603
 10
48.099
 20
32.623
 10
48.061
 20
32.646
 10
48.027
 20
32.674
 10
47.996
 20
32.707
 10
47.969
 20
32.742
 10
47.945
 20
32.781
 10
47.926
 20
32.822
 10
47.909
 20
32.867
 10
47.897
 20
32.913
 10
47.888
 20
32.963
 10
47.882
 20
33.015
 10
47.88
 20
33.071
 10
47.88
 20
33.817
 10
48.057
 20
33.817
 10
48.057
 20
33.143
 10
48.057
 20
33.12
 10
48.058
 20
33.096
 10
48.059
 20
33.074
 10
48.061
 20
33.052
 10
48.063
 20
33.03
 10
48.066
 20
33.009
 10
48.069
 20
32.989
 10
48.073
 20
32.969
 10
48.077
 20
32.95
 10
48.082
 20
32.932
 10
48.088
 20
32.914
 10
48.094
 20
32.897
 10
48.101
 20
32.88
 10
48.109
 20
32.865
 10
48.117
 20
32.85
 10
48.126
 20
32.835
 10
48.136
 20
32.822
 10
48.147
 20
32.809
 10
48.158
 20
32.797
 10
48.17
 20
32.786
 10
48.183
 20
32.775
 10
48.197
 20
32.765
 10
48.212
 20
32.756
 10
48.228
 20
32.748
 10
48.244
 20
32.741
 10
48.261
 20
32.735
 10
48.28
 20
32.729
 10
48.299
 20
32.725
 10
48.32
 20
32.721
 10
48.341
 20
32.719
 10
48.364
 20
32.717
 10
48.387
 20
32.717
 10
48.405
 20
32.717
 10
48.422
 20
32.719
 10
48.44
 20
32.721
 10
48.457
 20
32.724
 10
48.474
 20
32.728
 10
48.491
 20
32.733
 10
48.507
 20
32.739
 10
48.524
 20
32.746
 10
48.54
 20
32.753
 10
48.556
 20
32.762
 10
48.572
 20
32.771
 10
48.587
 20
32.782
 10
48.601
 20
32.793
 10
48.615
 20
32.805
 10
48.629
 20
32.819
 10
48.642
 20
32.833
 10
48.655
 20
32.848
 10
48.667
 20
32.864
 10
48.678
 20
32.881
 10
48.689
 20
32.899
 10
48.699
 20
32.918
 10
48.709
 20
32.938
 10
48.717
 20
32.959
 10
48.725
 20
32.981
 10
48.733
 20
33.004
 10
48.739
 20
33.028
 10
48.744
 20
33.053
 10
48.749
 20
33.079
 10
48.752
 20
33.106
 10
48.755
 20
33.134
 10
48.756
 20
33.163
 10
48.757
 20
33.193
 10
48.757
 20
33.817
 10
48.933
 20
33.817
 10
48.933
 20
32.868
 10
48.933
 20
32.855
 10
48.934
 20
32.841
 10
48.934
 20
32.827
 10
48.934
 20
32.811
 10
48.934
 20
32.795
 10
48.935
 20
32.778
 10
48.935
 20
32.759
 10
48.936
 20
32.74
 10
48.937
 20
32.721
 10
48.937
 20
32.702
 10
48.938
 20
32.684
 10
48.939
 20
32.666
 10
48.94
 20
32.649
 10
48.941
 20
32.632
 10
48.943
 20
32.616
 10
48.944
 20
32.6
 97
0
 75
0
 76
1
 98
0
  0
HATCH
  5
5C
330
17
100
AcDbEntity
  8
RASTER
 62
7
100
AcDbHatch
 10
0.0
 20
0.0
 30
0.0
210
0.0
220
0.0
230
1.0
  2
SOLID
 70
1
 71
0
 91
2
 92
3
 72
0
 73
1
 93
103
 10
49.578
 20
31.976
 10
49.401
 20
31.976
 10
49.401
 20
33.817
 10
49.578
 20
33.817
 10
49.578
 20
33.606
 10
49.586
 20
33.606
 10
49.606
 20
33.635
 10
49.627
 20
33.662
 10
49.65
 20
33.688
 10
49.674
 20
33.711
 10
49.7
 20
33.733
 10
49.728
 20
33.753
 10
49.757
 20
33.771
 10
49.787
 20
33.787
 10
49.819
 20
33.801
 10
49.851
 20
33.814
 10
49.883
 20
33.824
 10
49.915
 20
33.833
 10
49.947
 20
33.839
 10
49.979
 20
33.844
 10
50.011
 20
33.847
 10
50.044
 20
33.848
 10
50.079
 20
33.847
 10
50.113
 20
33.845
 10
50.147
 20
33.841
 10
50.18
 20
33.836
 10
50.212
 20
33.829
 10
50.243
 20
33.82
 10
50.273
 20
33.81
 10
50.302
 20
33.799
 10
50.331
 20
33.786
 10
50.358
 20
33.772
 10
50.384
 20
33.756
 10
50.41
 20
33.74
 10
50.434
 20
33.723
 10
50.457
 20
33.704
 10
50.479
 20
33.684
 10
50.5
 20
33.663
 10
50.52
 20
33.641
 10
50.539
 20
33.619
 10
50.556
 20
33.595
 10
50.573
 20
33.57
 10
50.588
 20
33.544
 10
50.602
 20
33.517
 10
50.615
 20
33.489
 10
50.627
 20
33.461
 10
50.638
 20
33.431
 10
50.647
 20
33.401
 10
50.655
 20
33.37
 10
50.661
 20
33.339
 10
50.666
 20
33.307
 10
50.67
 20
33.275
 10
50.672
 20
33.242
 10
50.673
 20
33.208
 10
50.672
 20
33.175
 10
50.67
 20
33.142
 10
50.666
 20
33.11
 10
50.661
 20
33.078
 10
50.655
 20
33.047
 10
50.647
 20
33.016
 10
50.638
 20
32.986
 10
50.627
 20
32.956
 10
50.615
 20
32.927
 10
50.602
 20
32.9
 10
50.588
 20
32.873
 10
50.573
 20
32.847
 10
50.556
 20
32.822
 10
50.539
 20
32.798
 10
50.52
 20
32.775
 10
50.5
 20
32.753
 10
50.479
 20
32.733
 10
50.457
 20
32.713
 10
50.434
 20
32.694
 10
50.41
 20
32.677
 10
50.384
 20
32.66
 10
50.358
 20
32.645
 10
50.331
 20
32.631
 10
50.302
 20
32.618
 10
50.273
 20
32.607
 10
50.243
 20
32.597
 10
50.212
 20
32.588
 10
50.18
 20
32.581
 10
50.147
 20
32.576
 10
50.113
 20
32.572
 10
50.079
 20
32.57
 10
50.044
 20
32.569
 10
50.011
 20
32.57
 10
49.979
 20
32.573
 10
49.947
 20
32.577
 10
49.915
 20
32.584
 10
49.883
 20
32.593
 10
49.851
 20
32.603
 10
49.819
 20
32.616
 10
49.787
 20
32.63
 10
49.757
 20
32.646
 10
49.728
 20
32.664
 10
49.7
 20
32.683
 10
49.674
 20
32.704
 10
49.65
 20
32.727
 10
49.627
 20
32.752
 10
49.606
 20
32.778
 10
49.586
 20
32.805
 10
49.578
 20
32.805
 97
0
 92
3
 72
0
 73
1
 93
129
 10
50.486
 20
33.208
 10
50.485
 20
33.234
 10
50.484
 20
33.258
 10
50.481
 20
33.283
 10
50.478
 20
33.307
 10
50.473
 20
33.331
 10
50.468
 20
33.354
 10
50.462
 20
33.377
 10
50.454
 20
33.399
 10
50.446
 20
33.422
 10
50.437
 20
33.443
 10
50.427
 20
33.463
 10
50.416
 20
33.483
 10
50.405
 20
33.502
 10
50.392
 20
33.521
 10
50.379
 20
33.539
 10
50.365
 20
33.555
 10
50.35
 20
33.572
 10
50.334
 20
33.587
 10
50.317
 20
33.601
 10
50.299
 20
33.615
 10
50.281
 20
33.628
 10
50.262
 20
33.64
 10
50.241
 20
33.651
 10
50.22
 20
33.661
 10
50.199
 20
33.67
 10
50.176
 20
33.678
 10
50.153
 20
33.685
 10
50.129
 20
33.69
 10
50.104
 20
33.694
 10
50.079
 20
33.697
 10
50.052
 20
33.699
 10
50.025
 20
33.7
 10
50.0
 20
33.699
 10
49.976
 20
33.697
 10
49.952
 20
33.694
 10
49.928
 20
33.69
 10
49.905
 20
33.685
 10
49.882
 20
33.679
 10
49.86
 20
33.671
 10
49.838
 20
33.662
 10
49.817
 20
33.652
 10
49.797
 20
33.641
 10
49.777
 20
33.63
 10
49.758
 20
33.617
 10
49.74
 20
33.604
 10
49.723
 20
33.589
 10
49.706
 20
33.574
 10
49.69
 20
33.558
 10
49.675
 20
33.541
 10
49.661
 20
33.523
 10
49.647
 20
33.505
 10
49.634
 20
33.486
 10
49.623
 20
33.466
 10
49.612
 20
33.445
 10
49.602
 20
33.424
 10
49.592
 20
33.402
 10
49.584
 20
33.379
 10
49.577
 20
33.356
 10
49.571
 20
33.333
 10
49.566
 20
33.309
 10
49.562
 20
33.284
 10
49.56
 20
33.26
 10
49.558
 20
33.234
 10
49.557
 20
33.208
 10
49.558
 20
33.183
 10
49.56
 20
33.157
 10
49.562
 20
33.132
 10
49.566
 20
33.108
 10
49.571
 20
33.084
 10
49.577
 20
33.06
 10
49.584
 20
33.037
 10
49.592
 20
33.015
 10
49.602
 20
32.993
 10
49.612
 20
32.971
 10
49.623
 20
32.951
 10
49.634
 20
32.931
 10
49.647
 20
32.912
 10
49.661
 20
32.894
 10
49.675
 20
32.877
 10
49.69
 20
32.86
 10
49.706
 20
32.844
 10
49.723
 20
32.829
 10
49.74
 20
32.815
 10
49.758
 20
32.802
 10
49.777
 20
32.789
 10
49.797
 20
32.778
 10
49.817
 20
32.767
 10
49.838
 20
32.757
 10
49.86
 20
32.748
 10
49.882
 20
32.741
 10
49.905
 20
32.734
 10
49.928
 20
32.729
 10
49.952
 20
32.725
 10
49.976
 20
32.722
 10
50.0
 20
32.72
 10
50.025
 20
32.72
 10
50.052
 20
32.72
 10
50.079
 20
32.722
 10
50.104
 20
32.725
 10
50.129
 20
32.729
 10
50.153
 20
32.734
 10
50.176
 20
32.741
 10
50.199
 20
32.748
 10
50.22
 20
32.757
 10
50.241
 20
32.767
 10
50.262
 20
32.778
 10
50.281
 20
32.79
 10
50.299
 20
32.802
 10
50.317
 20
32.816
 10
50.334
 20
32.83
 10
50.35
 20
32.845
 10
50.365
 20
32.861
 10
50.379
 20
32.878
 10
50.392
 20
32.896
 10
50.405
 20
32.914
 10
50.416
 20
32.933
 10
50.427
 20
32.953
 10
50.437
 20
32.974
 10
50.446
 20
32.995
 10
50.454
 20
33.017
 10
50.462
 20
33.04
 10
50.468
 20
33.063
 10
50.473
 20
33.086
 10
50.478
 20
33.11
 10
50.481
 20
33.134
 10
50.484
 20
33.158
 10
50.485
 20
33.183
 10
50.486
 20
33.208
 97
0
 75
0
 76
1
 98
0
  0
HATCH
  5
5D
330
17
100
AcDbEntity
  8
RASTER
 62
7
100
AcDbHatch
 10
0.0
 20
0.0
 30
0.0
210
0.0
220
0.0
230
1.0
  2
SOLID
 70
1
 71
0
 91
1
 92
3
 72
0
 73
1
 93
16
 10
51.076
 20
33.817
 10
51.37
 20
32.829
 10
51.375
 20
32.829
 10
51.702
 20
33.817
 10
51.874
 20
33.817
 10
52.207
 20
32.829
 10
52.212
 20
32.829
 10
52.503
 20
33.817
 10
52.69
 20
33.817
 10
52.306
 20
32.6
 10
52.113
 20
32.6
 10
51.788
 20
33.585
 10
51.783
 20
33.585
 10
51.463
 20
32.6
 10
51.271
 20
32.6
 10
50.886
 20
33.817
 97
0
 75
0
 76
1
 98
0
  0
HATCH
  5
5E
330
17
100
AcDbEntity
  8
RASTER
 62
7
100
AcDbHatch
 10
0.0
 20
0.0
 30
0.0
210
0.0
220
0.0
230
1.0
  2
SOLID
 70
1
 71
0
 91
2
 92
3
 72
0
 73
1
 93
4
 10
53.171
 20
32.6
 10
52.995
 20
32.6
 10
52.995
 20
33.817
 10
53.171
 20
33.817
 97
0
 92
3
 72
0
 73
1
 93
65
 10
53.208
 20
34.285
 10
53.207
 20
34.271
 10
53.205
 20
34.259
 10
53.202
 20
34.247
 10
53.198
 20
34.235
 10
53.193
 20
34.224
 10
53.186
 20
34.214
 10
53.178
 20
34.204
 10
53.169
 20
34.195
 10
53.159
 20
34.187
 10
53.149
 20
34.18
 10
53.138
 20
34.174
 10
53.128
 20
34.169
 10
53.117
 20
34.165
 10
53.106
 20
34.162
 10
53.095
 20
34.161
 10
53.083
 20
34.16
 10
53.071
 20
34.161
 10
53.06
 20
34.162
 10
53.049
 20
34.165
 10
53.038
 20
34.169
 10
53.028
 20
34.174
 10
53.017
 20
34.18
 10
53.007
 20
34.187
 10
52.997
 20
34.195
 10
52.988
 20
34.204
 10
52.98
 20
34.214
 10
52.973
 20
34.224
 10
52.968
 20
34.235
 10
52.964
 20
34.247
 10
52.961
 20
34.259
 10
52.959
 20
34.271
 10
52.958
 20
34.285
 10
52.959
 20
34.298
 10
52.961
 20
34.311
 10
52.964
 20
34.323
 10
52.968
 20
34.335
 10
52.973
 20
34.345
 10
52.98
 20
34.356
 10
52.988
 20
34.365
 10
52.997
 20
34.375
 10
53.007
 20
34.383
 10
53.017
 20
34.39
 10
53.028
 20
34.396
 10
53.038
 20
34.401
 10
53.049
 20
34.405
 10
53.06
 20
34.407
 10
53.071
 20
34.409
 10
53.083
 20
34.41
 10
53.095
 20
34.409
 10
53.106
 20
34.407
 10
53.117
 20
34.405
 10
53.128
 20
34.401
 10
53.138
 20
34.396
 10
53.149
 20
34.39
 10
53.159
 20
34.383
 10
53.169
 20
34.375
 10
53.178
 20
34.365
 10
53.186
 20
34.356
 10
53.193
 20
34.345
 10
53.198
 20
34.335
 10
53.202
 20
34.323
 10
53.205
 20
34.311
 10
53.207
 20
34.298
 10
53.208
 20
34.285
 97
0
 75
0
 76
1
 98
0
  0
HATCH
  5
5F
330
17
100
AcDbEntity
  8
RASTER
 62
7
100
AcDbHatch
 10
0.0
 20
0.0
 30
0.0
210
0.0
220
0.0
230
1.0
  2
SOLID
 70
1
 71
0
 91
1
 92
3
 72
0
 73
1
 93
136
 10
53.801
 20
33.817
 10
53.802
 20
33.804
 10
53.803
 20
33.791
 10
53.804
 20
33.778
 10
53.805
 20
33.765
 10
53.806
 20
33.751
 10
53.807
 20
33.737
 10
53.808
 20
33.722
 10
53.808
 20
33.708
 10
53.809
 20
33.693
 10
53.81
 20
33.679
 10
53.81
 20
33.666
 10
53.81
 20
33.653
 10
53.811
 20
33.641
 10
53.811
 20
33.63
 10
53.811
 20
33.619
 10
53.811
 20
33.609
 10
53.816
 20
33.609
 10
53.83
 20
33.635
 10
53.846
 20
33.66
 10
53.864
 20
33.683
 10
53.884
 20
33.705
 10
53.907
 20
33.726
 10
53.931
 20
33.746
 10
53.957
 20
33.764
 10
53.985
 20
33.782
 10
54.015
 20
33.797
 10
54.045
 20
33.811
 10
54.075
 20
33.822
 10
54.105
 20
33.831
 10
54.137
 20
33.839
 10
54.168
 20
33.844
 10
54.2
 20
33.847
 10
54.232
 20
33.848
 10
54.288
 20
33.846
 10
54.341
 20
33.839
 10
54.389
 20
33.829
 10
54.435
 20
33.814
 10
54.476
 20
33.794
 10
54.514
 20
33.77
 10
54.549
 20
33.742
 10
54.579
 20
33.71
 10
54.606
 20
33.674
 10
54.63
 20
33.636
 10
54.65
 20
33.594
 10
54.666
 20
33.55
 10
54.679
 20
33.503
 10
54.688
 20
33.454
 10
54.693
 20
33.401
 10
54.695
 20
33.346
 10
54.695
 20
32.6
 10
54.518
 20
32.6
 10
54.518
 20
33.273
 10
54.518
 20
33.297
 10
54.517
 20
33.32
 10
54.516
 20
33.343
 10
54.514
 20
33.365
 10
54.512
 20
33.387
 10
54.509
 20
33.407
 10
54.506
 20
33.428
 10
54.503
 20
33.448
 10
54.498
 20
33.467
 10
54.493
 20
33.485
 10
54.488
 20
33.503
 10
54.481
 20
33.52
 10
54.474
 20
33.536
 10
54.467
 20
33.552
 10
54.458
 20
33.567
 10
54.449
 20
33.582
 10
54.439
 20
33.595
 10
54.429
 20
33.608
 10
54.417
 20
33.62
 10
54.405
 20
33.631
 10
54.392
 20
33.642
 10
54.378
 20
33.651
 10
54.363
 20
33.66
 10
54.348
 20
33.669
 10
54.331
 20
33.676
 10
54.314
 20
33.682
 10
54.296
 20
33.688
 10
54.276
 20
33.692
 10
54.256
 20
33.695
 10
54.234
 20
33.698
 10
54.212
 20
33.699
 10
54.188
 20
33.7
 10
54.171
 20
33.699
 10
54.153
 20
33.698
 10
54.136
 20
33.696
 10
54.119
 20
33.693
 10
54.102
 20
33.689
 10
54.085
 20
33.684
 10
54.068
 20
33.678
 10
54.052
 20
33.671
 10
54.035
 20
33.664
 10
54.019
 20
33.655
 10
54.004
 20
33.646
 10
53.989
 20
33.635
 10
53.974
 20
33.624
 10
53.96
 20
33.611
 10
53.946
 20
33.598
 10
53.933
 20
33.584
 10
53.921
 20
33.569
 10
53.909
 20
33.553
 10
53.897
 20
33.536
 10
53.886
 20
33.518
 10
53.876
 20
33.499
 10
53.867
 20
33.479
 10
53.858
 20
33.458
 10
53.85
 20
33.436
 10
53.843
 20
33.413
 10
53.836
 20
33.389
 10
53.831
 20
33.364
 10
53.827
 20
33.338
 10
53.823
 20
33.311
 10
53.821
 20
33.283
 10
53.819
 20
33.254
 10
53.819
 20
33.224
 10
53.819
 20
32.6
 10
53.642
 20
32.6
 10
53.642
 20
33.549
 10
53.642
 20
33.562
 10
53.642
 20
33.575
 10
53.642
 20
33.59
 10
53.641
 20
33.606
 10
53.641
 20
33.622
 10
53.641
 20
33.639
 10
53.64
 20
33.657
 10
53.639
 20
33.676
 10
53.639
 20
33.696
 10
53.638
 20
33.714
 10
53.637
 20
33.733
 10
53.636
 20
33.751
 10
53.635
 20
33.768
 10
53.634
 20
33.785
 10
53.633
 20
33.801
 10
53.632
 20
33.817
 97
0
 75
0
 76
1
 98
0
  0
HATCH
  5
60
330
17
100
AcDbEntity
  8
RASTER
 62
7
100
AcDbHatch
 10
0.0
 20
0.0
 30
0.0
210
0.0
220
0.0
230
1.0
  2
SOLID
 70
1
 71
0
 91
2
 92
3
 72
0
 73
1
 93
103
 10
56.154
 20
32.805
 10
56.133
 20
32.777
 10
56.112
 20
32.75
 10
56.089
 20
32.726
 10
56.064
 20
32.703
 10
56.038
 20
32.681
 10
56.01
 20
32.662
 10
55.981
 20
32.644
 10
55.951
 20
32.629
 10
55.919
 20
32.615
 10
55.888
 20
32.602
 10
55.856
 20
32.592
 10
55.824
 20
32.584
 10
55.792
 20
32.577
 10
55.759
 20
32.573
 10
55.726
 20
32.57
 10
55.693
 20
32.569
 10
55.658
 20
32.57
 10
55.624
 20
32.572
 10
55.59
 20
32.576
 10
55.557
 20
32.581
 10
55.525
 20
32.588
 10
55.494
 20
32.597
 10
55.464
 20
32.607
 10
55.435
 20
32.618
 10
55.406
 20
32.631
 10
55.379
 20
32.645
 10
55.353
 20
32.66
 10
55.327
 20
32.677
 10
55.303
 20
32.694
 10
55.28
 20
32.713
 10
55.258
 20
32.733
 10
55.237
 20
32.753
 10
55.217
 20
32.775
 10
55.198
 20
32.798
 10
55.181
 20
32.822
 10
55.164
 20
32.847
 10
55.149
 20
32.873
 10
55.135
 20
32.9
 10
55.122
 20
32.927
 10
55.11
 20
32.956
 10
55.099
 20
32.986
 10
55.09
 20
33.016
 10
55.082
 20
33.047
 10
55.076
 20
33.078
 10
55.071
 20
33.11
 10
55.067
 20
33.142
 10
55.065
 20
33.175
 10
55.064
 20
33.208
 10
55.065
 20
33.242
 10
55.067
 20
33.275
 10
55.071
 20
33.307
 10
55.076
 20
33.339
 10
55.082
 20
33.37
 10
55.09
 20
33.401
 10
55.099
 20
33.431
 10
55.11
 20
33.461
 10
55.122
 20
33.489
 10
55.135
 20
33.517
 10
55.149
 20
33.544
 10
55.164
 20
33.57
 10
55.181
 20
33.595
 10
55.198
 20
33.619
 10
55.217
 20
33.641
 10
55.237
 20
33.663
 10
55.258
 20
33.684
 10
55.28
 20
33.704
 10
55.303
 20
33.723
 10
55.327
 20
33.74
 10
55.353
 20
33.756
 10
55.379
 20
33.772
 10
55.406
 20
33.786
 10
55.435
 20
33.799
 10
55.464
 20
33.81
 10
55.494
 20
33.82
 10
55.525
 20
33.829
 10
55.557
 20
33.836
 10
55.59
 20
33.841
 10
55.624
 20
33.845
 10
55.658
 20
33.847
 10
55.693
 20
33.848
 10
55.726
 20
33.847
 10
55.759
 20
33.844
 10
55.792
 20
33.839
 10
55.824
 20
33.833
 10
55.856
 20
33.824
 10
55.888
 20
33.814
 10
55.919
 20
33.801
 10
55.951
 20
33.787
 10
55.981
 20
33.771
 10
56.01
 20
33.753
 10
56.038
 20
33.733
 10
56.064
 20
33.711
 10
56.089
 20
33.688
 10
56.112
 20
33.662
 10
56.133
 20
33.635
 10
56.154
 20
33.606
 10
56.159
 20
33.606
 10
56.159
 20
34.566
 10
56.336
 20
34.566
 10
56.336
 20
32.6
 10
56.159
 20
32.6
 10
56.159
 20
32.805
 97
0
 92
3
 72
0
 73
1
 93
129
 10
55.251
 20
33.208
 10
55.252
 20
33.183
 10
55.253
 20
33.158
 10
55.256
 20
33.134
 10
55.259
 20
33.11
 10
55.264
 20
33.086
 10
55.269
 20
33.063
 10
55.275
 20
33.04
 10
55.283
 20
33.017
 10
55.291
 20
32.995
 10
55.3
 20
32.974
 10
55.31
 20
32.953
 10
55.321
 20
32.933
 10
55.332
 20
32.914
 10
55.345
 20
32.896
 10
55.358
 20
32.878
 10
55.372
 20
32.861
 10
55.387
 20
32.845
 10
55.403
 20
32.83
 10
55.42
 20
32.816
 10
55.438
 20
32.802
 10
55.456
 20
32.79
 10
55.475
 20
32.778
 10
55.496
 20
32.767
 10
55.517
 20
32.757
 10
55.538
 20
32.748
 10
55.561
 20
32.741
 10
55.584
 20
32.734
 10
55.608
 20
32.729
 10
55.633
 20
32.725
 10
55.658
 20
32.722
 10
55.685
 20
32.72
 10
55.712
 20
32.72
 10
55.737
 20
32.72
 10
55.761
 20
32.722
 10
55.785
 20
32.725
 10
55.809
 20
32.729
 10
55.832
 20
32.734
 10
55.855
 20
32.741
 10
55.877
 20
32.748
 10
55.899
 20
32.757
 10
55.92
 20
32.767
 10
55.94
 20
32.778
 10
55.96
 20
32.789
 10
55.979
 20
32.802
 10
55.997
 20
32.815
 10
56.014
 20
32.829
 10
56.031
 20
32.844
 10
56.047
 20
32.86
 10
56.062
 20
32.877
 10
56.076
 20
32.894
 10
56.09
 20
32.912
 10
56.103
 20
32.931
 10
56.114
 20
32.951
 10
56.125
 20
32.971
 10
56.135
 20
32.993
 10
56.144
 20
33.015
 10
56.153
 20
33.037
 10
56.16
 20
33.06
 10
56.166
 20
33.084
 10
56.171
 20
33.108
 10
56.175
 20
33.132
 10
56.177
 20
33.157
 10
56.179
 20
33.183
 10
56.18
 20
33.208
 10
56.179
 20
33.234
 10
56.177
 20
33.26
 10
56.175
 20
33.284
 10
56.171
 20
33.309
 10
56.166
 20
33.333
 10
56.16
 20
33.356
 10
56.153
 20
33.379
 10
56.144
 20
33.402
 10
56.135
 20
33.424
 10
56.125
 20
33.445
 10
56.114
 20
33.466
 10
56.103
 20
33.486
 10
56.09
 20
33.505
 10
56.076
 20
33.523
 10
56.062
 20
33.541
 10
56.047
 20
33.558
 10
56.031
 20
33.574
 10
56.014
 20
33.589
 10
55.997
 20
33.604
 10
55.979
 20
33.617
 10
55.96
 20
33.63
 10
55.94
 20
33.641
 10
55.92
 20
33.652
 10
55.899
 20
33.662
 10
55.877
 20
33.671
 10
55.855
 20
33.679
 10
55.832
 20
33.685
 10
55.809
 20
33.69
 10
55.785
 20
33.694
 10
55.761
 20
33.697
 10
55.737
 20
33.699
 10
55.712
 20
33.7
 10
55.685
 20
33.699
 10
55.658
 20
33.697
 10
55.633
 20
33.694
 10
55.608
 20
33.69
 10
55.584
 20
33.685
 10
55.561
 20
33.678
 10
55.538
 20
33.67
 10
55.517
 20
33.661
 10
55.496
 20
33.651
 10
55.475
 20
33.64
 10
55.456
 20
33.628
 10
55.438
 20
33.615
 10
55.42
 20
33.601
 10
55.403
 20
33.587
 10
55.387
 20
33.572
 10
55.372
 20
33.555
 10
55.358
 20
33.539
 10
55.345
 20
33.521
 10
55.332
 20
33.502
 10
55.321
 20
33.483
 10
55.31
 20
33.463
 10
55.3
 20
33.443
 10
55.291
 20
33.422
 10
55.283
 20
33.399
 10
55.275
 20
33.377
 10
55.269
 20
33.354
 10
55.264
 20
33.331
 10
55.259
 20
33.307
 10
55.256
 20
33.283
 10
55.253
 20
33.258
 10
55.252
 20
33.234
 10
55.251
 20
33.208
 97
0
 75
0
 76
1
 98
0
  0
HATCH
  5
61
330
17
100
AcDbEntity
  8
RASTER
 62
7
100
AcDbHatch
 10
0.0
 20
0.0
 30
0.0
210
0.0
220
0.0
230
1.0
  2
SOLID
 70
1
 71
0
 91
2
 92
3
 72
0
 73
1
 93
67
 10
9.203
 20
29.641
 10
9.855
 20
29.641
 10
9.9
 20
29.64
 10
9.945
 20
29.638
 10
9.99
 20
29.634
 10
10.035
 20
29.629
 10
10.081
 20
29.623
 10
10.126
 20
29.614
 10
10.171
 20
29.605
 10
10.217
 20
29.594
 10
10.262
 20
29.581
 10
10.306
 20
29.567
 10
10.348
 20
29.55
 10
10.39
 20
29.532
 10
10.43
 20
29.512
 10
10.469
 20
29.489
 10
10.507
 20
29.465
 10
10.544
 20
29.439
 10
10.58
 20
29.411
 10
10.614
 20
29.381
 10
10.646
 20
29.349
 10
10.676
 20
29.314
 10
10.705
 20
29.278
 10
10.732
 20
29.239
 10
10.757
 20
29.199
 10
10.781
 20
29.156
 10
10.802
 20
29.111
 10
10.821
 20
29.063
 10
10.836
 20
29.012
 10
10.849
 20
28.959
 10
10.859
 20
28.904
 10
10.866
 20
28.845
 10
10.871
 20
28.784
 10
10.872
 20
28.72
 10
10.871
 20
28.661
 10
10.866
 20
28.604
 10
10.859
 20
28.549
 10
10.849
 20
28.496
 10
10.836
 20
28.445
 10
10.821
 20
28.396
 10
10.802
 20
28.349
 10
10.781
 20
28.304
 10
10.757
 20
28.262
 10
10.732
 20
28.221
 10
10.705
 20
28.183
 10
10.676
 20
28.146
 10
10.646
 20
28.111
 10
10.614
 20
28.078
 10
10.58
 20
28.047
 10
10.544
 20
28.018
 10
10.507
 20
27.991
 10
10.469
 20
27.966
 10
10.43
 20
27.943
 10
10.39
 20
27.921
 10
10.348
 20
27.902
 10
10.306
 20
27.884
 10
10.262
 20
27.868
 10
10.217
 20
27.853
 10
10.171
 20
27.841
 10
10.126
 20
27.83
 10
10.081
 20
27.821
 10
10.035
 20
27.813
 10
9.99
 20
27.807
 10
9.945
 20
27.803
 10
9.9
 20
27.801
 10
9.855
 20
27.8
 10
9.203
 20
27.8
 97
0
 92
3
 72
0
 73
1
 93
67
 10
9.803
 20
28.086
 10
9.835
 20
28.086
 10
9.867
 20
28.088
 10
9.899
 20
28.09
 10
9.931
 20
28.093
 10
9.963
 20
28.098
 10
9.995
 20
28.103
 10
10.026
 20
28.109
 10
10.058
 20
28.116
 10
10.09
 20
28.124
 10
10.12
 20
28.133
 10
10.15
 20
28.144
 10
10.179
 20
28.156
 10
10.208
 20
28.17
 10
10.235
 20
28.184
 10
10.262
 20
28.2
 10
10.288
 20
28.217
 10
10.313
 20
28.236
 10
10.337
 20
28.256
 10
10.36
 20
28.278
 10
10.382
 20
28.301
 10
10.402
 20
28.326
 10
10.421
 20
28.353
 10
10.439
 20
28.381
 10
10.456
 20
28.411
 10
10.471
 20
28.443
 10
10.484
 20
28.476
 10
10.496
 20
28.512
 10
10.505
 20
28.549
 10
10.512
 20
28.589
 10
10.517
 20
28.631
 10
10.52
 20
28.675
 10
10.521
 20
28.72
 10
10.52
 20
28.769
 10
10.517
 20
28.815
 10
10.512
 20
28.858
 10
10.505
 20
28.9
 10
10.496
 20
28.939
 10
10.484
 20
28.976
 10
10.471
 20
29.01
 10
10.456
 20
29.043
 10
10.439
 20
29.073
 10
10.421
 20
29.102
 10
10.402
 20
29.129
 10
10.382
 20
29.154
 10
10.36
 20
29.177
 10
10.337
 20
29.199
 10
10.313
 20
29.219
 10
10.288
 20
29.238
 10
10.262
 20
29.255
 10
10.235
 20
29.27
 10
10.208
 20
29.284
 10
10.179
 20
29.297
 10
10.15
 20
29.308
 10
10.12
 20
29.318
 10
10.09
 20
29.327
 10
10.058
 20
29.334
 10
10.026
 20
29.34
 10
9.995
 20
29.345
 10
9.963
 20
29.35
 10
9.931
 20
29.353
 10
9.899
 20
29.356
 10
9.867
 20
29.358
 10
9.835
 20
29.36
 10
9.803
 20
29.36
 10
9.53
 20
29.36
 10
9.53
 20
28.086
 97
0
 75
0
 76
1
 98
0
  0
HATCH
  5
62
330
17
100
AcDbEntity
  8
RASTER
 62
7
100
AcDbHatch
 10
0.0
 20
0.0
 30
0.0
210
0.0
220
0.0
230
1.0
  2
SOLID
 70
1
 71
0
 91
2
 92
3
 72
0
 73
1
 93
129
 10
11.101
 20
28.429
 10
11.102
 20
28.466
 10
11.104
 20
28.502
 10
11.108
 20
28.537
 10
11.114
 20
28.571
 10
11.122
 20
28.604
 10
11.131
 20
28.636
 10
11.142
 20
28.668
 10
11.154
 20
28.698
 10
11.168
 20
28.728
 10
11.183
 20
28.757
 10
11.199
 20
28.784
 10
11.217
 20
28.81
 10
11.235
 20
28.836
 10
11.255
 20
28.86
 10
11.276
 20
28.883
 10
11.298
 20
28.905
 10
11.322
 20
28.926
 10
11.346
 20
28.945
 10
11.371
 20
28.964
 10
11.398
 20
28.981
 10
11.425
 20
28.997
 10
11.454
 20
29.012
 10
11.484
 20
29.025
 10
11.514
 20
29.038
 10
11.546
 20
29.049
 10
11.578
 20
29.058
 10
11.61
 20
29.066
 10
11.643
 20
29.073
 10
11.676
 20
29.078
 10
11.71
 20
29.081
 10
11.745
 20
29.084
 10
11.779
 20
29.084
 10
11.814
 20
29.084
 10
11.849
 20
29.081
 10
11.883
 20
29.078
 10
11.916
 20
29.073
 10
11.949
 20
29.066
 10
11.981
 20
29.058
 10
12.013
 20
29.049
 10
12.045
 20
29.038
 10
12.075
 20
29.025
 10
12.105
 20
29.012
 10
12.133
 20
28.997
 10
12.161
 20
28.981
 10
12.187
 20
28.964
 10
12.213
 20
28.945
 10
12.237
 20
28.926
 10
12.26
 20
28.905
 10
12.283
 20
28.883
 10
12.304
 20
28.86
 10
12.323
 20
28.836
 10
12.342
 20
28.81
 10
12.359
 20
28.784
 10
12.376
 20
28.757
 10
12.391
 20
28.728
 10
12.405
 20
28.698
 10
12.417
 20
28.668
 10
12.428
 20
28.636
 10
12.437
 20
28.604
 10
12.445
 20
28.571
 10
12.451
 20
28.537
 10
12.455
 20
28.502
 10
12.457
 20
28.466
 10
12.458
 20
28.429
 10
12.457
 20
28.393
 10
12.455
 20
28.357
 10
12.451
 20
28.322
 10
12.445
 20
28.287
 10
12.437
 20
28.254
 10
12.428
 20
28.222
 10
12.417
 20
28.19
 10
12.405
 20
28.159
 10
12.391
 20
28.129
 10
12.376
 20
28.1
 10
12.359
 20
28.072
 10
12.342
 20
28.045
 10
12.323
 20
28.02
 10
12.304
 20
27.995
 10
12.283
 20
27.972
 10
12.26
 20
27.949
 10
12.237
 20
27.928
 10
12.213
 20
27.908
 10
12.187
 20
27.889
 10
12.161
 20
27.872
 10
12.133
 20
27.855
 10
12.105
 20
27.84
 10
12.075
 20
27.826
 10
12.045
 20
27.813
 10
12.013
 20
27.801
 10
11.981
 20
27.791
 10
11.949
 20
27.783
 10
11.916
 20
27.776
 10
11.883
 20
27.771
 10
11.849
 20
27.767
 10
11.814
 20
27.764
 10
11.779
 20
27.764
 10
11.745
 20
27.764
 10
11.71
 20
27.767
 10
11.676
 20
27.771
 10
11.643
 20
27.776
 10
11.61
 20
27.783
 10
11.578
 20
27.791
 10
11.546
 20
27.801
 10
11.514
 20
27.813
 10
11.484
 20
27.826
 10
11.454
 20
27.84
 10
11.425
 20
27.855
 10
11.398
 20
27.872
 10
11.371
 20
27.889
 10
11.346
 20
27.908
 10
11.322
 20
27.928
 10
11.298
 20
27.949
 10
11.276
 20
27.972
 10
11.255
 20
27.995
 10
11.235
 20
28.02
 10
11.217
 20
28.045
 10
11.199
 20
28.072
 10
11.183
 20
28.1
 10
11.168
 20
28.129
 10
11.154
 20
28.159
 10
11.142
 20
28.19
 10
11.131
 20
28.222
 10
11.122
 20
28.254
 10
11.114
 20
28.287
 10
11.108
 20
28.322
 10
11.104
 20
28.357
 10
11.102
 20
28.393
 10
11.101
 20
28.429
 97
0
 92
3
 72
0
 73
1
 93
129
 10
11.418
 20
28.429
 10
11.418
 20
28.411
 10
11.419
 20
28.393
 10
11.421
 20
28.375
 10
11.424
 20
28.356
 10
11.427
 20
28.338
 10
11.43
 20
28.32
 10
11.435
 20
28.302
 10
11.44
 20
28.284
 10
11.446
 20
28.266
 10
11.453
 20
28.248
 10
11.46
 20
28.231
 10
11.468
 20
28.215
 10
11.476
 20
28.199
 10
11.486
 20
28.183
 10
11.496
 20
28.168
 10
11.506
 20
28.154
 10
11.518
 20
28.14
 10
11.53
 20
28.126
 10
11.543
 20
28.114
 10
11.556
 20
28.102
 10
11.571
 20
28.09
 10
11.586
 20
28.08
 10
11.602
 20
28.069
 10
11.618
 20
28.06
 10
11.636
 20
28.051
 10
11.654
 20
28.044
 10
11.673
 20
28.038
 10
11.692
 20
28.033
 10
11.713
 20
28.029
 10
11.734
 20
28.026
 10
11.756
 20
28.024
 10
11.779
 20
28.024
 10
11.802
 20
28.024
 10
11.825
 20
28.026
 10
11.846
 20
28.029
 10
11.867
 20
28.033
 10
11.886
 20
28.038
 10
11.905
 20
28.044
 10
11.923
 20
28.051
 10
11.941
 20
28.06
 10
11.957
 20
28.069
 10
11.973
 20
28.079
 10
11.988
 20
28.09
 10
12.002
 20
28.102
 10
12.016
 20
28.114
 10
12.029
 20
28.126
 10
12.041
 20
28.14
 10
12.052
 20
28.154
 10
12.063
 20
28.168
 10
12.073
 20
28.183
 10
12.082
 20
28.199
 10
12.091
 20
28.215
 10
12.099
 20
28.231
 10
12.106
 20
28.248
 10
12.113
 20
28.266
 10
12.119
 20
28.284
 10
12.124
 20
28.302
 10
12.128
 20
28.32
 10
12.132
 20
28.338
 10
12.135
 20
28.356
 10
12.138
 20
28.375
 10
12.139
 20
28.393
 10
12.14
 20
28.411
 10
12.141
 20
28.429
 10
12.14
 20
28.447
 10
12.139
 20
28.466
 10
12.138
 20
28.484
 10
12.135
 20
28.502
 10
12.132
 20
28.52
 10
12.128
 20
28.538
 10
12.124
 20
28.556
 10
12.119
 20
28.573
 10
12.113
 20
28.591
 10
12.106
 20
28.608
 10
12.099
 20
28.625
 10
12.091
 20
28.641
 10
12.082
 20
28.657
 10
12.073
 20
28.673
 10
12.063
 20
28.688
 10
12.052
 20
28.702
 10
12.041
 20
28.716
 10
12.029
 20
28.729
 10
12.016
 20
28.742
 10
12.002
 20
28.754
 10
11.988
 20
28.765
 10
11.973
 20
28.776
 10
11.957
 20
28.785
 10
11.941
 20
28.794
 10
11.923
 20
28.803
 10
11.905
 20
28.81
 10
11.886
 20
28.816
 10
11.867
 20
28.821
 10
11.846
 20
28.825
 10
11.825
 20
28.827
 10
11.802
 20
28.829
 10
11.779
 20
28.83
 10
11.756
 20
28.829
 10
11.734
 20
28.827
 10
11.713
 20
28.825
 10
11.692
 20
28.821
 10
11.673
 20
28.816
 10
11.654
 20
28.81
 10
11.636
 20
28.803
 10
11.618
 20
28.794
 10
11.602
 20
28.785
 10
11.586
 20
28.776
 10
11.571
 20
28.765
 10
11.556
 20
28.754
 10
11.543
 20
28.742
 10
11.53
 20
28.729
 10
11.518
 20
28.716
 10
11.506
 20
28.702
 10
11.496
 20
28.688
 10
11.486
 20
28.673
 10
11.476
 20
28.657
 10
11.468
 20
28.641
 10
11.46
 20
28.625
 10
11.453
 20
28.608
 10
11.446
 20
28.591
 10
11.44
 20
28.573
 10
11.435
 20
28.556
 10
11.43
 20
28.538
 10
11.427
 20
28.52
 10
11.424
 20
28.502
 10
11.421
 20
28.484
 10
11.419
 20
28.466
 10
11.418
 20
28.447
 10
11.418
 20
28.429
 97
0
 75
0
 76
1
 98
0
  0
HATCH
  5
63
330
17
100
AcDbEntity
  8
RASTER
 62
7
100
AcDbHatch
 10
0.0
 20
0.0
 30
0.0
210
0.0
220
0.0
230
1.0
  2
SOLID
 70
1
 71
0
 91
1
 92
3
 72
0
 73
1
 93
194
 10
13.612
 20
28.702
 10
13.603
 20
28.715
 10
13.592
 20
28.727
 10
13.58
 20
28.739
 10
13.567
 20
28.75
 10
13.553
 20
28.761
 10
13.537
 20
28.771
 10
13.521
 20
28.78
 10
13.503
 20
28.789
 10
13.485
 20
28.798
 10
13.467
 20
28.805
 10
13.448
 20
28.811
 10
13.43
 20
28.816
 10
13.411
 20
28.819
 10
13.393
 20
28.822
 10
13.374
 20
28.824
 10
13.355
 20
28.824
 10
13.334
 20
28.824
 10
13.313
 20
28.822
 10
13.294
 20
28.819
 10
13.274
 20
28.816
 10
13.256
 20
28.811
 10
13.238
 20
28.805
 10
13.221
 20
28.798
 10
13.204
 20
28.789
 10
13.188
 20
28.78
 10
13.173
 20
28.77
 10
13.159
 20
28.76
 10
13.145
 20
28.749
 10
13.132
 20
28.737
 10
13.119
 20
28.724
 10
13.107
 20
28.711
 10
13.096
 20
28.697
 10
13.086
 20
28.682
 10
13.076
 20
28.668
 10
13.067
 20
28.652
 10
13.059
 20
28.636
 10
13.051
 20
28.62
 10
13.044
 20
28.603
 10
13.038
 20
28.586
 10
13.033
 20
28.568
 10
13.028
 20
28.55
 10
13.023
 20
28.532
 10
13.02
 20
28.514
 10
13.017
 20
28.496
 10
13.015
 20
28.478
 10
13.013
 20
28.46
 10
13.012
 20
28.442
 10
13.012
 20
28.424
 10
13.012
 20
28.406
 10
13.013
 20
28.388
 10
13.015
 20
28.37
 10
13.017
 20
28.352
 10
13.02
 20
28.334
 10
13.024
 20
28.316
 10
13.029
 20
28.298
 10
13.034
 20
28.28
 10
13.04
 20
28.262
 10
13.046
 20
28.245
 10
13.054
 20
28.228
 10
13.062
 20
28.212
 10
13.07
 20
28.196
 10
13.079
 20
28.18
 10
13.089
 20
28.166
 10
13.1
 20
28.151
 10
13.112
 20
28.137
 10
13.124
 20
28.124
 10
13.136
 20
28.111
 10
13.15
 20
28.099
 10
13.164
 20
28.088
 10
13.179
 20
28.078
 10
13.194
 20
28.068
 10
13.211
 20
28.059
 10
13.228
 20
28.05
 10
13.245
 20
28.043
 10
13.264
 20
28.037
 10
13.283
 20
28.032
 10
13.302
 20
28.029
 10
13.323
 20
28.026
 10
13.344
 20
28.024
 10
13.365
 20
28.024
 10
13.384
 20
28.024
 10
13.402
 20
28.025
 10
13.42
 20
28.028
 10
13.438
 20
28.031
 10
13.456
 20
28.035
 10
13.475
 20
28.04
 10
13.493
 20
28.045
 10
13.511
 20
28.052
 10
13.529
 20
28.06
 10
13.546
 20
28.068
 10
13.562
 20
28.077
 10
13.577
 20
28.087
 10
13.591
 20
28.098
 10
13.604
 20
28.11
 10
13.617
 20
28.122
 10
13.628
 20
28.135
 10
13.823
 20
27.938
 10
13.803
 20
27.918
 10
13.781
 20
27.899
 10
13.758
 20
27.881
 10
13.734
 20
27.864
 10
13.709
 20
27.849
 10
13.682
 20
27.834
 10
13.654
 20
27.821
 10
13.624
 20
27.809
 10
13.594
 20
27.798
 10
13.562
 20
27.789
 10
13.531
 20
27.781
 10
13.498
 20
27.775
 10
13.465
 20
27.77
 10
13.432
 20
27.766
 10
13.398
 20
27.764
 10
13.363
 20
27.764
 10
13.329
 20
27.764
 10
13.295
 20
27.766
 10
13.261
 20
27.77
 10
13.229
 20
27.775
 10
13.196
 20
27.781
 10
13.164
 20
27.788
 10
13.133
 20
27.797
 10
13.102
 20
27.808
 10
13.071
 20
27.819
 10
13.042
 20
27.833
 10
13.013
 20
27.847
 10
12.986
 20
27.862
 10
12.959
 20
27.879
 10
12.934
 20
27.897
 10
12.909
 20
27.917
 10
12.886
 20
27.938
 10
12.863
 20
27.96
 10
12.842
 20
27.983
 10
12.822
 20
28.007
 10
12.803
 20
28.033
 10
12.786
 20
28.059
 10
12.769
 20
28.087
 10
12.754
 20
28.116
 10
12.74
 20
28.146
 10
12.728
 20
28.177
 10
12.717
 20
28.209
 10
12.708
 20
28.242
 10
12.7
 20
28.276
 10
12.694
 20
28.312
 10
12.69
 20
28.348
 10
12.688
 20
28.386
 10
12.687
 20
28.424
 10
12.688
 20
28.461
 10
12.69
 20
28.498
 10
12.694
 20
28.533
 10
12.7
 20
28.568
 10
12.708
 20
28.601
 10
12.717
 20
28.634
 10
12.728
 20
28.666
 10
12.74
 20
28.697
 10
12.754
 20
28.727
 10
12.769
 20
28.756
 10
12.785
 20
28.784
 10
12.803
 20
28.81
 10
12.821
 20
28.836
 10
12.841
 20
28.86
 10
12.862
 20
28.883
 10
12.884
 20
28.905
 10
12.908
 20
28.926
 10
12.932
 20
28.945
 10
12.957
 20
28.964
 10
12.983
 20
28.981
 10
13.01
 20
28.997
 10
13.038
 20
29.012
 10
13.067
 20
29.025
 10
13.096
 20
29.038
 10
13.127
 20
29.049
 10
13.158
 20
29.058
 10
13.189
 20
29.066
 10
13.221
 20
29.073
 10
13.254
 20
29.078
 10
13.287
 20
29.081
 10
13.321
 20
29.084
 10
13.355
 20
29.084
 10
13.389
 20
29.084
 10
13.423
 20
29.081
 10
13.457
 20
29.077
 10
13.491
 20
29.071
 10
13.524
 20
29.064
 10
13.557
 20
29.055
 10
13.589
 20
29.045
 10
13.622
 20
29.032
 10
13.653
 20
29.019
 10
13.683
 20
29.004
 10
13.711
 20
28.988
 10
13.737
 20
28.971
 10
13.762
 20
28.952
 10
13.785
 20
28.932
 10
13.806
 20
28.912
 10
13.826
 20
28.889
 97
0
 75
0
 76
1
 98
0
  0
HATCH
  5
64
330
17
100
AcDbEntity
  8
RASTER
 62
7
100
AcDbHatch
 10
0.0
 20
0.0
 30
0.0
210
0.0
220
0.0
230
1.0
  2
SOLID
 70
1
 71
0
 91
1
 92
3
 72
0
 73
1
 93
13
 10
14.034
 20
29.766
 10
14.346
 20
29.766
 10
14.346
 20
28.523
 10
14.353
 20
28.523
 10
14.827
 20
29.048
 10
15.227
 20
29.048
 10
14.686
 20
28.484
 10
15.261
 20
27.8
 10
14.847
 20
27.8
 10
14.353
 20
28.44
 10
14.346
 20
28.44
 10
14.346
 20
27.8
 10
14.034
 20
27.8
 97
0
 75
0
 76
1
 98
0
  0
HATCH
  5
65
330
17
100
AcDbEntity
  8
RASTER
 62
7
100
AcDbHatch
 10
0.0
 20
0.0
 30
0.0
210
0.0
220
0.0
230
1.0
  2
SOLID
 70
1
 71
0
 91
1
 92
3
 72
0
 73
1
 93
105
 10
16.974
 20
28.817
 10
16.988
 20
28.843
 10
17.003
 20
28.867
 10
17.02
 20
28.89
 10
17.04
 20
28.912
 10
17.061
 20
28.933
 10
17.085
 20
28.952
 10
17.11
 20
28.969
 10
17.138
 20
28.986
 10
17.167
 20
29.0
 10
17.196
 20
29.013
 10
17.226
 20
29.024
 10
17.256
 20
29.032
 10
17.287
 20
29.039
 10
17.318
 20
29.044
 10
17.35
 20
29.047
 10
17.382
 20
29.048
 10
17.438
 20
29.046
 10
17.491
 20
29.039
 10
17.54
 20
29.029
 10
17.585
 20
29.014
 10
17.626
 20
28.994
 10
17.664
 20
28.97
 10
17.699
 20
28.942
 10
17.73
 20
28.91
 10
17.757
 20
28.874
 10
17.78
 20
28.836
 10
17.8
 20
28.794
 10
17.816
 20
28.75
 10
17.829
 20
28.703
 10
17.838
 20
28.654
 10
17.843
 20
28.601
 10
17.845
 20
28.546
 10
17.845
 20
27.8
 10
17.668
 20
27.8
 10
17.668
 20
28.473
 10
17.668
 20
28.497
 10
17.667
 20
28.52
 10
17.666
 20
28.543
 10
17.664
 20
28.565
 10
17.662
 20
28.587
 10
17.66
 20
28.607
 10
17.656
 20
28.628
 10
17.653
 20
28.648
 10
17.649
 20
28.667
 10
17.644
 20
28.685
 10
17.638
 20
28.703
 10
17.632
 20
28.72
 10
17.625
 20
28.736
 10
17.617
 20
28.752
 10
17.609
 20
28.767
 10
17.6
 20
28.781
 10
17.59
 20
28.795
 10
17.579
 20
28.808
 10
17.568
 20
28.82
 10
17.555
 20
28.831
 10
17.542
 20
28.842
 10
17.528
 20
28.851
 10
17.514
 20
28.86
 10
17.498
 20
28.869
 10
17.482
 20
28.876
 10
17.464
 20
28.882
 10
17.446
 20
28.888
 10
17.426
 20
28.892
 10
17.406
 20
28.895
 10
17.384
 20
28.898
 10
17.362
 20
28.899
 10
17.338
 20
28.9
 10
17.321
 20
28.899
 10
17.303
 20
28.898
 10
17.286
 20
28.896
 10
17.269
 20
28.893
 10
17.252
 20
28.889
 10
17.235
 20
28.884
 10
17.218
 20
28.878
 10
17.202
 20
28.871
 10
17.185
 20
28.864
 10
17.169
 20
28.855
 10
17.154
 20
28.846
 10
17.139
 20
28.835
 10
17.124
 20
28.824
 10
17.11
 20
28.811
 10
17.097
 20
28.798
 10
17.083
 20
28.784
 10
17.071
 20
28.769
 10
17.059
 20
28.753
 10
17.047
 20
28.736
 10
17.037
 20
28.718
 10
17.027
 20
28.699
 10
17.017
 20
28.679
 10
17.008
 20
28.658
 10
17.0
 20
28.636
 10
16.993
 20
28.613
 10
16.987
 20
28.589
 10
16.981
 20
28.564
 10
16.977
 20
28.538
 10
16.973
 20
28.511
 10
16.971
 20
28.483
 10
16.969
 20
28.454
 10
16.969
 20
28.424
 10
16.969
 20
27.8
 10
16.792
 20
27.8
 10
16.792
 20
29.766
 10
16.969
 20
29.766
 10
16.969
 20
28.817
 97
0
 75
0
 76
1
 98
0
  0
HATCH
  5
66
330
17
100
AcDbEntity
  8
RASTER
 62
7
100
AcDbHatch
 10
0.0
 20
0.0
 30
0.0
210
0.0
220
0.0
230
1.0
  2
SOLID
 70
1
 71
0
 91
2
 92
3
 72
0
 73
1
 93
49
 10
19.231
 20
28.502
 10
19.228
 20
28.544
 10
19.221
 20
28.584
 10
19.212
 20
28.622
 10
19.199
 20
28.659
 10
19.184
 20
28.694
 10
19.166
 20
28.726
 10
19.145
 20
28.758
 10
19.121
 20
28.787
 10
19.093
 20
28.813
 10
19.064
 20
28.836
 10
19.031
 20
28.856
 10
18.996
 20
28.872
 10
18.958
 20
28.884
 10
18.917
 20
28.893
 10
18.874
 20
28.898
 10
18.828
 20
28.9
 10
18.806
 20
28.899
 10
18.785
 20
28.898
 10
18.764
 20
28.895
 10
18.743
 20
28.892
 10
18.723
 20
28.887
 10
18.703
 20
28.882
 10
18.683
 20
28.875
 10
18.664
 20
28.867
 10
18.646
 20
28.859
 10
18.628
 20
28.85
 10
18.61
 20
28.84
 10
18.593
 20
28.829
 10
18.577
 20
28.818
 10
18.561
 20
28.805
 10
18.546
 20
28.793
 10
18.532
 20
28.779
 10
18.518
 20
28.765
 10
18.504
 20
28.75
 10
18.492
 20
28.735
 10
18.48
 20
28.719
 10
18.469
 20
28.703
 10
18.459
 20
28.686
 10
18.449
 20
28.669
 10
18.441
 20
28.652
 10
18.433
 20
28.634
 10
18.425
 20
28.615
 10
18.419
 20
28.597
 10
18.414
 20
28.578
 10
18.41
 20
28.56
 10
18.406
 20
28.541
 10
18.403
 20
28.521
 10
18.402
 20
28.502
 97
0
 92
3
 72
0
 73
1
 93
179
 10
19.41
 20
28.445
 10
19.41
 20
28.44
 10
19.41
 20
28.436
 10
19.41
 20
28.431
 10
19.41
 20
28.426
 10
19.41
 20
28.421
 10
19.41
 20
28.416
 10
19.41
 20
28.411
 10
19.41
 20
28.406
 10
19.41
 20
28.401
 10
19.41
 20
28.395
 10
19.41
 20
28.39
 10
19.41
 20
28.384
 10
19.409
 20
28.379
 10
19.409
 20
28.373
 10
19.408
 20
28.367
 10
19.408
 20
28.362
 10
18.399
 20
28.362
 10
18.4
 20
28.339
 10
18.402
 20
28.317
 10
18.405
 20
28.295
 10
18.409
 20
28.273
 10
18.414
 20
28.252
 10
18.42
 20
28.231
 10
18.427
 20
28.21
 10
18.435
 20
28.19
 10
18.444
 20
28.17
 10
18.454
 20
28.151
 10
18.464
 20
28.132
 10
18.476
 20
28.115
 10
18.488
 20
28.097
 10
18.501
 20
28.081
 10
18.514
 20
28.065
 10
18.529
 20
28.05
 10
18.544
 20
28.035
 10
18.56
 20
28.021
 10
18.577
 20
28.008
 10
18.594
 20
27.996
 10
18.612
 20
27.984
 10
18.63
 20
27.974
 10
18.65
 20
27.964
 10
18.669
 20
27.955
 10
18.69
 20
27.946
 10
18.711
 20
27.939
 10
18.732
 20
27.933
 10
18.753
 20
27.928
 10
18.775
 20
27.925
 10
18.798
 20
27.922
 10
18.82
 20
27.92
 10
18.844
 20
27.92
 10
18.877
 20
27.921
 10
18.91
 20
27.924
 10
18.942
 20
27.929
 10
18.972
 20
27.936
 10
19.001
 20
27.944
 10
19.029
 20
27.955
 10
19.056
 20
27.968
 10
19.082
 20
27.983
 10
19.106
 20
28.0
 10
19.129
 20
28.016
 10
19.15
 20
28.034
 10
19.17
 20
28.052
 10
19.188
 20
28.071
 10
19.205
 20
28.09
 10
19.22
 20
28.11
 10
19.234
 20
28.13
 10
19.366
 20
28.026
 10
19.339
 20
27.993
 10
19.31
 20
27.962
 10
19.281
 20
27.934
 10
19.251
 20
27.908
 10
19.221
 20
27.884
 10
19.19
 20
27.863
 10
19.158
 20
27.845
 10
19.126
 20
27.829
 10
19.093
 20
27.815
 10
19.059
 20
27.802
 10
19.024
 20
27.792
 10
18.99
 20
27.784
 10
18.954
 20
27.777
 10
18.918
 20
27.773
 10
18.881
 20
27.77
 10
18.844
 20
27.769
 10
18.81
 20
27.77
 10
18.777
 20
27.772
 10
18.745
 20
27.776
 10
18.713
 20
27.781
 10
18.682
 20
27.788
 10
18.652
 20
27.796
 10
18.622
 20
27.806
 10
18.593
 20
27.817
 10
18.564
 20
27.83
 10
18.537
 20
27.843
 10
18.51
 20
27.858
 10
18.485
 20
27.874
 10
18.461
 20
27.892
 10
18.437
 20
27.91
 10
18.415
 20
27.93
 10
18.394
 20
27.951
 10
18.374
 20
27.973
 10
18.354
 20
27.996
 10
18.336
 20
28.02
 10
18.319
 20
28.044
 10
18.304
 20
28.07
 10
18.289
 20
28.097
 10
18.275
 20
28.125
 10
18.263
 20
28.154
 10
18.251
 20
28.183
 10
18.241
 20
28.213
 10
18.233
 20
28.244
 10
18.226
 20
28.276
 10
18.221
 20
28.308
 10
18.217
 20
28.341
 10
18.215
 20
28.374
 10
18.214
 20
28.408
 10
18.215
 20
28.443
 10
18.217
 20
28.476
 10
18.221
 20
28.509
 10
18.226
 20
28.541
 10
18.233
 20
28.573
 10
18.241
 20
28.603
 10
18.25
 20
28.634
 10
18.261
 20
28.663
 10
18.273
 20
28.692
 10
18.287
 20
28.72
 10
18.301
 20
28.747
 10
18.317
 20
28.772
 10
18.334
 20
28.797
 10
18.352
 20
28.821
 10
18.371
 20
28.844
 10
18.391
 20
28.866
 10
18.412
 20
28.887
 10
18.435
 20
28.907
 10
18.458
 20
28.925
 10
18.482
 20
28.942
 10
18.506
 20
28.959
 10
18.532
 20
28.973
 10
18.559
 20
28.987
 10
18.586
 20
29.0
 10
18.614
 20
29.011
 10
18.643
 20
29.021
 10
18.673
 20
29.029
 10
18.703
 20
29.036
 10
18.733
 20
29.041
 10
18.764
 20
29.045
 10
18.796
 20
29.047
 10
18.828
 20
29.048
 10
18.863
 20
29.047
 10
18.897
 20
29.045
 10
18.93
 20
29.041
 10
18.963
 20
29.036
 10
18.994
 20
29.029
 10
19.023
 20
29.021
 10
19.052
 20
29.011
 10
19.08
 20
29.0
 10
19.107
 20
28.987
 10
19.133
 20
28.974
 10
19.157
 20
28.959
 10
19.18
 20
28.943
 10
19.202
 20
28.927
 10
19.224
 20
28.909
 10
19.243
 20
28.89
 10
19.262
 20
28.87
 10
19.28
 20
28.849
 10
19.296
 20
28.827
 10
19.312
 20
28.805
 10
19.326
 20
28.781
 10
19.339
 20
28.757
 10
19.352
 20
28.732
 10
19.363
 20
28.706
 10
19.373
 20
28.679
 10
19.382
 20
28.651
 10
19.389
 20
28.623
 10
19.396
 20
28.595
 10
19.401
 20
28.566
 10
19.405
 20
28.536
 10
19.408
 20
28.506
 10
19.41
 20
28.476
 10
19.41
 20
28.445
 97
0
 75
0
 76
1
 98
0
  0
HATCH
  5
67
330
17
100
AcDbEntity
  8
RASTER
 62
7
100
AcDbHatch
 10
0.0
 20
0.0
 30
0.0
210
0.0
220
0.0
230
1.0
  2
SOLID
 70
1
 71
0
 91
2
 92
3
 72
0
 73
1
 93
197
 10
20.557
 20
28.585
 10
20.556
 20
28.624
 10
20.552
 20
28.659
 10
20.545
 20
28.693
 10
20.536
 20
28.724
 10
20.525
 20
28.752
 10
20.51
 20
28.778
 10
20.493
 20
28.801
 10
20.474
 20
28.822
 10
20.452
 20
28.84
 10
20.427
 20
28.856
 10
20.401
 20
28.869
 10
20.372
 20
28.88
 10
20.34
 20
28.889
 10
20.307
 20
28.895
 10
20.27
 20
28.899
 10
20.232
 20
28.9
 10
20.205
 20
28.899
 10
20.178
 20
28.897
 10
20.152
 20
28.894
 10
20.127
 20
28.89
 10
20.102
 20
28.885
 10
20.077
 20
28.878
 10
20.053
 20
28.87
 10
20.029
 20
28.861
 10
20.006
 20
28.851
 10
19.984
 20
28.84
 10
19.963
 20
28.828
 10
19.943
 20
28.815
 10
19.923
 20
28.802
 10
19.905
 20
28.788
 10
19.887
 20
28.773
 10
19.871
 20
28.757
 10
19.772
 20
28.874
 10
19.791
 20
28.892
 10
19.813
 20
28.91
 10
19.835
 20
28.927
 10
19.859
 20
28.943
 10
19.885
 20
28.958
 10
19.912
 20
28.972
 10
19.941
 20
28.986
 10
19.971
 20
28.999
 10
20.002
 20
29.01
 10
20.034
 20
29.02
 10
20.068
 20
29.029
 10
20.102
 20
29.036
 10
20.138
 20
29.041
 10
20.174
 20
29.045
 10
20.212
 20
29.047
 10
20.25
 20
29.048
 10
20.275
 20
29.048
 10
20.299
 20
29.046
 10
20.322
 20
29.044
 10
20.346
 20
29.041
 10
20.369
 20
29.037
 10
20.391
 20
29.033
 10
20.413
 20
29.027
 10
20.435
 20
29.021
 10
20.456
 20
29.013
 10
20.476
 20
29.005
 10
20.496
 20
28.996
 10
20.515
 20
28.987
 10
20.534
 20
28.976
 10
20.552
 20
28.964
 10
20.569
 20
28.952
 10
20.586
 20
28.939
 10
20.601
 20
28.925
 10
20.616
 20
28.91
 10
20.63
 20
28.894
 10
20.643
 20
28.877
 10
20.656
 20
28.859
 10
20.667
 20
28.841
 10
20.677
 20
28.821
 10
20.687
 20
28.801
 10
20.696
 20
28.78
 10
20.703
 20
28.758
 10
20.709
 20
28.735
 10
20.714
 20
28.711
 10
20.718
 20
28.686
 10
20.721
 20
28.66
 10
20.723
 20
28.634
 10
20.723
 20
28.606
 10
20.723
 20
28.073
 10
20.723
 20
28.055
 10
20.724
 20
28.038
 10
20.724
 20
28.02
 10
20.725
 20
28.001
 10
20.725
 20
27.983
 10
20.726
 20
27.965
 10
20.727
 20
27.946
 10
20.729
 20
27.927
 10
20.73
 20
27.909
 10
20.732
 20
27.891
 10
20.733
 20
27.874
 10
20.735
 20
27.858
 10
20.737
 20
27.842
 10
20.739
 20
27.827
 10
20.742
 20
27.813
 10
20.744
 20
27.8
 10
20.586
 20
27.8
 10
20.584
 20
27.811
 10
20.582
 20
27.823
 10
20.58
 20
27.834
 10
20.578
 20
27.846
 10
20.577
 20
27.858
 10
20.575
 20
27.871
 10
20.574
 20
27.883
 10
20.573
 20
27.896
 10
20.571
 20
27.909
 10
20.57
 20
27.922
 10
20.569
 20
27.935
 10
20.569
 20
27.948
 10
20.568
 20
27.96
 10
20.568
 20
27.973
 10
20.567
 20
27.985
 10
20.567
 20
27.998
 10
20.562
 20
27.998
 10
20.541
 20
27.968
 10
20.519
 20
27.941
 10
20.497
 20
27.916
 10
20.473
 20
27.893
 10
20.45
 20
27.872
 10
20.425
 20
27.853
 10
20.4
 20
27.837
 10
20.374
 20
27.822
 10
20.347
 20
27.81
 10
20.318
 20
27.799
 10
20.289
 20
27.79
 10
20.258
 20
27.782
 10
20.225
 20
27.776
 10
20.192
 20
27.772
 10
20.157
 20
27.77
 10
20.12
 20
27.769
 10
20.103
 20
27.769
 10
20.085
 20
27.77
 10
20.067
 20
27.772
 10
20.049
 20
27.774
 10
20.031
 20
27.776
 10
20.013
 20
27.78
 10
19.994
 20
27.784
 10
19.976
 20
27.788
 10
19.958
 20
27.794
 10
19.94
 20
27.8
 10
19.922
 20
27.806
 10
19.905
 20
27.814
 10
19.888
 20
27.822
 10
19.872
 20
27.831
 10
19.856
 20
27.841
 10
19.841
 20
27.852
 10
19.826
 20
27.863
 10
19.811
 20
27.876
 10
19.798
 20
27.889
 10
19.785
 20
27.903
 10
19.772
 20
27.917
 10
19.761
 20
27.933
 10
19.75
 20
27.949
 10
19.739
 20
27.966
 10
19.73
 20
27.984
 10
19.722
 20
28.003
 10
19.715
 20
28.023
 10
19.709
 20
28.044
 10
19.705
 20
28.066
 10
19.702
 20
28.089
 10
19.7
 20
28.113
 10
19.699
 20
28.138
 10
19.7
 20
28.172
 10
19.703
 20
28.205
 10
19.709
 20
28.235
 10
19.717
 20
28.264
 10
19.727
 20
28.291
 10
19.739
 20
28.316
 10
19.754
 20
28.339
 10
19.771
 20
28.36
 10
19.789
 20
28.38
 10
19.809
 20
28.399
 10
19.831
 20
28.416
 10
19.854
 20
28.432
 10
19.879
 20
28.446
 10
19.905
 20
28.46
 10
19.932
 20
28.472
 10
19.962
 20
28.482
 10
19.992
 20
28.492
 10
20.024
 20
28.501
 10
20.056
 20
28.509
 10
20.09
 20
28.516
 10
20.125
 20
28.522
 10
20.161
 20
28.527
 10
20.198
 20
28.531
 10
20.236
 20
28.534
 10
20.275
 20
28.537
 10
20.314
 20
28.54
 10
20.354
 20
28.542
 10
20.394
 20
28.543
 10
20.434
 20
28.545
 10
20.475
 20
28.545
 10
20.516
 20
28.546
 10
20.557
 20
28.546
 97
0
 92
3
 72
0
 73
1
 93
98
 10
20.505
 20
28.408
 10
20.478
 20
28.408
 10
20.45
 20
28.408
 10
20.423
 20
28.407
 10
20.395
 20
28.406
 10
20.368
 20
28.405
 10
20.34
 20
28.403
 10
20.313
 20
28.401
 10
20.285
 20
28.399
 10
20.258
 20
28.397
 10
20.231
 20
28.394
 10
20.205
 20
28.39
 10
20.18
 20
28.386
 10
20.155
 20
28.381
 10
20.131
 20
28.375
 10
20.108
 20
28.369
 10
20.085
 20
28.363
 10
20.063
 20
28.356
 10
20.042
 20
28.348
 10
20.022
 20
28.339
 10
20.004
 20
28.329
 10
19.986
 20
28.319
 10
19.969
 20
28.308
 10
19.953
 20
28.296
 10
19.938
 20
28.284
 10
19.925
 20
28.27
 10
19.913
 20
28.255
 10
19.903
 20
28.24
 10
19.895
 20
28.223
 10
19.889
 20
28.205
 10
19.885
 20
28.187
 10
19.882
 20
28.167
 10
19.881
 20
28.146
 10
19.881
 20
28.13
 10
19.883
 20
28.115
 10
19.884
 20
28.1
 10
19.887
 20
28.086
 10
19.891
 20
28.073
 10
19.895
 20
28.06
 10
19.9
 20
28.048
 10
19.906
 20
28.037
 10
19.912
 20
28.026
 10
19.919
 20
28.016
 10
19.927
 20
28.006
 10
19.935
 20
27.997
 10
19.943
 20
27.988
 10
19.952
 20
27.98
 10
19.962
 20
27.972
 10
19.972
 20
27.965
 10
19.983
 20
27.959
 10
19.993
 20
27.952
 10
20.004
 20
27.947
 10
20.016
 20
27.942
 10
20.028
 20
27.937
 10
20.04
 20
27.933
 10
20.052
 20
27.929
 10
20.064
 20
27.926
 10
20.077
 20
27.923
 10
20.09
 20
27.921
 10
20.103
 20
27.919
 10
20.115
 20
27.917
 10
20.128
 20
27.916
 10
20.141
 20
27.915
 10
20.154
 20
27.915
 10
20.167
 20
27.914
 10
20.19
 20
27.915
 10
20.213
 20
27.916
 10
20.234
 20
27.919
 10
20.255
 20
27.923
 10
20.276
 20
27.927
 10
20.296
 20
27.933
 10
20.315
 20
27.939
 10
20.333
 20
27.947
 10
20.351
 20
27.955
 10
20.368
 20
27.965
 10
20.385
 20
27.975
 10
20.4
 20
27.985
 10
20.415
 20
27.997
 10
20.429
 20
28.009
 10
20.443
 20
28.022
 10
20.456
 20
28.035
 10
20.468
 20
28.05
 10
20.479
 20
28.064
 10
20.489
 20
28.08
 10
20.499
 20
28.095
 10
20.508
 20
28.112
 10
20.517
 20
28.129
 10
20.524
 20
28.146
 10
20.531
 20
28.164
 10
20.537
 20
28.182
 10
20.542
 20
28.201
 10
20.547
 20
28.22
 10
20.551
 20
28.239
 10
20.553
 20
28.258
 10
20.555
 20
28.278
 10
20.557
 20
28.297
 10
20.557
 20
28.317
 10
20.557
 20
28.408
 97
0
 75
0
 76
1
 98
0
  0
HATCH
  5
68
330
17
100
AcDbEntity
  8
RASTER
 62
7
100
AcDbHatch
 10
0.0
 20
0.0
 30
0.0
210
0.0
220
0.0
230
1.0
  2
SOLID
 70
1
 71
0
 91
2
 92
3
 72
0
 73
1
 93
103
 10
22.179
 20
28.005
 10
22.159
 20
27.977
 10
22.137
 20
27.95
 10
22.114
 20
27.926
 10
22.09
 20
27.903
 10
22.064
 20
27.881
 10
22.036
 20
27.862
 10
22.007
 20
27.844
 10
21.977
 20
27.829
 10
21.945
 20
27.815
 10
21.914
 20
27.802
 10
21.882
 20
27.792
 10
21.85
 20
27.784
 10
21.818
 20
27.777
 10
21.785
 20
27.773
 10
21.752
 20
27.77
 10
21.719
 20
27.769
 10
21.684
 20
27.77
 10
21.649
 20
27.772
 10
21.616
 20
27.776
 10
21.583
 20
27.781
 10
21.551
 20
27.788
 10
21.52
 20
27.797
 10
21.49
 20
27.807
 10
21.461
 20
27.818
 10
21.432
 20
27.831
 10
21.405
 20
27.845
 10
21.378
 20
27.86
 10
21.353
 20
27.877
 10
21.329
 20
27.894
 10
21.306
 20
27.913
 10
21.284
 20
27.933
 10
21.263
 20
27.953
 10
21.243
 20
27.975
 10
21.224
 20
27.998
 10
21.207
 20
28.022
 10
21.19
 20
28.047
 10
21.175
 20
28.073
 10
21.161
 20
28.1
 10
21.147
 20
28.127
 10
21.136
 20
28.156
 10
21.125
 20
28.186
 10
21.116
 20
28.216
 10
21.108
 20
28.247
 10
21.101
 20
28.278
 10
21.096
 20
28.31
 10
21.093
 20
28.342
 10
21.091
 20
28.375
 10
21.09
 20
28.408
 10
21.091
 20
28.442
 10
21.093
 20
28.475
 10
21.096
 20
28.507
 10
21.101
 20
28.539
 10
21.108
 20
28.57
 10
21.116
 20
28.601
 10
21.125
 20
28.631
 10
21.136
 20
28.661
 10
21.147
 20
28.689
 10
21.161
 20
28.717
 10
21.175
 20
28.744
 10
21.19
 20
28.77
 10
21.207
 20
28.795
 10
21.224
 20
28.819
 10
21.243
 20
28.841
 10
21.263
 20
28.863
 10
21.284
 20
28.884
 10
21.306
 20
28.904
 10
21.329
 20
28.923
 10
21.353
 20
28.94
 10
21.378
 20
28.956
 10
21.405
 20
28.972
 10
21.432
 20
28.986
 10
21.461
 20
28.999
 10
21.49
 20
29.01
 10
21.52
 20
29.02
 10
21.551
 20
29.029
 10
21.583
 20
29.036
 10
21.616
 20
29.041
 10
21.649
 20
29.045
 10
21.684
 20
29.047
 10
21.719
 20
29.048
 10
21.752
 20
29.047
 10
21.785
 20
29.044
 10
21.818
 20
29.039
 10
21.85
 20
29.033
 10
21.882
 20
29.024
 10
21.914
 20
29.014
 10
21.945
 20
29.001
 10
21.977
 20
28.987
 10
22.007
 20
28.971
 10
22.036
 20
28.953
 10
22.064
 20
28.933
 10
22.09
 20
28.911
 10
22.114
 20
28.888
 10
22.137
 20
28.862
 10
22.159
 20
28.835
 10
22.179
 20
28.806
 10
22.185
 20
28.806
 10
22.185
 20
29.766
 10
22.361
 20
29.766
 10
22.361
 20
27.8
 10
22.185
 20
27.8
 10
22.185
 20
28.005
 97
0
 92
3
 72
0
 73
1
 93
129
 10
21.277
 20
28.408
 10
21.278
 20
28.383
 10
21.279
 20
28.358
 10
21.282
 20
28.334
 10
21.285
 20
28.31
 10
21.289
 20
28.286
 10
21.295
 20
28.263
 10
21.301
 20
28.24
 10
21.308
 20
28.217
 10
21.317
 20
28.195
 10
21.326
 20
28.174
 10
21.336
 20
28.153
 10
21.346
 20
28.133
 10
21.358
 20
28.114
 10
21.371
 20
28.096
 10
21.384
 20
28.078
 10
21.398
 20
28.061
 10
21.413
 20
28.045
 10
21.429
 20
28.03
 10
21.446
 20
28.016
 10
21.463
 20
28.002
 10
21.482
 20
27.99
 10
21.501
 20
27.978
 10
21.521
 20
27.967
 10
21.542
 20
27.957
 10
21.564
 20
27.948
 10
21.587
 20
27.941
 10
21.61
 20
27.934
 10
21.634
 20
27.929
 10
21.659
 20
27.925
 10
21.684
 20
27.922
 10
21.71
 20
27.92
 10
21.737
 20
27.92
 10
21.763
 20
27.92
 10
21.787
 20
27.922
 10
21.811
 20
27.925
 10
21.835
 20
27.929
 10
21.858
 20
27.934
 10
21.881
 20
27.941
 10
21.903
 20
27.948
 10
21.925
 20
27.957
 10
21.946
 20
27.967
 10
21.966
 20
27.978
 10
21.986
 20
27.989
 10
22.005
 20
28.002
 10
22.023
 20
28.015
 10
22.04
 20
28.029
 10
22.057
 20
28.044
 10
22.073
 20
28.06
 10
22.088
 20
28.077
 10
22.102
 20
28.094
 10
22.116
 20
28.112
 10
22.128
 20
28.131
 10
22.14
 20
28.151
 10
22.151
 20
28.171
 10
22.161
 20
28.193
 10
22.17
 20
28.215
 10
22.179
 20
28.237
 10
22.186
 20
28.26
 10
22.192
 20
28.284
 10
22.197
 20
28.308
 10
22.2
 20
28.332
 10
22.203
 20
28.357
 10
22.205
 20
28.383
 10
22.205
 20
28.408
 10
22.205
 20
28.434
 10
22.203
 20
28.46
 10
22.2
 20
28.484
 10
22.197
 20
28.509
 10
22.192
 20
28.533
 10
22.186
 20
28.556
 10
22.179
 20
28.579
 10
22.17
 20
28.602
 10
22.161
 20
28.624
 10
22.151
 20
28.645
 10
22.14
 20
28.666
 10
22.128
 20
28.686
 10
22.116
 20
28.705
 10
22.102
 20
28.723
 10
22.088
 20
28.741
 10
22.073
 20
28.758
 10
22.057
 20
28.774
 10
22.04
 20
28.789
 10
22.023
 20
28.804
 10
22.005
 20
28.817
 10
21.986
 20
28.83
 10
21.966
 20
28.841
 10
21.946
 20
28.852
 10
21.925
 20
28.862
 10
21.903
 20
28.871
 10
21.881
 20
28.879
 10
21.858
 20
28.885
 10
21.835
 20
28.89
 10
21.811
 20
28.894
 10
21.787
 20
28.897
 10
21.763
 20
28.899
 10
21.737
 20
28.9
 10
21.71
 20
28.899
 10
21.684
 20
28.897
 10
21.659
 20
28.894
 10
21.634
 20
28.89
 10
21.61
 20
28.885
 10
21.587
 20
28.878
 10
21.564
 20
28.87
 10
21.542
 20
28.861
 10
21.521
 20
28.851
 10
21.501
 20
28.84
 10
21.482
 20
28.828
 10
21.463
 20
28.815
 10
21.446
 20
28.801
 10
21.429
 20
28.787
 10
21.413
 20
28.772
 10
21.398
 20
28.755
 10
21.384
 20
28.739
 10
21.371
 20
28.721
 10
21.358
 20
28.702
 10
21.346
 20
28.683
 10
21.336
 20
28.663
 10
21.326
 20
28.643
 10
21.317
 20
28.622
 10
21.308
 20
28.599
 10
21.301
 20
28.577
 10
21.295
 20
28.554
 10
21.289
 20
28.531
 10
21.285
 20
28.507
 10
21.282
 20
28.483
 10
21.279
 20
28.458
 10
21.278
 20
28.434
 10
21.277
 20
28.408
 97
0
 75
0
 76
1
 98
0
  0
HATCH
  5
69
330
17
100
AcDbEntity
  8
RASTER
 62
7
100
AcDbHatch
 10
0.0
 20
0.0
 30
0.0
210
0.0
220
0.0
230
1.0
  2
SOLID
 70
1
 71
0
 91
1
 92
3
 72
0
 73
1
 93
274
 10
23.482
 20
28.728
 10
23.472
 20
28.747
 10
23.46
 20
28.764
 10
23.447
 20
28.781
 10
23.433
 20
28.797
 10
23.418
 20
28.812
 10
23.401
 20
28.826
 10
23.383
 20
28.839
 10
23.364
 20
28.852
 10
23.344
 20
28.863
 10
23.323
 20
28.873
 10
23.301
 20
28.881
 10
23.279
 20
28.888
 10
23.256
 20
28.893
 10
23.232
 20
28.897
 10
23.208
 20
28.899
 10
23.183
 20
28.9
 10
23.171
 20
28.9
 10
23.16
 20
28.899
 10
23.148
 20
28.898
 10
23.136
 20
28.897
 10
23.124
 20
28.896
 10
23.113
 20
28.894
 10
23.101
 20
28.892
 10
23.089
 20
28.889
 10
23.078
 20
28.887
 10
23.067
 20
28.883
 10
23.056
 20
28.88
 10
23.045
 20
28.876
 10
23.035
 20
28.871
 10
23.025
 20
28.866
 10
23.015
 20
28.861
 10
23.006
 20
28.856
 10
22.997
 20
28.85
 10
22.989
 20
28.843
 10
22.981
 20
28.836
 10
22.973
 20
28.829
 10
22.966
 20
28.821
 10
22.96
 20
28.813
 10
22.953
 20
28.805
 10
22.948
 20
28.796
 10
22.943
 20
28.786
 10
22.938
 20
28.777
 10
22.934
 20
28.767
 10
22.931
 20
28.756
 10
22.929
 20
28.745
 10
22.927
 20
28.734
 10
22.926
 20
28.722
 10
22.926
 20
28.71
 10
22.927
 20
28.689
 10
22.93
 20
28.67
 10
22.935
 20
28.651
 10
22.943
 20
28.634
 10
22.953
 20
28.618
 10
22.965
 20
28.604
 10
22.979
 20
28.591
 10
22.996
 20
28.579
 10
23.015
 20
28.568
 10
23.036
 20
28.557
 10
23.06
 20
28.547
 10
23.086
 20
28.537
 10
23.115
 20
28.527
 10
23.146
 20
28.518
 10
23.18
 20
28.51
 10
23.217
 20
28.502
 10
23.269
 20
28.49
 10
23.318
 20
28.477
 10
23.363
 20
28.463
 10
23.404
 20
28.448
 10
23.442
 20
28.431
 10
23.477
 20
28.413
 10
23.508
 20
28.394
 10
23.535
 20
28.373
 10
23.559
 20
28.351
 10
23.58
 20
28.327
 10
23.598
 20
28.302
 10
23.612
 20
28.274
 10
23.624
 20
28.245
 10
23.632
 20
28.214
 10
23.636
 20
28.181
 10
23.638
 20
28.146
 10
23.637
 20
28.12
 10
23.635
 20
28.096
 10
23.632
 20
28.072
 10
23.628
 20
28.05
 10
23.622
 20
28.028
 10
23.615
 20
28.008
 10
23.607
 20
27.989
 10
23.598
 20
27.97
 10
23.587
 20
27.953
 10
23.576
 20
27.936
 10
23.564
 20
27.92
 10
23.551
 20
27.905
 10
23.538
 20
27.891
 10
23.523
 20
27.878
 10
23.508
 20
27.865
 10
23.492
 20
27.853
 10
23.476
 20
27.842
 10
23.459
 20
27.832
 10
23.441
 20
27.823
 10
23.423
 20
27.814
 10
23.405
 20
27.807
 10
23.385
 20
27.8
 10
23.366
 20
27.794
 10
23.346
 20
27.788
 10
23.325
 20
27.784
 10
23.304
 20
27.78
 10
23.284
 20
27.776
 10
23.263
 20
27.774
 10
23.243
 20
27.772
 10
23.222
 20
27.77
 10
23.201
 20
27.769
 10
23.18
 20
27.769
 10
23.146
 20
27.77
 10
23.112
 20
27.772
 10
23.078
 20
27.777
 10
23.045
 20
27.783
 10
23.011
 20
27.791
 10
22.978
 20
27.801
 10
22.945
 20
27.813
 10
22.913
 20
27.826
 10
22.881
 20
27.841
 10
22.851
 20
27.859
 10
22.822
 20
27.878
 10
22.794
 20
27.899
 10
22.768
 20
27.923
 10
22.744
 20
27.948
 10
22.721
 20
27.976
 10
22.699
 20
28.005
 10
22.84
 20
28.109
 10
22.852
 20
28.09
 10
22.866
 20
28.071
 10
22.881
 20
28.053
 10
22.898
 20
28.035
 10
22.916
 20
28.019
 10
22.935
 20
28.003
 10
22.956
 20
27.988
 10
22.978
 20
27.974
 10
23.001
 20
27.961
 10
23.024
 20
27.95
 10
23.048
 20
27.941
 10
23.073
 20
27.933
 10
23.098
 20
27.927
 10
23.124
 20
27.923
 10
23.151
 20
27.92
 10
23.178
 20
27.92
 10
23.192
 20
27.92
 10
23.206
 20
27.92
 10
23.22
 20
27.921
 10
23.234
 20
27.922
 10
23.247
 20
27.924
 10
23.261
 20
27.925
 10
23.274
 20
27.928
 10
23.287
 20
27.93
 10
23.3
 20
27.933
 10
23.312
 20
27.936
 10
23.324
 20
27.94
 10
23.336
 20
27.944
 10
23.347
 20
27.949
 10
23.358
 20
27.954
 10
23.368
 20
27.96
 10
23.378
 20
27.966
 10
23.388
 20
27.973
 10
23.397
 20
27.98
 10
23.405
 20
27.988
 10
23.413
 20
27.996
 10
23.421
 20
28.004
 10
23.428
 20
28.013
 10
23.434
 20
28.023
 10
23.44
 20
28.033
 10
23.446
 20
28.043
 10
23.451
 20
28.054
 10
23.455
 20
28.066
 10
23.458
 20
28.078
 10
23.461
 20
28.091
 10
23.462
 20
28.104
 10
23.463
 20
28.118
 10
23.464
 20
28.133
 10
23.462
 20
28.156
 10
23.458
 20
28.178
 10
23.451
 20
28.198
 10
23.441
 20
28.217
 10
23.428
 20
28.234
 10
23.412
 20
28.25
 10
23.393
 20
28.264
 10
23.372
 20
28.277
 10
23.347
 20
28.289
 10
23.32
 20
28.301
 10
23.291
 20
28.312
 10
23.259
 20
28.324
 10
23.224
 20
28.335
 10
23.187
 20
28.346
 10
23.147
 20
28.356
 10
23.105
 20
28.367
 10
23.091
 20
28.37
 10
23.077
 20
28.374
 10
23.063
 20
28.377
 10
23.049
 20
28.381
 10
23.034
 20
28.386
 10
23.019
 20
28.39
 10
23.004
 20
28.395
 10
22.989
 20
28.399
 10
22.974
 20
28.404
 10
22.959
 20
28.41
 10
22.945
 20
28.416
 10
22.93
 20
28.423
 10
22.916
 20
28.431
 10
22.903
 20
28.439
 10
22.889
 20
28.447
 10
22.876
 20
28.457
 10
22.863
 20
28.466
 10
22.851
 20
28.477
 10
22.84
 20
28.488
 10
22.829
 20
28.499
 10
22.818
 20
28.511
 10
22.808
 20
28.524
 10
22.799
 20
28.537
 10
22.79
 20
28.551
 10
22.782
 20
28.566
 10
22.776
 20
28.582
 10
22.77
 20
28.598
 10
22.765
 20
28.616
 10
22.761
 20
28.634
 10
22.759
 20
28.653
 10
22.757
 20
28.673
 10
22.757
 20
28.694
 10
22.757
 20
28.717
 10
22.759
 20
28.739
 10
22.762
 20
28.761
 10
22.766
 20
28.781
 10
22.771
 20
28.801
 10
22.777
 20
28.819
 10
22.784
 20
28.837
 10
22.793
 20
28.854
 10
22.802
 20
28.871
 10
22.813
 20
28.886
 10
22.824
 20
28.901
 10
22.836
 20
28.915
 10
22.848
 20
28.928
 10
22.861
 20
28.941
 10
22.876
 20
28.952
 10
22.891
 20
28.963
 10
22.906
 20
28.974
 10
22.922
 20
28.984
 10
22.939
 20
28.993
 10
22.956
 20
29.001
 10
22.973
 20
29.008
 10
22.992
 20
29.015
 10
23.01
 20
29.022
 10
23.03
 20
29.027
 10
23.049
 20
29.032
 10
23.069
 20
29.036
 10
23.089
 20
29.04
 10
23.109
 20
29.043
 10
23.129
 20
29.045
 10
23.15
 20
29.047
 10
23.17
 20
29.048
 10
23.191
 20
29.048
 10
23.223
 20
29.047
 10
23.254
 20
29.044
 10
23.285
 20
29.04
 10
23.316
 20
29.034
 10
23.347
 20
29.026
 10
23.378
 20
29.016
 10
23.408
 20
29.004
 10
23.438
 20
28.991
 10
23.467
 20
28.976
 10
23.494
 20
28.959
 10
23.519
 20
28.941
 10
23.542
 20
28.922
 10
23.564
 20
28.901
 10
23.584
 20
28.879
 10
23.601
 20
28.855
 10
23.617
 20
28.83
 97
0
 75
0
 76
1
 98
0
  0
HATCH
  5
6A
330
17
100
AcDbEntity
  8
RASTER
 62
7
100
AcDbHatch
 10
0.0
 20
0.0
 30
0.0
210
0.0
220
0.0
230
1.0
  2
SOLID
 70
1
 71
0
 91
1
 92
3
 72
0
 73
1
 93
294
 10
24.961
 20
28.845
 10
25.042
 20
28.845
 10
25.064
 20
28.845
 10
25.086
 20
28.846
 10
25.107
 20
28.848
 10
25.128
 20
28.85
 10
25.148
 20
28.852
 10
25.169
 20
28.855
 10
25.189
 20
28.859
 10
25.208
 20
28.863
 10
25.228
 20
28.868
 10
25.246
 20
28.874
 10
25.264
 20
28.88
 10
25.282
 20
28.887
 10
25.298
 20
28.895
 10
25.314
 20
28.903
 10
25.33
 20
28.912
 10
25.345
 20
28.922
 10
25.359
 20
28.932
 10
25.373
 20
28.944
 10
25.385
 20
28.956
 10
25.397
 20
28.968
 10
25.408
 20
28.982
 10
25.419
 20
28.996
 10
25.428
 20
29.011
 10
25.437
 20
29.027
 10
25.445
 20
29.044
 10
25.452
 20
29.061
 10
25.458
 20
29.08
 10
25.463
 20
29.099
 10
25.466
 20
29.119
 10
25.469
 20
29.139
 10
25.47
 20
29.161
 10
25.471
 20
29.183
 10
25.471
 20
29.202
 10
25.469
 20
29.221
 10
25.467
 20
29.24
 10
25.464
 20
29.258
 10
25.46
 20
29.275
 10
25.455
 20
29.292
 10
25.449
 20
29.309
 10
25.442
 20
29.325
 10
25.435
 20
29.341
 10
25.427
 20
29.356
 10
25.418
 20
29.37
 10
25.408
 20
29.384
 10
25.398
 20
29.397
 10
25.387
 20
29.41
 10
25.375
 20
29.422
 10
25.363
 20
29.434
 10
25.35
 20
29.445
 10
25.337
 20
29.456
 10
25.323
 20
29.465
 10
25.309
 20
29.474
 10
25.294
 20
29.483
 10
25.278
 20
29.491
 10
25.262
 20
29.498
 10
25.246
 20
29.504
 10
25.229
 20
29.51
 10
25.213
 20
29.515
 10
25.195
 20
29.519
 10
25.178
 20
29.523
 10
25.161
 20
29.526
 10
25.143
 20
29.527
 10
25.125
 20
29.529
 10
25.107
 20
29.529
 10
25.078
 20
29.528
 10
25.05
 20
29.526
 10
25.023
 20
29.521
 10
24.997
 20
29.515
 10
24.971
 20
29.508
 10
24.947
 20
29.498
 10
24.923
 20
29.487
 10
24.9
 20
29.474
 10
24.878
 20
29.46
 10
24.858
 20
29.444
 10
24.838
 20
29.426
 10
24.819
 20
29.407
 10
24.802
 20
29.386
 10
24.785
 20
29.363
 10
24.77
 20
29.339
 10
24.756
 20
29.313
 10
24.597
 20
29.396
 10
24.62
 20
29.432
 10
24.643
 20
29.466
 10
24.668
 20
29.497
 10
24.695
 20
29.525
 10
24.723
 20
29.552
 10
24.752
 20
29.576
 10
24.783
 20
29.597
 10
24.816
 20
29.616
 10
24.85
 20
29.633
 10
24.884
 20
29.647
 10
24.92
 20
29.66
 10
24.958
 20
29.67
 10
24.996
 20
29.678
 10
25.035
 20
29.683
 10
25.076
 20
29.686
 10
25.117
 20
29.688
 10
25.145
 20
29.687
 10
25.171
 20
29.686
 10
25.198
 20
29.683
 10
25.224
 20
29.679
 10
25.249
 20
29.675
 10
25.275
 20
29.669
 10
25.3
 20
29.663
 10
25.324
 20
29.655
 10
25.348
 20
29.647
 10
25.371
 20
29.637
 10
25.394
 20
29.627
 10
25.416
 20
29.615
 10
25.437
 20
29.603
 10
25.457
 20
29.59
 10
25.477
 20
29.575
 10
25.496
 20
29.56
 10
25.514
 20
29.544
 10
25.531
 20
29.527
 10
25.547
 20
29.509
 10
25.562
 20
29.49
 10
25.576
 20
29.471
 10
25.589
 20
29.45
 10
25.601
 20
29.428
 10
25.613
 20
29.405
 10
25.623
 20
29.382
 10
25.631
 20
29.358
 10
25.639
 20
29.332
 10
25.645
 20
29.306
 10
25.65
 20
29.279
 10
25.653
 20
29.252
 10
25.655
 20
29.223
 10
25.656
 20
29.194
 10
25.654
 20
29.153
 10
25.65
 20
29.115
 10
25.643
 20
29.078
 10
25.633
 20
29.043
 10
25.62
 20
29.01
 10
25.604
 20
28.978
 10
25.586
 20
28.948
 10
25.565
 20
28.919
 10
25.541
 20
28.893
 10
25.516
 20
28.869
 10
25.49
 20
28.847
 10
25.462
 20
28.827
 10
25.433
 20
28.81
 10
25.402
 20
28.795
 10
25.37
 20
28.783
 10
25.336
 20
28.772
 10
25.336
 20
28.767
 10
25.375
 20
28.757
 10
25.412
 20
28.745
 10
25.447
 20
28.73
 10
25.481
 20
28.712
 10
25.514
 20
28.692
 10
25.544
 20
28.669
 10
25.574
 20
28.643
 10
25.601
 20
28.615
 10
25.626
 20
28.584
 10
25.648
 20
28.552
 10
25.666
 20
28.517
 10
25.681
 20
28.48
 10
25.693
 20
28.44
 10
25.701
 20
28.399
 10
25.706
 20
28.355
 10
25.708
 20
28.31
 10
25.707
 20
28.277
 10
25.705
 20
28.245
 10
25.701
 20
28.214
 10
25.696
 20
28.184
 10
25.689
 20
28.156
 10
25.681
 20
28.128
 10
25.671
 20
28.1
 10
25.66
 20
28.074
 10
25.647
 20
28.049
 10
25.633
 20
28.025
 10
25.619
 20
28.002
 10
25.603
 20
27.979
 10
25.587
 20
27.958
 10
25.569
 20
27.938
 10
25.55
 20
27.918
 10
25.531
 20
27.9
 10
25.51
 20
27.883
 10
25.489
 20
27.866
 10
25.467
 20
27.851
 10
25.443
 20
27.837
 10
25.419
 20
27.824
 10
25.395
 20
27.812
 10
25.369
 20
27.801
 10
25.342
 20
27.791
 10
25.315
 20
27.782
 10
25.288
 20
27.774
 10
25.26
 20
27.768
 10
25.231
 20
27.763
 10
25.203
 20
27.759
 10
25.174
 20
27.756
 10
25.145
 20
27.754
 10
25.115
 20
27.753
 10
25.065
 20
27.755
 10
25.017
 20
27.759
 10
24.97
 20
27.767
 10
24.925
 20
27.778
 10
24.882
 20
27.791
 10
24.84
 20
27.808
 10
24.8
 20
27.828
 10
24.761
 20
27.851
 10
24.725
 20
27.876
 10
24.69
 20
27.905
 10
24.658
 20
27.936
 10
24.629
 20
27.969
 10
24.601
 20
28.006
 10
24.576
 20
28.044
 10
24.553
 20
28.086
 10
24.532
 20
28.13
 10
24.709
 20
28.195
 10
24.722
 20
28.163
 10
24.737
 20
28.133
 10
24.753
 20
28.104
 10
24.772
 20
28.077
 10
24.792
 20
28.052
 10
24.815
 20
28.029
 10
24.839
 20
28.008
 10
24.865
 20
27.989
 10
24.893
 20
27.971
 10
24.922
 20
27.956
 10
24.951
 20
27.943
 10
24.982
 20
27.933
 10
25.014
 20
27.925
 10
25.047
 20
27.919
 10
25.08
 20
27.916
 10
25.115
 20
27.914
 10
25.134
 20
27.915
 10
25.154
 20
27.916
 10
25.173
 20
27.918
 10
25.192
 20
27.921
 10
25.211
 20
27.925
 10
25.23
 20
27.93
 10
25.248
 20
27.935
 10
25.267
 20
27.942
 10
25.285
 20
27.949
 10
25.303
 20
27.957
 10
25.32
 20
27.965
 10
25.336
 20
27.975
 10
25.352
 20
27.985
 10
25.368
 20
27.996
 10
25.383
 20
28.007
 10
25.397
 20
28.02
 10
25.411
 20
28.033
 10
25.423
 20
28.046
 10
25.436
 20
28.061
 10
25.447
 20
28.076
 10
25.458
 20
28.092
 10
25.468
 20
28.108
 10
25.478
 20
28.125
 10
25.487
 20
28.143
 10
25.495
 20
28.162
 10
25.501
 20
28.181
 10
25.507
 20
28.201
 10
25.512
 20
28.221
 10
25.516
 20
28.242
 10
25.518
 20
28.264
 10
25.52
 20
28.287
 10
25.52
 20
28.31
 10
25.52
 20
28.335
 10
25.518
 20
28.36
 10
25.515
 20
28.383
 10
25.51
 20
28.405
 10
25.505
 20
28.427
 10
25.498
 20
28.447
 10
25.49
 20
28.467
 10
25.48
 20
28.485
 10
25.47
 20
28.503
 10
25.458
 20
28.519
 10
25.446
 20
28.535
 10
25.433
 20
28.55
 10
25.419
 20
28.564
 10
25.404
 20
28.577
 10
25.389
 20
28.589
 10
25.372
 20
28.601
 10
25.355
 20
28.611
 10
25.337
 20
28.621
 10
25.319
 20
28.63
 10
25.3
 20
28.639
 10
25.281
 20
28.646
 10
25.261
 20
28.653
 10
25.24
 20
28.659
 10
25.219
 20
28.664
 10
25.197
 20
28.669
 10
25.176
 20
28.673
 10
25.154
 20
28.676
 10
25.132
 20
28.679
 10
25.11
 20
28.681
 10
25.087
 20
28.683
 10
25.065
 20
28.684
 10
25.042
 20
28.684
 10
24.961
 20
28.684
 97
0
 75
0
 76
1
 98
0
  0
HATCH
  5
6B
330
17
100
AcDbEntity
  8
RASTER
 62
7
100
AcDbHatch
 10
0.0
 20
0.0
 30
0.0
210
0.0
220
0.0
230
1.0
  2
SOLID
 70
1
 71
0
 91
2
 92
3
 72
0
 73
1
 93
19
 10
27.851
 20
30.435
 10
28.516
 20
30.43
 10
29.169
 20
30.165
 10
29.601
 20
29.722
 10
29.863
 20
29.084
 10
29.911
 20
28.794
 10
29.865
 20
28.299
 10
29.596
 20
27.663
 10
29.195
 20
27.239
 10
28.546
 20
26.976
 10
28.052
 20
26.933
 10
27.713
 20
26.98
 10
27.177
 20
27.198
 10
26.685
 20
27.679
 10
26.416
 20
28.308
 10
26.44
 20
29.153
 10
26.681
 20
29.706
 10
27.173
 20
30.177
 10
27.537
 20
30.36
 97
0
 92
3
 72
0
 73
1
 93
20
 10
27.885
 20
30.135
 10
27.641
 20
30.077
 10
27.348
 20
29.929
 10
26.932
 20
29.531
 10
26.738
 20
29.086
 10
26.717
 20
28.365
 10
26.937
 20
27.852
 10
27.344
 20
27.454
 10
27.791
 20
27.272
 10
28.06
 20
27.235
 10
28.475
 20
27.271
 10
29.022
 20
27.492
 10
29.341
 20
27.829
 10
29.571
 20
28.373
 10
29.609
 20
28.783
 10
29.573
 20
29.001
 10
29.346
 20
29.554
 10
28.998
 20
29.911
 10
28.456
 20
30.13
 10
27.885
 20
30.135
 97
0
 75
0
 76
1
 98
0
  0
HATCH
  5
6C
330
17
100
AcDbEntity
  8
RASTER
 62
7
100
AcDbHatch
 10
0.0
 20
0.0
 30
0.0
210
0.0
220
0.0
230
1.0
  2
SOLID
 70
1
 71
0
 91
12
 92
3
 72
0
 73
1
 93
32
 10
27.94
 20
30.238
 10
28.377
 20
30.246
 10
28.599
 20
30.196
 10
28.928
 20
30.055
 10
29.15
 20
29.907
 10
29.323
 20
29.734
 10
29.521
 20
29.438
 10
29.661
 20
29.06
 10
29.711
 20
28.813
 10
29.711
 20
28.591
 10
29.612
 20
28.146
 10
29.372
 20
27.719
 10
29.076
 20
27.422
 10
28.698
 20
27.232
 10
28.278
 20
27.133
 10
28.031
 20
27.133
 10
27.982
 20
27.158
 10
27.735
 20
27.183
 10
27.587
 20
27.232
 10
27.233
 20
27.422
 10
26.962
 20
27.669
 10
26.838
 20
27.842
 10
26.673
 20
28.171
 10
26.599
 20
28.467
 10
26.599
 20
28.862
 10
26.648
 20
29.109
 10
26.789
 20
29.463
 10
26.962
 20
29.71
 10
27.11
 20
29.858
 10
27.308
 20
30.006
 10
27.587
 20
30.147
 10
27.809
 20
30.221
 97
0
 92
3
 72
0
 73
1
 93
37
 10
28.155
 20
30.196
 10
28.105
 20
30.171
 10
27.908
 20
30.171
 10
27.587
 20
30.073
 10
27.357
 20
29.957
 10
27.085
 20
29.759
 10
26.912
 20
29.537
 10
26.772
 20
29.258
 10
26.697
 20
29.035
 10
26.673
 20
28.739
 10
26.648
 20
28.689
 10
26.673
 20
28.418
 10
26.747
 20
28.171
 10
26.888
 20
27.892
 10
27.011
 20
27.719
 10
27.258
 20
27.496
 10
27.611
 20
27.306
 10
27.858
 20
27.232
 10
28.056
 20
27.232
 10
28.105
 20
27.207
 10
28.204
 20
27.232
 10
28.402
 20
27.232
 10
28.723
 20
27.331
 10
29.101
 20
27.546
 10
29.323
 20
27.793
 10
29.538
 20
28.195
 10
29.612
 20
28.467
 10
29.612
 20
28.615
 10
29.637
 20
28.665
 10
29.612
 20
28.936
 10
29.513
 20
29.258
 10
29.348
 20
29.586
 10
29.284
 20
29.645
 10
29.249
 20
29.71
 10
29.027
 20
29.907
 10
28.673
 20
30.097
 10
28.426
 20
30.171
 97
0
 92
3
 72
0
 73
1
 93
30
 10
28.063
 20
29.917
 10
28.179
 20
29.924
 10
28.55
 20
29.85
 10
28.829
 20
29.71
 10
28.928
 20
29.635
 10
29.125
 20
29.413
 10
29.266
 20
29.134
 10
29.34
 20
28.887
 10
29.34
 20
28.492
 10
29.266
 20
28.245
 10
29.125
 20
27.99
 10
28.878
 20
27.743
 10
28.73
 20
27.645
 10
28.377
 20
27.504
 10
28.278
 20
27.504
 10
28.229
 20
27.479
 10
28.105
 20
27.479
 10
28.056
 20
27.504
 10
27.834
 20
27.529
 10
27.685
 20
27.578
 10
27.382
 20
27.743
 10
27.233
 20
27.892
 10
27.085
 20
28.114
 10
26.944
 20
28.492
 10
26.944
 20
28.936
 10
26.994
 20
29.109
 10
27.159
 20
29.413
 10
27.431
 20
29.685
 10
27.579
 20
29.784
 10
27.883
 20
29.9
 97
0
 92
3
 72
0
 73
1
 93
35
 10
27.957
 20
29.85
 10
27.76
 20
29.801
 10
27.53
 20
29.685
 10
27.233
 20
29.413
 10
27.159
 20
29.314
 10
27.019
 20
28.986
 10
27.019
 20
28.887
 10
26.994
 20
28.838
 10
26.994
 20
28.566
 10
27.068
 20
28.294
 10
27.184
 20
28.065
 10
27.332
 20
27.867
 10
27.48
 20
27.743
 10
27.636
 20
27.652
 10
27.932
 20
27.553
 10
28.056
 20
27.553
 10
28.105
 20
27.529
 10
28.377
 20
27.553
 10
28.525
 20
27.603
 10
28.829
 20
27.768
 10
28.913
 20
27.857
 10
28.977
 20
27.892
 10
29.101
 20
28.04
 10
29.266
 20
28.368
 10
29.291
 20
28.615
 10
29.316
 20
28.665
 10
29.291
 20
28.739
 10
29.291
 20
28.887
 10
29.242
 20
29.06
 10
29.125
 20
29.314
 10
28.977
 20
29.512
 10
28.829
 20
29.635
 10
28.575
 20
29.776
 10
28.426
 20
29.826
 10
28.303
 20
29.85
 97
0
 92
3
 72
0
 73
1
 93
32
 10
28.039
 20
29.67
 10
28.254
 20
29.677
 10
28.434
 20
29.586
 10
28.483
 20
29.537
 10
28.567
 20
29.374
 10
28.641
 20
29.3
 10
28.797
 20
29.258
 10
28.846
 20
29.208
 10
28.829
 20
29.102
 10
28.73
 20
29.003
 10
28.631
 20
28.954
 10
28.649
 20
28.739
 10
28.582
 20
28.608
 10
28.434
 20
28.534
 10
28.409
 20
28.41
 10
28.328
 20
28.344
 10
28.246
 20
28.361
 10
27.982
 20
28.344
 10
27.9
 20
28.386
 10
27.866
 20
28.524
 10
27.703
 20
28.608
 10
27.661
 20
28.689
 10
27.636
 20
28.813
 10
27.661
 20
28.862
 10
27.653
 20
28.954
 10
27.555
 20
29.003
 10
27.48
 20
29.077
 10
27.438
 20
29.159
 10
27.471
 20
29.25
 10
27.668
 20
29.3
 10
27.826
 20
29.537
 10
27.9
 20
29.611
 97
0
 92
3
 72
0
 73
1
 93
21
 10
28.031
 20
29.628
 10
27.876
 20
29.537
 10
27.727
 20
29.29
 10
27.636
 20
29.233
 10
27.562
 20
29.233
 10
27.495
 20
29.201
 10
27.53
 20
29.102
 10
27.604
 20
29.028
 10
27.685
 20
29.011
 10
27.883
 20
29.085
 10
28.204
 20
29.109
 10
28.254
 20
29.085
 10
28.426
 20
29.085
 10
28.649
 20
29.011
 10
28.78
 20
29.127
 10
28.79
 20
29.201
 10
28.649
 20
29.233
 10
28.557
 20
29.29
 10
28.434
 20
29.512
 10
28.384
 20
29.561
 10
28.254
 20
29.628
 97
0
 92
3
 72
0
 73
1
 93
24
 10
28.014
 20
29.472
 10
28.049
 20
29.472
 10
28.063
 20
29.413
 10
28.137
 20
29.364
 10
28.221
 20
29.413
 10
28.236
 20
29.472
 10
28.296
 20
29.472
 10
28.32
 20
29.388
 10
28.204
 20
29.332
 10
28.32
 20
29.275
 10
28.296
 20
29.191
 10
28.246
 20
29.201
 10
28.221
 20
29.25
 10
28.155
 20
29.282
 10
28.098
 20
29.265
 10
28.049
 20
29.191
 10
27.999
 20
29.201
 10
27.965
 20
29.275
 10
28.031
 20
29.282
 10
28.081
 20
29.332
 10
28.063
 20
29.364
 10
28.031
 20
29.381
 10
27.989
 20
29.364
 10
27.957
 20
29.406
 97
0
 92
3
 72
0
 73
1
 93
23
 10
28.081
 20
29.06
 10
28.031
 20
29.035
 10
27.809
 20
29.011
 10
27.727
 20
28.969
 10
27.685
 20
28.887
 10
27.685
 20
28.764
 10
27.752
 20
28.633
 10
27.89
 20
28.573
 10
27.95
 20
28.41
 10
28.024
 20
28.401
 10
28.073
 20
28.484
 10
28.088
 20
28.401
 10
28.179
 20
28.393
 10
28.229
 20
28.492
 10
28.271
 20
28.41
 10
28.303
 20
28.393
 10
28.37
 20
28.45
 10
28.384
 20
28.559
 10
28.557
 20
28.657
 10
28.599
 20
28.739
 10
28.599
 20
28.887
 10
28.567
 20
28.978
 10
28.501
 20
29.011
 97
0
 92
3
 72
0
 73
1
 93
8
 10
28.36
 20
28.929
 10
28.459
 20
28.894
 10
28.476
 20
28.862
 10
28.476
 20
28.764
 10
28.402
 20
28.689
 10
28.32
 20
28.707
 10
28.254
 20
28.813
 10
28.296
 20
28.894
 97
0
 92
3
 72
0
 73
1
 93
8
 10
27.866
 20
28.904
 10
27.957
 20
28.912
 10
28.014
 20
28.87
 10
28.031
 20
28.788
 10
27.999
 20
28.722
 10
27.883
 20
28.689
 10
27.826
 20
28.731
 10
27.809
 20
28.838
 97
0
 92
3
 72
0
 73
1
 93
7
 10
28.137
 20
28.756
 10
28.204
 20
28.689
 10
28.204
 20
28.64
 10
28.179
 20
28.615
 10
28.147
 20
28.633
 10
28.105
 20
28.615
 10
28.081
 20
28.64
 97
0
 92
3
 72
0
 73
1
 93
35
 10
28.113
 20
28.262
 10
28.155
 20
28.27
 10
28.212
 20
28.228
 10
28.229
 20
28.171
 10
28.179
 20
28.097
 10
28.278
 20
28.047
 10
28.179
 20
27.998
 10
28.187
 20
27.783
 10
28.229
 20
27.776
 10
28.31
 20
27.818
 10
28.352
 20
27.874
 10
28.335
 20
27.941
 10
28.426
 20
27.998
 10
28.476
 20
27.874
 10
28.451
 20
27.85
 10
28.409
 20
27.867
 10
28.31
 20
27.743
 10
28.155
 20
27.652
 10
27.95
 20
27.768
 10
27.9
 20
27.842
 10
27.834
 20
27.874
 10
27.834
 20
27.924
 10
27.876
 20
27.99
 10
27.965
 20
27.931
 10
27.974
 20
27.907
 10
27.94
 20
27.882
 10
27.999
 20
27.818
 10
28.098
 20
27.783
 10
28.13
 20
27.899
 10
28.13
 20
27.998
 10
28.007
 20
28.047
 10
28.031
 20
28.072
 10
28.123
 20
28.079
 10
28.081
 20
28.146
 10
28.081
 20
28.22
 97
0
 75
0
 76
1
 98
0
  0
HATCH
  5
6D
330
17
100
AcDbEntity
  8
RASTER
 62
7
100
AcDbHatch
 10
0.0
 20
0.0
 30
0.0
210
0.0
220
0.0
230
1.0
  2
SOLID
 70
1
 71
0
 91
1
 92
3
 72
0
 73
1
 93
4
 10
30.628
 20
27.436
 10
30.48
 20
27.436
 10
30.654
 20
28.047
 10
30.839
 20
28.047
 97
0
 75
0
 76
1
 98
0
  0
HATCH
  5
6E
330
17
100
AcDbEntity
  8
RASTER
 62
7
100
AcDbHatch
 10
0.0
 20
0.0
 30
0.0
210
0.0
220
0.0
230
1.0
  2
SOLID
 70
1
 71
0
 91
1
 92
3
 72
0
 73
1
 93
108
 10
32.472
 20
28.869
 10
32.128
 20
28.869
 10
32.128
 20
28.159
 10
32.129
 20
28.142
 10
32.129
 20
28.126
 10
32.13
 20
28.111
 10
32.132
 20
28.097
 10
32.133
 20
28.083
 10
32.136
 20
28.071
 10
32.138
 20
28.058
 10
32.141
 20
28.047
 10
32.145
 20
28.036
 10
32.149
 20
28.026
 10
32.153
 20
28.017
 10
32.157
 20
28.008
 10
32.162
 20
27.999
 10
32.167
 20
27.992
 10
32.173
 20
27.985
 10
32.179
 20
27.978
 10
32.185
 20
27.972
 10
32.192
 20
27.967
 10
32.199
 20
27.962
 10
32.206
 20
27.957
 10
32.214
 20
27.953
 10
32.221
 20
27.95
 10
32.229
 20
27.947
 10
32.238
 20
27.944
 10
32.246
 20
27.942
 10
32.255
 20
27.94
 10
32.264
 20
27.939
 10
32.273
 20
27.937
 10
32.282
 20
27.936
 10
32.291
 20
27.936
 10
32.301
 20
27.935
 10
32.31
 20
27.935
 10
32.32
 20
27.935
 10
32.329
 20
27.936
 10
32.338
 20
27.937
 10
32.348
 20
27.938
 10
32.357
 20
27.939
 10
32.367
 20
27.941
 10
32.377
 20
27.943
 10
32.387
 20
27.946
 10
32.397
 20
27.948
 10
32.407
 20
27.951
 10
32.417
 20
27.954
 10
32.426
 20
27.958
 10
32.436
 20
27.962
 10
32.445
 20
27.966
 10
32.455
 20
27.97
 10
32.464
 20
27.974
 10
32.472
 20
27.821
 10
32.46
 20
27.816
 10
32.448
 20
27.812
 10
32.436
 20
27.808
 10
32.424
 20
27.805
 10
32.412
 20
27.802
 10
32.399
 20
27.799
 10
32.387
 20
27.796
 10
32.374
 20
27.793
 10
32.361
 20
27.791
 10
32.348
 20
27.79
 10
32.335
 20
27.788
 10
32.321
 20
27.787
 10
32.307
 20
27.786
 10
32.293
 20
27.785
 10
32.278
 20
27.785
 10
32.264
 20
27.784
 10
32.251
 20
27.785
 10
32.239
 20
27.785
 10
32.226
 20
27.786
 10
32.213
 20
27.788
 10
32.2
 20
27.789
 10
32.187
 20
27.792
 10
32.173
 20
27.794
 10
32.16
 20
27.797
 10
32.146
 20
27.801
 10
32.133
 20
27.805
 10
32.12
 20
27.81
 10
32.107
 20
27.816
 10
32.094
 20
27.823
 10
32.082
 20
27.83
 10
32.07
 20
27.838
 10
32.058
 20
27.847
 10
32.047
 20
27.856
 10
32.036
 20
27.867
 10
32.025
 20
27.878
 10
32.016
 20
27.89
 10
32.006
 20
27.902
 10
31.998
 20
27.916
 10
31.989
 20
27.93
 10
31.982
 20
27.946
 10
31.974
 20
27.962
 10
31.968
 20
27.979
 10
31.963
 20
27.998
 10
31.959
 20
28.018
 10
31.956
 20
28.039
 10
31.953
 20
28.061
 10
31.952
 20
28.085
 10
31.952
 20
28.109
 10
31.952
 20
28.869
 10
31.699
 20
28.869
 10
31.699
 20
29.017
 10
31.952
 20
29.017
 10
31.952
 20
29.36
 10
32.128
 20
29.36
 10
32.128
 20
29.017
 10
32.472
 20
29.017
 97
0
 75
0
 76
1
 98
0
  0
HATCH
  5
6F
330
17
100
AcDbEntity
  8
RASTER
 62
7
100
AcDbHatch
 10
0.0
 20
0.0
 30
0.0
210
0.0
220
0.0
230
1.0
  2
SOLID
 70
1
 71
0
 91
2
 92
3
 72
0
 73
1
 93
197
 10
33.514
 20
28.585
 10
33.513
 20
28.624
 10
33.509
 20
28.659
 10
33.503
 20
28.693
 10
33.493
 20
28.724
 10
33.482
 20
28.752
 10
33.467
 20
28.778
 10
33.451
 20
28.801
 10
33.431
 20
28.822
 10
33.409
 20
28.84
 10
33.385
 20
28.856
 10
33.358
 20
28.869
 10
33.329
 20
28.88
 10
33.298
 20
28.889
 10
33.264
 20
28.895
 10
33.228
 20
28.899
 10
33.189
 20
28.9
 10
33.162
 20
28.899
 10
33.136
 20
28.897
 10
33.109
 20
28.894
 10
33.084
 20
28.89
 10
33.059
 20
28.885
 10
33.034
 20
28.878
 10
33.01
 20
28.87
 10
32.986
 20
28.861
 10
32.963
 20
28.851
 10
32.941
 20
28.84
 10
32.92
 20
28.828
 10
32.9
 20
28.815
 10
32.881
 20
28.802
 10
32.862
 20
28.788
 10
32.844
 20
28.773
 10
32.828
 20
28.757
 10
32.729
 20
28.874
 10
32.749
 20
28.892
 10
32.77
 20
28.91
 10
32.792
 20
28.927
 10
32.816
 20
28.943
 10
32.842
 20
28.958
 10
32.869
 20
28.972
 10
32.898
 20
28.986
 10
32.928
 20
28.999
 10
32.959
 20
29.01
 10
32.992
 20
29.02
 10
33.025
 20
29.029
 10
33.06
 20
29.036
 10
33.095
 20
29.041
 10
33.131
 20
29.045
 10
33.169
 20
29.047
 10
33.207
 20
29.048
 10
33.232
 20
29.048
 10
33.256
 20
29.046
 10
33.28
 20
29.044
 10
33.303
 20
29.041
 10
33.326
 20
29.037
 10
33.348
 20
29.033
 10
33.37
 20
29.027
 10
33.392
 20
29.021
 10
33.413
 20
29.013
 10
33.434
 20
29.005
 10
33.453
 20
28.996
 10
33.473
 20
28.987
 10
33.491
 20
28.976
 10
33.509
 20
28.964
 10
33.526
 20
28.952
 10
33.543
 20
28.939
 10
33.559
 20
28.925
 10
33.574
 20
28.91
 10
33.588
 20
28.894
 10
33.601
 20
28.877
 10
33.613
 20
28.859
 10
33.624
 20
28.841
 10
33.635
 20
28.821
 10
33.644
 20
28.801
 10
33.653
 20
28.78
 10
33.66
 20
28.758
 10
33.666
 20
28.735
 10
33.672
 20
28.711
 10
33.675
 20
28.686
 10
33.678
 20
28.66
 10
33.68
 20
28.634
 10
33.681
 20
28.606
 10
33.681
 20
28.073
 10
33.681
 20
28.055
 10
33.681
 20
28.038
 10
33.681
 20
28.02
 10
33.682
 20
28.001
 10
33.683
 20
27.983
 10
33.684
 20
27.965
 10
33.685
 20
27.946
 10
33.686
 20
27.927
 10
33.687
 20
27.909
 10
33.689
 20
27.891
 10
33.69
 20
27.874
 10
33.692
 20
27.858
 10
33.694
 20
27.842
 10
33.697
 20
27.827
 10
33.699
 20
27.813
 10
33.701
 20
27.8
 10
33.543
 20
27.8
 10
33.541
 20
27.811
 10
33.539
 20
27.823
 10
33.537
 20
27.834
 10
33.536
 20
27.846
 10
33.534
 20
27.858
 10
33.533
 20
27.871
 10
33.531
 20
27.883
 10
33.53
 20
27.896
 10
33.529
 20
27.909
 10
33.528
 20
27.922
 10
33.527
 20
27.935
 10
33.526
 20
27.948
 10
33.525
 20
27.96
 10
33.525
 20
27.973
 10
33.525
 20
27.985
 10
33.525
 20
27.998
 10
33.519
 20
27.998
 10
33.498
 20
27.968
 10
33.476
 20
27.941
 10
33.454
 20
27.916
 10
33.431
 20
27.893
 10
33.407
 20
27.872
 10
33.382
 20
27.853
 10
33.357
 20
27.837
 10
33.331
 20
27.822
 10
33.304
 20
27.81
 10
33.276
 20
27.799
 10
33.246
 20
27.79
 10
33.215
 20
27.782
 10
33.183
 20
27.776
 10
33.149
 20
27.772
 10
33.114
 20
27.77
 10
33.077
 20
27.769
 10
33.06
 20
27.769
 10
33.042
 20
27.77
 10
33.024
 20
27.772
 10
33.006
 20
27.774
 10
32.988
 20
27.776
 10
32.97
 20
27.78
 10
32.952
 20
27.784
 10
32.933
 20
27.788
 10
32.915
 20
27.794
 10
32.897
 20
27.8
 10
32.879
 20
27.806
 10
32.862
 20
27.814
 10
32.846
 20
27.822
 10
32.829
 20
27.831
 10
32.813
 20
27.841
 10
32.798
 20
27.852
 10
32.783
 20
27.863
 10
32.769
 20
27.876
 10
32.755
 20
27.889
 10
32.742
 20
27.903
 10
32.73
 20
27.917
 10
32.718
 20
27.933
 10
32.707
 20
27.949
 10
32.697
 20
27.966
 10
32.687
 20
27.984
 10
32.679
 20
28.003
 10
32.672
 20
28.023
 10
32.666
 20
28.044
 10
32.662
 20
28.066
 10
32.659
 20
28.089
 10
32.657
 20
28.113
 10
32.656
 20
28.138
 10
32.657
 20
28.172
 10
32.661
 20
28.205
 10
32.666
 20
28.235
 10
32.674
 20
28.264
 10
32.684
 20
28.291
 10
32.696
 20
28.316
 10
32.711
 20
28.339
 10
32.728
 20
28.36
 10
32.746
 20
28.38
 10
32.766
 20
28.399
 10
32.788
 20
28.416
 10
32.811
 20
28.432
 10
32.836
 20
28.446
 10
32.862
 20
28.46
 10
32.89
 20
28.472
 10
32.919
 20
28.482
 10
32.949
 20
28.492
 10
32.981
 20
28.501
 10
33.013
 20
28.509
 10
33.047
 20
28.516
 10
33.082
 20
28.522
 10
33.118
 20
28.527
 10
33.155
 20
28.531
 10
33.193
 20
28.534
 10
33.232
 20
28.537
 10
33.271
 20
28.54
 10
33.311
 20
28.542
 10
33.351
 20
28.543
 10
33.391
 20
28.545
 10
33.432
 20
28.545
 10
33.473
 20
28.546
 10
33.514
 20
28.546
 97
0
 92
3
 72
0
 73
1
 93
98
 10
33.462
 20
28.408
 10
33.435
 20
28.408
 10
33.408
 20
28.408
 10
33.38
 20
28.407
 10
33.353
 20
28.406
 10
33.325
 20
28.405
 10
33.298
 20
28.403
 10
33.27
 20
28.401
 10
33.243
 20
28.399
 10
33.215
 20
28.397
 10
33.189
 20
28.394
 10
33.163
 20
28.39
 10
33.137
 20
28.386
 10
33.113
 20
28.381
 10
33.088
 20
28.375
 10
33.065
 20
28.369
 10
33.042
 20
28.363
 10
33.02
 20
28.356
 10
32.999
 20
28.348
 10
32.98
 20
28.339
 10
32.961
 20
28.329
 10
32.943
 20
28.319
 10
32.926
 20
28.308
 10
32.91
 20
28.296
 10
32.895
 20
28.284
 10
32.882
 20
28.27
 10
32.87
 20
28.255
 10
32.861
 20
28.24
 10
32.853
 20
28.223
 10
32.846
 20
28.205
 10
32.842
 20
28.187
 10
32.839
 20
28.167
 10
32.838
 20
28.146
 10
32.839
 20
28.13
 10
32.84
 20
28.115
 10
32.842
 20
28.1
 10
32.844
 20
28.086
 10
32.848
 20
28.073
 10
32.852
 20
28.06
 10
32.857
 20
28.048
 10
32.863
 20
28.037
 10
32.869
 20
28.026
 10
32.876
 20
28.016
 10
32.884
 20
28.006
 10
32.892
 20
27.997
 10
32.9
 20
27.988
 10
32.909
 20
27.98
 10
32.919
 20
27.972
 10
32.929
 20
27.965
 10
32.94
 20
27.959
 10
32.951
 20
27.952
 10
32.962
 20
27.947
 10
32.973
 20
27.942
 10
32.985
 20
27.937
 10
32.997
 20
27.933
 10
33.009
 20
27.929
 10
33.022
 20
27.926
 10
33.034
 20
27.923
 10
33.047
 20
27.921
 10
33.06
 20
27.919
 10
33.073
 20
27.917
 10
33.085
 20
27.916
 10
33.098
 20
27.915
 10
33.111
 20
27.915
 10
33.124
 20
27.914
 10
33.147
 20
27.915
 10
33.17
 20
27.916
 10
33.191
 20
27.919
 10
33.213
 20
27.923
 10
33.233
 20
27.927
 10
33.253
 20
27.933
 10
33.272
 20
27.939
 10
33.291
 20
27.947
 10
33.308
 20
27.955
 10
33.326
 20
27.965
 10
33.342
 20
27.975
 10
33.358
 20
27.985
 10
33.372
 20
27.997
 10
33.387
 20
28.009
 10
33.4
 20
28.022
 10
33.413
 20
28.035
 10
33.425
 20
28.05
 10
33.436
 20
28.064
 10
33.447
 20
28.08
 10
33.456
 20
28.095
 10
33.465
 20
28.112
 10
33.474
 20
28.129
 10
33.481
 20
28.146
 10
33.488
 20
28.164
 10
33.494
 20
28.182
 10
33.5
 20
28.201
 10
33.504
 20
28.22
 10
33.508
 20
28.239
 10
33.511
 20
28.258
 10
33.513
 20
28.278
 10
33.514
 20
28.297
 10
33.514
 20
28.317
 10
33.514
 20
28.408
 97
0
 75
0
 76
1
 98
0
  0
HATCH
  5
70
330
17
100
AcDbEntity
  8
RASTER
 62
7
100
AcDbHatch
 10
0.0
 20
0.0
 30
0.0
210
0.0
220
0.0
230
1.0
  2
SOLID
 70
1
 71
0
 91
2
 92
3
 72
0
 73
1
 93
4
 10
34.315
 20
27.8
 10
34.138
 20
27.8
 10
34.138
 20
29.017
 10
34.315
 20
29.017
 97
0
 92
3
 72
0
 73
1
 93
65
 10
34.351
 20
29.485
 10
34.351
 20
29.471
 10
34.349
 20
29.459
 10
34.346
 20
29.447
 10
34.342
 20
29.435
 10
34.336
 20
29.424
 10
34.329
 20
29.414
 10
34.322
 20
29.404
 10
34.312
 20
29.395
 10
34.303
 20
29.387
 10
34.292
 20
29.38
 10
34.282
 20
29.374
 10
34.271
 20
29.369
 10
34.261
 20
29.365
 10
34.25
 20
29.362
 10
34.238
 20
29.361
 10
34.227
 20
29.36
 10
34.215
 20
29.361
 10
34.204
 20
29.362
 10
34.193
 20
29.365
 10
34.182
 20
29.369
 10
34.171
 20
29.374
 10
34.161
 20
29.38
 10
34.151
 20
29.387
 10
34.141
 20
29.395
 10
34.132
 20
29.404
 10
34.124
 20
29.414
 10
34.117
 20
29.424
 10
34.112
 20
29.435
 10
34.107
 20
29.447
 10
34.104
 20
29.459
 10
34.102
 20
29.471
 10
34.102
 20
29.485
 10
34.102
 20
29.498
 10
34.104
 20
29.511
 10
34.107
 20
29.523
 10
34.112
 20
29.535
 10
34.117
 20
29.545
 10
34.124
 20
29.556
 10
34.132
 20
29.565
 10
34.141
 20
29.574
 10
34.151
 20
29.583
 10
34.161
 20
29.59
 10
34.171
 20
29.596
 10
34.182
 20
29.601
 10
34.193
 20
29.605
 10
34.204
 20
29.607
 10
34.215
 20
29.609
 10
34.227
 20
29.61
 10
34.238
 20
29.609
 10
34.25
 20
29.607
 10
34.261
 20
29.605
 10
34.271
 20
29.601
 10
34.282
 20
29.596
 10
34.292
 20
29.59
 10
34.303
 20
29.583
 10
34.312
 20
29.574
 10
34.322
 20
29.565
 10
34.329
 20
29.556
 10
34.336
 20
29.545
 10
34.342
 20
29.535
 10
34.346
 20
29.523
 10
34.349
 20
29.511
 10
34.351
 20
29.498
 10
34.351
 20
29.485
 97
0
 75
0
 76
1
 98
0
  0
HATCH
  5
71
330
17
100
AcDbEntity
  8
RASTER
 62
7
100
AcDbHatch
 10
0.0
 20
0.0
 30
0.0
210
0.0
220
0.0
230
1.0
  2
SOLID
 70
1
 71
0
 91
1
 92
3
 72
0
 73
1
 93
4
 10
34.968
 20
27.8
 10
34.791
 20
27.8
 10
34.791
 20
29.766
 10
34.968
 20
29.766
 97
0
 75
0
 76
1
 98
0
  0
HATCH
  5
72
330
17
100
AcDbEntity
  8
RASTER
 62
7
100
AcDbHatch
 10
0.0
 20
0.0
 30
0.0
210
0.0
220
0.0
230
1.0
  2
SOLID
 70
1
 71
0
 91
1
 92
3
 72
0
 73
1
 93
274
 10
36.088
 20
28.728
 10
36.078
 20
28.747
 10
36.066
 20
28.764
 10
36.053
 20
28.781
 10
36.039
 20
28.797
 10
36.024
 20
28.812
 10
36.007
 20
28.826
 10
35.989
 20
28.839
 10
35.97
 20
28.852
 10
35.95
 20
28.863
 10
35.929
 20
28.873
 10
35.907
 20
28.881
 10
35.885
 20
28.888
 10
35.862
 20
28.893
 10
35.839
 20
28.897
 10
35.814
 20
28.899
 10
35.789
 20
28.9
 10
35.778
 20
28.9
 10
35.766
 20
28.899
 10
35.754
 20
28.898
 10
35.742
 20
28.897
 10
35.731
 20
28.896
 10
35.719
 20
28.894
 10
35.707
 20
28.892
 10
35.696
 20
28.889
 10
35.684
 20
28.887
 10
35.673
 20
28.883
 10
35.662
 20
28.88
 10
35.651
 20
28.876
 10
35.641
 20
28.871
 10
35.631
 20
28.866
 10
35.622
 20
28.861
 10
35.612
 20
28.856
 10
35.604
 20
28.85
 10
35.595
 20
28.843
 10
35.587
 20
28.836
 10
35.58
 20
28.829
 10
35.572
 20
28.821
 10
35.566
 20
28.813
 10
35.56
 20
28.805
 10
35.554
 20
28.796
 10
35.549
 20
28.786
 10
35.544
 20
28.777
 10
35.54
 20
28.767
 10
35.537
 20
28.756
 10
35.535
 20
28.745
 10
35.533
 20
28.734
 10
35.532
 20
28.722
 10
35.532
 20
28.71
 10
35.533
 20
28.689
 10
35.536
 20
28.67
 10
35.542
 20
28.651
 10
35.549
 20
28.634
 10
35.559
 20
28.618
 10
35.571
 20
28.604
 10
35.586
 20
28.591
 10
35.602
 20
28.579
 10
35.621
 20
28.568
 10
35.642
 20
28.557
 10
35.666
 20
28.547
 10
35.692
 20
28.537
 10
35.721
 20
28.527
 10
35.753
 20
28.518
 10
35.787
 20
28.51
 10
35.823
 20
28.502
 10
35.875
 20
28.49
 10
35.924
 20
28.477
 10
35.969
 20
28.463
 10
36.011
 20
28.448
 10
36.049
 20
28.431
 10
36.083
 20
28.413
 10
36.114
 20
28.394
 10
36.142
 20
28.373
 10
36.166
 20
28.351
 10
36.186
 20
28.327
 10
36.204
 20
28.302
 10
36.219
 20
28.274
 10
36.23
 20
28.245
 10
36.238
 20
28.214
 10
36.243
 20
28.181
 10
36.244
 20
28.146
 10
36.244
 20
28.12
 10
36.242
 20
28.096
 10
36.239
 20
28.072
 10
36.234
 20
28.05
 10
36.228
 20
28.028
 10
36.222
 20
28.008
 10
36.213
 20
27.989
 10
36.204
 20
27.97
 10
36.193
 20
27.953
 10
36.182
 20
27.936
 10
36.17
 20
27.92
 10
36.157
 20
27.905
 10
36.144
 20
27.891
 10
36.13
 20
27.878
 10
36.114
 20
27.865
 10
36.099
 20
27.853
 10
36.082
 20
27.842
 10
36.065
 20
27.832
 10
36.047
 20
27.823
 10
36.029
 20
27.814
 10
36.011
 20
27.807
 10
35.992
 20
27.8
 10
35.972
 20
27.794
 10
35.952
 20
27.788
 10
35.931
 20
27.784
 10
35.911
 20
27.78
 10
35.89
 20
27.776
 10
35.869
 20
27.774
 10
35.849
 20
27.772
 10
35.828
 20
27.77
 10
35.807
 20
27.769
 10
35.787
 20
27.769
 10
35.752
 20
27.77
 10
35.718
 20
27.772
 10
35.684
 20
27.777
 10
35.651
 20
27.783
 10
35.617
 20
27.791
 10
35.584
 20
27.801
 10
35.551
 20
27.813
 10
35.519
 20
27.826
 10
35.487
 20
27.841
 10
35.457
 20
27.859
 10
35.428
 20
27.878
 10
35.401
 20
27.899
 10
35.375
 20
27.923
 10
35.35
 20
27.948
 10
35.327
 20
27.976
 10
35.306
 20
28.005
 10
35.446
 20
28.109
 10
35.458
 20
28.09
 10
35.472
 20
28.071
 10
35.487
 20
28.053
 10
35.504
 20
28.035
 10
35.522
 20
28.019
 10
35.541
 20
28.003
 10
35.562
 20
27.988
 10
35.584
 20
27.974
 10
35.607
 20
27.961
 10
35.63
 20
27.95
 10
35.655
 20
27.941
 10
35.679
 20
27.933
 10
35.705
 20
27.927
 10
35.731
 20
27.923
 10
35.757
 20
27.92
 10
35.784
 20
27.92
 10
35.798
 20
27.92
 10
35.812
 20
27.92
 10
35.826
 20
27.921
 10
35.84
 20
27.922
 10
35.853
 20
27.924
 10
35.867
 20
27.925
 10
35.88
 20
27.928
 10
35.893
 20
27.93
 10
35.906
 20
27.933
 10
35.918
 20
27.936
 10
35.93
 20
27.94
 10
35.942
 20
27.944
 10
35.953
 20
27.949
 10
35.964
 20
27.954
 10
35.974
 20
27.96
 10
35.984
 20
27.966
 10
35.994
 20
27.973
 10
36.003
 20
27.98
 10
36.011
 20
27.988
 10
36.019
 20
27.996
 10
36.027
 20
28.004
 10
36.034
 20
28.013
 10
36.041
 20
28.023
 10
36.047
 20
28.033
 10
36.052
 20
28.043
 10
36.057
 20
28.054
 10
36.061
 20
28.066
 10
36.064
 20
28.078
 10
36.067
 20
28.091
 10
36.069
 20
28.104
 10
36.07
 20
28.118
 10
36.07
 20
28.133
 10
36.069
 20
28.156
 10
36.064
 20
28.178
 10
36.057
 20
28.198
 10
36.047
 20
28.217
 10
36.034
 20
28.234
 10
36.018
 20
28.25
 10
35.999
 20
28.264
 10
35.978
 20
28.277
 10
35.953
 20
28.289
 10
35.926
 20
28.301
 10
35.897
 20
28.312
 10
35.865
 20
28.324
 10
35.83
 20
28.335
 10
35.793
 20
28.346
 10
35.753
 20
28.356
 10
35.711
 20
28.367
 10
35.697
 20
28.37
 10
35.683
 20
28.374
 10
35.669
 20
28.377
 10
35.655
 20
28.381
 10
35.64
 20
28.386
 10
35.626
 20
28.39
 10
35.611
 20
28.395
 10
35.596
 20
28.399
 10
35.58
 20
28.404
 10
35.566
 20
28.41
 10
35.551
 20
28.416
 10
35.537
 20
28.423
 10
35.523
 20
28.431
 10
35.509
 20
28.439
 10
35.496
 20
28.447
 10
35.482
 20
28.457
 10
35.47
 20
28.466
 10
35.458
 20
28.477
 10
35.446
 20
28.488
 10
35.435
 20
28.499
 10
35.425
 20
28.511
 10
35.415
 20
28.524
 10
35.405
 20
28.537
 10
35.397
 20
28.551
 10
35.389
 20
28.566
 10
35.382
 20
28.582
 10
35.376
 20
28.598
 10
35.371
 20
28.616
 10
35.368
 20
28.634
 10
35.365
 20
28.653
 10
35.363
 20
28.673
 10
35.363
 20
28.694
 10
35.363
 20
28.717
 10
35.365
 20
28.739
 10
35.368
 20
28.761
 10
35.372
 20
28.781
 10
35.377
 20
28.801
 10
35.383
 20
28.819
 10
35.391
 20
28.837
 10
35.399
 20
28.854
 10
35.409
 20
28.871
 10
35.419
 20
28.886
 10
35.43
 20
28.901
 10
35.442
 20
28.915
 10
35.454
 20
28.928
 10
35.468
 20
28.941
 10
35.482
 20
28.952
 10
35.497
 20
28.963
 10
35.512
 20
28.974
 10
35.528
 20
28.984
 10
35.545
 20
28.993
 10
35.562
 20
29.001
 10
35.58
 20
29.008
 10
35.598
 20
29.015
 10
35.617
 20
29.022
 10
35.636
 20
29.027
 10
35.655
 20
29.032
 10
35.675
 20
29.036
 10
35.695
 20
29.04
 10
35.715
 20
29.043
 10
35.735
 20
29.045
 10
35.756
 20
29.047
 10
35.776
 20
29.048
 10
35.797
 20
29.048
 10
35.829
 20
29.047
 10
35.86
 20
29.044
 10
35.891
 20
29.04
 10
35.922
 20
29.034
 10
35.953
 20
29.026
 10
35.984
 20
29.016
 10
36.014
 20
29.004
 10
36.044
 20
28.991
 10
36.073
 20
28.976
 10
36.1
 20
28.959
 10
36.125
 20
28.941
 10
36.149
 20
28.922
 10
36.17
 20
28.901
 10
36.19
 20
28.879
 10
36.208
 20
28.855
 10
36.223
 20
28.83
 97
0
 75
0
 76
1
 98
0
  0
HATCH
  5
73
330
17
100
AcDbEntity
  8
RASTER
 62
7
100
AcDbHatch
 10
0.0
 20
0.0
 30
0.0
210
0.0
220
0.0
230
1.0
  2
SOLID
 70
1
 71
0
 91
1
 92
3
 72
0
 73
1
 93
7
 10
37.942
 20
27.8
 10
37.755
 20
27.8
 10
37.755
 20
29.409
 10
37.422
 20
29.126
 10
37.308
 20
29.256
 10
37.776
 20
29.641
 10
37.942
 20
29.641
 97
0
 75
0
 76
1
 98
0
  0
HATCH
  5
74
330
17
100
AcDbEntity
  8
RASTER
 62
7
100
AcDbHatch
 10
0.0
 20
0.0
 30
0.0
210
0.0
220
0.0
230
1.0
  2
SOLID
 70
1
 71
0
 91
2
 92
3
 72
0
 73
1
 93
19
 10
40.457
 20
30.435
 10
41.122
 20
30.43
 10
41.775
 20
30.165
 10
42.208
 20
29.722
 10
42.47
 20
29.084
 10
42.518
 20
28.794
 10
42.472
 20
28.299
 10
42.203
 20
27.663
 10
41.801
 20
27.239
 10
41.152
 20
26.976
 10
40.658
 20
26.933
 10
40.319
 20
26.98
 10
39.783
 20
27.198
 10
39.291
 20
27.679
 10
39.022
 20
28.308
 10
39.046
 20
29.153
 10
39.287
 20
29.706
 10
39.779
 20
30.177
 10
40.143
 20
30.36
 97
0
 92
3
 72
0
 73
1
 93
20
 10
40.492
 20
30.135
 10
40.247
 20
30.077
 10
39.954
 20
29.929
 10
39.538
 20
29.531
 10
39.344
 20
29.086
 10
39.324
 20
28.365
 10
39.543
 20
27.852
 10
39.951
 20
27.454
 10
40.398
 20
27.272
 10
40.666
 20
27.235
 10
41.081
 20
27.271
 10
41.628
 20
27.492
 10
41.947
 20
27.829
 10
42.177
 20
28.373
 10
42.215
 20
28.783
 10
42.179
 20
29.001
 10
41.952
 20
29.554
 10
41.604
 20
29.911
 10
41.062
 20
30.13
 10
40.492
 20
30.135
 97
0
 75
0
 76
1
 98
0
  0
HATCH
  5
75
330
17
100
AcDbEntity
  8
RASTER
 62
7
100
AcDbHatch
 10
0.0
 20
0.0
 30
0.0
210
0.0
220
0.0
230
1.0
  2
SOLID
 70
1
 71
0
 91
12
 92
3
 72
0
 73
1
 93
32
 10
40.546
 20
30.238
 10
40.983
 20
30.246
 10
41.206
 20
30.196
 10
41.534
 20
30.055
 10
41.756
 20
29.907
 10
41.929
 20
29.734
 10
42.127
 20
29.438
 10
42.268
 20
29.06
 10
42.317
 20
28.813
 10
42.317
 20
28.591
 10
42.218
 20
28.146
 10
41.979
 20
27.719
 10
41.682
 20
27.422
 10
41.304
 20
27.232
 10
40.884
 20
27.133
 10
40.637
 20
27.133
 10
40.588
 20
27.158
 10
40.341
 20
27.183
 10
40.193
 20
27.232
 10
39.84
 20
27.422
 10
39.568
 20
27.669
 10
39.444
 20
27.842
 10
39.279
 20
28.171
 10
39.205
 20
28.467
 10
39.205
 20
28.862
 10
39.254
 20
29.109
 10
39.395
 20
29.463
 10
39.568
 20
29.71
 10
39.716
 20
29.858
 10
39.914
 20
30.006
 10
40.193
 20
30.147
 10
40.415
 20
30.221
 97
0
 92
3
 72
0
 73
1
 93
37
 10
40.761
 20
30.196
 10
40.712
 20
30.171
 10
40.514
 20
30.171
 10
40.193
 20
30.073
 10
39.963
 20
29.957
 10
39.691
 20
29.759
 10
39.519
 20
29.537
 10
39.378
 20
29.258
 10
39.304
 20
29.035
 10
39.279
 20
28.739
 10
39.254
 20
28.689
 10
39.279
 20
28.418
 10
39.353
 20
28.171
 10
39.494
 20
27.892
 10
39.617
 20
27.719
 10
39.864
 20
27.496
 10
40.218
 20
27.306
 10
40.465
 20
27.232
 10
40.662
 20
27.232
 10
40.712
 20
27.207
 10
40.81
 20
27.232
 10
41.008
 20
27.232
 10
41.329
 20
27.331
 10
41.707
 20
27.546
 10
41.929
 20
27.793
 10
42.144
 20
28.195
 10
42.218
 20
28.467
 10
42.218
 20
28.615
 10
42.243
 20
28.665
 10
42.218
 20
28.936
 10
42.119
 20
29.258
 10
41.954
 20
29.586
 10
41.89
 20
29.645
 10
41.855
 20
29.71
 10
41.633
 20
29.907
 10
41.28
 20
30.097
 10
41.033
 20
30.171
 97
0
 92
3
 72
0
 73
1
 93
30
 10
40.67
 20
29.917
 10
40.786
 20
29.924
 10
41.156
 20
29.85
 10
41.435
 20
29.71
 10
41.534
 20
29.635
 10
41.732
 20
29.413
 10
41.872
 20
29.134
 10
41.947
 20
28.887
 10
41.947
 20
28.492
 10
41.872
 20
28.245
 10
41.732
 20
27.99
 10
41.485
 20
27.743
 10
41.336
 20
27.645
 10
40.983
 20
27.504
 10
40.884
 20
27.504
 10
40.835
 20
27.479
 10
40.712
 20
27.479
 10
40.662
 20
27.504
 10
40.44
 20
27.529
 10
40.292
 20
27.578
 10
39.988
 20
27.743
 10
39.84
 20
27.892
 10
39.691
 20
28.114
 10
39.551
 20
28.492
 10
39.551
 20
28.936
 10
39.6
 20
29.109
 10
39.766
 20
29.413
 10
40.037
 20
29.685
 10
40.185
 20
29.784
 10
40.489
 20
29.9
 97
0
 92
3
 72
0
 73
1
 93
35
 10
40.563
 20
29.85
 10
40.366
 20
29.801
 10
40.136
 20
29.685
 10
39.84
 20
29.413
 10
39.766
 20
29.314
 10
39.625
 20
28.986
 10
39.625
 20
28.887
 10
39.6
 20
28.838
 10
39.6
 20
28.566
 10
39.674
 20
28.294
 10
39.79
 20
28.065
 10
39.938
 20
27.867
 10
40.087
 20
27.743
 10
40.242
 20
27.652
 10
40.539
 20
27.553
 10
40.662
 20
27.553
 10
40.712
 20
27.529
 10
40.983
 20
27.553
 10
41.131
 20
27.603
 10
41.435
 20
27.768
 10
41.519
 20
27.857
 10
41.583
 20
27.892
 10
41.707
 20
28.04
 10
41.872
 20
28.368
 10
41.897
 20
28.615
 10
41.922
 20
28.665
 10
41.897
 20
28.739
 10
41.897
 20
28.887
 10
41.848
 20
29.06
 10
41.732
 20
29.314
 10
41.583
 20
29.512
 10
41.435
 20
29.635
 10
41.181
 20
29.776
 10
41.033
 20
29.826
 10
40.909
 20
29.85
 97
0
 92
3
 72
0
 73
1
 93
32
 10
40.645
 20
29.67
 10
40.86
 20
29.677
 10
41.04
 20
29.586
 10
41.089
 20
29.537
 10
41.173
 20
29.374
 10
41.248
 20
29.3
 10
41.403
 20
29.258
 10
41.453
 20
29.208
 10
41.435
 20
29.102
 10
41.336
 20
29.003
 10
41.238
 20
28.954
 10
41.255
 20
28.739
 10
41.188
 20
28.608
 10
41.04
 20
28.534
 10
41.015
 20
28.41
 10
40.934
 20
28.344
 10
40.852
 20
28.361
 10
40.588
 20
28.344
 10
40.507
 20
28.386
 10
40.472
 20
28.524
 10
40.309
 20
28.608
 10
40.267
 20
28.689
 10
40.242
 20
28.813
 10
40.267
 20
28.862
 10
40.26
 20
28.954
 10
40.161
 20
29.003
 10
40.087
 20
29.077
 10
40.045
 20
29.159
 10
40.077
 20
29.25
 10
40.274
 20
29.3
 10
40.432
 20
29.537
 10
40.507
 20
29.611
 97
0
 92
3
 72
0
 73
1
 93
21
 10
40.637
 20
29.628
 10
40.482
 20
29.537
 10
40.334
 20
29.29
 10
40.242
 20
29.233
 10
40.168
 20
29.233
 10
40.101
 20
29.201
 10
40.136
 20
29.102
 10
40.21
 20
29.028
 10
40.292
 20
29.011
 10
40.489
 20
29.085
 10
40.81
 20
29.109
 10
40.86
 20
29.085
 10
41.033
 20
29.085
 10
41.255
 20
29.011
 10
41.386
 20
29.127
 10
41.396
 20
29.201
 10
41.255
 20
29.233
 10
41.164
 20
29.29
 10
41.04
 20
29.512
 10
40.991
 20
29.561
 10
40.86
 20
29.628
 97
0
 92
3
 72
0
 73
1
 93
24
 10
40.62
 20
29.472
 10
40.655
 20
29.472
 10
40.67
 20
29.413
 10
40.744
 20
29.364
 10
40.828
 20
29.413
 10
40.842
 20
29.472
 10
40.902
 20
29.472
 10
40.926
 20
29.388
 10
40.81
 20
29.332
 10
40.926
 20
29.275
 10
40.902
 20
29.191
 10
40.852
 20
29.201
 10
40.828
 20
29.25
 10
40.761
 20
29.282
 10
40.704
 20
29.265
 10
40.655
 20
29.191
 10
40.605
 20
29.201
 10
40.571
 20
29.275
 10
40.637
 20
29.282
 10
40.687
 20
29.332
 10
40.67
 20
29.364
 10
40.637
 20
29.381
 10
40.595
 20
29.364
 10
40.563
 20
29.406
 97
0
 92
3
 72
0
 73
1
 93
23
 10
40.687
 20
29.06
 10
40.637
 20
29.035
 10
40.415
 20
29.011
 10
40.334
 20
28.969
 10
40.292
 20
28.887
 10
40.292
 20
28.764
 10
40.358
 20
28.633
 10
40.497
 20
28.573
 10
40.556
 20
28.41
 10
40.63
 20
28.401
 10
40.679
 20
28.484
 10
40.694
 20
28.401
 10
40.786
 20
28.393
 10
40.835
 20
28.492
 10
40.877
 20
28.41
 10
40.909
 20
28.393
 10
40.976
 20
28.45
 10
40.991
 20
28.559
 10
41.164
 20
28.657
 10
41.206
 20
28.739
 10
41.206
 20
28.887
 10
41.173
 20
28.978
 10
41.107
 20
29.011
 97
0
 92
3
 72
0
 73
1
 93
8
 10
40.966
 20
28.929
 10
41.065
 20
28.894
 10
41.082
 20
28.862
 10
41.082
 20
28.764
 10
41.008
 20
28.689
 10
40.926
 20
28.707
 10
40.86
 20
28.813
 10
40.902
 20
28.894
 97
0
 92
3
 72
0
 73
1
 93
8
 10
40.472
 20
28.904
 10
40.563
 20
28.912
 10
40.62
 20
28.87
 10
40.637
 20
28.788
 10
40.605
 20
28.722
 10
40.489
 20
28.689
 10
40.432
 20
28.731
 10
40.415
 20
28.838
 97
0
 92
3
 72
0
 73
1
 93
7
 10
40.744
 20
28.756
 10
40.81
 20
28.689
 10
40.81
 20
28.64
 10
40.786
 20
28.615
 10
40.754
 20
28.633
 10
40.712
 20
28.615
 10
40.687
 20
28.64
 97
0
 92
3
 72
0
 73
1
 93
35
 10
40.719
 20
28.262
 10
40.761
 20
28.27
 10
40.818
 20
28.228
 10
40.835
 20
28.171
 10
40.786
 20
28.097
 10
40.884
 20
28.047
 10
40.786
 20
27.998
 10
40.793
 20
27.783
 10
40.835
 20
27.776
 10
40.917
 20
27.818
 10
40.959
 20
27.874
 10
40.941
 20
27.941
 10
41.033
 20
27.998
 10
41.082
 20
27.874
 10
41.057
 20
27.85
 10
41.015
 20
27.867
 10
40.917
 20
27.743
 10
40.761
 20
27.652
 10
40.556
 20
27.768
 10
40.507
 20
27.842
 10
40.44
 20
27.874
 10
40.44
 20
27.924
 10
40.482
 20
27.99
 10
40.571
 20
27.931
 10
40.581
 20
27.907
 10
40.546
 20
27.882
 10
40.605
 20
27.818
 10
40.704
 20
27.783
 10
40.736
 20
27.899
 10
40.736
 20
27.998
 10
40.613
 20
28.047
 10
40.637
 20
28.072
 10
40.729
 20
28.079
 10
40.687
 20
28.146
 10
40.687
 20
28.22
 97
0
 75
0
 76
1
 98
0
  0
HATCH
  5
76
330
17
100
AcDbEntity
  8
RASTER
 62
7
100
AcDbHatch
 10
0.0
 20
0.0
 30
0.0
210
0.0
220
0.0
230
1.0
  2
SOLID
 70
1
 71
0
 91
1
 92
3
 72
0
 73
1
 93
210
 10
10.531
 20
24.409
 10
10.513
 20
24.433
 10
10.492
 20
24.455
 10
10.471
 20
24.476
 10
10.448
 20
24.495
 10
10.423
 20
24.512
 10
10.397
 20
24.527
 10
10.37
 20
24.541
 10
10.342
 20
24.554
 10
10.312
 20
24.564
 10
10.283
 20
24.573
 10
10.255
 20
24.581
 10
10.226
 20
24.588
 10
10.197
 20
24.593
 10
10.169
 20
24.596
 10
10.141
 20
24.598
 10
10.113
 20
24.599
 10
10.077
 20
24.598
 10
10.043
 20
24.596
 10
10.009
 20
24.592
 10
9.976
 20
24.586
 10
9.944
 20
24.579
 10
9.913
 20
24.57
 10
9.882
 20
24.559
 10
9.853
 20
24.547
 10
9.824
 20
24.533
 10
9.796
 20
24.519
 10
9.77
 20
24.503
 10
9.744
 20
24.485
 10
9.719
 20
24.467
 10
9.696
 20
24.447
 10
9.673
 20
24.426
 10
9.651
 20
24.404
 10
9.631
 20
24.381
 10
9.611
 20
24.357
 10
9.593
 20
24.331
 10
9.577
 20
24.305
 10
9.561
 20
24.278
 10
9.546
 20
24.25
 10
9.533
 20
24.221
 10
9.521
 20
24.191
 10
9.511
 20
24.16
 10
9.501
 20
24.128
 10
9.494
 20
24.096
 10
9.487
 20
24.063
 10
9.482
 20
24.03
 10
9.479
 20
23.996
 10
9.477
 20
23.961
 10
9.476
 20
23.926
 10
9.476
 20
23.888
 10
9.479
 20
23.852
 10
9.482
 20
23.816
 10
9.487
 20
23.781
 10
9.493
 20
23.747
 10
9.501
 20
23.714
 10
9.51
 20
23.682
 10
9.52
 20
23.65
 10
9.532
 20
23.619
 10
9.544
 20
23.59
 10
9.558
 20
23.561
 10
9.574
 20
23.534
 10
9.59
 20
23.508
 10
9.608
 20
23.483
 10
9.626
 20
23.458
 10
9.646
 20
23.436
 10
9.667
 20
23.414
 10
9.689
 20
23.393
 10
9.712
 20
23.374
 10
9.736
 20
23.356
 10
9.761
 20
23.339
 10
9.787
 20
23.324
 10
9.814
 20
23.309
 10
9.842
 20
23.296
 10
9.871
 20
23.285
 10
9.901
 20
23.275
 10
9.932
 20
23.266
 10
9.964
 20
23.259
 10
9.997
 20
23.254
 10
10.03
 20
23.25
 10
10.064
 20
23.248
 10
10.1
 20
23.247
 10
10.136
 20
23.248
 10
10.172
 20
23.251
 10
10.206
 20
23.255
 10
10.24
 20
23.262
 10
10.272
 20
23.27
 10
10.303
 20
23.28
 10
10.333
 20
23.292
 10
10.362
 20
23.306
 10
10.39
 20
23.321
 10
10.417
 20
23.337
 10
10.442
 20
23.355
 10
10.466
 20
23.373
 10
10.488
 20
23.393
 10
10.509
 20
23.414
 10
10.529
 20
23.437
 10
10.547
 20
23.46
 10
10.81
 20
23.276
 10
10.778
 20
23.238
 10
10.745
 20
23.203
 10
10.71
 20
23.17
 10
10.674
 20
23.139
 10
10.636
 20
23.111
 10
10.596
 20
23.084
 10
10.554
 20
23.06
 10
10.511
 20
23.038
 10
10.465
 20
23.018
 10
10.418
 20
23.001
 10
10.37
 20
22.986
 10
10.319
 20
22.974
 10
10.266
 20
22.965
 10
10.212
 20
22.958
 10
10.155
 20
22.955
 10
10.097
 20
22.953
 10
10.044
 20
22.954
 10
9.991
 20
22.958
 10
9.94
 20
22.963
 10
9.89
 20
22.971
 10
9.841
 20
22.981
 10
9.793
 20
22.993
 10
9.746
 20
23.008
 10
9.701
 20
23.025
 10
9.656
 20
23.043
 10
9.614
 20
23.064
 10
9.572
 20
23.086
 10
9.533
 20
23.111
 10
9.495
 20
23.136
 10
9.458
 20
23.164
 10
9.423
 20
23.194
 10
9.39
 20
23.225
 10
9.358
 20
23.258
 10
9.329
 20
23.292
 10
9.301
 20
23.328
 10
9.274
 20
23.366
 10
9.25
 20
23.405
 10
9.227
 20
23.446
 10
9.206
 20
23.488
 10
9.187
 20
23.532
 10
9.17
 20
23.577
 10
9.155
 20
23.623
 10
9.143
 20
23.671
 10
9.133
 20
23.719
 10
9.125
 20
23.769
 10
9.119
 20
23.82
 10
9.116
 20
23.872
 10
9.114
 20
23.926
 10
9.116
 20
23.98
 10
9.119
 20
24.033
 10
9.125
 20
24.085
 10
9.134
 20
24.136
 10
9.144
 20
24.185
 10
9.158
 20
24.233
 10
9.173
 20
24.28
 10
9.191
 20
24.325
 10
9.211
 20
24.368
 10
9.233
 20
24.41
 10
9.257
 20
24.451
 10
9.282
 20
24.489
 10
9.309
 20
24.527
 10
9.338
 20
24.562
 10
9.369
 20
24.596
 10
9.402
 20
24.628
 10
9.436
 20
24.658
 10
9.472
 20
24.686
 10
9.509
 20
24.713
 10
9.548
 20
24.738
 10
9.588
 20
24.761
 10
9.63
 20
24.783
 10
9.673
 20
24.802
 10
9.718
 20
24.82
 10
9.764
 20
24.836
 10
9.811
 20
24.85
 10
9.858
 20
24.861
 10
9.907
 20
24.871
 10
9.957
 20
24.878
 10
10.008
 20
24.883
 10
10.06
 20
24.887
 10
10.113
 20
24.888
 10
10.135
 20
24.887
 10
10.157
 20
24.887
 10
10.18
 20
24.885
 10
10.203
 20
24.883
 10
10.226
 20
24.881
 10
10.25
 20
24.878
 10
10.273
 20
24.875
 10
10.297
 20
24.871
 10
10.321
 20
24.866
 10
10.345
 20
24.861
 10
10.368
 20
24.855
 10
10.392
 20
24.849
 10
10.415
 20
24.842
 10
10.437
 20
24.835
 10
10.46
 20
24.827
 10
10.482
 20
24.819
 10
10.504
 20
24.81
 10
10.526
 20
24.8
 10
10.547
 20
24.79
 10
10.568
 20
24.779
 10
10.588
 20
24.768
 10
10.609
 20
24.757
 10
10.629
 20
24.744
 10
10.648
 20
24.732
 10
10.668
 20
24.718
 10
10.686
 20
24.704
 10
10.704
 20
24.69
 10
10.721
 20
24.674
 10
10.737
 20
24.658
 10
10.752
 20
24.642
 10
10.767
 20
24.625
 10
10.781
 20
24.607
 97
0
 75
0
 76
1
 98
0
  0
HATCH
  5
77
330
17
100
AcDbEntity
  8
RASTER
 62
7
100
AcDbHatch
 10
0.0
 20
0.0
 30
0.0
210
0.0
220
0.0
230
1.0
  2
SOLID
 70
1
 71
0
 91
1
 92
3
 72
0
 73
1
 93
87
 10
10.997
 20
24.248
 10
11.296
 20
24.248
 10
11.296
 20
24.04
 10
11.301
 20
24.04
 10
11.315
 20
24.067
 10
11.33
 20
24.092
 10
11.346
 20
24.116
 10
11.363
 20
24.139
 10
11.382
 20
24.16
 10
11.402
 20
24.18
 10
11.424
 20
24.199
 10
11.447
 20
24.217
 10
11.47
 20
24.233
 10
11.495
 20
24.246
 10
11.521
 20
24.258
 10
11.548
 20
24.268
 10
11.576
 20
24.275
 10
11.605
 20
24.28
 10
11.634
 20
24.283
 10
11.665
 20
24.284
 10
11.67
 20
24.284
 10
11.674
 20
24.284
 10
11.679
 20
24.284
 10
11.684
 20
24.284
 10
11.689
 20
24.284
 10
11.694
 20
24.284
 10
11.699
 20
24.283
 10
11.704
 20
24.283
 10
11.709
 20
24.283
 10
11.714
 20
24.282
 10
11.719
 20
24.282
 10
11.723
 20
24.281
 10
11.728
 20
24.28
 10
11.732
 20
24.279
 10
11.736
 20
24.278
 10
11.74
 20
24.277
 10
11.74
 20
23.991
 10
11.733
 20
23.992
 10
11.725
 20
23.994
 10
11.718
 20
23.996
 10
11.711
 20
23.997
 10
11.705
 20
23.998
 10
11.699
 20
23.999
 10
11.693
 20
24.0
 10
11.687
 20
24.001
 10
11.682
 20
24.002
 10
11.676
 20
24.002
 10
11.671
 20
24.003
 10
11.665
 20
24.003
 10
11.66
 20
24.003
 10
11.655
 20
24.003
 10
11.649
 20
24.004
 10
11.644
 20
24.004
 10
11.618
 20
24.003
 10
11.593
 20
24.001
 10
11.57
 20
23.998
 10
11.548
 20
23.994
 10
11.527
 20
23.988
 10
11.508
 20
23.982
 10
11.49
 20
23.974
 10
11.473
 20
23.965
 10
11.457
 20
23.955
 10
11.442
 20
23.944
 10
11.428
 20
23.933
 10
11.415
 20
23.922
 10
11.403
 20
23.91
 10
11.391
 20
23.897
 10
11.381
 20
23.884
 10
11.371
 20
23.871
 10
11.362
 20
23.857
 10
11.354
 20
23.844
 10
11.347
 20
23.83
 10
11.341
 20
23.816
 10
11.335
 20
23.802
 10
11.33
 20
23.788
 10
11.325
 20
23.773
 10
11.322
 20
23.759
 10
11.319
 20
23.745
 10
11.316
 20
23.732
 10
11.314
 20
23.72
 10
11.312
 20
23.708
 10
11.311
 20
23.697
 10
11.31
 20
23.687
 10
11.309
 20
23.677
 10
11.309
 20
23.668
 10
11.309
 20
23.0
 10
10.997
 20
23.0
 97
0
 75
0
 76
1
 98
0
  0
HATCH
  5
78
330
17
100
AcDbEntity
  8
RASTER
 62
7
100
AcDbHatch
 10
0.0
 20
0.0
 30
0.0
210
0.0
220
0.0
230
1.0
  2
SOLID
 70
1
 71
0
 91
2
 92
3
 72
0
 73
1
 93
166
 10
12.718
 20
23.159
 10
12.71
 20
23.159
 10
12.698
 20
23.138
 10
12.683
 20
23.119
 10
12.667
 20
23.1
 10
12.649
 20
23.083
 10
12.629
 20
23.066
 10
12.608
 20
23.051
 10
12.585
 20
23.036
 10
12.559
 20
23.022
 10
12.533
 20
23.01
 10
12.506
 20
22.999
 10
12.477
 20
22.99
 10
12.448
 20
22.982
 10
12.418
 20
22.976
 10
12.387
 20
22.972
 10
12.356
 20
22.97
 10
12.323
 20
22.969
 10
12.304
 20
22.969
 10
12.285
 20
22.97
 10
12.265
 20
22.972
 10
12.246
 20
22.974
 10
12.226
 20
22.976
 10
12.206
 20
22.98
 10
12.186
 20
22.984
 10
12.166
 20
22.988
 10
12.145
 20
22.994
 10
12.125
 20
23.0
 10
12.106
 20
23.007
 10
12.087
 20
23.014
 10
12.068
 20
23.023
 10
12.05
 20
23.032
 10
12.032
 20
23.042
 10
12.015
 20
23.053
 10
11.998
 20
23.065
 10
11.982
 20
23.078
 10
11.966
 20
23.091
 10
11.952
 20
23.106
 10
11.938
 20
23.121
 10
11.925
 20
23.138
 10
11.912
 20
23.155
 10
11.9
 20
23.173
 10
11.89
 20
23.192
 10
11.88
 20
23.212
 10
11.873
 20
23.233
 10
11.866
 20
23.256
 10
11.861
 20
23.279
 10
11.858
 20
23.304
 10
11.856
 20
23.329
 10
11.855
 20
23.356
 10
11.856
 20
23.39
 10
11.86
 20
23.423
 10
11.866
 20
23.453
 10
11.875
 20
23.482
 10
11.886
 20
23.509
 10
11.899
 20
23.535
 10
11.916
 20
23.558
 10
11.934
 20
23.58
 10
11.955
 20
23.6
 10
11.977
 20
23.619
 10
12.0
 20
23.637
 10
12.025
 20
23.653
 10
12.051
 20
23.669
 10
12.079
 20
23.683
 10
12.108
 20
23.696
 10
12.138
 20
23.707
 10
12.17
 20
23.718
 10
12.202
 20
23.727
 10
12.236
 20
23.736
 10
12.27
 20
23.744
 10
12.305
 20
23.751
 10
12.341
 20
23.757
 10
12.378
 20
23.762
 10
12.415
 20
23.766
 10
12.453
 20
23.769
 10
12.491
 20
23.772
 10
12.528
 20
23.774
 10
12.566
 20
23.776
 10
12.603
 20
23.778
 10
12.64
 20
23.779
 10
12.676
 20
23.78
 10
12.713
 20
23.78
 10
12.713
 20
23.811
 10
12.711
 20
23.839
 10
12.708
 20
23.866
 10
12.701
 20
23.89
 10
12.692
 20
23.913
 10
12.68
 20
23.934
 10
12.665
 20
23.952
 10
12.648
 20
23.969
 10
12.628
 20
23.984
 10
12.607
 20
23.997
 10
12.584
 20
24.009
 10
12.56
 20
24.018
 10
12.536
 20
24.026
 10
12.51
 20
24.032
 10
12.483
 20
24.037
 10
12.456
 20
24.039
 10
12.427
 20
24.04
 10
12.402
 20
24.039
 10
12.378
 20
24.037
 10
12.354
 20
24.034
 10
12.33
 20
24.03
 10
12.306
 20
24.024
 10
12.283
 20
24.017
 10
12.26
 20
24.008
 10
12.237
 20
23.998
 10
12.215
 20
23.988
 10
12.193
 20
23.976
 10
12.173
 20
23.965
 10
12.154
 20
23.952
 10
12.135
 20
23.939
 10
12.118
 20
23.926
 10
12.102
 20
23.912
 10
12.086
 20
23.897
 10
11.925
 20
24.087
 10
11.952
 20
24.111
 10
11.98
 20
24.133
 10
12.01
 20
24.154
 10
12.04
 20
24.173
 10
12.071
 20
24.191
 10
12.103
 20
24.207
 10
12.136
 20
24.222
 10
12.171
 20
24.235
 10
12.206
 20
24.247
 10
12.24
 20
24.257
 10
12.276
 20
24.265
 10
12.311
 20
24.272
 10
12.346
 20
24.277
 10
12.382
 20
24.281
 10
12.417
 20
24.284
 10
12.453
 20
24.284
 10
12.493
 20
24.284
 10
12.532
 20
24.281
 10
12.569
 20
24.278
 10
12.605
 20
24.273
 10
12.638
 20
24.266
 10
12.669
 20
24.258
 10
12.699
 20
24.249
 10
12.727
 20
24.238
 10
12.753
 20
24.225
 10
12.778
 20
24.212
 10
12.802
 20
24.198
 10
12.824
 20
24.184
 10
12.844
 20
24.168
 10
12.863
 20
24.151
 10
12.881
 20
24.134
 10
12.897
 20
24.115
 10
12.912
 20
24.096
 10
12.926
 20
24.077
 10
12.939
 20
24.056
 10
12.95
 20
24.035
 10
12.961
 20
24.014
 10
12.97
 20
23.992
 10
12.978
 20
23.97
 10
12.985
 20
23.946
 10
12.99
 20
23.923
 10
12.995
 20
23.9
 10
13.0
 20
23.876
 10
13.003
 20
23.853
 10
13.006
 20
23.829
 10
13.008
 20
23.806
 10
13.009
 20
23.783
 10
13.009
 20
23.759
 10
13.009
 20
23.0
 10
12.718
 20
23.0
 97
0
 92
3
 72
0
 73
1
 93
82
 10
12.713
 20
23.569
 10
12.643
 20
23.569
 10
12.624
 20
23.569
 10
12.604
 20
23.569
 10
12.585
 20
23.568
 10
12.565
 20
23.568
 10
12.545
 20
23.567
 10
12.525
 20
23.566
 10
12.505
 20
23.564
 10
12.484
 20
23.563
 10
12.463
 20
23.561
 10
12.443
 20
23.559
 10
12.423
 20
23.556
 10
12.404
 20
23.553
 10
12.385
 20
23.549
 10
12.367
 20
23.544
 10
12.348
 20
23.54
 10
12.331
 20
23.534
 10
12.313
 20
23.528
 10
12.297
 20
23.522
 10
12.281
 20
23.515
 10
12.266
 20
23.508
 10
12.252
 20
23.5
 10
12.238
 20
23.491
 10
12.226
 20
23.482
 10
12.214
 20
23.472
 10
12.203
 20
23.461
 10
12.193
 20
23.45
 10
12.185
 20
23.437
 10
12.179
 20
23.424
 10
12.173
 20
23.41
 10
12.17
 20
23.395
 10
12.168
 20
23.378
 10
12.167
 20
23.361
 10
12.167
 20
23.351
 10
12.168
 20
23.34
 10
12.17
 20
23.33
 10
12.172
 20
23.321
 10
12.174
 20
23.312
 10
12.178
 20
23.303
 10
12.182
 20
23.295
 10
12.186
 20
23.287
 10
12.191
 20
23.28
 10
12.197
 20
23.273
 10
12.203
 20
23.267
 10
12.209
 20
23.26
 10
12.215
 20
23.254
 10
12.222
 20
23.249
 10
12.229
 20
23.244
 10
12.237
 20
23.239
 10
12.245
 20
23.235
 10
12.253
 20
23.231
 10
12.261
 20
23.227
 10
12.27
 20
23.224
 10
12.279
 20
23.221
 10
12.288
 20
23.218
 10
12.298
 20
23.215
 10
12.307
 20
23.213
 10
12.317
 20
23.211
 10
12.327
 20
23.21
 10
12.336
 20
23.208
 10
12.346
 20
23.207
 10
12.356
 20
23.206
 10
12.366
 20
23.206
 10
12.375
 20
23.206
 10
12.385
 20
23.205
 10
12.424
 20
23.207
 10
12.461
 20
23.211
 10
12.495
 20
23.217
 10
12.527
 20
23.227
 10
12.556
 20
23.239
 10
12.583
 20
23.254
 10
12.608
 20
23.271
 10
12.63
 20
23.291
 10
12.649
 20
23.314
 10
12.666
 20
23.338
 10
12.68
 20
23.364
 10
12.692
 20
23.393
 10
12.701
 20
23.423
 10
12.708
 20
23.455
 10
12.712
 20
23.489
 10
12.713
 20
23.525
 97
0
 75
0
 76
1
 98
0
  0
HATCH
  5
79
330
17
100
AcDbEntity
  8
RASTER
 62
7
100
AcDbHatch
 10
0.0
 20
0.0
 30
0.0
210
0.0
220
0.0
230
1.0
  2
SOLID
 70
1
 71
0
 91
1
 92
3
 72
0
 73
1
 93
92
 10
13.194
 20
23.998
 10
13.194
 20
24.248
 10
13.412
 20
24.248
 10
13.412
 20
24.609
 10
13.719
 20
24.609
 10
13.719
 20
24.248
 10
14.031
 20
24.248
 10
14.031
 20
23.998
 10
13.719
 20
23.998
 10
13.719
 20
23.419
 10
13.719
 20
23.398
 10
13.721
 20
23.379
 10
13.723
 20
23.36
 10
13.726
 20
23.343
 10
13.731
 20
23.326
 10
13.736
 20
23.31
 10
13.742
 20
23.295
 10
13.749
 20
23.281
 10
13.758
 20
23.268
 10
13.768
 20
23.257
 10
13.782
 20
23.248
 10
13.797
 20
23.24
 10
13.815
 20
23.234
 10
13.835
 20
23.23
 10
13.858
 20
23.227
 10
13.883
 20
23.226
 10
13.891
 20
23.226
 10
13.899
 20
23.227
 10
13.907
 20
23.227
 10
13.915
 20
23.228
 10
13.924
 20
23.229
 10
13.933
 20
23.23
 10
13.941
 20
23.231
 10
13.95
 20
23.233
 10
13.959
 20
23.234
 10
13.968
 20
23.236
 10
13.977
 20
23.238
 10
13.985
 20
23.241
 10
13.993
 20
23.243
 10
14.001
 20
23.246
 10
14.008
 20
23.249
 10
14.015
 20
23.252
 10
14.026
 20
23.008
 10
14.015
 20
23.004
 10
14.004
 20
23.0
 10
13.992
 20
22.997
 10
13.98
 20
22.994
 10
13.968
 20
22.991
 10
13.955
 20
22.988
 10
13.941
 20
22.985
 10
13.927
 20
22.983
 10
13.913
 20
22.981
 10
13.899
 20
22.979
 10
13.885
 20
22.978
 10
13.871
 20
22.976
 10
13.858
 20
22.975
 10
13.844
 20
22.975
 10
13.831
 20
22.974
 10
13.818
 20
22.974
 10
13.787
 20
22.975
 10
13.758
 20
22.976
 10
13.731
 20
22.979
 10
13.705
 20
22.983
 10
13.68
 20
22.988
 10
13.657
 20
22.994
 10
13.635
 20
23.001
 10
13.615
 20
23.009
 10
13.596
 20
23.018
 10
13.578
 20
23.028
 10
13.561
 20
23.039
 10
13.545
 20
23.051
 10
13.53
 20
23.063
 10
13.516
 20
23.076
 10
13.503
 20
23.09
 10
13.492
 20
23.105
 10
13.481
 20
23.121
 10
13.471
 20
23.137
 10
13.461
 20
23.154
 10
13.453
 20
23.171
 10
13.446
 20
23.189
 10
13.439
 20
23.207
 10
13.434
 20
23.226
 10
13.429
 20
23.246
 10
13.425
 20
23.266
 10
13.422
 20
23.286
 10
13.419
 20
23.307
 10
13.416
 20
23.328
 10
13.415
 20
23.349
 10
13.413
 20
23.371
 10
13.412
 20
23.393
 10
13.412
 20
23.416
 10
13.412
 20
23.998
 97
0
 75
0
 76
1
 98
0
  0
HATCH
  5
7A
330
17
100
AcDbEntity
  8
RASTER
 62
7
100
AcDbHatch
 10
0.0
 20
0.0
 30
0.0
210
0.0
220
0.0
230
1.0
  2
SOLID
 70
1
 71
0
 91
2
 92
3
 72
0
 73
1
 93
49
 10
15.136
 20
23.749
 10
15.136
 20
23.764
 10
15.135
 20
23.778
 10
15.134
 20
23.793
 10
15.132
 20
23.807
 10
15.129
 20
23.822
 10
15.126
 20
23.836
 10
15.123
 20
23.849
 10
15.119
 20
23.863
 10
15.115
 20
23.877
 10
15.109
 20
23.89
 10
15.104
 20
23.902
 10
15.097
 20
23.915
 10
15.09
 20
23.926
 10
15.083
 20
23.938
 10
15.075
 20
23.949
 10
15.066
 20
23.959
 10
15.056
 20
23.97
 10
15.046
 20
23.979
 10
15.036
 20
23.988
 10
15.025
 20
23.997
 10
15.013
 20
24.005
 10
15.0
 20
24.012
 10
14.987
 20
24.019
 10
14.974
 20
24.026
 10
14.959
 20
24.031
 10
14.944
 20
24.037
 10
14.929
 20
24.041
 10
14.913
 20
24.044
 10
14.896
 20
24.047
 10
14.879
 20
24.049
 10
14.861
 20
24.05
 10
14.842
 20
24.05
 10
14.808
 20
24.049
 10
14.775
 20
24.045
 10
14.743
 20
24.039
 10
14.713
 20
24.029
 10
14.683
 20
24.017
 10
14.656
 20
24.003
 10
14.629
 20
23.986
 10
14.604
 20
23.966
 10
14.581
 20
23.944
 10
14.561
 20
23.921
 10
14.543
 20
23.896
 10
14.529
 20
23.869
 10
14.516
 20
23.841
 10
14.507
 20
23.812
 10
14.5
 20
23.781
 10
14.496
 20
23.749
 97
0
 92
3
 72
0
 73
1
 93
171
 10
15.448
 20
23.608
 10
15.448
 20
23.603
 10
15.448
 20
23.598
 10
15.448
 20
23.593
 10
15.448
 20
23.588
 10
15.448
 20
23.582
 10
15.448
 20
23.577
 10
15.448
 20
23.572
 10
15.448
 20
23.567
 10
15.448
 20
23.562
 10
15.448
 20
23.556
 10
15.448
 20
23.551
 10
15.447
 20
23.546
 10
15.447
 20
23.541
 10
15.447
 20
23.536
 10
15.446
 20
23.53
 10
15.445
 20
23.525
 10
14.496
 20
23.525
 10
14.498
 20
23.508
 10
14.501
 20
23.492
 10
14.504
 20
23.476
 10
14.508
 20
23.461
 10
14.513
 20
23.445
 10
14.518
 20
23.43
 10
14.524
 20
23.416
 10
14.532
 20
23.402
 10
14.539
 20
23.388
 10
14.548
 20
23.375
 10
14.557
 20
23.362
 10
14.566
 20
23.35
 10
14.576
 20
23.338
 10
14.587
 20
23.327
 10
14.599
 20
23.316
 10
14.611
 20
23.306
 10
14.623
 20
23.296
 10
14.636
 20
23.286
 10
14.65
 20
23.278
 10
14.663
 20
23.269
 10
14.678
 20
23.262
 10
14.692
 20
23.255
 10
14.707
 20
23.248
 10
14.723
 20
23.242
 10
14.738
 20
23.236
 10
14.754
 20
23.232
 10
14.77
 20
23.228
 10
14.786
 20
23.224
 10
14.803
 20
23.222
 10
14.819
 20
23.22
 10
14.836
 20
23.219
 10
14.853
 20
23.218
 10
14.881
 20
23.219
 10
14.909
 20
23.221
 10
14.935
 20
23.224
 10
14.961
 20
23.229
 10
14.985
 20
23.235
 10
15.008
 20
23.243
 10
15.029
 20
23.251
 10
15.05
 20
23.261
 10
15.07
 20
23.273
 10
15.089
 20
23.285
 10
15.107
 20
23.298
 10
15.124
 20
23.312
 10
15.14
 20
23.328
 10
15.155
 20
23.344
 10
15.169
 20
23.361
 10
15.183
 20
23.38
 10
15.391
 20
23.213
 10
15.342
 20
23.155
 10
15.288
 20
23.104
 10
15.229
 20
23.061
 10
15.165
 20
23.026
 10
15.095
 20
22.999
 10
15.02
 20
22.979
 10
14.94
 20
22.968
 10
14.855
 20
22.964
 10
14.819
 20
22.964
 10
14.784
 20
22.966
 10
14.749
 20
22.97
 10
14.715
 20
22.975
 10
14.682
 20
22.981
 10
14.65
 20
22.989
 10
14.618
 20
22.998
 10
14.587
 20
23.009
 10
14.557
 20
23.021
 10
14.528
 20
23.034
 10
14.5
 20
23.049
 10
14.473
 20
23.064
 10
14.447
 20
23.081
 10
14.422
 20
23.099
 10
14.398
 20
23.118
 10
14.376
 20
23.138
 10
14.354
 20
23.159
 10
14.333
 20
23.182
 10
14.314
 20
23.206
 10
14.296
 20
23.23
 10
14.279
 20
23.257
 10
14.263
 20
23.284
 10
14.248
 20
23.312
 10
14.235
 20
23.342
 10
14.223
 20
23.373
 10
14.213
 20
23.404
 10
14.204
 20
23.437
 10
14.197
 20
23.471
 10
14.192
 20
23.506
 10
14.188
 20
23.542
 10
14.185
 20
23.578
 10
14.184
 20
23.616
 10
14.185
 20
23.653
 10
14.188
 20
23.69
 10
14.192
 20
23.725
 10
14.197
 20
23.76
 10
14.204
 20
23.794
 10
14.213
 20
23.827
 10
14.223
 20
23.859
 10
14.235
 20
23.891
 10
14.248
 20
23.921
 10
14.263
 20
23.95
 10
14.278
 20
23.978
 10
14.295
 20
24.005
 10
14.313
 20
24.031
 10
14.332
 20
24.055
 10
14.353
 20
24.079
 10
14.374
 20
24.101
 10
14.397
 20
24.122
 10
14.42
 20
24.142
 10
14.445
 20
24.161
 10
14.471
 20
24.178
 10
14.497
 20
24.195
 10
14.525
 20
24.21
 10
14.554
 20
24.224
 10
14.584
 20
24.236
 10
14.614
 20
24.248
 10
14.645
 20
24.257
 10
14.677
 20
24.266
 10
14.709
 20
24.272
 10
14.742
 20
24.278
 10
14.776
 20
24.281
 10
14.81
 20
24.284
 10
14.845
 20
24.284
 10
14.877
 20
24.284
 10
14.909
 20
24.282
 10
14.94
 20
24.278
 10
14.97
 20
24.274
 10
15.0
 20
24.268
 10
15.029
 20
24.26
 10
15.057
 20
24.252
 10
15.085
 20
24.242
 10
15.112
 20
24.23
 10
15.139
 20
24.217
 10
15.164
 20
24.203
 10
15.188
 20
24.188
 10
15.212
 20
24.172
 10
15.234
 20
24.154
 10
15.256
 20
24.135
 10
15.276
 20
24.114
 10
15.296
 20
24.092
 10
15.315
 20
24.069
 10
15.332
 20
24.045
 10
15.348
 20
24.019
 10
15.363
 20
23.992
 10
15.378
 20
23.964
 10
15.391
 20
23.934
 10
15.403
 20
23.904
 10
15.413
 20
23.871
 10
15.422
 20
23.838
 10
15.43
 20
23.803
 10
15.437
 20
23.767
 10
15.442
 20
23.729
 10
15.445
 20
23.69
 10
15.447
 20
23.65
 10
15.448
 20
23.608
 97
0
 75
0
 76
1
 98
0
  0
HATCH
  5
7B
330
17
100
AcDbEntity
  8
RASTER
 62
7
100
AcDbHatch
 10
0.0
 20
0.0
 30
0.0
210
0.0
220
0.0
230
1.0
  2
SOLID
 70
1
 71
0
 91
2
 92
3
 72
0
 73
1
 93
132
 10
17.385
 20
24.037
 10
17.39
 20
24.032
 10
17.401
 20
24.04
 10
17.413
 20
24.047
 10
17.426
 20
24.054
 10
17.44
 20
24.06
 10
17.455
 20
24.066
 10
17.472
 20
24.072
 10
17.489
 20
24.077
 10
17.507
 20
24.082
 10
17.526
 20
24.086
 10
17.545
 20
24.09
 10
17.563
 20
24.093
 10
17.581
 20
24.095
 10
17.599
 20
24.097
 10
17.617
 20
24.099
 10
17.635
 20
24.1
 10
17.653
 20
24.1
 10
17.682
 20
24.099
 10
17.712
 20
24.097
 10
17.74
 20
24.094
 10
17.768
 20
24.089
 10
17.796
 20
24.084
 10
17.823
 20
24.076
 10
17.849
 20
24.068
 10
17.875
 20
24.058
 10
17.9
 20
24.047
 10
17.925
 20
24.035
 10
17.948
 20
24.022
 10
17.971
 20
24.008
 10
17.993
 20
23.994
 10
18.014
 20
23.978
 10
18.034
 20
23.961
 10
18.053
 20
23.943
 10
18.072
 20
23.923
 10
18.089
 20
23.904
 10
18.105
 20
23.883
 10
18.12
 20
23.861
 10
18.135
 20
23.838
 10
18.148
 20
23.814
 10
18.16
 20
23.789
 10
18.172
 20
23.763
 10
18.182
 20
23.736
 10
18.19
 20
23.709
 10
18.198
 20
23.681
 10
18.204
 20
23.653
 10
18.208
 20
23.624
 10
18.212
 20
23.594
 10
18.214
 20
23.564
 10
18.214
 20
23.533
 10
18.214
 20
23.501
 10
18.212
 20
23.469
 10
18.208
 20
23.439
 10
18.203
 20
23.409
 10
18.197
 20
23.38
 10
18.19
 20
23.351
 10
18.181
 20
23.323
 10
18.17
 20
23.296
 10
18.159
 20
23.27
 10
18.146
 20
23.245
 10
18.132
 20
23.221
 10
18.117
 20
23.198
 10
18.101
 20
23.175
 10
18.083
 20
23.154
 10
18.065
 20
23.134
 10
18.045
 20
23.114
 10
18.025
 20
23.096
 10
18.003
 20
23.079
 10
17.981
 20
23.062
 10
17.958
 20
23.047
 10
17.933
 20
23.033
 10
17.908
 20
23.02
 10
17.882
 20
23.007
 10
17.856
 20
22.996
 10
17.828
 20
22.986
 10
17.8
 20
22.977
 10
17.771
 20
22.97
 10
17.741
 20
22.964
 10
17.711
 20
22.959
 10
17.68
 20
22.956
 10
17.649
 20
22.954
 10
17.616
 20
22.953
 10
17.584
 20
22.954
 10
17.553
 20
22.956
 10
17.522
 20
22.959
 10
17.492
 20
22.964
 10
17.462
 20
22.97
 10
17.433
 20
22.977
 10
17.405
 20
22.986
 10
17.377
 20
22.996
 10
17.35
 20
23.007
 10
17.324
 20
23.02
 10
17.299
 20
23.033
 10
17.275
 20
23.047
 10
17.252
 20
23.062
 10
17.229
 20
23.079
 10
17.208
 20
23.096
 10
17.187
 20
23.114
 10
17.168
 20
23.134
 10
17.149
 20
23.154
 10
17.132
 20
23.175
 10
17.116
 20
23.198
 10
17.101
 20
23.221
 10
17.087
 20
23.245
 10
17.074
 20
23.27
 10
17.063
 20
23.296
 10
17.052
 20
23.323
 10
17.043
 20
23.351
 10
17.036
 20
23.38
 10
17.029
 20
23.409
 10
17.025
 20
23.439
 10
17.021
 20
23.469
 10
17.019
 20
23.501
 10
17.018
 20
23.533
 10
17.019
 20
23.568
 10
17.021
 20
23.603
 10
17.025
 20
23.637
 10
17.031
 20
23.671
 10
17.038
 20
23.704
 10
17.046
 20
23.736
 10
17.056
 20
23.767
 10
17.068
 20
23.798
 10
17.08
 20
23.829
 10
17.094
 20
23.859
 10
17.107
 20
23.888
 10
17.122
 20
23.918
 10
17.137
 20
23.947
 10
17.152
 20
23.976
 10
17.168
 20
24.004
 10
17.185
 20
24.032
 10
17.687
 20
24.841
 10
17.902
 20
24.841
 97
0
 92
3
 72
0
 73
1
 93
129
 10
17.206
 20
23.533
 10
17.206
 20
23.51
 10
17.207
 20
23.488
 10
17.21
 20
23.467
 10
17.213
 20
23.446
 10
17.217
 20
23.425
 10
17.222
 20
23.405
 10
17.228
 20
23.385
 10
17.236
 20
23.365
 10
17.243
 20
23.346
 10
17.252
 20
23.328
 10
17.261
 20
23.311
 10
17.272
 20
23.294
 10
17.283
 20
23.278
 10
17.294
 20
23.262
 10
17.307
 20
23.247
 10
17.32
 20
23.233
 10
17.334
 20
23.219
 10
17.349
 20
23.206
 10
17.364
 20
23.194
 10
17.38
 20
23.183
 10
17.396
 20
23.172
 10
17.414
 20
23.162
 10
17.431
 20
23.153
 10
17.45
 20
23.144
 10
17.469
 20
23.137
 10
17.489
 20
23.13
 10
17.509
 20
23.124
 10
17.529
 20
23.12
 10
17.55
 20
23.116
 10
17.572
 20
23.114
 10
17.594
 20
23.112
 10
17.616
 20
23.112
 10
17.639
 20
23.112
 10
17.661
 20
23.114
 10
17.682
 20
23.116
 10
17.704
 20
23.12
 10
17.724
 20
23.124
 10
17.744
 20
23.13
 10
17.764
 20
23.137
 10
17.783
 20
23.144
 10
17.801
 20
23.153
 10
17.819
 20
23.162
 10
17.836
 20
23.172
 10
17.853
 20
23.183
 10
17.869
 20
23.194
 10
17.884
 20
23.206
 10
17.899
 20
23.219
 10
17.913
 20
23.233
 10
17.926
 20
23.247
 10
17.939
 20
23.262
 10
17.95
 20
23.278
 10
17.961
 20
23.294
 10
17.971
 20
23.311
 10
17.981
 20
23.328
 10
17.989
 20
23.346
 10
17.997
 20
23.365
 10
18.004
 20
23.385
 10
18.01
 20
23.405
 10
18.016
 20
23.425
 10
18.02
 20
23.446
 10
18.023
 20
23.467
 10
18.025
 20
23.488
 10
18.027
 20
23.51
 10
18.027
 20
23.533
 10
18.027
 20
23.555
 10
18.025
 20
23.576
 10
18.023
 20
23.598
 10
18.02
 20
23.618
 10
18.016
 20
23.639
 10
18.011
 20
23.659
 10
18.005
 20
23.679
 10
17.999
 20
23.698
 10
17.991
 20
23.717
 10
17.983
 20
23.735
 10
17.974
 20
23.753
 10
17.964
 20
23.77
 10
17.953
 20
23.786
 10
17.942
 20
23.801
 10
17.93
 20
23.816
 10
17.917
 20
23.831
 10
17.903
 20
23.844
 10
17.889
 20
23.857
 10
17.873
 20
23.869
 10
17.858
 20
23.88
 10
17.841
 20
23.891
 10
17.824
 20
23.901
 10
17.806
 20
23.91
 10
17.787
 20
23.918
 10
17.767
 20
23.925
 10
17.747
 20
23.931
 10
17.727
 20
23.937
 10
17.706
 20
23.941
 10
17.684
 20
23.945
 10
17.662
 20
23.947
 10
17.64
 20
23.949
 10
17.616
 20
23.949
 10
17.593
 20
23.949
 10
17.571
 20
23.947
 10
17.549
 20
23.945
 10
17.527
 20
23.941
 10
17.506
 20
23.937
 10
17.486
 20
23.931
 10
17.466
 20
23.925
 10
17.446
 20
23.918
 10
17.427
 20
23.91
 10
17.409
 20
23.901
 10
17.392
 20
23.891
 10
17.375
 20
23.88
 10
17.359
 20
23.869
 10
17.344
 20
23.857
 10
17.33
 20
23.844
 10
17.316
 20
23.831
 10
17.303
 20
23.816
 10
17.291
 20
23.801
 10
17.28
 20
23.786
 10
17.269
 20
23.77
 10
17.259
 20
23.753
 10
17.25
 20
23.735
 10
17.242
 20
23.717
 10
17.234
 20
23.698
 10
17.227
 20
23.679
 10
17.222
 20
23.659
 10
17.217
 20
23.639
 10
17.213
 20
23.618
 10
17.21
 20
23.598
 10
17.207
 20
23.576
 10
17.206
 20
23.555
 10
17.206
 20
23.533
 97
0
 75
0
 76
1
 98
0
  0
HATCH
  5
7C
330
17
100
AcDbEntity
  8
RASTER
 62
7
100
AcDbHatch
 10
0.0
 20
0.0
 30
0.0
210
0.0
220
0.0
230
1.0
  2
SOLID
 70
1
 71
0
 91
2
 92
3
 72
0
 73
1
 93
19
 10
20.309
 20
25.635
 10
20.973
 20
25.63
 10
21.626
 20
25.365
 10
22.059
 20
24.922
 10
22.321
 20
24.284
 10
22.369
 20
23.994
 10
22.323
 20
23.499
 10
22.054
 20
22.863
 10
21.652
 20
22.439
 10
21.003
 20
22.176
 10
20.51
 20
22.133
 10
20.17
 20
22.18
 10
19.634
 20
22.398
 10
19.142
 20
22.879
 10
18.873
 20
23.508
 10
18.897
 20
24.353
 10
19.138
 20
24.906
 10
19.631
 20
25.377
 10
19.995
 20
25.56
 97
0
 92
3
 72
0
 73
1
 93
20
 10
20.343
 20
25.335
 10
20.098
 20
25.277
 10
19.806
 20
25.129
 10
19.389
 20
24.731
 10
19.195
 20
24.286
 10
19.175
 20
23.565
 10
19.395
 20
23.052
 10
19.802
 20
22.654
 10
20.249
 20
22.472
 10
20.517
 20
22.435
 10
20.932
 20
22.471
 10
21.479
 20
22.692
 10
21.799
 20
23.029
 10
22.028
 20
23.573
 10
22.067
 20
23.983
 10
22.03
 20
24.201
 10
21.803
 20
24.754
 10
21.455
 20
25.111
 10
20.913
 20
25.33
 10
20.343
 20
25.335
 97
0
 75
0
 76
1
 98
0
  0
HATCH
  5
7D
330
17
100
AcDbEntity
  8
RASTER
 62
7
100
AcDbHatch
 10
0.0
 20
0.0
 30
0.0
210
0.0
220
0.0
230
1.0
  2
SOLID
 70
1
 71
0
 91
12
 92
3
 72
0
 73
1
 93
32
 10
20.397
 20
25.438
 10
20.834
 20
25.446
 10
21.057
 20
25.396
 10
21.385
 20
25.255
 10
21.608
 20
25.107
 10
21.78
 20
24.934
 10
21.978
 20
24.638
 10
22.119
 20
24.26
 10
22.168
 20
24.013
 10
22.168
 20
23.791
 10
22.069
 20
23.346
 10
21.83
 20
22.919
 10
21.533
 20
22.622
 10
21.156
 20
22.432
 10
20.736
 20
22.333
 10
20.489
 20
22.333
 10
20.439
 20
22.358
 10
20.192
 20
22.383
 10
20.044
 20
22.432
 10
19.691
 20
22.622
 10
19.419
 20
22.869
 10
19.296
 20
23.042
 10
19.13
 20
23.371
 10
19.056
 20
23.667
 10
19.056
 20
24.062
 10
19.105
 20
24.309
 10
19.246
 20
24.663
 10
19.419
 20
24.91
 10
19.567
 20
25.058
 10
19.765
 20
25.206
 10
20.044
 20
25.347
 10
20.266
 20
25.421
 97
0
 92
3
 72
0
 73
1
 93
37
 10
20.612
 20
25.396
 10
20.563
 20
25.371
 10
20.365
 20
25.371
 10
20.044
 20
25.273
 10
19.814
 20
25.157
 10
19.543
 20
24.959
 10
19.37
 20
24.737
 10
19.229
 20
24.458
 10
19.155
 20
24.235
 10
19.13
 20
23.939
 10
19.105
 20
23.889
 10
19.13
 20
23.618
 10
19.204
 20
23.371
 10
19.345
 20
23.092
 10
19.469
 20
22.919
 10
19.716
 20
22.696
 10
20.069
 20
22.506
 10
20.316
 20
22.432
 10
20.513
 20
22.432
 10
20.563
 20
22.407
 10
20.662
 20
22.432
 10
20.859
 20
22.432
 10
21.18
 20
22.531
 10
21.558
 20
22.746
 10
21.78
 20
22.993
 10
21.995
 20
23.395
 10
22.069
 20
23.667
 10
22.069
 20
23.815
 10
22.094
 20
23.865
 10
22.069
 20
24.136
 10
21.971
 20
24.458
 10
21.805
 20
24.786
 10
21.741
 20
24.845
 10
21.706
 20
24.91
 10
21.484
 20
25.107
 10
21.131
 20
25.297
 10
20.884
 20
25.371
 97
0
 92
3
 72
0
 73
1
 93
30
 10
20.521
 20
25.117
 10
20.637
 20
25.124
 10
21.007
 20
25.05
 10
21.286
 20
24.91
 10
21.385
 20
24.835
 10
21.583
 20
24.613
 10
21.724
 20
24.334
 10
21.798
 20
24.087
 10
21.798
 20
23.692
 10
21.724
 20
23.445
 10
21.583
 20
23.19
 10
21.336
 20
22.943
 10
21.188
 20
22.845
 10
20.834
 20
22.704
 10
20.736
 20
22.704
 10
20.686
 20
22.679
 10
20.563
 20
22.679
 10
20.513
 20
22.704
 10
20.291
 20
22.729
 10
20.143
 20
22.778
 10
19.839
 20
22.943
 10
19.691
 20
23.092
 10
19.543
 20
23.314
 10
19.402
 20
23.692
 10
19.402
 20
24.136
 10
19.451
 20
24.309
 10
19.617
 20
24.613
 10
19.888
 20
24.885
 10
20.037
 20
24.984
 10
20.34
 20
25.1
 97
0
 92
3
 72
0
 73
1
 93
35
 10
20.415
 20
25.05
 10
20.217
 20
25.001
 10
19.987
 20
24.885
 10
19.691
 20
24.613
 10
19.617
 20
24.514
 10
19.476
 20
24.186
 10
19.476
 20
24.087
 10
19.451
 20
24.038
 10
19.451
 20
23.766
 10
19.525
 20
23.494
 10
19.641
 20
23.265
 10
19.79
 20
23.067
 10
19.938
 20
22.943
 10
20.093
 20
22.852
 10
20.39
 20
22.753
 10
20.513
 20
22.753
 10
20.563
 20
22.729
 10
20.834
 20
22.753
 10
20.983
 20
22.803
 10
21.286
 20
22.968
 10
21.37
 20
23.057
 10
21.435
 20
23.092
 10
21.558
 20
23.24
 10
21.724
 20
23.568
 10
21.748
 20
23.815
 10
21.773
 20
23.865
 10
21.748
 20
23.939
 10
21.748
 20
24.087
 10
21.699
 20
24.26
 10
21.583
 20
24.514
 10
21.435
 20
24.712
 10
21.286
 20
24.835
 10
21.032
 20
24.976
 10
20.884
 20
25.026
 10
20.76
 20
25.05
 97
0
 92
3
 72
0
 73
1
 93
32
 10
20.496
 20
24.87
 10
20.711
 20
24.877
 10
20.891
 20
24.786
 10
20.941
 20
24.737
 10
21.025
 20
24.574
 10
21.099
 20
24.5
 10
21.254
 20
24.458
 10
21.304
 20
24.408
 10
21.286
 20
24.302
 10
21.188
 20
24.203
 10
21.089
 20
24.154
 10
21.106
 20
23.939
 10
21.039
 20
23.808
 10
20.891
 20
23.734
 10
20.867
 20
23.61
 10
20.785
 20
23.544
 10
20.704
 20
23.561
 10
20.439
 20
23.544
 10
20.358
 20
23.586
 10
20.323
 20
23.724
 10
20.16
 20
23.808
 10
20.118
 20
23.889
 10
20.093
 20
24.013
 10
20.118
 20
24.062
 10
20.111
 20
24.154
 10
20.012
 20
24.203
 10
19.938
 20
24.277
 10
19.896
 20
24.359
 10
19.928
 20
24.45
 10
20.126
 20
24.5
 10
20.284
 20
24.737
 10
20.358
 20
24.811
 97
0
 92
3
 72
0
 73
1
 93
21
 10
20.489
 20
24.828
 10
20.333
 20
24.737
 10
20.185
 20
24.49
 10
20.093
 20
24.433
 10
20.019
 20
24.433
 10
19.953
 20
24.401
 10
19.987
 20
24.302
 10
20.061
 20
24.228
 10
20.143
 20
24.211
 10
20.34
 20
24.285
 10
20.662
 20
24.309
 10
20.711
 20
24.285
 10
20.884
 20
24.285
 10
21.106
 20
24.211
 10
21.237
 20
24.327
 10
21.247
 20
24.401
 10
21.106
 20
24.433
 10
21.015
 20
24.49
 10
20.891
 20
24.712
 10
20.842
 20
24.761
 10
20.711
 20
24.828
 97
0
 92
3
 72
0
 73
1
 93
24
 10
20.471
 20
24.672
 10
20.506
 20
24.672
 10
20.521
 20
24.613
 10
20.595
 20
24.564
 10
20.679
 20
24.613
 10
20.694
 20
24.672
 10
20.753
 20
24.672
 10
20.778
 20
24.588
 10
20.662
 20
24.532
 10
20.778
 20
24.475
 10
20.753
 20
24.391
 10
20.704
 20
24.401
 10
20.679
 20
24.45
 10
20.612
 20
24.482
 10
20.555
 20
24.465
 10
20.506
 20
24.391
 10
20.457
 20
24.401
 10
20.422
 20
24.475
 10
20.489
 20
24.482
 10
20.538
 20
24.532
 10
20.521
 20
24.564
 10
20.489
 20
24.581
 10
20.447
 20
24.564
 10
20.415
 20
24.606
 97
0
 92
3
 72
0
 73
1
 93
23
 10
20.538
 20
24.26
 10
20.489
 20
24.235
 10
20.266
 20
24.211
 10
20.185
 20
24.169
 10
20.143
 20
24.087
 10
20.143
 20
23.964
 10
20.21
 20
23.833
 10
20.348
 20
23.773
 10
20.407
 20
23.61
 10
20.481
 20
23.601
 10
20.531
 20
23.684
 10
20.545
 20
23.601
 10
20.637
 20
23.593
 10
20.686
 20
23.692
 10
20.728
 20
23.61
 10
20.76
 20
23.593
 10
20.827
 20
23.65
 10
20.842
 20
23.759
 10
21.015
 20
23.857
 10
21.057
 20
23.939
 10
21.057
 20
24.087
 10
21.025
 20
24.178
 10
20.958
 20
24.211
 97
0
 92
3
 72
0
 73
1
 93
8
 10
20.817
 20
24.129
 10
20.916
 20
24.094
 10
20.933
 20
24.062
 10
20.933
 20
23.964
 10
20.859
 20
23.889
 10
20.778
 20
23.907
 10
20.711
 20
24.013
 10
20.753
 20
24.094
 97
0
 92
3
 72
0
 73
1
 93
8
 10
20.323
 20
24.104
 10
20.415
 20
24.112
 10
20.471
 20
24.07
 10
20.489
 20
23.988
 10
20.457
 20
23.922
 10
20.34
 20
23.889
 10
20.284
 20
23.931
 10
20.266
 20
24.038
 97
0
 92
3
 72
0
 73
1
 93
7
 10
20.595
 20
23.956
 10
20.662
 20
23.889
 10
20.662
 20
23.84
 10
20.637
 20
23.815
 10
20.605
 20
23.833
 10
20.563
 20
23.815
 10
20.538
 20
23.84
 97
0
 92
3
 72
0
 73
1
 93
35
 10
20.57
 20
23.462
 10
20.612
 20
23.47
 10
20.669
 20
23.428
 10
20.686
 20
23.371
 10
20.637
 20
23.297
 10
20.736
 20
23.247
 10
20.637
 20
23.198
 10
20.644
 20
22.983
 10
20.686
 20
22.976
 10
20.768
 20
23.018
 10
20.81
 20
23.074
 10
20.792
 20
23.141
 10
20.884
 20
23.198
 10
20.933
 20
23.074
 10
20.909
 20
23.05
 10
20.867
 20
23.067
 10
20.768
 20
22.943
 10
20.612
 20
22.852
 10
20.407
 20
22.968
 10
20.358
 20
23.042
 10
20.291
 20
23.074
 10
20.291
 20
23.124
 10
20.333
 20
23.19
 10
20.422
 20
23.131
 10
20.432
 20
23.107
 10
20.397
 20
23.082
 10
20.457
 20
23.018
 10
20.555
 20
22.983
 10
20.587
 20
23.099
 10
20.587
 20
23.198
 10
20.464
 20
23.247
 10
20.489
 20
23.272
 10
20.58
 20
23.279
 10
20.538
 20
23.346
 10
20.538
 20
23.42
 97
0
 75
0
 76
1
 98
0
  0
HATCH
  5
7E
330
17
100
AcDbEntity
  8
RASTER
 62
7
100
AcDbHatch
 10
0.0
 20
0.0
 30
0.0
210
0.0
220
0.0
230
1.0
  2
SOLID
 70
1
 71
0
 91
1
 92
3
 72
0
 73
1
 93
236
 10
23.879
 20
24.009
 10
23.892
 20
24.035
 10
23.908
 20
24.06
 10
23.925
 20
24.083
 10
23.945
 20
24.105
 10
23.965
 20
24.126
 10
23.988
 20
24.146
 10
24.012
 20
24.164
 10
24.039
 20
24.182
 10
24.066
 20
24.197
 10
24.094
 20
24.211
 10
24.123
 20
24.222
 10
24.153
 20
24.231
 10
24.183
 20
24.239
 10
24.214
 20
24.244
 10
24.246
 20
24.247
 10
24.279
 20
24.248
 10
24.291
 20
24.248
 10
24.304
 20
24.247
 10
24.317
 20
24.247
 10
24.329
 20
24.245
 10
24.342
 20
24.244
 10
24.355
 20
24.242
 10
24.368
 20
24.24
 10
24.382
 20
24.238
 10
24.395
 20
24.235
 10
24.408
 20
24.231
 10
24.421
 20
24.227
 10
24.434
 20
24.222
 10
24.447
 20
24.217
 10
24.46
 20
24.211
 10
24.473
 20
24.204
 10
24.486
 20
24.197
 10
24.498
 20
24.19
 10
24.511
 20
24.181
 10
24.523
 20
24.172
 10
24.534
 20
24.163
 10
24.546
 20
24.152
 10
24.557
 20
24.141
 10
24.568
 20
24.13
 10
24.579
 20
24.118
 10
24.59
 20
24.105
 10
24.6
 20
24.092
 10
24.61
 20
24.077
 10
24.619
 20
24.061
 10
24.628
 20
24.045
 10
24.637
 20
24.028
 10
24.645
 20
24.01
 10
24.653
 20
23.991
 10
24.67
 20
24.021
 10
24.687
 20
24.049
 10
24.707
 20
24.076
 10
24.727
 20
24.101
 10
24.749
 20
24.124
 10
24.773
 20
24.145
 10
24.797
 20
24.164
 10
24.824
 20
24.182
 10
24.851
 20
24.197
 10
24.88
 20
24.211
 10
24.91
 20
24.222
 10
24.942
 20
24.231
 10
24.974
 20
24.239
 10
25.008
 20
24.244
 10
25.043
 20
24.247
 10
25.08
 20
24.248
 10
25.136
 20
24.246
 10
25.188
 20
24.239
 10
25.237
 20
24.229
 10
25.282
 20
24.214
 10
25.324
 20
24.194
 10
25.362
 20
24.17
 10
25.396
 20
24.142
 10
25.427
 20
24.11
 10
25.454
 20
24.074
 10
25.478
 20
24.036
 10
25.497
 20
23.994
 10
25.514
 20
23.95
 10
25.526
 20
23.903
 10
25.535
 20
23.854
 10
25.541
 20
23.801
 10
25.543
 20
23.746
 10
25.543
 20
23.0
 10
25.366
 20
23.0
 10
25.366
 20
23.673
 10
25.365
 20
23.72
 10
25.361
 20
23.765
 10
25.356
 20
23.807
 10
25.348
 20
23.847
 10
25.338
 20
23.884
 10
25.326
 20
23.92
 10
25.311
 20
23.952
 10
25.294
 20
23.983
 10
25.275
 20
24.01
 10
25.252
 20
24.034
 10
25.227
 20
24.054
 10
25.198
 20
24.071
 10
25.166
 20
24.083
 10
25.131
 20
24.092
 10
25.093
 20
24.098
 10
25.051
 20
24.1
 10
25.028
 20
24.099
 10
25.005
 20
24.097
 10
24.983
 20
24.094
 10
24.962
 20
24.09
 10
24.943
 20
24.085
 10
24.924
 20
24.078
 10
24.906
 20
24.07
 10
24.889
 20
24.061
 10
24.873
 20
24.051
 10
24.857
 20
24.04
 10
24.843
 20
24.028
 10
24.829
 20
24.016
 10
24.816
 20
24.002
 10
24.804
 20
23.988
 10
24.793
 20
23.974
 10
24.782
 20
23.958
 10
24.772
 20
23.942
 10
24.763
 20
23.925
 10
24.755
 20
23.908
 10
24.747
 20
23.89
 10
24.74
 20
23.872
 10
24.734
 20
23.853
 10
24.728
 20
23.834
 10
24.724
 20
23.814
 10
24.719
 20
23.794
 10
24.716
 20
23.773
 10
24.713
 20
23.753
 10
24.71
 20
23.732
 10
24.708
 20
23.711
 10
24.707
 20
23.69
 10
24.706
 20
23.669
 10
24.705
 20
23.647
 10
24.705
 20
23.0
 10
24.529
 20
23.0
 10
24.529
 20
23.71
 10
24.528
 20
23.732
 10
24.528
 20
23.753
 10
24.527
 20
23.774
 10
24.525
 20
23.794
 10
24.524
 20
23.814
 10
24.521
 20
23.834
 10
24.519
 20
23.853
 10
24.516
 20
23.871
 10
24.512
 20
23.889
 10
24.508
 20
23.906
 10
24.503
 20
23.922
 10
24.498
 20
23.938
 10
24.492
 20
23.953
 10
24.485
 20
23.968
 10
24.478
 20
23.981
 10
24.47
 20
23.995
 10
24.462
 20
24.007
 10
24.452
 20
24.018
 10
24.442
 20
24.029
 10
24.431
 20
24.039
 10
24.42
 20
24.049
 10
24.407
 20
24.057
 10
24.394
 20
24.065
 10
24.38
 20
24.073
 10
24.366
 20
24.079
 10
24.35
 20
24.084
 10
24.333
 20
24.089
 10
24.315
 20
24.093
 10
24.297
 20
24.096
 10
24.277
 20
24.098
 10
24.256
 20
24.099
 10
24.235
 20
24.1
 10
24.219
 20
24.099
 10
24.204
 20
24.098
 10
24.188
 20
24.096
 10
24.172
 20
24.093
 10
24.156
 20
24.089
 10
24.14
 20
24.084
 10
24.125
 20
24.078
 10
24.109
 20
24.071
 10
24.093
 20
24.064
 10
24.078
 20
24.055
 10
24.063
 20
24.046
 10
24.048
 20
24.035
 10
24.034
 20
24.024
 10
24.02
 20
24.011
 10
24.007
 20
23.998
 10
23.994
 20
23.984
 10
23.982
 20
23.969
 10
23.97
 20
23.953
 10
23.959
 20
23.936
 10
23.948
 20
23.918
 10
23.939
 20
23.899
 10
23.929
 20
23.879
 10
23.921
 20
23.858
 10
23.912
 20
23.836
 10
23.905
 20
23.813
 10
23.899
 20
23.789
 10
23.893
 20
23.764
 10
23.889
 20
23.738
 10
23.886
 20
23.711
 10
23.883
 20
23.683
 10
23.882
 20
23.654
 10
23.881
 20
23.624
 10
23.881
 20
23.0
 10
23.704
 20
23.0
 10
23.704
 20
23.949
 10
23.704
 20
23.962
 10
23.704
 20
23.975
 10
23.704
 20
23.99
 10
23.704
 20
24.006
 10
23.703
 20
24.022
 10
23.703
 20
24.039
 10
23.702
 20
24.057
 10
23.702
 20
24.076
 10
23.701
 20
24.096
 10
23.7
 20
24.114
 10
23.699
 20
24.133
 10
23.699
 20
24.15
 10
23.698
 20
24.168
 10
23.696
 20
24.185
 10
23.695
 20
24.201
 10
23.694
 20
24.217
 10
23.863
 20
24.217
 10
23.864
 20
24.204
 10
23.865
 20
24.191
 10
23.867
 20
24.178
 10
23.868
 20
24.165
 10
23.868
 20
24.151
 10
23.869
 20
24.137
 10
23.87
 20
24.122
 10
23.871
 20
24.108
 10
23.871
 20
24.093
 10
23.872
 20
24.079
 10
23.872
 20
24.066
 10
23.873
 20
24.053
 10
23.873
 20
24.041
 10
23.873
 20
24.03
 10
23.873
 20
24.019
 10
23.873
 20
24.009
 10
23.879
 20
24.009
 97
0
 75
0
 76
1
 98
0
  0
HATCH
  5
7F
330
17
100
AcDbEntity
  8
RASTER
 62
7
100
AcDbHatch
 10
0.0
 20
0.0
 30
0.0
210
0.0
220
0.0
230
1.0
  2
SOLID
 70
1
 71
0
 91
2
 92
3
 72
0
 73
1
 93
4
 10
26.18
 20
23.0
 10
26.003
 20
23.0
 10
26.003
 20
24.217
 10
26.18
 20
24.217
 97
0
 92
3
 72
0
 73
1
 93
65
 10
26.216
 20
24.685
 10
26.215
 20
24.671
 10
26.214
 20
24.659
 10
26.211
 20
24.647
 10
26.206
 20
24.635
 10
26.201
 20
24.624
 10
26.194
 20
24.614
 10
26.186
 20
24.604
 10
26.177
 20
24.595
 10
26.167
 20
24.587
 10
26.157
 20
24.58
 10
26.147
 20
24.574
 10
26.136
 20
24.569
 10
26.125
 20
24.565
 10
26.114
 20
24.562
 10
26.103
 20
24.561
 10
26.091
 20
24.56
 10
26.08
 20
24.561
 10
26.068
 20
24.562
 10
26.057
 20
24.565
 10
26.046
 20
24.569
 10
26.036
 20
24.574
 10
26.025
 20
24.58
 10
26.015
 20
24.587
 10
26.005
 20
24.595
 10
25.996
 20
24.604
 10
25.988
 20
24.614
 10
25.982
 20
24.624
 10
25.976
 20
24.635
 10
25.972
 20
24.647
 10
25.969
 20
24.659
 10
25.967
 20
24.671
 10
25.966
 20
24.685
 10
25.967
 20
24.698
 10
25.969
 20
24.711
 10
25.972
 20
24.723
 10
25.976
 20
24.735
 10
25.982
 20
24.745
 10
25.988
 20
24.756
 10
25.996
 20
24.765
 10
26.005
 20
24.775
 10
26.015
 20
24.783
 10
26.025
 20
24.79
 10
26.036
 20
24.796
 10
26.046
 20
24.801
 10
26.057
 20
24.805
 10
26.068
 20
24.807
 10
26.08
 20
24.809
 10
26.091
 20
24.81
 10
26.103
 20
24.809
 10
26.114
 20
24.807
 10
26.125
 20
24.805
 10
26.136
 20
24.801
 10
26.147
 20
24.796
 10
26.157
 20
24.79
 10
26.167
 20
24.783
 10
26.177
 20
24.775
 10
26.186
 20
24.765
 10
26.194
 20
24.756
 10
26.201
 20
24.745
 10
26.206
 20
24.735
 10
26.211
 20
24.723
 10
26.214
 20
24.711
 10
26.215
 20
24.698
 10
26.216
 20
24.685
 97
0
 75
0
 76
1
 98
0
  0
HATCH
  5
80
330
17
100
AcDbEntity
  8
RASTER
 62
7
100
AcDbHatch
 10
0.0
 20
0.0
 30
0.0
210
0.0
220
0.0
230
1.0
  2
SOLID
 70
1
 71
0
 91
1
 92
3
 72
0
 73
1
 93
136
 10
26.809
 20
24.217
 10
26.81
 20
24.204
 10
26.811
 20
24.191
 10
26.812
 20
24.178
 10
26.813
 20
24.165
 10
26.814
 20
24.151
 10
26.815
 20
24.137
 10
26.816
 20
24.122
 10
26.817
 20
24.108
 10
26.817
 20
24.093
 10
26.818
 20
24.079
 10
26.818
 20
24.066
 10
26.819
 20
24.053
 10
26.819
 20
24.041
 10
26.819
 20
24.03
 10
26.819
 20
24.019
 10
26.819
 20
24.009
 10
26.824
 20
24.009
 10
26.838
 20
24.035
 10
26.854
 20
24.06
 10
26.873
 20
24.083
 10
26.893
 20
24.105
 10
26.915
 20
24.126
 10
26.939
 20
24.146
 10
26.965
 20
24.164
 10
26.993
 20
24.182
 10
27.023
 20
24.197
 10
27.053
 20
24.211
 10
27.083
 20
24.222
 10
27.114
 20
24.231
 10
27.145
 20
24.239
 10
27.176
 20
24.244
 10
27.208
 20
24.247
 10
27.24
 20
24.248
 10
27.296
 20
24.246
 10
27.349
 20
24.239
 10
27.398
 20
24.229
 10
27.443
 20
24.214
 10
27.484
 20
24.194
 10
27.522
 20
24.17
 10
27.557
 20
24.142
 10
27.588
 20
24.11
 10
27.615
 20
24.074
 10
27.638
 20
24.036
 10
27.658
 20
23.994
 10
27.674
 20
23.95
 10
27.687
 20
23.903
 10
27.696
 20
23.854
 10
27.701
 20
23.801
 10
27.703
 20
23.746
 10
27.703
 20
23.0
 10
27.526
 20
23.0
 10
27.526
 20
23.673
 10
27.526
 20
23.697
 10
27.525
 20
23.72
 10
27.524
 20
23.743
 10
27.522
 20
23.765
 10
27.52
 20
23.787
 10
27.518
 20
23.807
 10
27.514
 20
23.828
 10
27.511
 20
23.848
 10
27.507
 20
23.867
 10
27.502
 20
23.885
 10
27.496
 20
23.903
 10
27.49
 20
23.92
 10
27.483
 20
23.936
 10
27.475
 20
23.952
 10
27.467
 20
23.967
 10
27.458
 20
23.982
 10
27.448
 20
23.995
 10
27.437
 20
24.008
 10
27.426
 20
24.02
 10
27.413
 20
24.031
 10
27.4
 20
24.042
 10
27.386
 20
24.051
 10
27.372
 20
24.06
 10
27.356
 20
24.069
 10
27.34
 20
24.076
 10
27.322
 20
24.082
 10
27.304
 20
24.088
 10
27.284
 20
24.092
 10
27.264
 20
24.095
 10
27.242
 20
24.098
 10
27.22
 20
24.099
 10
27.196
 20
24.1
 10
27.179
 20
24.099
 10
27.161
 20
24.098
 10
27.144
 20
24.096
 10
27.127
 20
24.093
 10
27.11
 20
24.089
 10
27.093
 20
24.084
 10
27.076
 20
24.078
 10
27.06
 20
24.071
 10
27.043
 20
24.064
 10
27.027
 20
24.055
 10
27.012
 20
24.046
 10
26.997
 20
24.035
 10
26.982
 20
24.024
 10
26.968
 20
24.011
 10
26.955
 20
23.998
 10
26.941
 20
23.984
 10
26.929
 20
23.969
 10
26.917
 20
23.953
 10
26.905
 20
23.936
 10
26.895
 20
23.918
 10
26.885
 20
23.899
 10
26.875
 20
23.879
 10
26.866
 20
23.858
 10
26.858
 20
23.836
 10
26.851
 20
23.813
 10
26.845
 20
23.789
 10
26.839
 20
23.764
 10
26.835
 20
23.738
 10
26.831
 20
23.711
 10
26.829
 20
23.683
 10
26.827
 20
23.654
 10
26.827
 20
23.624
 10
26.827
 20
23.0
 10
26.65
 20
23.0
 10
26.65
 20
23.949
 10
26.65
 20
23.962
 10
26.65
 20
23.975
 10
26.65
 20
23.99
 10
26.65
 20
24.006
 10
26.649
 20
24.022
 10
26.649
 20
24.039
 10
26.648
 20
24.057
 10
26.648
 20
24.076
 10
26.647
 20
24.096
 10
26.646
 20
24.114
 10
26.645
 20
24.133
 10
26.644
 20
24.15
 10
26.643
 20
24.168
 10
26.642
 20
24.185
 10
26.641
 20
24.201
 10
26.64
 20
24.217
 97
0
 75
0
 76
1
 98
0
  0
HATCH
  5
81
330
17
100
AcDbEntity
  8
RASTER
 62
7
100
AcDbHatch
 10
0.0
 20
0.0
 30
0.0
210
0.0
220
0.0
230
1.0
  2
SOLID
 70
1
 71
0
 91
1
 92
3
 72
0
 73
1
 93
136
 10
29.045
 20
23.0
 10
29.044
 20
23.013
 10
29.042
 20
23.025
 10
29.041
 20
23.039
 10
29.04
 20
23.052
 10
29.039
 20
23.066
 10
29.038
 20
23.08
 10
29.038
 20
23.094
 10
29.037
 20
23.109
 10
29.036
 20
23.124
 10
29.036
 20
23.138
 10
29.035
 20
23.151
 10
29.035
 20
23.164
 10
29.035
 20
23.176
 10
29.035
 20
23.187
 10
29.034
 20
23.198
 10
29.034
 20
23.208
 10
29.029
 20
23.208
 10
29.015
 20
23.182
 10
28.999
 20
23.157
 10
28.981
 20
23.134
 10
28.961
 20
23.111
 10
28.939
 20
23.09
 10
28.915
 20
23.071
 10
28.888
 20
23.052
 10
28.86
 20
23.035
 10
28.831
 20
23.02
 10
28.801
 20
23.006
 10
28.771
 20
22.995
 10
28.74
 20
22.985
 10
28.709
 20
22.978
 10
28.677
 20
22.973
 10
28.645
 20
22.97
 10
28.613
 20
22.969
 10
28.557
 20
22.971
 10
28.505
 20
22.977
 10
28.456
 20
22.988
 10
28.411
 20
23.003
 10
28.369
 20
23.023
 10
28.331
 20
23.046
 10
28.297
 20
23.074
 10
28.266
 20
23.107
 10
28.239
 20
23.142
 10
28.215
 20
23.181
 10
28.196
 20
23.222
 10
28.179
 20
23.267
 10
28.167
 20
23.313
 10
28.158
 20
23.363
 10
28.152
 20
23.415
 10
28.15
 20
23.471
 10
28.15
 20
24.217
 10
28.327
 20
24.217
 10
28.327
 20
23.543
 10
28.327
 20
23.52
 10
28.328
 20
23.496
 10
28.329
 20
23.474
 10
28.331
 20
23.452
 10
28.333
 20
23.43
 10
28.336
 20
23.409
 10
28.339
 20
23.389
 10
28.343
 20
23.369
 10
28.347
 20
23.35
 10
28.352
 20
23.332
 10
28.358
 20
23.314
 10
28.364
 20
23.297
 10
28.371
 20
23.28
 10
28.379
 20
23.265
 10
28.387
 20
23.25
 10
28.396
 20
23.235
 10
28.406
 20
23.222
 10
28.417
 20
23.209
 10
28.428
 20
23.197
 10
28.44
 20
23.186
 10
28.453
 20
23.175
 10
28.467
 20
23.165
 10
28.482
 20
23.156
 10
28.498
 20
23.148
 10
28.514
 20
23.141
 10
28.531
 20
23.135
 10
28.55
 20
23.129
 10
28.569
 20
23.125
 10
28.59
 20
23.121
 10
28.611
 20
23.119
 10
28.634
 20
23.117
 10
28.657
 20
23.117
 10
28.675
 20
23.117
 10
28.692
 20
23.119
 10
28.71
 20
23.121
 10
28.727
 20
23.124
 10
28.744
 20
23.128
 10
28.761
 20
23.133
 10
28.777
 20
23.139
 10
28.794
 20
23.146
 10
28.81
 20
23.153
 10
28.826
 20
23.162
 10
28.842
 20
23.171
 10
28.857
 20
23.182
 10
28.871
 20
23.193
 10
28.885
 20
23.205
 10
28.899
 20
23.219
 10
28.912
 20
23.233
 10
28.925
 20
23.248
 10
28.937
 20
23.264
 10
28.948
 20
23.281
 10
28.959
 20
23.299
 10
28.969
 20
23.318
 10
28.979
 20
23.338
 10
28.987
 20
23.359
 10
28.995
 20
23.381
 10
29.003
 20
23.404
 10
29.009
 20
23.428
 10
29.014
 20
23.453
 10
29.019
 20
23.479
 10
29.022
 20
23.506
 10
29.025
 20
23.534
 10
29.026
 20
23.563
 10
29.027
 20
23.593
 10
29.027
 20
24.217
 10
29.203
 20
24.217
 10
29.203
 20
23.268
 10
29.203
 20
23.255
 10
29.204
 20
23.241
 10
29.204
 20
23.227
 10
29.204
 20
23.211
 10
29.204
 20
23.195
 10
29.205
 20
23.178
 10
29.205
 20
23.159
 10
29.206
 20
23.14
 10
29.207
 20
23.121
 10
29.207
 20
23.102
 10
29.208
 20
23.084
 10
29.209
 20
23.066
 10
29.21
 20
23.049
 10
29.211
 20
23.032
 10
29.213
 20
23.016
 10
29.214
 20
23.0
 97
0
 75
0
 76
1
 98
0
  0
HATCH
  5
82
330
17
100
AcDbEntity
  8
RASTER
 62
7
100
AcDbHatch
 10
0.0
 20
0.0
 30
0.0
210
0.0
220
0.0
230
1.0
  2
SOLID
 70
1
 71
0
 91
1
 92
3
 72
0
 73
1
 93
274
 10
30.319
 20
23.928
 10
30.308
 20
23.947
 10
30.297
 20
23.964
 10
30.284
 20
23.981
 10
30.27
 20
23.997
 10
30.254
 20
24.012
 10
30.238
 20
24.026
 10
30.22
 20
24.039
 10
30.201
 20
24.052
 10
30.18
 20
24.063
 10
30.159
 20
24.073
 10
30.138
 20
24.081
 10
30.116
 20
24.088
 10
30.093
 20
24.093
 10
30.069
 20
24.097
 10
30.045
 20
24.099
 10
30.02
 20
24.1
 10
30.008
 20
24.1
 10
29.996
 20
24.099
 10
29.985
 20
24.098
 10
29.973
 20
24.097
 10
29.961
 20
24.096
 10
29.95
 20
24.094
 10
29.938
 20
24.092
 10
29.926
 20
24.089
 10
29.915
 20
24.087
 10
29.903
 20
24.083
 10
29.893
 20
24.08
 10
29.882
 20
24.076
 10
29.872
 20
24.071
 10
29.862
 20
24.066
 10
29.852
 20
24.061
 10
29.843
 20
24.056
 10
29.834
 20
24.05
 10
29.826
 20
24.043
 10
29.818
 20
24.036
 10
29.81
 20
24.029
 10
29.803
 20
24.021
 10
29.796
 20
24.013
 10
29.79
 20
24.005
 10
29.785
 20
23.996
 10
29.779
 20
23.986
 10
29.775
 20
23.977
 10
29.771
 20
23.967
 10
29.768
 20
23.956
 10
29.766
 20
23.945
 10
29.764
 20
23.934
 10
29.763
 20
23.922
 10
29.762
 20
23.91
 10
29.763
 20
23.889
 10
29.767
 20
23.87
 10
29.772
 20
23.851
 10
29.78
 20
23.834
 10
29.79
 20
23.818
 10
29.802
 20
23.804
 10
29.816
 20
23.791
 10
29.833
 20
23.779
 10
29.851
 20
23.768
 10
29.873
 20
23.757
 10
29.897
 20
23.747
 10
29.923
 20
23.737
 10
29.952
 20
23.727
 10
29.983
 20
23.718
 10
30.017
 20
23.71
 10
30.054
 20
23.702
 10
30.106
 20
23.69
 10
30.154
 20
23.677
 10
30.2
 20
23.663
 10
30.241
 20
23.648
 10
30.279
 20
23.631
 10
30.314
 20
23.613
 10
30.345
 20
23.594
 10
30.372
 20
23.573
 10
30.396
 20
23.551
 10
30.417
 20
23.527
 10
30.435
 20
23.502
 10
30.449
 20
23.474
 10
30.46
 20
23.445
 10
30.468
 20
23.414
 10
30.473
 20
23.381
 10
30.475
 20
23.346
 10
30.474
 20
23.32
 10
30.472
 20
23.296
 10
30.469
 20
23.272
 10
30.465
 20
23.25
 10
30.459
 20
23.228
 10
30.452
 20
23.208
 10
30.444
 20
23.189
 10
30.435
 20
23.17
 10
30.424
 20
23.153
 10
30.413
 20
23.136
 10
30.401
 20
23.12
 10
30.388
 20
23.105
 10
30.374
 20
23.091
 10
30.36
 20
23.078
 10
30.345
 20
23.065
 10
30.329
 20
23.053
 10
30.313
 20
23.042
 10
30.296
 20
23.032
 10
30.278
 20
23.023
 10
30.26
 20
23.014
 10
30.241
 20
23.007
 10
30.222
 20
23.0
 10
30.203
 20
22.994
 10
30.182
 20
22.988
 10
30.162
 20
22.984
 10
30.141
 20
22.98
 10
30.121
 20
22.976
 10
30.1
 20
22.974
 10
30.079
 20
22.972
 10
30.059
 20
22.97
 10
30.038
 20
22.969
 10
30.017
 20
22.969
 10
29.983
 20
22.97
 10
29.949
 20
22.972
 10
29.915
 20
22.977
 10
29.881
 20
22.983
 10
29.848
 20
22.991
 10
29.815
 20
23.001
 10
29.782
 20
23.013
 10
29.749
 20
23.026
 10
29.718
 20
23.041
 10
29.687
 20
23.059
 10
29.658
 20
23.078
 10
29.631
 20
23.099
 10
29.605
 20
23.123
 10
29.581
 20
23.148
 10
29.558
 20
23.176
 10
29.536
 20
23.205
 10
29.677
 20
23.309
 10
29.689
 20
23.29
 10
29.703
 20
23.271
 10
29.718
 20
23.253
 10
29.734
 20
23.235
 10
29.752
 20
23.219
 10
29.772
 20
23.203
 10
29.792
 20
23.188
 10
29.814
 20
23.174
 10
29.837
 20
23.161
 10
29.861
 20
23.15
 10
29.885
 20
23.141
 10
29.91
 20
23.133
 10
29.935
 20
23.127
 10
29.961
 20
23.123
 10
29.988
 20
23.12
 10
30.015
 20
23.12
 10
30.029
 20
23.12
 10
30.043
 20
23.12
 10
30.057
 20
23.121
 10
30.071
 20
23.122
 10
30.084
 20
23.124
 10
30.097
 20
23.125
 10
30.111
 20
23.128
 10
30.124
 20
23.13
 10
30.137
 20
23.133
 10
30.149
 20
23.136
 10
30.161
 20
23.14
 10
30.173
 20
23.144
 10
30.184
 20
23.149
 10
30.194
 20
23.154
 10
30.205
 20
23.16
 10
30.215
 20
23.166
 10
30.224
 20
23.173
 10
30.233
 20
23.18
 10
30.242
 20
23.188
 10
30.25
 20
23.196
 10
30.257
 20
23.204
 10
30.265
 20
23.213
 10
30.271
 20
23.223
 10
30.277
 20
23.233
 10
30.283
 20
23.243
 10
30.287
 20
23.254
 10
30.291
 20
23.266
 10
30.295
 20
23.278
 10
30.297
 20
23.291
 10
30.299
 20
23.304
 10
30.3
 20
23.318
 10
30.301
 20
23.333
 10
30.299
 20
23.356
 10
30.295
 20
23.378
 10
30.288
 20
23.398
 10
30.278
 20
23.417
 10
30.265
 20
23.434
 10
30.249
 20
23.45
 10
30.23
 20
23.464
 10
30.208
 20
23.477
 10
30.184
 20
23.489
 10
30.157
 20
23.501
 10
30.128
 20
23.512
 10
30.096
 20
23.524
 10
30.061
 20
23.535
 10
30.024
 20
23.546
 10
29.984
 20
23.556
 10
29.942
 20
23.567
 10
29.928
 20
23.57
 10
29.914
 20
23.574
 10
29.9
 20
23.577
 10
29.886
 20
23.581
 10
29.871
 20
23.586
 10
29.856
 20
23.59
 10
29.841
 20
23.595
 10
29.826
 20
23.599
 10
29.811
 20
23.604
 10
29.796
 20
23.61
 10
29.782
 20
23.616
 10
29.767
 20
23.623
 10
29.753
 20
23.631
 10
29.74
 20
23.639
 10
29.726
 20
23.647
 10
29.713
 20
23.657
 10
29.7
 20
23.666
 10
29.688
 20
23.677
 10
29.677
 20
23.688
 10
29.666
 20
23.699
 10
29.655
 20
23.711
 10
29.645
 20
23.724
 10
29.636
 20
23.737
 10
29.627
 20
23.751
 10
29.619
 20
23.766
 10
29.612
 20
23.782
 10
29.607
 20
23.798
 10
29.602
 20
23.816
 10
29.598
 20
23.834
 10
29.596
 20
23.853
 10
29.594
 20
23.873
 10
29.593
 20
23.894
 10
29.594
 20
23.917
 10
29.596
 20
23.939
 10
29.599
 20
23.961
 10
29.603
 20
23.981
 10
29.608
 20
24.001
 10
29.614
 20
24.019
 10
29.621
 20
24.037
 10
29.63
 20
24.054
 10
29.639
 20
24.071
 10
29.65
 20
24.086
 10
29.661
 20
24.101
 10
29.672
 20
24.115
 10
29.685
 20
24.128
 10
29.698
 20
24.141
 10
29.712
 20
24.152
 10
29.727
 20
24.164
 10
29.743
 20
24.174
 10
29.759
 20
24.184
 10
29.776
 20
24.193
 10
29.793
 20
24.201
 10
29.81
 20
24.208
 10
29.828
 20
24.215
 10
29.847
 20
24.222
 10
29.866
 20
24.227
 10
29.886
 20
24.232
 10
29.906
 20
24.236
 10
29.926
 20
24.24
 10
29.946
 20
24.243
 10
29.966
 20
24.245
 10
29.986
 20
24.247
 10
30.007
 20
24.248
 10
30.028
 20
24.248
 10
30.059
 20
24.247
 10
30.091
 20
24.244
 10
30.122
 20
24.24
 10
30.153
 20
24.234
 10
30.184
 20
24.226
 10
30.214
 20
24.216
 10
30.245
 20
24.204
 10
30.275
 20
24.191
 10
30.304
 20
24.176
 10
30.331
 20
24.159
 10
30.356
 20
24.141
 10
30.379
 20
24.122
 10
30.401
 20
24.101
 10
30.42
 20
24.079
 10
30.438
 20
24.055
 10
30.454
 20
24.03
 97
0
 75
0
 76
1
 98
0
  0
HATCH
  5
83
330
17
100
AcDbEntity
  8
RASTER
 62
7
100
AcDbHatch
 10
0.0
 20
0.0
 30
0.0
210
0.0
220
0.0
230
1.0
  2
SOLID
 70
1
 71
0
 91
1
 92
3
 72
0
 73
1
 93
194
 10
32.352
 20
23.939
 10
32.34
 20
23.956
 10
32.327
 20
23.972
 10
32.313
 20
23.988
 10
32.298
 20
24.003
 10
32.281
 20
24.017
 10
32.263
 20
24.03
 10
32.244
 20
24.043
 10
32.223
 20
24.054
 10
32.202
 20
24.065
 10
32.18
 20
24.074
 10
32.158
 20
24.082
 10
32.135
 20
24.088
 10
32.112
 20
24.093
 10
32.089
 20
24.097
 10
32.064
 20
24.099
 10
32.04
 20
24.1
 10
32.014
 20
24.099
 10
31.988
 20
24.097
 10
31.963
 20
24.094
 10
31.939
 20
24.09
 10
31.915
 20
24.085
 10
31.892
 20
24.079
 10
31.869
 20
24.071
 10
31.848
 20
24.062
 10
31.827
 20
24.052
 10
31.806
 20
24.041
 10
31.787
 20
24.03
 10
31.768
 20
24.017
 10
31.75
 20
24.004
 10
31.733
 20
23.989
 10
31.716
 20
23.974
 10
31.701
 20
23.958
 10
31.686
 20
23.941
 10
31.672
 20
23.923
 10
31.659
 20
23.905
 10
31.647
 20
23.886
 10
31.635
 20
23.866
 10
31.625
 20
23.845
 10
31.616
 20
23.824
 10
31.607
 20
23.802
 10
31.599
 20
23.779
 10
31.593
 20
23.756
 10
31.587
 20
23.733
 10
31.583
 20
23.709
 10
31.579
 20
23.684
 10
31.577
 20
23.66
 10
31.575
 20
23.634
 10
31.575
 20
23.608
 10
31.575
 20
23.583
 10
31.577
 20
23.557
 10
31.579
 20
23.533
 10
31.583
 20
23.508
 10
31.587
 20
23.484
 10
31.593
 20
23.461
 10
31.599
 20
23.438
 10
31.607
 20
23.416
 10
31.616
 20
23.394
 10
31.625
 20
23.373
 10
31.635
 20
23.353
 10
31.646
 20
23.333
 10
31.658
 20
23.314
 10
31.671
 20
23.296
 10
31.685
 20
23.278
 10
31.699
 20
23.261
 10
31.715
 20
23.245
 10
31.731
 20
23.23
 10
31.748
 20
23.216
 10
31.766
 20
23.202
 10
31.784
 20
23.19
 10
31.804
 20
23.178
 10
31.824
 20
23.167
 10
31.845
 20
23.157
 10
31.867
 20
23.148
 10
31.889
 20
23.141
 10
31.912
 20
23.134
 10
31.936
 20
23.129
 10
31.96
 20
23.125
 10
31.985
 20
23.122
 10
32.011
 20
23.12
 10
32.037
 20
23.12
 10
32.066
 20
23.12
 10
32.094
 20
23.122
 10
32.12
 20
23.126
 10
32.145
 20
23.131
 10
32.169
 20
23.137
 10
32.192
 20
23.144
 10
32.214
 20
23.153
 10
32.235
 20
23.164
 10
32.255
 20
23.175
 10
32.274
 20
23.188
 10
32.291
 20
23.201
 10
32.308
 20
23.215
 10
32.325
 20
23.229
 10
32.34
 20
23.245
 10
32.354
 20
23.261
 10
32.368
 20
23.278
 10
32.5
 20
23.179
 10
32.48
 20
23.156
 10
32.459
 20
23.134
 10
32.437
 20
23.113
 10
32.413
 20
23.093
 10
32.389
 20
23.074
 10
32.363
 20
23.057
 10
32.337
 20
23.041
 10
32.309
 20
23.026
 10
32.28
 20
23.013
 10
32.25
 20
23.001
 10
32.218
 20
22.991
 10
32.185
 20
22.983
 10
32.15
 20
22.977
 10
32.114
 20
22.972
 10
32.076
 20
22.97
 10
32.037
 20
22.969
 10
32.001
 20
22.97
 10
31.965
 20
22.972
 10
31.93
 20
22.976
 10
31.896
 20
22.981
 10
31.863
 20
22.988
 10
31.831
 20
22.996
 10
31.8
 20
23.006
 10
31.77
 20
23.017
 10
31.74
 20
23.03
 10
31.712
 20
23.043
 10
31.685
 20
23.058
 10
31.659
 20
23.074
 10
31.634
 20
23.092
 10
31.61
 20
23.11
 10
31.587
 20
23.13
 10
31.565
 20
23.151
 10
31.545
 20
23.173
 10
31.526
 20
23.196
 10
31.507
 20
23.22
 10
31.49
 20
23.244
 10
31.475
 20
23.27
 10
31.46
 20
23.297
 10
31.446
 20
23.325
 10
31.434
 20
23.354
 10
31.423
 20
23.383
 10
31.414
 20
23.413
 10
31.406
 20
23.444
 10
31.399
 20
23.476
 10
31.394
 20
23.508
 10
31.39
 20
23.541
 10
31.388
 20
23.574
 10
31.387
 20
23.608
 10
31.388
 20
23.643
 10
31.39
 20
23.676
 10
31.394
 20
23.709
 10
31.399
 20
23.741
 10
31.406
 20
23.773
 10
31.414
 20
23.803
 10
31.423
 20
23.834
 10
31.434
 20
23.863
 10
31.446
 20
23.892
 10
31.46
 20
23.92
 10
31.475
 20
23.947
 10
31.49
 20
23.972
 10
31.507
 20
23.997
 10
31.526
 20
24.021
 10
31.545
 20
24.044
 10
31.565
 20
24.066
 10
31.587
 20
24.087
 10
31.61
 20
24.107
 10
31.634
 20
24.125
 10
31.659
 20
24.142
 10
31.685
 20
24.159
 10
31.712
 20
24.173
 10
31.74
 20
24.187
 10
31.77
 20
24.2
 10
31.8
 20
24.211
 10
31.831
 20
24.221
 10
31.863
 20
24.229
 10
31.896
 20
24.236
 10
31.93
 20
24.241
 10
31.965
 20
24.245
 10
32.001
 20
24.247
 10
32.037
 20
24.248
 10
32.068
 20
24.247
 10
32.099
 20
24.245
 10
32.13
 20
24.241
 10
32.161
 20
24.235
 10
32.192
 20
24.227
 10
32.223
 20
24.218
 10
32.254
 20
24.207
 10
32.286
 20
24.195
 10
32.316
 20
24.181
 10
32.346
 20
24.165
 10
32.374
 20
24.148
 10
32.4
 20
24.129
 10
32.425
 20
24.108
 10
32.448
 20
24.086
 10
32.47
 20
24.063
 10
32.49
 20
24.037
 97
0
 75
0
 76
1
 98
0
  0
HATCH
  5
84
330
17
100
AcDbEntity
  8
RASTER
 62
7
100
AcDbHatch
 10
0.0
 20
0.0
 30
0.0
210
0.0
220
0.0
230
1.0
  2
SOLID
 70
1
 71
0
 91
1
 92
3
 72
0
 73
1
 93
119
 10
32.776
 20
23.949
 10
32.776
 20
23.962
 10
32.776
 20
23.975
 10
32.775
 20
23.99
 10
32.775
 20
24.006
 10
32.775
 20
24.022
 10
32.774
 20
24.039
 10
32.774
 20
24.057
 10
32.773
 20
24.076
 10
32.773
 20
24.096
 10
32.772
 20
24.114
 10
32.771
 20
24.133
 10
32.77
 20
24.15
 10
32.769
 20
24.168
 10
32.768
 20
24.185
 10
32.767
 20
24.201
 10
32.765
 20
24.217
 10
32.934
 20
24.217
 10
32.936
 20
24.204
 10
32.937
 20
24.191
 10
32.938
 20
24.178
 10
32.939
 20
24.165
 10
32.94
 20
24.151
 10
32.941
 20
24.137
 10
32.942
 20
24.122
 10
32.942
 20
24.108
 10
32.943
 20
24.093
 10
32.943
 20
24.079
 10
32.944
 20
24.066
 10
32.944
 20
24.053
 10
32.944
 20
24.041
 10
32.945
 20
24.03
 10
32.945
 20
24.019
 10
32.945
 20
24.009
 10
32.95
 20
24.009
 10
32.964
 20
24.035
 10
32.979
 20
24.06
 10
32.996
 20
24.083
 10
33.015
 20
24.105
 10
33.035
 20
24.126
 10
33.057
 20
24.146
 10
33.081
 20
24.164
 10
33.106
 20
24.182
 10
33.132
 20
24.197
 10
33.16
 20
24.211
 10
33.188
 20
24.222
 10
33.217
 20
24.231
 10
33.246
 20
24.239
 10
33.277
 20
24.244
 10
33.308
 20
24.247
 10
33.34
 20
24.248
 10
33.348
 20
24.248
 10
33.356
 20
24.248
 10
33.364
 20
24.248
 10
33.372
 20
24.247
 10
33.38
 20
24.247
 10
33.387
 20
24.247
 10
33.394
 20
24.246
 10
33.401
 20
24.245
 10
33.408
 20
24.245
 10
33.415
 20
24.244
 10
33.422
 20
24.243
 10
33.429
 20
24.242
 10
33.436
 20
24.24
 10
33.443
 20
24.239
 10
33.45
 20
24.237
 10
33.457
 20
24.235
 10
33.434
 20
24.069
 10
33.429
 20
24.07
 10
33.425
 20
24.071
 10
33.419
 20
24.072
 10
33.413
 20
24.074
 10
33.406
 20
24.075
 10
33.399
 20
24.076
 10
33.39
 20
24.078
 10
33.382
 20
24.079
 10
33.373
 20
24.08
 10
33.363
 20
24.081
 10
33.354
 20
24.082
 10
33.345
 20
24.083
 10
33.336
 20
24.083
 10
33.327
 20
24.084
 10
33.318
 20
24.084
 10
33.309
 20
24.084
 10
33.291
 20
24.084
 10
33.274
 20
24.083
 10
33.257
 20
24.081
 10
33.24
 20
24.078
 10
33.223
 20
24.074
 10
33.206
 20
24.07
 10
33.19
 20
24.064
 10
33.174
 20
24.058
 10
33.158
 20
24.051
 10
33.142
 20
24.043
 10
33.127
 20
24.034
 10
33.113
 20
24.025
 10
33.099
 20
24.014
 10
33.086
 20
24.002
 10
33.073
 20
23.99
 10
33.061
 20
23.976
 10
33.049
 20
23.962
 10
33.038
 20
23.946
 10
33.027
 20
23.93
 10
33.017
 20
23.913
 10
33.007
 20
23.894
 10
32.999
 20
23.875
 10
32.99
 20
23.855
 10
32.983
 20
23.833
 10
32.975
 20
23.811
 10
32.969
 20
23.788
 10
32.964
 20
23.763
 10
32.96
 20
23.737
 10
32.957
 20
23.711
 10
32.954
 20
23.683
 10
32.953
 20
23.654
 10
32.953
 20
23.624
 10
32.953
 20
23.0
 10
32.776
 20
23.0
 10
32.776
 20
23.949
 97
0
 75
0
 76
1
 98
0
  0
HATCH
  5
85
330
17
100
AcDbEntity
  8
RASTER
 62
7
100
AcDbHatch
 10
0.0
 20
0.0
 30
0.0
210
0.0
220
0.0
230
1.0
  2
SOLID
 70
1
 71
0
 91
2
 92
3
 72
0
 73
1
 93
197
 10
34.479
 20
23.785
 10
34.478
 20
23.824
 10
34.474
 20
23.859
 10
34.467
 20
23.893
 10
34.458
 20
23.924
 10
34.446
 20
23.952
 10
34.432
 20
23.978
 10
34.415
 20
24.001
 10
34.396
 20
24.022
 10
34.374
 20
24.04
 10
34.349
 20
24.056
 10
34.323
 20
24.069
 10
34.294
 20
24.08
 10
34.262
 20
24.089
 10
34.228
 20
24.095
 10
34.192
 20
24.099
 10
34.154
 20
24.1
 10
34.127
 20
24.099
 10
34.1
 20
24.097
 10
34.074
 20
24.094
 10
34.049
 20
24.09
 10
34.023
 20
24.085
 10
33.999
 20
24.078
 10
33.975
 20
24.07
 10
33.951
 20
24.061
 10
33.928
 20
24.051
 10
33.906
 20
24.04
 10
33.885
 20
24.028
 10
33.865
 20
24.015
 10
33.845
 20
24.002
 10
33.827
 20
23.988
 10
33.809
 20
23.973
 10
33.792
 20
23.957
 10
33.694
 20
24.074
 10
33.713
 20
24.092
 10
33.734
 20
24.11
 10
33.757
 20
24.127
 10
33.781
 20
24.143
 10
33.807
 20
24.158
 10
33.834
 20
24.172
 10
33.862
 20
24.186
 10
33.893
 20
24.199
 10
33.924
 20
24.21
 10
33.956
 20
24.22
 10
33.99
 20
24.229
 10
34.024
 20
24.236
 10
34.06
 20
24.241
 10
34.096
 20
24.245
 10
34.134
 20
24.247
 10
34.172
 20
24.248
 10
34.196
 20
24.248
 10
34.221
 20
24.246
 10
34.244
 20
24.244
 10
34.268
 20
24.241
 10
34.29
 20
24.237
 10
34.313
 20
24.233
 10
34.335
 20
24.227
 10
34.357
 20
24.221
 10
34.378
 20
24.213
 10
34.398
 20
24.205
 10
34.418
 20
24.196
 10
34.437
 20
24.187
 10
34.456
 20
24.176
 10
34.474
 20
24.164
 10
34.491
 20
24.152
 10
34.507
 20
24.139
 10
34.523
 20
24.125
 10
34.538
 20
24.11
 10
34.552
 20
24.094
 10
34.565
 20
24.077
 10
34.577
 20
24.059
 10
34.589
 20
24.041
 10
34.599
 20
24.021
 10
34.609
 20
24.001
 10
34.617
 20
23.98
 10
34.625
 20
23.958
 10
34.631
 20
23.935
 10
34.636
 20
23.911
 10
34.64
 20
23.886
 10
34.643
 20
23.86
 10
34.645
 20
23.834
 10
34.645
 20
23.806
 10
34.645
 20
23.273
 10
34.645
 20
23.255
 10
34.646
 20
23.238
 10
34.646
 20
23.22
 10
34.647
 20
23.202
 10
34.647
 20
23.183
 10
34.648
 20
23.165
 10
34.649
 20
23.146
 10
34.65
 20
23.127
 10
34.652
 20
23.109
 10
34.653
 20
23.091
 10
34.655
 20
23.074
 10
34.657
 20
23.058
 10
34.659
 20
23.042
 10
34.661
 20
23.027
 10
34.663
 20
23.013
 10
34.666
 20
23.0
 10
34.507
 20
23.0
 10
34.505
 20
23.011
 10
34.504
 20
23.023
 10
34.502
 20
23.034
 10
34.5
 20
23.046
 10
34.499
 20
23.058
 10
34.497
 20
23.071
 10
34.496
 20
23.083
 10
34.494
 20
23.096
 10
34.493
 20
23.109
 10
34.492
 20
23.122
 10
34.491
 20
23.135
 10
34.491
 20
23.148
 10
34.49
 20
23.16
 10
34.49
 20
23.173
 10
34.489
 20
23.185
 10
34.489
 20
23.198
 10
34.484
 20
23.198
 10
34.463
 20
23.168
 10
34.441
 20
23.141
 10
34.418
 20
23.116
 10
34.395
 20
23.093
 10
34.371
 20
23.072
 10
34.347
 20
23.053
 10
34.321
 20
23.037
 10
34.296
 20
23.022
 10
34.269
 20
23.01
 10
34.24
 20
22.999
 10
34.21
 20
22.99
 10
34.179
 20
22.982
 10
34.147
 20
22.976
 10
34.113
 20
22.972
 10
34.078
 20
22.97
 10
34.042
 20
22.969
 10
34.024
 20
22.969
 10
34.007
 20
22.97
 10
33.989
 20
22.972
 10
33.971
 20
22.974
 10
33.953
 20
22.976
 10
33.935
 20
22.98
 10
33.916
 20
22.984
 10
33.898
 20
22.988
 10
33.879
 20
22.994
 10
33.861
 20
23.0
 10
33.844
 20
23.006
 10
33.827
 20
23.014
 10
33.81
 20
23.022
 10
33.794
 20
23.031
 10
33.778
 20
23.041
 10
33.763
 20
23.052
 10
33.748
 20
23.063
 10
33.733
 20
23.076
 10
33.72
 20
23.089
 10
33.707
 20
23.103
 10
33.694
 20
23.117
 10
33.683
 20
23.133
 10
33.672
 20
23.149
 10
33.661
 20
23.166
 10
33.652
 20
23.184
 10
33.643
 20
23.203
 10
33.637
 20
23.223
 10
33.631
 20
23.244
 10
33.626
 20
23.266
 10
33.623
 20
23.289
 10
33.621
 20
23.313
 10
33.621
 20
23.338
 10
33.622
 20
23.372
 10
33.625
 20
23.405
 10
33.631
 20
23.435
 10
33.639
 20
23.464
 10
33.649
 20
23.491
 10
33.661
 20
23.516
 10
33.676
 20
23.539
 10
33.692
 20
23.56
 10
33.711
 20
23.58
 10
33.731
 20
23.599
 10
33.753
 20
23.616
 10
33.776
 20
23.632
 10
33.8
 20
23.646
 10
33.827
 20
23.66
 10
33.854
 20
23.672
 10
33.883
 20
23.683
 10
33.914
 20
23.692
 10
33.945
 20
23.701
 10
33.978
 20
23.709
 10
34.012
 20
23.716
 10
34.047
 20
23.722
 10
34.083
 20
23.727
 10
34.12
 20
23.731
 10
34.158
 20
23.735
 10
34.197
 20
23.737
 10
34.236
 20
23.74
 10
34.275
 20
23.742
 10
34.315
 20
23.743
 10
34.356
 20
23.745
 10
34.396
 20
23.745
 10
34.437
 20
23.746
 10
34.479
 20
23.746
 97
0
 92
3
 72
0
 73
1
 93
98
 10
34.427
 20
23.608
 10
34.399
 20
23.608
 10
34.372
 20
23.608
 10
34.345
 20
23.607
 10
34.317
 20
23.606
 10
34.29
 20
23.605
 10
34.262
 20
23.603
 10
34.235
 20
23.601
 10
34.207
 20
23.599
 10
34.18
 20
23.597
 10
34.153
 20
23.594
 10
34.127
 20
23.59
 10
34.102
 20
23.586
 10
34.077
 20
23.581
 10
34.053
 20
23.575
 10
34.03
 20
23.569
 10
34.007
 20
23.563
 10
33.985
 20
23.556
 10
33.964
 20
23.548
 10
33.944
 20
23.539
 10
33.925
 20
23.529
 10
33.907
 20
23.519
 10
33.891
 20
23.508
 10
33.875
 20
23.496
 10
33.86
 20
23.484
 10
33.847
 20
23.47
 10
33.835
 20
23.455
 10
33.825
 20
23.44
 10
33.817
 20
23.423
 10
33.811
 20
23.405
 10
33.806
 20
23.387
 10
33.804
 20
23.367
 10
33.803
 20
23.346
 10
33.803
 20
23.33
 10
33.804
 20
23.315
 10
33.806
 20
23.3
 10
33.809
 20
23.286
 10
33.812
 20
23.273
 10
33.817
 20
23.26
 10
33.822
 20
23.248
 10
33.828
 20
23.237
 10
33.834
 20
23.226
 10
33.841
 20
23.216
 10
33.848
 20
23.206
 10
33.856
 20
23.197
 10
33.865
 20
23.188
 10
33.874
 20
23.18
 10
33.884
 20
23.172
 10
33.894
 20
23.165
 10
33.904
 20
23.159
 10
33.915
 20
23.152
 10
33.926
 20
23.147
 10
33.938
 20
23.142
 10
33.949
 20
23.137
 10
33.961
 20
23.133
 10
33.974
 20
23.129
 10
33.986
 20
23.126
 10
33.999
 20
23.123
 10
34.012
 20
23.121
 10
34.024
 20
23.119
 10
34.037
 20
23.117
 10
34.05
 20
23.116
 10
34.063
 20
23.115
 10
34.076
 20
23.115
 10
34.089
 20
23.114
 10
34.112
 20
23.115
 10
34.134
 20
23.116
 10
34.156
 20
23.119
 10
34.177
 20
23.123
 10
34.198
 20
23.127
 10
34.218
 20
23.133
 10
34.237
 20
23.139
 10
34.255
 20
23.147
 10
34.273
 20
23.155
 10
34.29
 20
23.165
 10
34.307
 20
23.175
 10
34.322
 20
23.185
 10
34.337
 20
23.197
 10
34.351
 20
23.209
 10
34.365
 20
23.222
 10
34.377
 20
23.235
 10
34.389
 20
23.25
 10
34.401
 20
23.264
 10
34.411
 20
23.28
 10
34.421
 20
23.295
 10
34.43
 20
23.312
 10
34.438
 20
23.329
 10
34.446
 20
23.346
 10
34.453
 20
23.364
 10
34.459
 20
23.382
 10
34.464
 20
23.401
 10
34.469
 20
23.42
 10
34.472
 20
23.439
 10
34.475
 20
23.458
 10
34.477
 20
23.478
 10
34.478
 20
23.497
 10
34.479
 20
23.517
 10
34.479
 20
23.608
 97
0
 75
0
 76
1
 98
0
  0
HATCH
  5
86
330
17
100
AcDbEntity
  8
RASTER
 62
7
100
AcDbHatch
 10
0.0
 20
0.0
 30
0.0
210
0.0
220
0.0
230
1.0
  2
SOLID
 70
1
 71
0
 91
1
 92
3
 72
0
 73
1
 93
108
 10
35.649
 20
24.069
 10
35.306
 20
24.069
 10
35.306
 20
23.359
 10
35.306
 20
23.342
 10
35.306
 20
23.326
 10
35.307
 20
23.311
 10
35.309
 20
23.297
 10
35.311
 20
23.283
 10
35.313
 20
23.271
 10
35.316
 20
23.258
 10
35.319
 20
23.247
 10
35.322
 20
23.236
 10
35.326
 20
23.226
 10
35.33
 20
23.217
 10
35.335
 20
23.208
 10
35.339
 20
23.199
 10
35.345
 20
23.192
 10
35.35
 20
23.185
 10
35.356
 20
23.178
 10
35.363
 20
23.172
 10
35.369
 20
23.167
 10
35.376
 20
23.162
 10
35.383
 20
23.157
 10
35.391
 20
23.153
 10
35.398
 20
23.15
 10
35.406
 20
23.147
 10
35.415
 20
23.144
 10
35.423
 20
23.142
 10
35.432
 20
23.14
 10
35.441
 20
23.139
 10
35.45
 20
23.137
 10
35.459
 20
23.136
 10
35.468
 20
23.136
 10
35.478
 20
23.135
 10
35.488
 20
23.135
 10
35.497
 20
23.135
 10
35.506
 20
23.136
 10
35.515
 20
23.137
 10
35.525
 20
23.138
 10
35.535
 20
23.139
 10
35.544
 20
23.141
 10
35.554
 20
23.143
 10
35.564
 20
23.146
 10
35.574
 20
23.148
 10
35.584
 20
23.151
 10
35.594
 20
23.154
 10
35.604
 20
23.158
 10
35.613
 20
23.162
 10
35.623
 20
23.166
 10
35.632
 20
23.17
 10
35.641
 20
23.174
 10
35.649
 20
23.021
 10
35.637
 20
23.016
 10
35.625
 20
23.012
 10
35.613
 20
23.008
 10
35.601
 20
23.005
 10
35.589
 20
23.002
 10
35.576
 20
22.999
 10
35.564
 20
22.996
 10
35.551
 20
22.994
 10
35.538
 20
22.991
 10
35.525
 20
22.99
 10
35.512
 20
22.988
 10
35.498
 20
22.987
 10
35.484
 20
22.986
 10
35.47
 20
22.985
 10
35.456
 20
22.985
 10
35.441
 20
22.984
 10
35.428
 20
22.985
 10
35.416
 20
22.985
 10
35.403
 20
22.986
 10
35.39
 20
22.988
 10
35.377
 20
22.989
 10
35.364
 20
22.992
 10
35.35
 20
22.994
 10
35.337
 20
22.997
 10
35.323
 20
23.001
 10
35.31
 20
23.005
 10
35.297
 20
23.01
 10
35.284
 20
23.016
 10
35.272
 20
23.023
 10
35.259
 20
23.03
 10
35.247
 20
23.038
 10
35.235
 20
23.047
 10
35.224
 20
23.056
 10
35.213
 20
23.067
 10
35.203
 20
23.078
 10
35.193
 20
23.09
 10
35.184
 20
23.102
 10
35.175
 20
23.116
 10
35.166
 20
23.13
 10
35.159
 20
23.146
 10
35.152
 20
23.162
 10
35.146
 20
23.179
 10
35.14
 20
23.198
 10
35.136
 20
23.218
 10
35.133
 20
23.239
 10
35.131
 20
23.261
 10
35.129
 20
23.285
 10
35.129
 20
23.309
 10
35.129
 20
24.069
 10
34.877
 20
24.069
 10
34.877
 20
24.217
 10
35.129
 20
24.217
 10
35.129
 20
24.56
 10
35.306
 20
24.56
 10
35.306
 20
24.217
 10
35.649
 20
24.217
 97
0
 75
0
 76
1
 98
0
  0
HATCH
  5
87
330
17
100
AcDbEntity
  8
RASTER
 62
7
100
AcDbHatch
 10
0.0
 20
0.0
 30
0.0
210
0.0
220
0.0
230
1.0
  2
SOLID
 70
1
 71
0
 91
2
 92
3
 72
0
 73
1
 93
49
 10
36.853
 20
23.702
 10
36.849
 20
23.744
 10
36.843
 20
23.784
 10
36.833
 20
23.822
 10
36.821
 20
23.859
 10
36.806
 20
23.894
 10
36.788
 20
23.926
 10
36.766
 20
23.958
 10
36.742
 20
23.987
 10
36.715
 20
24.013
 10
36.685
 20
24.036
 10
36.653
 20
24.056
 10
36.618
 20
24.072
 10
36.58
 20
24.084
 10
36.539
 20
24.093
 10
36.496
 20
24.098
 10
36.45
 20
24.1
 10
36.428
 20
24.099
 10
36.406
 20
24.098
 10
36.385
 20
24.095
 10
36.364
 20
24.092
 10
36.344
 20
24.087
 10
36.324
 20
24.082
 10
36.305
 20
24.075
 10
36.286
 20
24.067
 10
36.267
 20
24.059
 10
36.249
 20
24.05
 10
36.232
 20
24.04
 10
36.215
 20
24.029
 10
36.199
 20
24.018
 10
36.183
 20
24.005
 10
36.168
 20
23.993
 10
36.153
 20
23.979
 10
36.139
 20
23.965
 10
36.126
 20
23.95
 10
36.114
 20
23.935
 10
36.102
 20
23.919
 10
36.091
 20
23.903
 10
36.081
 20
23.886
 10
36.071
 20
23.869
 10
36.062
 20
23.852
 10
36.054
 20
23.834
 10
36.047
 20
23.815
 10
36.041
 20
23.797
 10
36.036
 20
23.778
 10
36.031
 20
23.76
 10
36.028
 20
23.741
 10
36.025
 20
23.721
 10
36.023
 20
23.702
 97
0
 92
3
 72
0
 73
1
 93
179
 10
37.032
 20
23.645
 10
37.032
 20
23.64
 10
37.032
 20
23.636
 10
37.032
 20
23.631
 10
37.032
 20
23.626
 10
37.032
 20
23.621
 10
37.032
 20
23.616
 10
37.032
 20
23.611
 10
37.032
 20
23.606
 10
37.032
 20
23.601
 10
37.032
 20
23.595
 10
37.032
 20
23.59
 10
37.031
 20
23.584
 10
37.031
 20
23.579
 10
37.031
 20
23.573
 10
37.03
 20
23.567
 10
37.029
 20
23.562
 10
36.021
 20
23.562
 10
36.022
 20
23.539
 10
36.024
 20
23.517
 10
36.027
 20
23.495
 10
36.031
 20
23.473
 10
36.036
 20
23.452
 10
36.042
 20
23.431
 10
36.049
 20
23.41
 10
36.057
 20
23.39
 10
36.066
 20
23.37
 10
36.076
 20
23.351
 10
36.086
 20
23.332
 10
36.097
 20
23.315
 10
36.109
 20
23.297
 10
36.122
 20
23.281
 10
36.136
 20
23.265
 10
36.151
 20
23.25
 10
36.166
 20
23.235
 10
36.182
 20
23.221
 10
36.198
 20
23.208
 10
36.216
 20
23.196
 10
36.233
 20
23.184
 10
36.252
 20
23.174
 10
36.271
 20
23.164
 10
36.291
 20
23.155
 10
36.311
 20
23.146
 10
36.332
 20
23.139
 10
36.353
 20
23.133
 10
36.375
 20
23.128
 10
36.397
 20
23.125
 10
36.419
 20
23.122
 10
36.442
 20
23.12
 10
36.465
 20
23.12
 10
36.499
 20
23.121
 10
36.532
 20
23.124
 10
36.563
 20
23.129
 10
36.594
 20
23.136
 10
36.623
 20
23.144
 10
36.651
 20
23.155
 10
36.677
 20
23.168
 10
36.703
 20
23.183
 10
36.727
 20
23.2
 10
36.75
 20
23.216
 10
36.771
 20
23.234
 10
36.791
 20
23.252
 10
36.809
 20
23.271
 10
36.826
 20
23.29
 10
36.841
 20
23.31
 10
36.855
 20
23.33
 10
36.988
 20
23.226
 10
36.96
 20
23.193
 10
36.932
 20
23.162
 10
36.903
 20
23.134
 10
36.873
 20
23.108
 10
36.843
 20
23.084
 10
36.812
 20
23.063
 10
36.78
 20
23.045
 10
36.747
 20
23.029
 10
36.714
 20
23.015
 10
36.68
 20
23.002
 10
36.646
 20
22.992
 10
36.611
 20
22.984
 10
36.576
 20
22.977
 10
36.539
 20
22.973
 10
36.503
 20
22.97
 10
36.465
 20
22.969
 10
36.432
 20
22.97
 10
36.399
 20
22.972
 10
36.367
 20
22.976
 10
36.335
 20
22.981
 10
36.304
 20
22.988
 10
36.273
 20
22.996
 10
36.244
 20
23.006
 10
36.214
 20
23.017
 10
36.186
 20
23.03
 10
36.158
 20
23.043
 10
36.132
 20
23.058
 10
36.107
 20
23.074
 10
36.082
 20
23.092
 10
36.059
 20
23.11
 10
36.037
 20
23.13
 10
36.015
 20
23.151
 10
35.995
 20
23.173
 10
35.976
 20
23.196
 10
35.958
 20
23.22
 10
35.941
 20
23.244
 10
35.925
 20
23.27
 10
35.91
 20
23.297
 10
35.897
 20
23.325
 10
35.884
 20
23.354
 10
35.873
 20
23.383
 10
35.863
 20
23.413
 10
35.855
 20
23.444
 10
35.848
 20
23.476
 10
35.843
 20
23.508
 10
35.839
 20
23.541
 10
35.837
 20
23.574
 10
35.836
 20
23.608
 10
35.837
 20
23.643
 10
35.839
 20
23.676
 10
35.843
 20
23.709
 10
35.848
 20
23.741
 10
35.854
 20
23.773
 10
35.862
 20
23.803
 10
35.872
 20
23.834
 10
35.883
 20
23.863
 10
35.895
 20
23.892
 10
35.908
 20
23.92
 10
35.923
 20
23.947
 10
35.939
 20
23.972
 10
35.956
 20
23.997
 10
35.973
 20
24.021
 10
35.993
 20
24.044
 10
36.013
 20
24.066
 10
36.034
 20
24.087
 10
36.056
 20
24.107
 10
36.079
 20
24.125
 10
36.103
 20
24.142
 10
36.128
 20
24.159
 10
36.154
 20
24.173
 10
36.18
 20
24.187
 10
36.208
 20
24.2
 10
36.236
 20
24.211
 10
36.265
 20
24.221
 10
36.294
 20
24.229
 10
36.324
 20
24.236
 10
36.355
 20
24.241
 10
36.386
 20
24.245
 10
36.417
 20
24.247
 10
36.45
 20
24.248
 10
36.485
 20
24.247
 10
36.519
 20
24.245
 10
36.552
 20
24.241
 10
36.584
 20
24.236
 10
36.615
 20
24.229
 10
36.645
 20
24.221
 10
36.674
 20
24.211
 10
36.702
 20
24.2
 10
36.729
 20
24.187
 10
36.754
 20
24.174
 10
36.779
 20
24.159
 10
36.802
 20
24.143
 10
36.824
 20
24.127
 10
36.845
 20
24.109
 10
36.865
 20
24.09
 10
36.884
 20
24.07
 10
36.901
 20
24.049
 10
36.918
 20
24.027
 10
36.933
 20
24.005
 10
36.948
 20
23.981
 10
36.961
 20
23.957
 10
36.973
 20
23.932
 10
36.984
 20
23.906
 10
36.994
 20
23.879
 10
37.003
 20
23.851
 10
37.011
 20
23.823
 10
37.017
 20
23.795
 10
37.023
 20
23.766
 10
37.027
 20
23.736
 10
37.03
 20
23.706
 10
37.031
 20
23.676
 10
37.032
 20
23.645
 97
0
 75
0
 76
1
 98
0
  0
HATCH
  5
88
330
17
100
AcDbEntity
  8
RASTER
 62
7
100
AcDbHatch
 10
0.0
 20
0.0
 30
0.0
210
0.0
220
0.0
230
1.0
  2
SOLID
 70
1
 71
0
 91
1
 92
3
 72
0
 73
1
 93
274
 10
38.059
 20
23.928
 10
38.049
 20
23.947
 10
38.037
 20
23.964
 10
38.024
 20
23.981
 10
38.01
 20
23.997
 10
37.995
 20
24.012
 10
37.978
 20
24.026
 10
37.96
 20
24.039
 10
37.941
 20
24.052
 10
37.921
 20
24.063
 10
37.9
 20
24.073
 10
37.878
 20
24.081
 10
37.856
 20
24.088
 10
37.833
 20
24.093
 10
37.809
 20
24.097
 10
37.785
 20
24.099
 10
37.76
 20
24.1
 10
37.748
 20
24.1
 10
37.737
 20
24.099
 10
37.725
 20
24.098
 10
37.713
 20
24.097
 10
37.701
 20
24.096
 10
37.69
 20
24.094
 10
37.678
 20
24.092
 10
37.666
 20
24.089
 10
37.655
 20
24.087
 10
37.644
 20
24.083
 10
37.633
 20
24.08
 10
37.622
 20
24.076
 10
37.612
 20
24.071
 10
37.602
 20
24.066
 10
37.592
 20
24.061
 10
37.583
 20
24.056
 10
37.574
 20
24.05
 10
37.566
 20
24.043
 10
37.558
 20
24.036
 10
37.55
 20
24.029
 10
37.543
 20
24.021
 10
37.537
 20
24.013
 10
37.53
 20
24.005
 10
37.525
 20
23.996
 10
37.52
 20
23.986
 10
37.515
 20
23.977
 10
37.511
 20
23.967
 10
37.508
 20
23.956
 10
37.506
 20
23.945
 10
37.504
 20
23.934
 10
37.503
 20
23.922
 10
37.503
 20
23.91
 10
37.504
 20
23.889
 10
37.507
 20
23.87
 10
37.512
 20
23.851
 10
37.52
 20
23.834
 10
37.53
 20
23.818
 10
37.542
 20
23.804
 10
37.556
 20
23.791
 10
37.573
 20
23.779
 10
37.592
 20
23.768
 10
37.613
 20
23.757
 10
37.637
 20
23.747
 10
37.663
 20
23.737
 10
37.692
 20
23.727
 10
37.723
 20
23.718
 10
37.757
 20
23.71
 10
37.794
 20
23.702
 10
37.846
 20
23.69
 10
37.895
 20
23.677
 10
37.94
 20
23.663
 10
37.981
 20
23.648
 10
38.019
 20
23.631
 10
38.054
 20
23.613
 10
38.085
 20
23.594
 10
38.112
 20
23.573
 10
38.136
 20
23.551
 10
38.157
 20
23.527
 10
38.175
 20
23.502
 10
38.189
 20
23.474
 10
38.201
 20
23.445
 10
38.209
 20
23.414
 10
38.213
 20
23.381
 10
38.215
 20
23.346
 10
38.214
 20
23.32
 10
38.212
 20
23.296
 10
38.209
 20
23.272
 10
38.205
 20
23.25
 10
38.199
 20
23.228
 10
38.192
 20
23.208
 10
38.184
 20
23.189
 10
38.175
 20
23.17
 10
38.164
 20
23.153
 10
38.153
 20
23.136
 10
38.141
 20
23.12
 10
38.128
 20
23.105
 10
38.115
 20
23.091
 10
38.1
 20
23.078
 10
38.085
 20
23.065
 10
38.069
 20
23.053
 10
38.053
 20
23.042
 10
38.036
 20
23.032
 10
38.018
 20
23.023
 10
38.0
 20
23.014
 10
37.982
 20
23.007
 10
37.962
 20
23.0
 10
37.943
 20
22.994
 10
37.923
 20
22.988
 10
37.902
 20
22.984
 10
37.881
 20
22.98
 10
37.861
 20
22.976
 10
37.84
 20
22.974
 10
37.82
 20
22.972
 10
37.799
 20
22.97
 10
37.778
 20
22.969
 10
37.757
 20
22.969
 10
37.723
 20
22.97
 10
37.689
 20
22.972
 10
37.655
 20
22.977
 10
37.622
 20
22.983
 10
37.588
 20
22.991
 10
37.555
 20
23.001
 10
37.522
 20
23.013
 10
37.49
 20
23.026
 10
37.458
 20
23.041
 10
37.428
 20
23.059
 10
37.399
 20
23.078
 10
37.371
 20
23.099
 10
37.345
 20
23.123
 10
37.321
 20
23.148
 10
37.298
 20
23.176
 10
37.276
 20
23.205
 10
37.417
 20
23.309
 10
37.429
 20
23.29
 10
37.443
 20
23.271
 10
37.458
 20
23.253
 10
37.475
 20
23.235
 10
37.493
 20
23.219
 10
37.512
 20
23.203
 10
37.533
 20
23.188
 10
37.555
 20
23.174
 10
37.578
 20
23.161
 10
37.601
 20
23.15
 10
37.625
 20
23.141
 10
37.65
 20
23.133
 10
37.675
 20
23.127
 10
37.701
 20
23.123
 10
37.728
 20
23.12
 10
37.755
 20
23.12
 10
37.769
 20
23.12
 10
37.783
 20
23.12
 10
37.797
 20
23.121
 10
37.811
 20
23.122
 10
37.824
 20
23.124
 10
37.838
 20
23.125
 10
37.851
 20
23.128
 10
37.864
 20
23.13
 10
37.877
 20
23.133
 10
37.889
 20
23.136
 10
37.901
 20
23.14
 10
37.913
 20
23.144
 10
37.924
 20
23.149
 10
37.935
 20
23.154
 10
37.945
 20
23.16
 10
37.955
 20
23.166
 10
37.965
 20
23.173
 10
37.974
 20
23.18
 10
37.982
 20
23.188
 10
37.99
 20
23.196
 10
37.998
 20
23.204
 10
38.005
 20
23.213
 10
38.011
 20
23.223
 10
38.017
 20
23.233
 10
38.023
 20
23.243
 10
38.028
 20
23.254
 10
38.032
 20
23.266
 10
38.035
 20
23.278
 10
38.038
 20
23.291
 10
38.039
 20
23.304
 10
38.04
 20
23.318
 10
38.041
 20
23.333
 10
38.039
 20
23.356
 10
38.035
 20
23.378
 10
38.028
 20
23.398
 10
38.018
 20
23.417
 10
38.005
 20
23.434
 10
37.989
 20
23.45
 10
37.97
 20
23.464
 10
37.948
 20
23.477
 10
37.924
 20
23.489
 10
37.897
 20
23.501
 10
37.868
 20
23.512
 10
37.836
 20
23.524
 10
37.801
 20
23.535
 10
37.764
 20
23.546
 10
37.724
 20
23.556
 10
37.682
 20
23.567
 10
37.668
 20
23.57
 10
37.654
 20
23.574
 10
37.64
 20
23.577
 10
37.626
 20
23.581
 10
37.611
 20
23.586
 10
37.596
 20
23.59
 10
37.581
 20
23.595
 10
37.566
 20
23.599
 10
37.551
 20
23.604
 10
37.536
 20
23.61
 10
37.522
 20
23.616
 10
37.507
 20
23.623
 10
37.493
 20
23.631
 10
37.48
 20
23.639
 10
37.466
 20
23.647
 10
37.453
 20
23.657
 10
37.44
 20
23.666
 10
37.428
 20
23.677
 10
37.417
 20
23.688
 10
37.406
 20
23.699
 10
37.395
 20
23.711
 10
37.385
 20
23.724
 10
37.376
 20
23.737
 10
37.367
 20
23.751
 10
37.359
 20
23.766
 10
37.353
 20
23.782
 10
37.347
 20
23.798
 10
37.342
 20
23.816
 10
37.338
 20
23.834
 10
37.336
 20
23.853
 10
37.334
 20
23.873
 10
37.334
 20
23.894
 10
37.334
 20
23.917
 10
37.336
 20
23.939
 10
37.339
 20
23.961
 10
37.343
 20
23.981
 10
37.348
 20
24.001
 10
37.354
 20
24.019
 10
37.361
 20
24.037
 10
37.37
 20
24.054
 10
37.379
 20
24.071
 10
37.39
 20
24.086
 10
37.401
 20
24.101
 10
37.413
 20
24.115
 10
37.425
 20
24.128
 10
37.438
 20
24.141
 10
37.453
 20
24.152
 10
37.468
 20
24.164
 10
37.483
 20
24.174
 10
37.499
 20
24.184
 10
37.516
 20
24.193
 10
37.533
 20
24.201
 10
37.55
 20
24.208
 10
37.569
 20
24.215
 10
37.587
 20
24.222
 10
37.607
 20
24.227
 10
37.626
 20
24.232
 10
37.646
 20
24.236
 10
37.666
 20
24.24
 10
37.686
 20
24.243
 10
37.706
 20
24.245
 10
37.727
 20
24.247
 10
37.747
 20
24.248
 10
37.768
 20
24.248
 10
37.8
 20
24.247
 10
37.831
 20
24.244
 10
37.862
 20
24.24
 10
37.893
 20
24.234
 10
37.924
 20
24.226
 10
37.955
 20
24.216
 10
37.985
 20
24.204
 10
38.015
 20
24.191
 10
38.044
 20
24.176
 10
38.071
 20
24.159
 10
38.096
 20
24.141
 10
38.119
 20
24.122
 10
38.141
 20
24.101
 10
38.161
 20
24.079
 10
38.178
 20
24.055
 10
38.194
 20
24.03
 97
0
 75
0
 76
1
 98
0
  0
HATCH
  5
89
330
17
100
AcDbEntity
  8
RASTER
 62
7
100
AcDbHatch
 10
0.0
 20
0.0
 30
0.0
210
0.0
220
0.0
230
1.0
  2
SOLID
 70
1
 71
0
 91
1
 92
3
 72
0
 73
1
 93
4
 10
39.398
 20
23.0
 10
39.221
 20
23.0
 10
39.221
 20
24.966
 10
39.398
 20
24.966
 97
0
 75
0
 76
1
 98
0
  0
HATCH
  5
8A
330
17
100
AcDbEntity
  8
RASTER
 62
7
100
AcDbHatch
 10
0.0
 20
0.0
 30
0.0
210
0.0
220
0.0
230
1.0
  2
SOLID
 70
1
 71
0
 91
2
 92
3
 72
0
 73
1
 93
49
 10
40.799
 20
23.702
 10
40.796
 20
23.744
 10
40.79
 20
23.784
 10
40.78
 20
23.822
 10
40.768
 20
23.859
 10
40.753
 20
23.894
 10
40.734
 20
23.926
 10
40.713
 20
23.958
 10
40.689
 20
23.987
 10
40.662
 20
24.013
 10
40.632
 20
24.036
 10
40.6
 20
24.056
 10
40.564
 20
24.072
 10
40.527
 20
24.084
 10
40.486
 20
24.093
 10
40.442
 20
24.098
 10
40.396
 20
24.1
 10
40.375
 20
24.099
 10
40.353
 20
24.098
 10
40.332
 20
24.095
 10
40.311
 20
24.092
 10
40.291
 20
24.087
 10
40.271
 20
24.082
 10
40.252
 20
24.075
 10
40.233
 20
24.067
 10
40.214
 20
24.059
 10
40.196
 20
24.05
 10
40.179
 20
24.04
 10
40.162
 20
24.029
 10
40.145
 20
24.018
 10
40.13
 20
24.005
 10
40.115
 20
23.993
 10
40.1
 20
23.979
 10
40.086
 20
23.965
 10
40.073
 20
23.95
 10
40.06
 20
23.935
 10
40.049
 20
23.919
 10
40.038
 20
23.903
 10
40.027
 20
23.886
 10
40.018
 20
23.869
 10
40.009
 20
23.852
 10
40.001
 20
23.834
 10
39.994
 20
23.815
 10
39.988
 20
23.797
 10
39.982
 20
23.778
 10
39.978
 20
23.76
 10
39.974
 20
23.741
 10
39.972
 20
23.721
 10
39.97
 20
23.702
 97
0
 92
3
 72
0
 73
1
 93
179
 10
40.979
 20
23.645
 10
40.979
 20
23.64
 10
40.979
 20
23.636
 10
40.979
 20
23.631
 10
40.979
 20
23.626
 10
40.979
 20
23.621
 10
40.979
 20
23.616
 10
40.979
 20
23.611
 10
40.979
 20
23.606
 10
40.979
 20
23.601
 10
40.979
 20
23.595
 10
40.978
 20
23.59
 10
40.978
 20
23.584
 10
40.978
 20
23.579
 10
40.977
 20
23.573
 10
40.977
 20
23.567
 10
40.976
 20
23.562
 10
39.967
 20
23.562
 10
39.969
 20
23.539
 10
39.971
 20
23.517
 10
39.974
 20
23.495
 10
39.978
 20
23.473
 10
39.983
 20
23.452
 10
39.989
 20
23.431
 10
39.996
 20
23.41
 10
40.004
 20
23.39
 10
40.013
 20
23.37
 10
40.022
 20
23.351
 10
40.033
 20
23.332
 10
40.044
 20
23.315
 10
40.056
 20
23.297
 10
40.069
 20
23.281
 10
40.083
 20
23.265
 10
40.097
 20
23.25
 10
40.113
 20
23.235
 10
40.129
 20
23.221
 10
40.145
 20
23.208
 10
40.162
 20
23.196
 10
40.18
 20
23.184
 10
40.199
 20
23.174
 10
40.218
 20
23.164
 10
40.238
 20
23.155
 10
40.258
 20
23.146
 10
40.279
 20
23.139
 10
40.3
 20
23.133
 10
40.322
 20
23.128
 10
40.344
 20
23.125
 10
40.366
 20
23.122
 10
40.389
 20
23.12
 10
40.412
 20
23.12
 10
40.446
 20
23.121
 10
40.479
 20
23.124
 10
40.51
 20
23.129
 10
40.54
 20
23.136
 10
40.57
 20
23.144
 10
40.597
 20
23.155
 10
40.624
 20
23.168
 10
40.65
 20
23.183
 10
40.674
 20
23.2
 10
40.697
 20
23.216
 10
40.718
 20
23.234
 10
40.738
 20
23.252
 10
40.756
 20
23.271
 10
40.773
 20
23.29
 10
40.788
 20
23.31
 10
40.802
 20
23.33
 10
40.935
 20
23.226
 10
40.907
 20
23.193
 10
40.879
 20
23.162
 10
40.85
 20
23.134
 10
40.82
 20
23.108
 10
40.789
 20
23.084
 10
40.758
 20
23.063
 10
40.727
 20
23.045
 10
40.694
 20
23.029
 10
40.661
 20
23.015
 10
40.627
 20
23.002
 10
40.593
 20
22.992
 10
40.558
 20
22.984
 10
40.522
 20
22.977
 10
40.486
 20
22.973
 10
40.449
 20
22.97
 10
40.412
 20
22.969
 10
40.379
 20
22.97
 10
40.346
 20
22.972
 10
40.313
 20
22.976
 10
40.282
 20
22.981
 10
40.251
 20
22.988
 10
40.22
 20
22.996
 10
40.19
 20
23.006
 10
40.161
 20
23.017
 10
40.133
 20
23.03
 10
40.105
 20
23.043
 10
40.079
 20
23.058
 10
40.054
 20
23.074
 10
40.029
 20
23.092
 10
40.006
 20
23.11
 10
39.984
 20
23.13
 10
39.962
 20
23.151
 10
39.942
 20
23.173
 10
39.923
 20
23.196
 10
39.905
 20
23.22
 10
39.888
 20
23.244
 10
39.872
 20
23.27
 10
39.857
 20
23.297
 10
39.843
 20
23.325
 10
39.831
 20
23.354
 10
39.82
 20
23.383
 10
39.81
 20
23.413
 10
39.802
 20
23.444
 10
39.795
 20
23.476
 10
39.79
 20
23.508
 10
39.786
 20
23.541
 10
39.784
 20
23.574
 10
39.783
 20
23.608
 10
39.784
 20
23.643
 10
39.786
 20
23.676
 10
39.789
 20
23.709
 10
39.794
 20
23.741
 10
39.801
 20
23.773
 10
39.809
 20
23.803
 10
39.819
 20
23.834
 10
39.83
 20
23.863
 10
39.842
 20
23.892
 10
39.855
 20
23.92
 10
39.87
 20
23.947
 10
39.885
 20
23.972
 10
39.902
 20
23.997
 10
39.92
 20
24.021
 10
39.939
 20
24.044
 10
39.96
 20
24.066
 10
39.981
 20
24.087
 10
40.003
 20
24.107
 10
40.026
 20
24.125
 10
40.05
 20
24.142
 10
40.075
 20
24.159
 10
40.1
 20
24.173
 10
40.127
 20
24.187
 10
40.155
 20
24.2
 10
40.183
 20
24.211
 10
40.212
 20
24.221
 10
40.241
 20
24.229
 10
40.271
 20
24.236
 10
40.301
 20
24.241
 10
40.333
 20
24.245
 10
40.364
 20
24.247
 10
40.396
 20
24.248
 10
40.432
 20
24.247
 10
40.466
 20
24.245
 10
40.499
 20
24.241
 10
40.531
 20
24.236
 10
40.562
 20
24.229
 10
40.592
 20
24.221
 10
40.621
 20
24.211
 10
40.649
 20
24.2
 10
40.675
 20
24.187
 10
40.701
 20
24.174
 10
40.725
 20
24.159
 10
40.749
 20
24.143
 10
40.771
 20
24.127
 10
40.792
 20
24.109
 10
40.812
 20
24.09
 10
40.831
 20
24.07
 10
40.848
 20
24.049
 10
40.865
 20
24.027
 10
40.88
 20
24.005
 10
40.895
 20
23.981
 10
40.908
 20
23.957
 10
40.92
 20
23.932
 10
40.931
 20
23.906
 10
40.941
 20
23.879
 10
40.95
 20
23.851
 10
40.958
 20
23.823
 10
40.964
 20
23.795
 10
40.969
 20
23.766
 10
40.973
 20
23.736
 10
40.976
 20
23.706
 10
40.978
 20
23.676
 10
40.979
 20
23.645
 97
0
 75
0
 76
1
 98
0
  0
HATCH
  5
8B
330
17
100
AcDbEntity
  8
RASTER
 62
7
100
AcDbHatch
 10
0.0
 20
0.0
 30
0.0
210
0.0
220
0.0
230
1.0
  2
SOLID
 70
1
 71
0
 91
1
 92
3
 72
0
 73
1
 93
92
 10
41.873
 20
24.069
 10
41.587
 20
24.069
 10
41.587
 20
23.0
 10
41.41
 20
23.0
 10
41.41
 20
24.069
 10
41.156
 20
24.069
 10
41.156
 20
24.217
 10
41.41
 20
24.217
 10
41.41
 20
24.55
 10
41.412
 20
24.6
 10
41.417
 20
24.648
 10
41.425
 20
24.693
 10
41.436
 20
24.736
 10
41.45
 20
24.775
 10
41.467
 20
24.812
 10
41.488
 20
24.846
 10
41.512
 20
24.877
 10
41.539
 20
24.905
 10
41.569
 20
24.93
 10
41.603
 20
24.95
 10
41.64
 20
24.967
 10
41.681
 20
24.98
 10
41.725
 20
24.989
 10
41.773
 20
24.995
 10
41.824
 20
24.997
 10
41.832
 20
24.997
 10
41.841
 20
24.997
 10
41.85
 20
24.996
 10
41.859
 20
24.996
 10
41.868
 20
24.995
 10
41.877
 20
24.995
 10
41.887
 20
24.994
 10
41.897
 20
24.993
 10
41.906
 20
24.992
 10
41.916
 20
24.991
 10
41.925
 20
24.989
 10
41.934
 20
24.987
 10
41.943
 20
24.985
 10
41.952
 20
24.983
 10
41.961
 20
24.981
 10
41.969
 20
24.979
 10
41.938
 20
24.823
 10
41.931
 20
24.825
 10
41.924
 20
24.826
 10
41.917
 20
24.828
 10
41.91
 20
24.83
 10
41.902
 20
24.831
 10
41.895
 20
24.833
 10
41.888
 20
24.834
 10
41.881
 20
24.836
 10
41.874
 20
24.837
 10
41.866
 20
24.838
 10
41.858
 20
24.839
 10
41.85
 20
24.84
 10
41.842
 20
24.84
 10
41.834
 20
24.84
 10
41.825
 20
24.841
 10
41.816
 20
24.841
 10
41.799
 20
24.84
 10
41.782
 20
24.839
 10
41.767
 20
24.838
 10
41.752
 20
24.835
 10
41.738
 20
24.832
 10
41.725
 20
24.828
 10
41.712
 20
24.823
 10
41.7
 20
24.817
 10
41.689
 20
24.811
 10
41.679
 20
24.804
 10
41.669
 20
24.797
 10
41.66
 20
24.789
 10
41.652
 20
24.781
 10
41.644
 20
24.771
 10
41.637
 20
24.762
 10
41.63
 20
24.751
 10
41.624
 20
24.74
 10
41.619
 20
24.729
 10
41.614
 20
24.717
 10
41.609
 20
24.705
 10
41.605
 20
24.692
 10
41.602
 20
24.679
 10
41.599
 20
24.665
 10
41.596
 20
24.651
 10
41.594
 20
24.637
 10
41.592
 20
24.622
 10
41.591
 20
24.607
 10
41.589
 20
24.592
 10
41.588
 20
24.576
 10
41.588
 20
24.561
 10
41.587
 20
24.545
 10
41.587
 20
24.529
 10
41.587
 20
24.217
 10
41.873
 20
24.217
 97
0
 75
0
 76
1
 98
0
  0
HATCH
  5
8C
330
17
100
AcDbEntity
  8
RASTER
 62
7
100
AcDbHatch
 10
0.0
 20
0.0
 30
0.0
210
0.0
220
0.0
230
1.0
  2
SOLID
 70
1
 71
0
 91
1
 92
3
 72
0
 73
1
 93
108
 10
42.674
 20
24.069
 10
42.331
 20
24.069
 10
42.331
 20
23.359
 10
42.331
 20
23.342
 10
42.332
 20
23.326
 10
42.333
 20
23.311
 10
42.334
 20
23.297
 10
42.336
 20
23.283
 10
42.338
 20
23.271
 10
42.341
 20
23.258
 10
42.344
 20
23.247
 10
42.347
 20
23.236
 10
42.351
 20
23.226
 10
42.355
 20
23.217
 10
42.36
 20
23.208
 10
42.365
 20
23.199
 10
42.37
 20
23.192
 10
42.376
 20
23.185
 10
42.381
 20
23.178
 10
42.388
 20
23.172
 10
42.394
 20
23.167
 10
42.401
 20
23.162
 10
42.408
 20
23.157
 10
42.416
 20
23.153
 10
42.424
 20
23.15
 10
42.432
 20
23.147
 10
42.44
 20
23.144
 10
42.449
 20
23.142
 10
42.457
 20
23.14
 10
42.466
 20
23.139
 10
42.475
 20
23.137
 10
42.484
 20
23.136
 10
42.494
 20
23.136
 10
42.503
 20
23.135
 10
42.513
 20
23.135
 10
42.522
 20
23.135
 10
42.531
 20
23.136
 10
42.541
 20
23.137
 10
42.55
 20
23.138
 10
42.56
 20
23.139
 10
42.57
 20
23.141
 10
42.579
 20
23.143
 10
42.589
 20
23.146
 10
42.6
 20
23.148
 10
42.609
 20
23.151
 10
42.619
 20
23.154
 10
42.629
 20
23.158
 10
42.638
 20
23.162
 10
42.648
 20
23.166
 10
42.657
 20
23.17
 10
42.666
 20
23.174
 10
42.674
 20
23.021
 10
42.662
 20
23.016
 10
42.65
 20
23.012
 10
42.638
 20
23.008
 10
42.626
 20
23.005
 10
42.614
 20
23.002
 10
42.602
 20
22.999
 10
42.589
 20
22.996
 10
42.576
 20
22.994
 10
42.564
 20
22.991
 10
42.551
 20
22.99
 10
42.537
 20
22.988
 10
42.524
 20
22.987
 10
42.51
 20
22.986
 10
42.495
 20
22.985
 10
42.481
 20
22.985
 10
42.466
 20
22.984
 10
42.454
 20
22.985
 10
42.441
 20
22.985
 10
42.428
 20
22.986
 10
42.415
 20
22.988
 10
42.402
 20
22.989
 10
42.389
 20
22.992
 10
42.376
 20
22.994
 10
42.362
 20
22.997
 10
42.348
 20
23.001
 10
42.335
 20
23.005
 10
42.322
 20
23.01
 10
42.309
 20
23.016
 10
42.297
 20
23.023
 10
42.284
 20
23.03
 10
42.272
 20
23.038
 10
42.261
 20
23.047
 10
42.249
 20
23.056
 10
42.238
 20
23.067
 10
42.228
 20
23.078
 10
42.218
 20
23.09
 10
42.209
 20
23.102
 10
42.2
 20
23.116
 10
42.192
 20
23.13
 10
42.184
 20
23.146
 10
42.177
 20
23.162
 10
42.171
 20
23.179
 10
42.166
 20
23.198
 10
42.161
 20
23.218
 10
42.158
 20
23.239
 10
42.156
 20
23.261
 10
42.154
 20
23.285
 10
42.154
 20
23.309
 10
42.154
 20
24.069
 10
41.902
 20
24.069
 10
41.902
 20
24.217
 10
42.154
 20
24.217
 10
42.154
 20
24.56
 10
42.331
 20
24.56
 10
42.331
 20
24.217
 10
42.674
 20
24.217
 97
0
 75
0
 76
1
 98
0
  0
HATCH
  5
8D
330
17
100
AcDbEntity
  8
RASTER
 62
7
100
AcDbHatch
 10
0.0
 20
0.0
 30
0.0
210
0.0
220
0.0
230
1.0
  2
SOLID
 70
1
 71
0
 91
2
 92
3
 72
0
 73
1
 93
65
 10
43.246
 20
24.092
 10
43.245
 20
24.079
 10
43.244
 20
24.065
 10
43.241
 20
24.053
 10
43.236
 20
24.04
 10
43.231
 20
24.028
 10
43.224
 20
24.017
 10
43.216
 20
24.005
 10
43.207
 20
23.995
 10
43.197
 20
23.984
 10
43.186
 20
23.976
 10
43.174
 20
23.968
 10
43.162
 20
23.962
 10
43.149
 20
23.958
 10
43.135
 20
23.954
 10
43.121
 20
23.952
 10
43.106
 20
23.952
 10
43.09
 20
23.952
 10
43.076
 20
23.954
 10
43.062
 20
23.958
 10
43.049
 20
23.962
 10
43.037
 20
23.968
 10
43.025
 20
23.976
 10
43.014
 20
23.984
 10
43.004
 20
23.995
 10
42.995
 20
24.005
 10
42.987
 20
24.017
 10
42.98
 20
24.028
 10
42.975
 20
24.04
 10
42.971
 20
24.053
 10
42.968
 20
24.065
 10
42.966
 20
24.079
 10
42.965
 20
24.092
 10
42.966
 20
24.105
 10
42.968
 20
24.119
 10
42.971
 20
24.131
 10
42.975
 20
24.144
 10
42.98
 20
24.156
 10
42.987
 20
24.167
 10
42.995
 20
24.179
 10
43.004
 20
24.19
 10
43.014
 20
24.2
 10
43.025
 20
24.208
 10
43.037
 20
24.216
 10
43.049
 20
24.222
 10
43.062
 20
24.226
 10
43.076
 20
24.23
 10
43.09
 20
24.232
 10
43.106
 20
24.232
 10
43.121
 20
24.232
 10
43.135
 20
24.23
 10
43.149
 20
24.226
 10
43.162
 20
24.222
 10
43.174
 20
24.216
 10
43.186
 20
24.208
 10
43.197
 20
24.2
 10
43.207
 20
24.19
 10
43.216
 20
24.179
 10
43.224
 20
24.167
 10
43.231
 20
24.156
 10
43.236
 20
24.144
 10
43.241
 20
24.131
 10
43.244
 20
24.119
 10
43.245
 20
24.105
 10
43.246
 20
24.092
 97
0
 92
3
 72
0
 73
1
 93
4
 10
43.022
 20
22.636
 10
42.866
 20
22.636
 10
43.041
 20
23.247
 10
43.233
 20
23.247
 97
0
 75
0
 76
1
 98
0
  0
HATCH
  5
8E
330
17
100
AcDbEntity
  8
RASTER
 62
7
100
AcDbHatch
 10
0.0
 20
0.0
 30
0.0
210
0.0
220
0.0
230
1.0
  2
SOLID
 70
1
 71
0
 91
1
 92
3
 72
0
 73
1
 93
274
 10
45.027
 20
23.928
 10
45.017
 20
23.947
 10
45.005
 20
23.964
 10
44.992
 20
23.981
 10
44.978
 20
23.997
 10
44.963
 20
24.012
 10
44.946
 20
24.026
 10
44.928
 20
24.039
 10
44.909
 20
24.052
 10
44.889
 20
24.063
 10
44.868
 20
24.073
 10
44.846
 20
24.081
 10
44.824
 20
24.088
 10
44.801
 20
24.093
 10
44.777
 20
24.097
 10
44.753
 20
24.099
 10
44.728
 20
24.1
 10
44.716
 20
24.1
 10
44.705
 20
24.099
 10
44.693
 20
24.098
 10
44.681
 20
24.097
 10
44.67
 20
24.096
 10
44.658
 20
24.094
 10
44.646
 20
24.092
 10
44.634
 20
24.089
 10
44.623
 20
24.087
 10
44.612
 20
24.083
 10
44.601
 20
24.08
 10
44.59
 20
24.076
 10
44.58
 20
24.071
 10
44.57
 20
24.066
 10
44.56
 20
24.061
 10
44.551
 20
24.056
 10
44.542
 20
24.05
 10
44.534
 20
24.043
 10
44.526
 20
24.036
 10
44.518
 20
24.029
 10
44.511
 20
24.021
 10
44.505
 20
24.013
 10
44.498
 20
24.005
 10
44.493
 20
23.996
 10
44.488
 20
23.986
 10
44.483
 20
23.977
 10
44.479
 20
23.967
 10
44.476
 20
23.956
 10
44.474
 20
23.945
 10
44.472
 20
23.934
 10
44.471
 20
23.922
 10
44.471
 20
23.91
 10
44.472
 20
23.889
 10
44.475
 20
23.87
 10
44.48
 20
23.851
 10
44.488
 20
23.834
 10
44.498
 20
23.818
 10
44.51
 20
23.804
 10
44.524
 20
23.791
 10
44.541
 20
23.779
 10
44.56
 20
23.768
 10
44.581
 20
23.757
 10
44.605
 20
23.747
 10
44.631
 20
23.737
 10
44.66
 20
23.727
 10
44.691
 20
23.718
 10
44.725
 20
23.71
 10
44.762
 20
23.702
 10
44.814
 20
23.69
 10
44.863
 20
23.677
 10
44.908
 20
23.663
 10
44.949
 20
23.648
 10
44.987
 20
23.631
 10
45.022
 20
23.613
 10
45.053
 20
23.594
 10
45.08
 20
23.573
 10
45.104
 20
23.551
 10
45.125
 20
23.527
 10
45.143
 20
23.502
 10
45.157
 20
23.474
 10
45.169
 20
23.445
 10
45.177
 20
23.414
 10
45.181
 20
23.381
 10
45.183
 20
23.346
 10
45.182
 20
23.32
 10
45.18
 20
23.296
 10
45.177
 20
23.272
 10
45.173
 20
23.25
 10
45.167
 20
23.228
 10
45.16
 20
23.208
 10
45.152
 20
23.189
 10
45.143
 20
23.17
 10
45.132
 20
23.153
 10
45.121
 20
23.136
 10
45.109
 20
23.12
 10
45.096
 20
23.105
 10
45.083
 20
23.091
 10
45.068
 20
23.078
 10
45.053
 20
23.065
 10
45.037
 20
23.053
 10
45.021
 20
23.042
 10
45.004
 20
23.032
 10
44.986
 20
23.023
 10
44.968
 20
23.014
 10
44.95
 20
23.007
 10
44.93
 20
23.0
 10
44.911
 20
22.994
 10
44.891
 20
22.988
 10
44.87
 20
22.984
 10
44.849
 20
22.98
 10
44.829
 20
22.976
 10
44.808
 20
22.974
 10
44.788
 20
22.972
 10
44.767
 20
22.97
 10
44.746
 20
22.969
 10
44.725
 20
22.969
 10
44.691
 20
22.97
 10
44.657
 20
22.972
 10
44.623
 20
22.977
 10
44.59
 20
22.983
 10
44.556
 20
22.991
 10
44.523
 20
23.001
 10
44.49
 20
23.013
 10
44.458
 20
23.026
 10
44.426
 20
23.041
 10
44.396
 20
23.059
 10
44.367
 20
23.078
 10
44.339
 20
23.099
 10
44.313
 20
23.123
 10
44.289
 20
23.148
 10
44.266
 20
23.176
 10
44.244
 20
23.205
 10
44.385
 20
23.309
 10
44.397
 20
23.29
 10
44.411
 20
23.271
 10
44.426
 20
23.253
 10
44.443
 20
23.235
 10
44.461
 20
23.219
 10
44.48
 20
23.203
 10
44.501
 20
23.188
 10
44.523
 20
23.174
 10
44.546
 20
23.161
 10
44.569
 20
23.15
 10
44.593
 20
23.141
 10
44.618
 20
23.133
 10
44.643
 20
23.127
 10
44.669
 20
23.123
 10
44.696
 20
23.12
 10
44.723
 20
23.12
 10
44.737
 20
23.12
 10
44.751
 20
23.12
 10
44.765
 20
23.121
 10
44.779
 20
23.122
 10
44.792
 20
23.124
 10
44.806
 20
23.125
 10
44.819
 20
23.128
 10
44.832
 20
23.13
 10
44.845
 20
23.133
 10
44.857
 20
23.136
 10
44.869
 20
23.14
 10
44.881
 20
23.144
 10
44.892
 20
23.149
 10
44.903
 20
23.154
 10
44.913
 20
23.16
 10
44.923
 20
23.166
 10
44.933
 20
23.173
 10
44.942
 20
23.18
 10
44.95
 20
23.188
 10
44.958
 20
23.196
 10
44.966
 20
23.204
 10
44.973
 20
23.213
 10
44.979
 20
23.223
 10
44.985
 20
23.233
 10
44.991
 20
23.243
 10
44.996
 20
23.254
 10
45.0
 20
23.266
 10
45.003
 20
23.278
 10
45.006
 20
23.291
 10
45.007
 20
23.304
 10
45.008
 20
23.318
 10
45.009
 20
23.333
 10
45.007
 20
23.356
 10
45.003
 20
23.378
 10
44.996
 20
23.398
 10
44.986
 20
23.417
 10
44.973
 20
23.434
 10
44.957
 20
23.45
 10
44.938
 20
23.464
 10
44.917
 20
23.477
 10
44.892
 20
23.489
 10
44.865
 20
23.501
 10
44.836
 20
23.512
 10
44.804
 20
23.524
 10
44.769
 20
23.535
 10
44.732
 20
23.546
 10
44.692
 20
23.556
 10
44.65
 20
23.567
 10
44.636
 20
23.57
 10
44.622
 20
23.574
 10
44.608
 20
23.577
 10
44.594
 20
23.581
 10
44.579
 20
23.586
 10
44.564
 20
23.59
 10
44.549
 20
23.595
 10
44.534
 20
23.599
 10
44.519
 20
23.604
 10
44.504
 20
23.61
 10
44.49
 20
23.616
 10
44.475
 20
23.623
 10
44.461
 20
23.631
 10
44.448
 20
23.639
 10
44.434
 20
23.647
 10
44.421
 20
23.657
 10
44.408
 20
23.666
 10
44.396
 20
23.677
 10
44.385
 20
23.688
 10
44.374
 20
23.699
 10
44.363
 20
23.711
 10
44.353
 20
23.724
 10
44.344
 20
23.737
 10
44.335
 20
23.751
 10
44.327
 20
23.766
 10
44.321
 20
23.782
 10
44.315
 20
23.798
 10
44.31
 20
23.816
 10
44.306
 20
23.834
 10
44.304
 20
23.853
 10
44.302
 20
23.873
 10
44.302
 20
23.894
 10
44.302
 20
23.917
 10
44.304
 20
23.939
 10
44.307
 20
23.961
 10
44.311
 20
23.981
 10
44.316
 20
24.001
 10
44.322
 20
24.019
 10
44.329
 20
24.037
 10
44.338
 20
24.054
 10
44.347
 20
24.071
 10
44.358
 20
24.086
 10
44.369
 20
24.101
 10
44.381
 20
24.115
 10
44.393
 20
24.128
 10
44.406
 20
24.141
 10
44.421
 20
24.152
 10
44.436
 20
24.164
 10
44.451
 20
24.174
 10
44.467
 20
24.184
 10
44.484
 20
24.193
 10
44.501
 20
24.201
 10
44.518
 20
24.208
 10
44.537
 20
24.215
 10
44.555
 20
24.222
 10
44.575
 20
24.227
 10
44.594
 20
24.232
 10
44.614
 20
24.236
 10
44.634
 20
24.24
 10
44.654
 20
24.243
 10
44.674
 20
24.245
 10
44.695
 20
24.247
 10
44.715
 20
24.248
 10
44.736
 20
24.248
 10
44.768
 20
24.247
 10
44.799
 20
24.244
 10
44.83
 20
24.24
 10
44.861
 20
24.234
 10
44.892
 20
24.226
 10
44.923
 20
24.216
 10
44.953
 20
24.204
 10
44.983
 20
24.191
 10
45.012
 20
24.176
 10
45.039
 20
24.159
 10
45.064
 20
24.141
 10
45.087
 20
24.122
 10
45.109
 20
24.101
 10
45.129
 20
24.079
 10
45.146
 20
24.055
 10
45.162
 20
24.03
 97
0
 75
0
 76
1
 98
0
  0
HATCH
  5
8F
330
17
100
AcDbEntity
  8
RASTER
 62
7
100
AcDbHatch
 10
0.0
 20
0.0
 30
0.0
210
0.0
220
0.0
230
1.0
  2
SOLID
 70
1
 71
0
 91
2
 92
3
 72
0
 73
1
 93
129
 10
46.743
 20
23.608
 10
46.742
 20
23.574
 10
46.74
 20
23.541
 10
46.736
 20
23.508
 10
46.731
 20
23.476
 10
46.724
 20
23.444
 10
46.716
 20
23.413
 10
46.706
 20
23.383
 10
46.695
 20
23.354
 10
46.682
 20
23.325
 10
46.668
 20
23.297
 10
46.654
 20
23.27
 10
46.637
 20
23.244
 10
46.62
 20
23.22
 10
46.602
 20
23.196
 10
46.582
 20
23.173
 10
46.561
 20
23.151
 10
46.539
 20
23.13
 10
46.516
 20
23.11
 10
46.492
 20
23.092
 10
46.467
 20
23.074
 10
46.441
 20
23.058
 10
46.413
 20
23.043
 10
46.385
 20
23.03
 10
46.356
 20
23.017
 10
46.325
 20
23.006
 10
46.294
 20
22.996
 10
46.263
 20
22.988
 10
46.23
 20
22.981
 10
46.197
 20
22.976
 10
46.163
 20
22.972
 10
46.128
 20
22.97
 10
46.093
 20
22.969
 10
46.058
 20
22.97
 10
46.024
 20
22.972
 10
45.991
 20
22.976
 10
45.958
 20
22.981
 10
45.926
 20
22.988
 10
45.894
 20
22.996
 10
45.863
 20
23.006
 10
45.833
 20
23.017
 10
45.804
 20
23.03
 10
45.775
 20
23.043
 10
45.748
 20
23.058
 10
45.722
 20
23.074
 10
45.697
 20
23.092
 10
45.673
 20
23.11
 10
45.65
 20
23.13
 10
45.628
 20
23.151
 10
45.607
 20
23.173
 10
45.587
 20
23.196
 10
45.569
 20
23.22
 10
45.551
 20
23.244
 10
45.535
 20
23.27
 10
45.52
 20
23.297
 10
45.506
 20
23.325
 10
45.494
 20
23.354
 10
45.482
 20
23.383
 10
45.473
 20
23.413
 10
45.464
 20
23.444
 10
45.458
 20
23.476
 10
45.452
 20
23.508
 10
45.449
 20
23.541
 10
45.446
 20
23.574
 10
45.446
 20
23.608
 10
45.446
 20
23.643
 10
45.449
 20
23.676
 10
45.452
 20
23.709
 10
45.458
 20
23.741
 10
45.464
 20
23.773
 10
45.473
 20
23.803
 10
45.482
 20
23.834
 10
45.494
 20
23.863
 10
45.506
 20
23.892
 10
45.52
 20
23.92
 10
45.535
 20
23.947
 10
45.551
 20
23.972
 10
45.569
 20
23.997
 10
45.587
 20
24.021
 10
45.607
 20
24.044
 10
45.628
 20
24.066
 10
45.65
 20
24.087
 10
45.673
 20
24.107
 10
45.697
 20
24.125
 10
45.722
 20
24.142
 10
45.748
 20
24.159
 10
45.775
 20
24.173
 10
45.804
 20
24.187
 10
45.833
 20
24.2
 10
45.863
 20
24.211
 10
45.894
 20
24.221
 10
45.926
 20
24.229
 10
45.958
 20
24.236
 10
45.991
 20
24.241
 10
46.024
 20
24.245
 10
46.058
 20
24.247
 10
46.093
 20
24.248
 10
46.128
 20
24.247
 10
46.163
 20
24.245
 10
46.197
 20
24.241
 10
46.23
 20
24.236
 10
46.263
 20
24.229
 10
46.294
 20
24.221
 10
46.325
 20
24.211
 10
46.356
 20
24.2
 10
46.385
 20
24.187
 10
46.413
 20
24.173
 10
46.441
 20
24.159
 10
46.467
 20
24.142
 10
46.492
 20
24.125
 10
46.516
 20
24.107
 10
46.539
 20
24.087
 10
46.561
 20
24.066
 10
46.582
 20
24.044
 10
46.602
 20
24.021
 10
46.62
 20
23.997
 10
46.637
 20
23.972
 10
46.654
 20
23.947
 10
46.668
 20
23.92
 10
46.682
 20
23.892
 10
46.695
 20
23.863
 10
46.706
 20
23.834
 10
46.716
 20
23.803
 10
46.724
 20
23.773
 10
46.731
 20
23.741
 10
46.736
 20
23.709
 10
46.74
 20
23.676
 10
46.742
 20
23.643
 10
46.743
 20
23.608
 97
0
 92
3
 72
0
 73
1
 93
129
 10
46.556
 20
23.608
 10
46.555
 20
23.634
 10
46.554
 20
23.658
 10
46.551
 20
23.683
 10
46.548
 20
23.707
 10
46.543
 20
23.731
 10
46.538
 20
23.754
 10
46.531
 20
23.777
 10
46.523
 20
23.8
 10
46.515
 20
23.822
 10
46.505
 20
23.843
 10
46.495
 20
23.863
 10
46.484
 20
23.883
 10
46.472
 20
23.902
 10
46.459
 20
23.921
 10
46.446
 20
23.939
 10
46.431
 20
23.956
 10
46.416
 20
23.972
 10
46.399
 20
23.987
 10
46.382
 20
24.001
 10
46.365
 20
24.015
 10
46.346
 20
24.028
 10
46.327
 20
24.04
 10
46.306
 20
24.051
 10
46.285
 20
24.061
 10
46.264
 20
24.07
 10
46.241
 20
24.078
 10
46.218
 20
24.085
 10
46.194
 20
24.09
 10
46.17
 20
24.094
 10
46.145
 20
24.097
 10
46.119
 20
24.099
 10
46.093
 20
24.1
 10
46.067
 20
24.099
 10
46.041
 20
24.097
 10
46.016
 20
24.094
 10
45.992
 20
24.09
 10
45.968
 20
24.085
 10
45.946
 20
24.078
 10
45.923
 20
24.07
 10
45.902
 20
24.061
 10
45.881
 20
24.051
 10
45.861
 20
24.04
 10
45.842
 20
24.028
 10
45.824
 20
24.015
 10
45.806
 20
24.001
 10
45.789
 20
23.987
 10
45.773
 20
23.972
 10
45.758
 20
23.956
 10
45.743
 20
23.939
 10
45.729
 20
23.921
 10
45.717
 20
23.902
 10
45.705
 20
23.883
 10
45.694
 20
23.863
 10
45.683
 20
23.843
 10
45.674
 20
23.822
 10
45.665
 20
23.8
 10
45.658
 20
23.777
 10
45.651
 20
23.754
 10
45.645
 20
23.731
 10
45.641
 20
23.707
 10
45.637
 20
23.683
 10
45.635
 20
23.658
 10
45.633
 20
23.634
 10
45.633
 20
23.608
 10
45.633
 20
23.583
 10
45.635
 20
23.558
 10
45.637
 20
23.534
 10
45.641
 20
23.51
 10
45.645
 20
23.486
 10
45.651
 20
23.463
 10
45.658
 20
23.44
 10
45.665
 20
23.417
 10
45.674
 20
23.395
 10
45.683
 20
23.374
 10
45.694
 20
23.353
 10
45.705
 20
23.333
 10
45.717
 20
23.314
 10
45.729
 20
23.296
 10
45.743
 20
23.278
 10
45.758
 20
23.261
 10
45.773
 20
23.245
 10
45.789
 20
23.23
 10
45.806
 20
23.216
 10
45.824
 20
23.202
 10
45.842
 20
23.19
 10
45.861
 20
23.178
 10
45.881
 20
23.167
 10
45.902
 20
23.157
 10
45.923
 20
23.148
 10
45.946
 20
23.141
 10
45.968
 20
23.134
 10
45.992
 20
23.129
 10
46.016
 20
23.125
 10
46.041
 20
23.122
 10
46.067
 20
23.12
 10
46.093
 20
23.12
 10
46.119
 20
23.12
 10
46.145
 20
23.122
 10
46.17
 20
23.125
 10
46.194
 20
23.129
 10
46.218
 20
23.134
 10
46.241
 20
23.141
 10
46.264
 20
23.148
 10
46.285
 20
23.157
 10
46.306
 20
23.167
 10
46.327
 20
23.178
 10
46.346
 20
23.19
 10
46.365
 20
23.202
 10
46.382
 20
23.216
 10
46.399
 20
23.23
 10
46.416
 20
23.245
 10
46.431
 20
23.261
 10
46.446
 20
23.278
 10
46.459
 20
23.296
 10
46.472
 20
23.314
 10
46.484
 20
23.333
 10
46.495
 20
23.353
 10
46.505
 20
23.374
 10
46.515
 20
23.395
 10
46.523
 20
23.417
 10
46.531
 20
23.44
 10
46.538
 20
23.463
 10
46.543
 20
23.486
 10
46.548
 20
23.51
 10
46.551
 20
23.534
 10
46.554
 20
23.558
 10
46.555
 20
23.583
 10
46.556
 20
23.608
 97
0
 75
0
 76
1
 98
0
  0
HATCH
  5
90
330
17
100
AcDbEntity
  8
RASTER
 62
7
100
AcDbHatch
 10
0.0
 20
0.0
 30
0.0
210
0.0
220
0.0
230
1.0
  2
SOLID
 70
1
 71
0
 91
1
 92
3
 72
0
 73
1
 93
4
 10
47.305
 20
23.0
 10
47.128
 20
23.0
 10
47.128
 20
24.966
 10
47.305
 20
24.966
 97
0
 75
0
 76
1
 98
0
  0
HATCH
  5
91
330
17
100
AcDbEntity
  8
RASTER
 62
7
100
AcDbHatch
 10
0.0
 20
0.0
 30
0.0
210
0.0
220
0.0
230
1.0
  2
SOLID
 70
1
 71
0
 91
2
 92
3
 72
0
 73
1
 93
103
 10
48.779
 20
23.205
 10
48.759
 20
23.177
 10
48.737
 20
23.15
 10
48.714
 20
23.126
 10
48.689
 20
23.103
 10
48.663
 20
23.081
 10
48.635
 20
23.062
 10
48.606
 20
23.044
 10
48.576
 20
23.029
 10
48.545
 20
23.015
 10
48.513
 20
23.002
 10
48.481
 20
22.992
 10
48.449
 20
22.984
 10
48.417
 20
22.977
 10
48.384
 20
22.973
 10
48.352
 20
22.97
 10
48.319
 20
22.969
 10
48.283
 20
22.97
 10
48.249
 20
22.972
 10
48.215
 20
22.976
 10
48.182
 20
22.981
 10
48.151
 20
22.988
 10
48.119
 20
22.997
 10
48.089
 20
23.007
 10
48.06
 20
23.018
 10
48.032
 20
23.031
 10
48.004
 20
23.045
 10
47.978
 20
23.06
 10
47.953
 20
23.077
 10
47.928
 20
23.094
 10
47.905
 20
23.113
 10
47.883
 20
23.133
 10
47.862
 20
23.153
 10
47.842
 20
23.175
 10
47.824
 20
23.198
 10
47.806
 20
23.222
 10
47.79
 20
23.247
 10
47.774
 20
23.273
 10
47.76
 20
23.3
 10
47.747
 20
23.327
 10
47.735
 20
23.356
 10
47.724
 20
23.386
 10
47.715
 20
23.416
 10
47.707
 20
23.447
 10
47.701
 20
23.478
 10
47.696
 20
23.51
 10
47.692
 20
23.542
 10
47.69
 20
23.575
 10
47.689
 20
23.608
 10
47.69
 20
23.642
 10
47.692
 20
23.675
 10
47.696
 20
23.707
 10
47.701
 20
23.739
 10
47.707
 20
23.77
 10
47.715
 20
23.801
 10
47.724
 20
23.831
 10
47.735
 20
23.861
 10
47.747
 20
23.889
 10
47.76
 20
23.917
 10
47.774
 20
23.944
 10
47.79
 20
23.97
 10
47.806
 20
23.995
 10
47.824
 20
24.019
 10
47.842
 20
24.041
 10
47.862
 20
24.063
 10
47.883
 20
24.084
 10
47.905
 20
24.104
 10
47.928
 20
24.123
 10
47.953
 20
24.14
 10
47.978
 20
24.156
 10
48.004
 20
24.172
 10
48.032
 20
24.186
 10
48.06
 20
24.199
 10
48.089
 20
24.21
 10
48.119
 20
24.22
 10
48.151
 20
24.229
 10
48.182
 20
24.236
 10
48.215
 20
24.241
 10
48.249
 20
24.245
 10
48.283
 20
24.247
 10
48.319
 20
24.248
 10
48.352
 20
24.247
 10
48.384
 20
24.244
 10
48.417
 20
24.239
 10
48.449
 20
24.233
 10
48.481
 20
24.224
 10
48.513
 20
24.214
 10
48.545
 20
24.201
 10
48.576
 20
24.187
 10
48.606
 20
24.171
 10
48.635
 20
24.153
 10
48.663
 20
24.133
 10
48.689
 20
24.111
 10
48.714
 20
24.088
 10
48.737
 20
24.062
 10
48.759
 20
24.035
 10
48.779
 20
24.006
 10
48.784
 20
24.006
 10
48.784
 20
24.966
 10
48.961
 20
24.966
 10
48.961
 20
23.0
 10
48.784
 20
23.0
 10
48.784
 20
23.205
 97
0
 92
3
 72
0
 73
1
 93
129
 10
47.877
 20
23.608
 10
47.877
 20
23.583
 10
47.879
 20
23.558
 10
47.881
 20
23.534
 10
47.884
 20
23.51
 10
47.889
 20
23.486
 10
47.894
 20
23.463
 10
47.9
 20
23.44
 10
47.908
 20
23.417
 10
47.916
 20
23.395
 10
47.925
 20
23.374
 10
47.935
 20
23.353
 10
47.946
 20
23.333
 10
47.957
 20
23.314
 10
47.97
 20
23.296
 10
47.983
 20
23.278
 10
47.997
 20
23.261
 10
48.013
 20
23.245
 10
48.028
 20
23.23
 10
48.045
 20
23.216
 10
48.063
 20
23.202
 10
48.081
 20
23.19
 10
48.101
 20
23.178
 10
48.121
 20
23.167
 10
48.142
 20
23.157
 10
48.164
 20
23.148
 10
48.186
 20
23.141
 10
48.209
 20
23.134
 10
48.233
 20
23.129
 10
48.258
 20
23.125
 10
48.284
 20
23.122
 10
48.31
 20
23.12
 10
48.337
 20
23.12
 10
48.362
 20
23.12
 10
48.387
 20
23.122
 10
48.411
 20
23.125
 10
48.434
 20
23.129
 10
48.457
 20
23.134
 10
48.48
 20
23.141
 10
48.502
 20
23.148
 10
48.524
 20
23.157
 10
48.545
 20
23.167
 10
48.565
 20
23.178
 10
48.585
 20
23.189
 10
48.604
 20
23.202
 10
48.622
 20
23.215
 10
48.64
 20
23.229
 10
48.656
 20
23.244
 10
48.672
 20
23.26
 10
48.687
 20
23.277
 10
48.702
 20
23.294
 10
48.715
 20
23.312
 10
48.728
 20
23.331
 10
48.74
 20
23.351
 10
48.75
 20
23.371
 10
48.76
 20
23.393
 10
48.77
 20
23.415
 10
48.778
 20
23.437
 10
48.785
 20
23.46
 10
48.791
 20
23.484
 10
48.796
 20
23.508
 10
48.8
 20
23.532
 10
48.803
 20
23.557
 10
48.804
 20
23.583
 10
48.805
 20
23.608
 10
48.804
 20
23.634
 10
48.803
 20
23.66
 10
48.8
 20
23.684
 10
48.796
 20
23.709
 10
48.791
 20
23.733
 10
48.785
 20
23.756
 10
48.778
 20
23.779
 10
48.77
 20
23.802
 10
48.76
 20
23.824
 10
48.75
 20
23.845
 10
48.74
 20
23.866
 10
48.728
 20
23.886
 10
48.715
 20
23.905
 10
48.702
 20
23.923
 10
48.687
 20
23.941
 10
48.672
 20
23.958
 10
48.656
 20
23.974
 10
48.64
 20
23.989
 10
48.622
 20
24.004
 10
48.604
 20
24.017
 10
48.585
 20
24.03
 10
48.565
 20
24.041
 10
48.545
 20
24.052
 10
48.524
 20
24.062
 10
48.502
 20
24.071
 10
48.48
 20
24.079
 10
48.457
 20
24.085
 10
48.434
 20
24.09
 10
48.411
 20
24.094
 10
48.387
 20
24.097
 10
48.362
 20
24.099
 10
48.337
 20
24.1
 10
48.31
 20
24.099
 10
48.284
 20
24.097
 10
48.258
 20
24.094
 10
48.233
 20
24.09
 10
48.209
 20
24.085
 10
48.186
 20
24.078
 10
48.164
 20
24.07
 10
48.142
 20
24.061
 10
48.121
 20
24.051
 10
48.101
 20
24.04
 10
48.081
 20
24.028
 10
48.063
 20
24.015
 10
48.045
 20
24.001
 10
48.028
 20
23.987
 10
48.013
 20
23.972
 10
47.997
 20
23.956
 10
47.983
 20
23.939
 10
47.97
 20
23.921
 10
47.957
 20
23.902
 10
47.946
 20
23.883
 10
47.935
 20
23.863
 10
47.925
 20
23.843
 10
47.916
 20
23.822
 10
47.908
 20
23.8
 10
47.9
 20
23.777
 10
47.894
 20
23.754
 10
47.889
 20
23.731
 10
47.884
 20
23.707
 10
47.881
 20
23.683
 10
47.879
 20
23.658
 10
47.877
 20
23.634
 10
47.877
 20
23.608
 97
0
 75
0
 76
1
 98
0
  0
HATCH
  5
92
330
17
100
AcDbEntity
  8
RASTER
 62
7
100
AcDbHatch
 10
0.0
 20
0.0
 30
0.0
210
0.0
220
0.0
230
1.0
  2
SOLID
 70
1
 71
0
 91
2
 92
3
 72
0
 73
1
 93
129
 10
51.293
 20
23.608
 10
51.292
 20
23.574
 10
51.29
 20
23.541
 10
51.286
 20
23.508
 10
51.281
 20
23.476
 10
51.274
 20
23.444
 10
51.266
 20
23.413
 10
51.256
 20
23.383
 10
51.245
 20
23.354
 10
51.232
 20
23.325
 10
51.218
 20
23.297
 10
51.204
 20
23.27
 10
51.187
 20
23.244
 10
51.17
 20
23.22
 10
51.152
 20
23.196
 10
51.132
 20
23.173
 10
51.111
 20
23.151
 10
51.089
 20
23.13
 10
51.066
 20
23.11
 10
51.042
 20
23.092
 10
51.017
 20
23.074
 10
50.991
 20
23.058
 10
50.963
 20
23.043
 10
50.935
 20
23.03
 10
50.906
 20
23.017
 10
50.875
 20
23.006
 10
50.844
 20
22.996
 10
50.813
 20
22.988
 10
50.78
 20
22.981
 10
50.747
 20
22.976
 10
50.713
 20
22.972
 10
50.678
 20
22.97
 10
50.643
 20
22.969
 10
50.608
 20
22.97
 10
50.574
 20
22.972
 10
50.541
 20
22.976
 10
50.508
 20
22.981
 10
50.476
 20
22.988
 10
50.444
 20
22.996
 10
50.413
 20
23.006
 10
50.383
 20
23.017
 10
50.354
 20
23.03
 10
50.325
 20
23.043
 10
50.298
 20
23.058
 10
50.272
 20
23.074
 10
50.247
 20
23.092
 10
50.223
 20
23.11
 10
50.2
 20
23.13
 10
50.178
 20
23.151
 10
50.157
 20
23.173
 10
50.137
 20
23.196
 10
50.119
 20
23.22
 10
50.101
 20
23.244
 10
50.085
 20
23.27
 10
50.07
 20
23.297
 10
50.056
 20
23.325
 10
50.044
 20
23.354
 10
50.032
 20
23.383
 10
50.023
 20
23.413
 10
50.014
 20
23.444
 10
50.008
 20
23.476
 10
50.002
 20
23.508
 10
49.999
 20
23.541
 10
49.996
 20
23.574
 10
49.996
 20
23.608
 10
49.996
 20
23.643
 10
49.999
 20
23.676
 10
50.002
 20
23.709
 10
50.008
 20
23.741
 10
50.014
 20
23.773
 10
50.023
 20
23.803
 10
50.032
 20
23.834
 10
50.044
 20
23.863
 10
50.056
 20
23.892
 10
50.07
 20
23.92
 10
50.085
 20
23.947
 10
50.101
 20
23.972
 10
50.119
 20
23.997
 10
50.137
 20
24.021
 10
50.157
 20
24.044
 10
50.178
 20
24.066
 10
50.2
 20
24.087
 10
50.223
 20
24.107
 10
50.247
 20
24.125
 10
50.272
 20
24.142
 10
50.298
 20
24.159
 10
50.325
 20
24.173
 10
50.354
 20
24.187
 10
50.383
 20
24.2
 10
50.413
 20
24.211
 10
50.444
 20
24.221
 10
50.476
 20
24.229
 10
50.508
 20
24.236
 10
50.541
 20
24.241
 10
50.574
 20
24.245
 10
50.608
 20
24.247
 10
50.643
 20
24.248
 10
50.678
 20
24.247
 10
50.713
 20
24.245
 10
50.747
 20
24.241
 10
50.78
 20
24.236
 10
50.813
 20
24.229
 10
50.844
 20
24.221
 10
50.875
 20
24.211
 10
50.906
 20
24.2
 10
50.935
 20
24.187
 10
50.963
 20
24.173
 10
50.991
 20
24.159
 10
51.017
 20
24.142
 10
51.042
 20
24.125
 10
51.066
 20
24.107
 10
51.089
 20
24.087
 10
51.111
 20
24.066
 10
51.132
 20
24.044
 10
51.152
 20
24.021
 10
51.17
 20
23.997
 10
51.187
 20
23.972
 10
51.204
 20
23.947
 10
51.218
 20
23.92
 10
51.232
 20
23.892
 10
51.245
 20
23.863
 10
51.256
 20
23.834
 10
51.266
 20
23.803
 10
51.274
 20
23.773
 10
51.281
 20
23.741
 10
51.286
 20
23.709
 10
51.29
 20
23.676
 10
51.292
 20
23.643
 10
51.293
 20
23.608
 97
0
 92
3
 72
0
 73
1
 93
129
 10
51.106
 20
23.608
 10
51.105
 20
23.634
 10
51.104
 20
23.658
 10
51.101
 20
23.683
 10
51.098
 20
23.707
 10
51.093
 20
23.731
 10
51.088
 20
23.754
 10
51.081
 20
23.777
 10
51.073
 20
23.8
 10
51.065
 20
23.822
 10
51.055
 20
23.843
 10
51.045
 20
23.863
 10
51.034
 20
23.883
 10
51.022
 20
23.902
 10
51.009
 20
23.921
 10
50.996
 20
23.939
 10
50.981
 20
23.956
 10
50.966
 20
23.972
 10
50.949
 20
23.987
 10
50.932
 20
24.001
 10
50.915
 20
24.015
 10
50.896
 20
24.028
 10
50.877
 20
24.04
 10
50.856
 20
24.051
 10
50.835
 20
24.061
 10
50.814
 20
24.07
 10
50.791
 20
24.078
 10
50.768
 20
24.085
 10
50.744
 20
24.09
 10
50.72
 20
24.094
 10
50.695
 20
24.097
 10
50.669
 20
24.099
 10
50.643
 20
24.1
 10
50.617
 20
24.099
 10
50.591
 20
24.097
 10
50.566
 20
24.094
 10
50.542
 20
24.09
 10
50.518
 20
24.085
 10
50.496
 20
24.078
 10
50.473
 20
24.07
 10
50.452
 20
24.061
 10
50.431
 20
24.051
 10
50.411
 20
24.04
 10
50.392
 20
24.028
 10
50.374
 20
24.015
 10
50.356
 20
24.001
 10
50.339
 20
23.987
 10
50.323
 20
23.972
 10
50.308
 20
23.956
 10
50.293
 20
23.939
 10
50.279
 20
23.921
 10
50.267
 20
23.902
 10
50.255
 20
23.883
 10
50.244
 20
23.863
 10
50.233
 20
23.843
 10
50.224
 20
23.822
 10
50.215
 20
23.8
 10
50.208
 20
23.777
 10
50.201
 20
23.754
 10
50.195
 20
23.731
 10
50.191
 20
23.707
 10
50.187
 20
23.683
 10
50.185
 20
23.658
 10
50.183
 20
23.634
 10
50.183
 20
23.608
 10
50.183
 20
23.583
 10
50.185
 20
23.558
 10
50.187
 20
23.534
 10
50.191
 20
23.51
 10
50.195
 20
23.486
 10
50.201
 20
23.463
 10
50.208
 20
23.44
 10
50.215
 20
23.417
 10
50.224
 20
23.395
 10
50.233
 20
23.374
 10
50.244
 20
23.353
 10
50.255
 20
23.333
 10
50.267
 20
23.314
 10
50.279
 20
23.296
 10
50.293
 20
23.278
 10
50.308
 20
23.261
 10
50.323
 20
23.245
 10
50.339
 20
23.23
 10
50.356
 20
23.216
 10
50.374
 20
23.202
 10
50.392
 20
23.19
 10
50.411
 20
23.178
 10
50.431
 20
23.167
 10
50.452
 20
23.157
 10
50.473
 20
23.148
 10
50.496
 20
23.141
 10
50.518
 20
23.134
 10
50.542
 20
23.129
 10
50.566
 20
23.125
 10
50.591
 20
23.122
 10
50.617
 20
23.12
 10
50.643
 20
23.12
 10
50.669
 20
23.12
 10
50.695
 20
23.122
 10
50.72
 20
23.125
 10
50.744
 20
23.129
 10
50.768
 20
23.134
 10
50.791
 20
23.141
 10
50.814
 20
23.148
 10
50.835
 20
23.157
 10
50.856
 20
23.167
 10
50.877
 20
23.178
 10
50.896
 20
23.19
 10
50.915
 20
23.202
 10
50.932
 20
23.216
 10
50.949
 20
23.23
 10
50.966
 20
23.245
 10
50.981
 20
23.261
 10
50.996
 20
23.278
 10
51.009
 20
23.296
 10
51.022
 20
23.314
 10
51.034
 20
23.333
 10
51.045
 20
23.353
 10
51.055
 20
23.374
 10
51.065
 20
23.395
 10
51.073
 20
23.417
 10
51.081
 20
23.44
 10
51.088
 20
23.463
 10
51.093
 20
23.486
 10
51.098
 20
23.51
 10
51.101
 20
23.534
 10
51.104
 20
23.558
 10
51.105
 20
23.583
 10
51.106
 20
23.608
 97
0
 75
0
 76
1
 98
0
  0
HATCH
  5
93
330
17
100
AcDbEntity
  8
RASTER
 62
7
100
AcDbHatch
 10
0.0
 20
0.0
 30
0.0
210
0.0
220
0.0
230
1.0
  2
SOLID
 70
1
 71
0
 91
1
 92
3
 72
0
 73
1
 93
136
 10
52.557
 20
23.0
 10
52.555
 20
23.013
 10
52.554
 20
23.025
 10
52.553
 20
23.039
 10
52.552
 20
23.052
 10
52.551
 20
23.066
 10
52.55
 20
23.08
 10
52.549
 20
23.094
 10
52.549
 20
23.109
 10
52.548
 20
23.124
 10
52.548
 20
23.138
 10
52.547
 20
23.151
 10
52.547
 20
23.164
 10
52.547
 20
23.176
 10
52.546
 20
23.187
 10
52.546
 20
23.198
 10
52.546
 20
23.208
 10
52.541
 20
23.208
 10
52.527
 20
23.182
 10
52.511
 20
23.157
 10
52.493
 20
23.134
 10
52.473
 20
23.111
 10
52.451
 20
23.09
 10
52.426
 20
23.071
 10
52.4
 20
23.052
 10
52.372
 20
23.035
 10
52.343
 20
23.02
 10
52.313
 20
23.006
 10
52.282
 20
22.995
 10
52.252
 20
22.985
 10
52.221
 20
22.978
 10
52.189
 20
22.973
 10
52.157
 20
22.97
 10
52.125
 20
22.969
 10
52.069
 20
22.971
 10
52.017
 20
22.977
 10
51.968
 20
22.988
 10
51.923
 20
23.003
 10
51.881
 20
23.023
 10
51.843
 20
23.046
 10
51.809
 20
23.074
 10
51.778
 20
23.107
 10
51.751
 20
23.142
 10
51.727
 20
23.181
 10
51.707
 20
23.222
 10
51.691
 20
23.267
 10
51.678
 20
23.313
 10
51.669
 20
23.363
 10
51.664
 20
23.415
 10
51.662
 20
23.471
 10
51.662
 20
24.217
 10
51.839
 20
24.217
 10
51.839
 20
23.543
 10
51.839
 20
23.52
 10
51.84
 20
23.496
 10
51.841
 20
23.474
 10
51.843
 20
23.452
 10
51.845
 20
23.43
 10
51.848
 20
23.409
 10
51.851
 20
23.389
 10
51.855
 20
23.369
 10
51.859
 20
23.35
 10
51.864
 20
23.332
 10
51.869
 20
23.314
 10
51.876
 20
23.297
 10
51.883
 20
23.28
 10
51.89
 20
23.265
 10
51.899
 20
23.25
 10
51.908
 20
23.235
 10
51.918
 20
23.222
 10
51.928
 20
23.209
 10
51.94
 20
23.197
 10
51.952
 20
23.186
 10
51.965
 20
23.175
 10
51.979
 20
23.165
 10
51.994
 20
23.156
 10
52.009
 20
23.148
 10
52.026
 20
23.141
 10
52.043
 20
23.135
 10
52.062
 20
23.129
 10
52.081
 20
23.125
 10
52.102
 20
23.121
 10
52.123
 20
23.119
 10
52.146
 20
23.117
 10
52.169
 20
23.117
 10
52.187
 20
23.117
 10
52.204
 20
23.119
 10
52.221
 20
23.121
 10
52.238
 20
23.124
 10
52.255
 20
23.128
 10
52.272
 20
23.133
 10
52.289
 20
23.139
 10
52.306
 20
23.146
 10
52.322
 20
23.153
 10
52.338
 20
23.162
 10
52.353
 20
23.171
 10
52.368
 20
23.182
 10
52.383
 20
23.193
 10
52.397
 20
23.205
 10
52.411
 20
23.219
 10
52.424
 20
23.233
 10
52.437
 20
23.248
 10
52.449
 20
23.264
 10
52.46
 20
23.281
 10
52.471
 20
23.299
 10
52.481
 20
23.318
 10
52.49
 20
23.338
 10
52.499
 20
23.359
 10
52.507
 20
23.381
 10
52.515
 20
23.404
 10
52.521
 20
23.428
 10
52.526
 20
23.453
 10
52.531
 20
23.479
 10
52.534
 20
23.506
 10
52.536
 20
23.534
 10
52.538
 20
23.563
 10
52.538
 20
23.593
 10
52.538
 20
24.217
 10
52.715
 20
24.217
 10
52.715
 20
23.268
 10
52.715
 20
23.255
 10
52.715
 20
23.241
 10
52.716
 20
23.227
 10
52.716
 20
23.211
 10
52.716
 20
23.195
 10
52.717
 20
23.178
 10
52.717
 20
23.159
 10
52.718
 20
23.14
 10
52.718
 20
23.121
 10
52.719
 20
23.102
 10
52.72
 20
23.084
 10
52.721
 20
23.066
 10
52.722
 20
23.049
 10
52.723
 20
23.032
 10
52.724
 20
23.016
 10
52.726
 20
23.0
 97
0
 75
0
 76
1
 98
0
  0
HATCH
  5
94
330
17
100
AcDbEntity
  8
RASTER
 62
7
100
AcDbHatch
 10
0.0
 20
0.0
 30
0.0
210
0.0
220
0.0
230
1.0
  2
SOLID
 70
1
 71
0
 91
1
 92
3
 72
0
 73
1
 93
108
 10
53.732
 20
24.069
 10
53.389
 20
24.069
 10
53.389
 20
23.359
 10
53.389
 20
23.342
 10
53.389
 20
23.326
 10
53.39
 20
23.311
 10
53.392
 20
23.297
 10
53.394
 20
23.283
 10
53.396
 20
23.271
 10
53.399
 20
23.258
 10
53.402
 20
23.247
 10
53.405
 20
23.236
 10
53.409
 20
23.226
 10
53.413
 20
23.217
 10
53.418
 20
23.208
 10
53.422
 20
23.199
 10
53.428
 20
23.192
 10
53.433
 20
23.185
 10
53.439
 20
23.178
 10
53.446
 20
23.172
 10
53.452
 20
23.167
 10
53.459
 20
23.162
 10
53.466
 20
23.157
 10
53.474
 20
23.153
 10
53.481
 20
23.15
 10
53.489
 20
23.147
 10
53.498
 20
23.144
 10
53.506
 20
23.142
 10
53.515
 20
23.14
 10
53.524
 20
23.139
 10
53.533
 20
23.137
 10
53.542
 20
23.136
 10
53.551
 20
23.136
 10
53.561
 20
23.135
 10
53.571
 20
23.135
 10
53.58
 20
23.135
 10
53.589
 20
23.136
 10
53.598
 20
23.137
 10
53.608
 20
23.138
 10
53.618
 20
23.139
 10
53.627
 20
23.141
 10
53.637
 20
23.143
 10
53.647
 20
23.146
 10
53.657
 20
23.148
 10
53.667
 20
23.151
 10
53.677
 20
23.154
 10
53.687
 20
23.158
 10
53.696
 20
23.162
 10
53.706
 20
23.166
 10
53.715
 20
23.17
 10
53.724
 20
23.174
 10
53.732
 20
23.021
 10
53.72
 20
23.016
 10
53.708
 20
23.012
 10
53.696
 20
23.008
 10
53.684
 20
23.005
 10
53.672
 20
23.002
 10
53.659
 20
22.999
 10
53.647
 20
22.996
 10
53.634
 20
22.994
 10
53.621
 20
22.991
 10
53.608
 20
22.99
 10
53.595
 20
22.988
 10
53.581
 20
22.987
 10
53.567
 20
22.986
 10
53.553
 20
22.985
 10
53.539
 20
22.985
 10
53.524
 20
22.984
 10
53.511
 20
22.985
 10
53.499
 20
22.985
 10
53.486
 20
22.986
 10
53.473
 20
22.988
 10
53.46
 20
22.989
 10
53.447
 20
22.992
 10
53.433
 20
22.994
 10
53.42
 20
22.997
 10
53.406
 20
23.001
 10
53.393
 20
23.005
 10
53.38
 20
23.01
 10
53.367
 20
23.016
 10
53.355
 20
23.023
 10
53.342
 20
23.03
 10
53.33
 20
23.038
 10
53.318
 20
23.047
 10
53.307
 20
23.056
 10
53.296
 20
23.067
 10
53.286
 20
23.078
 10
53.276
 20
23.09
 10
53.267
 20
23.102
 10
53.258
 20
23.116
 10
53.249
 20
23.13
 10
53.242
 20
23.146
 10
53.235
 20
23.162
 10
53.229
 20
23.179
 10
53.223
 20
23.198
 10
53.219
 20
23.218
 10
53.216
 20
23.239
 10
53.214
 20
23.261
 10
53.212
 20
23.285
 10
53.212
 20
23.309
 10
53.212
 20
24.069
 10
52.96
 20
24.069
 10
52.96
 20
24.217
 10
53.212
 20
24.217
 10
53.212
 20
24.56
 10
53.389
 20
24.56
 10
53.389
 20
24.217
 10
53.732
 20
24.217
 97
0
 75
0
 76
1
 98
0
  0
HATCH
  5
95
330
17
100
AcDbEntity
  8
RASTER
 62
7
100
AcDbHatch
 10
0.0
 20
0.0
 30
0.0
210
0.0
220
0.0
230
1.0
  2
SOLID
 70
1
 71
0
 91
1
 92
3
 72
0
 73
1
 93
7
 10
55.354
 20
23.0
 10
55.167
 20
23.0
 10
55.167
 20
24.609
 10
54.834
 20
24.326
 10
54.72
 20
24.456
 10
55.188
 20
24.841
 10
55.354
 20
24.841
 97
0
 75
0
 76
1
 98
0
  0
HATCH
  5
96
330
17
100
AcDbEntity
  8
RASTER
 62
7
100
AcDbHatch
 10
0.0
 20
0.0
 30
0.0
210
0.0
220
0.0
230
1.0
  2
SOLID
 70
1
 71
0
 91
2
 92
3
 72
0
 73
1
 93
129
 10
56.685
 20
24.888
 10
56.727
 20
24.886
 10
56.768
 20
24.882
 10
56.806
 20
24.876
 10
56.843
 20
24.866
 10
56.878
 20
24.855
 10
56.911
 20
24.84
 10
56.943
 20
24.823
 10
56.973
 20
24.803
 10
57.001
 20
24.781
 10
57.028
 20
24.758
 10
57.053
 20
24.732
 10
57.077
 20
24.706
 10
57.1
 20
24.677
 10
57.121
 20
24.647
 10
57.14
 20
24.615
 10
57.159
 20
24.582
 10
57.176
 20
24.547
 10
57.191
 20
24.511
 10
57.206
 20
24.474
 10
57.219
 20
24.436
 10
57.231
 20
24.397
 10
57.241
 20
24.356
 10
57.251
 20
24.314
 10
57.259
 20
24.271
 10
57.266
 20
24.228
 10
57.272
 20
24.184
 10
57.277
 20
24.14
 10
57.281
 20
24.096
 10
57.284
 20
24.052
 10
57.287
 20
24.007
 10
57.288
 20
23.963
 10
57.289
 20
23.918
 10
57.288
 20
23.873
 10
57.287
 20
23.829
 10
57.284
 20
23.784
 10
57.281
 20
23.74
 10
57.277
 20
23.696
 10
57.272
 20
23.652
 10
57.266
 20
23.609
 10
57.259
 20
23.566
 10
57.251
 20
23.523
 10
57.241
 20
23.481
 10
57.231
 20
23.441
 10
57.219
 20
23.402
 10
57.206
 20
23.364
 10
57.191
 20
23.327
 10
57.176
 20
23.291
 10
57.159
 20
23.256
 10
57.14
 20
23.223
 10
57.121
 20
23.191
 10
57.1
 20
23.161
 10
57.077
 20
23.133
 10
57.053
 20
23.106
 10
57.028
 20
23.081
 10
57.001
 20
23.058
 10
56.973
 20
23.036
 10
56.943
 20
23.017
 10
56.911
 20
23.0
 10
56.878
 20
22.986
 10
56.843
 20
22.974
 10
56.806
 20
22.965
 10
56.768
 20
22.958
 10
56.727
 20
22.954
 10
56.685
 20
22.953
 10
56.643
 20
22.954
 10
56.602
 20
22.958
 10
56.563
 20
22.965
 10
56.526
 20
22.974
 10
56.491
 20
22.986
 10
56.457
 20
23.0
 10
56.425
 20
23.017
 10
56.396
 20
23.036
 10
56.367
 20
23.058
 10
56.34
 20
23.081
 10
56.315
 20
23.106
 10
56.291
 20
23.133
 10
56.269
 20
23.161
 10
56.248
 20
23.191
 10
56.228
 20
23.223
 10
56.21
 20
23.256
 10
56.193
 20
23.291
 10
56.177
 20
23.327
 10
56.163
 20
23.364
 10
56.15
 20
23.402
 10
56.138
 20
23.441
 10
56.128
 20
23.481
 10
56.119
 20
23.523
 10
56.111
 20
23.566
 10
56.104
 20
23.609
 10
56.098
 20
23.652
 10
56.093
 20
23.696
 10
56.089
 20
23.74
 10
56.086
 20
23.784
 10
56.084
 20
23.829
 10
56.083
 20
23.873
 10
56.082
 20
23.918
 10
56.083
 20
23.963
 10
56.084
 20
24.007
 10
56.086
 20
24.052
 10
56.089
 20
24.096
 10
56.093
 20
24.14
 10
56.098
 20
24.184
 10
56.104
 20
24.228
 10
56.111
 20
24.271
 10
56.119
 20
24.314
 10
56.128
 20
24.356
 10
56.138
 20
24.397
 10
56.15
 20
24.436
 10
56.163
 20
24.474
 10
56.177
 20
24.511
 10
56.193
 20
24.547
 10
56.21
 20
24.582
 10
56.228
 20
24.615
 10
56.248
 20
24.647
 10
56.269
 20
24.677
 10
56.291
 20
24.706
 10
56.315
 20
24.732
 10
56.34
 20
24.758
 10
56.367
 20
24.781
 10
56.396
 20
24.803
 10
56.425
 20
24.823
 10
56.457
 20
24.84
 10
56.491
 20
24.855
 10
56.526
 20
24.866
 10
56.563
 20
24.876
 10
56.602
 20
24.882
 10
56.643
 20
24.886
 10
56.685
 20
24.888
 97
0
 92
3
 72
0
 73
1
 93
129
 10
56.685
 20
24.729
 10
56.656
 20
24.728
 10
56.627
 20
24.724
 10
56.6
 20
24.718
 10
56.574
 20
24.71
 10
56.549
 20
24.7
 10
56.525
 20
24.687
 10
56.503
 20
24.671
 10
56.483
 20
24.654
 10
56.463
 20
24.634
 10
56.444
 20
24.613
 10
56.427
 20
24.591
 10
56.41
 20
24.568
 10
56.395
 20
24.543
 10
56.381
 20
24.517
 10
56.367
 20
24.49
 10
56.355
 20
24.461
 10
56.344
 20
24.432
 10
56.334
 20
24.401
 10
56.324
 20
24.37
 10
56.316
 20
24.337
 10
56.308
 20
24.304
 10
56.301
 20
24.27
 10
56.295
 20
24.236
 10
56.29
 20
24.2
 10
56.286
 20
24.164
 10
56.282
 20
24.128
 10
56.279
 20
24.093
 10
56.277
 20
24.057
 10
56.275
 20
24.022
 10
56.273
 20
23.987
 10
56.272
 20
23.952
 10
56.272
 20
23.918
 10
56.272
 20
23.883
 10
56.273
 20
23.849
 10
56.275
 20
23.814
 10
56.277
 20
23.779
 10
56.279
 20
23.744
 10
56.282
 20
23.708
 10
56.286
 20
23.673
 10
56.29
 20
23.637
 10
56.295
 20
23.602
 10
56.301
 20
23.567
 10
56.308
 20
23.534
 10
56.316
 20
23.501
 10
56.324
 20
23.469
 10
56.334
 20
23.438
 10
56.344
 20
23.408
 10
56.355
 20
23.378
 10
56.367
 20
23.35
 10
56.381
 20
23.323
 10
56.395
 20
23.297
 10
56.41
 20
23.273
 10
56.427
 20
23.25
 10
56.444
 20
23.228
 10
56.463
 20
23.208
 10
56.483
 20
23.189
 10
56.503
 20
23.171
 10
56.525
 20
23.156
 10
56.549
 20
23.143
 10
56.574
 20
23.133
 10
56.6
 20
23.125
 10
56.627
 20
23.119
 10
56.656
 20
23.116
 10
56.685
 20
23.114
 10
56.715
 20
23.116
 10
56.743
 20
23.119
 10
56.77
 20
23.125
 10
56.795
 20
23.133
 10
56.82
 20
23.143
 10
56.843
 20
23.156
 10
56.865
 20
23.171
 10
56.886
 20
23.189
 10
56.905
 20
23.208
 10
56.924
 20
23.228
 10
56.941
 20
23.25
 10
56.958
 20
23.273
 10
56.973
 20
23.297
 10
56.987
 20
23.323
 10
57.001
 20
23.35
 10
57.013
 20
23.378
 10
57.024
 20
23.408
 10
57.035
 20
23.438
 10
57.044
 20
23.469
 10
57.053
 20
23.501
 10
57.061
 20
23.534
 10
57.068
 20
23.567
 10
57.074
 20
23.602
 10
57.079
 20
23.637
 10
57.084
 20
23.673
 10
57.088
 20
23.708
 10
57.091
 20
23.744
 10
57.094
 20
23.779
 10
57.096
 20
23.814
 10
57.098
 20
23.849
 10
57.098
 20
23.883
 10
57.099
 20
23.918
 10
57.098
 20
23.952
 10
57.098
 20
23.987
 10
57.096
 20
24.022
 10
57.094
 20
24.057
 10
57.091
 20
24.093
 10
57.088
 20
24.128
 10
57.084
 20
24.164
 10
57.079
 20
24.2
 10
57.074
 20
24.236
 10
57.068
 20
24.27
 10
57.061
 20
24.304
 10
57.053
 20
24.337
 10
57.044
 20
24.37
 10
57.035
 20
24.401
 10
57.024
 20
24.432
 10
57.013
 20
24.461
 10
57.001
 20
24.49
 10
56.987
 20
24.517
 10
56.973
 20
24.543
 10
56.958
 20
24.568
 10
56.941
 20
24.591
 10
56.924
 20
24.613
 10
56.905
 20
24.634
 10
56.886
 20
24.654
 10
56.865
 20
24.671
 10
56.843
 20
24.687
 10
56.82
 20
24.7
 10
56.795
 20
24.71
 10
56.77
 20
24.718
 10
56.743
 20
24.724
 10
56.715
 20
24.728
 10
56.685
 20
24.729
 97
0
 75
0
 76
1
 98
0
  0
HATCH
  5
97
330
17
100
AcDbEntity
  8
RASTER
 62
7
100
AcDbHatch
 10
0.0
 20
0.0
 30
0.0
210
0.0
220
0.0
230
1.0
  2
SOLID
 70
1
 71
0
 91
2
 92
3
 72
0
 73
1
 93
19
 10
59.378
 20
25.635
 10
60.042
 20
25.63
 10
60.695
 20
25.365
 10
61.128
 20
24.922
 10
61.39
 20
24.284
 10
61.438
 20
23.994
 10
61.392
 20
23.499
 10
61.123
 20
22.863
 10
60.721
 20
22.439
 10
60.072
 20
22.176
 10
59.579
 20
22.133
 10
59.239
 20
22.18
 10
58.703
 20
22.398
 10
58.211
 20
22.879
 10
57.942
 20
23.508
 10
57.966
 20
24.353
 10
58.207
 20
24.906
 10
58.7
 20
25.377
 10
59.064
 20
25.56
 97
0
 92
3
 72
0
 73
1
 93
20
 10
59.412
 20
25.335
 10
59.167
 20
25.277
 10
58.875
 20
25.129
 10
58.458
 20
24.731
 10
58.264
 20
24.286
 10
58.244
 20
23.565
 10
58.464
 20
23.052
 10
58.871
 20
22.654
 10
59.318
 20
22.472
 10
59.586
 20
22.435
 10
60.001
 20
22.471
 10
60.548
 20
22.692
 10
60.868
 20
23.029
 10
61.097
 20
23.573
 10
61.136
 20
23.983
 10
61.099
 20
24.201
 10
60.872
 20
24.754
 10
60.524
 20
25.111
 10
59.982
 20
25.33
 10
59.412
 20
25.335
 97
0
 75
0
 76
1
 98
0
  0
HATCH
  5
98
330
17
100
AcDbEntity
  8
RASTER
 62
7
100
AcDbHatch
 10
0.0
 20
0.0
 30
0.0
210
0.0
220
0.0
230
1.0
  2
SOLID
 70
1
 71
0
 91
12
 92
3
 72
0
 73
1
 93
32
 10
59.466
 20
25.438
 10
59.903
 20
25.446
 10
60.126
 20
25.396
 10
60.454
 20
25.255
 10
60.677
 20
25.107
 10
60.849
 20
24.934
 10
61.047
 20
24.638
 10
61.188
 20
24.26
 10
61.237
 20
24.013
 10
61.237
 20
23.791
 10
61.138
 20
23.346
 10
60.899
 20
22.919
 10
60.602
 20
22.622
 10
60.225
 20
22.432
 10
59.805
 20
22.333
 10
59.558
 20
22.333
 10
59.508
 20
22.358
 10
59.261
 20
22.383
 10
59.113
 20
22.432
 10
58.76
 20
22.622
 10
58.488
 20
22.869
 10
58.365
 20
23.042
 10
58.199
 20
23.371
 10
58.125
 20
23.667
 10
58.125
 20
24.062
 10
58.174
 20
24.309
 10
58.315
 20
24.663
 10
58.488
 20
24.91
 10
58.636
 20
25.058
 10
58.834
 20
25.206
 10
59.113
 20
25.347
 10
59.335
 20
25.421
 97
0
 92
3
 72
0
 73
1
 93
37
 10
59.681
 20
25.396
 10
59.632
 20
25.371
 10
59.434
 20
25.371
 10
59.113
 20
25.273
 10
58.883
 20
25.157
 10
58.612
 20
24.959
 10
58.439
 20
24.737
 10
58.298
 20
24.458
 10
58.224
 20
24.235
 10
58.199
 20
23.939
 10
58.174
 20
23.889
 10
58.199
 20
23.618
 10
58.273
 20
23.371
 10
58.414
 20
23.092
 10
58.538
 20
22.919
 10
58.785
 20
22.696
 10
59.138
 20
22.506
 10
59.385
 20
22.432
 10
59.582
 20
22.432
 10
59.632
 20
22.407
 10
59.731
 20
22.432
 10
59.928
 20
22.432
 10
60.249
 20
22.531
 10
60.627
 20
22.746
 10
60.849
 20
22.993
 10
61.064
 20
23.395
 10
61.138
 20
23.667
 10
61.138
 20
23.815
 10
61.163
 20
23.865
 10
61.138
 20
24.136
 10
61.04
 20
24.458
 10
60.874
 20
24.786
 10
60.81
 20
24.845
 10
60.775
 20
24.91
 10
60.553
 20
25.107
 10
60.2
 20
25.297
 10
59.953
 20
25.371
 97
0
 92
3
 72
0
 73
1
 93
30
 10
59.59
 20
25.117
 10
59.706
 20
25.124
 10
60.076
 20
25.05
 10
60.355
 20
24.91
 10
60.454
 20
24.835
 10
60.652
 20
24.613
 10
60.793
 20
24.334
 10
60.867
 20
24.087
 10
60.867
 20
23.692
 10
60.793
 20
23.445
 10
60.652
 20
23.19
 10
60.405
 20
22.943
 10
60.257
 20
22.845
 10
59.903
 20
22.704
 10
59.805
 20
22.704
 10
59.755
 20
22.679
 10
59.632
 20
22.679
 10
59.582
 20
22.704
 10
59.36
 20
22.729
 10
59.212
 20
22.778
 10
58.908
 20
22.943
 10
58.76
 20
23.092
 10
58.612
 20
23.314
 10
58.471
 20
23.692
 10
58.471
 20
24.136
 10
58.52
 20
24.309
 10
58.686
 20
24.613
 10
58.957
 20
24.885
 10
59.106
 20
24.984
 10
59.409
 20
25.1
 97
0
 92
3
 72
0
 73
1
 93
35
 10
59.484
 20
25.05
 10
59.286
 20
25.001
 10
59.056
 20
24.885
 10
58.76
 20
24.613
 10
58.686
 20
24.514
 10
58.545
 20
24.186
 10
58.545
 20
24.087
 10
58.52
 20
24.038
 10
58.52
 20
23.766
 10
58.594
 20
23.494
 10
58.71
 20
23.265
 10
58.859
 20
23.067
 10
59.007
 20
22.943
 10
59.162
 20
22.852
 10
59.459
 20
22.753
 10
59.582
 20
22.753
 10
59.632
 20
22.729
 10
59.903
 20
22.753
 10
60.052
 20
22.803
 10
60.355
 20
22.968
 10
60.439
 20
23.057
 10
60.504
 20
23.092
 10
60.627
 20
23.24
 10
60.793
 20
23.568
 10
60.817
 20
23.815
 10
60.842
 20
23.865
 10
60.817
 20
23.939
 10
60.817
 20
24.087
 10
60.768
 20
24.26
 10
60.652
 20
24.514
 10
60.504
 20
24.712
 10
60.355
 20
24.835
 10
60.101
 20
24.976
 10
59.953
 20
25.026
 10
59.829
 20
25.05
 97
0
 92
3
 72
0
 73
1
 93
32
 10
59.565
 20
24.87
 10
59.78
 20
24.877
 10
59.96
 20
24.786
 10
60.01
 20
24.737
 10
60.094
 20
24.574
 10
60.168
 20
24.5
 10
60.323
 20
24.458
 10
60.373
 20
24.408
 10
60.355
 20
24.302
 10
60.257
 20
24.203
 10
60.158
 20
24.154
 10
60.175
 20
23.939
 10
60.108
 20
23.808
 10
59.96
 20
23.734
 10
59.936
 20
23.61
 10
59.854
 20
23.544
 10
59.773
 20
23.561
 10
59.508
 20
23.544
 10
59.427
 20
23.586
 10
59.392
 20
23.724
 10
59.229
 20
23.808
 10
59.187
 20
23.889
 10
59.162
 20
24.013
 10
59.187
 20
24.062
 10
59.18
 20
24.154
 10
59.081
 20
24.203
 10
59.007
 20
24.277
 10
58.965
 20
24.359
 10
58.997
 20
24.45
 10
59.195
 20
24.5
 10
59.353
 20
24.737
 10
59.427
 20
24.811
 97
0
 92
3
 72
0
 73
1
 93
21
 10
59.558
 20
24.828
 10
59.402
 20
24.737
 10
59.254
 20
24.49
 10
59.162
 20
24.433
 10
59.088
 20
24.433
 10
59.022
 20
24.401
 10
59.056
 20
24.302
 10
59.13
 20
24.228
 10
59.212
 20
24.211
 10
59.409
 20
24.285
 10
59.731
 20
24.309
 10
59.78
 20
24.285
 10
59.953
 20
24.285
 10
60.175
 20
24.211
 10
60.306
 20
24.327
 10
60.316
 20
24.401
 10
60.175
 20
24.433
 10
60.084
 20
24.49
 10
59.96
 20
24.712
 10
59.911
 20
24.761
 10
59.78
 20
24.828
 97
0
 92
3
 72
0
 73
1
 93
24
 10
59.54
 20
24.672
 10
59.575
 20
24.672
 10
59.59
 20
24.613
 10
59.664
 20
24.564
 10
59.748
 20
24.613
 10
59.763
 20
24.672
 10
59.822
 20
24.672
 10
59.847
 20
24.588
 10
59.731
 20
24.532
 10
59.847
 20
24.475
 10
59.822
 20
24.391
 10
59.773
 20
24.401
 10
59.748
 20
24.45
 10
59.681
 20
24.482
 10
59.624
 20
24.465
 10
59.575
 20
24.391
 10
59.526
 20
24.401
 10
59.491
 20
24.475
 10
59.558
 20
24.482
 10
59.607
 20
24.532
 10
59.59
 20
24.564
 10
59.558
 20
24.581
 10
59.516
 20
24.564
 10
59.484
 20
24.606
 97
0
 92
3
 72
0
 73
1
 93
23
 10
59.607
 20
24.26
 10
59.558
 20
24.235
 10
59.335
 20
24.211
 10
59.254
 20
24.169
 10
59.212
 20
24.087
 10
59.212
 20
23.964
 10
59.279
 20
23.833
 10
59.417
 20
23.773
 10
59.476
 20
23.61
 10
59.55
 20
23.601
 10
59.6
 20
23.684
 10
59.614
 20
23.601
 10
59.706
 20
23.593
 10
59.755
 20
23.692
 10
59.797
 20
23.61
 10
59.829
 20
23.593
 10
59.896
 20
23.65
 10
59.911
 20
23.759
 10
60.084
 20
23.857
 10
60.126
 20
23.939
 10
60.126
 20
24.087
 10
60.094
 20
24.178
 10
60.027
 20
24.211
 97
0
 92
3
 72
0
 73
1
 93
8
 10
59.886
 20
24.129
 10
59.985
 20
24.094
 10
60.002
 20
24.062
 10
60.002
 20
23.964
 10
59.928
 20
23.889
 10
59.847
 20
23.907
 10
59.78
 20
24.013
 10
59.822
 20
24.094
 97
0
 92
3
 72
0
 73
1
 93
8
 10
59.392
 20
24.104
 10
59.484
 20
24.112
 10
59.54
 20
24.07
 10
59.558
 20
23.988
 10
59.526
 20
23.922
 10
59.409
 20
23.889
 10
59.353
 20
23.931
 10
59.335
 20
24.038
 97
0
 92
3
 72
0
 73
1
 93
7
 10
59.664
 20
23.956
 10
59.731
 20
23.889
 10
59.731
 20
23.84
 10
59.706
 20
23.815
 10
59.674
 20
23.833
 10
59.632
 20
23.815
 10
59.607
 20
23.84
 97
0
 92
3
 72
0
 73
1
 93
35
 10
59.639
 20
23.462
 10
59.681
 20
23.47
 10
59.738
 20
23.428
 10
59.755
 20
23.371
 10
59.706
 20
23.297
 10
59.805
 20
23.247
 10
59.706
 20
23.198
 10
59.713
 20
22.983
 10
59.755
 20
22.976
 10
59.837
 20
23.018
 10
59.879
 20
23.074
 10
59.861
 20
23.141
 10
59.953
 20
23.198
 10
60.002
 20
23.074
 10
59.978
 20
23.05
 10
59.936
 20
23.067
 10
59.837
 20
22.943
 10
59.681
 20
22.852
 10
59.476
 20
22.968
 10
59.427
 20
23.042
 10
59.36
 20
23.074
 10
59.36
 20
23.124
 10
59.402
 20
23.19
 10
59.491
 20
23.131
 10
59.501
 20
23.107
 10
59.466
 20
23.082
 10
59.526
 20
23.018
 10
59.624
 20
22.983
 10
59.656
 20
23.099
 10
59.656
 20
23.198
 10
59.533
 20
23.247
 10
59.558
 20
23.272
 10
59.649
 20
23.279
 10
59.607
 20
23.346
 10
59.607
 20
23.42
 97
0
 75
0
 76
1
 98
0
  0
HATCH
  5
99
330
17
100
AcDbEntity
  8
RASTER
 62
7
100
AcDbHatch
 10
0.0
 20
0.0
 30
0.0
210
0.0
220
0.0
230
1.0
  2
SOLID
 70
1
 71
0
 91
3
 92
3
 72
0
 73
1
 93
100
 10
9.203
 20
20.041
 10
9.92
 20
20.041
 10
9.946
 20
20.04
 10
9.972
 20
20.039
 10
9.998
 20
20.037
 10
10.024
 20
20.035
 10
10.049
 20
20.031
 10
10.075
 20
20.027
 10
10.1
 20
20.022
 10
10.126
 20
20.016
 10
10.151
 20
20.009
 10
10.175
 20
20.002
 10
10.199
 20
19.993
 10
10.222
 20
19.984
 10
10.244
 20
19.973
 10
10.265
 20
19.961
 10
10.286
 20
19.949
 10
10.307
 20
19.935
 10
10.326
 20
19.921
 10
10.344
 20
19.906
 10
10.362
 20
19.889
 10
10.378
 20
19.871
 10
10.394
 20
19.853
 10
10.409
 20
19.833
 10
10.422
 20
19.813
 10
10.435
 20
19.791
 10
10.447
 20
19.769
 10
10.457
 20
19.745
 10
10.465
 20
19.72
 10
10.472
 20
19.694
 10
10.478
 20
19.666
 10
10.482
 20
19.638
 10
10.484
 20
19.609
 10
10.485
 20
19.578
 10
10.483
 20
19.54
 10
10.479
 20
19.503
 10
10.472
 20
19.469
 10
10.462
 20
19.436
 10
10.45
 20
19.404
 10
10.435
 20
19.375
 10
10.417
 20
19.347
 10
10.396
 20
19.321
 10
10.373
 20
19.296
 10
10.349
 20
19.273
 10
10.322
 20
19.253
 10
10.294
 20
19.234
 10
10.264
 20
19.216
 10
10.233
 20
19.201
 10
10.2
 20
19.187
 10
10.165
 20
19.175
 10
10.165
 20
19.17
 10
10.207
 20
19.163
 10
10.248
 20
19.153
 10
10.287
 20
19.14
 10
10.323
 20
19.124
 10
10.358
 20
19.106
 10
10.391
 20
19.085
 10
10.422
 20
19.061
 10
10.451
 20
19.035
 10
10.477
 20
19.005
 10
10.5
 20
18.974
 10
10.519
 20
18.94
 10
10.535
 20
18.904
 10
10.547
 20
18.865
 10
10.556
 20
18.824
 10
10.561
 20
18.781
 10
10.563
 20
18.736
 10
10.562
 20
18.699
 10
10.559
 20
18.663
 10
10.554
 20
18.629
 10
10.548
 20
18.597
 10
10.539
 20
18.566
 10
10.529
 20
18.536
 10
10.517
 20
18.509
 10
10.503
 20
18.482
 10
10.487
 20
18.457
 10
10.471
 20
18.433
 10
10.453
 20
18.411
 10
10.434
 20
18.389
 10
10.413
 20
18.369
 10
10.392
 20
18.351
 10
10.369
 20
18.333
 10
10.346
 20
18.317
 10
10.321
 20
18.302
 10
10.295
 20
18.288
 10
10.268
 20
18.275
 10
10.241
 20
18.263
 10
10.212
 20
18.253
 10
10.183
 20
18.243
 10
10.153
 20
18.235
 10
10.122
 20
18.227
 10
10.09
 20
18.221
 10
10.059
 20
18.215
 10
10.027
 20
18.211
 10
9.995
 20
18.207
 10
9.963
 20
18.204
 10
9.931
 20
18.202
 10
9.898
 20
18.2
 10
9.866
 20
18.2
 10
9.203
 20
18.2
 97
0
 92
3
 72
0
 73
1
 93
35
 10
9.53
 20
19.292
 10
9.822
 20
19.292
 10
9.861
 20
19.293
 10
9.899
 20
19.296
 10
9.933
 20
19.301
 10
9.966
 20
19.308
 10
9.996
 20
19.317
 10
10.023
 20
19.329
 10
10.049
 20
19.342
 10
10.071
 20
19.357
 10
10.091
 20
19.374
 10
10.109
 20
19.393
 10
10.123
 20
19.413
 10
10.136
 20
19.436
 10
10.145
 20
19.46
 10
10.152
 20
19.485
 10
10.156
 20
19.513
 10
10.157
 20
19.542
 10
10.156
 20
19.572
 10
10.151
 20
19.599
 10
10.145
 20
19.625
 10
10.135
 20
19.648
 10
10.122
 20
19.669
 10
10.107
 20
19.688
 10
10.089
 20
19.704
 10
10.069
 20
19.718
 10
10.045
 20
19.731
 10
10.018
 20
19.741
 10
9.988
 20
19.75
 10
9.956
 20
19.757
 10
9.92
 20
19.763
 10
9.88
 20
19.767
 10
9.838
 20
19.77
 10
9.793
 20
19.77
 10
9.53
 20
19.77
 97
0
 92
3
 72
0
 73
1
 93
51
 10
9.53
 20
18.476
 10
9.824
 20
18.476
 10
9.84
 20
18.476
 10
9.856
 20
18.476
 10
9.872
 20
18.477
 10
9.889
 20
18.478
 10
9.906
 20
18.479
 10
9.924
 20
18.481
 10
9.941
 20
18.483
 10
9.959
 20
18.485
 10
9.977
 20
18.487
 10
9.995
 20
18.49
 10
10.012
 20
18.494
 10
10.029
 20
18.499
 10
10.046
 20
18.504
 10
10.062
 20
18.509
 10
10.078
 20
18.516
 10
10.093
 20
18.522
 10
10.108
 20
18.53
 10
10.123
 20
18.538
 10
10.136
 20
18.548
 10
10.149
 20
18.557
 10
10.162
 20
18.568
 10
10.173
 20
18.58
 10
10.184
 20
18.592
 10
10.195
 20
18.606
 10
10.204
 20
18.62
 10
10.212
 20
18.635
 10
10.219
 20
18.652
 10
10.225
 20
18.669
 10
10.229
 20
18.688
 10
10.232
 20
18.708
 10
10.234
 20
18.729
 10
10.235
 20
18.751
 10
10.233
 20
18.786
 10
10.229
 20
18.818
 10
10.221
 20
18.848
 10
10.21
 20
18.875
 10
10.196
 20
18.899
 10
10.179
 20
18.92
 10
10.159
 20
18.938
 10
10.136
 20
18.954
 10
10.11
 20
18.967
 10
10.08
 20
18.979
 10
10.048
 20
18.989
 10
10.012
 20
18.997
 10
9.973
 20
19.003
 10
9.931
 20
19.008
 10
9.886
 20
19.01
 10
9.837
 20
19.011
 10
9.53
 20
19.011
 97
0
 75
0
 76
1
 98
0
  0
HATCH
  5
9A
330
17
100
AcDbEntity
  8
RASTER
 62
7
100
AcDbHatch
 10
0.0
 20
0.0
 30
0.0
210
0.0
220
0.0
230
1.0
  2
SOLID
 70
1
 71
0
 91
2
 92
3
 72
0
 73
1
 93
166
 10
11.644
 20
18.359
 10
11.636
 20
18.359
 10
11.624
 20
18.338
 10
11.609
 20
18.319
 10
11.593
 20
18.3
 10
11.575
 20
18.283
 10
11.556
 20
18.266
 10
11.534
 20
18.251
 10
11.511
 20
18.236
 10
11.486
 20
18.222
 10
11.459
 20
18.21
 10
11.432
 20
18.199
 10
11.404
 20
18.19
 10
11.374
 20
18.182
 10
11.344
 20
18.176
 10
11.314
 20
18.172
 10
11.282
 20
18.17
 10
11.249
 20
18.169
 10
11.23
 20
18.169
 10
11.211
 20
18.17
 10
11.192
 20
18.172
 10
11.172
 20
18.174
 10
11.152
 20
18.176
 10
11.132
 20
18.18
 10
11.112
 20
18.184
 10
11.092
 20
18.188
 10
11.071
 20
18.194
 10
11.052
 20
18.2
 10
11.032
 20
18.207
 10
11.013
 20
18.214
 10
10.994
 20
18.223
 10
10.976
 20
18.232
 10
10.958
 20
18.242
 10
10.941
 20
18.253
 10
10.924
 20
18.265
 10
10.908
 20
18.278
 10
10.893
 20
18.291
 10
10.878
 20
18.306
 10
10.864
 20
18.321
 10
10.851
 20
18.338
 10
10.838
 20
18.355
 10
10.827
 20
18.373
 10
10.816
 20
18.392
 10
10.807
 20
18.412
 10
10.799
 20
18.433
 10
10.792
 20
18.456
 10
10.787
 20
18.479
 10
10.784
 20
18.504
 10
10.782
 20
18.529
 10
10.781
 20
18.556
 10
10.782
 20
18.59
 10
10.786
 20
18.623
 10
10.792
 20
18.653
 10
10.801
 20
18.682
 10
10.812
 20
18.709
 10
10.826
 20
18.735
 10
10.842
 20
18.758
 10
10.86
 20
18.78
 10
10.881
 20
18.8
 10
10.903
 20
18.819
 10
10.926
 20
18.837
 10
10.951
 20
18.853
 10
10.977
 20
18.869
 10
11.005
 20
18.883
 10
11.034
 20
18.896
 10
11.064
 20
18.907
 10
11.096
 20
18.918
 10
11.129
 20
18.927
 10
11.162
 20
18.936
 10
11.196
 20
18.944
 10
11.231
 20
18.951
 10
11.267
 20
18.957
 10
11.304
 20
18.962
 10
11.341
 20
18.966
 10
11.379
 20
18.969
 10
11.417
 20
18.972
 10
11.454
 20
18.974
 10
11.492
 20
18.976
 10
11.529
 20
18.978
 10
11.566
 20
18.979
 10
11.602
 20
18.98
 10
11.639
 20
18.98
 10
11.639
 20
19.011
 10
11.638
 20
19.039
 10
11.634
 20
19.066
 10
11.627
 20
19.09
 10
11.618
 20
19.113
 10
11.606
 20
19.134
 10
11.591
 20
19.152
 10
11.574
 20
19.169
 10
11.555
 20
19.184
 10
11.533
 20
19.197
 10
11.51
 20
19.209
 10
11.487
 20
19.218
 10
11.462
 20
19.226
 10
11.436
 20
19.232
 10
11.409
 20
19.237
 10
11.382
 20
19.239
 10
11.353
 20
19.24
 10
11.328
 20
19.239
 10
11.304
 20
19.237
 10
11.28
 20
19.234
 10
11.256
 20
19.23
 10
11.233
 20
19.224
 10
11.209
 20
19.217
 10
11.186
 20
19.208
 10
11.163
 20
19.198
 10
11.141
 20
19.188
 10
11.12
 20
19.176
 10
11.099
 20
19.165
 10
11.08
 20
19.152
 10
11.062
 20
19.139
 10
11.044
 20
19.126
 10
11.028
 20
19.112
 10
11.012
 20
19.097
 10
10.851
 20
19.287
 10
10.878
 20
19.311
 10
10.907
 20
19.333
 10
10.936
 20
19.354
 10
10.966
 20
19.373
 10
10.997
 20
19.391
 10
11.029
 20
19.407
 10
11.063
 20
19.422
 10
11.097
 20
19.435
 10
11.132
 20
19.447
 10
11.167
 20
19.457
 10
11.202
 20
19.465
 10
11.237
 20
19.472
 10
11.272
 20
19.477
 10
11.308
 20
19.481
 10
11.343
 20
19.484
 10
11.379
 20
19.484
 10
11.42
 20
19.484
 10
11.459
 20
19.481
 10
11.496
 20
19.478
 10
11.531
 20
19.473
 10
11.564
 20
19.466
 10
11.596
 20
19.458
 10
11.625
 20
19.449
 10
11.653
 20
19.438
 10
11.68
 20
19.425
 10
11.704
 20
19.412
 10
11.728
 20
19.398
 10
11.75
 20
19.384
 10
11.77
 20
19.368
 10
11.79
 20
19.351
 10
11.807
 20
19.334
 10
11.824
 20
19.315
 10
11.839
 20
19.296
 10
11.852
 20
19.277
 10
11.865
 20
19.256
 10
11.877
 20
19.235
 10
11.887
 20
19.214
 10
11.896
 20
19.192
 10
11.904
 20
19.17
 10
11.911
 20
19.146
 10
11.916
 20
19.123
 10
11.922
 20
19.1
 10
11.926
 20
19.076
 10
11.929
 20
19.053
 10
11.932
 20
19.029
 10
11.934
 20
19.006
 10
11.935
 20
18.983
 10
11.935
 20
18.959
 10
11.935
 20
18.2
 10
11.644
 20
18.2
 97
0
 92
3
 72
0
 73
1
 93
82
 10
11.639
 20
18.769
 10
11.569
 20
18.769
 10
11.55
 20
18.769
 10
11.531
 20
18.769
 10
11.511
 20
18.768
 10
11.491
 20
18.768
 10
11.472
 20
18.767
 10
11.451
 20
18.766
 10
11.431
 20
18.764
 10
11.41
 20
18.763
 10
11.39
 20
18.761
 10
11.369
 20
18.759
 10
11.35
 20
18.756
 10
11.33
 20
18.753
 10
11.311
 20
18.749
 10
11.293
 20
18.744
 10
11.275
 20
18.74
 10
11.257
 20
18.734
 10
11.24
 20
18.728
 10
11.223
 20
18.722
 10
11.207
 20
18.715
 10
11.192
 20
18.708
 10
11.178
 20
18.7
 10
11.165
 20
18.691
 10
11.152
 20
18.682
 10
11.14
 20
18.672
 10
11.129
 20
18.661
 10
11.119
 20
18.65
 10
11.111
 20
18.637
 10
11.105
 20
18.624
 10
11.1
 20
18.61
 10
11.096
 20
18.595
 10
11.094
 20
18.578
 10
11.093
 20
18.561
 10
11.093
 20
18.551
 10
11.094
 20
18.54
 10
11.096
 20
18.53
 10
11.098
 20
18.521
 10
11.101
 20
18.512
 10
11.104
 20
18.503
 10
11.108
 20
18.495
 10
11.113
 20
18.487
 10
11.118
 20
18.48
 10
11.123
 20
18.473
 10
11.129
 20
18.467
 10
11.135
 20
18.46
 10
11.141
 20
18.454
 10
11.148
 20
18.449
 10
11.156
 20
18.444
 10
11.163
 20
18.439
 10
11.171
 20
18.435
 10
11.179
 20
18.431
 10
11.188
 20
18.427
 10
11.196
 20
18.424
 10
11.205
 20
18.421
 10
11.214
 20
18.418
 10
11.224
 20
18.415
 10
11.233
 20
18.413
 10
11.243
 20
18.411
 10
11.253
 20
18.41
 10
11.263
 20
18.408
 10
11.272
 20
18.407
 10
11.282
 20
18.406
 10
11.292
 20
18.406
 10
11.302
 20
18.406
 10
11.311
 20
18.405
 10
11.35
 20
18.407
 10
11.387
 20
18.411
 10
11.421
 20
18.417
 10
11.453
 20
18.427
 10
11.482
 20
18.439
 10
11.509
 20
18.454
 10
11.534
 20
18.471
 10
11.556
 20
18.491
 10
11.575
 20
18.514
 10
11.592
 20
18.538
 10
11.606
 20
18.564
 10
11.618
 20
18.593
 10
11.627
 20
18.623
 10
11.634
 20
18.655
 10
11.638
 20
18.689
 10
11.639
 20
18.725
 97
0
 75
0
 76
1
 98
0
  0
HATCH
  5
9B
330
17
100
AcDbEntity
  8
RASTER
 62
7
100
AcDbHatch
 10
0.0
 20
0.0
 30
0.0
210
0.0
220
0.0
230
1.0
  2
SOLID
 70
1
 71
0
 91
1
 92
3
 72
0
 73
1
 93
92
 10
12.12
 20
19.198
 10
12.12
 20
19.448
 10
12.338
 20
19.448
 10
12.338
 20
19.809
 10
12.645
 20
19.809
 10
12.645
 20
19.448
 10
12.957
 20
19.448
 10
12.957
 20
19.198
 10
12.645
 20
19.198
 10
12.645
 20
18.619
 10
12.646
 20
18.598
 10
12.647
 20
18.579
 10
12.649
 20
18.56
 10
12.653
 20
18.543
 10
12.657
 20
18.526
 10
12.662
 20
18.51
 10
12.668
 20
18.495
 10
12.675
 20
18.481
 10
12.684
 20
18.468
 10
12.695
 20
18.457
 10
12.708
 20
18.448
 10
12.724
 20
18.44
 10
12.741
 20
18.434
 10
12.762
 20
18.43
 10
12.784
 20
18.427
 10
12.809
 20
18.426
 10
12.817
 20
18.426
 10
12.825
 20
18.427
 10
12.833
 20
18.427
 10
12.841
 20
18.428
 10
12.85
 20
18.429
 10
12.859
 20
18.43
 10
12.868
 20
18.431
 10
12.877
 20
18.433
 10
12.886
 20
18.434
 10
12.894
 20
18.436
 10
12.903
 20
18.438
 10
12.911
 20
18.441
 10
12.919
 20
18.443
 10
12.927
 20
18.446
 10
12.934
 20
18.449
 10
12.942
 20
18.452
 10
12.952
 20
18.208
 10
12.941
 20
18.204
 10
12.93
 20
18.2
 10
12.919
 20
18.197
 10
12.907
 20
18.194
 10
12.894
 20
18.191
 10
12.881
 20
18.188
 10
12.867
 20
18.185
 10
12.853
 20
18.183
 10
12.839
 20
18.181
 10
12.825
 20
18.179
 10
12.811
 20
18.178
 10
12.797
 20
18.176
 10
12.784
 20
18.175
 10
12.77
 20
18.175
 10
12.757
 20
18.174
 10
12.744
 20
18.174
 10
12.714
 20
18.175
 10
12.685
 20
18.176
 10
12.657
 20
18.179
 10
12.631
 20
18.183
 10
12.606
 20
18.188
 10
12.583
 20
18.194
 10
12.561
 20
18.201
 10
12.541
 20
18.209
 10
12.522
 20
18.218
 10
12.504
 20
18.228
 10
12.487
 20
18.239
 10
12.471
 20
18.251
 10
12.456
 20
18.263
 10
12.442
 20
18.276
 10
12.43
 20
18.29
 10
12.418
 20
18.305
 10
12.407
 20
18.321
 10
12.397
 20
18.337
 10
12.388
 20
18.354
 10
12.379
 20
18.371
 10
12.372
 20
18.389
 10
12.366
 20
18.407
 10
12.36
 20
18.426
 10
12.355
 20
18.446
 10
12.351
 20
18.466
 10
12.348
 20
18.486
 10
12.345
 20
18.507
 10
12.343
 20
18.528
 10
12.341
 20
18.549
 10
12.339
 20
18.571
 10
12.339
 20
18.593
 10
12.338
 20
18.616
 10
12.338
 20
19.198
 97
0
 75
0
 76
1
 98
0
  0
HATCH
  5
9C
330
17
100
AcDbEntity
  8
RASTER
 62
7
100
AcDbHatch
 10
0.0
 20
0.0
 30
0.0
210
0.0
220
0.0
230
1.0
  2
SOLID
 70
1
 71
0
 91
1
 92
3
 72
0
 73
1
 93
92
 10
13.004
 20
19.198
 10
13.004
 20
19.448
 10
13.222
 20
19.448
 10
13.222
 20
19.809
 10
13.529
 20
19.809
 10
13.529
 20
19.448
 10
13.841
 20
19.448
 10
13.841
 20
19.198
 10
13.529
 20
19.198
 10
13.529
 20
18.619
 10
13.53
 20
18.598
 10
13.531
 20
18.579
 10
13.533
 20
18.56
 10
13.537
 20
18.543
 10
13.541
 20
18.526
 10
13.546
 20
18.51
 10
13.552
 20
18.495
 10
13.559
 20
18.481
 10
13.568
 20
18.468
 10
13.579
 20
18.457
 10
13.592
 20
18.448
 10
13.608
 20
18.44
 10
13.625
 20
18.434
 10
13.646
 20
18.43
 10
13.668
 20
18.427
 10
13.693
 20
18.426
 10
13.701
 20
18.426
 10
13.709
 20
18.427
 10
13.717
 20
18.427
 10
13.725
 20
18.428
 10
13.734
 20
18.429
 10
13.743
 20
18.43
 10
13.752
 20
18.431
 10
13.761
 20
18.433
 10
13.77
 20
18.434
 10
13.778
 20
18.436
 10
13.787
 20
18.438
 10
13.795
 20
18.441
 10
13.803
 20
18.443
 10
13.811
 20
18.446
 10
13.818
 20
18.449
 10
13.826
 20
18.452
 10
13.836
 20
18.208
 10
13.825
 20
18.204
 10
13.814
 20
18.2
 10
13.803
 20
18.197
 10
13.791
 20
18.194
 10
13.778
 20
18.191
 10
13.765
 20
18.188
 10
13.751
 20
18.185
 10
13.737
 20
18.183
 10
13.723
 20
18.181
 10
13.709
 20
18.179
 10
13.695
 20
18.178
 10
13.681
 20
18.176
 10
13.668
 20
18.175
 10
13.654
 20
18.175
 10
13.641
 20
18.174
 10
13.628
 20
18.174
 10
13.598
 20
18.175
 10
13.569
 20
18.176
 10
13.541
 20
18.179
 10
13.515
 20
18.183
 10
13.49
 20
18.188
 10
13.467
 20
18.194
 10
13.445
 20
18.201
 10
13.425
 20
18.209
 10
13.406
 20
18.218
 10
13.388
 20
18.228
 10
13.371
 20
18.239
 10
13.355
 20
18.251
 10
13.34
 20
18.263
 10
13.326
 20
18.276
 10
13.314
 20
18.29
 10
13.302
 20
18.305
 10
13.291
 20
18.321
 10
13.281
 20
18.337
 10
13.272
 20
18.354
 10
13.263
 20
18.371
 10
13.256
 20
18.389
 10
13.25
 20
18.407
 10
13.244
 20
18.426
 10
13.239
 20
18.446
 10
13.235
 20
18.466
 10
13.232
 20
18.486
 10
13.229
 20
18.507
 10
13.227
 20
18.528
 10
13.225
 20
18.549
 10
13.223
 20
18.571
 10
13.223
 20
18.593
 10
13.222
 20
18.616
 10
13.222
 20
19.198
 97
0
 75
0
 76
1
 98
0
  0
HATCH
  5
9D
330
17
100
AcDbEntity
  8
RASTER
 62
7
100
AcDbHatch
 10
0.0
 20
0.0
 30
0.0
210
0.0
220
0.0
230
1.0
  2
SOLID
 70
1
 71
0
 91
1
 92
3
 72
0
 73
1
 93
4
 10
14.073
 20
20.166
 10
14.385
 20
20.166
 10
14.385
 20
18.2
 10
14.073
 20
18.2
 97
0
 75
0
 76
1
 98
0
  0
HATCH
  5
9E
330
17
100
AcDbEntity
  8
RASTER
 62
7
100
AcDbHatch
 10
0.0
 20
0.0
 30
0.0
210
0.0
220
0.0
230
1.0
  2
SOLID
 70
1
 71
0
 91
2
 92
3
 72
0
 73
1
 93
49
 10
15.643
 20
18.949
 10
15.643
 20
18.964
 10
15.642
 20
18.978
 10
15.641
 20
18.993
 10
15.639
 20
19.007
 10
15.636
 20
19.022
 10
15.633
 20
19.036
 10
15.63
 20
19.049
 10
15.626
 20
19.063
 10
15.622
 20
19.077
 10
15.616
 20
19.09
 10
15.611
 20
19.102
 10
15.604
 20
19.115
 10
15.597
 20
19.126
 10
15.59
 20
19.138
 10
15.582
 20
19.149
 10
15.573
 20
19.159
 10
15.563
 20
19.17
 10
15.553
 20
19.179
 10
15.543
 20
19.188
 10
15.532
 20
19.197
 10
15.52
 20
19.205
 10
15.507
 20
19.212
 10
15.494
 20
19.219
 10
15.48
 20
19.226
 10
15.466
 20
19.231
 10
15.451
 20
19.237
 10
15.436
 20
19.241
 10
15.42
 20
19.244
 10
15.403
 20
19.247
 10
15.386
 20
19.249
 10
15.368
 20
19.25
 10
15.349
 20
19.25
 10
15.315
 20
19.249
 10
15.282
 20
19.245
 10
15.25
 20
19.239
 10
15.22
 20
19.229
 10
15.19
 20
19.217
 10
15.163
 20
19.203
 10
15.136
 20
19.186
 10
15.111
 20
19.166
 10
15.088
 20
19.144
 10
15.068
 20
19.121
 10
15.05
 20
19.096
 10
15.036
 20
19.069
 10
15.023
 20
19.041
 10
15.014
 20
19.012
 10
15.007
 20
18.981
 10
15.003
 20
18.949
 97
0
 92
3
 72
0
 73
1
 93
171
 10
15.955
 20
18.808
 10
15.955
 20
18.803
 10
15.955
 20
18.798
 10
15.955
 20
18.793
 10
15.955
 20
18.788
 10
15.955
 20
18.782
 10
15.955
 20
18.777
 10
15.955
 20
18.772
 10
15.955
 20
18.767
 10
15.955
 20
18.762
 10
15.955
 20
18.756
 10
15.955
 20
18.751
 10
15.954
 20
18.746
 10
15.954
 20
18.741
 10
15.954
 20
18.736
 10
15.953
 20
18.73
 10
15.952
 20
18.725
 10
15.003
 20
18.725
 10
15.005
 20
18.708
 10
15.008
 20
18.692
 10
15.011
 20
18.676
 10
15.015
 20
18.661
 10
15.02
 20
18.645
 10
15.025
 20
18.63
 10
15.031
 20
18.616
 10
15.038
 20
18.602
 10
15.046
 20
18.588
 10
15.055
 20
18.575
 10
15.064
 20
18.562
 10
15.073
 20
18.55
 10
15.083
 20
18.538
 10
15.094
 20
18.527
 10
15.106
 20
18.516
 10
15.118
 20
18.505
 10
15.13
 20
18.496
 10
15.143
 20
18.486
 10
15.157
 20
18.478
 10
15.17
 20
18.469
 10
15.185
 20
18.462
 10
15.199
 20
18.455
 10
15.214
 20
18.448
 10
15.23
 20
18.442
 10
15.245
 20
18.436
 10
15.261
 20
18.432
 10
15.277
 20
18.428
 10
15.293
 20
18.424
 10
15.31
 20
18.422
 10
15.326
 20
18.42
 10
15.343
 20
18.419
 10
15.36
 20
18.418
 10
15.388
 20
18.419
 10
15.416
 20
18.421
 10
15.442
 20
18.424
 10
15.467
 20
18.429
 10
15.492
 20
18.435
 10
15.515
 20
18.443
 10
15.536
 20
18.451
 10
15.557
 20
18.461
 10
15.577
 20
18.473
 10
15.596
 20
18.485
 10
15.614
 20
18.498
 10
15.631
 20
18.512
 10
15.647
 20
18.528
 10
15.662
 20
18.544
 10
15.676
 20
18.561
 10
15.69
 20
18.58
 10
15.898
 20
18.413
 10
15.849
 20
18.355
 10
15.795
 20
18.304
 10
15.736
 20
18.261
 10
15.672
 20
18.226
 10
15.602
 20
18.199
 10
15.527
 20
18.179
 10
15.447
 20
18.167
 10
15.362
 20
18.164
 10
15.326
 20
18.164
 10
15.291
 20
18.166
 10
15.256
 20
18.17
 10
15.222
 20
18.175
 10
15.189
 20
18.181
 10
15.157
 20
18.189
 10
15.125
 20
18.198
 10
15.094
 20
18.209
 10
15.064
 20
18.221
 10
15.035
 20
18.234
 10
15.007
 20
18.249
 10
14.98
 20
18.264
 10
14.954
 20
18.281
 10
14.929
 20
18.299
 10
14.905
 20
18.318
 10
14.882
 20
18.338
 10
14.861
 20
18.359
 10
14.84
 20
18.382
 10
14.821
 20
18.406
 10
14.803
 20
18.43
 10
14.786
 20
18.457
 10
14.77
 20
18.484
 10
14.755
 20
18.512
 10
14.742
 20
18.542
 10
14.73
 20
18.573
 10
14.72
 20
18.604
 10
14.711
 20
18.637
 10
14.704
 20
18.671
 10
14.699
 20
18.706
 10
14.695
 20
18.742
 10
14.692
 20
18.778
 10
14.691
 20
18.816
 10
14.692
 20
18.853
 10
14.695
 20
18.89
 10
14.699
 20
18.925
 10
14.704
 20
18.96
 10
14.711
 20
18.994
 10
14.72
 20
19.027
 10
14.73
 20
19.059
 10
14.742
 20
19.091
 10
14.755
 20
19.121
 10
14.77
 20
19.15
 10
14.785
 20
19.178
 10
14.802
 20
19.205
 10
14.82
 20
19.231
 10
14.839
 20
19.255
 10
14.86
 20
19.279
 10
14.881
 20
19.301
 10
14.904
 20
19.322
 10
14.927
 20
19.342
 10
14.952
 20
19.361
 10
14.978
 20
19.378
 10
15.004
 20
19.395
 10
15.032
 20
19.41
 10
15.061
 20
19.424
 10
15.09
 20
19.436
 10
15.121
 20
19.448
 10
15.152
 20
19.457
 10
15.184
 20
19.466
 10
15.216
 20
19.472
 10
15.249
 20
19.478
 10
15.283
 20
19.481
 10
15.317
 20
19.484
 10
15.352
 20
19.484
 10
15.384
 20
19.484
 10
15.416
 20
19.482
 10
15.447
 20
19.478
 10
15.477
 20
19.474
 10
15.507
 20
19.468
 10
15.536
 20
19.46
 10
15.564
 20
19.452
 10
15.592
 20
19.441
 10
15.619
 20
19.43
 10
15.646
 20
19.417
 10
15.671
 20
19.403
 10
15.695
 20
19.388
 10
15.719
 20
19.372
 10
15.741
 20
19.354
 10
15.763
 20
19.335
 10
15.783
 20
19.314
 10
15.803
 20
19.292
 10
15.822
 20
19.269
 10
15.839
 20
19.245
 10
15.855
 20
19.219
 10
15.87
 20
19.192
 10
15.885
 20
19.164
 10
15.898
 20
19.134
 10
15.909
 20
19.104
 10
15.92
 20
19.071
 10
15.929
 20
19.038
 10
15.937
 20
19.003
 10
15.944
 20
18.967
 10
15.949
 20
18.929
 10
15.952
 20
18.89
 10
15.954
 20
18.85
 10
15.955
 20
18.808
 97
0
 75
0
 76
1
 98
0
  0
HATCH
  5
9F
330
17
100
AcDbEntity
  8
RASTER
 62
7
100
AcDbHatch
 10
0.0
 20
0.0
 30
0.0
210
0.0
220
0.0
230
1.0
  2
SOLID
 70
1
 71
0
 91
2
 92
3
 72
0
 73
1
 93
103
 10
17.78
 20
17.576
 10
17.603
 20
17.576
 10
17.603
 20
19.417
 10
17.78
 20
19.417
 10
17.78
 20
19.206
 10
17.788
 20
19.206
 10
17.808
 20
19.235
 10
17.829
 20
19.262
 10
17.852
 20
19.288
 10
17.876
 20
19.311
 10
17.902
 20
19.333
 10
17.93
 20
19.353
 10
17.959
 20
19.371
 10
17.99
 20
19.387
 10
18.021
 20
19.401
 10
18.053
 20
19.414
 10
18.085
 20
19.424
 10
18.117
 20
19.433
 10
18.149
 20
19.439
 10
18.181
 20
19.444
 10
18.213
 20
19.447
 10
18.246
 20
19.448
 10
18.281
 20
19.447
 10
18.315
 20
19.445
 10
18.349
 20
19.441
 10
18.382
 20
19.436
 10
18.414
 20
19.429
 10
18.445
 20
19.42
 10
18.475
 20
19.41
 10
18.504
 20
19.399
 10
18.533
 20
19.386
 10
18.56
 20
19.372
 10
18.586
 20
19.356
 10
18.612
 20
19.34
 10
18.636
 20
19.323
 10
18.659
 20
19.304
 10
18.681
 20
19.284
 10
18.702
 20
19.263
 10
18.722
 20
19.241
 10
18.741
 20
19.219
 10
18.758
 20
19.195
 10
18.775
 20
19.17
 10
18.79
 20
19.144
 10
18.804
 20
19.117
 10
18.817
 20
19.089
 10
18.829
 20
19.061
 10
18.84
 20
19.031
 10
18.849
 20
19.001
 10
18.857
 20
18.97
 10
18.863
 20
18.939
 10
18.868
 20
18.907
 10
18.872
 20
18.875
 10
18.874
 20
18.842
 10
18.875
 20
18.808
 10
18.874
 20
18.775
 10
18.872
 20
18.742
 10
18.868
 20
18.71
 10
18.863
 20
18.678
 10
18.857
 20
18.647
 10
18.849
 20
18.616
 10
18.84
 20
18.586
 10
18.829
 20
18.556
 10
18.817
 20
18.527
 10
18.804
 20
18.5
 10
18.79
 20
18.473
 10
18.775
 20
18.447
 10
18.758
 20
18.422
 10
18.741
 20
18.398
 10
18.722
 20
18.375
 10
18.702
 20
18.353
 10
18.681
 20
18.333
 10
18.659
 20
18.313
 10
18.636
 20
18.294
 10
18.612
 20
18.277
 10
18.586
 20
18.26
 10
18.56
 20
18.245
 10
18.533
 20
18.231
 10
18.504
 20
18.218
 10
18.475
 20
18.207
 10
18.445
 20
18.197
 10
18.414
 20
18.188
 10
18.382
 20
18.181
 10
18.349
 20
18.176
 10
18.315
 20
18.172
 10
18.281
 20
18.17
 10
18.246
 20
18.169
 10
18.213
 20
18.17
 10
18.181
 20
18.173
 10
18.149
 20
18.177
 10
18.117
 20
18.184
 10
18.085
 20
18.193
 10
18.053
 20
18.203
 10
18.021
 20
18.216
 10
17.99
 20
18.23
 10
17.959
 20
18.246
 10
17.93
 20
18.264
 10
17.902
 20
18.283
 10
17.876
 20
18.304
 10
17.852
 20
18.327
 10
17.829
 20
18.352
 10
17.808
 20
18.378
 10
17.788
 20
18.405
 10
17.78
 20
18.405
 97
0
 92
3
 72
0
 73
1
 93
129
 10
18.688
 20
18.808
 10
18.687
 20
18.834
 10
18.686
 20
18.858
 10
18.683
 20
18.883
 10
18.68
 20
18.907
 10
18.675
 20
18.931
 10
18.67
 20
18.954
 10
18.664
 20
18.977
 10
18.656
 20
18.999
 10
18.648
 20
19.022
 10
18.639
 20
19.043
 10
18.629
 20
19.063
 10
18.618
 20
19.083
 10
18.607
 20
19.102
 10
18.594
 20
19.121
 10
18.581
 20
19.139
 10
18.567
 20
19.156
 10
18.552
 20
19.172
 10
18.536
 20
19.187
 10
18.519
 20
19.201
 10
18.501
 20
19.215
 10
18.483
 20
19.228
 10
18.464
 20
19.24
 10
18.443
 20
19.251
 10
18.422
 20
19.261
 10
18.401
 20
19.27
 10
18.378
 20
19.278
 10
18.355
 20
19.285
 10
18.331
 20
19.29
 10
18.306
 20
19.294
 10
18.281
 20
19.297
 10
18.254
 20
19.299
 10
18.227
 20
19.3
 10
18.202
 20
19.299
 10
18.178
 20
19.297
 10
18.154
 20
19.294
 10
18.13
 20
19.29
 10
18.107
 20
19.285
 10
18.084
 20
19.279
 10
18.062
 20
19.271
 10
18.04
 20
19.262
 10
18.019
 20
19.252
 10
17.999
 20
19.241
 10
17.979
 20
19.23
 10
17.96
 20
19.217
 10
17.942
 20
19.204
 10
17.925
 20
19.189
 10
17.908
 20
19.174
 10
17.892
 20
19.158
 10
17.877
 20
19.141
 10
17.863
 20
19.123
 10
17.849
 20
19.105
 10
17.836
 20
19.086
 10
17.825
 20
19.066
 10
17.814
 20
19.045
 10
17.804
 20
19.024
 10
17.795
 20
19.002
 10
17.786
 20
18.979
 10
17.779
 20
18.956
 10
17.773
 20
18.933
 10
17.768
 20
18.909
 10
17.764
 20
18.884
 10
17.762
 20
18.86
 10
17.76
 20
18.834
 10
17.759
 20
18.808
 10
17.76
 20
18.783
 10
17.762
 20
18.757
 10
17.764
 20
18.732
 10
17.768
 20
18.708
 10
17.773
 20
18.684
 10
17.779
 20
18.66
 10
17.786
 20
18.637
 10
17.795
 20
18.615
 10
17.804
 20
18.593
 10
17.814
 20
18.571
 10
17.825
 20
18.551
 10
17.836
 20
18.531
 10
17.849
 20
18.512
 10
17.863
 20
18.494
 10
17.877
 20
18.477
 10
17.892
 20
18.46
 10
17.908
 20
18.444
 10
17.925
 20
18.429
 10
17.942
 20
18.415
 10
17.96
 20
18.402
 10
17.979
 20
18.389
 10
17.999
 20
18.378
 10
18.019
 20
18.367
 10
18.04
 20
18.357
 10
18.062
 20
18.348
 10
18.084
 20
18.341
 10
18.107
 20
18.334
 10
18.13
 20
18.329
 10
18.154
 20
18.325
 10
18.178
 20
18.322
 10
18.202
 20
18.32
 10
18.227
 20
18.32
 10
18.254
 20
18.32
 10
18.281
 20
18.322
 10
18.306
 20
18.325
 10
18.331
 20
18.329
 10
18.355
 20
18.334
 10
18.378
 20
18.341
 10
18.401
 20
18.348
 10
18.422
 20
18.357
 10
18.443
 20
18.367
 10
18.464
 20
18.378
 10
18.483
 20
18.39
 10
18.501
 20
18.402
 10
18.519
 20
18.416
 10
18.536
 20
18.43
 10
18.552
 20
18.445
 10
18.567
 20
18.461
 10
18.581
 20
18.478
 10
18.594
 20
18.496
 10
18.607
 20
18.514
 10
18.618
 20
18.533
 10
18.629
 20
18.553
 10
18.639
 20
18.574
 10
18.648
 20
18.595
 10
18.656
 20
18.617
 10
18.664
 20
18.64
 10
18.67
 20
18.663
 10
18.675
 20
18.686
 10
18.68
 20
18.71
 10
18.683
 20
18.734
 10
18.686
 20
18.758
 10
18.687
 20
18.783
 10
18.688
 20
18.808
 97
0
 75
0
 76
1
 98
0
  0
HATCH
  5
A0
330
17
100
AcDbEntity
  8
RASTER
 62
7
100
AcDbHatch
 10
0.0
 20
0.0
 30
0.0
210
0.0
220
0.0
230
1.0
  2
SOLID
 70
1
 71
0
 91
2
 92
3
 72
0
 73
1
 93
129
 10
20.463
 20
18.808
 10
20.463
 20
18.774
 10
20.46
 20
18.741
 10
20.457
 20
18.708
 10
20.451
 20
18.676
 10
20.445
 20
18.644
 10
20.436
 20
18.613
 10
20.427
 20
18.583
 10
20.415
 20
18.554
 10
20.403
 20
18.525
 10
20.389
 20
18.497
 10
20.374
 20
18.47
 10
20.358
 20
18.444
 10
20.34
 20
18.42
 10
20.322
 20
18.396
 10
20.302
 20
18.373
 10
20.281
 20
18.351
 10
20.259
 20
18.33
 10
20.236
 20
18.31
 10
20.212
 20
18.292
 10
20.187
 20
18.274
 10
20.161
 20
18.258
 10
20.134
 20
18.243
 10
20.105
 20
18.23
 10
20.076
 20
18.217
 10
20.046
 20
18.206
 10
20.015
 20
18.196
 10
19.983
 20
18.188
 10
19.951
 20
18.181
 10
19.917
 20
18.176
 10
19.883
 20
18.172
 10
19.849
 20
18.17
 10
19.813
 20
18.169
 10
19.779
 20
18.17
 10
19.745
 20
18.172
 10
19.711
 20
18.176
 10
19.678
 20
18.181
 10
19.646
 20
18.188
 10
19.615
 20
18.196
 10
19.584
 20
18.206
 10
19.553
 20
18.217
 10
19.524
 20
18.23
 10
19.496
 20
18.243
 10
19.468
 20
18.258
 10
19.442
 20
18.274
 10
19.417
 20
18.292
 10
19.393
 20
18.31
 10
19.37
 20
18.33
 10
19.348
 20
18.351
 10
19.327
 20
18.373
 10
19.307
 20
18.396
 10
19.289
 20
18.42
 10
19.272
 20
18.444
 10
19.255
 20
18.47
 10
19.241
 20
18.497
 10
19.227
 20
18.525
 10
19.214
 20
18.554
 10
19.203
 20
18.583
 10
19.193
 20
18.613
 10
19.185
 20
18.644
 10
19.178
 20
18.676
 10
19.173
 20
18.708
 10
19.169
 20
18.741
 10
19.167
 20
18.774
 10
19.166
 20
18.808
 10
19.167
 20
18.843
 10
19.169
 20
18.876
 10
19.173
 20
18.909
 10
19.178
 20
18.941
 10
19.185
 20
18.973
 10
19.193
 20
19.003
 10
19.203
 20
19.034
 10
19.214
 20
19.063
 10
19.227
 20
19.092
 10
19.241
 20
19.12
 10
19.255
 20
19.147
 10
19.272
 20
19.172
 10
19.289
 20
19.197
 10
19.307
 20
19.221
 10
19.327
 20
19.244
 10
19.348
 20
19.266
 10
19.37
 20
19.287
 10
19.393
 20
19.307
 10
19.417
 20
19.325
 10
19.442
 20
19.342
 10
19.468
 20
19.359
 10
19.496
 20
19.373
 10
19.524
 20
19.387
 10
19.553
 20
19.4
 10
19.584
 20
19.411
 10
19.615
 20
19.421
 10
19.646
 20
19.429
 10
19.678
 20
19.436
 10
19.711
 20
19.441
 10
19.744
 20
19.445
 10
19.779
 20
19.447
 10
19.813
 20
19.448
 10
19.849
 20
19.447
 10
19.883
 20
19.445
 10
19.917
 20
19.441
 10
19.951
 20
19.436
 10
19.983
 20
19.429
 10
20.015
 20
19.421
 10
20.046
 20
19.411
 10
20.076
 20
19.4
 10
20.105
 20
19.387
 10
20.134
 20
19.373
 10
20.161
 20
19.359
 10
20.187
 20
19.342
 10
20.212
 20
19.325
 10
20.236
 20
19.307
 10
20.259
 20
19.287
 10
20.281
 20
19.266
 10
20.302
 20
19.244
 10
20.322
 20
19.221
 10
20.34
 20
19.197
 10
20.358
 20
19.172
 10
20.374
 20
19.147
 10
20.389
 20
19.12
 10
20.403
 20
19.092
 10
20.415
 20
19.063
 10
20.427
 20
19.034
 10
20.436
 20
19.003
 10
20.445
 20
18.973
 10
20.451
 20
18.941
 10
20.457
 20
18.909
 10
20.46
 20
18.876
 10
20.463
 20
18.843
 10
20.463
 20
18.808
 97
0
 92
3
 72
0
 73
1
 93
129
 10
20.276
 20
18.808
 10
20.276
 20
18.834
 10
20.274
 20
18.858
 10
20.272
 20
18.883
 10
20.268
 20
18.907
 10
20.264
 20
18.931
 10
20.258
 20
18.954
 10
20.251
 20
18.977
 10
20.244
 20
18.999
 10
20.235
 20
19.022
 10
20.226
 20
19.043
 10
20.215
 20
19.063
 10
20.204
 20
19.083
 10
20.192
 20
19.102
 10
20.18
 20
19.121
 10
20.166
 20
19.139
 10
20.151
 20
19.156
 10
20.136
 20
19.172
 10
20.12
 20
19.187
 10
20.103
 20
19.201
 10
20.085
 20
19.215
 10
20.066
 20
19.228
 10
20.047
 20
19.24
 10
20.027
 20
19.251
 10
20.006
 20
19.261
 10
19.984
 20
19.27
 10
19.962
 20
19.278
 10
19.939
 20
19.285
 10
19.915
 20
19.29
 10
19.89
 20
19.294
 10
19.865
 20
19.297
 10
19.84
 20
19.299
 10
19.813
 20
19.3
 10
19.787
 20
19.299
 10
19.761
 20
19.297
 10
19.737
 20
19.294
 10
19.712
 20
19.29
 10
19.689
 20
19.285
 10
19.666
 20
19.278
 10
19.644
 20
19.27
 10
19.622
 20
19.261
 10
19.602
 20
19.251
 10
19.582
 20
19.24
 10
19.562
 20
19.228
 10
19.544
 20
19.215
 10
19.526
 20
19.201
 10
19.509
 20
19.187
 10
19.493
 20
19.172
 10
19.478
 20
19.156
 10
19.463
 20
19.139
 10
19.45
 20
19.121
 10
19.437
 20
19.102
 10
19.425
 20
19.083
 10
19.414
 20
19.063
 10
19.404
 20
19.043
 10
19.394
 20
19.022
 10
19.386
 20
18.999
 10
19.378
 20
18.977
 10
19.371
 20
18.954
 10
19.366
 20
18.931
 10
19.361
 20
18.907
 10
19.358
 20
18.883
 10
19.355
 20
18.858
 10
19.354
 20
18.834
 10
19.353
 20
18.808
 10
19.354
 20
18.783
 10
19.355
 20
18.758
 10
19.358
 20
18.734
 10
19.361
 20
18.71
 10
19.366
 20
18.686
 10
19.371
 20
18.663
 10
19.378
 20
18.64
 10
19.386
 20
18.617
 10
19.394
 20
18.595
 10
19.404
 20
18.574
 10
19.414
 20
18.553
 10
19.425
 20
18.533
 10
19.437
 20
18.514
 10
19.45
 20
18.496
 10
19.463
 20
18.478
 10
19.478
 20
18.461
 10
19.493
 20
18.445
 10
19.509
 20
18.43
 10
19.526
 20
18.416
 10
19.544
 20
18.402
 10
19.562
 20
18.39
 10
19.582
 20
18.378
 10
19.602
 20
18.367
 10
19.622
 20
18.357
 10
19.644
 20
18.348
 10
19.666
 20
18.341
 10
19.689
 20
18.334
 10
19.712
 20
18.329
 10
19.737
 20
18.325
 10
19.761
 20
18.322
 10
19.787
 20
18.32
 10
19.813
 20
18.32
 10
19.84
 20
18.32
 10
19.865
 20
18.322
 10
19.89
 20
18.325
 10
19.915
 20
18.329
 10
19.939
 20
18.334
 10
19.962
 20
18.341
 10
19.984
 20
18.348
 10
20.006
 20
18.357
 10
20.027
 20
18.367
 10
20.047
 20
18.378
 10
20.066
 20
18.39
 10
20.085
 20
18.402
 10
20.103
 20
18.416
 10
20.12
 20
18.43
 10
20.136
 20
18.445
 10
20.151
 20
18.461
 10
20.166
 20
18.478
 10
20.18
 20
18.496
 10
20.192
 20
18.514
 10
20.204
 20
18.533
 10
20.215
 20
18.553
 10
20.226
 20
18.574
 10
20.235
 20
18.595
 10
20.244
 20
18.617
 10
20.251
 20
18.64
 10
20.258
 20
18.663
 10
20.264
 20
18.686
 10
20.268
 20
18.71
 10
20.272
 20
18.734
 10
20.274
 20
18.758
 10
20.276
 20
18.783
 10
20.276
 20
18.808
 97
0
 75
0
 76
1
 98
0
  0
HATCH
  5
A1
330
17
100
AcDbEntity
  8
RASTER
 62
7
100
AcDbHatch
 10
0.0
 20
0.0
 30
0.0
210
0.0
220
0.0
230
1.0
  2
SOLID
 70
1
 71
0
 91
1
 92
3
 72
0
 73
1
 93
16
 10
20.866
 20
19.417
 10
21.16
 20
18.429
 10
21.165
 20
18.429
 10
21.493
 20
19.417
 10
21.665
 20
19.417
 10
21.997
 20
18.429
 10
22.003
 20
18.429
 10
22.294
 20
19.417
 10
22.481
 20
19.417
 10
22.096
 20
18.2
 10
21.904
 20
18.2
 10
21.579
 20
19.185
 10
21.574
 20
19.185
 10
21.254
 20
18.2
 10
21.061
 20
18.2
 10
20.677
 20
19.417
 97
0
 75
0
 76
1
 98
0
  0
HATCH
  5
A2
330
17
100
AcDbEntity
  8
RASTER
 62
7
100
AcDbHatch
 10
0.0
 20
0.0
 30
0.0
210
0.0
220
0.0
230
1.0
  2
SOLID
 70
1
 71
0
 91
2
 92
3
 72
0
 73
1
 93
103
 10
23.784
 20
18.405
 10
23.763
 20
18.377
 10
23.742
 20
18.35
 10
23.719
 20
18.326
 10
23.694
 20
18.303
 10
23.668
 20
18.281
 10
23.64
 20
18.262
 10
23.611
 20
18.244
 10
23.581
 20
18.229
 10
23.549
 20
18.215
 10
23.518
 20
18.202
 10
23.486
 20
18.192
 10
23.454
 20
18.184
 10
23.422
 20
18.177
 10
23.389
 20
18.173
 10
23.356
 20
18.17
 10
23.323
 20
18.169
 10
23.288
 20
18.17
 10
23.254
 20
18.172
 10
23.22
 20
18.176
 10
23.187
 20
18.181
 10
23.155
 20
18.188
 10
23.124
 20
18.197
 10
23.094
 20
18.207
 10
23.065
 20
18.218
 10
23.036
 20
18.231
 10
23.009
 20
18.245
 10
22.983
 20
18.26
 10
22.957
 20
18.277
 10
22.933
 20
18.294
 10
22.91
 20
18.313
 10
22.888
 20
18.333
 10
22.867
 20
18.353
 10
22.847
 20
18.375
 10
22.828
 20
18.398
 10
22.811
 20
18.422
 10
22.794
 20
18.447
 10
22.779
 20
18.473
 10
22.765
 20
18.5
 10
22.752
 20
18.527
 10
22.74
 20
18.556
 10
22.729
 20
18.586
 10
22.72
 20
18.616
 10
22.712
 20
18.647
 10
22.706
 20
18.678
 10
22.701
 20
18.71
 10
22.697
 20
18.742
 10
22.695
 20
18.775
 10
22.694
 20
18.808
 10
22.695
 20
18.842
 10
22.697
 20
18.875
 10
22.701
 20
18.907
 10
22.706
 20
18.939
 10
22.712
 20
18.97
 10
22.72
 20
19.001
 10
22.729
 20
19.031
 10
22.74
 20
19.061
 10
22.752
 20
19.089
 10
22.765
 20
19.117
 10
22.779
 20
19.144
 10
22.794
 20
19.17
 10
22.811
 20
19.195
 10
22.828
 20
19.219
 10
22.847
 20
19.241
 10
22.867
 20
19.263
 10
22.888
 20
19.284
 10
22.91
 20
19.304
 10
22.933
 20
19.323
 10
22.957
 20
19.34
 10
22.983
 20
19.356
 10
23.009
 20
19.372
 10
23.036
 20
19.386
 10
23.065
 20
19.399
 10
23.094
 20
19.41
 10
23.124
 20
19.42
 10
23.155
 20
19.429
 10
23.187
 20
19.436
 10
23.22
 20
19.441
 10
23.254
 20
19.445
 10
23.288
 20
19.447
 10
23.323
 20
19.448
 10
23.356
 20
19.447
 10
23.389
 20
19.444
 10
23.422
 20
19.439
 10
23.454
 20
19.433
 10
23.486
 20
19.424
 10
23.518
 20
19.414
 10
23.549
 20
19.401
 10
23.581
 20
19.387
 10
23.611
 20
19.371
 10
23.64
 20
19.353
 10
23.668
 20
19.333
 10
23.694
 20
19.311
 10
23.719
 20
19.288
 10
23.742
 20
19.262
 10
23.763
 20
19.235
 10
23.784
 20
19.206
 10
23.789
 20
19.206
 10
23.789
 20
20.166
 10
23.966
 20
20.166
 10
23.966
 20
18.2
 10
23.789
 20
18.2
 10
23.789
 20
18.405
 97
0
 92
3
 72
0
 73
1
 93
129
 10
22.881
 20
18.808
 10
22.882
 20
18.783
 10
22.883
 20
18.758
 10
22.886
 20
18.734
 10
22.889
 20
18.71
 10
22.894
 20
18.686
 10
22.899
 20
18.663
 10
22.905
 20
18.64
 10
22.913
 20
18.617
 10
22.921
 20
18.595
 10
22.93
 20
18.574
 10
22.94
 20
18.553
 10
22.951
 20
18.533
 10
22.962
 20
18.514
 10
22.975
 20
18.496
 10
22.988
 20
18.478
 10
23.002
 20
18.461
 10
23.017
 20
18.445
 10
23.033
 20
18.43
 10
23.05
 20
18.416
 10
23.068
 20
18.402
 10
23.086
 20
18.39
 10
23.105
 20
18.378
 10
23.126
 20
18.367
 10
23.147
 20
18.357
 10
23.168
 20
18.348
 10
23.191
 20
18.341
 10
23.214
 20
18.334
 10
23.238
 20
18.329
 10
23.263
 20
18.325
 10
23.288
 20
18.322
 10
23.315
 20
18.32
 10
23.342
 20
18.32
 10
23.367
 20
18.32
 10
23.391
 20
18.322
 10
23.415
 20
18.325
 10
23.439
 20
18.329
 10
23.462
 20
18.334
 10
23.485
 20
18.341
 10
23.507
 20
18.348
 10
23.529
 20
18.357
 10
23.55
 20
18.367
 10
23.57
 20
18.378
 10
23.59
 20
18.389
 10
23.609
 20
18.402
 10
23.627
 20
18.415
 10
23.644
 20
18.429
 10
23.661
 20
18.444
 10
23.677
 20
18.46
 10
23.692
 20
18.477
 10
23.706
 20
18.494
 10
23.72
 20
18.512
 10
23.733
 20
18.531
 10
23.744
 20
18.551
 10
23.755
 20
18.571
 10
23.765
 20
18.593
 10
23.775
 20
18.615
 10
23.783
 20
18.637
 10
23.79
 20
18.66
 10
23.796
 20
18.684
 10
23.801
 20
18.708
 10
23.805
 20
18.732
 10
23.807
 20
18.757
 10
23.809
 20
18.783
 10
23.81
 20
18.808
 10
23.809
 20
18.834
 10
23.807
 20
18.86
 10
23.805
 20
18.884
 10
23.801
 20
18.909
 10
23.796
 20
18.933
 10
23.79
 20
18.956
 10
23.783
 20
18.979
 10
23.775
 20
19.002
 10
23.765
 20
19.024
 10
23.755
 20
19.045
 10
23.744
 20
19.066
 10
23.733
 20
19.086
 10
23.72
 20
19.105
 10
23.706
 20
19.123
 10
23.692
 20
19.141
 10
23.677
 20
19.158
 10
23.661
 20
19.174
 10
23.644
 20
19.189
 10
23.627
 20
19.204
 10
23.609
 20
19.217
 10
23.59
 20
19.23
 10
23.57
 20
19.241
 10
23.55
 20
19.252
 10
23.529
 20
19.262
 10
23.507
 20
19.271
 10
23.485
 20
19.279
 10
23.462
 20
19.285
 10
23.439
 20
19.29
 10
23.415
 20
19.294
 10
23.391
 20
19.297
 10
23.367
 20
19.299
 10
23.342
 20
19.3
 10
23.315
 20
19.299
 10
23.288
 20
19.297
 10
23.263
 20
19.294
 10
23.238
 20
19.29
 10
23.214
 20
19.285
 10
23.191
 20
19.278
 10
23.168
 20
19.27
 10
23.147
 20
19.261
 10
23.126
 20
19.251
 10
23.105
 20
19.24
 10
23.086
 20
19.228
 10
23.068
 20
19.215
 10
23.05
 20
19.201
 10
23.033
 20
19.187
 10
23.017
 20
19.172
 10
23.002
 20
19.156
 10
22.988
 20
19.139
 10
22.975
 20
19.121
 10
22.962
 20
19.102
 10
22.951
 20
19.083
 10
22.94
 20
19.063
 10
22.93
 20
19.043
 10
22.921
 20
19.022
 10
22.913
 20
18.999
 10
22.905
 20
18.977
 10
22.899
 20
18.954
 10
22.894
 20
18.931
 10
22.889
 20
18.907
 10
22.886
 20
18.883
 10
22.883
 20
18.858
 10
22.882
 20
18.834
 10
22.881
 20
18.808
 97
0
 75
0
 76
1
 98
0
  0
HATCH
  5
A3
330
17
100
AcDbEntity
  8
RASTER
 62
7
100
AcDbHatch
 10
0.0
 20
0.0
 30
0.0
210
0.0
220
0.0
230
1.0
  2
SOLID
 70
1
 71
0
 91
2
 92
3
 72
0
 73
1
 93
49
 10
25.367
 20
18.902
 10
25.364
 20
18.944
 10
25.357
 20
18.984
 10
25.348
 20
19.022
 10
25.335
 20
19.059
 10
25.32
 20
19.094
 10
25.302
 20
19.126
 10
25.281
 20
19.158
 10
25.257
 20
19.187
 10
25.229
 20
19.213
 10
25.2
 20
19.236
 10
25.167
 20
19.256
 10
25.132
 20
19.272
 10
25.094
 20
19.284
 10
25.053
 20
19.293
 10
25.01
 20
19.298
 10
24.964
 20
19.3
 10
24.942
 20
19.299
 10
24.921
 20
19.298
 10
24.9
 20
19.295
 10
24.879
 20
19.292
 10
24.859
 20
19.287
 10
24.839
 20
19.282
 10
24.819
 20
19.275
 10
24.8
 20
19.267
 10
24.782
 20
19.259
 10
24.764
 20
19.25
 10
24.746
 20
19.24
 10
24.729
 20
19.229
 10
24.713
 20
19.218
 10
24.697
 20
19.205
 10
24.682
 20
19.193
 10
24.668
 20
19.179
 10
24.654
 20
19.165
 10
24.64
 20
19.15
 10
24.628
 20
19.135
 10
24.616
 20
19.119
 10
24.605
 20
19.103
 10
24.595
 20
19.086
 10
24.585
 20
19.069
 10
24.577
 20
19.052
 10
24.569
 20
19.034
 10
24.561
 20
19.015
 10
24.555
 20
18.997
 10
24.55
 20
18.978
 10
24.546
 20
18.96
 10
24.542
 20
18.941
 10
24.539
 20
18.921
 10
24.538
 20
18.902
 97
0
 92
3
 72
0
 73
1
 93
179
 10
25.546
 20
18.845
 10
25.546
 20
18.84
 10
25.546
 20
18.836
 10
25.546
 20
18.831
 10
25.546
 20
18.826
 10
25.546
 20
18.821
 10
25.546
 20
18.816
 10
25.546
 20
18.811
 10
25.546
 20
18.806
 10
25.546
 20
18.801
 10
25.546
 20
18.795
 10
25.546
 20
18.79
 10
25.546
 20
18.784
 10
25.545
 20
18.779
 10
25.545
 20
18.773
 10
25.544
 20
18.767
 10
25.544
 20
18.762
 10
24.535
 20
18.762
 10
24.536
 20
18.739
 10
24.538
 20
18.717
 10
24.541
 20
18.695
 10
24.545
 20
18.673
 10
24.55
 20
18.652
 10
24.556
 20
18.631
 10
24.563
 20
18.61
 10
24.571
 20
18.59
 10
24.58
 20
18.57
 10
24.59
 20
18.551
 10
24.6
 20
18.532
 10
24.612
 20
18.515
 10
24.624
 20
18.497
 10
24.637
 20
18.481
 10
24.65
 20
18.465
 10
24.665
 20
18.45
 10
24.68
 20
18.435
 10
24.696
 20
18.421
 10
24.713
 20
18.408
 10
24.73
 20
18.396
 10
24.748
 20
18.384
 10
24.766
 20
18.374
 10
24.786
 20
18.364
 10
24.805
 20
18.355
 10
24.826
 20
18.346
 10
24.847
 20
18.339
 10
24.868
 20
18.333
 10
24.889
 20
18.328
 10
24.911
 20
18.325
 10
24.934
 20
18.322
 10
24.956
 20
18.32
 10
24.98
 20
18.32
 10
25.013
 20
18.321
 10
25.046
 20
18.324
 10
25.078
 20
18.329
 10
25.108
 20
18.336
 10
25.137
 20
18.344
 10
25.165
 20
18.355
 10
25.192
 20
18.368
 10
25.217
 20
18.383
 10
25.242
 20
18.4
 10
25.265
 20
18.416
 10
25.286
 20
18.434
 10
25.306
 20
18.452
 10
25.324
 20
18.471
 10
25.341
 20
18.49
 10
25.356
 20
18.51
 10
25.37
 20
18.53
 10
25.502
 20
18.426
 10
25.475
 20
18.393
 10
25.446
 20
18.362
 10
25.417
 20
18.334
 10
25.387
 20
18.308
 10
25.357
 20
18.284
 10
25.326
 20
18.263
 10
25.294
 20
18.245
 10
25.262
 20
18.229
 10
25.229
 20
18.215
 10
25.195
 20
18.202
 10
25.16
 20
18.192
 10
25.126
 20
18.184
 10
25.09
 20
18.177
 10
25.054
 20
18.173
 10
25.017
 20
18.17
 10
24.98
 20
18.169
 10
24.946
 20
18.17
 10
24.913
 20
18.172
 10
24.881
 20
18.176
 10
24.849
 20
18.181
 10
24.818
 20
18.188
 10
24.788
 20
18.196
 10
24.758
 20
18.206
 10
24.729
 20
18.217
 10
24.7
 20
18.23
 10
24.673
 20
18.243
 10
24.646
 20
18.258
 10
24.621
 20
18.274
 10
24.597
 20
18.292
 10
24.573
 20
18.31
 10
24.551
 20
18.33
 10
24.53
 20
18.351
 10
24.51
 20
18.373
 10
24.49
 20
18.396
 10
24.472
 20
18.42
 10
24.455
 20
18.444
 10
24.44
 20
18.47
 10
24.425
 20
18.497
 10
24.411
 20
18.525
 10
24.399
 20
18.554
 10
24.387
 20
18.583
 10
24.377
 20
18.613
 10
24.369
 20
18.644
 10
24.362
 20
18.676
 10
24.357
 20
18.708
 10
24.353
 20
18.741
 10
24.351
 20
18.774
 10
24.35
 20
18.808
 10
24.351
 20
18.843
 10
24.353
 20
18.876
 10
24.357
 20
18.909
 10
24.362
 20
18.941
 10
24.369
 20
18.973
 10
24.377
 20
19.003
 10
24.386
 20
19.034
 10
24.397
 20
19.063
 10
24.409
 20
19.092
 10
24.423
 20
19.12
 10
24.437
 20
19.147
 10
24.453
 20
19.172
 10
24.47
 20
19.197
 10
24.488
 20
19.221
 10
24.507
 20
19.244
 10
24.527
 20
19.266
 10
24.548
 20
19.287
 10
24.571
 20
19.307
 10
24.594
 20
19.325
 10
24.618
 20
19.342
 10
24.642
 20
19.359
 10
24.668
 20
19.373
 10
24.695
 20
19.387
 10
24.722
 20
19.4
 10
24.75
 20
19.411
 10
24.779
 20
19.421
 10
24.809
 20
19.429
 10
24.839
 20
19.436
 10
24.869
 20
19.441
 10
24.9
 20
19.445
 10
24.932
 20
19.447
 10
24.964
 20
19.448
 10
24.999
 20
19.447
 10
25.033
 20
19.445
 10
25.066
 20
19.441
 10
25.099
 20
19.436
 10
25.13
 20
19.429
 10
25.159
 20
19.421
 10
25.188
 20
19.411
 10
25.216
 20
19.4
 10
25.243
 20
19.387
 10
25.269
 20
19.374
 10
25.293
 20
19.359
 10
25.316
 20
19.343
 10
25.338
 20
19.327
 10
25.36
 20
19.309
 10
25.379
 20
19.29
 10
25.398
 20
19.27
 10
25.416
 20
19.249
 10
25.432
 20
19.227
 10
25.448
 20
19.205
 10
25.462
 20
19.181
 10
25.475
 20
19.157
 10
25.488
 20
19.132
 10
25.499
 20
19.106
 10
25.509
 20
19.079
 10
25.518
 20
19.051
 10
25.525
 20
19.023
 10
25.532
 20
18.995
 10
25.537
 20
18.966
 10
25.541
 20
18.936
 10
25.544
 20
18.906
 10
25.546
 20
18.876
 10
25.546
 20
18.845
 97
0
 75
0
 76
1
 98
0
  0
HATCH
  5
A4
330
17
100
AcDbEntity
  8
RASTER
 62
7
100
AcDbHatch
 10
0.0
 20
0.0
 30
0.0
210
0.0
220
0.0
230
1.0
  2
SOLID
 70
1
 71
0
 91
1
 92
3
 72
0
 73
1
 93
119
 10
25.926
 20
19.149
 10
25.926
 20
19.162
 10
25.926
 20
19.175
 10
25.926
 20
19.19
 10
25.925
 20
19.206
 10
25.925
 20
19.222
 10
25.925
 20
19.239
 10
25.924
 20
19.257
 10
25.923
 20
19.276
 10
25.923
 20
19.296
 10
25.922
 20
19.314
 10
25.921
 20
19.333
 10
25.92
 20
19.351
 10
25.919
 20
19.368
 10
25.918
 20
19.385
 10
25.917
 20
19.401
 10
25.916
 20
19.417
 10
26.085
 20
19.417
 10
26.086
 20
19.404
 10
26.087
 20
19.391
 10
26.088
 20
19.378
 10
26.089
 20
19.365
 10
26.09
 20
19.351
 10
26.091
 20
19.337
 10
26.092
 20
19.322
 10
26.092
 20
19.308
 10
26.093
 20
19.293
 10
26.094
 20
19.279
 10
26.094
 20
19.266
 10
26.094
 20
19.253
 10
26.095
 20
19.241
 10
26.095
 20
19.23
 10
26.095
 20
19.219
 10
26.095
 20
19.209
 10
26.1
 20
19.209
 10
26.114
 20
19.235
 10
26.129
 20
19.26
 10
26.147
 20
19.283
 10
26.165
 20
19.305
 10
26.186
 20
19.326
 10
26.207
 20
19.346
 10
26.231
 20
19.364
 10
26.256
 20
19.382
 10
26.283
 20
19.397
 10
26.31
 20
19.411
 10
26.338
 20
19.422
 10
26.367
 20
19.431
 10
26.396
 20
19.439
 10
26.427
 20
19.444
 10
26.458
 20
19.447
 10
26.49
 20
19.448
 10
26.499
 20
19.448
 10
26.507
 20
19.448
 10
26.515
 20
19.448
 10
26.522
 20
19.447
 10
26.53
 20
19.447
 10
26.537
 20
19.447
 10
26.544
 20
19.446
 10
26.551
 20
19.445
 10
26.558
 20
19.445
 10
26.565
 20
19.444
 10
26.572
 20
19.443
 10
26.579
 20
19.441
 10
26.586
 20
19.44
 10
26.593
 20
19.439
 10
26.6
 20
19.437
 10
26.607
 20
19.435
 10
26.584
 20
19.269
 10
26.58
 20
19.27
 10
26.575
 20
19.271
 10
26.569
 20
19.273
 10
26.563
 20
19.274
 10
26.556
 20
19.275
 10
26.549
 20
19.276
 10
26.541
 20
19.278
 10
26.532
 20
19.279
 10
26.523
 20
19.28
 10
26.514
 20
19.281
 10
26.505
 20
19.282
 10
26.495
 20
19.283
 10
26.486
 20
19.283
 10
26.477
 20
19.284
 10
26.468
 20
19.284
 10
26.459
 20
19.284
 10
26.442
 20
19.284
 10
26.424
 20
19.283
 10
26.407
 20
19.281
 10
26.39
 20
19.278
 10
26.373
 20
19.274
 10
26.357
 20
19.27
 10
26.34
 20
19.264
 10
26.324
 20
19.258
 10
26.308
 20
19.251
 10
26.292
 20
19.243
 10
26.277
 20
19.234
 10
26.263
 20
19.225
 10
26.249
 20
19.214
 10
26.236
 20
19.202
 10
26.223
 20
19.19
 10
26.211
 20
19.176
 10
26.199
 20
19.162
 10
26.188
 20
19.146
 10
26.177
 20
19.13
 10
26.167
 20
19.113
 10
26.158
 20
19.094
 10
26.149
 20
19.075
 10
26.14
 20
19.055
 10
26.133
 20
19.033
 10
26.126
 20
19.011
 10
26.12
 20
18.988
 10
26.114
 20
18.963
 10
26.11
 20
18.937
 10
26.107
 20
18.911
 10
26.105
 20
18.883
 10
26.103
 20
18.854
 10
26.103
 20
18.824
 10
26.103
 20
18.2
 10
25.926
 20
18.2
 10
25.926
 20
19.149
 97
0
 75
0
 76
1
 98
0
  0
HATCH
  5
A5
330
17
100
AcDbEntity
  8
RASTER
 62
7
100
AcDbHatch
 10
0.0
 20
0.0
 30
0.0
210
0.0
220
0.0
230
1.0
  2
SOLID
 70
1
 71
0
 91
1
 92
3
 72
0
 73
1
 93
183
 10
28.588
 20
18.2
 10
27.411
 20
18.2
 10
27.411
 20
18.395
 10
28.165
 20
19.157
 10
28.175
 20
19.167
 10
28.185
 20
19.178
 10
28.196
 20
19.189
 10
28.206
 20
19.2
 10
28.216
 20
19.211
 10
28.226
 20
19.223
 10
28.236
 20
19.235
 10
28.246
 20
19.246
 10
28.256
 20
19.259
 10
28.266
 20
19.271
 10
28.275
 20
19.283
 10
28.285
 20
19.296
 10
28.293
 20
19.308
 10
28.302
 20
19.321
 10
28.31
 20
19.334
 10
28.318
 20
19.347
 10
28.326
 20
19.36
 10
28.333
 20
19.373
 10
28.34
 20
19.387
 10
28.346
 20
19.4
 10
28.352
 20
19.414
 10
28.357
 20
19.428
 10
28.363
 20
19.443
 10
28.367
 20
19.457
 10
28.372
 20
19.472
 10
28.375
 20
19.487
 10
28.378
 20
19.502
 10
28.381
 20
19.517
 10
28.383
 20
19.532
 10
28.384
 20
19.547
 10
28.385
 20
19.562
 10
28.386
 20
19.578
 10
28.385
 20
19.598
 10
28.384
 20
19.617
 10
28.382
 20
19.636
 10
28.378
 20
19.655
 10
28.374
 20
19.673
 10
28.37
 20
19.69
 10
28.364
 20
19.707
 10
28.357
 20
19.724
 10
28.35
 20
19.74
 10
28.341
 20
19.755
 10
28.332
 20
19.77
 10
28.323
 20
19.784
 10
28.313
 20
19.797
 10
28.302
 20
19.81
 10
28.29
 20
19.822
 10
28.278
 20
19.834
 10
28.265
 20
19.845
 10
28.251
 20
19.856
 10
28.237
 20
19.865
 10
28.223
 20
19.874
 10
28.208
 20
19.883
 10
28.193
 20
19.891
 10
28.177
 20
19.898
 10
28.161
 20
19.904
 10
28.144
 20
19.91
 10
28.127
 20
19.915
 10
28.11
 20
19.919
 10
28.093
 20
19.923
 10
28.075
 20
19.926
 10
28.058
 20
19.927
 10
28.04
 20
19.929
 10
28.022
 20
19.929
 10
27.985
 20
19.928
 10
27.95
 20
19.923
 10
27.917
 20
19.916
 10
27.885
 20
19.906
 10
27.855
 20
19.893
 10
27.826
 20
19.877
 10
27.798
 20
19.858
 10
27.772
 20
19.837
 10
27.748
 20
19.813
 10
27.726
 20
19.787
 10
27.706
 20
19.76
 10
27.689
 20
19.732
 10
27.674
 20
19.702
 10
27.661
 20
19.67
 10
27.65
 20
19.636
 10
27.642
 20
19.601
 10
27.457
 20
19.638
 10
27.462
 20
19.662
 10
27.469
 20
19.685
 10
27.476
 20
19.708
 10
27.484
 20
19.731
 10
27.493
 20
19.753
 10
27.503
 20
19.775
 10
27.514
 20
19.796
 10
27.526
 20
19.817
 10
27.539
 20
19.838
 10
27.553
 20
19.857
 10
27.568
 20
19.876
 10
27.583
 20
19.895
 10
27.599
 20
19.912
 10
27.616
 20
19.929
 10
27.633
 20
19.945
 10
27.651
 20
19.96
 10
27.67
 20
19.975
 10
27.689
 20
19.988
 10
27.709
 20
20.001
 10
27.73
 20
20.014
 10
27.751
 20
20.025
 10
27.773
 20
20.035
 10
27.796
 20
20.045
 10
27.819
 20
20.054
 10
27.842
 20
20.062
 10
27.867
 20
20.069
 10
27.891
 20
20.074
 10
27.916
 20
20.079
 10
27.942
 20
20.083
 10
27.968
 20
20.085
 10
27.995
 20
20.087
 10
28.022
 20
20.088
 10
28.049
 20
20.087
 10
28.077
 20
20.086
 10
28.104
 20
20.083
 10
28.13
 20
20.079
 10
28.157
 20
20.075
 10
28.183
 20
20.069
 10
28.208
 20
20.063
 10
28.234
 20
20.055
 10
28.258
 20
20.046
 10
28.282
 20
20.037
 10
28.305
 20
20.026
 10
28.327
 20
20.015
 10
28.349
 20
20.002
 10
28.37
 20
19.989
 10
28.39
 20
19.974
 10
28.409
 20
19.959
 10
28.427
 20
19.942
 10
28.445
 20
19.925
 10
28.461
 20
19.907
 10
28.477
 20
19.887
 10
28.492
 20
19.867
 10
28.505
 20
19.846
 10
28.518
 20
19.824
 10
28.53
 20
19.8
 10
28.541
 20
19.776
 10
28.55
 20
19.751
 10
28.558
 20
19.725
 10
28.564
 20
19.698
 10
28.569
 20
19.67
 10
28.573
 20
19.641
 10
28.575
 20
19.611
 10
28.575
 20
19.581
 10
28.575
 20
19.559
 10
28.574
 20
19.537
 10
28.572
 20
19.516
 10
28.569
 20
19.495
 10
28.566
 20
19.475
 10
28.562
 20
19.455
 10
28.556
 20
19.436
 10
28.551
 20
19.417
 10
28.544
 20
19.398
 10
28.537
 20
19.38
 10
28.53
 20
19.361
 10
28.522
 20
19.343
 10
28.514
 20
19.326
 10
28.505
 20
19.308
 10
28.496
 20
19.291
 10
28.486
 20
19.274
 10
28.475
 20
19.257
 10
28.465
 20
19.24
 10
28.453
 20
19.224
 10
28.442
 20
19.208
 10
28.43
 20
19.192
 10
28.417
 20
19.176
 10
28.404
 20
19.16
 10
28.391
 20
19.145
 10
28.377
 20
19.13
 10
28.363
 20
19.115
 10
28.349
 20
19.099
 10
28.335
 20
19.084
 10
28.321
 20
19.069
 10
28.306
 20
19.054
 10
28.291
 20
19.039
 10
28.276
 20
19.024
 10
27.613
 20
18.366
 10
28.588
 20
18.366
 97
0
 75
0
 76
1
 98
0
  0
HATCH
  5
A6
330
17
100
AcDbEntity
  8
RASTER
 62
7
100
AcDbHatch
 10
0.0
 20
0.0
 30
0.0
210
0.0
220
0.0
230
1.0
  2
SOLID
 70
1
 71
0
 91
2
 92
3
 72
0
 73
1
 93
19
 10
30.724
 20
20.835
 10
31.389
 20
20.83
 10
32.042
 20
20.565
 10
32.474
 20
20.122
 10
32.736
 20
19.484
 10
32.784
 20
19.194
 10
32.738
 20
18.699
 10
32.469
 20
18.063
 10
32.068
 20
17.639
 10
31.419
 20
17.376
 10
30.925
 20
17.333
 10
30.586
 20
17.38
 10
30.05
 20
17.598
 10
29.558
 20
18.079
 10
29.289
 20
18.708
 10
29.313
 20
19.553
 10
29.554
 20
20.106
 10
30.046
 20
20.577
 10
30.41
 20
20.76
 97
0
 92
3
 72
0
 73
1
 93
20
 10
30.758
 20
20.535
 10
30.514
 20
20.477
 10
30.221
 20
20.329
 10
29.805
 20
19.931
 10
29.611
 20
19.486
 10
29.59
 20
18.765
 10
29.81
 20
18.252
 10
30.217
 20
17.854
 10
30.664
 20
17.672
 10
30.933
 20
17.635
 10
31.348
 20
17.671
 10
31.895
 20
17.892
 10
32.214
 20
18.229
 10
32.444
 20
18.773
 10
32.482
 20
19.183
 10
32.446
 20
19.401
 10
32.219
 20
19.954
 10
31.871
 20
20.311
 10
31.329
 20
20.53
 10
30.758
 20
20.535
 97
0
 75
0
 76
1
 98
0
  0
HATCH
  5
A7
330
17
100
AcDbEntity
  8
RASTER
 62
7
100
AcDbHatch
 10
0.0
 20
0.0
 30
0.0
210
0.0
220
0.0
230
1.0
  2
SOLID
 70
1
 71
0
 91
12
 92
3
 72
0
 73
1
 93
32
 10
30.813
 20
20.638
 10
31.25
 20
20.646
 10
31.472
 20
20.596
 10
31.801
 20
20.455
 10
32.023
 20
20.307
 10
32.196
 20
20.134
 10
32.394
 20
19.838
 10
32.534
 20
19.46
 10
32.584
 20
19.213
 10
32.584
 20
18.991
 10
32.485
 20
18.546
 10
32.245
 20
18.119
 10
31.949
 20
17.822
 10
31.571
 20
17.632
 10
31.151
 20
17.533
 10
30.904
 20
17.533
 10
30.855
 20
17.558
 10
30.608
 20
17.583
 10
30.46
 20
17.632
 10
30.106
 20
17.822
 10
29.835
 20
18.069
 10
29.711
 20
18.242
 10
29.546
 20
18.571
 10
29.472
 20
18.867
 10
29.472
 20
19.262
 10
29.521
 20
19.509
 10
29.662
 20
19.863
 10
29.835
 20
20.11
 10
29.983
 20
20.258
 10
30.181
 20
20.406
 10
30.46
 20
20.547
 10
30.682
 20
20.621
 97
0
 92
3
 72
0
 73
1
 93
37
 10
31.028
 20
20.596
 10
30.978
 20
20.571
 10
30.781
 20
20.571
 10
30.46
 20
20.473
 10
30.23
 20
20.357
 10
29.958
 20
20.159
 10
29.785
 20
19.937
 10
29.645
 20
19.658
 10
29.57
 20
19.435
 10
29.546
 20
19.139
 10
29.521
 20
19.089
 10
29.546
 20
18.818
 10
29.62
 20
18.571
 10
29.761
 20
18.292
 10
29.884
 20
18.119
 10
30.131
 20
17.896
 10
30.484
 20
17.706
 10
30.731
 20
17.632
 10
30.929
 20
17.632
 10
30.978
 20
17.607
 10
31.077
 20
17.632
 10
31.275
 20
17.632
 10
31.596
 20
17.731
 10
31.974
 20
17.946
 10
32.196
 20
18.193
 10
32.411
 20
18.595
 10
32.485
 20
18.867
 10
32.485
 20
19.015
 10
32.51
 20
19.065
 10
32.485
 20
19.336
 10
32.386
 20
19.658
 10
32.221
 20
19.986
 10
32.157
 20
20.045
 10
32.122
 20
20.11
 10
31.9
 20
20.307
 10
31.546
 20
20.497
 10
31.299
 20
20.571
 97
0
 92
3
 72
0
 73
1
 93
30
 10
30.936
 20
20.317
 10
31.052
 20
20.324
 10
31.423
 20
20.25
 10
31.702
 20
20.11
 10
31.801
 20
20.035
 10
31.998
 20
19.813
 10
32.139
 20
19.534
 10
32.213
 20
19.287
 10
32.213
 20
18.892
 10
32.139
 20
18.645
 10
31.998
 20
18.39
 10
31.751
 20
18.143
 10
31.603
 20
18.045
 10
31.25
 20
17.904
 10
31.151
 20
17.904
 10
31.102
 20
17.879
 10
30.978
 20
17.879
 10
30.929
 20
17.904
 10
30.707
 20
17.929
 10
30.558
 20
17.978
 10
30.255
 20
18.143
 10
30.106
 20
18.292
 10
29.958
 20
18.514
 10
29.817
 20
18.892
 10
29.817
 20
19.336
 10
29.867
 20
19.509
 10
30.032
 20
19.813
 10
30.304
 20
20.085
 10
30.452
 20
20.184
 10
30.756
 20
20.3
 97
0
 92
3
 72
0
 73
1
 93
35
 10
30.83
 20
20.25
 10
30.633
 20
20.201
 10
30.403
 20
20.085
 10
30.106
 20
19.813
 10
30.032
 20
19.714
 10
29.892
 20
19.386
 10
29.892
 20
19.287
 10
29.867
 20
19.238
 10
29.867
 20
18.966
 10
29.941
 20
18.694
 10
30.057
 20
18.465
 10
30.205
 20
18.267
 10
30.353
 20
18.143
 10
30.509
 20
18.052
 10
30.805
 20
17.953
 10
30.929
 20
17.953
 10
30.978
 20
17.929
 10
31.25
 20
17.953
 10
31.398
 20
18.003
 10
31.702
 20
18.168
 10
31.786
 20
18.257
 10
31.85
 20
18.292
 10
31.974
 20
18.44
 10
32.139
 20
18.768
 10
32.164
 20
19.015
 10
32.189
 20
19.065
 10
32.164
 20
19.139
 10
32.164
 20
19.287
 10
32.115
 20
19.46
 10
31.998
 20
19.714
 10
31.85
 20
19.912
 10
31.702
 20
20.035
 10
31.448
 20
20.176
 10
31.299
 20
20.226
 10
31.176
 20
20.25
 97
0
 92
3
 72
0
 73
1
 93
32
 10
30.912
 20
20.07
 10
31.127
 20
20.077
 10
31.307
 20
19.986
 10
31.356
 20
19.937
 10
31.44
 20
19.774
 10
31.514
 20
19.7
 10
31.67
 20
19.658
 10
31.719
 20
19.608
 10
31.702
 20
19.502
 10
31.603
 20
19.403
 10
31.504
 20
19.354
 10
31.522
 20
19.139
 10
31.455
 20
19.008
 10
31.307
 20
18.934
 10
31.282
 20
18.81
 10
31.201
 20
18.744
 10
31.119
 20
18.761
 10
30.855
 20
18.744
 10
30.773
 20
18.786
 10
30.739
 20
18.924
 10
30.576
 20
19.008
 10
30.534
 20
19.089
 10
30.509
 20
19.213
 10
30.534
 20
19.262
 10
30.526
 20
19.354
 10
30.428
 20
19.403
 10
30.353
 20
19.477
 10
30.311
 20
19.559
 10
30.344
 20
19.65
 10
30.541
 20
19.7
 10
30.699
 20
19.937
 10
30.773
 20
20.011
 97
0
 92
3
 72
0
 73
1
 93
21
 10
30.904
 20
20.028
 10
30.749
 20
19.937
 10
30.6
 20
19.69
 10
30.509
 20
19.633
 10
30.435
 20
19.633
 10
30.368
 20
19.601
 10
30.403
 20
19.502
 10
30.477
 20
19.428
 10
30.558
 20
19.411
 10
30.756
 20
19.485
 10
31.077
 20
19.509
 10
31.127
 20
19.485
 10
31.299
 20
19.485
 10
31.522
 20
19.411
 10
31.653
 20
19.527
 10
31.663
 20
19.601
 10
31.522
 20
19.633
 10
31.43
 20
19.69
 10
31.307
 20
19.912
 10
31.257
 20
19.961
 10
31.127
 20
20.028
 97
0
 92
3
 72
0
 73
1
 93
24
 10
30.887
 20
19.872
 10
30.922
 20
19.872
 10
30.936
 20
19.813
 10
31.01
 20
19.764
 10
31.094
 20
19.813
 10
31.109
 20
19.872
 10
31.169
 20
19.872
 10
31.193
 20
19.788
 10
31.077
 20
19.732
 10
31.193
 20
19.675
 10
31.169
 20
19.591
 10
31.119
 20
19.601
 10
31.094
 20
19.65
 10
31.028
 20
19.682
 10
30.971
 20
19.665
 10
30.922
 20
19.591
 10
30.872
 20
19.601
 10
30.838
 20
19.675
 10
30.904
 20
19.682
 10
30.954
 20
19.732
 10
30.936
 20
19.764
 10
30.904
 20
19.781
 10
30.862
 20
19.764
 10
30.83
 20
19.806
 97
0
 92
3
 72
0
 73
1
 93
23
 10
30.954
 20
19.46
 10
30.904
 20
19.435
 10
30.682
 20
19.411
 10
30.6
 20
19.369
 10
30.558
 20
19.287
 10
30.558
 20
19.164
 10
30.625
 20
19.033
 10
30.763
 20
18.973
 10
30.823
 20
18.81
 10
30.897
 20
18.801
 10
30.946
 20
18.884
 10
30.961
 20
18.801
 10
31.052
 20
18.793
 10
31.102
 20
18.892
 10
31.144
 20
18.81
 10
31.176
 20
18.793
 10
31.243
 20
18.85
 10
31.257
 20
18.959
 10
31.43
 20
19.057
 10
31.472
 20
19.139
 10
31.472
 20
19.287
 10
31.44
 20
19.378
 10
31.374
 20
19.411
 97
0
 92
3
 72
0
 73
1
 93
8
 10
31.233
 20
19.329
 10
31.332
 20
19.294
 10
31.349
 20
19.262
 10
31.349
 20
19.164
 10
31.275
 20
19.089
 10
31.193
 20
19.107
 10
31.127
 20
19.213
 10
31.169
 20
19.294
 97
0
 92
3
 72
0
 73
1
 93
8
 10
30.739
 20
19.304
 10
30.83
 20
19.312
 10
30.887
 20
19.27
 10
30.904
 20
19.188
 10
30.872
 20
19.122
 10
30.756
 20
19.089
 10
30.699
 20
19.131
 10
30.682
 20
19.238
 97
0
 92
3
 72
0
 73
1
 93
7
 10
31.01
 20
19.156
 10
31.077
 20
19.089
 10
31.077
 20
19.04
 10
31.052
 20
19.015
 10
31.02
 20
19.033
 10
30.978
 20
19.015
 10
30.954
 20
19.04
 97
0
 92
3
 72
0
 73
1
 93
35
 10
30.986
 20
18.662
 10
31.028
 20
18.67
 10
31.085
 20
18.628
 10
31.102
 20
18.571
 10
31.052
 20
18.497
 10
31.151
 20
18.447
 10
31.052
 20
18.398
 10
31.06
 20
18.183
 10
31.102
 20
18.176
 10
31.183
 20
18.218
 10
31.225
 20
18.274
 10
31.208
 20
18.341
 10
31.299
 20
18.398
 10
31.349
 20
18.274
 10
31.324
 20
18.25
 10
31.282
 20
18.267
 10
31.183
 20
18.143
 10
31.028
 20
18.052
 10
30.823
 20
18.168
 10
30.773
 20
18.242
 10
30.707
 20
18.274
 10
30.707
 20
18.324
 10
30.749
 20
18.39
 10
30.838
 20
18.331
 10
30.847
 20
18.307
 10
30.813
 20
18.282
 10
30.872
 20
18.218
 10
30.971
 20
18.183
 10
31.003
 20
18.299
 10
31.003
 20
18.398
 10
30.88
 20
18.447
 10
30.904
 20
18.472
 10
30.996
 20
18.479
 10
30.954
 20
18.546
 10
30.954
 20
18.62
 97
0
 75
0
 76
1
 98
0
  0
HATCH
  5
A8
330
17
100
AcDbEntity
  8
RASTER
 62
7
100
AcDbHatch
 10
0.0
 20
0.0
 30
0.0
210
0.0
220
0.0
230
1.0
  2
SOLID
 70
1
 71
0
 91
2
 92
3
 72
0
 73
1
 93
65
 10
33.766
 20
19.292
 10
33.766
 20
19.279
 10
33.764
 20
19.265
 10
33.761
 20
19.253
 10
33.757
 20
19.24
 10
33.751
 20
19.228
 10
33.744
 20
19.217
 10
33.737
 20
19.205
 10
33.727
 20
19.194
 10
33.717
 20
19.184
 10
33.706
 20
19.176
 10
33.695
 20
19.168
 10
33.683
 20
19.162
 10
33.67
 20
19.158
 10
33.656
 20
19.154
 10
33.641
 20
19.152
 10
33.626
 20
19.152
 10
33.611
 20
19.152
 10
33.596
 20
19.154
 10
33.582
 20
19.158
 10
33.569
 20
19.162
 10
33.557
 20
19.168
 10
33.546
 20
19.176
 10
33.535
 20
19.184
 10
33.525
 20
19.194
 10
33.515
 20
19.205
 10
33.508
 20
19.217
 10
33.501
 20
19.228
 10
33.495
 20
19.24
 10
33.491
 20
19.253
 10
33.488
 20
19.265
 10
33.486
 20
19.279
 10
33.486
 20
19.292
 10
33.486
 20
19.305
 10
33.488
 20
19.319
 10
33.491
 20
19.331
 10
33.495
 20
19.344
 10
33.501
 20
19.356
 10
33.508
 20
19.367
 10
33.515
 20
19.379
 10
33.525
 20
19.39
 10
33.535
 20
19.4
 10
33.546
 20
19.408
 10
33.557
 20
19.416
 10
33.569
 20
19.422
 10
33.582
 20
19.426
 10
33.596
 20
19.43
 10
33.611
 20
19.432
 10
33.626
 20
19.432
 10
33.641
 20
19.432
 10
33.656
 20
19.43
 10
33.67
 20
19.426
 10
33.683
 20
19.422
 10
33.695
 20
19.416
 10
33.706
 20
19.408
 10
33.717
 20
19.4
 10
33.727
 20
19.39
 10
33.737
 20
19.379
 10
33.744
 20
19.367
 10
33.751
 20
19.356
 10
33.757
 20
19.344
 10
33.761
 20
19.331
 10
33.764
 20
19.319
 10
33.766
 20
19.305
 10
33.766
 20
19.292
 97
0
 92
3
 72
0
 73
1
 93
4
 10
33.543
 20
17.836
 10
33.387
 20
17.836
 10
33.561
 20
18.447
 10
33.753
 20
18.447
 97
0
 75
0
 76
1
 98
0
  0
HATCH
  5
A9
330
17
100
AcDbEntity
  8
RASTER
 62
7
100
AcDbHatch
 10
0.0
 20
0.0
 30
0.0
210
0.0
220
0.0
230
1.0
  2
SOLID
 70
1
 71
0
 91
1
 92
3
 72
0
 73
1
 93
92
 10
35.415
 20
19.269
 10
35.129
 20
19.269
 10
35.129
 20
18.2
 10
34.952
 20
18.2
 10
34.952
 20
19.269
 10
34.697
 20
19.269
 10
34.697
 20
19.417
 10
34.952
 20
19.417
 10
34.952
 20
19.75
 10
34.954
 20
19.8
 10
34.958
 20
19.848
 10
34.966
 20
19.893
 10
34.977
 20
19.935
 10
34.992
 20
19.975
 10
35.009
 20
20.012
 10
35.03
 20
20.046
 10
35.053
 20
20.077
 10
35.08
 20
20.105
 10
35.111
 20
20.13
 10
35.145
 20
20.15
 10
35.182
 20
20.167
 10
35.223
 20
20.18
 10
35.267
 20
20.189
 10
35.314
 20
20.195
 10
35.365
 20
20.197
 10
35.374
 20
20.197
 10
35.383
 20
20.197
 10
35.391
 20
20.196
 10
35.401
 20
20.196
 10
35.41
 20
20.195
 10
35.419
 20
20.195
 10
35.429
 20
20.194
 10
35.438
 20
20.193
 10
35.448
 20
20.192
 10
35.457
 20
20.191
 10
35.467
 20
20.189
 10
35.476
 20
20.187
 10
35.485
 20
20.185
 10
35.494
 20
20.183
 10
35.502
 20
20.181
 10
35.511
 20
20.179
 10
35.48
 20
20.023
 10
35.473
 20
20.025
 10
35.466
 20
20.026
 10
35.458
 20
20.028
 10
35.451
 20
20.03
 10
35.444
 20
20.031
 10
35.437
 20
20.033
 10
35.43
 20
20.034
 10
35.423
 20
20.036
 10
35.415
 20
20.037
 10
35.408
 20
20.038
 10
35.4
 20
20.039
 10
35.392
 20
20.04
 10
35.384
 20
20.04
 10
35.375
 20
20.04
 10
35.367
 20
20.041
 10
35.358
 20
20.041
 10
35.34
 20
20.04
 10
35.324
 20
20.039
 10
35.308
 20
20.038
 10
35.294
 20
20.035
 10
35.279
 20
20.032
 10
35.266
 20
20.028
 10
35.254
 20
20.023
 10
35.242
 20
20.017
 10
35.231
 20
20.011
 10
35.22
 20
20.004
 10
35.211
 20
19.997
 10
35.202
 20
19.989
 10
35.193
 20
19.981
 10
35.185
 20
19.971
 10
35.178
 20
19.962
 10
35.172
 20
19.951
 10
35.166
 20
19.94
 10
35.16
 20
19.929
 10
35.155
 20
19.917
 10
35.151
 20
19.905
 10
35.147
 20
19.892
 10
35.143
 20
19.879
 10
35.14
 20
19.865
 10
35.138
 20
19.851
 10
35.136
 20
19.837
 10
35.134
 20
19.822
 10
35.132
 20
19.807
 10
35.131
 20
19.792
 10
35.13
 20
19.776
 10
35.129
 20
19.761
 10
35.129
 20
19.745
 10
35.129
 20
19.729
 10
35.129
 20
19.417
 10
35.415
 20
19.417
 97
0
 75
0
 76
1
 98
0
  0
HATCH
  5
AA
330
17
100
AcDbEntity
  8
RASTER
 62
7
100
AcDbHatch
 10
0.0
 20
0.0
 30
0.0
210
0.0
220
0.0
230
1.0
  2
SOLID
 70
1
 71
0
 91
2
 92
3
 72
0
 73
1
 93
4
 10
35.846
 20
18.2
 10
35.67
 20
18.2
 10
35.67
 20
19.417
 10
35.846
 20
19.417
 97
0
 92
3
 72
0
 73
1
 93
65
 10
35.883
 20
19.885
 10
35.882
 20
19.871
 10
35.88
 20
19.859
 10
35.877
 20
19.847
 10
35.873
 20
19.835
 10
35.868
 20
19.824
 10
35.861
 20
19.814
 10
35.853
 20
19.804
 10
35.844
 20
19.795
 10
35.834
 20
19.787
 10
35.824
 20
19.78
 10
35.813
 20
19.774
 10
35.803
 20
19.769
 10
35.792
 20
19.765
 10
35.781
 20
19.762
 10
35.77
 20
19.761
 10
35.758
 20
19.76
 10
35.746
 20
19.761
 10
35.735
 20
19.762
 10
35.724
 20
19.765
 10
35.713
 20
19.769
 10
35.703
 20
19.774
 10
35.692
 20
19.78
 10
35.682
 20
19.787
 10
35.672
 20
19.795
 10
35.663
 20
19.804
 10
35.655
 20
19.814
 10
35.648
 20
19.824
 10
35.643
 20
19.835
 10
35.639
 20
19.847
 10
35.636
 20
19.859
 10
35.634
 20
19.871
 10
35.633
 20
19.885
 10
35.634
 20
19.898
 10
35.636
 20
19.911
 10
35.639
 20
19.923
 10
35.643
 20
19.935
 10
35.648
 20
19.945
 10
35.655
 20
19.956
 10
35.663
 20
19.965
 10
35.672
 20
19.975
 10
35.682
 20
19.983
 10
35.692
 20
19.99
 10
35.703
 20
19.996
 10
35.713
 20
20.001
 10
35.724
 20
20.005
 10
35.735
 20
20.007
 10
35.746
 20
20.009
 10
35.758
 20
20.01
 10
35.77
 20
20.009
 10
35.781
 20
20.007
 10
35.792
 20
20.005
 10
35.803
 20
20.001
 10
35.813
 20
19.996
 10
35.824
 20
19.99
 10
35.834
 20
19.983
 10
35.844
 20
19.975
 10
35.853
 20
19.965
 10
35.861
 20
19.956
 10
35.868
 20
19.945
 10
35.873
 20
19.935
 10
35.877
 20
19.923
 10
35.88
 20
19.911
 10
35.882
 20
19.898
 10
35.883
 20
19.885
 97
0
 75
0
 76
1
 98
0
  0
HATCH
  5
AB
330
17
100
AcDbEntity
  8
RASTER
 62
7
100
AcDbHatch
 10
0.0
 20
0.0
 30
0.0
210
0.0
220
0.0
230
1.0
  2
SOLID
 70
1
 71
0
 91
1
 92
3
 72
0
 73
1
 93
119
 10
36.317
 20
19.149
 10
36.317
 20
19.162
 10
36.317
 20
19.175
 10
36.317
 20
19.19
 10
36.316
 20
19.206
 10
36.316
 20
19.222
 10
36.316
 20
19.239
 10
36.315
 20
19.257
 10
36.314
 20
19.276
 10
36.314
 20
19.296
 10
36.313
 20
19.314
 10
36.312
 20
19.333
 10
36.311
 20
19.351
 10
36.31
 20
19.368
 10
36.309
 20
19.385
 10
36.308
 20
19.401
 10
36.307
 20
19.417
 10
36.476
 20
19.417
 10
36.477
 20
19.404
 10
36.478
 20
19.391
 10
36.479
 20
19.378
 10
36.48
 20
19.365
 10
36.481
 20
19.351
 10
36.482
 20
19.337
 10
36.483
 20
19.322
 10
36.483
 20
19.308
 10
36.484
 20
19.293
 10
36.485
 20
19.279
 10
36.485
 20
19.266
 10
36.485
 20
19.253
 10
36.486
 20
19.241
 10
36.486
 20
19.23
 10
36.486
 20
19.219
 10
36.486
 20
19.209
 10
36.491
 20
19.209
 10
36.505
 20
19.235
 10
36.52
 20
19.26
 10
36.538
 20
19.283
 10
36.556
 20
19.305
 10
36.577
 20
19.326
 10
36.598
 20
19.346
 10
36.622
 20
19.364
 10
36.647
 20
19.382
 10
36.674
 20
19.397
 10
36.701
 20
19.411
 10
36.729
 20
19.422
 10
36.758
 20
19.431
 10
36.787
 20
19.439
 10
36.818
 20
19.444
 10
36.849
 20
19.447
 10
36.881
 20
19.448
 10
36.89
 20
19.448
 10
36.898
 20
19.448
 10
36.906
 20
19.448
 10
36.913
 20
19.447
 10
36.921
 20
19.447
 10
36.928
 20
19.447
 10
36.935
 20
19.446
 10
36.942
 20
19.445
 10
36.949
 20
19.445
 10
36.956
 20
19.444
 10
36.963
 20
19.443
 10
36.97
 20
19.441
 10
36.977
 20
19.44
 10
36.984
 20
19.439
 10
36.991
 20
19.437
 10
36.998
 20
19.435
 10
36.975
 20
19.269
 10
36.971
 20
19.27
 10
36.966
 20
19.271
 10
36.96
 20
19.273
 10
36.954
 20
19.274
 10
36.947
 20
19.275
 10
36.94
 20
19.276
 10
36.932
 20
19.278
 10
36.923
 20
19.279
 10
36.914
 20
19.28
 10
36.905
 20
19.281
 10
36.896
 20
19.282
 10
36.886
 20
19.283
 10
36.877
 20
19.283
 10
36.868
 20
19.284
 10
36.859
 20
19.284
 10
36.85
 20
19.284
 10
36.833
 20
19.284
 10
36.815
 20
19.283
 10
36.798
 20
19.281
 10
36.781
 20
19.278
 10
36.764
 20
19.274
 10
36.748
 20
19.27
 10
36.731
 20
19.264
 10
36.715
 20
19.258
 10
36.699
 20
19.251
 10
36.683
 20
19.243
 10
36.668
 20
19.234
 10
36.654
 20
19.225
 10
36.64
 20
19.214
 10
36.627
 20
19.202
 10
36.614
 20
19.19
 10
36.602
 20
19.176
 10
36.59
 20
19.162
 10
36.579
 20
19.146
 10
36.568
 20
19.13
 10
36.558
 20
19.113
 10
36.549
 20
19.094
 10
36.54
 20
19.075
 10
36.531
 20
19.055
 10
36.524
 20
19.033
 10
36.517
 20
19.011
 10
36.511
 20
18.988
 10
36.505
 20
18.963
 10
36.501
 20
18.937
 10
36.498
 20
18.911
 10
36.496
 20
18.883
 10
36.494
 20
18.854
 10
36.494
 20
18.824
 10
36.494
 20
18.2
 10
36.317
 20
18.2
 10
36.317
 20
19.149
 97
0
 75
0
 76
1
 98
0
  0
HATCH
  5
AC
330
17
100
AcDbEntity
  8
RASTER
 62
7
100
AcDbHatch
 10
0.0
 20
0.0
 30
0.0
210
0.0
220
0.0
230
1.0
  2
SOLID
 70
1
 71
0
 91
2
 92
3
 72
0
 73
1
 93
49
 10
38.181
 20
18.902
 10
38.178
 20
18.944
 10
38.171
 20
18.984
 10
38.162
 20
19.022
 10
38.15
 20
19.059
 10
38.134
 20
19.094
 10
38.116
 20
19.126
 10
38.095
 20
19.158
 10
38.071
 20
19.187
 10
38.044
 20
19.213
 10
38.014
 20
19.236
 10
37.981
 20
19.256
 10
37.946
 20
19.272
 10
37.908
 20
19.284
 10
37.868
 20
19.293
 10
37.824
 20
19.298
 10
37.778
 20
19.3
 10
37.756
 20
19.299
 10
37.735
 20
19.298
 10
37.714
 20
19.295
 10
37.693
 20
19.292
 10
37.673
 20
19.287
 10
37.653
 20
19.282
 10
37.633
 20
19.275
 10
37.614
 20
19.267
 10
37.596
 20
19.259
 10
37.578
 20
19.25
 10
37.56
 20
19.24
 10
37.544
 20
19.229
 10
37.527
 20
19.218
 10
37.512
 20
19.205
 10
37.496
 20
19.193
 10
37.482
 20
19.179
 10
37.468
 20
19.165
 10
37.455
 20
19.15
 10
37.442
 20
19.135
 10
37.43
 20
19.119
 10
37.419
 20
19.103
 10
37.409
 20
19.086
 10
37.4
 20
19.069
 10
37.391
 20
19.052
 10
37.383
 20
19.034
 10
37.376
 20
19.015
 10
37.369
 20
18.997
 10
37.364
 20
18.978
 10
37.36
 20
18.96
 10
37.356
 20
18.941
 10
37.354
 20
18.921
 10
37.352
 20
18.902
 97
0
 92
3
 72
0
 73
1
 93
179
 10
38.361
 20
18.845
 10
38.361
 20
18.84
 10
38.361
 20
18.836
 10
38.361
 20
18.831
 10
38.361
 20
18.826
 10
38.361
 20
18.821
 10
38.361
 20
18.816
 10
38.361
 20
18.811
 10
38.361
 20
18.806
 10
38.361
 20
18.801
 10
38.36
 20
18.795
 10
38.36
 20
18.79
 10
38.36
 20
18.784
 10
38.36
 20
18.779
 10
38.359
 20
18.773
 10
38.359
 20
18.767
 10
38.358
 20
18.762
 10
37.349
 20
18.762
 10
37.35
 20
18.739
 10
37.352
 20
18.717
 10
37.356
 20
18.695
 10
37.36
 20
18.673
 10
37.365
 20
18.652
 10
37.371
 20
18.631
 10
37.378
 20
18.61
 10
37.386
 20
18.59
 10
37.394
 20
18.57
 10
37.404
 20
18.551
 10
37.415
 20
18.532
 10
37.426
 20
18.515
 10
37.438
 20
18.497
 10
37.451
 20
18.481
 10
37.465
 20
18.465
 10
37.479
 20
18.45
 10
37.494
 20
18.435
 10
37.51
 20
18.421
 10
37.527
 20
18.408
 10
37.544
 20
18.396
 10
37.562
 20
18.384
 10
37.581
 20
18.374
 10
37.6
 20
18.364
 10
37.62
 20
18.355
 10
37.64
 20
18.346
 10
37.661
 20
18.339
 10
37.682
 20
18.333
 10
37.703
 20
18.328
 10
37.725
 20
18.325
 10
37.748
 20
18.322
 10
37.771
 20
18.32
 10
37.794
 20
18.32
 10
37.828
 20
18.321
 10
37.86
 20
18.324
 10
37.892
 20
18.329
 10
37.922
 20
18.336
 10
37.951
 20
18.344
 10
37.979
 20
18.355
 10
38.006
 20
18.368
 10
38.032
 20
18.383
 10
38.056
 20
18.4
 10
38.079
 20
18.416
 10
38.1
 20
18.434
 10
38.12
 20
18.452
 10
38.138
 20
18.471
 10
38.155
 20
18.49
 10
38.17
 20
18.51
 10
38.184
 20
18.53
 10
38.316
 20
18.426
 10
38.289
 20
18.393
 10
38.26
 20
18.362
 10
38.231
 20
18.334
 10
38.202
 20
18.308
 10
38.171
 20
18.284
 10
38.14
 20
18.263
 10
38.108
 20
18.245
 10
38.076
 20
18.229
 10
38.043
 20
18.215
 10
38.009
 20
18.202
 10
37.975
 20
18.192
 10
37.94
 20
18.184
 10
37.904
 20
18.177
 10
37.868
 20
18.173
 10
37.831
 20
18.17
 10
37.794
 20
18.169
 10
37.76
 20
18.17
 10
37.727
 20
18.172
 10
37.695
 20
18.176
 10
37.663
 20
18.181
 10
37.632
 20
18.188
 10
37.602
 20
18.196
 10
37.572
 20
18.206
 10
37.543
 20
18.217
 10
37.514
 20
18.23
 10
37.487
 20
18.243
 10
37.461
 20
18.258
 10
37.435
 20
18.274
 10
37.411
 20
18.292
 10
37.388
 20
18.31
 10
37.365
 20
18.33
 10
37.344
 20
18.351
 10
37.324
 20
18.373
 10
37.305
 20
18.396
 10
37.287
 20
18.42
 10
37.27
 20
18.444
 10
37.254
 20
18.47
 10
37.239
 20
18.497
 10
37.225
 20
18.525
 10
37.213
 20
18.554
 10
37.201
 20
18.583
 10
37.192
 20
18.613
 10
37.183
 20
18.644
 10
37.177
 20
18.676
 10
37.171
 20
18.708
 10
37.168
 20
18.741
 10
37.165
 20
18.774
 10
37.165
 20
18.808
 10
37.165
 20
18.843
 10
37.168
 20
18.876
 10
37.171
 20
18.909
 10
37.176
 20
18.941
 10
37.183
 20
18.973
 10
37.191
 20
19.003
 10
37.2
 20
19.034
 10
37.211
 20
19.063
 10
37.224
 20
19.092
 10
37.237
 20
19.12
 10
37.252
 20
19.147
 10
37.267
 20
19.172
 10
37.284
 20
19.197
 10
37.302
 20
19.221
 10
37.321
 20
19.244
 10
37.341
 20
19.266
 10
37.363
 20
19.287
 10
37.385
 20
19.307
 10
37.408
 20
19.325
 10
37.432
 20
19.342
 10
37.457
 20
19.359
 10
37.482
 20
19.373
 10
37.509
 20
19.387
 10
37.536
 20
19.4
 10
37.565
 20
19.411
 10
37.593
 20
19.421
 10
37.623
 20
19.429
 10
37.653
 20
19.436
 10
37.683
 20
19.441
 10
37.714
 20
19.445
 10
37.746
 20
19.447
 10
37.778
 20
19.448
 10
37.813
 20
19.447
 10
37.848
 20
19.445
 10
37.881
 20
19.441
 10
37.913
 20
19.436
 10
37.944
 20
19.429
 10
37.974
 20
19.421
 10
38.003
 20
19.411
 10
38.03
 20
19.4
 10
38.057
 20
19.387
 10
38.083
 20
19.374
 10
38.107
 20
19.359
 10
38.131
 20
19.343
 10
38.153
 20
19.327
 10
38.174
 20
19.309
 10
38.194
 20
19.29
 10
38.212
 20
19.27
 10
38.23
 20
19.249
 10
38.247
 20
19.227
 10
38.262
 20
19.205
 10
38.276
 20
19.181
 10
38.29
 20
19.157
 10
38.302
 20
19.132
 10
38.313
 20
19.106
 10
38.323
 20
19.079
 10
38.332
 20
19.051
 10
38.339
 20
19.023
 10
38.346
 20
18.995
 10
38.351
 20
18.966
 10
38.355
 20
18.936
 10
38.358
 20
18.906
 10
38.36
 20
18.876
 10
38.361
 20
18.845
 97
0
 75
0
 76
1
 98
0
  0
HATCH
  5
AD
330
17
100
AcDbEntity
  8
RASTER
 62
7
100
AcDbHatch
 10
0.0
 20
0.0
 30
0.0
210
0.0
220
0.0
230
1.0
  2
SOLID
 70
1
 71
0
 91
2
 92
3
 72
0
 73
1
 93
197
 10
40.157
 20
18.985
 10
40.156
 20
19.024
 10
40.152
 20
19.059
 10
40.146
 20
19.093
 10
40.136
 20
19.124
 10
40.125
 20
19.152
 10
40.11
 20
19.178
 10
40.094
 20
19.201
 10
40.074
 20
19.222
 10
40.052
 20
19.24
 10
40.028
 20
19.256
 10
40.001
 20
19.269
 10
39.972
 20
19.28
 10
39.941
 20
19.289
 10
39.907
 20
19.295
 10
39.871
 20
19.299
 10
39.832
 20
19.3
 10
39.805
 20
19.299
 10
39.779
 20
19.297
 10
39.752
 20
19.294
 10
39.727
 20
19.29
 10
39.702
 20
19.285
 10
39.677
 20
19.278
 10
39.653
 20
19.27
 10
39.629
 20
19.261
 10
39.606
 20
19.251
 10
39.584
 20
19.24
 10
39.563
 20
19.228
 10
39.543
 20
19.215
 10
39.524
 20
19.202
 10
39.505
 20
19.188
 10
39.487
 20
19.173
 10
39.471
 20
19.157
 10
39.372
 20
19.274
 10
39.392
 20
19.292
 10
39.413
 20
19.31
 10
39.435
 20
19.327
 10
39.459
 20
19.343
 10
39.485
 20
19.358
 10
39.512
 20
19.372
 10
39.541
 20
19.386
 10
39.571
 20
19.399
 10
39.602
 20
19.41
 10
39.635
 20
19.42
 10
39.668
 20
19.429
 10
39.703
 20
19.436
 10
39.738
 20
19.441
 10
39.774
 20
19.445
 10
39.812
 20
19.447
 10
39.85
 20
19.448
 10
39.875
 20
19.448
 10
39.899
 20
19.446
 10
39.923
 20
19.444
 10
39.946
 20
19.441
 10
39.969
 20
19.437
 10
39.991
 20
19.433
 10
40.013
 20
19.427
 10
40.035
 20
19.421
 10
40.056
 20
19.413
 10
40.077
 20
19.405
 10
40.096
 20
19.396
 10
40.116
 20
19.387
 10
40.134
 20
19.376
 10
40.152
 20
19.364
 10
40.169
 20
19.352
 10
40.186
 20
19.339
 10
40.202
 20
19.325
 10
40.217
 20
19.31
 10
40.231
 20
19.294
 10
40.244
 20
19.277
 10
40.256
 20
19.259
 10
40.267
 20
19.241
 10
40.278
 20
19.221
 10
40.287
 20
19.201
 10
40.296
 20
19.18
 10
40.303
 20
19.158
 10
40.309
 20
19.135
 10
40.315
 20
19.111
 10
40.318
 20
19.086
 10
40.321
 20
19.06
 10
40.323
 20
19.034
 10
40.324
 20
19.006
 10
40.324
 20
18.473
 10
40.324
 20
18.455
 10
40.324
 20
18.438
 10
40.324
 20
18.42
 10
40.325
 20
18.402
 10
40.326
 20
18.383
 10
40.327
 20
18.365
 10
40.328
 20
18.346
 10
40.329
 20
18.327
 10
40.33
 20
18.309
 10
40.332
 20
18.291
 10
40.333
 20
18.274
 10
40.335
 20
18.258
 10
40.337
 20
18.242
 10
40.34
 20
18.227
 10
40.342
 20
18.213
 10
40.344
 20
18.2
 10
40.186
 20
18.2
 10
40.184
 20
18.211
 10
40.182
 20
18.223
 10
40.18
 20
18.234
 10
40.179
 20
18.246
 10
40.177
 20
18.258
 10
40.176
 20
18.271
 10
40.174
 20
18.283
 10
40.173
 20
18.296
 10
40.172
 20
18.309
 10
40.171
 20
18.322
 10
40.17
 20
18.335
 10
40.169
 20
18.348
 10
40.168
 20
18.36
 10
40.168
 20
18.373
 10
40.168
 20
18.385
 10
40.168
 20
18.398
 10
40.162
 20
18.398
 10
40.141
 20
18.368
 10
40.119
 20
18.341
 10
40.097
 20
18.316
 10
40.074
 20
18.293
 10
40.05
 20
18.272
 10
40.025
 20
18.253
 10
40.0
 20
18.237
 10
39.974
 20
18.222
 10
39.947
 20
18.21
 10
39.919
 20
18.199
 10
39.889
 20
18.19
 10
39.858
 20
18.182
 10
39.826
 20
18.176
 10
39.792
 20
18.172
 10
39.757
 20
18.17
 10
39.72
 20
18.169
 10
39.703
 20
18.169
 10
39.685
 20
18.17
 10
39.667
 20
18.172
 10
39.649
 20
18.174
 10
39.631
 20
18.176
 10
39.613
 20
18.18
 10
39.595
 20
18.184
 10
39.576
 20
18.188
 10
39.558
 20
18.194
 10
39.54
 20
18.2
 10
39.522
 20
18.206
 10
39.505
 20
18.214
 10
39.489
 20
18.222
 10
39.472
 20
18.231
 10
39.456
 20
18.241
 10
39.441
 20
18.252
 10
39.426
 20
18.263
 10
39.412
 20
18.276
 10
39.398
 20
18.289
 10
39.385
 20
18.303
 10
39.373
 20
18.317
 10
39.361
 20
18.333
 10
39.35
 20
18.349
 10
39.34
 20
18.366
 10
39.33
 20
18.384
 10
39.322
 20
18.403
 10
39.315
 20
18.423
 10
39.309
 20
18.444
 10
39.305
 20
18.466
 10
39.302
 20
18.489
 10
39.3
 20
18.513
 10
39.299
 20
18.538
 10
39.3
 20
18.572
 10
39.304
 20
18.605
 10
39.309
 20
18.635
 10
39.317
 20
18.664
 10
39.327
 20
18.691
 10
39.339
 20
18.716
 10
39.354
 20
18.739
 10
39.371
 20
18.76
 10
39.389
 20
18.78
 10
39.409
 20
18.799
 10
39.431
 20
18.816
 10
39.454
 20
18.832
 10
39.479
 20
18.846
 10
39.505
 20
18.86
 10
39.533
 20
18.872
 10
39.562
 20
18.883
 10
39.592
 20
18.892
 10
39.624
 20
18.901
 10
39.656
 20
18.909
 10
39.69
 20
18.916
 10
39.725
 20
18.922
 10
39.761
 20
18.927
 10
39.798
 20
18.931
 10
39.836
 20
18.935
 10
39.875
 20
18.937
 10
39.914
 20
18.94
 10
39.954
 20
18.942
 10
39.994
 20
18.943
 10
40.034
 20
18.945
 10
40.075
 20
18.945
 10
40.116
 20
18.946
 10
40.157
 20
18.946
 97
0
 92
3
 72
0
 73
1
 93
98
 10
40.105
 20
18.808
 10
40.078
 20
18.808
 10
40.051
 20
18.808
 10
40.023
 20
18.807
 10
39.996
 20
18.806
 10
39.968
 20
18.805
 10
39.941
 20
18.803
 10
39.913
 20
18.801
 10
39.886
 20
18.799
 10
39.858
 20
18.797
 10
39.832
 20
18.794
 10
39.806
 20
18.79
 10
39.78
 20
18.786
 10
39.756
 20
18.781
 10
39.731
 20
18.775
 10
39.708
 20
18.769
 10
39.685
 20
18.763
 10
39.663
 20
18.756
 10
39.642
 20
18.748
 10
39.623
 20
18.739
 10
39.604
 20
18.729
 10
39.586
 20
18.719
 10
39.569
 20
18.708
 10
39.553
 20
18.696
 10
39.538
 20
18.684
 10
39.525
 20
18.67
 10
39.513
 20
18.655
 10
39.504
 20
18.64
 10
39.496
 20
18.623
 10
39.489
 20
18.605
 10
39.485
 20
18.587
 10
39.482
 20
18.567
 10
39.481
 20
18.546
 10
39.482
 20
18.53
 10
39.483
 20
18.515
 10
39.485
 20
18.5
 10
39.487
 20
18.486
 10
39.491
 20
18.473
 10
39.495
 20
18.46
 10
39.5
 20
18.448
 10
39.506
 20
18.437
 10
39.512
 20
18.426
 10
39.519
 20
18.416
 10
39.527
 20
18.406
 10
39.535
 20
18.397
 10
39.543
 20
18.388
 10
39.552
 20
18.38
 10
39.562
 20
18.372
 10
39.572
 20
18.365
 10
39.583
 20
18.359
 10
39.594
 20
18.352
 10
39.605
 20
18.347
 10
39.616
 20
18.342
 10
39.628
 20
18.337
 10
39.64
 20
18.333
 10
39.652
 20
18.329
 10
39.665
 20
18.326
 10
39.677
 20
18.323
 10
39.69
 20
18.321
 10
39.703
 20
18.319
 10
39.716
 20
18.317
 10
39.728
 20
18.316
 10
39.741
 20
18.315
 10
39.754
 20
18.315
 10
39.767
 20
18.314
 10
39.79
 20
18.315
 10
39.813
 20
18.316
 10
39.834
 20
18.319
 10
39.856
 20
18.323
 10
39.876
 20
18.327
 10
39.896
 20
18.333
 10
39.915
 20
18.339
 10
39.934
 20
18.347
 10
39.951
 20
18.355
 10
39.969
 20
18.365
 10
39.985
 20
18.375
 10
40.001
 20
18.385
 10
40.015
 20
18.397
 10
40.03
 20
18.409
 10
40.043
 20
18.422
 10
40.056
 20
18.435
 10
40.068
 20
18.45
 10
40.079
 20
18.464
 10
40.09
 20
18.48
 10
40.099
 20
18.495
 10
40.108
 20
18.512
 10
40.117
 20
18.529
 10
40.124
 20
18.546
 10
40.131
 20
18.564
 10
40.137
 20
18.582
 10
40.143
 20
18.601
 10
40.147
 20
18.62
 10
40.151
 20
18.639
 10
40.154
 20
18.658
 10
40.156
 20
18.678
 10
40.157
 20
18.697
 10
40.157
 20
18.717
 10
40.157
 20
18.808
 97
0
 75
0
 76
1
 98
0
  0
HATCH
  5
AE
330
17
100
AcDbEntity
  8
RASTER
 62
7
100
AcDbHatch
 10
0.0
 20
0.0
 30
0.0
210
0.0
220
0.0
230
1.0
  2
SOLID
 70
1
 71
0
 91
2
 92
3
 72
0
 73
1
 93
199
 10
40.844
 20
17.956
 10
40.863
 20
17.933
 10
40.883
 20
17.911
 10
40.906
 20
17.889
 10
40.93
 20
17.869
 10
40.955
 20
17.85
 10
40.983
 20
17.831
 10
41.012
 20
17.814
 10
41.043
 20
17.797
 10
41.074
 20
17.782
 10
41.106
 20
17.769
 10
41.139
 20
17.757
 10
41.172
 20
17.748
 10
41.206
 20
17.741
 10
41.24
 20
17.736
 10
41.274
 20
17.733
 10
41.309
 20
17.732
 10
41.341
 20
17.733
 10
41.372
 20
17.734
 10
41.401
 20
17.737
 10
41.429
 20
17.741
 10
41.456
 20
17.747
 10
41.482
 20
17.753
 10
41.507
 20
17.761
 10
41.53
 20
17.77
 10
41.552
 20
17.78
 10
41.573
 20
17.79
 10
41.593
 20
17.802
 10
41.612
 20
17.814
 10
41.63
 20
17.827
 10
41.647
 20
17.842
 10
41.662
 20
17.857
 10
41.677
 20
17.872
 10
41.69
 20
17.889
 10
41.703
 20
17.906
 10
41.715
 20
17.924
 10
41.725
 20
17.943
 10
41.735
 20
17.962
 10
41.744
 20
17.982
 10
41.752
 20
18.003
 10
41.759
 20
18.025
 10
41.765
 20
18.046
 10
41.77
 20
18.069
 10
41.775
 20
18.091
 10
41.778
 20
18.115
 10
41.781
 20
18.138
 10
41.783
 20
18.162
 10
41.784
 20
18.186
 10
41.785
 20
18.21
 10
41.785
 20
18.439
 10
41.78
 20
18.439
 10
41.761
 20
18.411
 10
41.741
 20
18.385
 10
41.719
 20
18.361
 10
41.695
 20
18.338
 10
41.669
 20
18.317
 10
41.641
 20
18.297
 10
41.612
 20
18.279
 10
41.581
 20
18.262
 10
41.548
 20
18.248
 10
41.516
 20
18.235
 10
41.484
 20
18.224
 10
41.451
 20
18.216
 10
41.418
 20
18.209
 10
41.385
 20
18.204
 10
41.352
 20
18.201
 10
41.319
 20
18.2
 10
41.284
 20
18.201
 10
41.25
 20
18.203
 10
41.216
 20
18.207
 10
41.183
 20
18.212
 10
41.151
 20
18.218
 10
41.12
 20
18.226
 10
41.09
 20
18.236
 10
41.061
 20
18.247
 10
41.032
 20
18.259
 10
41.005
 20
18.272
 10
40.979
 20
18.287
 10
40.953
 20
18.302
 10
40.929
 20
18.319
 10
40.906
 20
18.337
 10
40.884
 20
18.356
 10
40.863
 20
18.376
 10
40.843
 20
18.396
 10
40.824
 20
18.418
 10
40.807
 20
18.441
 10
40.79
 20
18.466
 10
40.775
 20
18.491
 10
40.761
 20
18.517
 10
40.748
 20
18.544
 10
40.736
 20
18.572
 10
40.725
 20
18.601
 10
40.716
 20
18.63
 10
40.708
 20
18.66
 10
40.702
 20
18.691
 10
40.697
 20
18.722
 10
40.693
 20
18.754
 10
40.691
 20
18.786
 10
40.69
 20
18.819
 10
40.691
 20
18.851
 10
40.693
 20
18.883
 10
40.697
 20
18.914
 10
40.702
 20
18.945
 10
40.708
 20
18.975
 10
40.716
 20
19.005
 10
40.725
 20
19.034
 10
40.736
 20
19.063
 10
40.748
 20
19.091
 10
40.761
 20
19.119
 10
40.775
 20
19.145
 10
40.79
 20
19.17
 10
40.807
 20
19.195
 10
40.824
 20
19.219
 10
40.843
 20
19.242
 10
40.863
 20
19.263
 10
40.884
 20
19.284
 10
40.906
 20
19.304
 10
40.929
 20
19.323
 10
40.953
 20
19.34
 10
40.979
 20
19.356
 10
41.005
 20
19.372
 10
41.032
 20
19.386
 10
41.061
 20
19.399
 10
41.09
 20
19.41
 10
41.12
 20
19.42
 10
41.151
 20
19.429
 10
41.183
 20
19.436
 10
41.216
 20
19.441
 10
41.25
 20
19.445
 10
41.284
 20
19.447
 10
41.319
 20
19.448
 10
41.352
 20
19.447
 10
41.385
 20
19.444
 10
41.418
 20
19.439
 10
41.451
 20
19.432
 10
41.483
 20
19.424
 10
41.515
 20
19.413
 10
41.547
 20
19.4
 10
41.579
 20
19.386
 10
41.61
 20
19.369
 10
41.64
 20
19.351
 10
41.667
 20
19.331
 10
41.693
 20
19.31
 10
41.717
 20
19.286
 10
41.74
 20
19.261
 10
41.761
 20
19.235
 10
41.78
 20
19.206
 10
41.785
 20
19.206
 10
41.785
 20
19.417
 10
41.962
 20
19.417
 10
41.962
 20
18.21
 10
41.961
 20
18.185
 10
41.96
 20
18.16
 10
41.958
 20
18.134
 10
41.955
 20
18.108
 10
41.951
 20
18.082
 10
41.946
 20
18.055
 10
41.941
 20
18.028
 10
41.934
 20
18.0
 10
41.927
 20
17.972
 10
41.918
 20
17.945
 10
41.907
 20
17.919
 10
41.895
 20
17.893
 10
41.882
 20
17.867
 10
41.867
 20
17.842
 10
41.851
 20
17.818
 10
41.833
 20
17.794
 10
41.814
 20
17.771
 10
41.793
 20
17.75
 10
41.77
 20
17.729
 10
41.745
 20
17.709
 10
41.719
 20
17.69
 10
41.692
 20
17.672
 10
41.662
 20
17.654
 10
41.631
 20
17.638
 10
41.598
 20
17.624
 10
41.563
 20
17.611
 10
41.525
 20
17.6
 10
41.485
 20
17.592
 10
41.443
 20
17.585
 10
41.398
 20
17.58
 10
41.351
 20
17.577
 10
41.301
 20
17.576
 10
41.259
 20
17.577
 10
41.218
 20
17.58
 10
41.177
 20
17.585
 10
41.136
 20
17.592
 10
41.096
 20
17.601
 10
41.056
 20
17.613
 10
41.017
 20
17.626
 10
40.979
 20
17.641
 10
40.941
 20
17.658
 10
40.905
 20
17.677
 10
40.87
 20
17.697
 10
40.836
 20
17.718
 10
40.804
 20
17.742
 10
40.774
 20
17.766
 10
40.744
 20
17.793
 10
40.716
 20
17.82
 97
0
 92
3
 72
0
 73
1
 93
129
 10
40.877
 20
18.824
 10
40.878
 20
18.8
 10
40.879
 20
18.777
 10
40.882
 20
18.753
 10
40.885
 20
18.73
 10
40.89
 20
18.708
 10
40.895
 20
18.686
 10
40.901
 20
18.664
 10
40.909
 20
18.642
 10
40.917
 20
18.621
 10
40.926
 20
18.6
 10
40.936
 20
18.581
 10
40.947
 20
18.561
 10
40.958
 20
18.543
 10
40.971
 20
18.525
 10
40.984
 20
18.508
 10
40.998
 20
18.491
 10
41.013
 20
18.475
 10
41.029
 20
18.46
 10
41.046
 20
18.446
 10
41.064
 20
18.433
 10
41.082
 20
18.421
 10
41.101
 20
18.409
 10
41.122
 20
18.398
 10
41.143
 20
18.389
 10
41.164
 20
18.38
 10
41.187
 20
18.372
 10
41.21
 20
18.366
 10
41.234
 20
18.36
 10
41.259
 20
18.356
 10
41.284
 20
18.353
 10
41.311
 20
18.351
 10
41.338
 20
18.351
 10
41.363
 20
18.351
 10
41.387
 20
18.353
 10
41.411
 20
18.356
 10
41.435
 20
18.359
 10
41.458
 20
18.364
 10
41.481
 20
18.37
 10
41.503
 20
18.377
 10
41.525
 20
18.385
 10
41.546
 20
18.393
 10
41.566
 20
18.403
 10
41.586
 20
18.414
 10
41.605
 20
18.426
 10
41.623
 20
18.438
 10
41.64
 20
18.451
 10
41.657
 20
18.466
 10
41.673
 20
18.481
 10
41.688
 20
18.497
 10
41.702
 20
18.514
 10
41.716
 20
18.531
 10
41.729
 20
18.549
 10
41.74
 20
18.568
 10
41.751
 20
18.588
 10
41.761
 20
18.609
 10
41.771
 20
18.63
 10
41.779
 20
18.652
 10
41.786
 20
18.675
 10
41.792
 20
18.698
 10
41.797
 20
18.722
 10
41.801
 20
18.747
 10
41.803
 20
18.772
 10
41.805
 20
18.798
 10
41.806
 20
18.824
 10
41.805
 20
18.848
 10
41.803
 20
18.871
 10
41.801
 20
18.895
 10
41.797
 20
18.918
 10
41.792
 20
18.94
 10
41.786
 20
18.962
 10
41.779
 20
18.984
 10
41.771
 20
19.006
 10
41.761
 20
19.027
 10
41.751
 20
19.048
 10
41.74
 20
19.067
 10
41.729
 20
19.087
 10
41.716
 20
19.105
 10
41.702
 20
19.123
 10
41.688
 20
19.14
 10
41.673
 20
19.157
 10
41.657
 20
19.173
 10
41.64
 20
19.188
 10
41.623
 20
19.202
 10
41.605
 20
19.215
 10
41.586
 20
19.228
 10
41.566
 20
19.24
 10
41.546
 20
19.251
 10
41.525
 20
19.261
 10
41.503
 20
19.27
 10
41.481
 20
19.278
 10
41.458
 20
19.285
 10
41.435
 20
19.29
 10
41.411
 20
19.294
 10
41.387
 20
19.297
 10
41.363
 20
19.299
 10
41.338
 20
19.3
 10
41.311
 20
19.299
 10
41.284
 20
19.297
 10
41.259
 20
19.294
 10
41.234
 20
19.29
 10
41.21
 20
19.285
 10
41.187
 20
19.278
 10
41.164
 20
19.27
 10
41.143
 20
19.261
 10
41.122
 20
19.251
 10
41.101
 20
19.24
 10
41.082
 20
19.228
 10
41.064
 20
19.215
 10
41.046
 20
19.202
 10
41.029
 20
19.188
 10
41.013
 20
19.173
 10
40.998
 20
19.157
 10
40.984
 20
19.14
 10
40.971
 20
19.123
 10
40.958
 20
19.105
 10
40.947
 20
19.087
 10
40.936
 20
19.067
 10
40.926
 20
19.048
 10
40.917
 20
19.027
 10
40.909
 20
19.006
 10
40.901
 20
18.984
 10
40.895
 20
18.962
 10
40.89
 20
18.94
 10
40.885
 20
18.918
 10
40.882
 20
18.895
 10
40.879
 20
18.871
 10
40.878
 20
18.848
 10
40.877
 20
18.824
 97
0
 75
0
 76
1
 98
0
  0
HATCH
  5
AF
330
17
100
AcDbEntity
  8
RASTER
 62
7
100
AcDbHatch
 10
0.0
 20
0.0
 30
0.0
210
0.0
220
0.0
230
1.0
  2
SOLID
 70
1
 71
0
 91
2
 92
3
 72
0
 73
1
 93
197
 10
43.189
 20
18.985
 10
43.188
 20
19.024
 10
43.184
 20
19.059
 10
43.177
 20
19.093
 10
43.168
 20
19.124
 10
43.156
 20
19.152
 10
43.142
 20
19.178
 10
43.125
 20
19.201
 10
43.106
 20
19.222
 10
43.084
 20
19.24
 10
43.059
 20
19.256
 10
43.033
 20
19.269
 10
43.004
 20
19.28
 10
42.972
 20
19.289
 10
42.938
 20
19.295
 10
42.902
 20
19.299
 10
42.864
 20
19.3
 10
42.837
 20
19.299
 10
42.81
 20
19.297
 10
42.784
 20
19.294
 10
42.759
 20
19.29
 10
42.733
 20
19.285
 10
42.709
 20
19.278
 10
42.685
 20
19.27
 10
42.661
 20
19.261
 10
42.638
 20
19.251
 10
42.616
 20
19.24
 10
42.595
 20
19.228
 10
42.575
 20
19.215
 10
42.555
 20
19.202
 10
42.537
 20
19.188
 10
42.519
 20
19.173
 10
42.502
 20
19.157
 10
42.404
 20
19.274
 10
42.423
 20
19.292
 10
42.444
 20
19.31
 10
42.467
 20
19.327
 10
42.491
 20
19.343
 10
42.517
 20
19.358
 10
42.544
 20
19.372
 10
42.572
 20
19.386
 10
42.603
 20
19.399
 10
42.634
 20
19.41
 10
42.666
 20
19.42
 10
42.7
 20
19.429
 10
42.734
 20
19.436
 10
42.77
 20
19.441
 10
42.806
 20
19.445
 10
42.844
 20
19.447
 10
42.882
 20
19.448
 10
42.906
 20
19.448
 10
42.931
 20
19.446
 10
42.954
 20
19.444
 10
42.978
 20
19.441
 10
43.0
 20
19.437
 10
43.023
 20
19.433
 10
43.045
 20
19.427
 10
43.067
 20
19.421
 10
43.088
 20
19.413
 10
43.108
 20
19.405
 10
43.128
 20
19.396
 10
43.147
 20
19.387
 10
43.166
 20
19.376
 10
43.184
 20
19.364
 10
43.201
 20
19.352
 10
43.217
 20
19.339
 10
43.233
 20
19.325
 10
43.248
 20
19.31
 10
43.262
 20
19.294
 10
43.275
 20
19.277
 10
43.287
 20
19.259
 10
43.299
 20
19.241
 10
43.309
 20
19.221
 10
43.319
 20
19.201
 10
43.327
 20
19.18
 10
43.335
 20
19.158
 10
43.341
 20
19.135
 10
43.346
 20
19.111
 10
43.35
 20
19.086
 10
43.353
 20
19.06
 10
43.355
 20
19.034
 10
43.355
 20
19.006
 10
43.355
 20
18.473
 10
43.355
 20
18.455
 10
43.356
 20
18.438
 10
43.356
 20
18.42
 10
43.357
 20
18.402
 10
43.357
 20
18.383
 10
43.358
 20
18.365
 10
43.359
 20
18.346
 10
43.36
 20
18.327
 10
43.362
 20
18.309
 10
43.363
 20
18.291
 10
43.365
 20
18.274
 10
43.367
 20
18.258
 10
43.369
 20
18.242
 10
43.371
 20
18.227
 10
43.373
 20
18.213
 10
43.376
 20
18.2
 10
43.217
 20
18.2
 10
43.215
 20
18.211
 10
43.214
 20
18.223
 10
43.212
 20
18.234
 10
43.21
 20
18.246
 10
43.209
 20
18.258
 10
43.207
 20
18.271
 10
43.206
 20
18.283
 10
43.204
 20
18.296
 10
43.203
 20
18.309
 10
43.202
 20
18.322
 10
43.201
 20
18.335
 10
43.201
 20
18.348
 10
43.2
 20
18.36
 10
43.2
 20
18.373
 10
43.199
 20
18.385
 10
43.199
 20
18.398
 10
43.194
 20
18.398
 10
43.173
 20
18.368
 10
43.151
 20
18.341
 10
43.128
 20
18.316
 10
43.105
 20
18.293
 10
43.081
 20
18.272
 10
43.057
 20
18.253
 10
43.031
 20
18.237
 10
43.006
 20
18.222
 10
42.979
 20
18.21
 10
42.95
 20
18.199
 10
42.92
 20
18.19
 10
42.889
 20
18.182
 10
42.857
 20
18.176
 10
42.823
 20
18.172
 10
42.788
 20
18.17
 10
42.752
 20
18.169
 10
42.734
 20
18.169
 10
42.717
 20
18.17
 10
42.699
 20
18.172
 10
42.681
 20
18.174
 10
42.663
 20
18.176
 10
42.645
 20
18.18
 10
42.626
 20
18.184
 10
42.608
 20
18.188
 10
42.589
 20
18.194
 10
42.571
 20
18.2
 10
42.554
 20
18.206
 10
42.537
 20
18.214
 10
42.52
 20
18.222
 10
42.504
 20
18.231
 10
42.488
 20
18.241
 10
42.473
 20
18.252
 10
42.458
 20
18.263
 10
42.443
 20
18.276
 10
42.43
 20
18.289
 10
42.417
 20
18.303
 10
42.404
 20
18.317
 10
42.393
 20
18.333
 10
42.382
 20
18.349
 10
42.371
 20
18.366
 10
42.362
 20
18.384
 10
42.353
 20
18.403
 10
42.347
 20
18.423
 10
42.341
 20
18.444
 10
42.336
 20
18.466
 10
42.333
 20
18.489
 10
42.331
 20
18.513
 10
42.331
 20
18.538
 10
42.332
 20
18.572
 10
42.335
 20
18.605
 10
42.341
 20
18.635
 10
42.349
 20
18.664
 10
42.359
 20
18.691
 10
42.371
 20
18.716
 10
42.386
 20
18.739
 10
42.402
 20
18.76
 10
42.421
 20
18.78
 10
42.441
 20
18.799
 10
42.463
 20
18.816
 10
42.486
 20
18.832
 10
42.51
 20
18.846
 10
42.537
 20
18.86
 10
42.564
 20
18.872
 10
42.593
 20
18.883
 10
42.624
 20
18.892
 10
42.655
 20
18.901
 10
42.688
 20
18.909
 10
42.722
 20
18.916
 10
42.757
 20
18.922
 10
42.793
 20
18.927
 10
42.83
 20
18.931
 10
42.868
 20
18.935
 10
42.907
 20
18.937
 10
42.946
 20
18.94
 10
42.985
 20
18.942
 10
43.025
 20
18.943
 10
43.066
 20
18.945
 10
43.106
 20
18.945
 10
43.147
 20
18.946
 10
43.189
 20
18.946
 97
0
 92
3
 72
0
 73
1
 93
98
 10
43.137
 20
18.808
 10
43.109
 20
18.808
 10
43.082
 20
18.808
 10
43.055
 20
18.807
 10
43.027
 20
18.806
 10
43.0
 20
18.805
 10
42.972
 20
18.803
 10
42.945
 20
18.801
 10
42.917
 20
18.799
 10
42.89
 20
18.797
 10
42.863
 20
18.794
 10
42.837
 20
18.79
 10
42.812
 20
18.786
 10
42.787
 20
18.781
 10
42.763
 20
18.775
 10
42.74
 20
18.769
 10
42.717
 20
18.763
 10
42.695
 20
18.756
 10
42.674
 20
18.748
 10
42.654
 20
18.739
 10
42.635
 20
18.729
 10
42.617
 20
18.719
 10
42.601
 20
18.708
 10
42.585
 20
18.696
 10
42.57
 20
18.684
 10
42.557
 20
18.67
 10
42.545
 20
18.655
 10
42.535
 20
18.64
 10
42.527
 20
18.623
 10
42.521
 20
18.605
 10
42.516
 20
18.587
 10
42.514
 20
18.567
 10
42.513
 20
18.546
 10
42.513
 20
18.53
 10
42.514
 20
18.515
 10
42.516
 20
18.5
 10
42.519
 20
18.486
 10
42.522
 20
18.473
 10
42.527
 20
18.46
 10
42.532
 20
18.448
 10
42.538
 20
18.437
 10
42.544
 20
18.426
 10
42.551
 20
18.416
 10
42.558
 20
18.406
 10
42.566
 20
18.397
 10
42.575
 20
18.388
 10
42.584
 20
18.38
 10
42.594
 20
18.372
 10
42.604
 20
18.365
 10
42.614
 20
18.359
 10
42.625
 20
18.352
 10
42.636
 20
18.347
 10
42.648
 20
18.342
 10
42.659
 20
18.337
 10
42.671
 20
18.333
 10
42.684
 20
18.329
 10
42.696
 20
18.326
 10
42.709
 20
18.323
 10
42.722
 20
18.321
 10
42.734
 20
18.319
 10
42.747
 20
18.317
 10
42.76
 20
18.316
 10
42.773
 20
18.315
 10
42.786
 20
18.315
 10
42.799
 20
18.314
 10
42.822
 20
18.315
 10
42.844
 20
18.316
 10
42.866
 20
18.319
 10
42.887
 20
18.323
 10
42.908
 20
18.327
 10
42.928
 20
18.333
 10
42.947
 20
18.339
 10
42.965
 20
18.347
 10
42.983
 20
18.355
 10
43.0
 20
18.365
 10
43.017
 20
18.375
 10
43.032
 20
18.385
 10
43.047
 20
18.397
 10
43.061
 20
18.409
 10
43.075
 20
18.422
 10
43.087
 20
18.435
 10
43.099
 20
18.45
 10
43.111
 20
18.464
 10
43.121
 20
18.48
 10
43.131
 20
18.495
 10
43.14
 20
18.512
 10
43.148
 20
18.529
 10
43.156
 20
18.546
 10
43.163
 20
18.564
 10
43.169
 20
18.582
 10
43.174
 20
18.601
 10
43.179
 20
18.62
 10
43.182
 20
18.639
 10
43.185
 20
18.658
 10
43.187
 20
18.678
 10
43.188
 20
18.697
 10
43.189
 20
18.717
 10
43.189
 20
18.808
 97
0
 75
0
 76
1
 98
0
  0
HATCH
  5
B0
330
17
100
AcDbEntity
  8
RASTER
 62
7
100
AcDbHatch
 10
0.0
 20
0.0
 30
0.0
210
0.0
220
0.0
230
1.0
  2
SOLID
 70
1
 71
0
 91
2
 92
3
 72
0
 73
1
 93
4
 10
43.99
 20
18.2
 10
43.813
 20
18.2
 10
43.813
 20
19.417
 10
43.99
 20
19.417
 97
0
 92
3
 72
0
 73
1
 93
65
 10
44.026
 20
19.885
 10
44.025
 20
19.871
 10
44.024
 20
19.859
 10
44.021
 20
19.847
 10
44.016
 20
19.835
 10
44.011
 20
19.824
 10
44.004
 20
19.814
 10
43.996
 20
19.804
 10
43.987
 20
19.795
 10
43.977
 20
19.787
 10
43.967
 20
19.78
 10
43.957
 20
19.774
 10
43.946
 20
19.769
 10
43.935
 20
19.765
 10
43.924
 20
19.762
 10
43.913
 20
19.761
 10
43.901
 20
19.76
 10
43.89
 20
19.761
 10
43.878
 20
19.762
 10
43.867
 20
19.765
 10
43.856
 20
19.769
 10
43.846
 20
19.774
 10
43.835
 20
19.78
 10
43.825
 20
19.787
 10
43.815
 20
19.795
 10
43.806
 20
19.804
 10
43.798
 20
19.814
 10
43.792
 20
19.824
 10
43.786
 20
19.835
 10
43.782
 20
19.847
 10
43.779
 20
19.859
 10
43.777
 20
19.871
 10
43.776
 20
19.885
 10
43.777
 20
19.898
 10
43.779
 20
19.911
 10
43.782
 20
19.923
 10
43.786
 20
19.935
 10
43.792
 20
19.945
 10
43.798
 20
19.956
 10
43.806
 20
19.965
 10
43.815
 20
19.975
 10
43.825
 20
19.983
 10
43.835
 20
19.99
 10
43.846
 20
19.996
 10
43.856
 20
20.001
 10
43.867
 20
20.005
 10
43.878
 20
20.007
 10
43.89
 20
20.009
 10
43.901
 20
20.01
 10
43.913
 20
20.009
 10
43.924
 20
20.007
 10
43.935
 20
20.005
 10
43.946
 20
20.001
 10
43.957
 20
19.996
 10
43.967
 20
19.99
 10
43.977
 20
19.983
 10
43.987
 20
19.975
 10
43.996
 20
19.965
 10
44.004
 20
19.956
 10
44.011
 20
19.945
 10
44.016
 20
19.935
 10
44.021
 20
19.923
 10
44.024
 20
19.911
 10
44.025
 20
19.898
 10
44.026
 20
19.885
 97
0
 75
0
 76
1
 98
0
  0
HATCH
  5
B1
330
17
100
AcDbEntity
  8
RASTER
 62
7
100
AcDbHatch
 10
0.0
 20
0.0
 30
0.0
210
0.0
220
0.0
230
1.0
  2
SOLID
 70
1
 71
0
 91
1
 92
3
 72
0
 73
1
 93
136
 10
44.619
 20
19.417
 10
44.62
 20
19.404
 10
44.621
 20
19.391
 10
44.622
 20
19.378
 10
44.623
 20
19.365
 10
44.624
 20
19.351
 10
44.625
 20
19.337
 10
44.626
 20
19.322
 10
44.627
 20
19.308
 10
44.627
 20
19.293
 10
44.628
 20
19.279
 10
44.628
 20
19.266
 10
44.629
 20
19.253
 10
44.629
 20
19.241
 10
44.629
 20
19.23
 10
44.629
 20
19.219
 10
44.629
 20
19.209
 10
44.634
 20
19.209
 10
44.648
 20
19.235
 10
44.664
 20
19.26
 10
44.683
 20
19.283
 10
44.703
 20
19.305
 10
44.725
 20
19.326
 10
44.749
 20
19.346
 10
44.775
 20
19.364
 10
44.803
 20
19.382
 10
44.833
 20
19.397
 10
44.863
 20
19.411
 10
44.893
 20
19.422
 10
44.924
 20
19.431
 10
44.955
 20
19.439
 10
44.986
 20
19.444
 10
45.018
 20
19.447
 10
45.05
 20
19.448
 10
45.106
 20
19.446
 10
45.159
 20
19.439
 10
45.208
 20
19.429
 10
45.253
 20
19.414
 10
45.294
 20
19.394
 10
45.332
 20
19.37
 10
45.367
 20
19.342
 10
45.398
 20
19.31
 10
45.425
 20
19.274
 10
45.448
 20
19.236
 10
45.468
 20
19.194
 10
45.484
 20
19.15
 10
45.497
 20
19.103
 10
45.506
 20
19.054
 10
45.511
 20
19.001
 10
45.513
 20
18.946
 10
45.513
 20
18.2
 10
45.336
 20
18.2
 10
45.336
 20
18.873
 10
45.336
 20
18.897
 10
45.335
 20
18.92
 10
45.334
 20
18.943
 10
45.333
 20
18.965
 10
45.33
 20
18.987
 10
45.328
 20
19.007
 10
45.324
 20
19.028
 10
45.321
 20
19.048
 10
45.317
 20
19.067
 10
45.312
 20
19.085
 10
45.306
 20
19.103
 10
45.3
 20
19.12
 10
45.293
 20
19.136
 10
45.285
 20
19.152
 10
45.277
 20
19.167
 10
45.268
 20
19.182
 10
45.258
 20
19.195
 10
45.247
 20
19.208
 10
45.236
 20
19.22
 10
45.223
 20
19.231
 10
45.21
 20
19.242
 10
45.196
 20
19.251
 10
45.182
 20
19.26
 10
45.166
 20
19.269
 10
45.15
 20
19.276
 10
45.132
 20
19.282
 10
45.114
 20
19.288
 10
45.094
 20
19.292
 10
45.074
 20
19.295
 10
45.052
 20
19.298
 10
45.03
 20
19.299
 10
45.006
 20
19.3
 10
44.989
 20
19.299
 10
44.971
 20
19.298
 10
44.954
 20
19.296
 10
44.937
 20
19.293
 10
44.92
 20
19.289
 10
44.903
 20
19.284
 10
44.886
 20
19.278
 10
44.87
 20
19.271
 10
44.853
 20
19.264
 10
44.837
 20
19.255
 10
44.822
 20
19.246
 10
44.807
 20
19.235
 10
44.792
 20
19.224
 10
44.778
 20
19.211
 10
44.765
 20
19.198
 10
44.751
 20
19.184
 10
44.739
 20
19.169
 10
44.727
 20
19.153
 10
44.715
 20
19.136
 10
44.705
 20
19.118
 10
44.695
 20
19.099
 10
44.685
 20
19.079
 10
44.676
 20
19.058
 10
44.668
 20
19.036
 10
44.661
 20
19.013
 10
44.655
 20
18.989
 10
44.649
 20
18.964
 10
44.645
 20
18.938
 10
44.641
 20
18.911
 10
44.639
 20
18.883
 10
44.637
 20
18.854
 10
44.637
 20
18.824
 10
44.637
 20
18.2
 10
44.46
 20
18.2
 10
44.46
 20
19.149
 10
44.46
 20
19.162
 10
44.46
 20
19.175
 10
44.46
 20
19.19
 10
44.46
 20
19.206
 10
44.459
 20
19.222
 10
44.459
 20
19.239
 10
44.458
 20
19.257
 10
44.458
 20
19.276
 10
44.457
 20
19.296
 10
44.456
 20
19.314
 10
44.455
 20
19.333
 10
44.454
 20
19.351
 10
44.453
 20
19.368
 10
44.452
 20
19.385
 10
44.451
 20
19.401
 10
44.45
 20
19.417
 97
0
 75
0
 76
1
 98
0
  0
HATCH
  5
B2
330
17
100
AcDbEntity
  8
RASTER
 62
7
100
AcDbHatch
 10
0.0
 20
0.0
 30
0.0
210
0.0
220
0.0
230
1.0
  2
SOLID
 70
1
 71
0
 91
1
 92
3
 72
0
 73
1
 93
92
 10
47.136
 20
19.269
 10
46.85
 20
19.269
 10
46.85
 20
18.2
 10
46.673
 20
18.2
 10
46.673
 20
19.269
 10
46.418
 20
19.269
 10
46.418
 20
19.417
 10
46.673
 20
19.417
 10
46.673
 20
19.75
 10
46.674
 20
19.8
 10
46.679
 20
19.848
 10
46.687
 20
19.893
 10
46.698
 20
19.935
 10
46.712
 20
19.975
 10
46.73
 20
20.012
 10
46.75
 20
20.046
 10
46.774
 20
20.077
 10
46.801
 20
20.105
 10
46.832
 20
20.13
 10
46.866
 20
20.15
 10
46.903
 20
20.167
 10
46.944
 20
20.18
 10
46.988
 20
20.189
 10
47.035
 20
20.195
 10
47.086
 20
20.197
 10
47.095
 20
20.197
 10
47.103
 20
20.197
 10
47.112
 20
20.196
 10
47.121
 20
20.196
 10
47.13
 20
20.195
 10
47.14
 20
20.195
 10
47.149
 20
20.194
 10
47.159
 20
20.193
 10
47.169
 20
20.192
 10
47.178
 20
20.191
 10
47.188
 20
20.189
 10
47.197
 20
20.187
 10
47.206
 20
20.185
 10
47.215
 20
20.183
 10
47.223
 20
20.181
 10
47.232
 20
20.179
 10
47.201
 20
20.023
 10
47.193
 20
20.025
 10
47.186
 20
20.026
 10
47.179
 20
20.028
 10
47.172
 20
20.03
 10
47.165
 20
20.031
 10
47.158
 20
20.033
 10
47.151
 20
20.034
 10
47.143
 20
20.036
 10
47.136
 20
20.037
 10
47.129
 20
20.038
 10
47.121
 20
20.039
 10
47.113
 20
20.04
 10
47.105
 20
20.04
 10
47.096
 20
20.04
 10
47.087
 20
20.041
 10
47.078
 20
20.041
 10
47.061
 20
20.04
 10
47.045
 20
20.039
 10
47.029
 20
20.038
 10
47.014
 20
20.035
 10
47.0
 20
20.032
 10
46.987
 20
20.028
 10
46.974
 20
20.023
 10
46.963
 20
20.017
 10
46.952
 20
20.011
 10
46.941
 20
20.004
 10
46.932
 20
19.997
 10
46.922
 20
19.989
 10
46.914
 20
19.981
 10
46.906
 20
19.971
 10
46.899
 20
19.962
 10
46.893
 20
19.951
 10
46.887
 20
19.94
 10
46.881
 20
19.929
 10
46.876
 20
19.917
 10
46.872
 20
19.905
 10
46.868
 20
19.892
 10
46.864
 20
19.879
 10
46.861
 20
19.865
 10
46.859
 20
19.851
 10
46.857
 20
19.837
 10
46.855
 20
19.822
 10
46.853
 20
19.807
 10
46.852
 20
19.792
 10
46.851
 20
19.776
 10
46.85
 20
19.761
 10
46.85
 20
19.745
 10
46.85
 20
19.729
 10
46.85
 20
19.417
 10
47.136
 20
19.417
 97
0
 75
0
 76
1
 98
0
  0
HATCH
  5
B3
330
17
100
AcDbEntity
  8
RASTER
 62
7
100
AcDbHatch
 10
0.0
 20
0.0
 30
0.0
210
0.0
220
0.0
230
1.0
  2
SOLID
 70
1
 71
0
 91
2
 92
3
 72
0
 73
1
 93
129
 10
48.597
 20
18.808
 10
48.596
 20
18.774
 10
48.594
 20
18.741
 10
48.59
 20
18.708
 10
48.585
 20
18.676
 10
48.578
 20
18.644
 10
48.57
 20
18.613
 10
48.56
 20
18.583
 10
48.549
 20
18.554
 10
48.536
 20
18.525
 10
48.522
 20
18.497
 10
48.507
 20
18.47
 10
48.491
 20
18.444
 10
48.474
 20
18.42
 10
48.455
 20
18.396
 10
48.436
 20
18.373
 10
48.415
 20
18.351
 10
48.393
 20
18.33
 10
48.37
 20
18.31
 10
48.346
 20
18.292
 10
48.321
 20
18.274
 10
48.294
 20
18.258
 10
48.267
 20
18.243
 10
48.239
 20
18.23
 10
48.209
 20
18.217
 10
48.179
 20
18.206
 10
48.148
 20
18.196
 10
48.116
 20
18.188
 10
48.084
 20
18.181
 10
48.051
 20
18.176
 10
48.017
 20
18.172
 10
47.982
 20
18.17
 10
47.947
 20
18.169
 10
47.912
 20
18.17
 10
47.878
 20
18.172
 10
47.844
 20
18.176
 10
47.812
 20
18.181
 10
47.779
 20
18.188
 10
47.748
 20
18.196
 10
47.717
 20
18.206
 10
47.687
 20
18.217
 10
47.657
 20
18.23
 10
47.629
 20
18.243
 10
47.602
 20
18.258
 10
47.576
 20
18.274
 10
47.551
 20
18.292
 10
47.526
 20
18.31
 10
47.503
 20
18.33
 10
47.481
 20
18.351
 10
47.461
 20
18.373
 10
47.441
 20
18.396
 10
47.422
 20
18.42
 10
47.405
 20
18.444
 10
47.389
 20
18.47
 10
47.374
 20
18.497
 10
47.36
 20
18.525
 10
47.348
 20
18.554
 10
47.336
 20
18.583
 10
47.326
 20
18.613
 10
47.318
 20
18.644
 10
47.311
 20
18.676
 10
47.306
 20
18.708
 10
47.302
 20
18.741
 10
47.3
 20
18.774
 10
47.299
 20
18.808
 10
47.3
 20
18.843
 10
47.302
 20
18.876
 10
47.306
 20
18.909
 10
47.311
 20
18.941
 10
47.318
 20
18.973
 10
47.326
 20
19.003
 10
47.336
 20
19.034
 10
47.348
 20
19.063
 10
47.36
 20
19.092
 10
47.374
 20
19.12
 10
47.389
 20
19.147
 10
47.405
 20
19.172
 10
47.422
 20
19.197
 10
47.441
 20
19.221
 10
47.461
 20
19.244
 10
47.481
 20
19.266
 10
47.503
 20
19.287
 10
47.526
 20
19.307
 10
47.551
 20
19.325
 10
47.576
 20
19.342
 10
47.602
 20
19.359
 10
47.629
 20
19.373
 10
47.657
 20
19.387
 10
47.687
 20
19.4
 10
47.717
 20
19.411
 10
47.748
 20
19.421
 10
47.779
 20
19.429
 10
47.812
 20
19.436
 10
47.844
 20
19.441
 10
47.878
 20
19.445
 10
47.912
 20
19.447
 10
47.947
 20
19.448
 10
47.982
 20
19.447
 10
48.017
 20
19.445
 10
48.051
 20
19.441
 10
48.084
 20
19.436
 10
48.116
 20
19.429
 10
48.148
 20
19.421
 10
48.179
 20
19.411
 10
48.209
 20
19.4
 10
48.239
 20
19.387
 10
48.267
 20
19.373
 10
48.294
 20
19.359
 10
48.321
 20
19.342
 10
48.346
 20
19.325
 10
48.37
 20
19.307
 10
48.393
 20
19.287
 10
48.415
 20
19.266
 10
48.436
 20
19.244
 10
48.455
 20
19.221
 10
48.474
 20
19.197
 10
48.491
 20
19.172
 10
48.507
 20
19.147
 10
48.522
 20
19.12
 10
48.536
 20
19.092
 10
48.549
 20
19.063
 10
48.56
 20
19.034
 10
48.57
 20
19.003
 10
48.578
 20
18.973
 10
48.585
 20
18.941
 10
48.59
 20
18.909
 10
48.594
 20
18.876
 10
48.596
 20
18.843
 10
48.597
 20
18.808
 97
0
 92
3
 72
0
 73
1
 93
129
 10
48.41
 20
18.808
 10
48.409
 20
18.834
 10
48.408
 20
18.858
 10
48.405
 20
18.883
 10
48.401
 20
18.907
 10
48.397
 20
18.931
 10
48.391
 20
18.954
 10
48.385
 20
18.977
 10
48.377
 20
18.999
 10
48.369
 20
19.022
 10
48.359
 20
19.043
 10
48.349
 20
19.063
 10
48.338
 20
19.083
 10
48.326
 20
19.102
 10
48.313
 20
19.121
 10
48.299
 20
19.139
 10
48.285
 20
19.156
 10
48.269
 20
19.172
 10
48.253
 20
19.187
 10
48.236
 20
19.201
 10
48.219
 20
19.215
 10
48.2
 20
19.228
 10
48.18
 20
19.24
 10
48.16
 20
19.251
 10
48.139
 20
19.261
 10
48.117
 20
19.27
 10
48.095
 20
19.278
 10
48.072
 20
19.285
 10
48.048
 20
19.29
 10
48.024
 20
19.294
 10
47.999
 20
19.297
 10
47.973
 20
19.299
 10
47.947
 20
19.3
 10
47.92
 20
19.299
 10
47.895
 20
19.297
 10
47.87
 20
19.294
 10
47.846
 20
19.29
 10
47.822
 20
19.285
 10
47.799
 20
19.278
 10
47.777
 20
19.27
 10
47.756
 20
19.261
 10
47.735
 20
19.251
 10
47.715
 20
19.24
 10
47.696
 20
19.228
 10
47.677
 20
19.215
 10
47.66
 20
19.201
 10
47.643
 20
19.187
 10
47.627
 20
19.172
 10
47.611
 20
19.156
 10
47.597
 20
19.139
 10
47.583
 20
19.121
 10
47.57
 20
19.102
 10
47.558
 20
19.083
 10
47.547
 20
19.063
 10
47.537
 20
19.043
 10
47.528
 20
19.022
 10
47.519
 20
18.999
 10
47.511
 20
18.977
 10
47.505
 20
18.954
 10
47.499
 20
18.931
 10
47.495
 20
18.907
 10
47.491
 20
18.883
 10
47.489
 20
18.858
 10
47.487
 20
18.834
 10
47.487
 20
18.808
 10
47.487
 20
18.783
 10
47.489
 20
18.758
 10
47.491
 20
18.734
 10
47.495
 20
18.71
 10
47.499
 20
18.686
 10
47.505
 20
18.663
 10
47.511
 20
18.64
 10
47.519
 20
18.617
 10
47.528
 20
18.595
 10
47.537
 20
18.574
 10
47.547
 20
18.553
 10
47.558
 20
18.533
 10
47.57
 20
18.514
 10
47.583
 20
18.496
 10
47.597
 20
18.478
 10
47.611
 20
18.461
 10
47.627
 20
18.445
 10
47.643
 20
18.43
 10
47.66
 20
18.416
 10
47.677
 20
18.402
 10
47.696
 20
18.39
 10
47.715
 20
18.378
 10
47.735
 20
18.367
 10
47.756
 20
18.357
 10
47.777
 20
18.348
 10
47.799
 20
18.341
 10
47.822
 20
18.334
 10
47.846
 20
18.329
 10
47.87
 20
18.325
 10
47.895
 20
18.322
 10
47.92
 20
18.32
 10
47.947
 20
18.32
 10
47.973
 20
18.32
 10
47.999
 20
18.322
 10
48.024
 20
18.325
 10
48.048
 20
18.329
 10
48.072
 20
18.334
 10
48.095
 20
18.341
 10
48.117
 20
18.348
 10
48.139
 20
18.357
 10
48.16
 20
18.367
 10
48.18
 20
18.378
 10
48.2
 20
18.39
 10
48.219
 20
18.402
 10
48.236
 20
18.416
 10
48.253
 20
18.43
 10
48.269
 20
18.445
 10
48.285
 20
18.461
 10
48.299
 20
18.478
 10
48.313
 20
18.496
 10
48.326
 20
18.514
 10
48.338
 20
18.533
 10
48.349
 20
18.553
 10
48.359
 20
18.574
 10
48.369
 20
18.595
 10
48.377
 20
18.617
 10
48.385
 20
18.64
 10
48.391
 20
18.663
 10
48.397
 20
18.686
 10
48.401
 20
18.71
 10
48.405
 20
18.734
 10
48.408
 20
18.758
 10
48.409
 20
18.783
 10
48.41
 20
18.808
 97
0
 75
0
 76
1
 98
0
  0
HATCH
  5
B4
330
17
100
AcDbEntity
  8
RASTER
 62
7
100
AcDbHatch
 10
0.0
 20
0.0
 30
0.0
210
0.0
220
0.0
230
1.0
  2
SOLID
 70
1
 71
0
 91
1
 92
3
 72
0
 73
1
 93
119
 10
48.976
 20
19.149
 10
48.976
 20
19.162
 10
48.976
 20
19.175
 10
48.976
 20
19.19
 10
48.976
 20
19.206
 10
48.975
 20
19.222
 10
48.975
 20
19.239
 10
48.974
 20
19.257
 10
48.974
 20
19.276
 10
48.973
 20
19.296
 10
48.972
 20
19.314
 10
48.971
 20
19.333
 10
48.971
 20
19.351
 10
48.97
 20
19.368
 10
48.968
 20
19.385
 10
48.967
 20
19.401
 10
48.966
 20
19.417
 10
49.135
 20
19.417
 10
49.136
 20
19.404
 10
49.137
 20
19.391
 10
49.139
 20
19.378
 10
49.14
 20
19.365
 10
49.14
 20
19.351
 10
49.141
 20
19.337
 10
49.142
 20
19.322
 10
49.143
 20
19.308
 10
49.143
 20
19.293
 10
49.144
 20
19.279
 10
49.144
 20
19.266
 10
49.145
 20
19.253
 10
49.145
 20
19.241
 10
49.145
 20
19.23
 10
49.145
 20
19.219
 10
49.145
 20
19.209
 10
49.151
 20
19.209
 10
49.164
 20
19.235
 10
49.18
 20
19.26
 10
49.197
 20
19.283
 10
49.216
 20
19.305
 10
49.236
 20
19.326
 10
49.258
 20
19.346
 10
49.281
 20
19.364
 10
49.307
 20
19.382
 10
49.333
 20
19.397
 10
49.36
 20
19.411
 10
49.388
 20
19.422
 10
49.417
 20
19.431
 10
49.447
 20
19.439
 10
49.477
 20
19.444
 10
49.509
 20
19.447
 10
49.541
 20
19.448
 10
49.549
 20
19.448
 10
49.557
 20
19.448
 10
49.565
 20
19.448
 10
49.573
 20
19.447
 10
49.58
 20
19.447
 10
49.588
 20
19.447
 10
49.595
 20
19.446
 10
49.602
 20
19.445
 10
49.609
 20
19.445
 10
49.615
 20
19.444
 10
49.622
 20
19.443
 10
49.629
 20
19.441
 10
49.636
 20
19.44
 10
49.643
 20
19.439
 10
49.65
 20
19.437
 10
49.658
 20
19.435
 10
49.634
 20
19.269
 10
49.63
 20
19.27
 10
49.625
 20
19.271
 10
49.62
 20
19.273
 10
49.613
 20
19.274
 10
49.607
 20
19.275
 10
49.599
 20
19.276
 10
49.591
 20
19.278
 10
49.582
 20
19.279
 10
49.573
 20
19.28
 10
49.564
 20
19.281
 10
49.555
 20
19.282
 10
49.546
 20
19.283
 10
49.537
 20
19.283
 10
49.528
 20
19.284
 10
49.519
 20
19.284
 10
49.509
 20
19.284
 10
49.492
 20
19.284
 10
49.475
 20
19.283
 10
49.457
 20
19.281
 10
49.441
 20
19.278
 10
49.424
 20
19.274
 10
49.407
 20
19.27
 10
49.391
 20
19.264
 10
49.374
 20
19.258
 10
49.358
 20
19.251
 10
49.343
 20
19.243
 10
49.328
 20
19.234
 10
49.313
 20
19.225
 10
49.3
 20
19.214
 10
49.286
 20
19.202
 10
49.273
 20
19.19
 10
49.261
 20
19.176
 10
49.249
 20
19.162
 10
49.238
 20
19.146
 10
49.228
 20
19.13
 10
49.218
 20
19.113
 10
49.208
 20
19.094
 10
49.199
 20
19.075
 10
49.191
 20
19.055
 10
49.183
 20
19.033
 10
49.176
 20
19.011
 10
49.17
 20
18.988
 10
49.165
 20
18.963
 10
49.161
 20
18.937
 10
49.157
 20
18.911
 10
49.155
 20
18.883
 10
49.154
 20
18.854
 10
49.153
 20
18.824
 10
49.153
 20
18.2
 10
48.976
 20
18.2
 10
48.976
 20
19.149
 97
0
 75
0
 76
1
 98
0
  0
HATCH
  5
B5
330
17
100
AcDbEntity
  8
RASTER
 62
7
100
AcDbHatch
 10
0.0
 20
0.0
 30
0.0
210
0.0
220
0.0
230
1.0
  2
SOLID
 70
1
 71
0
 91
1
 92
3
 72
0
 73
1
 93
183
 10
51.639
 20
18.2
 10
50.461
 20
18.2
 10
50.461
 20
18.395
 10
51.215
 20
19.157
 10
51.225
 20
19.167
 10
51.236
 20
19.178
 10
51.246
 20
19.189
 10
51.256
 20
19.2
 10
51.266
 20
19.211
 10
51.277
 20
19.223
 10
51.287
 20
19.235
 10
51.297
 20
19.246
 10
51.307
 20
19.259
 10
51.316
 20
19.271
 10
51.326
 20
19.283
 10
51.335
 20
19.296
 10
51.344
 20
19.308
 10
51.352
 20
19.321
 10
51.36
 20
19.334
 10
51.368
 20
19.347
 10
51.376
 20
19.36
 10
51.383
 20
19.373
 10
51.39
 20
19.387
 10
51.396
 20
19.4
 10
51.402
 20
19.414
 10
51.408
 20
19.428
 10
51.413
 20
19.443
 10
51.418
 20
19.457
 10
51.422
 20
19.472
 10
51.426
 20
19.487
 10
51.429
 20
19.502
 10
51.431
 20
19.517
 10
51.433
 20
19.532
 10
51.435
 20
19.547
 10
51.436
 20
19.562
 10
51.436
 20
19.578
 10
51.436
 20
19.598
 10
51.434
 20
19.617
 10
51.432
 20
19.636
 10
51.429
 20
19.655
 10
51.425
 20
19.673
 10
51.42
 20
19.69
 10
51.414
 20
19.707
 10
51.407
 20
19.724
 10
51.4
 20
19.74
 10
51.392
 20
19.755
 10
51.383
 20
19.77
 10
51.373
 20
19.784
 10
51.363
 20
19.797
 10
51.352
 20
19.81
 10
51.34
 20
19.822
 10
51.328
 20
19.834
 10
51.315
 20
19.845
 10
51.302
 20
19.856
 10
51.288
 20
19.865
 10
51.274
 20
19.874
 10
51.259
 20
19.883
 10
51.243
 20
19.891
 10
51.227
 20
19.898
 10
51.211
 20
19.904
 10
51.194
 20
19.91
 10
51.178
 20
19.915
 10
51.16
 20
19.919
 10
51.143
 20
19.923
 10
51.126
 20
19.926
 10
51.108
 20
19.927
 10
51.09
 20
19.929
 10
51.072
 20
19.929
 10
51.036
 20
19.928
 10
51.001
 20
19.923
 10
50.967
 20
19.916
 10
50.936
 20
19.906
 10
50.905
 20
19.893
 10
50.876
 20
19.877
 10
50.848
 20
19.858
 10
50.822
 20
19.837
 10
50.798
 20
19.813
 10
50.776
 20
19.787
 10
50.757
 20
19.76
 10
50.739
 20
19.732
 10
50.724
 20
19.702
 10
50.711
 20
19.67
 10
50.701
 20
19.636
 10
50.692
 20
19.601
 10
50.508
 20
19.638
 10
50.513
 20
19.662
 10
50.519
 20
19.685
 10
50.526
 20
19.708
 10
50.534
 20
19.731
 10
50.543
 20
19.753
 10
50.553
 20
19.775
 10
50.565
 20
19.796
 10
50.577
 20
19.817
 10
50.59
 20
19.838
 10
50.604
 20
19.857
 10
50.618
 20
19.876
 10
50.633
 20
19.895
 10
50.649
 20
19.912
 10
50.666
 20
19.929
 10
50.683
 20
19.945
 10
50.702
 20
19.96
 10
50.72
 20
19.975
 10
50.74
 20
19.988
 10
50.76
 20
20.001
 10
50.78
 20
20.014
 10
50.802
 20
20.025
 10
50.824
 20
20.035
 10
50.846
 20
20.045
 10
50.869
 20
20.054
 10
50.893
 20
20.062
 10
50.917
 20
20.069
 10
50.942
 20
20.074
 10
50.967
 20
20.079
 10
50.992
 20
20.083
 10
51.018
 20
20.085
 10
51.045
 20
20.087
 10
51.072
 20
20.088
 10
51.1
 20
20.087
 10
51.127
 20
20.086
 10
51.154
 20
20.083
 10
51.181
 20
20.079
 10
51.207
 20
20.075
 10
51.233
 20
20.069
 10
51.259
 20
20.063
 10
51.284
 20
20.055
 10
51.309
 20
20.046
 10
51.332
 20
20.037
 10
51.356
 20
20.026
 10
51.378
 20
20.015
 10
51.399
 20
20.002
 10
51.42
 20
19.989
 10
51.44
 20
19.974
 10
51.459
 20
19.959
 10
51.478
 20
19.942
 10
51.495
 20
19.925
 10
51.512
 20
19.907
 10
51.527
 20
19.887
 10
51.542
 20
19.867
 10
51.556
 20
19.846
 10
51.568
 20
19.824
 10
51.58
 20
19.8
 10
51.591
 20
19.776
 10
51.6
 20
19.751
 10
51.608
 20
19.725
 10
51.614
 20
19.698
 10
51.619
 20
19.67
 10
51.623
 20
19.641
 10
51.625
 20
19.611
 10
51.626
 20
19.581
 10
51.625
 20
19.559
 10
51.624
 20
19.537
 10
51.622
 20
19.516
 10
51.62
 20
19.495
 10
51.616
 20
19.475
 10
51.612
 20
19.455
 10
51.607
 20
19.436
 10
51.601
 20
19.417
 10
51.595
 20
19.398
 10
51.588
 20
19.38
 10
51.58
 20
19.361
 10
51.573
 20
19.343
 10
51.564
 20
19.326
 10
51.555
 20
19.308
 10
51.546
 20
19.291
 10
51.536
 20
19.274
 10
51.526
 20
19.257
 10
51.515
 20
19.24
 10
51.504
 20
19.224
 10
51.492
 20
19.208
 10
51.48
 20
19.192
 10
51.468
 20
19.176
 10
51.455
 20
19.16
 10
51.441
 20
19.145
 10
51.427
 20
19.13
 10
51.414
 20
19.115
 10
51.4
 20
19.099
 10
51.385
 20
19.084
 10
51.371
 20
19.069
 10
51.356
 20
19.054
 10
51.342
 20
19.039
 10
51.327
 20
19.024
 10
50.664
 20
18.366
 10
51.639
 20
18.366
 97
0
 75
0
 76
1
 98
0
  0
HATCH
  5
B6
330
17
100
AcDbEntity
  8
RASTER
 62
7
100
AcDbHatch
 10
0.0
 20
0.0
 30
0.0
210
0.0
220
0.0
230
1.0
  2
SOLID
 70
1
 71
0
 91
2
 92
3
 72
0
 73
1
 93
19
 10
53.775
 20
20.835
 10
54.439
 20
20.83
 10
55.092
 20
20.565
 10
55.525
 20
20.122
 10
55.787
 20
19.484
 10
55.835
 20
19.194
 10
55.789
 20
18.699
 10
55.52
 20
18.063
 10
55.118
 20
17.639
 10
54.469
 20
17.376
 10
53.976
 20
17.333
 10
53.636
 20
17.38
 10
53.1
 20
17.598
 10
52.608
 20
18.079
 10
52.339
 20
18.708
 10
52.363
 20
19.553
 10
52.604
 20
20.106
 10
53.097
 20
20.577
 10
53.461
 20
20.76
 97
0
 92
3
 72
0
 73
1
 93
20
 10
53.809
 20
20.535
 10
53.564
 20
20.477
 10
53.272
 20
20.329
 10
52.855
 20
19.931
 10
52.661
 20
19.486
 10
52.641
 20
18.765
 10
52.861
 20
18.252
 10
53.268
 20
17.854
 10
53.715
 20
17.672
 10
53.983
 20
17.635
 10
54.398
 20
17.671
 10
54.945
 20
17.892
 10
55.265
 20
18.229
 10
55.494
 20
18.773
 10
55.533
 20
19.183
 10
55.496
 20
19.401
 10
55.269
 20
19.954
 10
54.921
 20
20.311
 10
54.379
 20
20.53
 10
53.809
 20
20.535
 97
0
 75
0
 76
1
 98
0
  0
HATCH
  5
B7
330
17
100
AcDbEntity
  8
RASTER
 62
7
100
AcDbHatch
 10
0.0
 20
0.0
 30
0.0
210
0.0
220
0.0
230
1.0
  2
SOLID
 70
1
 71
0
 91
12
 92
3
 72
0
 73
1
 93
32
 10
53.863
 20
20.638
 10
54.3
 20
20.646
 10
54.523
 20
20.596
 10
54.851
 20
20.455
 10
55.074
 20
20.307
 10
55.246
 20
20.134
 10
55.444
 20
19.838
 10
55.585
 20
19.46
 10
55.634
 20
19.213
 10
55.634
 20
18.991
 10
55.535
 20
18.546
 10
55.296
 20
18.119
 10
54.999
 20
17.822
 10
54.622
 20
17.632
 10
54.202
 20
17.533
 10
53.955
 20
17.533
 10
53.905
 20
17.558
 10
53.658
 20
17.583
 10
53.51
 20
17.632
 10
53.157
 20
17.822
 10
52.885
 20
18.069
 10
52.762
 20
18.242
 10
52.596
 20
18.571
 10
52.522
 20
18.867
 10
52.522
 20
19.262
 10
52.571
 20
19.509
 10
52.712
 20
19.863
 10
52.885
 20
20.11
 10
53.033
 20
20.258
 10
53.231
 20
20.406
 10
53.51
 20
20.547
 10
53.732
 20
20.621
 97
0
 92
3
 72
0
 73
1
 93
37
 10
54.078
 20
20.596
 10
54.029
 20
20.571
 10
53.831
 20
20.571
 10
53.51
 20
20.473
 10
53.28
 20
20.357
 10
53.009
 20
20.159
 10
52.836
 20
19.937
 10
52.695
 20
19.658
 10
52.621
 20
19.435
 10
52.596
 20
19.139
 10
52.571
 20
19.089
 10
52.596
 20
18.818
 10
52.67
 20
18.571
 10
52.811
 20
18.292
 10
52.935
 20
18.119
 10
53.182
 20
17.896
 10
53.535
 20
17.706
 10
53.782
 20
17.632
 10
53.979
 20
17.632
 10
54.029
 20
17.607
 10
54.128
 20
17.632
 10
54.325
 20
17.632
 10
54.646
 20
17.731
 10
55.024
 20
17.946
 10
55.246
 20
18.193
 10
55.461
 20
18.595
 10
55.535
 20
18.867
 10
55.535
 20
19.015
 10
55.56
 20
19.065
 10
55.535
 20
19.336
 10
55.437
 20
19.658
 10
55.271
 20
19.986
 10
55.207
 20
20.045
 10
55.172
 20
20.11
 10
54.95
 20
20.307
 10
54.597
 20
20.497
 10
54.35
 20
20.571
 97
0
 92
3
 72
0
 73
1
 93
30
 10
53.987
 20
20.317
 10
54.103
 20
20.324
 10
54.473
 20
20.25
 10
54.752
 20
20.11
 10
54.851
 20
20.035
 10
55.049
 20
19.813
 10
55.19
 20
19.534
 10
55.264
 20
19.287
 10
55.264
 20
18.892
 10
55.19
 20
18.645
 10
55.049
 20
18.39
 10
54.802
 20
18.143
 10
54.654
 20
18.045
 10
54.3
 20
17.904
 10
54.202
 20
17.904
 10
54.152
 20
17.879
 10
54.029
 20
17.879
 10
53.979
 20
17.904
 10
53.757
 20
17.929
 10
53.609
 20
17.978
 10
53.305
 20
18.143
 10
53.157
 20
18.292
 10
53.009
 20
18.514
 10
52.868
 20
18.892
 10
52.868
 20
19.336
 10
52.917
 20
19.509
 10
53.083
 20
19.813
 10
53.354
 20
20.085
 10
53.503
 20
20.184
 10
53.806
 20
20.3
 97
0
 92
3
 72
0
 73
1
 93
35
 10
53.881
 20
20.25
 10
53.683
 20
20.201
 10
53.453
 20
20.085
 10
53.157
 20
19.813
 10
53.083
 20
19.714
 10
52.942
 20
19.386
 10
52.942
 20
19.287
 10
52.917
 20
19.238
 10
52.917
 20
18.966
 10
52.991
 20
18.694
 10
53.107
 20
18.465
 10
53.256
 20
18.267
 10
53.404
 20
18.143
 10
53.559
 20
18.052
 10
53.856
 20
17.953
 10
53.979
 20
17.953
 10
54.029
 20
17.929
 10
54.3
 20
17.953
 10
54.449
 20
18.003
 10
54.752
 20
18.168
 10
54.836
 20
18.257
 10
54.901
 20
18.292
 10
55.024
 20
18.44
 10
55.19
 20
18.768
 10
55.214
 20
19.015
 10
55.239
 20
19.065
 10
55.214
 20
19.139
 10
55.214
 20
19.287
 10
55.165
 20
19.46
 10
55.049
 20
19.714
 10
54.901
 20
19.912
 10
54.752
 20
20.035
 10
54.498
 20
20.176
 10
54.35
 20
20.226
 10
54.226
 20
20.25
 97
0
 92
3
 72
0
 73
1
 93
32
 10
53.962
 20
20.07
 10
54.177
 20
20.077
 10
54.357
 20
19.986
 10
54.407
 20
19.937
 10
54.491
 20
19.774
 10
54.565
 20
19.7
 10
54.72
 20
19.658
 10
54.77
 20
19.608
 10
54.752
 20
19.502
 10
54.654
 20
19.403
 10
54.555
 20
19.354
 10
54.572
 20
19.139
 10
54.505
 20
19.008
 10
54.357
 20
18.934
 10
54.333
 20
18.81
 10
54.251
 20
18.744
 10
54.17
 20
18.761
 10
53.905
 20
18.744
 10
53.824
 20
18.786
 10
53.789
 20
18.924
 10
53.626
 20
19.008
 10
53.584
 20
19.089
 10
53.559
 20
19.213
 10
53.584
 20
19.262
 10
53.577
 20
19.354
 10
53.478
 20
19.403
 10
53.404
 20
19.477
 10
53.362
 20
19.559
 10
53.394
 20
19.65
 10
53.592
 20
19.7
 10
53.75
 20
19.937
 10
53.824
 20
20.011
 97
0
 92
3
 72
0
 73
1
 93
21
 10
53.955
 20
20.028
 10
53.799
 20
19.937
 10
53.651
 20
19.69
 10
53.559
 20
19.633
 10
53.485
 20
19.633
 10
53.419
 20
19.601
 10
53.453
 20
19.502
 10
53.527
 20
19.428
 10
53.609
 20
19.411
 10
53.806
 20
19.485
 10
54.128
 20
19.509
 10
54.177
 20
19.485
 10
54.35
 20
19.485
 10
54.572
 20
19.411
 10
54.703
 20
19.527
 10
54.713
 20
19.601
 10
54.572
 20
19.633
 10
54.481
 20
19.69
 10
54.357
 20
19.912
 10
54.308
 20
19.961
 10
54.177
 20
20.028
 97
0
 92
3
 72
0
 73
1
 93
24
 10
53.937
 20
19.872
 10
53.972
 20
19.872
 10
53.987
 20
19.813
 10
54.061
 20
19.764
 10
54.145
 20
19.813
 10
54.16
 20
19.872
 10
54.219
 20
19.872
 10
54.244
 20
19.788
 10
54.128
 20
19.732
 10
54.244
 20
19.675
 10
54.219
 20
19.591
 10
54.17
 20
19.601
 10
54.145
 20
19.65
 10
54.078
 20
19.682
 10
54.021
 20
19.665
 10
53.972
 20
19.591
 10
53.923
 20
19.601
 10
53.888
 20
19.675
 10
53.955
 20
19.682
 10
54.004
 20
19.732
 10
53.987
 20
19.764
 10
53.955
 20
19.781
 10
53.913
 20
19.764
 10
53.881
 20
19.806
 97
0
 92
3
 72
0
 73
1
 93
23
 10
54.004
 20
19.46
 10
53.955
 20
19.435
 10
53.732
 20
19.411
 10
53.651
 20
19.369
 10
53.609
 20
19.287
 10
53.609
 20
19.164
 10
53.676
 20
19.033
 10
53.814
 20
18.973
 10
53.873
 20
18.81
 10
53.947
 20
18.801
 10
53.997
 20
18.884
 10
54.011
 20
18.801
 10
54.103
 20
18.793
 10
54.152
 20
18.892
 10
54.194
 20
18.81
 10
54.226
 20
18.793
 10
54.293
 20
18.85
 10
54.308
 20
18.959
 10
54.481
 20
19.057
 10
54.523
 20
19.139
 10
54.523
 20
19.287
 10
54.491
 20
19.378
 10
54.424
 20
19.411
 97
0
 92
3
 72
0
 73
1
 93
8
 10
54.283
 20
19.329
 10
54.382
 20
19.294
 10
54.399
 20
19.262
 10
54.399
 20
19.164
 10
54.325
 20
19.089
 10
54.244
 20
19.107
 10
54.177
 20
19.213
 10
54.219
 20
19.294
 97
0
 92
3
 72
0
 73
1
 93
8
 10
53.789
 20
19.304
 10
53.881
 20
19.312
 10
53.937
 20
19.27
 10
53.955
 20
19.188
 10
53.923
 20
19.122
 10
53.806
 20
19.089
 10
53.75
 20
19.131
 10
53.732
 20
19.238
 97
0
 92
3
 72
0
 73
1
 93
7
 10
54.061
 20
19.156
 10
54.128
 20
19.089
 10
54.128
 20
19.04
 10
54.103
 20
19.015
 10
54.071
 20
19.033
 10
54.029
 20
19.015
 10
54.004
 20
19.04
 97
0
 92
3
 72
0
 73
1
 93
35
 10
54.036
 20
18.662
 10
54.078
 20
18.67
 10
54.135
 20
18.628
 10
54.152
 20
18.571
 10
54.103
 20
18.497
 10
54.202
 20
18.447
 10
54.103
 20
18.398
 10
54.11
 20
18.183
 10
54.152
 20
18.176
 10
54.234
 20
18.218
 10
54.276
 20
18.274
 10
54.258
 20
18.341
 10
54.35
 20
18.398
 10
54.399
 20
18.274
 10
54.375
 20
18.25
 10
54.333
 20
18.267
 10
54.234
 20
18.143
 10
54.078
 20
18.052
 10
53.873
 20
18.168
 10
53.824
 20
18.242
 10
53.757
 20
18.274
 10
53.757
 20
18.324
 10
53.799
 20
18.39
 10
53.888
 20
18.331
 10
53.898
 20
18.307
 10
53.863
 20
18.282
 10
53.923
 20
18.218
 10
54.021
 20
18.183
 10
54.053
 20
18.299
 10
54.053
 20
18.398
 10
53.93
 20
18.447
 10
53.955
 20
18.472
 10
54.046
 20
18.479
 10
54.004
 20
18.546
 10
54.004
 20
18.62
 97
0
 75
0
 76
1
 98
0
  0
HATCH
  5
B8
330
17
100
AcDbEntity
  8
RASTER
 62
7
100
AcDbHatch
 10
0.0
 20
0.0
 30
0.0
210
0.0
220
0.0
230
1.0
  2
SOLID
 70
1
 71
0
 91
1
 92
3
 72
0
 73
1
 93
210
 10
10.531
 20
14.809
 10
10.513
 20
14.833
 10
10.492
 20
14.855
 10
10.471
 20
14.876
 10
10.448
 20
14.895
 10
10.423
 20
14.912
 10
10.397
 20
14.927
 10
10.37
 20
14.941
 10
10.342
 20
14.953
 10
10.312
 20
14.964
 10
10.283
 20
14.973
 10
10.255
 20
14.981
 10
10.226
 20
14.988
 10
10.197
 20
14.993
 10
10.169
 20
14.996
 10
10.141
 20
14.998
 10
10.113
 20
14.999
 10
10.077
 20
14.998
 10
10.043
 20
14.996
 10
10.009
 20
14.992
 10
9.976
 20
14.986
 10
9.944
 20
14.979
 10
9.913
 20
14.97
 10
9.882
 20
14.959
 10
9.853
 20
14.947
 10
9.824
 20
14.933
 10
9.796
 20
14.919
 10
9.77
 20
14.903
 10
9.744
 20
14.885
 10
9.719
 20
14.867
 10
9.696
 20
14.847
 10
9.673
 20
14.826
 10
9.651
 20
14.804
 10
9.631
 20
14.781
 10
9.611
 20
14.757
 10
9.593
 20
14.731
 10
9.577
 20
14.705
 10
9.561
 20
14.678
 10
9.546
 20
14.65
 10
9.533
 20
14.621
 10
9.521
 20
14.591
 10
9.511
 20
14.56
 10
9.501
 20
14.528
 10
9.494
 20
14.496
 10
9.487
 20
14.463
 10
9.482
 20
14.43
 10
9.479
 20
14.396
 10
9.477
 20
14.361
 10
9.476
 20
14.326
 10
9.476
 20
14.288
 10
9.479
 20
14.252
 10
9.482
 20
14.216
 10
9.487
 20
14.181
 10
9.493
 20
14.147
 10
9.501
 20
14.114
 10
9.51
 20
14.082
 10
9.52
 20
14.05
 10
9.532
 20
14.019
 10
9.544
 20
13.99
 10
9.558
 20
13.961
 10
9.574
 20
13.934
 10
9.59
 20
13.908
 10
9.608
 20
13.883
 10
9.626
 20
13.858
 10
9.646
 20
13.835
 10
9.667
 20
13.814
 10
9.689
 20
13.793
 10
9.712
 20
13.774
 10
9.736
 20
13.756
 10
9.761
 20
13.739
 10
9.787
 20
13.724
 10
9.814
 20
13.709
 10
9.842
 20
13.696
 10
9.871
 20
13.685
 10
9.901
 20
13.675
 10
9.932
 20
13.666
 10
9.964
 20
13.659
 10
9.997
 20
13.654
 10
10.03
 20
13.65
 10
10.064
 20
13.648
 10
10.1
 20
13.647
 10
10.136
 20
13.648
 10
10.172
 20
13.651
 10
10.206
 20
13.655
 10
10.24
 20
13.662
 10
10.272
 20
13.67
 10
10.303
 20
13.68
 10
10.333
 20
13.692
 10
10.362
 20
13.706
 10
10.39
 20
13.721
 10
10.417
 20
13.737
 10
10.442
 20
13.755
 10
10.466
 20
13.773
 10
10.488
 20
13.793
 10
10.509
 20
13.814
 10
10.529
 20
13.837
 10
10.547
 20
13.86
 10
10.81
 20
13.676
 10
10.778
 20
13.638
 10
10.745
 20
13.603
 10
10.71
 20
13.57
 10
10.674
 20
13.539
 10
10.636
 20
13.511
 10
10.596
 20
13.484
 10
10.554
 20
13.46
 10
10.511
 20
13.438
 10
10.465
 20
13.418
 10
10.418
 20
13.401
 10
10.37
 20
13.386
 10
10.319
 20
13.374
 10
10.266
 20
13.365
 10
10.212
 20
13.358
 10
10.155
 20
13.355
 10
10.097
 20
13.353
 10
10.044
 20
13.354
 10
9.991
 20
13.358
 10
9.94
 20
13.363
 10
9.89
 20
13.371
 10
9.841
 20
13.381
 10
9.793
 20
13.393
 10
9.746
 20
13.408
 10
9.701
 20
13.425
 10
9.656
 20
13.443
 10
9.614
 20
13.464
 10
9.572
 20
13.486
 10
9.533
 20
13.51
 10
9.495
 20
13.536
 10
9.458
 20
13.564
 10
9.423
 20
13.594
 10
9.39
 20
13.625
 10
9.358
 20
13.658
 10
9.329
 20
13.692
 10
9.301
 20
13.728
 10
9.274
 20
13.766
 10
9.25
 20
13.805
 10
9.227
 20
13.846
 10
9.206
 20
13.888
 10
9.187
 20
13.932
 10
9.17
 20
13.977
 10
9.155
 20
14.023
 10
9.143
 20
14.071
 10
9.133
 20
14.119
 10
9.125
 20
14.169
 10
9.119
 20
14.22
 10
9.116
 20
14.272
 10
9.114
 20
14.326
 10
9.116
 20
14.38
 10
9.119
 20
14.433
 10
9.125
 20
14.485
 10
9.134
 20
14.536
 10
9.144
 20
14.585
 10
9.158
 20
14.633
 10
9.173
 20
14.68
 10
9.191
 20
14.725
 10
9.211
 20
14.768
 10
9.233
 20
14.81
 10
9.257
 20
14.851
 10
9.282
 20
14.889
 10
9.309
 20
14.927
 10
9.338
 20
14.962
 10
9.369
 20
14.996
 10
9.402
 20
15.028
 10
9.436
 20
15.058
 10
9.472
 20
15.086
 10
9.509
 20
15.113
 10
9.548
 20
15.138
 10
9.588
 20
15.161
 10
9.63
 20
15.183
 10
9.673
 20
15.202
 10
9.718
 20
15.22
 10
9.764
 20
15.236
 10
9.811
 20
15.25
 10
9.858
 20
15.261
 10
9.907
 20
15.271
 10
9.957
 20
15.278
 10
10.008
 20
15.283
 10
10.06
 20
15.287
 10
10.113
 20
15.288
 10
10.135
 20
15.287
 10
10.157
 20
15.287
 10
10.18
 20
15.285
 10
10.203
 20
15.283
 10
10.226
 20
15.281
 10
10.25
 20
15.278
 10
10.273
 20
15.275
 10
10.297
 20
15.271
 10
10.321
 20
15.266
 10
10.345
 20
15.261
 10
10.368
 20
15.255
 10
10.392
 20
15.249
 10
10.415
 20
15.242
 10
10.437
 20
15.235
 10
10.46
 20
15.227
 10
10.482
 20
15.219
 10
10.504
 20
15.21
 10
10.526
 20
15.2
 10
10.547
 20
15.19
 10
10.568
 20
15.179
 10
10.588
 20
15.168
 10
10.609
 20
15.157
 10
10.629
 20
15.144
 10
10.648
 20
15.132
 10
10.668
 20
15.118
 10
10.686
 20
15.104
 10
10.704
 20
15.09
 10
10.721
 20
15.074
 10
10.737
 20
15.058
 10
10.752
 20
15.042
 10
10.767
 20
15.025
 10
10.781
 20
15.007
 97
0
 75
0
 76
1
 98
0
  0
HATCH
  5
B9
330
17
100
AcDbEntity
  8
RASTER
 62
7
100
AcDbHatch
 10
0.0
 20
0.0
 30
0.0
210
0.0
220
0.0
230
1.0
  2
SOLID
 70
1
 71
0
 91
2
 92
3
 72
0
 73
1
 93
166
 10
11.772
 20
13.559
 10
11.764
 20
13.559
 10
11.751
 20
13.538
 10
11.737
 20
13.519
 10
11.721
 20
13.5
 10
11.703
 20
13.483
 10
11.683
 20
13.466
 10
11.661
 20
13.451
 10
11.638
 20
13.436
 10
11.613
 20
13.422
 10
11.587
 20
13.41
 10
11.559
 20
13.399
 10
11.531
 20
13.39
 10
11.502
 20
13.382
 10
11.472
 20
13.376
 10
11.441
 20
13.372
 10
11.409
 20
13.37
 10
11.376
 20
13.369
 10
11.357
 20
13.369
 10
11.338
 20
13.37
 10
11.319
 20
13.372
 10
11.299
 20
13.374
 10
11.28
 20
13.376
 10
11.26
 20
13.38
 10
11.239
 20
13.384
 10
11.219
 20
13.388
 10
11.199
 20
13.394
 10
11.179
 20
13.4
 10
11.16
 20
13.407
 10
11.14
 20
13.414
 10
11.122
 20
13.423
 10
11.104
 20
13.432
 10
11.086
 20
13.442
 10
11.068
 20
13.453
 10
11.051
 20
13.465
 10
11.035
 20
13.478
 10
11.02
 20
13.491
 10
11.005
 20
13.506
 10
10.991
 20
13.521
 10
10.978
 20
13.538
 10
10.966
 20
13.555
 10
10.954
 20
13.573
 10
10.943
 20
13.592
 10
10.934
 20
13.612
 10
10.926
 20
13.633
 10
10.92
 20
13.656
 10
10.915
 20
13.679
 10
10.911
 20
13.704
 10
10.909
 20
13.729
 10
10.908
 20
13.756
 10
10.91
 20
13.79
 10
10.913
 20
13.823
 10
10.92
 20
13.853
 10
10.928
 20
13.882
 10
10.939
 20
13.909
 10
10.953
 20
13.935
 10
10.969
 20
13.958
 10
10.988
 20
13.98
 10
11.008
 20
14.0
 10
11.03
 20
14.019
 10
11.054
 20
14.037
 10
11.078
 20
14.053
 10
11.105
 20
14.069
 10
11.132
 20
14.083
 10
11.161
 20
14.096
 10
11.192
 20
14.107
 10
11.223
 20
14.118
 10
11.256
 20
14.127
 10
11.289
 20
14.136
 10
11.323
 20
14.144
 10
11.358
 20
14.151
 10
11.394
 20
14.157
 10
11.431
 20
14.162
 10
11.469
 20
14.166
 10
11.507
 20
14.169
 10
11.544
 20
14.172
 10
11.582
 20
14.174
 10
11.619
 20
14.176
 10
11.656
 20
14.178
 10
11.693
 20
14.179
 10
11.73
 20
14.18
 10
11.766
 20
14.18
 10
11.766
 20
14.211
 10
11.765
 20
14.239
 10
11.761
 20
14.266
 10
11.755
 20
14.29
 10
11.745
 20
14.313
 10
11.733
 20
14.334
 10
11.719
 20
14.352
 10
11.702
 20
14.369
 10
11.682
 20
14.384
 10
11.66
 20
14.397
 10
11.638
 20
14.409
 10
11.614
 20
14.418
 10
11.589
 20
14.426
 10
11.564
 20
14.432
 10
11.537
 20
14.437
 10
11.509
 20
14.439
 10
11.48
 20
14.44
 10
11.456
 20
14.439
 10
11.431
 20
14.437
 10
11.407
 20
14.434
 10
11.384
 20
14.43
 10
11.36
 20
14.424
 10
11.337
 20
14.417
 10
11.313
 20
14.408
 10
11.291
 20
14.398
 10
11.268
 20
14.388
 10
11.247
 20
14.376
 10
11.227
 20
14.365
 10
11.207
 20
14.352
 10
11.189
 20
14.339
 10
11.172
 20
14.326
 10
11.155
 20
14.312
 10
11.14
 20
14.297
 10
10.979
 20
14.487
 10
11.006
 20
14.511
 10
11.034
 20
14.533
 10
11.063
 20
14.554
 10
11.093
 20
14.573
 10
11.125
 20
14.591
 10
11.157
 20
14.607
 10
11.19
 20
14.622
 10
11.224
 20
14.635
 10
11.259
 20
14.647
 10
11.294
 20
14.657
 10
11.329
 20
14.665
 10
11.364
 20
14.672
 10
11.4
 20
14.677
 10
11.435
 20
14.681
 10
11.471
 20
14.684
 10
11.506
 20
14.684
 10
11.547
 20
14.684
 10
11.586
 20
14.681
 10
11.623
 20
14.678
 10
11.658
 20
14.673
 10
11.692
 20
14.666
 10
11.723
 20
14.658
 10
11.753
 20
14.649
 10
11.781
 20
14.638
 10
11.807
 20
14.625
 10
11.832
 20
14.612
 10
11.855
 20
14.598
 10
11.877
 20
14.584
 10
11.898
 20
14.568
 10
11.917
 20
14.551
 10
11.935
 20
14.534
 10
11.951
 20
14.515
 10
11.966
 20
14.496
 10
11.98
 20
14.477
 10
11.992
 20
14.456
 10
12.004
 20
14.435
 10
12.014
 20
14.414
 10
12.023
 20
14.392
 10
12.031
 20
14.37
 10
12.038
 20
14.346
 10
12.044
 20
14.323
 10
12.049
 20
14.3
 10
12.053
 20
14.276
 10
12.057
 20
14.253
 10
12.059
 20
14.229
 10
12.061
 20
14.206
 10
12.062
 20
14.183
 10
12.063
 20
14.159
 10
12.063
 20
13.4
 10
11.772
 20
13.4
 97
0
 92
3
 72
0
 73
1
 93
82
 10
11.766
 20
13.969
 10
11.696
 20
13.969
 10
11.677
 20
13.969
 10
11.658
 20
13.969
 10
11.639
 20
13.968
 10
11.619
 20
13.968
 10
11.599
 20
13.967
 10
11.579
 20
13.966
 10
11.558
 20
13.964
 10
11.538
 20
13.963
 10
11.517
 20
13.961
 10
11.497
 20
13.959
 10
11.477
 20
13.956
 10
11.458
 20
13.953
 10
11.439
 20
13.949
 10
11.42
 20
13.944
 10
11.402
 20
13.94
 10
11.384
 20
13.934
 10
11.367
 20
13.928
 10
11.351
 20
13.922
 10
11.335
 20
13.915
 10
11.32
 20
13.908
 10
11.306
 20
13.9
 10
11.292
 20
13.891
 10
11.279
 20
13.882
 10
11.267
 20
13.872
 10
11.256
 20
13.861
 10
11.247
 20
13.85
 10
11.239
 20
13.837
 10
11.232
 20
13.824
 10
11.227
 20
13.81
 10
11.223
 20
13.795
 10
11.221
 20
13.778
 10
11.22
 20
13.761
 10
11.221
 20
13.751
 10
11.222
 20
13.74
 10
11.223
 20
13.73
 10
11.225
 20
13.721
 10
11.228
 20
13.712
 10
11.231
 20
13.703
 10
11.235
 20
13.695
 10
11.24
 20
13.687
 10
11.245
 20
13.68
 10
11.25
 20
13.673
 10
11.256
 20
13.667
 10
11.262
 20
13.66
 10
11.269
 20
13.654
 10
11.276
 20
13.649
 10
11.283
 20
13.644
 10
11.291
 20
13.639
 10
11.299
 20
13.635
 10
11.307
 20
13.631
 10
11.315
 20
13.627
 10
11.324
 20
13.624
 10
11.333
 20
13.621
 10
11.342
 20
13.618
 10
11.351
 20
13.615
 10
11.361
 20
13.613
 10
11.371
 20
13.611
 10
11.38
 20
13.61
 10
11.39
 20
13.608
 10
11.4
 20
13.607
 10
11.41
 20
13.606
 10
11.419
 20
13.606
 10
11.429
 20
13.606
 10
11.439
 20
13.605
 10
11.478
 20
13.607
 10
11.515
 20
13.611
 10
11.549
 20
13.617
 10
11.581
 20
13.627
 10
11.61
 20
13.639
 10
11.637
 20
13.654
 10
11.661
 20
13.671
 10
11.683
 20
13.691
 10
11.703
 20
13.714
 10
11.72
 20
13.738
 10
11.734
 20
13.764
 10
11.746
 20
13.793
 10
11.755
 20
13.823
 10
11.761
 20
13.855
 10
11.765
 20
13.889
 10
11.766
 20
13.925
 97
0
 75
0
 76
1
 98
0
  0
HATCH
  5
BA
330
17
100
AcDbEntity
  8
RASTER
 62
7
100
AcDbHatch
 10
0.0
 20
0.0
 30
0.0
210
0.0
220
0.0
230
1.0
  2
SOLID
 70
1
 71
0
 91
1
 92
3
 72
0
 73
1
 93
4
 10
12.432
 20
15.366
 10
12.744
 20
15.366
 10
12.744
 20
13.4
 10
12.432
 20
13.4
 97
0
 75
0
 76
1
 98
0
  0
HATCH
  5
BB
330
17
100
AcDbEntity
  8
RASTER
 62
7
100
AcDbHatch
 10
0.0
 20
0.0
 30
0.0
210
0.0
220
0.0
230
1.0
  2
SOLID
 70
1
 71
0
 91
1
 92
3
 72
0
 73
1
 93
4
 10
13.129
 20
15.366
 10
13.441
 20
15.366
 10
13.441
 20
13.4
 10
13.129
 20
13.4
 97
0
 75
0
 76
1
 98
0
  0
HATCH
  5
BC
330
17
100
AcDbEntity
  8
RASTER
 62
7
100
AcDbHatch
 10
0.0
 20
0.0
 30
0.0
210
0.0
220
0.0
230
1.0
  2
SOLID
 70
1
 71
0
 91
2
 92
3
 72
0
 73
1
 93
4
 10
14.476
 20
14.648
 10
14.788
 20
14.648
 10
14.788
 20
13.4
 10
14.476
 20
13.4
 97
0
 92
3
 72
0
 73
1
 93
65
 10
14.431
 20
15.072
 10
14.432
 20
15.09
 10
14.435
 20
15.108
 10
14.439
 20
15.126
 10
14.445
 20
15.142
 10
14.453
 20
15.158
 10
14.463
 20
15.174
 10
14.474
 20
15.189
 10
14.487
 20
15.203
 10
14.502
 20
15.216
 10
14.517
 20
15.228
 10
14.533
 20
15.237
 10
14.551
 20
15.245
 10
14.569
 20
15.251
 10
14.588
 20
15.256
 10
14.608
 20
15.258
 10
14.629
 20
15.259
 10
14.65
 20
15.258
 10
14.67
 20
15.256
 10
14.69
 20
15.252
 10
14.708
 20
15.246
 10
14.726
 20
15.238
 10
14.742
 20
15.229
 10
14.758
 20
15.218
 10
14.773
 20
15.206
 10
14.787
 20
15.192
 10
14.799
 20
15.177
 10
14.809
 20
15.162
 10
14.817
 20
15.146
 10
14.824
 20
15.128
 10
14.828
 20
15.11
 10
14.831
 20
15.092
 10
14.832
 20
15.072
 10
14.831
 20
15.052
 10
14.828
 20
15.033
 10
14.824
 20
15.015
 10
14.817
 20
14.998
 10
14.809
 20
14.982
 10
14.799
 20
14.966
 10
14.787
 20
14.952
 10
14.773
 20
14.938
 10
14.758
 20
14.925
 10
14.742
 20
14.915
 10
14.726
 20
14.905
 10
14.708
 20
14.898
 10
14.69
 20
14.892
 10
14.67
 20
14.888
 10
14.65
 20
14.885
 10
14.629
 20
14.885
 10
14.608
 20
14.885
 10
14.588
 20
14.888
 10
14.569
 20
14.892
 10
14.551
 20
14.899
 10
14.533
 20
14.906
 10
14.517
 20
14.916
 10
14.502
 20
14.927
 10
14.487
 20
14.941
 10
14.474
 20
14.955
 10
14.463
 20
14.97
 10
14.453
 20
14.985
 10
14.445
 20
15.001
 10
14.439
 20
15.018
 10
14.435
 20
15.035
 10
14.432
 20
15.053
 10
14.431
 20
15.072
 97
0
 75
0
 76
1
 98
0
  0
HATCH
  5
BD
330
17
100
AcDbEntity
  8
RASTER
 62
7
100
AcDbHatch
 10
0.0
 20
0.0
 30
0.0
210
0.0
220
0.0
230
1.0
  2
SOLID
 70
1
 71
0
 91
1
 92
3
 72
0
 73
1
 93
92
 10
14.988
 20
14.398
 10
14.988
 20
14.648
 10
15.206
 20
14.648
 10
15.206
 20
15.009
 10
15.513
 20
15.009
 10
15.513
 20
14.648
 10
15.825
 20
14.648
 10
15.825
 20
14.398
 10
15.513
 20
14.398
 10
15.513
 20
13.819
 10
15.513
 20
13.798
 10
15.515
 20
13.779
 10
15.517
 20
13.76
 10
15.52
 20
13.743
 10
15.525
 20
13.726
 10
15.53
 20
13.71
 10
15.536
 20
13.695
 10
15.543
 20
13.681
 10
15.552
 20
13.668
 10
15.562
 20
13.657
 10
15.576
 20
13.648
 10
15.591
 20
13.64
 10
15.609
 20
13.634
 10
15.629
 20
13.63
 10
15.652
 20
13.627
 10
15.677
 20
13.626
 10
15.685
 20
13.626
 10
15.693
 20
13.627
 10
15.701
 20
13.627
 10
15.709
 20
13.628
 10
15.718
 20
13.629
 10
15.727
 20
13.63
 10
15.735
 20
13.631
 10
15.744
 20
13.633
 10
15.753
 20
13.634
 10
15.762
 20
13.636
 10
15.771
 20
13.638
 10
15.779
 20
13.641
 10
15.787
 20
13.643
 10
15.795
 20
13.646
 10
15.802
 20
13.649
 10
15.809
 20
13.652
 10
15.82
 20
13.408
 10
15.809
 20
13.404
 10
15.798
 20
13.4
 10
15.786
 20
13.397
 10
15.774
 20
13.394
 10
15.762
 20
13.391
 10
15.749
 20
13.388
 10
15.735
 20
13.385
 10
15.721
 20
13.383
 10
15.707
 20
13.381
 10
15.693
 20
13.379
 10
15.679
 20
13.378
 10
15.665
 20
13.376
 10
15.652
 20
13.375
 10
15.638
 20
13.375
 10
15.625
 20
13.374
 10
15.612
 20
13.374
 10
15.581
 20
13.375
 10
15.552
 20
13.376
 10
15.525
 20
13.379
 10
15.499
 20
13.383
 10
15.474
 20
13.388
 10
15.451
 20
13.394
 10
15.429
 20
13.401
 10
15.409
 20
13.409
 10
15.39
 20
13.418
 10
15.372
 20
13.428
 10
15.355
 20
13.439
 10
15.339
 20
13.451
 10
15.324
 20
13.463
 10
15.31
 20
13.476
 10
15.297
 20
13.49
 10
15.286
 20
13.505
 10
15.275
 20
13.521
 10
15.265
 20
13.537
 10
15.255
 20
13.554
 10
15.247
 20
13.571
 10
15.24
 20
13.589
 10
15.233
 20
13.607
 10
15.228
 20
13.626
 10
15.223
 20
13.646
 10
15.219
 20
13.666
 10
15.216
 20
13.686
 10
15.213
 20
13.707
 10
15.21
 20
13.728
 10
15.209
 20
13.749
 10
15.207
 20
13.771
 10
15.206
 20
13.793
 10
15.206
 20
13.816
 10
15.206
 20
14.398
 97
0
 75
0
 76
1
 98
0
  0
HATCH
  5
BE
330
17
100
AcDbEntity
  8
RASTER
 62
7
100
AcDbHatch
 10
0.0
 20
0.0
 30
0.0
210
0.0
220
0.0
230
1.0
  2
SOLID
 70
1
 71
0
 91
1
 92
3
 72
0
 73
1
 93
87
 10
16.701
 20
14.648
 10
17.0
 20
14.648
 10
17.0
 20
14.44
 10
17.005
 20
14.44
 10
17.019
 20
14.467
 10
17.034
 20
14.492
 10
17.05
 20
14.516
 10
17.068
 20
14.539
 10
17.087
 20
14.56
 10
17.107
 20
14.58
 10
17.128
 20
14.599
 10
17.151
 20
14.617
 10
17.175
 20
14.633
 10
17.2
 20
14.646
 10
17.226
 20
14.658
 10
17.252
 20
14.667
 10
17.28
 20
14.675
 10
17.309
 20
14.68
 10
17.339
 20
14.683
 10
17.369
 20
14.684
 10
17.374
 20
14.684
 10
17.379
 20
14.684
 10
17.383
 20
14.684
 10
17.388
 20
14.684
 10
17.393
 20
14.684
 10
17.398
 20
14.684
 10
17.403
 20
14.683
 10
17.408
 20
14.683
 10
17.414
 20
14.683
 10
17.418
 20
14.682
 10
17.423
 20
14.682
 10
17.428
 20
14.681
 10
17.432
 20
14.68
 10
17.437
 20
14.679
 10
17.441
 20
14.678
 10
17.445
 20
14.677
 10
17.445
 20
14.391
 10
17.437
 20
14.392
 10
17.43
 20
14.394
 10
17.423
 20
14.396
 10
17.416
 20
14.397
 10
17.409
 20
14.398
 10
17.403
 20
14.399
 10
17.397
 20
14.4
 10
17.392
 20
14.401
 10
17.386
 20
14.402
 10
17.381
 20
14.402
 10
17.375
 20
14.403
 10
17.37
 20
14.403
 10
17.364
 20
14.403
 10
17.359
 20
14.403
 10
17.354
 20
14.404
 10
17.349
 20
14.404
 10
17.323
 20
14.403
 10
17.298
 20
14.401
 10
17.275
 20
14.398
 10
17.252
 20
14.394
 10
17.232
 20
14.388
 10
17.212
 20
14.382
 10
17.194
 20
14.374
 10
17.177
 20
14.365
 10
17.161
 20
14.355
 10
17.146
 20
14.344
 10
17.132
 20
14.333
 10
17.119
 20
14.322
 10
17.107
 20
14.31
 10
17.096
 20
14.297
 10
17.085
 20
14.284
 10
17.076
 20
14.271
 10
17.067
 20
14.257
 10
17.059
 20
14.244
 10
17.052
 20
14.23
 10
17.045
 20
14.216
 10
17.039
 20
14.202
 10
17.034
 20
14.188
 10
17.03
 20
14.173
 10
17.026
 20
14.159
 10
17.023
 20
14.145
 10
17.021
 20
14.132
 10
17.018
 20
14.12
 10
17.016
 20
14.108
 10
17.015
 20
14.097
 10
17.014
 20
14.087
 10
17.013
 20
14.077
 10
17.013
 20
14.068
 10
17.013
 20
13.4
 10
16.701
 20
13.4
 97
0
 75
0
 76
1
 98
0
  0
HATCH
  5
BF
330
17
100
AcDbEntity
  8
RASTER
 62
7
100
AcDbHatch
 10
0.0
 20
0.0
 30
0.0
210
0.0
220
0.0
230
1.0
  2
SOLID
 70
1
 71
0
 91
2
 92
3
 72
0
 73
1
 93
4
 10
17.653
 20
14.648
 10
17.965
 20
14.648
 10
17.965
 20
13.4
 10
17.653
 20
13.4
 97
0
 92
3
 72
0
 73
1
 93
65
 10
17.609
 20
15.072
 10
17.609
 20
15.09
 10
17.612
 20
15.108
 10
17.616
 20
15.126
 10
17.623
 20
15.142
 10
17.63
 20
15.158
 10
17.64
 20
15.174
 10
17.651
 20
15.189
 10
17.665
 20
15.203
 10
17.679
 20
15.216
 10
17.694
 20
15.228
 10
17.711
 20
15.237
 10
17.728
 20
15.245
 10
17.746
 20
15.251
 10
17.765
 20
15.256
 10
17.785
 20
15.258
 10
17.806
 20
15.259
 10
17.827
 20
15.258
 10
17.847
 20
15.256
 10
17.867
 20
15.252
 10
17.885
 20
15.246
 10
17.903
 20
15.238
 10
17.92
 20
15.229
 10
17.935
 20
15.218
 10
17.95
 20
15.206
 10
17.964
 20
15.192
 10
17.976
 20
15.177
 10
17.986
 20
15.162
 10
17.994
 20
15.146
 10
18.001
 20
15.128
 10
18.005
 20
15.11
 10
18.008
 20
15.092
 10
18.009
 20
15.072
 10
18.008
 20
15.052
 10
18.005
 20
15.033
 10
18.001
 20
15.015
 10
17.994
 20
14.998
 10
17.986
 20
14.982
 10
17.976
 20
14.966
 10
17.964
 20
14.952
 10
17.95
 20
14.938
 10
17.935
 20
14.925
 10
17.92
 20
14.915
 10
17.903
 20
14.905
 10
17.885
 20
14.898
 10
17.867
 20
14.892
 10
17.847
 20
14.888
 10
17.827
 20
14.885
 10
17.806
 20
14.885
 10
17.785
 20
14.885
 10
17.765
 20
14.888
 10
17.746
 20
14.892
 10
17.728
 20
14.899
 10
17.711
 20
14.906
 10
17.694
 20
14.916
 10
17.679
 20
14.927
 10
17.665
 20
14.941
 10
17.651
 20
14.955
 10
17.64
 20
14.97
 10
17.63
 20
14.985
 10
17.623
 20
15.001
 10
17.616
 20
15.018
 10
17.612
 20
15.035
 10
17.609
 20
15.053
 10
17.609
 20
15.072
 97
0
 75
0
 76
1
 98
0
  0
HATCH
  5
C0
330
17
100
AcDbEntity
  8
RASTER
 62
7
100
AcDbHatch
 10
0.0
 20
0.0
 30
0.0
210
0.0
220
0.0
230
1.0
  2
SOLID
 70
1
 71
0
 91
2
 92
3
 72
0
 73
1
 93
215
 10
19.613
 20
14.648
 10
19.613
 20
13.512
 10
19.613
 20
13.47
 10
19.611
 20
13.429
 10
19.607
 20
13.39
 10
19.603
 20
13.351
 10
19.597
 20
13.313
 10
19.59
 20
13.277
 10
19.581
 20
13.241
 10
19.572
 20
13.206
 10
19.56
 20
13.173
 10
19.548
 20
13.141
 10
19.534
 20
13.11
 10
19.519
 20
13.08
 10
19.502
 20
13.052
 10
19.484
 20
13.025
 10
19.464
 20
12.999
 10
19.443
 20
12.975
 10
19.42
 20
12.952
 10
19.397
 20
12.93
 10
19.371
 20
12.91
 10
19.344
 20
12.891
 10
19.316
 20
12.873
 10
19.287
 20
12.857
 10
19.256
 20
12.842
 10
19.223
 20
12.828
 10
19.189
 20
12.816
 10
19.154
 20
12.805
 10
19.117
 20
12.796
 10
19.078
 20
12.789
 10
19.038
 20
12.783
 10
18.997
 20
12.779
 10
18.953
 20
12.777
 10
18.909
 20
12.776
 10
18.89
 20
12.776
 10
18.87
 20
12.777
 10
18.851
 20
12.778
 10
18.831
 20
12.779
 10
18.811
 20
12.781
 10
18.79
 20
12.783
 10
18.77
 20
12.786
 10
18.749
 20
12.789
 10
18.728
 20
12.792
 10
18.707
 20
12.796
 10
18.686
 20
12.801
 10
18.665
 20
12.805
 10
18.644
 20
12.81
 10
18.623
 20
12.816
 10
18.603
 20
12.822
 10
18.582
 20
12.828
 10
18.562
 20
12.835
 10
18.542
 20
12.842
 10
18.522
 20
12.849
 10
18.502
 20
12.857
 10
18.482
 20
12.866
 10
18.463
 20
12.874
 10
18.444
 20
12.883
 10
18.425
 20
12.893
 10
18.406
 20
12.903
 10
18.388
 20
12.913
 10
18.371
 20
12.924
 10
18.353
 20
12.935
 10
18.337
 20
12.946
 10
18.321
 20
12.957
 10
18.305
 20
12.969
 10
18.29
 20
12.981
 10
18.469
 20
13.223
 10
18.492
 20
13.202
 10
18.516
 20
13.183
 10
18.541
 20
13.165
 10
18.566
 20
13.147
 10
18.592
 20
13.132
 10
18.619
 20
13.117
 10
18.646
 20
13.104
 10
18.675
 20
13.092
 10
18.703
 20
13.081
 10
18.732
 20
13.072
 10
18.761
 20
13.064
 10
18.79
 20
13.058
 10
18.819
 20
13.053
 10
18.848
 20
13.049
 10
18.877
 20
13.047
 10
18.906
 20
13.046
 10
18.933
 20
13.047
 10
18.96
 20
13.048
 10
18.985
 20
13.051
 10
19.009
 20
13.055
 10
19.032
 20
13.059
 10
19.054
 20
13.065
 10
19.075
 20
13.071
 10
19.095
 20
13.079
 10
19.113
 20
13.087
 10
19.131
 20
13.097
 10
19.148
 20
13.107
 10
19.163
 20
13.118
 10
19.178
 20
13.129
 10
19.192
 20
13.142
 10
19.205
 20
13.155
 10
19.217
 20
13.169
 10
19.228
 20
13.183
 10
19.238
 20
13.199
 10
19.247
 20
13.214
 10
19.256
 20
13.231
 10
19.263
 20
13.248
 10
19.27
 20
13.266
 10
19.276
 20
13.285
 10
19.282
 20
13.304
 10
19.286
 20
13.324
 10
19.29
 20
13.344
 10
19.294
 20
13.364
 10
19.296
 20
13.386
 10
19.298
 20
13.407
 10
19.3
 20
13.43
 10
19.301
 20
13.452
 10
19.301
 20
13.475
 10
19.301
 20
13.566
 10
19.296
 20
13.566
 10
19.279
 20
13.544
 10
19.26
 20
13.524
 10
19.24
 20
13.504
 10
19.219
 20
13.486
 10
19.197
 20
13.469
 10
19.173
 20
13.454
 10
19.149
 20
13.44
 10
19.123
 20
13.427
 10
19.096
 20
13.416
 10
19.069
 20
13.406
 10
19.041
 20
13.398
 10
19.012
 20
13.391
 10
18.982
 20
13.386
 10
18.951
 20
13.382
 10
18.92
 20
13.38
 10
18.888
 20
13.379
 10
18.853
 20
13.38
 10
18.819
 20
13.382
 10
18.786
 20
13.387
 10
18.754
 20
13.392
 10
18.722
 20
13.4
 10
18.692
 20
13.408
 10
18.662
 20
13.419
 10
18.633
 20
13.431
 10
18.605
 20
13.445
 10
18.578
 20
13.459
 10
18.552
 20
13.475
 10
18.527
 20
13.492
 10
18.504
 20
13.51
 10
18.481
 20
13.53
 10
18.46
 20
13.55
 10
18.439
 20
13.572
 10
18.42
 20
13.594
 10
18.402
 20
13.618
 10
18.385
 20
13.642
 10
18.369
 20
13.667
 10
18.354
 20
13.694
 10
18.34
 20
13.721
 10
18.327
 20
13.749
 10
18.316
 20
13.778
 10
18.305
 20
13.808
 10
18.296
 20
13.838
 10
18.289
 20
13.869
 10
18.283
 20
13.9
 10
18.278
 20
13.932
 10
18.274
 20
13.964
 10
18.272
 20
13.996
 10
18.272
 20
14.029
 10
18.272
 20
14.063
 10
18.274
 20
14.096
 10
18.278
 20
14.128
 10
18.282
 20
14.16
 10
18.288
 20
14.192
 10
18.296
 20
14.223
 10
18.304
 20
14.254
 10
18.315
 20
14.284
 10
18.326
 20
14.313
 10
18.338
 20
14.342
 10
18.352
 20
14.369
 10
18.367
 20
14.396
 10
18.382
 20
14.421
 10
18.399
 20
14.446
 10
18.417
 20
14.469
 10
18.437
 20
14.492
 10
18.457
 20
14.514
 10
18.478
 20
14.534
 10
18.501
 20
14.553
 10
18.524
 20
14.571
 10
18.549
 20
14.588
 10
18.575
 20
14.604
 10
18.601
 20
14.619
 10
18.629
 20
14.632
 10
18.658
 20
14.645
 10
18.687
 20
14.655
 10
18.718
 20
14.664
 10
18.749
 20
14.671
 10
18.781
 20
14.677
 10
18.814
 20
14.681
 10
18.848
 20
14.684
 10
18.883
 20
14.684
 10
18.915
 20
14.684
 10
18.948
 20
14.681
 10
18.979
 20
14.677
 10
19.011
 20
14.671
 10
19.041
 20
14.663
 10
19.071
 20
14.654
 10
19.101
 20
14.643
 10
19.13
 20
14.63
 10
19.157
 20
14.615
 10
19.184
 20
14.599
 10
19.209
 20
14.58
 10
19.232
 20
14.56
 10
19.254
 20
14.538
 10
19.275
 20
14.514
 10
19.294
 20
14.488
 10
19.312
 20
14.461
 10
19.317
 20
14.461
 10
19.317
 20
14.648
 97
0
 92
3
 72
0
 73
1
 93
129
 10
18.948
 20
14.43
 10
18.926
 20
14.429
 10
18.906
 20
14.428
 10
18.886
 20
14.425
 10
18.867
 20
14.422
 10
18.848
 20
14.417
 10
18.83
 20
14.412
 10
18.812
 20
14.406
 10
18.795
 20
14.398
 10
18.779
 20
14.39
 10
18.764
 20
14.381
 10
18.749
 20
14.372
 10
18.734
 20
14.362
 10
18.721
 20
14.351
 10
18.708
 20
14.339
 10
18.695
 20
14.327
 10
18.684
 20
14.314
 10
18.673
 20
14.3
 10
18.662
 20
14.286
 10
18.653
 20
14.271
 10
18.643
 20
14.256
 10
18.635
 20
14.24
 10
18.627
 20
14.223
 10
18.62
 20
14.206
 10
18.614
 20
14.188
 10
18.608
 20
14.169
 10
18.603
 20
14.151
 10
18.598
 20
14.132
 10
18.595
 20
14.112
 10
18.592
 20
14.093
 10
18.59
 20
14.073
 10
18.589
 20
14.052
 10
18.589
 20
14.032
 10
18.589
 20
14.013
 10
18.59
 20
13.994
 10
18.592
 20
13.976
 10
18.595
 20
13.958
 10
18.598
 20
13.94
 10
18.603
 20
13.922
 10
18.608
 20
13.904
 10
18.614
 20
13.886
 10
18.62
 20
13.869
 10
18.627
 20
13.852
 10
18.635
 20
13.836
 10
18.643
 20
13.82
 10
18.653
 20
13.804
 10
18.662
 20
13.789
 10
18.673
 20
13.774
 10
18.684
 20
13.76
 10
18.695
 20
13.746
 10
18.708
 20
13.734
 10
18.721
 20
13.721
 10
18.734
 20
13.71
 10
18.749
 20
13.699
 10
18.764
 20
13.689
 10
18.779
 20
13.679
 10
18.795
 20
13.67
 10
18.812
 20
13.662
 10
18.83
 20
13.656
 10
18.848
 20
13.65
 10
18.866
 20
13.645
 10
18.885
 20
13.641
 10
18.904
 20
13.639
 10
18.924
 20
13.637
 10
18.945
 20
13.637
 10
18.966
 20
13.637
 10
18.987
 20
13.639
 10
19.007
 20
13.641
 10
19.027
 20
13.645
 10
19.046
 20
13.649
 10
19.064
 20
13.655
 10
19.082
 20
13.661
 10
19.1
 20
13.669
 10
19.117
 20
13.678
 10
19.133
 20
13.687
 10
19.148
 20
13.697
 10
19.163
 20
13.707
 10
19.178
 20
13.718
 10
19.191
 20
13.73
 10
19.204
 20
13.743
 10
19.217
 20
13.756
 10
19.228
 20
13.77
 10
19.239
 20
13.785
 10
19.25
 20
13.8
 10
19.259
 20
13.815
 10
19.268
 20
13.831
 10
19.276
 20
13.848
 10
19.284
 20
13.865
 10
19.291
 20
13.882
 10
19.297
 20
13.9
 10
19.302
 20
13.918
 10
19.307
 20
13.937
 10
19.31
 20
13.955
 10
19.313
 20
13.974
 10
19.315
 20
13.993
 10
19.316
 20
14.012
 10
19.317
 20
14.032
 10
19.316
 20
14.052
 10
19.315
 20
14.072
 10
19.313
 20
14.091
 10
19.31
 20
14.11
 10
19.307
 20
14.13
 10
19.302
 20
14.148
 10
19.297
 20
14.167
 10
19.291
 20
14.185
 10
19.284
 20
14.203
 10
19.276
 20
14.22
 10
19.268
 20
14.237
 10
19.259
 20
14.253
 10
19.25
 20
14.269
 10
19.239
 20
14.284
 10
19.228
 20
14.299
 10
19.217
 20
14.313
 10
19.204
 20
14.326
 10
19.191
 20
14.338
 10
19.178
 20
14.35
 10
19.164
 20
14.361
 10
19.149
 20
14.372
 10
19.134
 20
14.381
 10
19.118
 20
14.39
 10
19.101
 20
14.398
 10
19.084
 20
14.406
 10
19.066
 20
14.412
 10
19.048
 20
14.417
 10
19.029
 20
14.422
 10
19.009
 20
14.425
 10
18.989
 20
14.428
 10
18.969
 20
14.429
 10
18.948
 20
14.43
 97
0
 75
0
 76
1
 98
0
  0
HATCH
  5
C1
330
17
100
AcDbEntity
  8
RASTER
 62
7
100
AcDbHatch
 10
0.0
 20
0.0
 30
0.0
210
0.0
220
0.0
230
1.0
  2
SOLID
 70
1
 71
0
 91
1
 92
3
 72
0
 73
1
 93
138
 10
20.682
 20
14.684
 10
20.712
 20
14.684
 10
20.741
 20
14.682
 10
20.769
 20
14.678
 10
20.795
 20
14.674
 10
20.821
 20
14.668
 10
20.845
 20
14.66
 10
20.869
 20
14.652
 10
20.891
 20
14.641
 10
20.912
 20
14.63
 10
20.933
 20
14.618
 10
20.952
 20
14.605
 10
20.97
 20
14.592
 10
20.988
 20
14.577
 10
21.004
 20
14.562
 10
21.02
 20
14.546
 10
21.034
 20
14.528
 10
21.048
 20
14.511
 10
21.06
 20
14.492
 10
21.072
 20
14.473
 10
21.083
 20
14.453
 10
21.092
 20
14.433
 10
21.101
 20
14.411
 10
21.109
 20
14.39
 10
21.116
 20
14.367
 10
21.122
 20
14.344
 10
21.127
 20
14.321
 10
21.132
 20
14.298
 10
21.136
 20
14.275
 10
21.138
 20
14.251
 10
21.14
 20
14.228
 10
21.142
 20
14.204
 10
21.142
 20
14.18
 10
21.142
 20
13.4
 10
20.83
 20
13.4
 10
20.83
 20
14.086
 10
20.83
 20
14.1
 10
20.83
 20
14.114
 10
20.829
 20
14.128
 10
20.828
 20
14.142
 10
20.827
 20
14.156
 10
20.826
 20
14.17
 10
20.824
 20
14.185
 10
20.822
 20
14.2
 10
20.82
 20
14.214
 10
20.817
 20
14.228
 10
20.814
 20
14.242
 10
20.81
 20
14.255
 10
20.806
 20
14.269
 10
20.801
 20
14.281
 10
20.796
 20
14.294
 10
20.79
 20
14.306
 10
20.783
 20
14.318
 10
20.776
 20
14.329
 10
20.768
 20
14.34
 10
20.76
 20
14.35
 10
20.751
 20
14.36
 10
20.741
 20
14.369
 10
20.731
 20
14.377
 10
20.72
 20
14.385
 10
20.708
 20
14.393
 10
20.695
 20
14.399
 10
20.681
 20
14.404
 10
20.667
 20
14.409
 10
20.651
 20
14.412
 10
20.634
 20
14.415
 10
20.617
 20
14.416
 10
20.599
 20
14.417
 10
20.58
 20
14.416
 10
20.562
 20
14.415
 10
20.545
 20
14.413
 10
20.528
 20
14.409
 10
20.512
 20
14.405
 10
20.497
 20
14.401
 10
20.483
 20
14.395
 10
20.469
 20
14.388
 10
20.455
 20
14.381
 10
20.442
 20
14.372
 10
20.43
 20
14.364
 10
20.419
 20
14.355
 10
20.407
 20
14.345
 10
20.397
 20
14.334
 10
20.387
 20
14.323
 10
20.378
 20
14.311
 10
20.369
 20
14.299
 10
20.361
 20
14.287
 10
20.353
 20
14.274
 10
20.346
 20
14.26
 10
20.339
 20
14.247
 10
20.333
 20
14.233
 10
20.328
 20
14.218
 10
20.323
 20
14.203
 10
20.319
 20
14.188
 10
20.315
 20
14.173
 10
20.312
 20
14.158
 10
20.309
 20
14.143
 10
20.307
 20
14.128
 10
20.306
 20
14.112
 10
20.305
 20
14.097
 10
20.305
 20
14.081
 10
20.305
 20
13.4
 10
19.993
 20
13.4
 10
19.993
 20
15.366
 10
20.305
 20
15.366
 10
20.305
 20
14.474
 10
20.31
 20
14.474
 10
20.315
 20
14.484
 10
20.32
 20
14.493
 10
20.326
 20
14.503
 10
20.332
 20
14.512
 10
20.339
 20
14.522
 10
20.347
 20
14.532
 10
20.355
 20
14.541
 10
20.363
 20
14.551
 10
20.372
 20
14.56
 10
20.382
 20
14.569
 10
20.391
 20
14.578
 10
20.401
 20
14.586
 10
20.412
 20
14.595
 10
20.423
 20
14.603
 10
20.434
 20
14.611
 10
20.445
 20
14.618
 10
20.457
 20
14.625
 10
20.469
 20
14.632
 10
20.482
 20
14.639
 10
20.495
 20
14.645
 10
20.509
 20
14.651
 10
20.523
 20
14.656
 10
20.537
 20
14.661
 10
20.552
 20
14.666
 10
20.567
 20
14.67
 10
20.582
 20
14.674
 10
20.598
 20
14.677
 10
20.614
 20
14.68
 10
20.631
 20
14.682
 10
20.647
 20
14.683
 10
20.664
 20
14.684
 10
20.682
 20
14.684
 97
0
 75
0
 76
1
 98
0
  0
HATCH
  5
C2
330
17
100
AcDbEntity
  8
RASTER
 62
7
100
AcDbHatch
 10
0.0
 20
0.0
 30
0.0
210
0.0
220
0.0
230
1.0
  2
SOLID
 70
1
 71
0
 91
1
 92
3
 72
0
 73
1
 93
92
 10
21.327
 20
14.398
 10
21.327
 20
14.648
 10
21.545
 20
14.648
 10
21.545
 20
15.009
 10
21.852
 20
15.009
 10
21.852
 20
14.648
 10
22.164
 20
14.648
 10
22.164
 20
14.398
 10
21.852
 20
14.398
 10
21.852
 20
13.819
 10
21.852
 20
13.798
 10
21.854
 20
13.779
 10
21.856
 20
13.76
 10
21.859
 20
13.743
 10
21.863
 20
13.726
 10
21.869
 20
13.71
 10
21.875
 20
13.695
 10
21.882
 20
13.681
 10
21.89
 20
13.668
 10
21.901
 20
13.657
 10
21.915
 20
13.648
 10
21.93
 20
13.64
 10
21.948
 20
13.634
 10
21.968
 20
13.63
 10
21.991
 20
13.627
 10
22.016
 20
13.626
 10
22.023
 20
13.626
 10
22.032
 20
13.627
 10
22.04
 20
13.627
 10
22.048
 20
13.628
 10
22.057
 20
13.629
 10
22.065
 20
13.63
 10
22.074
 20
13.631
 10
22.083
 20
13.633
 10
22.092
 20
13.634
 10
22.101
 20
13.636
 10
22.109
 20
13.638
 10
22.118
 20
13.641
 10
22.126
 20
13.643
 10
22.133
 20
13.646
 10
22.141
 20
13.649
 10
22.148
 20
13.652
 10
22.159
 20
13.408
 10
22.148
 20
13.404
 10
22.137
 20
13.4
 10
22.125
 20
13.397
 10
22.113
 20
13.394
 10
22.101
 20
13.391
 10
22.087
 20
13.388
 10
22.074
 20
13.385
 10
22.06
 20
13.383
 10
22.046
 20
13.381
 10
22.032
 20
13.379
 10
22.018
 20
13.378
 10
22.004
 20
13.376
 10
21.99
 20
13.375
 10
21.977
 20
13.375
 10
21.964
 20
13.374
 10
21.951
 20
13.374
 10
21.92
 20
13.375
 10
21.891
 20
13.376
 10
21.864
 20
13.379
 10
21.838
 20
13.383
 10
21.813
 20
13.388
 10
21.79
 20
13.394
 10
21.768
 20
13.401
 10
21.748
 20
13.409
 10
21.729
 20
13.418
 10
21.711
 20
13.428
 10
21.694
 20
13.439
 10
21.678
 20
13.451
 10
21.663
 20
13.463
 10
21.649
 20
13.476
 10
21.636
 20
13.49
 10
21.624
 20
13.505
 10
21.613
 20
13.521
 10
21.603
 20
13.537
 10
21.594
 20
13.554
 10
21.586
 20
13.571
 10
21.579
 20
13.589
 10
21.572
 20
13.607
 10
21.567
 20
13.626
 10
21.562
 20
13.646
 10
21.558
 20
13.666
 10
21.555
 20
13.686
 10
21.552
 20
13.707
 10
21.549
 20
13.728
 10
21.547
 20
13.749
 10
21.546
 20
13.771
 10
21.545
 20
13.793
 10
21.545
 20
13.816
 10
21.545
 20
14.398
 97
0
 75
0
 76
1
 98
0
  0
HATCH
  5
C3
330
17
100
AcDbEntity
  8
RASTER
 62
7
100
AcDbHatch
 10
0.0
 20
0.0
 30
0.0
210
0.0
220
0.0
230
1.0
  2
SOLID
 70
1
 71
0
 91
1
 92
3
 72
0
 73
1
 93
12
 10
24.447
 20
14.266
 10
25.032
 20
14.266
 10
25.032
 20
14.11
 10
24.447
 20
14.11
 10
24.447
 20
13.525
 10
24.291
 20
13.525
 10
24.291
 20
14.11
 10
23.706
 20
14.11
 10
23.706
 20
14.266
 10
24.291
 20
14.266
 10
24.291
 20
14.851
 10
24.447
 20
14.851
 97
0
 75
0
 76
1
 98
0
  0
HATCH
  5
C4
330
17
100
AcDbEntity
  8
RASTER
 62
7
100
AcDbHatch
 10
0.0
 20
0.0
 30
0.0
210
0.0
220
0.0
230
1.0
  2
SOLID
 70
1
 71
0
 91
1
 92
3
 72
0
 73
1
 93
183
 10
26.545
 20
13.4
 10
25.367
 20
13.4
 10
25.367
 20
13.595
 10
26.121
 20
14.357
 10
26.131
 20
14.367
 10
26.142
 20
14.378
 10
26.152
 20
14.389
 10
26.162
 20
14.4
 10
26.172
 20
14.411
 10
26.183
 20
14.423
 10
26.193
 20
14.435
 10
26.203
 20
14.447
 10
26.213
 20
14.459
 10
26.222
 20
14.471
 10
26.232
 20
14.483
 10
26.241
 20
14.496
 10
26.25
 20
14.508
 10
26.258
 20
14.521
 10
26.266
 20
14.534
 10
26.274
 20
14.547
 10
26.282
 20
14.56
 10
26.289
 20
14.573
 10
26.296
 20
14.587
 10
26.302
 20
14.6
 10
26.308
 20
14.614
 10
26.314
 20
14.628
 10
26.319
 20
14.643
 10
26.324
 20
14.657
 10
26.328
 20
14.672
 10
26.332
 20
14.687
 10
26.335
 20
14.702
 10
26.337
 20
14.717
 10
26.339
 20
14.732
 10
26.341
 20
14.747
 10
26.342
 20
14.762
 10
26.342
 20
14.778
 10
26.342
 20
14.798
 10
26.34
 20
14.817
 10
26.338
 20
14.836
 10
26.335
 20
14.855
 10
26.331
 20
14.873
 10
26.326
 20
14.89
 10
26.32
 20
14.907
 10
26.313
 20
14.924
 10
26.306
 20
14.94
 10
26.298
 20
14.955
 10
26.289
 20
14.97
 10
26.279
 20
14.984
 10
26.269
 20
14.997
 10
26.258
 20
15.01
 10
26.246
 20
15.022
 10
26.234
 20
15.034
 10
26.221
 20
15.045
 10
26.208
 20
15.056
 10
26.194
 20
15.065
 10
26.18
 20
15.074
 10
26.165
 20
15.083
 10
26.149
 20
15.091
 10
26.133
 20
15.098
 10
26.117
 20
15.104
 10
26.1
 20
15.11
 10
26.084
 20
15.115
 10
26.066
 20
15.119
 10
26.049
 20
15.123
 10
26.032
 20
15.126
 10
26.014
 20
15.127
 10
25.996
 20
15.129
 10
25.978
 20
15.129
 10
25.942
 20
15.128
 10
25.907
 20
15.123
 10
25.873
 20
15.116
 10
25.842
 20
15.106
 10
25.811
 20
15.093
 10
25.782
 20
15.077
 10
25.754
 20
15.058
 10
25.728
 20
15.037
 10
25.704
 20
15.013
 10
25.682
 20
14.987
 10
25.663
 20
14.96
 10
25.645
 20
14.932
 10
25.63
 20
14.902
 10
25.617
 20
14.87
 10
25.607
 20
14.836
 10
25.598
 20
14.801
 10
25.414
 20
14.838
 10
25.419
 20
14.862
 10
25.425
 20
14.885
 10
25.432
 20
14.908
 10
25.44
 20
14.931
 10
25.449
 20
14.953
 10
25.459
 20
14.975
 10
25.471
 20
14.996
 10
25.483
 20
15.017
 10
25.496
 20
15.038
 10
25.51
 20
15.057
 10
25.524
 20
15.076
 10
25.539
 20
15.095
 10
25.555
 20
15.112
 10
25.572
 20
15.129
 10
25.589
 20
15.145
 10
25.608
 20
15.16
 10
25.626
 20
15.175
 10
25.646
 20
15.188
 10
25.666
 20
15.201
 10
25.686
 20
15.214
 10
25.708
 20
15.225
 10
25.73
 20
15.235
 10
25.752
 20
15.245
 10
25.775
 20
15.254
 10
25.799
 20
15.262
 10
25.823
 20
15.269
 10
25.848
 20
15.274
 10
25.873
 20
15.279
 10
25.898
 20
15.283
 10
25.924
 20
15.285
 10
25.951
 20
15.287
 10
25.978
 20
15.288
 10
26.006
 20
15.287
 10
26.033
 20
15.286
 10
26.06
 20
15.283
 10
26.087
 20
15.279
 10
26.113
 20
15.275
 10
26.139
 20
15.269
 10
26.165
 20
15.263
 10
26.19
 20
15.255
 10
26.215
 20
15.246
 10
26.238
 20
15.237
 10
26.262
 20
15.226
 10
26.284
 20
15.215
 10
26.305
 20
15.202
 10
26.326
 20
15.189
 10
26.346
 20
15.174
 10
26.365
 20
15.159
 10
26.384
 20
15.142
 10
26.401
 20
15.125
 10
26.418
 20
15.107
 10
26.433
 20
15.087
 10
26.448
 20
15.067
 10
26.462
 20
15.046
 10
26.474
 20
15.024
 10
26.486
 20
15.0
 10
26.497
 20
14.976
 10
26.506
 20
14.951
 10
26.514
 20
14.925
 10
26.52
 20
14.898
 10
26.525
 20
14.87
 10
26.529
 20
14.841
 10
26.531
 20
14.811
 10
26.532
 20
14.781
 10
26.531
 20
14.759
 10
26.53
 20
14.737
 10
26.528
 20
14.716
 10
26.526
 20
14.695
 10
26.522
 20
14.675
 10
26.518
 20
14.655
 10
26.513
 20
14.636
 10
26.507
 20
14.617
 10
26.501
 20
14.598
 10
26.494
 20
14.58
 10
26.486
 20
14.561
 10
26.479
 20
14.543
 10
26.47
 20
14.526
 10
26.461
 20
14.508
 10
26.452
 20
14.491
 10
26.442
 20
14.474
 10
26.432
 20
14.457
 10
26.421
 20
14.44
 10
26.41
 20
14.424
 10
26.398
 20
14.408
 10
26.386
 20
14.392
 10
26.374
 20
14.376
 10
26.361
 20
14.36
 10
26.347
 20
14.345
 10
26.333
 20
14.33
 10
26.32
 20
14.315
 10
26.306
 20
14.299
 10
26.291
 20
14.284
 10
26.277
 20
14.269
 10
26.262
 20
14.254
 10
26.248
 20
14.239
 10
26.233
 20
14.224
 10
25.57
 20
13.566
 10
26.545
 20
13.566
 97
0
 75
0
 76
1
 98
0
  0
HATCH
  5
C5
330
17
100
AcDbEntity
  8
RASTER
 62
7
100
AcDbHatch
 10
0.0
 20
0.0
 30
0.0
210
0.0
220
0.0
230
1.0
  2
SOLID
 70
1
 71
0
 91
2
 92
3
 72
0
 73
1
 93
19
 10
28.681
 20
16.035
 10
29.345
 20
16.03
 10
29.998
 20
15.765
 10
30.431
 20
15.322
 10
30.693
 20
14.684
 10
30.741
 20
14.394
 10
30.695
 20
13.899
 10
30.426
 20
13.263
 10
30.024
 20
12.839
 10
29.375
 20
12.576
 10
28.882
 20
12.533
 10
28.542
 20
12.58
 10
28.006
 20
12.798
 10
27.514
 20
13.279
 10
27.245
 20
13.908
 10
27.269
 20
14.753
 10
27.51
 20
15.306
 10
28.003
 20
15.777
 10
28.367
 20
15.96
 97
0
 92
3
 72
0
 73
1
 93
20
 10
28.715
 20
15.735
 10
28.47
 20
15.677
 10
28.178
 20
15.529
 10
27.761
 20
15.131
 10
27.567
 20
14.686
 10
27.547
 20
13.965
 10
27.767
 20
13.452
 10
28.174
 20
13.054
 10
28.621
 20
12.872
 10
28.889
 20
12.835
 10
29.304
 20
12.871
 10
29.851
 20
13.092
 10
30.171
 20
13.429
 10
30.4
 20
13.973
 10
30.439
 20
14.383
 10
30.402
 20
14.601
 10
30.175
 20
15.154
 10
29.827
 20
15.511
 10
29.285
 20
15.73
 10
28.715
 20
15.735
 97
0
 75
0
 76
1
 98
0
  0
HATCH
  5
C6
330
17
100
AcDbEntity
  8
RASTER
 62
7
100
AcDbHatch
 10
0.0
 20
0.0
 30
0.0
210
0.0
220
0.0
230
1.0
  2
SOLID
 70
1
 71
0
 91
12
 92
3
 72
0
 73
1
 93
32
 10
28.769
 20
15.838
 10
29.206
 20
15.846
 10
29.429
 20
15.796
 10
29.757
 20
15.655
 10
29.98
 20
15.507
 10
30.152
 20
15.334
 10
30.35
 20
15.038
 10
30.491
 20
14.66
 10
30.54
 20
14.413
 10
30.54
 20
14.191
 10
30.441
 20
13.746
 10
30.202
 20
13.319
 10
29.905
 20
13.022
 10
29.528
 20
12.832
 10
29.108
 20
12.733
 10
28.861
 20
12.733
 10
28.811
 20
12.758
 10
28.564
 20
12.783
 10
28.416
 20
12.832
 10
28.063
 20
13.022
 10
27.791
 20
13.269
 10
27.668
 20
13.442
 10
27.502
 20
13.771
 10
27.428
 20
14.067
 10
27.428
 20
14.462
 10
27.477
 20
14.709
 10
27.618
 20
15.063
 10
27.791
 20
15.31
 10
27.939
 20
15.458
 10
28.137
 20
15.606
 10
28.416
 20
15.747
 10
28.638
 20
15.821
 97
0
 92
3
 72
0
 73
1
 93
37
 10
28.984
 20
15.796
 10
28.935
 20
15.771
 10
28.737
 20
15.771
 10
28.416
 20
15.673
 10
28.186
 20
15.557
 10
27.915
 20
15.359
 10
27.742
 20
15.137
 10
27.601
 20
14.858
 10
27.527
 20
14.635
 10
27.502
 20
14.339
 10
27.477
 20
14.289
 10
27.502
 20
14.018
 10
27.576
 20
13.771
 10
27.717
 20
13.492
 10
27.841
 20
13.319
 10
28.088
 20
13.096
 10
28.441
 20
12.906
 10
28.688
 20
12.832
 10
28.885
 20
12.832
 10
28.935
 20
12.807
 10
29.034
 20
12.832
 10
29.231
 20
12.832
 10
29.552
 20
12.931
 10
29.93
 20
13.146
 10
30.152
 20
13.393
 10
30.367
 20
13.795
 10
30.441
 20
14.067
 10
30.441
 20
14.215
 10
30.466
 20
14.265
 10
30.441
 20
14.536
 10
30.343
 20
14.858
 10
30.177
 20
15.186
 10
30.113
 20
15.245
 10
30.078
 20
15.31
 10
29.856
 20
15.507
 10
29.503
 20
15.697
 10
29.256
 20
15.771
 97
0
 92
3
 72
0
 73
1
 93
30
 10
28.893
 20
15.517
 10
29.009
 20
15.524
 10
29.379
 20
15.45
 10
29.658
 20
15.31
 10
29.757
 20
15.235
 10
29.955
 20
15.013
 10
30.096
 20
14.734
 10
30.17
 20
14.487
 10
30.17
 20
14.092
 10
30.096
 20
13.845
 10
29.955
 20
13.59
 10
29.708
 20
13.343
 10
29.56
 20
13.245
 10
29.206
 20
13.104
 10
29.108
 20
13.104
 10
29.058
 20
13.079
 10
28.935
 20
13.079
 10
28.885
 20
13.104
 10
28.663
 20
13.129
 10
28.515
 20
13.178
 10
28.211
 20
13.343
 10
28.063
 20
13.492
 10
27.915
 20
13.714
 10
27.774
 20
14.092
 10
27.774
 20
14.536
 10
27.823
 20
14.709
 10
27.989
 20
15.013
 10
28.26
 20
15.285
 10
28.409
 20
15.384
 10
28.712
 20
15.5
 97
0
 92
3
 72
0
 73
1
 93
35
 10
28.787
 20
15.45
 10
28.589
 20
15.401
 10
28.359
 20
15.285
 10
28.063
 20
15.013
 10
27.989
 20
14.914
 10
27.848
 20
14.586
 10
27.848
 20
14.487
 10
27.823
 20
14.438
 10
27.823
 20
14.166
 10
27.897
 20
13.894
 10
28.013
 20
13.665
 10
28.162
 20
13.467
 10
28.31
 20
13.343
 10
28.465
 20
13.252
 10
28.762
 20
13.153
 10
28.885
 20
13.153
 10
28.935
 20
13.129
 10
29.206
 20
13.153
 10
29.355
 20
13.203
 10
29.658
 20
13.368
 10
29.742
 20
13.457
 10
29.807
 20
13.492
 10
29.93
 20
13.64
 10
30.096
 20
13.968
 10
30.12
 20
14.215
 10
30.145
 20
14.265
 10
30.12
 20
14.339
 10
30.12
 20
14.487
 10
30.071
 20
14.66
 10
29.955
 20
14.914
 10
29.807
 20
15.112
 10
29.658
 20
15.235
 10
29.404
 20
15.376
 10
29.256
 20
15.426
 10
29.132
 20
15.45
 97
0
 92
3
 72
0
 73
1
 93
32
 10
28.868
 20
15.27
 10
29.083
 20
15.277
 10
29.263
 20
15.186
 10
29.313
 20
15.137
 10
29.397
 20
14.974
 10
29.471
 20
14.9
 10
29.626
 20
14.858
 10
29.676
 20
14.808
 10
29.658
 20
14.702
 10
29.56
 20
14.603
 10
29.461
 20
14.554
 10
29.478
 20
14.339
 10
29.411
 20
14.208
 10
29.263
 20
14.134
 10
29.239
 20
14.01
 10
29.157
 20
13.944
 10
29.076
 20
13.961
 10
28.811
 20
13.944
 10
28.73
 20
13.986
 10
28.695
 20
14.124
 10
28.532
 20
14.208
 10
28.49
 20
14.289
 10
28.465
 20
14.413
 10
28.49
 20
14.462
 10
28.483
 20
14.554
 10
28.384
 20
14.603
 10
28.31
 20
14.677
 10
28.268
 20
14.759
 10
28.3
 20
14.85
 10
28.498
 20
14.9
 10
28.656
 20
15.137
 10
28.73
 20
15.211
 97
0
 92
3
 72
0
 73
1
 93
21
 10
28.861
 20
15.228
 10
28.705
 20
15.137
 10
28.557
 20
14.89
 10
28.465
 20
14.833
 10
28.391
 20
14.833
 10
28.325
 20
14.801
 10
28.359
 20
14.702
 10
28.433
 20
14.628
 10
28.515
 20
14.611
 10
28.712
 20
14.685
 10
29.034
 20
14.709
 10
29.083
 20
14.685
 10
29.256
 20
14.685
 10
29.478
 20
14.611
 10
29.609
 20
14.727
 10
29.619
 20
14.801
 10
29.478
 20
14.833
 10
29.387
 20
14.89
 10
29.263
 20
15.112
 10
29.214
 20
15.161
 10
29.083
 20
15.228
 97
0
 92
3
 72
0
 73
1
 93
24
 10
28.843
 20
15.072
 10
28.878
 20
15.072
 10
28.893
 20
15.013
 10
28.967
 20
14.964
 10
29.051
 20
15.013
 10
29.066
 20
15.072
 10
29.125
 20
15.072
 10
29.15
 20
14.988
 10
29.034
 20
14.932
 10
29.15
 20
14.875
 10
29.125
 20
14.791
 10
29.076
 20
14.801
 10
29.051
 20
14.85
 10
28.984
 20
14.882
 10
28.927
 20
14.865
 10
28.878
 20
14.791
 10
28.829
 20
14.801
 10
28.794
 20
14.875
 10
28.861
 20
14.882
 10
28.91
 20
14.932
 10
28.893
 20
14.964
 10
28.861
 20
14.981
 10
28.819
 20
14.964
 10
28.787
 20
15.006
 97
0
 92
3
 72
0
 73
1
 93
23
 10
28.91
 20
14.66
 10
28.861
 20
14.635
 10
28.638
 20
14.611
 10
28.557
 20
14.569
 10
28.515
 20
14.487
 10
28.515
 20
14.364
 10
28.582
 20
14.233
 10
28.72
 20
14.173
 10
28.779
 20
14.01
 10
28.853
 20
14.001
 10
28.903
 20
14.084
 10
28.917
 20
14.001
 10
29.009
 20
13.993
 10
29.058
 20
14.092
 10
29.1
 20
14.01
 10
29.132
 20
13.993
 10
29.199
 20
14.05
 10
29.214
 20
14.159
 10
29.387
 20
14.257
 10
29.429
 20
14.339
 10
29.429
 20
14.487
 10
29.397
 20
14.578
 10
29.33
 20
14.611
 97
0
 92
3
 72
0
 73
1
 93
8
 10
29.189
 20
14.529
 10
29.288
 20
14.494
 10
29.305
 20
14.462
 10
29.305
 20
14.364
 10
29.231
 20
14.289
 10
29.15
 20
14.307
 10
29.083
 20
14.413
 10
29.125
 20
14.494
 97
0
 92
3
 72
0
 73
1
 93
8
 10
28.695
 20
14.504
 10
28.787
 20
14.512
 10
28.843
 20
14.47
 10
28.861
 20
14.388
 10
28.829
 20
14.322
 10
28.712
 20
14.289
 10
28.656
 20
14.331
 10
28.638
 20
14.438
 97
0
 92
3
 72
0
 73
1
 93
7
 10
28.967
 20
14.356
 10
29.034
 20
14.289
 10
29.034
 20
14.24
 10
29.009
 20
14.215
 10
28.977
 20
14.233
 10
28.935
 20
14.215
 10
28.91
 20
14.24
 97
0
 92
3
 72
0
 73
1
 93
35
 10
28.942
 20
13.862
 10
28.984
 20
13.87
 10
29.041
 20
13.828
 10
29.058
 20
13.771
 10
29.009
 20
13.697
 10
29.108
 20
13.647
 10
29.009
 20
13.598
 10
29.016
 20
13.383
 10
29.058
 20
13.376
 10
29.14
 20
13.418
 10
29.182
 20
13.474
 10
29.164
 20
13.541
 10
29.256
 20
13.598
 10
29.305
 20
13.474
 10
29.281
 20
13.45
 10
29.239
 20
13.467
 10
29.14
 20
13.343
 10
28.984
 20
13.252
 10
28.779
 20
13.368
 10
28.73
 20
13.442
 10
28.663
 20
13.474
 10
28.663
 20
13.524
 10
28.705
 20
13.59
 10
28.794
 20
13.531
 10
28.804
 20
13.507
 10
28.769
 20
13.482
 10
28.829
 20
13.418
 10
28.927
 20
13.383
 10
28.959
 20
13.499
 10
28.959
 20
13.598
 10
28.836
 20
13.647
 10
28.861
 20
13.672
 10
28.952
 20
13.679
 10
28.91
 20
13.746
 10
28.91
 20
13.82
 97
0
 75
0
 76
1
 98
0
  0
HATCH
  5
C7
330
17
100
AcDbEntity
  8
RASTER
 62
7
100
AcDbHatch
 10
0.0
 20
0.0
 30
0.0
210
0.0
220
0.0
230
1.0
  2
SOLID
 70
1
 71
0
 91
1
 92
3
 72
0
 73
1
 93
322
 10
10.141
 20
10.056
 10
10.128
 20
10.073
 10
10.113
 20
10.088
 10
10.096
 20
10.104
 10
10.079
 20
10.118
 10
10.06
 20
10.132
 10
10.039
 20
10.145
 10
10.018
 20
10.157
 10
9.995
 20
10.169
 10
9.971
 20
10.18
 10
9.947
 20
10.189
 10
9.923
 20
10.197
 10
9.899
 20
10.203
 10
9.875
 20
10.208
 10
9.851
 20
10.212
 10
9.827
 20
10.214
 10
9.803
 20
10.215
 10
9.789
 20
10.214
 10
9.775
 20
10.214
 10
9.761
 20
10.213
 10
9.746
 20
10.211
 10
9.732
 20
10.209
 10
9.718
 20
10.207
 10
9.703
 20
10.204
 10
9.689
 20
10.2
 10
9.675
 20
10.196
 10
9.661
 20
10.192
 10
9.648
 20
10.187
 10
9.634
 20
10.182
 10
9.622
 20
10.176
 10
9.609
 20
10.17
 10
9.597
 20
10.163
 10
9.585
 20
10.156
 10
9.574
 20
10.148
 10
9.563
 20
10.14
 10
9.552
 20
10.131
 10
9.542
 20
10.122
 10
9.533
 20
10.112
 10
9.524
 20
10.101
 10
9.516
 20
10.09
 10
9.508
 20
10.078
 10
9.501
 20
10.066
 10
9.495
 20
10.053
 10
9.49
 20
10.039
 10
9.486
 20
10.025
 10
9.483
 20
10.01
 10
9.48
 20
9.995
 10
9.479
 20
9.979
 10
9.478
 20
9.962
 10
9.479
 20
9.947
 10
9.48
 20
9.932
 10
9.482
 20
9.918
 10
9.485
 20
9.905
 10
9.489
 20
9.892
 10
9.493
 20
9.879
 10
9.498
 20
9.867
 10
9.504
 20
9.856
 10
9.511
 20
9.845
 10
9.519
 20
9.835
 10
9.527
 20
9.824
 10
9.535
 20
9.815
 10
9.545
 20
9.806
 10
9.554
 20
9.797
 10
9.565
 20
9.788
 10
9.576
 20
9.78
 10
9.588
 20
9.773
 10
9.6
 20
9.765
 10
9.613
 20
9.758
 10
9.626
 20
9.751
 10
9.64
 20
9.744
 10
9.655
 20
9.738
 10
9.67
 20
9.732
 10
9.686
 20
9.726
 10
9.703
 20
9.72
 10
9.72
 20
9.714
 10
9.737
 20
9.708
 10
9.755
 20
9.702
 10
9.773
 20
9.697
 10
9.791
 20
9.691
 10
9.81
 20
9.685
 10
9.829
 20
9.679
 10
9.852
 20
9.672
 10
9.874
 20
9.664
 10
9.897
 20
9.656
 10
9.919
 20
9.648
 10
9.942
 20
9.64
 10
9.966
 20
9.632
 10
9.989
 20
9.623
 10
10.013
 20
9.614
 10
10.036
 20
9.605
 10
10.059
 20
9.594
 10
10.082
 20
9.583
 10
10.104
 20
9.572
 10
10.125
 20
9.559
 10
10.146
 20
9.546
 10
10.167
 20
9.532
 10
10.187
 20
9.518
 10
10.206
 20
9.502
 10
10.225
 20
9.486
 10
10.242
 20
9.469
 10
10.259
 20
9.45
 10
10.275
 20
9.431
 10
10.29
 20
9.411
 10
10.304
 20
9.389
 10
10.317
 20
9.367
 10
10.329
 20
9.344
 10
10.339
 20
9.319
 10
10.348
 20
9.293
 10
10.355
 20
9.265
 10
10.36
 20
9.236
 10
10.364
 20
9.206
 10
10.367
 20
9.174
 10
10.368
 20
9.141
 10
10.367
 20
9.104
 10
10.364
 20
9.069
 10
10.36
 20
9.035
 10
10.354
 20
9.002
 10
10.346
 20
8.97
 10
10.337
 20
8.94
 10
10.326
 20
8.91
 10
10.313
 20
8.882
 10
10.299
 20
8.855
 10
10.283
 20
8.829
 10
10.267
 20
8.805
 10
10.249
 20
8.781
 10
10.231
 20
8.759
 10
10.211
 20
8.738
 10
10.19
 20
8.718
 10
10.167
 20
8.699
 10
10.144
 20
8.681
 10
10.12
 20
8.665
 10
10.095
 20
8.649
 10
10.069
 20
8.635
 10
10.041
 20
8.622
 10
10.013
 20
8.61
 10
9.984
 20
8.599
 10
9.954
 20
8.59
 10
9.923
 20
8.581
 10
9.892
 20
8.574
 10
9.861
 20
8.567
 10
9.829
 20
8.562
 10
9.796
 20
8.558
 10
9.764
 20
8.555
 10
9.73
 20
8.554
 10
9.697
 20
8.553
 10
9.652
 20
8.554
 10
9.608
 20
8.557
 10
9.563
 20
8.563
 10
9.519
 20
8.57
 10
9.476
 20
8.579
 10
9.432
 20
8.59
 10
9.389
 20
8.604
 10
9.346
 20
8.619
 10
9.304
 20
8.637
 10
9.264
 20
8.657
 10
9.226
 20
8.678
 10
9.19
 20
8.702
 10
9.156
 20
8.727
 10
9.124
 20
8.755
 10
9.093
 20
8.784
 10
9.065
 20
8.816
 10
9.299
 20
9.034
 10
9.317
 20
9.011
 10
9.336
 20
8.99
 10
9.356
 20
8.969
 10
9.378
 20
8.95
 10
9.401
 20
8.932
 10
9.426
 20
8.916
 10
9.452
 20
8.9
 10
9.48
 20
8.886
 10
9.508
 20
8.873
 10
9.536
 20
8.862
 10
9.564
 20
8.853
 10
9.592
 20
8.845
 10
9.62
 20
8.839
 10
9.647
 20
8.835
 10
9.675
 20
8.832
 10
9.702
 20
8.831
 10
9.716
 20
8.832
 10
9.731
 20
8.832
 10
9.745
 20
8.833
 10
9.76
 20
8.835
 10
9.775
 20
8.837
 10
9.789
 20
8.839
 10
9.804
 20
8.842
 10
9.819
 20
8.846
 10
9.834
 20
8.85
 10
9.848
 20
8.854
 10
9.862
 20
8.859
 10
9.876
 20
8.865
 10
9.889
 20
8.871
 10
9.902
 20
8.878
 10
9.915
 20
8.886
 10
9.927
 20
8.894
 10
9.939
 20
8.903
 10
9.95
 20
8.912
 10
9.96
 20
8.922
 10
9.97
 20
8.932
 10
9.98
 20
8.943
 10
9.989
 20
8.954
 10
9.997
 20
8.966
 10
10.005
 20
8.978
 10
10.012
 20
8.991
 10
10.018
 20
9.005
 10
10.023
 20
9.02
 10
10.027
 20
9.035
 10
10.031
 20
9.051
 10
10.033
 20
9.068
 10
10.034
 20
9.086
 10
10.035
 20
9.104
 10
10.034
 20
9.122
 10
10.033
 20
9.139
 10
10.03
 20
9.156
 10
10.026
 20
9.171
 10
10.022
 20
9.186
 10
10.016
 20
9.2
 10
10.009
 20
9.213
 10
10.001
 20
9.225
 10
9.992
 20
9.237
 10
9.983
 20
9.249
 10
9.972
 20
9.26
 10
9.961
 20
9.27
 10
9.95
 20
9.28
 10
9.937
 20
9.29
 10
9.924
 20
9.3
 10
9.91
 20
9.308
 10
9.895
 20
9.317
 10
9.88
 20
9.325
 10
9.864
 20
9.334
 10
9.848
 20
9.341
 10
9.83
 20
9.349
 10
9.813
 20
9.356
 10
9.794
 20
9.363
 10
9.775
 20
9.37
 10
9.755
 20
9.376
 10
9.735
 20
9.383
 10
9.715
 20
9.389
 10
9.695
 20
9.396
 10
9.674
 20
9.403
 10
9.653
 20
9.41
 10
9.632
 20
9.417
 10
9.611
 20
9.424
 10
9.59
 20
9.431
 10
9.569
 20
9.438
 10
9.549
 20
9.445
 10
9.528
 20
9.453
 10
9.507
 20
9.461
 10
9.486
 20
9.469
 10
9.465
 20
9.478
 10
9.445
 20
9.487
 10
9.424
 20
9.496
 10
9.404
 20
9.506
 10
9.385
 20
9.517
 10
9.366
 20
9.529
 10
9.347
 20
9.541
 10
9.329
 20
9.554
 10
9.312
 20
9.568
 10
9.295
 20
9.583
 10
9.279
 20
9.598
 10
9.263
 20
9.614
 10
9.249
 20
9.631
 10
9.235
 20
9.649
 10
9.222
 20
9.668
 10
9.21
 20
9.688
 10
9.198
 20
9.708
 10
9.187
 20
9.73
 10
9.177
 20
9.752
 10
9.169
 20
9.776
 10
9.162
 20
9.801
 10
9.156
 20
9.828
 10
9.151
 20
9.855
 10
9.148
 20
9.884
 10
9.146
 20
9.915
 10
9.146
 20
9.947
 10
9.147
 20
9.981
 10
9.149
 20
10.015
 10
9.154
 20
10.047
 10
9.16
 20
10.077
 10
9.168
 20
10.107
 10
9.179
 20
10.135
 10
9.19
 20
10.163
 10
9.204
 20
10.189
 10
9.219
 20
10.213
 10
9.236
 20
10.237
 10
9.253
 20
10.26
 10
9.272
 20
10.281
 10
9.291
 20
10.302
 10
9.312
 20
10.321
 10
9.334
 20
10.339
 10
9.358
 20
10.356
 10
9.382
 20
10.372
 10
9.407
 20
10.387
 10
9.432
 20
10.401
 10
9.459
 20
10.414
 10
9.486
 20
10.426
 10
9.514
 20
10.437
 10
9.543
 20
10.446
 10
9.573
 20
10.455
 10
9.604
 20
10.463
 10
9.634
 20
10.469
 10
9.665
 20
10.475
 10
9.695
 20
10.479
 10
9.726
 20
10.483
 10
9.757
 20
10.486
 10
9.788
 20
10.487
 10
9.819
 20
10.488
 10
9.854
 20
10.487
 10
9.889
 20
10.485
 10
9.925
 20
10.481
 10
9.96
 20
10.475
 10
9.996
 20
10.468
 10
10.032
 20
10.46
 10
10.068
 20
10.45
 10
10.104
 20
10.438
 10
10.139
 20
10.425
 10
10.173
 20
10.41
 10
10.207
 20
10.394
 10
10.239
 20
10.376
 10
10.269
 20
10.357
 10
10.299
 20
10.336
 10
10.327
 20
10.314
 10
10.355
 20
10.29
 97
0
 75
0
 76
1
 98
0
  0
HATCH
  5
C8
330
17
100
AcDbEntity
  8
RASTER
 62
7
100
AcDbHatch
 10
0.0
 20
0.0
 30
0.0
210
0.0
220
0.0
230
1.0
  2
SOLID
 70
1
 71
0
 91
1
 92
3
 72
0
 73
1
 93
92
 10
10.5
 20
9.598
 10
10.5
 20
9.848
 10
10.719
 20
9.848
 10
10.719
 20
10.209
 10
11.025
 20
10.209
 10
11.025
 20
9.848
 10
11.337
 20
9.848
 10
11.337
 20
9.598
 10
11.025
 20
9.598
 10
11.025
 20
9.019
 10
11.026
 20
8.998
 10
11.027
 20
8.979
 10
11.03
 20
8.96
 10
11.033
 20
8.943
 10
11.037
 20
8.926
 10
11.042
 20
8.91
 10
11.048
 20
8.895
 10
11.055
 20
8.881
 10
11.064
 20
8.868
 10
11.075
 20
8.857
 10
11.088
 20
8.848
 10
11.104
 20
8.84
 10
11.122
 20
8.834
 10
11.142
 20
8.83
 10
11.164
 20
8.827
 10
11.189
 20
8.826
 10
11.197
 20
8.826
 10
11.205
 20
8.827
 10
11.213
 20
8.827
 10
11.222
 20
8.828
 10
11.23
 20
8.829
 10
11.239
 20
8.83
 10
11.248
 20
8.831
 10
11.257
 20
8.833
 10
11.266
 20
8.834
 10
11.275
 20
8.836
 10
11.283
 20
8.838
 10
11.291
 20
8.841
 10
11.299
 20
8.843
 10
11.307
 20
8.846
 10
11.315
 20
8.849
 10
11.322
 20
8.852
 10
11.332
 20
8.608
 10
11.322
 20
8.604
 10
11.31
 20
8.6
 10
11.299
 20
8.597
 10
11.287
 20
8.594
 10
11.274
 20
8.591
 10
11.261
 20
8.588
 10
11.247
 20
8.585
 10
11.233
 20
8.583
 10
11.219
 20
8.581
 10
11.205
 20
8.579
 10
11.191
 20
8.578
 10
11.177
 20
8.576
 10
11.164
 20
8.575
 10
11.151
 20
8.575
 10
11.137
 20
8.574
 10
11.124
 20
8.574
 10
11.094
 20
8.575
 10
11.065
 20
8.576
 10
11.037
 20
8.579
 10
11.011
 20
8.583
 10
10.986
 20
8.588
 10
10.963
 20
8.594
 10
10.942
 20
8.601
 10
10.921
 20
8.609
 10
10.902
 20
8.618
 10
10.884
 20
8.628
 10
10.867
 20
8.639
 10
10.852
 20
8.651
 10
10.837
 20
8.663
 10
10.823
 20
8.676
 10
10.81
 20
8.69
 10
10.798
 20
8.705
 10
10.787
 20
8.721
 10
10.777
 20
8.737
 10
10.768
 20
8.754
 10
10.76
 20
8.771
 10
10.752
 20
8.789
 10
10.746
 20
8.807
 10
10.74
 20
8.826
 10
10.736
 20
8.846
 10
10.732
 20
8.866
 10
10.728
 20
8.886
 10
10.725
 20
8.907
 10
10.723
 20
8.928
 10
10.721
 20
8.949
 10
10.72
 20
8.971
 10
10.719
 20
8.993
 10
10.719
 20
9.016
 10
10.719
 20
9.598
 97
0
 75
0
 76
1
 98
0
  0
HATCH
  5
C9
330
17
100
AcDbEntity
  8
RASTER
 62
7
100
AcDbHatch
 10
0.0
 20
0.0
 30
0.0
210
0.0
220
0.0
230
1.0
  2
SOLID
 70
1
 71
0
 91
2
 92
3
 72
0
 73
1
 93
129
 10
11.491
 20
9.229
 10
11.492
 20
9.266
 10
11.494
 20
9.302
 10
11.498
 20
9.337
 10
11.504
 20
9.371
 10
11.512
 20
9.404
 10
11.521
 20
9.436
 10
11.532
 20
9.468
 10
11.544
 20
9.498
 10
11.558
 20
9.528
 10
11.573
 20
9.557
 10
11.589
 20
9.584
 10
11.607
 20
9.61
 10
11.625
 20
9.636
 10
11.645
 20
9.66
 10
11.666
 20
9.683
 10
11.688
 20
9.705
 10
11.712
 20
9.726
 10
11.736
 20
9.745
 10
11.761
 20
9.764
 10
11.788
 20
9.781
 10
11.815
 20
9.797
 10
11.844
 20
9.812
 10
11.874
 20
9.825
 10
11.904
 20
9.838
 10
11.936
 20
9.849
 10
11.968
 20
9.858
 10
12.0
 20
9.866
 10
12.033
 20
9.873
 10
12.066
 20
9.878
 10
12.1
 20
9.881
 10
12.135
 20
9.884
 10
12.169
 20
9.884
 10
12.204
 20
9.884
 10
12.239
 20
9.881
 10
12.273
 20
9.878
 10
12.306
 20
9.873
 10
12.339
 20
9.866
 10
12.371
 20
9.858
 10
12.403
 20
9.849
 10
12.435
 20
9.838
 10
12.465
 20
9.825
 10
12.495
 20
9.812
 10
12.523
 20
9.797
 10
12.551
 20
9.781
 10
12.577
 20
9.764
 10
12.603
 20
9.745
 10
12.627
 20
9.726
 10
12.65
 20
9.705
 10
12.673
 20
9.683
 10
12.694
 20
9.66
 10
12.713
 20
9.636
 10
12.732
 20
9.61
 10
12.749
 20
9.584
 10
12.766
 20
9.557
 10
12.781
 20
9.528
 10
12.795
 20
9.498
 10
12.807
 20
9.468
 10
12.818
 20
9.436
 10
12.827
 20
9.404
 10
12.835
 20
9.371
 10
12.841
 20
9.337
 10
12.845
 20
9.302
 10
12.847
 20
9.266
 10
12.848
 20
9.229
 10
12.847
 20
9.193
 10
12.845
 20
9.157
 10
12.841
 20
9.122
 10
12.835
 20
9.087
 10
12.827
 20
9.054
 10
12.818
 20
9.022
 10
12.807
 20
8.99
 10
12.795
 20
8.959
 10
12.781
 20
8.929
 10
12.766
 20
8.9
 10
12.749
 20
8.872
 10
12.732
 20
8.845
 10
12.713
 20
8.82
 10
12.694
 20
8.795
 10
12.673
 20
8.772
 10
12.65
 20
8.749
 10
12.627
 20
8.728
 10
12.603
 20
8.708
 10
12.577
 20
8.689
 10
12.551
 20
8.672
 10
12.523
 20
8.655
 10
12.495
 20
8.64
 10
12.465
 20
8.626
 10
12.435
 20
8.613
 10
12.403
 20
8.601
 10
12.371
 20
8.591
 10
12.339
 20
8.583
 10
12.306
 20
8.576
 10
12.273
 20
8.571
 10
12.239
 20
8.567
 10
12.204
 20
8.564
 10
12.169
 20
8.564
 10
12.135
 20
8.564
 10
12.1
 20
8.567
 10
12.066
 20
8.571
 10
12.033
 20
8.576
 10
12.0
 20
8.583
 10
11.968
 20
8.591
 10
11.936
 20
8.601
 10
11.904
 20
8.613
 10
11.874
 20
8.626
 10
11.844
 20
8.64
 10
11.815
 20
8.655
 10
11.788
 20
8.672
 10
11.761
 20
8.689
 10
11.736
 20
8.708
 10
11.712
 20
8.728
 10
11.688
 20
8.749
 10
11.666
 20
8.772
 10
11.645
 20
8.795
 10
11.625
 20
8.82
 10
11.607
 20
8.845
 10
11.589
 20
8.872
 10
11.573
 20
8.9
 10
11.558
 20
8.929
 10
11.544
 20
8.959
 10
11.532
 20
8.99
 10
11.521
 20
9.022
 10
11.512
 20
9.054
 10
11.504
 20
9.087
 10
11.498
 20
9.122
 10
11.494
 20
9.157
 10
11.492
 20
9.193
 10
11.491
 20
9.229
 97
0
 92
3
 72
0
 73
1
 93
129
 10
11.808
 20
9.229
 10
11.808
 20
9.211
 10
11.809
 20
9.193
 10
11.811
 20
9.175
 10
11.814
 20
9.156
 10
11.817
 20
9.138
 10
11.82
 20
9.12
 10
11.825
 20
9.102
 10
11.83
 20
9.084
 10
11.836
 20
9.066
 10
11.843
 20
9.048
 10
11.85
 20
9.031
 10
11.858
 20
9.015
 10
11.866
 20
8.999
 10
11.876
 20
8.983
 10
11.886
 20
8.968
 10
11.896
 20
8.954
 10
11.908
 20
8.94
 10
11.92
 20
8.926
 10
11.933
 20
8.914
 10
11.946
 20
8.902
 10
11.961
 20
8.89
 10
11.976
 20
8.879
 10
11.992
 20
8.869
 10
12.008
 20
8.86
 10
12.026
 20
8.851
 10
12.044
 20
8.844
 10
12.063
 20
8.838
 10
12.082
 20
8.833
 10
12.103
 20
8.829
 10
12.124
 20
8.826
 10
12.146
 20
8.824
 10
12.169
 20
8.824
 10
12.192
 20
8.824
 10
12.215
 20
8.826
 10
12.236
 20
8.829
 10
12.257
 20
8.833
 10
12.276
 20
8.838
 10
12.295
 20
8.844
 10
12.313
 20
8.851
 10
12.331
 20
8.86
 10
12.347
 20
8.869
 10
12.363
 20
8.88
 10
12.378
 20
8.89
 10
12.392
 20
8.902
 10
12.406
 20
8.914
 10
12.419
 20
8.926
 10
12.431
 20
8.94
 10
12.442
 20
8.954
 10
12.453
 20
8.968
 10
12.463
 20
8.983
 10
12.472
 20
8.999
 10
12.481
 20
9.015
 10
12.489
 20
9.031
 10
12.496
 20
9.048
 10
12.503
 20
9.066
 10
12.509
 20
9.084
 10
12.514
 20
9.102
 10
12.518
 20
9.12
 10
12.522
 20
9.138
 10
12.525
 20
9.156
 10
12.528
 20
9.175
 10
12.529
 20
9.193
 10
12.53
 20
9.211
 10
12.531
 20
9.229
 10
12.53
 20
9.247
 10
12.529
 20
9.266
 10
12.528
 20
9.284
 10
12.525
 20
9.302
 10
12.522
 20
9.32
 10
12.518
 20
9.338
 10
12.514
 20
9.356
 10
12.509
 20
9.373
 10
12.503
 20
9.391
 10
12.496
 20
9.408
 10
12.489
 20
9.425
 10
12.481
 20
9.441
 10
12.472
 20
9.457
 10
12.463
 20
9.473
 10
12.453
 20
9.488
 10
12.442
 20
9.502
 10
12.431
 20
9.516
 10
12.419
 20
9.529
 10
12.406
 20
9.542
 10
12.392
 20
9.554
 10
12.378
 20
9.565
 10
12.363
 20
9.576
 10
12.347
 20
9.585
 10
12.331
 20
9.594
 10
12.313
 20
9.603
 10
12.295
 20
9.61
 10
12.276
 20
9.616
 10
12.256
 20
9.621
 10
12.236
 20
9.625
 10
12.215
 20
9.627
 10
12.192
 20
9.629
 10
12.169
 20
9.63
 10
12.146
 20
9.629
 10
12.124
 20
9.627
 10
12.103
 20
9.625
 10
12.082
 20
9.621
 10
12.063
 20
9.616
 10
12.044
 20
9.61
 10
12.026
 20
9.603
 10
12.008
 20
9.594
 10
11.992
 20
9.585
 10
11.976
 20
9.576
 10
11.961
 20
9.565
 10
11.946
 20
9.554
 10
11.933
 20
9.542
 10
11.92
 20
9.529
 10
11.908
 20
9.516
 10
11.896
 20
9.502
 10
11.886
 20
9.488
 10
11.876
 20
9.473
 10
11.866
 20
9.457
 10
11.858
 20
9.441
 10
11.85
 20
9.425
 10
11.843
 20
9.408
 10
11.836
 20
9.391
 10
11.83
 20
9.373
 10
11.825
 20
9.356
 10
11.82
 20
9.338
 10
11.817
 20
9.32
 10
11.814
 20
9.302
 10
11.811
 20
9.284
 10
11.809
 20
9.266
 10
11.808
 20
9.247
 10
11.808
 20
9.229
 97
0
 75
0
 76
1
 98
0
  0
HATCH
  5
CA
330
17
100
AcDbEntity
  8
RASTER
 62
7
100
AcDbHatch
 10
0.0
 20
0.0
 30
0.0
210
0.0
220
0.0
230
1.0
  2
SOLID
 70
1
 71
0
 91
1
 92
3
 72
0
 73
1
 93
87
 10
13.15
 20
9.848
 10
13.449
 20
9.848
 10
13.449
 20
9.64
 10
13.454
 20
9.64
 10
13.467
 20
9.667
 10
13.482
 20
9.692
 10
13.499
 20
9.716
 10
13.516
 20
9.739
 10
13.535
 20
9.76
 10
13.555
 20
9.78
 10
13.577
 20
9.799
 10
13.599
 20
9.817
 10
13.623
 20
9.833
 10
13.648
 20
9.846
 10
13.674
 20
9.858
 10
13.701
 20
9.868
 10
13.729
 20
9.875
 10
13.757
 20
9.88
 10
13.787
 20
9.883
 10
13.818
 20
9.884
 10
13.822
 20
9.884
 10
13.827
 20
9.884
 10
13.832
 20
9.884
 10
13.837
 20
9.884
 10
13.842
 20
9.884
 10
13.847
 20
9.884
 10
13.852
 20
9.883
 10
13.857
 20
9.883
 10
13.862
 20
9.883
 10
13.867
 20
9.882
 10
13.872
 20
9.882
 10
13.876
 20
9.881
 10
13.881
 20
9.88
 10
13.885
 20
9.879
 10
13.889
 20
9.878
 10
13.893
 20
9.877
 10
13.893
 20
9.591
 10
13.886
 20
9.592
 10
13.878
 20
9.594
 10
13.871
 20
9.596
 10
13.864
 20
9.597
 10
13.858
 20
9.598
 10
13.852
 20
9.599
 10
13.846
 20
9.6
 10
13.84
 20
9.601
 10
13.834
 20
9.602
 10
13.829
 20
9.602
 10
13.824
 20
9.603
 10
13.818
 20
9.603
 10
13.813
 20
9.603
 10
13.807
 20
9.603
 10
13.802
 20
9.604
 10
13.797
 20
9.604
 10
13.771
 20
9.603
 10
13.746
 20
9.601
 10
13.723
 20
9.598
 10
13.701
 20
9.594
 10
13.68
 20
9.588
 10
13.66
 20
9.582
 10
13.642
 20
9.574
 10
13.625
 20
9.565
 10
13.61
 20
9.555
 10
13.595
 20
9.544
 10
13.581
 20
9.533
 10
13.568
 20
9.522
 10
13.555
 20
9.51
 10
13.544
 20
9.497
 10
13.534
 20
9.484
 10
13.524
 20
9.471
 10
13.515
 20
9.457
 10
13.507
 20
9.444
 10
13.5
 20
9.43
 10
13.493
 20
9.416
 10
13.488
 20
9.402
 10
13.483
 20
9.388
 10
13.478
 20
9.373
 10
13.475
 20
9.359
 10
13.472
 20
9.345
 10
13.469
 20
9.332
 10
13.467
 20
9.32
 10
13.465
 20
9.308
 10
13.463
 20
9.297
 10
13.462
 20
9.287
 10
13.462
 20
9.277
 10
13.462
 20
9.268
 10
13.462
 20
8.6
 10
13.15
 20
8.6
 97
0
 75
0
 76
1
 98
0
  0
HATCH
  5
CB
330
17
100
AcDbEntity
  8
RASTER
 62
7
100
AcDbHatch
 10
0.0
 20
0.0
 30
0.0
210
0.0
220
0.0
230
1.0
  2
SOLID
 70
1
 71
0
 91
1
 92
3
 72
0
 73
1
 93
221
 10
15.586
 20
9.884
 10
15.616
 20
9.884
 10
15.645
 20
9.882
 10
15.673
 20
9.878
 10
15.699
 20
9.874
 10
15.725
 20
9.868
 10
15.749
 20
9.86
 10
15.773
 20
9.852
 10
15.795
 20
9.841
 10
15.816
 20
9.83
 10
15.837
 20
9.818
 10
15.856
 20
9.805
 10
15.874
 20
9.792
 10
15.892
 20
9.777
 10
15.908
 20
9.762
 10
15.924
 20
9.746
 10
15.938
 20
9.728
 10
15.952
 20
9.711
 10
15.964
 20
9.692
 10
15.976
 20
9.673
 10
15.987
 20
9.653
 10
15.996
 20
9.633
 10
16.005
 20
9.611
 10
16.013
 20
9.59
 10
16.02
 20
9.567
 10
16.026
 20
9.544
 10
16.031
 20
9.521
 10
16.036
 20
9.498
 10
16.039
 20
9.475
 10
16.042
 20
9.451
 10
16.044
 20
9.428
 10
16.046
 20
9.404
 10
16.046
 20
9.38
 10
16.046
 20
8.6
 10
15.734
 20
8.6
 10
15.734
 20
9.292
 10
15.734
 20
9.305
 10
15.734
 20
9.319
 10
15.733
 20
9.333
 10
15.732
 20
9.347
 10
15.731
 20
9.362
 10
15.73
 20
9.376
 10
15.728
 20
9.391
 10
15.726
 20
9.406
 10
15.724
 20
9.421
 10
15.721
 20
9.435
 10
15.718
 20
9.449
 10
15.714
 20
9.463
 10
15.709
 20
9.476
 10
15.704
 20
9.489
 10
15.699
 20
9.502
 10
15.692
 20
9.514
 10
15.686
 20
9.526
 10
15.678
 20
9.537
 10
15.67
 20
9.548
 10
15.662
 20
9.558
 10
15.652
 20
9.567
 10
15.642
 20
9.577
 10
15.632
 20
9.585
 10
15.621
 20
9.593
 10
15.609
 20
9.601
 10
15.596
 20
9.607
 10
15.583
 20
9.612
 10
15.568
 20
9.617
 10
15.552
 20
9.62
 10
15.536
 20
9.622
 10
15.518
 20
9.624
 10
15.5
 20
9.624
 10
15.482
 20
9.624
 10
15.465
 20
9.622
 10
15.448
 20
9.62
 10
15.432
 20
9.617
 10
15.417
 20
9.612
 10
15.403
 20
9.607
 10
15.389
 20
9.601
 10
15.375
 20
9.593
 10
15.362
 20
9.585
 10
15.35
 20
9.576
 10
15.339
 20
9.567
 10
15.328
 20
9.557
 10
15.317
 20
9.547
 10
15.307
 20
9.536
 10
15.298
 20
9.525
 10
15.289
 20
9.513
 10
15.281
 20
9.5
 10
15.274
 20
9.487
 10
15.267
 20
9.474
 10
15.26
 20
9.46
 10
15.254
 20
9.446
 10
15.249
 20
9.432
 10
15.244
 20
9.417
 10
15.24
 20
9.402
 10
15.236
 20
9.387
 10
15.233
 20
9.372
 10
15.23
 20
9.356
 10
15.228
 20
9.341
 10
15.227
 20
9.326
 10
15.225
 20
9.311
 10
15.225
 20
9.296
 10
15.224
 20
9.281
 10
15.224
 20
8.6
 10
14.912
 20
8.6
 10
14.912
 20
9.354
 10
14.912
 20
9.383
 10
14.909
 20
9.41
 10
14.905
 20
9.436
 10
14.898
 20
9.461
 10
14.891
 20
9.485
 10
14.881
 20
9.507
 10
14.87
 20
9.528
 10
14.856
 20
9.548
 10
14.842
 20
9.566
 10
14.825
 20
9.581
 10
14.806
 20
9.594
 10
14.785
 20
9.605
 10
14.762
 20
9.614
 10
14.737
 20
9.62
 10
14.71
 20
9.623
 10
14.681
 20
9.624
 10
14.664
 20
9.624
 10
14.647
 20
9.623
 10
14.631
 20
9.62
 10
14.615
 20
9.617
 10
14.6
 20
9.613
 10
14.586
 20
9.608
 10
14.572
 20
9.602
 10
14.559
 20
9.594
 10
14.546
 20
9.587
 10
14.534
 20
9.578
 10
14.523
 20
9.57
 10
14.512
 20
9.56
 10
14.501
 20
9.551
 10
14.492
 20
9.54
 10
14.483
 20
9.529
 10
14.474
 20
9.518
 10
14.466
 20
9.506
 10
14.459
 20
9.494
 10
14.452
 20
9.481
 10
14.446
 20
9.467
 10
14.44
 20
9.454
 10
14.434
 20
9.44
 10
14.429
 20
9.425
 10
14.425
 20
9.41
 10
14.421
 20
9.395
 10
14.418
 20
9.379
 10
14.415
 20
9.364
 10
14.412
 20
9.348
 10
14.41
 20
9.333
 10
14.409
 20
9.318
 10
14.408
 20
9.302
 10
14.408
 20
9.286
 10
14.408
 20
8.6
 10
14.096
 20
8.6
 10
14.096
 20
9.848
 10
14.392
 20
9.848
 10
14.392
 20
9.648
 10
14.398
 20
9.648
 10
14.403
 20
9.659
 10
14.409
 20
9.671
 10
14.415
 20
9.682
 10
14.422
 20
9.693
 10
14.429
 20
9.704
 10
14.437
 20
9.715
 10
14.445
 20
9.726
 10
14.454
 20
9.736
 10
14.462
 20
9.746
 10
14.472
 20
9.757
 10
14.482
 20
9.766
 10
14.492
 20
9.776
 10
14.502
 20
9.785
 10
14.513
 20
9.794
 10
14.525
 20
9.803
 10
14.537
 20
9.812
 10
14.549
 20
9.82
 10
14.562
 20
9.828
 10
14.575
 20
9.835
 10
14.588
 20
9.842
 10
14.602
 20
9.848
 10
14.617
 20
9.854
 10
14.632
 20
9.86
 10
14.647
 20
9.865
 10
14.663
 20
9.869
 10
14.679
 20
9.873
 10
14.696
 20
9.877
 10
14.713
 20
9.88
 10
14.73
 20
9.882
 10
14.748
 20
9.883
 10
14.766
 20
9.884
 10
14.785
 20
9.884
 10
14.821
 20
9.883
 10
14.855
 20
9.88
 10
14.887
 20
9.875
 10
14.918
 20
9.868
 10
14.948
 20
9.859
 10
14.976
 20
9.848
 10
15.002
 20
9.835
 10
15.027
 20
9.819
 10
15.05
 20
9.802
 10
15.072
 20
9.784
 10
15.093
 20
9.765
 10
15.112
 20
9.744
 10
15.13
 20
9.722
 10
15.146
 20
9.698
 10
15.161
 20
9.674
 10
15.175
 20
9.648
 10
15.191
 20
9.676
 10
15.209
 20
9.702
 10
15.228
 20
9.726
 10
15.248
 20
9.749
 10
15.269
 20
9.77
 10
15.292
 20
9.789
 10
15.316
 20
9.807
 10
15.341
 20
9.823
 10
15.368
 20
9.838
 10
15.396
 20
9.85
 10
15.425
 20
9.861
 10
15.455
 20
9.869
 10
15.486
 20
9.876
 10
15.518
 20
9.881
 10
15.551
 20
9.883
 10
15.586
 20
9.884
 97
0
 75
0
 76
1
 98
0
  0
HATCH
  5
CC
330
17
100
AcDbEntity
  8
RASTER
 62
7
100
AcDbHatch
 10
0.0
 20
0.0
 30
0.0
210
0.0
220
0.0
230
1.0
  2
SOLID
 70
1
 71
0
 91
2
 92
3
 72
0
 73
1
 93
49
 10
18.685
 20
9.302
 10
18.682
 20
9.344
 10
18.675
 20
9.384
 10
18.666
 20
9.422
 10
18.653
 20
9.459
 10
18.638
 20
9.494
 10
18.62
 20
9.526
 10
18.599
 20
9.558
 10
18.575
 20
9.587
 10
18.547
 20
9.613
 10
18.518
 20
9.636
 10
18.485
 20
9.656
 10
18.45
 20
9.672
 10
18.412
 20
9.684
 10
18.371
 20
9.693
 10
18.328
 20
9.698
 10
18.282
 20
9.7
 10
18.26
 20
9.699
 10
18.239
 20
9.698
 10
18.218
 20
9.695
 10
18.197
 20
9.692
 10
18.177
 20
9.687
 10
18.157
 20
9.682
 10
18.137
 20
9.675
 10
18.118
 20
9.667
 10
18.1
 20
9.659
 10
18.082
 20
9.65
 10
18.064
 20
9.64
 10
18.047
 20
9.629
 10
18.031
 20
9.618
 10
18.015
 20
9.605
 10
18.0
 20
9.593
 10
17.986
 20
9.579
 10
17.972
 20
9.565
 10
17.958
 20
9.55
 10
17.946
 20
9.535
 10
17.934
 20
9.519
 10
17.923
 20
9.503
 10
17.913
 20
9.486
 10
17.903
 20
9.469
 10
17.895
 20
9.451
 10
17.887
 20
9.434
 10
17.879
 20
9.415
 10
17.873
 20
9.397
 10
17.868
 20
9.378
 10
17.864
 20
9.36
 10
17.86
 20
9.341
 10
17.857
 20
9.321
 10
17.856
 20
9.302
 97
0
 92
3
 72
0
 73
1
 93
179
 10
18.864
 20
9.245
 10
18.864
 20
9.24
 10
18.864
 20
9.236
 10
18.864
 20
9.231
 10
18.864
 20
9.226
 10
18.864
 20
9.221
 10
18.864
 20
9.216
 10
18.864
 20
9.211
 10
18.864
 20
9.206
 10
18.864
 20
9.201
 10
18.864
 20
9.195
 10
18.864
 20
9.19
 10
18.864
 20
9.184
 10
18.863
 20
9.179
 10
18.863
 20
9.173
 10
18.862
 20
9.167
 10
18.862
 20
9.162
 10
17.853
 20
9.162
 10
17.854
 20
9.139
 10
17.856
 20
9.117
 10
17.859
 20
9.095
 10
17.863
 20
9.073
 10
17.868
 20
9.052
 10
17.874
 20
9.031
 10
17.881
 20
9.01
 10
17.889
 20
8.99
 10
17.898
 20
8.97
 10
17.908
 20
8.951
 10
17.918
 20
8.932
 10
17.93
 20
8.915
 10
17.942
 20
8.897
 10
17.955
 20
8.881
 10
17.968
 20
8.865
 10
17.983
 20
8.85
 10
17.998
 20
8.835
 10
18.014
 20
8.821
 10
18.031
 20
8.808
 10
18.048
 20
8.796
 10
18.066
 20
8.784
 10
18.084
 20
8.774
 10
18.104
 20
8.764
 10
18.123
 20
8.755
 10
18.144
 20
8.746
 10
18.165
 20
8.739
 10
18.186
 20
8.733
 10
18.207
 20
8.728
 10
18.229
 20
8.725
 10
18.252
 20
8.722
 10
18.274
 20
8.72
 10
18.298
 20
8.72
 10
18.331
 20
8.721
 10
18.364
 20
8.724
 10
18.396
 20
8.729
 10
18.426
 20
8.736
 10
18.455
 20
8.744
 10
18.483
 20
8.755
 10
18.51
 20
8.768
 10
18.536
 20
8.783
 10
18.56
 20
8.8
 10
18.583
 20
8.816
 10
18.604
 20
8.834
 10
18.624
 20
8.852
 10
18.642
 20
8.871
 10
18.659
 20
8.89
 10
18.674
 20
8.91
 10
18.688
 20
8.93
 10
18.82
 20
8.826
 10
18.793
 20
8.793
 10
18.764
 20
8.762
 10
18.735
 20
8.734
 10
18.705
 20
8.708
 10
18.675
 20
8.684
 10
18.644
 20
8.663
 10
18.612
 20
8.645
 10
18.58
 20
8.629
 10
18.547
 20
8.615
 10
18.513
 20
8.602
 10
18.478
 20
8.592
 10
18.444
 20
8.584
 10
18.408
 20
8.577
 10
18.372
 20
8.573
 10
18.335
 20
8.57
 10
18.298
 20
8.569
 10
18.264
 20
8.57
 10
18.231
 20
8.572
 10
18.199
 20
8.576
 10
18.167
 20
8.581
 10
18.136
 20
8.588
 10
18.106
 20
8.596
 10
18.076
 20
8.606
 10
18.047
 20
8.617
 10
18.018
 20
8.63
 10
17.991
 20
8.643
 10
17.964
 20
8.658
 10
17.939
 20
8.674
 10
17.915
 20
8.692
 10
17.891
 20
8.71
 10
17.869
 20
8.73
 10
17.848
 20
8.751
 10
17.828
 20
8.773
 10
17.808
 20
8.796
 10
17.79
 20
8.82
 10
17.773
 20
8.844
 10
17.758
 20
8.87
 10
17.743
 20
8.897
 10
17.729
 20
8.925
 10
17.717
 20
8.954
 10
17.705
 20
8.983
 10
17.695
 20
9.013
 10
17.687
 20
9.044
 10
17.68
 20
9.076
 10
17.675
 20
9.108
 10
17.671
 20
9.141
 10
17.669
 20
9.174
 10
17.668
 20
9.208
 10
17.669
 20
9.243
 10
17.671
 20
9.276
 10
17.675
 20
9.309
 10
17.68
 20
9.341
 10
17.687
 20
9.373
 10
17.695
 20
9.403
 10
17.704
 20
9.434
 10
17.715
 20
9.463
 10
17.727
 20
9.492
 10
17.741
 20
9.52
 10
17.755
 20
9.547
 10
17.771
 20
9.572
 10
17.788
 20
9.597
 10
17.806
 20
9.621
 10
17.825
 20
9.644
 10
17.845
 20
9.666
 10
17.866
 20
9.687
 10
17.889
 20
9.707
 10
17.912
 20
9.725
 10
17.936
 20
9.742
 10
17.96
 20
9.759
 10
17.986
 20
9.773
 10
18.013
 20
9.787
 10
18.04
 20
9.8
 10
18.068
 20
9.811
 10
18.097
 20
9.821
 10
18.127
 20
9.829
 10
18.157
 20
9.836
 10
18.187
 20
9.841
 10
18.218
 20
9.845
 10
18.25
 20
9.847
 10
18.282
 20
9.848
 10
18.317
 20
9.847
 10
18.351
 20
9.845
 10
18.384
 20
9.841
 10
18.417
 20
9.836
 10
18.448
 20
9.829
 10
18.477
 20
9.821
 10
18.506
 20
9.811
 10
18.534
 20
9.8
 10
18.561
 20
9.787
 10
18.587
 20
9.774
 10
18.611
 20
9.759
 10
18.634
 20
9.743
 10
18.656
 20
9.727
 10
18.678
 20
9.709
 10
18.697
 20
9.69
 10
18.716
 20
9.67
 10
18.734
 20
9.649
 10
18.75
 20
9.627
 10
18.766
 20
9.605
 10
18.78
 20
9.581
 10
18.793
 20
9.557
 10
18.806
 20
9.532
 10
18.817
 20
9.506
 10
18.827
 20
9.479
 10
18.836
 20
9.451
 10
18.843
 20
9.423
 10
18.85
 20
9.395
 10
18.855
 20
9.366
 10
18.859
 20
9.336
 10
18.862
 20
9.306
 10
18.864
 20
9.276
 10
18.864
 20
9.245
 97
0
 75
0
 76
1
 98
0
  0
HATCH
  5
CD
330
17
100
AcDbEntity
  8
RASTER
 62
7
100
AcDbHatch
 10
0.0
 20
0.0
 30
0.0
210
0.0
220
0.0
230
1.0
  2
SOLID
 70
1
 71
0
 91
1
 92
3
 72
0
 73
1
 93
8
 10
19.743
 20
8.6
 10
19.548
 20
8.6
 10
19.052
 20
9.817
 10
19.249
 20
9.817
 10
19.644
 20
8.787
 10
19.65
 20
8.787
 10
20.047
 20
9.817
 10
20.237
 20
9.817
 97
0
 75
0
 76
1
 98
0
  0
HATCH
  5
CE
330
17
100
AcDbEntity
  8
RASTER
 62
7
100
AcDbHatch
 10
0.0
 20
0.0
 30
0.0
210
0.0
220
0.0
230
1.0
  2
SOLID
 70
1
 71
0
 91
2
 92
3
 72
0
 73
1
 93
49
 10
21.441
 20
9.302
 10
21.438
 20
9.344
 10
21.431
 20
9.384
 10
21.422
 20
9.422
 10
21.409
 20
9.459
 10
21.394
 20
9.494
 10
21.376
 20
9.526
 10
21.355
 20
9.558
 10
21.331
 20
9.587
 10
21.303
 20
9.613
 10
21.274
 20
9.636
 10
21.241
 20
9.656
 10
21.206
 20
9.672
 10
21.168
 20
9.684
 10
21.127
 20
9.693
 10
21.084
 20
9.698
 10
21.038
 20
9.7
 10
21.016
 20
9.699
 10
20.995
 20
9.698
 10
20.974
 20
9.695
 10
20.953
 20
9.692
 10
20.933
 20
9.687
 10
20.913
 20
9.682
 10
20.893
 20
9.675
 10
20.874
 20
9.667
 10
20.856
 20
9.659
 10
20.838
 20
9.65
 10
20.82
 20
9.64
 10
20.803
 20
9.629
 10
20.787
 20
9.618
 10
20.771
 20
9.605
 10
20.756
 20
9.593
 10
20.742
 20
9.579
 10
20.728
 20
9.565
 10
20.714
 20
9.55
 10
20.702
 20
9.535
 10
20.69
 20
9.519
 10
20.679
 20
9.503
 10
20.669
 20
9.486
 10
20.659
 20
9.469
 10
20.651
 20
9.451
 10
20.643
 20
9.434
 10
20.635
 20
9.415
 10
20.629
 20
9.397
 10
20.624
 20
9.378
 10
20.62
 20
9.36
 10
20.616
 20
9.341
 10
20.613
 20
9.321
 10
20.612
 20
9.302
 97
0
 92
3
 72
0
 73
1
 93
179
 10
21.62
 20
9.245
 10
21.62
 20
9.24
 10
21.62
 20
9.236
 10
21.62
 20
9.231
 10
21.62
 20
9.226
 10
21.62
 20
9.221
 10
21.62
 20
9.216
 10
21.62
 20
9.211
 10
21.62
 20
9.206
 10
21.62
 20
9.201
 10
21.62
 20
9.195
 10
21.62
 20
9.19
 10
21.62
 20
9.184
 10
21.619
 20
9.179
 10
21.619
 20
9.173
 10
21.618
 20
9.167
 10
21.618
 20
9.162
 10
20.609
 20
9.162
 10
20.61
 20
9.139
 10
20.612
 20
9.117
 10
20.615
 20
9.095
 10
20.619
 20
9.073
 10
20.624
 20
9.052
 10
20.63
 20
9.031
 10
20.637
 20
9.01
 10
20.645
 20
8.99
 10
20.654
 20
8.97
 10
20.664
 20
8.951
 10
20.674
 20
8.932
 10
20.686
 20
8.915
 10
20.698
 20
8.897
 10
20.711
 20
8.881
 10
20.724
 20
8.865
 10
20.739
 20
8.85
 10
20.754
 20
8.835
 10
20.77
 20
8.821
 10
20.787
 20
8.808
 10
20.804
 20
8.796
 10
20.822
 20
8.784
 10
20.84
 20
8.774
 10
20.86
 20
8.764
 10
20.879
 20
8.755
 10
20.9
 20
8.746
 10
20.921
 20
8.739
 10
20.942
 20
8.733
 10
20.963
 20
8.728
 10
20.985
 20
8.725
 10
21.008
 20
8.722
 10
21.03
 20
8.72
 10
21.054
 20
8.72
 10
21.087
 20
8.721
 10
21.12
 20
8.724
 10
21.152
 20
8.729
 10
21.182
 20
8.736
 10
21.211
 20
8.744
 10
21.239
 20
8.755
 10
21.266
 20
8.768
 10
21.292
 20
8.783
 10
21.316
 20
8.8
 10
21.339
 20
8.816
 10
21.36
 20
8.834
 10
21.38
 20
8.852
 10
21.398
 20
8.871
 10
21.415
 20
8.89
 10
21.43
 20
8.91
 10
21.444
 20
8.93
 10
21.576
 20
8.826
 10
21.549
 20
8.793
 10
21.52
 20
8.762
 10
21.491
 20
8.734
 10
21.461
 20
8.708
 10
21.431
 20
8.684
 10
21.4
 20
8.663
 10
21.368
 20
8.645
 10
21.336
 20
8.629
 10
21.303
 20
8.615
 10
21.269
 20
8.602
 10
21.234
 20
8.592
 10
21.2
 20
8.584
 10
21.164
 20
8.577
 10
21.128
 20
8.573
 10
21.091
 20
8.57
 10
21.054
 20
8.569
 10
21.02
 20
8.57
 10
20.987
 20
8.572
 10
20.955
 20
8.576
 10
20.923
 20
8.581
 10
20.892
 20
8.588
 10
20.862
 20
8.596
 10
20.832
 20
8.606
 10
20.803
 20
8.617
 10
20.774
 20
8.63
 10
20.747
 20
8.643
 10
20.72
 20
8.658
 10
20.695
 20
8.674
 10
20.671
 20
8.692
 10
20.647
 20
8.71
 10
20.625
 20
8.73
 10
20.604
 20
8.751
 10
20.584
 20
8.773
 10
20.564
 20
8.796
 10
20.546
 20
8.82
 10
20.529
 20
8.844
 10
20.514
 20
8.87
 10
20.499
 20
8.897
 10
20.485
 20
8.925
 10
20.473
 20
8.954
 10
20.461
 20
8.983
 10
20.451
 20
9.013
 10
20.443
 20
9.044
 10
20.436
 20
9.076
 10
20.431
 20
9.108
 10
20.427
 20
9.141
 10
20.425
 20
9.174
 10
20.424
 20
9.208
 10
20.425
 20
9.243
 10
20.427
 20
9.276
 10
20.431
 20
9.309
 10
20.436
 20
9.341
 10
20.443
 20
9.373
 10
20.451
 20
9.403
 10
20.46
 20
9.434
 10
20.471
 20
9.463
 10
20.483
 20
9.492
 10
20.497
 20
9.52
 10
20.511
 20
9.547
 10
20.527
 20
9.572
 10
20.544
 20
9.597
 10
20.562
 20
9.621
 10
20.581
 20
9.644
 10
20.601
 20
9.666
 10
20.622
 20
9.687
 10
20.645
 20
9.707
 10
20.668
 20
9.725
 10
20.692
 20
9.742
 10
20.716
 20
9.759
 10
20.742
 20
9.773
 10
20.769
 20
9.787
 10
20.796
 20
9.8
 10
20.824
 20
9.811
 10
20.853
 20
9.821
 10
20.883
 20
9.829
 10
20.913
 20
9.836
 10
20.943
 20
9.841
 10
20.974
 20
9.845
 10
21.006
 20
9.847
 10
21.038
 20
9.848
 10
21.073
 20
9.847
 10
21.107
 20
9.845
 10
21.14
 20
9.841
 10
21.173
 20
9.836
 10
21.204
 20
9.829
 10
21.233
 20
9.821
 10
21.262
 20
9.811
 10
21.29
 20
9.8
 10
21.317
 20
9.787
 10
21.343
 20
9.774
 10
21.367
 20
9.759
 10
21.39
 20
9.743
 10
21.412
 20
9.727
 10
21.434
 20
9.709
 10
21.453
 20
9.69
 10
21.472
 20
9.67
 10
21.49
 20
9.649
 10
21.506
 20
9.627
 10
21.522
 20
9.605
 10
21.536
 20
9.581
 10
21.549
 20
9.557
 10
21.562
 20
9.532
 10
21.573
 20
9.506
 10
21.583
 20
9.479
 10
21.592
 20
9.451
 10
21.599
 20
9.423
 10
21.606
 20
9.395
 10
21.611
 20
9.366
 10
21.615
 20
9.336
 10
21.618
 20
9.306
 10
21.62
 20
9.276
 10
21.62
 20
9.245
 97
0
 75
0
 76
1
 98
0
  0
HATCH
  5
CF
330
17
100
AcDbEntity
  8
RASTER
 62
7
100
AcDbHatch
 10
0.0
 20
0.0
 30
0.0
210
0.0
220
0.0
230
1.0
  2
SOLID
 70
1
 71
0
 91
1
 92
3
 72
0
 73
1
 93
119
 10
22.0
 20
9.549
 10
22.0
 20
9.562
 10
22.0
 20
9.575
 10
22.0
 20
9.59
 10
21.999
 20
9.606
 10
21.999
 20
9.622
 10
21.999
 20
9.639
 10
21.998
 20
9.657
 10
21.997
 20
9.676
 10
21.997
 20
9.696
 10
21.996
 20
9.714
 10
21.995
 20
9.733
 10
21.994
 20
9.75
 10
21.993
 20
9.768
 10
21.992
 20
9.785
 10
21.991
 20
9.801
 10
21.99
 20
9.817
 10
22.159
 20
9.817
 10
22.16
 20
9.804
 10
22.161
 20
9.791
 10
22.162
 20
9.778
 10
22.163
 20
9.765
 10
22.164
 20
9.751
 10
22.165
 20
9.737
 10
22.166
 20
9.722
 10
22.166
 20
9.708
 10
22.167
 20
9.693
 10
22.168
 20
9.679
 10
22.168
 20
9.666
 10
22.168
 20
9.653
 10
22.169
 20
9.641
 10
22.169
 20
9.63
 10
22.169
 20
9.619
 10
22.169
 20
9.609
 10
22.174
 20
9.609
 10
22.188
 20
9.635
 10
22.203
 20
9.66
 10
22.221
 20
9.683
 10
22.239
 20
9.705
 10
22.26
 20
9.726
 10
22.281
 20
9.746
 10
22.305
 20
9.764
 10
22.33
 20
9.782
 10
22.357
 20
9.797
 10
22.384
 20
9.811
 10
22.412
 20
9.822
 10
22.441
 20
9.831
 10
22.47
 20
9.839
 10
22.501
 20
9.844
 10
22.532
 20
9.847
 10
22.564
 20
9.848
 10
22.573
 20
9.848
 10
22.581
 20
9.848
 10
22.589
 20
9.848
 10
22.596
 20
9.847
 10
22.604
 20
9.847
 10
22.611
 20
9.847
 10
22.618
 20
9.846
 10
22.625
 20
9.845
 10
22.632
 20
9.845
 10
22.639
 20
9.844
 10
22.646
 20
9.843
 10
22.653
 20
9.841
 10
22.66
 20
9.84
 10
22.667
 20
9.839
 10
22.674
 20
9.837
 10
22.681
 20
9.835
 10
22.658
 20
9.669
 10
22.654
 20
9.67
 10
22.649
 20
9.671
 10
22.643
 20
9.672
 10
22.637
 20
9.674
 10
22.63
 20
9.675
 10
22.623
 20
9.676
 10
22.615
 20
9.678
 10
22.606
 20
9.679
 10
22.597
 20
9.68
 10
22.588
 20
9.681
 10
22.579
 20
9.682
 10
22.569
 20
9.683
 10
22.56
 20
9.683
 10
22.551
 20
9.684
 10
22.542
 20
9.684
 10
22.533
 20
9.684
 10
22.516
 20
9.684
 10
22.498
 20
9.683
 10
22.481
 20
9.681
 10
22.464
 20
9.678
 10
22.447
 20
9.674
 10
22.431
 20
9.67
 10
22.414
 20
9.664
 10
22.398
 20
9.658
 10
22.382
 20
9.651
 10
22.366
 20
9.643
 10
22.351
 20
9.634
 10
22.337
 20
9.625
 10
22.323
 20
9.614
 10
22.31
 20
9.602
 10
22.297
 20
9.59
 10
22.285
 20
9.576
 10
22.273
 20
9.562
 10
22.262
 20
9.546
 10
22.251
 20
9.53
 10
22.241
 20
9.513
 10
22.232
 20
9.494
 10
22.223
 20
9.475
 10
22.214
 20
9.455
 10
22.207
 20
9.433
 10
22.2
 20
9.411
 10
22.194
 20
9.388
 10
22.188
 20
9.363
 10
22.184
 20
9.337
 10
22.181
 20
9.311
 10
22.179
 20
9.283
 10
22.177
 20
9.254
 10
22.177
 20
9.224
 10
22.177
 20
8.6
 10
22.0
 20
8.6
 10
22.0
 20
9.549
 97
0
 75
0
 76
1
 98
0
  0
HATCH
  5
D0
330
17
100
AcDbEntity
  8
RASTER
 62
7
100
AcDbHatch
 10
0.0
 20
0.0
 30
0.0
210
0.0
220
0.0
230
1.0
  2
SOLID
 70
1
 71
0
 91
1
 92
3
 72
0
 73
1
 93
57
 10
23.355
 20
8.79
 10
23.36
 20
8.79
 10
23.737
 20
9.817
 10
23.929
 20
9.817
 10
23.323
 20
8.285
 10
23.309
 20
8.251
 10
23.294
 20
8.219
 10
23.278
 20
8.188
 10
23.261
 20
8.159
 10
23.243
 20
8.132
 10
23.225
 20
8.106
 10
23.205
 20
8.082
 10
23.184
 20
8.06
 10
23.162
 20
8.041
 10
23.137
 20
8.024
 10
23.111
 20
8.009
 10
23.081
 20
7.997
 10
23.05
 20
7.988
 10
23.016
 20
7.981
 10
22.98
 20
7.977
 10
22.941
 20
7.976
 10
22.921
 20
7.976
 10
22.901
 20
7.977
 10
22.881
 20
7.978
 10
22.861
 20
7.98
 10
22.841
 20
7.982
 10
22.822
 20
7.985
 10
22.802
 20
7.988
 10
22.783
 20
7.992
 10
22.801
 20
8.153
 10
22.816
 20
8.148
 10
22.832
 20
8.144
 10
22.848
 20
8.14
 10
22.865
 20
8.137
 10
22.881
 20
8.135
 10
22.897
 20
8.133
 10
22.914
 20
8.132
 10
22.931
 20
8.132
 10
22.953
 20
8.133
 10
22.974
 20
8.135
 10
22.994
 20
8.14
 10
23.012
 20
8.146
 10
23.029
 20
8.154
 10
23.045
 20
8.163
 10
23.06
 20
8.175
 10
23.074
 20
8.188
 10
23.087
 20
8.203
 10
23.099
 20
8.219
 10
23.111
 20
8.237
 10
23.123
 20
8.256
 10
23.134
 20
8.277
 10
23.144
 20
8.299
 10
23.155
 20
8.323
 10
23.165
 20
8.348
 10
23.264
 20
8.603
 10
22.744
 20
9.817
 10
22.941
 20
9.817
 97
0
 75
0
 76
1
 98
0
  0
HATCH
  5
D1
330
17
100
AcDbEntity
  8
RASTER
 62
7
100
AcDbHatch
 10
0.0
 20
0.0
 30
0.0
210
0.0
220
0.0
230
1.0
  2
SOLID
 70
1
 71
0
 91
1
 92
3
 72
0
 73
1
 93
274
 10
25.502
 20
9.528
 10
25.492
 20
9.547
 10
25.48
 20
9.564
 10
25.467
 20
9.581
 10
25.453
 20
9.597
 10
25.438
 20
9.612
 10
25.421
 20
9.626
 10
25.403
 20
9.639
 10
25.384
 20
9.652
 10
25.364
 20
9.663
 10
25.343
 20
9.673
 10
25.321
 20
9.681
 10
25.299
 20
9.688
 10
25.276
 20
9.693
 10
25.253
 20
9.697
 10
25.228
 20
9.699
 10
25.203
 20
9.7
 10
25.192
 20
9.7
 10
25.18
 20
9.699
 10
25.168
 20
9.698
 10
25.156
 20
9.697
 10
25.145
 20
9.696
 10
25.133
 20
9.694
 10
25.121
 20
9.692
 10
25.11
 20
9.689
 10
25.098
 20
9.687
 10
25.087
 20
9.683
 10
25.076
 20
9.68
 10
25.065
 20
9.676
 10
25.055
 20
9.671
 10
25.045
 20
9.666
 10
25.036
 20
9.661
 10
25.026
 20
9.656
 10
25.018
 20
9.65
 10
25.009
 20
9.643
 10
25.001
 20
9.636
 10
24.994
 20
9.629
 10
24.986
 20
9.621
 10
24.98
 20
9.613
 10
24.974
 20
9.605
 10
24.968
 20
9.596
 10
24.963
 20
9.586
 10
24.958
 20
9.577
 10
24.954
 20
9.567
 10
24.951
 20
9.556
 10
24.949
 20
9.545
 10
24.947
 20
9.534
 10
24.946
 20
9.522
 10
24.946
 20
9.51
 10
24.947
 20
9.489
 10
24.95
 20
9.47
 10
24.956
 20
9.451
 10
24.963
 20
9.434
 10
24.973
 20
9.418
 10
24.985
 20
9.404
 10
25.0
 20
9.391
 10
25.016
 20
9.379
 10
25.035
 20
9.368
 10
25.056
 20
9.357
 10
25.08
 20
9.347
 10
25.106
 20
9.337
 10
25.135
 20
9.327
 10
25.167
 20
9.318
 10
25.201
 20
9.31
 10
25.237
 20
9.302
 10
25.289
 20
9.29
 10
25.338
 20
9.277
 10
25.383
 20
9.263
 10
25.425
 20
9.248
 10
25.463
 20
9.231
 10
25.497
 20
9.213
 10
25.528
 20
9.194
 10
25.556
 20
9.173
 10
25.58
 20
9.151
 10
25.6
 20
9.127
 10
25.618
 20
9.102
 10
25.633
 20
9.074
 10
25.644
 20
9.045
 10
25.652
 20
9.014
 10
25.657
 20
8.981
 10
25.658
 20
8.946
 10
25.658
 20
8.92
 10
25.656
 20
8.896
 10
25.653
 20
8.872
 10
25.648
 20
8.85
 10
25.642
 20
8.828
 10
25.636
 20
8.808
 10
25.627
 20
8.789
 10
25.618
 20
8.77
 10
25.607
 20
8.753
 10
25.596
 20
8.736
 10
25.584
 20
8.72
 10
25.571
 20
8.705
 10
25.558
 20
8.691
 10
25.544
 20
8.678
 10
25.528
 20
8.665
 10
25.513
 20
8.653
 10
25.496
 20
8.642
 10
25.479
 20
8.632
 10
25.461
 20
8.623
 10
25.443
 20
8.614
 10
25.425
 20
8.607
 10
25.406
 20
8.6
 10
25.386
 20
8.594
 10
25.366
 20
8.588
 10
25.345
 20
8.584
 10
25.325
 20
8.58
 10
25.304
 20
8.576
 10
25.283
 20
8.574
 10
25.263
 20
8.572
 10
25.242
 20
8.57
 10
25.221
 20
8.569
 10
25.201
 20
8.569
 10
25.166
 20
8.57
 10
25.132
 20
8.572
 10
25.098
 20
8.577
 10
25.065
 20
8.583
 10
25.031
 20
8.591
 10
24.998
 20
8.601
 10
24.965
 20
8.613
 10
24.933
 20
8.626
 10
24.901
 20
8.641
 10
24.871
 20
8.659
 10
24.842
 20
8.678
 10
24.815
 20
8.699
 10
24.789
 20
8.723
 10
24.764
 20
8.748
 10
24.741
 20
8.776
 10
24.72
 20
8.805
 10
24.86
 20
8.909
 10
24.872
 20
8.89
 10
24.886
 20
8.871
 10
24.901
 20
8.853
 10
24.918
 20
8.835
 10
24.936
 20
8.819
 10
24.955
 20
8.803
 10
24.976
 20
8.788
 10
24.998
 20
8.774
 10
25.021
 20
8.761
 10
25.044
 20
8.75
 10
25.069
 20
8.741
 10
25.093
 20
8.733
 10
25.119
 20
8.727
 10
25.145
 20
8.723
 10
25.171
 20
8.72
 10
25.198
 20
8.72
 10
25.212
 20
8.72
 10
25.226
 20
8.72
 10
25.24
 20
8.721
 10
25.254
 20
8.722
 10
25.267
 20
8.724
 10
25.281
 20
8.725
 10
25.294
 20
8.728
 10
25.307
 20
8.73
 10
25.32
 20
8.733
 10
25.332
 20
8.736
 10
25.344
 20
8.74
 10
25.356
 20
8.744
 10
25.367
 20
8.749
 10
25.378
 20
8.754
 10
25.388
 20
8.76
 10
25.398
 20
8.766
 10
25.408
 20
8.773
 10
25.417
 20
8.78
 10
25.425
 20
8.788
 10
25.433
 20
8.796
 10
25.441
 20
8.804
 10
25.448
 20
8.813
 10
25.455
 20
8.823
 10
25.461
 20
8.833
 10
25.466
 20
8.843
 10
25.471
 20
8.854
 10
25.475
 20
8.866
 10
25.478
 20
8.878
 10
25.481
 20
8.891
 10
25.483
 20
8.904
 10
25.484
 20
8.918
 10
25.484
 20
8.933
 10
25.483
 20
8.956
 10
25.478
 20
8.978
 10
25.471
 20
8.998
 10
25.461
 20
9.017
 10
25.448
 20
9.034
 10
25.432
 20
9.05
 10
25.413
 20
9.064
 10
25.392
 20
9.077
 10
25.367
 20
9.089
 10
25.34
 20
9.101
 10
25.311
 20
9.112
 10
25.279
 20
9.124
 10
25.244
 20
9.135
 10
25.207
 20
9.146
 10
25.167
 20
9.156
 10
25.125
 20
9.167
 10
25.111
 20
9.17
 10
25.097
 20
9.174
 10
25.083
 20
9.177
 10
25.069
 20
9.181
 10
25.054
 20
9.186
 10
25.04
 20
9.19
 10
25.025
 20
9.195
 10
25.01
 20
9.199
 10
24.994
 20
9.204
 10
24.98
 20
9.21
 10
24.965
 20
9.216
 10
24.951
 20
9.223
 10
24.937
 20
9.231
 10
24.923
 20
9.239
 10
24.91
 20
9.247
 10
24.896
 20
9.256
 10
24.884
 20
9.266
 10
24.872
 20
9.277
 10
24.86
 20
9.288
 10
24.849
 20
9.299
 10
24.839
 20
9.311
 10
24.829
 20
9.324
 10
24.819
 20
9.337
 10
24.811
 20
9.351
 10
24.803
 20
9.366
 10
24.796
 20
9.382
 10
24.79
 20
9.398
 10
24.785
 20
9.416
 10
24.782
 20
9.434
 10
24.779
 20
9.453
 10
24.777
 20
9.473
 10
24.777
 20
9.494
 10
24.777
 20
9.517
 10
24.779
 20
9.539
 10
24.782
 20
9.561
 10
24.786
 20
9.581
 10
24.791
 20
9.601
 10
24.797
 20
9.619
 10
24.805
 20
9.637
 10
24.813
 20
9.654
 10
24.823
 20
9.671
 10
24.833
 20
9.686
 10
24.844
 20
9.701
 10
24.856
 20
9.715
 10
24.868
 20
9.728
 10
24.882
 20
9.741
 10
24.896
 20
9.752
 10
24.911
 20
9.763
 10
24.926
 20
9.774
 10
24.942
 20
9.784
 10
24.959
 20
9.793
 10
24.976
 20
9.801
 10
24.994
 20
9.808
 10
25.012
 20
9.815
 10
25.031
 20
9.822
 10
25.05
 20
9.827
 10
25.069
 20
9.832
 10
25.089
 20
9.836
 10
25.109
 20
9.84
 10
25.129
 20
9.843
 10
25.149
 20
9.845
 10
25.17
 20
9.847
 10
25.19
 20
9.848
 10
25.211
 20
9.848
 10
25.243
 20
9.847
 10
25.274
 20
9.844
 10
25.305
 20
9.84
 10
25.336
 20
9.834
 10
25.367
 20
9.826
 10
25.398
 20
9.816
 10
25.428
 20
9.804
 10
25.458
 20
9.791
 10
25.487
 20
9.776
 10
25.514
 20
9.759
 10
25.539
 20
9.741
 10
25.563
 20
9.722
 10
25.584
 20
9.701
 10
25.604
 20
9.679
 10
25.622
 20
9.655
 10
25.637
 20
9.63
 97
0
 75
0
 76
1
 98
0
  0
HATCH
  5
D2
330
17
100
AcDbEntity
  8
RASTER
 62
7
100
AcDbHatch
 10
0.0
 20
0.0
 30
0.0
210
0.0
220
0.0
230
1.0
  2
SOLID
 70
1
 71
0
 91
1
 92
3
 72
0
 73
1
 93
105
 10
26.196
 20
9.617
 10
26.21
 20
9.643
 10
26.225
 20
9.667
 10
26.243
 20
9.69
 10
26.262
 20
9.712
 10
26.284
 20
9.733
 10
26.307
 20
9.752
 10
26.333
 20
9.769
 10
26.36
 20
9.786
 10
26.389
 20
9.8
 10
26.418
 20
9.813
 10
26.448
 20
9.824
 10
26.479
 20
9.832
 10
26.509
 20
9.839
 10
26.541
 20
9.844
 10
26.572
 20
9.847
 10
26.605
 20
9.848
 10
26.661
 20
9.846
 10
26.713
 20
9.839
 10
26.762
 20
9.829
 10
26.807
 20
9.814
 10
26.849
 20
9.794
 10
26.887
 20
9.77
 10
26.921
 20
9.742
 10
26.952
 20
9.71
 10
26.979
 20
9.674
 10
27.002
 20
9.636
 10
27.022
 20
9.594
 10
27.038
 20
9.55
 10
27.051
 20
9.503
 10
27.06
 20
9.454
 10
27.066
 20
9.401
 10
27.067
 20
9.346
 10
27.067
 20
8.6
 10
26.891
 20
8.6
 10
26.891
 20
9.273
 10
26.89
 20
9.297
 10
26.89
 20
9.32
 10
26.888
 20
9.343
 10
26.887
 20
9.365
 10
26.885
 20
9.387
 10
26.882
 20
9.407
 10
26.879
 20
9.428
 10
26.875
 20
9.448
 10
26.871
 20
9.467
 10
26.866
 20
9.485
 10
26.86
 20
9.503
 10
26.854
 20
9.52
 10
26.847
 20
9.536
 10
26.839
 20
9.552
 10
26.831
 20
9.567
 10
26.822
 20
9.581
 10
26.812
 20
9.595
 10
26.801
 20
9.608
 10
26.79
 20
9.62
 10
26.778
 20
9.631
 10
26.764
 20
9.642
 10
26.751
 20
9.651
 10
26.736
 20
9.66
 10
26.72
 20
9.669
 10
26.704
 20
9.676
 10
26.686
 20
9.682
 10
26.668
 20
9.688
 10
26.648
 20
9.692
 10
26.628
 20
9.695
 10
26.606
 20
9.698
 10
26.584
 20
9.699
 10
26.56
 20
9.7
 10
26.543
 20
9.699
 10
26.526
 20
9.698
 10
26.508
 20
9.696
 10
26.491
 20
9.693
 10
26.474
 20
9.689
 10
26.457
 20
9.684
 10
26.441
 20
9.678
 10
26.424
 20
9.671
 10
26.408
 20
9.664
 10
26.392
 20
9.655
 10
26.376
 20
9.646
 10
26.361
 20
9.635
 10
26.347
 20
9.624
 10
26.332
 20
9.611
 10
26.319
 20
9.598
 10
26.306
 20
9.584
 10
26.293
 20
9.569
 10
26.281
 20
9.553
 10
26.27
 20
9.536
 10
26.259
 20
9.518
 10
26.249
 20
9.499
 10
26.239
 20
9.479
 10
26.231
 20
9.458
 10
26.222
 20
9.436
 10
26.215
 20
9.413
 10
26.209
 20
9.389
 10
26.203
 20
9.364
 10
26.199
 20
9.338
 10
26.196
 20
9.311
 10
26.193
 20
9.283
 10
26.192
 20
9.254
 10
26.191
 20
9.224
 10
26.191
 20
8.6
 10
26.014
 20
8.6
 10
26.014
 20
10.566
 10
26.191
 20
10.566
 10
26.191
 20
9.617
 97
0
 75
0
 76
1
 98
0
  0
HATCH
  5
D3
330
17
100
AcDbEntity
  8
RASTER
 62
7
100
AcDbHatch
 10
0.0
 20
0.0
 30
0.0
210
0.0
220
0.0
230
1.0
  2
SOLID
 70
1
 71
0
 91
2
 92
3
 72
0
 73
1
 93
4
 10
27.704
 20
8.6
 10
27.528
 20
8.6
 10
27.528
 20
9.817
 10
27.704
 20
9.817
 97
0
 92
3
 72
0
 73
1
 93
65
 10
27.741
 20
10.285
 10
27.74
 20
10.271
 10
27.738
 20
10.259
 10
27.735
 20
10.247
 10
27.731
 20
10.235
 10
27.726
 20
10.224
 10
27.719
 20
10.214
 10
27.711
 20
10.204
 10
27.702
 20
10.195
 10
27.692
 20
10.187
 10
27.682
 20
10.18
 10
27.671
 20
10.174
 10
27.661
 20
10.169
 10
27.65
 20
10.165
 10
27.639
 20
10.162
 10
27.628
 20
10.161
 10
27.616
 20
10.16
 10
27.604
 20
10.161
 10
27.593
 20
10.162
 10
27.582
 20
10.165
 10
27.571
 20
10.169
 10
27.561
 20
10.174
 10
27.55
 20
10.18
 10
27.54
 20
10.187
 10
27.53
 20
10.195
 10
27.521
 20
10.204
 10
27.513
 20
10.214
 10
27.506
 20
10.224
 10
27.501
 20
10.235
 10
27.497
 20
10.247
 10
27.494
 20
10.259
 10
27.492
 20
10.271
 10
27.491
 20
10.285
 10
27.492
 20
10.298
 10
27.494
 20
10.311
 10
27.497
 20
10.323
 10
27.501
 20
10.335
 10
27.506
 20
10.345
 10
27.513
 20
10.356
 10
27.521
 20
10.365
 10
27.53
 20
10.374
 10
27.54
 20
10.383
 10
27.55
 20
10.39
 10
27.561
 20
10.396
 10
27.571
 20
10.401
 10
27.582
 20
10.405
 10
27.593
 20
10.407
 10
27.604
 20
10.409
 10
27.616
 20
10.41
 10
27.628
 20
10.409
 10
27.639
 20
10.407
 10
27.65
 20
10.405
 10
27.661
 20
10.401
 10
27.671
 20
10.396
 10
27.682
 20
10.39
 10
27.692
 20
10.383
 10
27.702
 20
10.374
 10
27.711
 20
10.365
 10
27.719
 20
10.356
 10
27.726
 20
10.345
 10
27.731
 20
10.335
 10
27.735
 20
10.323
 10
27.738
 20
10.311
 10
27.74
 20
10.298
 10
27.741
 20
10.285
 97
0
 75
0
 76
1
 98
0
  0
HATCH
  5
D4
330
17
100
AcDbEntity
  8
RASTER
 62
7
100
AcDbHatch
 10
0.0
 20
0.0
 30
0.0
210
0.0
220
0.0
230
1.0
  2
SOLID
 70
1
 71
0
 91
2
 92
3
 72
0
 73
1
 93
103
 10
28.352
 20
7.976
 10
28.175
 20
7.976
 10
28.175
 20
9.817
 10
28.352
 20
9.817
 10
28.352
 20
9.606
 10
28.36
 20
9.606
 10
28.379
 20
9.635
 10
28.4
 20
9.662
 10
28.423
 20
9.688
 10
28.448
 20
9.711
 10
28.474
 20
9.733
 10
28.501
 20
9.753
 10
28.53
 20
9.771
 10
28.561
 20
9.787
 10
28.593
 20
9.801
 10
28.624
 20
9.814
 10
28.656
 20
9.824
 10
28.688
 20
9.833
 10
28.72
 20
9.839
 10
28.752
 20
9.844
 10
28.785
 20
9.847
 10
28.817
 20
9.848
 10
28.853
 20
9.847
 10
28.887
 20
9.845
 10
28.921
 20
9.841
 10
28.953
 20
9.836
 10
28.985
 20
9.829
 10
29.016
 20
9.82
 10
29.047
 20
9.81
 10
29.076
 20
9.799
 10
29.104
 20
9.786
 10
29.132
 20
9.772
 10
29.158
 20
9.756
 10
29.183
 20
9.74
 10
29.207
 20
9.723
 10
29.23
 20
9.704
 10
29.252
 20
9.684
 10
29.274
 20
9.663
 10
29.293
 20
9.641
 10
29.312
 20
9.619
 10
29.33
 20
9.595
 10
29.346
 20
9.57
 10
29.362
 20
9.544
 10
29.376
 20
9.517
 10
29.389
 20
9.489
 10
29.401
 20
9.461
 10
29.412
 20
9.431
 10
29.421
 20
9.401
 10
29.429
 20
9.37
 10
29.435
 20
9.339
 10
29.44
 20
9.307
 10
29.444
 20
9.275
 10
29.446
 20
9.242
 10
29.446
 20
9.208
 10
29.446
 20
9.175
 10
29.444
 20
9.142
 10
29.44
 20
9.11
 10
29.435
 20
9.078
 10
29.429
 20
9.047
 10
29.421
 20
9.016
 10
29.412
 20
8.986
 10
29.401
 20
8.956
 10
29.389
 20
8.927
 10
29.376
 20
8.9
 10
29.362
 20
8.873
 10
29.346
 20
8.847
 10
29.33
 20
8.822
 10
29.312
 20
8.798
 10
29.293
 20
8.775
 10
29.274
 20
8.753
 10
29.252
 20
8.733
 10
29.23
 20
8.713
 10
29.207
 20
8.694
 10
29.183
 20
8.677
 10
29.158
 20
8.66
 10
29.132
 20
8.645
 10
29.104
 20
8.631
 10
29.076
 20
8.618
 10
29.047
 20
8.607
 10
29.016
 20
8.597
 10
28.985
 20
8.588
 10
28.953
 20
8.581
 10
28.921
 20
8.576
 10
28.887
 20
8.572
 10
28.853
 20
8.57
 10
28.817
 20
8.569
 10
28.785
 20
8.57
 10
28.752
 20
8.573
 10
28.72
 20
8.577
 10
28.688
 20
8.584
 10
28.656
 20
8.593
 10
28.624
 20
8.603
 10
28.593
 20
8.616
 10
28.561
 20
8.63
 10
28.53
 20
8.646
 10
28.501
 20
8.664
 10
28.474
 20
8.683
 10
28.448
 20
8.704
 10
28.423
 20
8.727
 10
28.4
 20
8.752
 10
28.379
 20
8.778
 10
28.36
 20
8.805
 10
28.352
 20
8.805
 97
0
 92
3
 72
0
 73
1
 93
129
 10
29.259
 20
9.208
 10
29.259
 20
9.234
 10
29.257
 20
9.258
 10
29.255
 20
9.283
 10
29.251
 20
9.307
 10
29.247
 20
9.331
 10
29.242
 20
9.354
 10
29.235
 20
9.377
 10
29.228
 20
9.399
 10
29.22
 20
9.422
 10
29.211
 20
9.443
 10
29.201
 20
9.463
 10
29.19
 20
9.483
 10
29.178
 20
9.502
 10
29.166
 20
9.521
 10
29.152
 20
9.539
 10
29.138
 20
9.555
 10
29.123
 20
9.572
 10
29.107
 20
9.587
 10
29.091
 20
9.601
 10
29.073
 20
9.615
 10
29.055
 20
9.628
 10
29.035
 20
9.64
 10
29.015
 20
9.651
 10
28.994
 20
9.661
 10
28.972
 20
9.67
 10
28.95
 20
9.678
 10
28.926
 20
9.685
 10
28.902
 20
9.69
 10
28.878
 20
9.694
 10
28.852
 20
9.697
 10
28.826
 20
9.699
 10
28.799
 20
9.7
 10
28.774
 20
9.699
 10
28.749
 20
9.697
 10
28.725
 20
9.694
 10
28.702
 20
9.69
 10
28.678
 20
9.685
 10
28.656
 20
9.679
 10
28.633
 20
9.671
 10
28.612
 20
9.662
 10
28.591
 20
9.652
 10
28.57
 20
9.641
 10
28.551
 20
9.63
 10
28.532
 20
9.617
 10
28.514
 20
9.604
 10
28.496
 20
9.589
 10
28.48
 20
9.574
 10
28.464
 20
9.558
 10
28.448
 20
9.541
 10
28.434
 20
9.523
 10
28.421
 20
9.505
 10
28.408
 20
9.486
 10
28.396
 20
9.466
 10
28.385
 20
9.445
 10
28.375
 20
9.424
 10
28.366
 20
9.402
 10
28.358
 20
9.379
 10
28.351
 20
9.356
 10
28.345
 20
9.333
 10
28.34
 20
9.309
 10
28.336
 20
9.284
 10
28.333
 20
9.26
 10
28.332
 20
9.234
 10
28.331
 20
9.208
 10
28.332
 20
9.183
 10
28.333
 20
9.157
 10
28.336
 20
9.132
 10
28.34
 20
9.108
 10
28.345
 20
9.084
 10
28.351
 20
9.06
 10
28.358
 20
9.037
 10
28.366
 20
9.015
 10
28.375
 20
8.993
 10
28.385
 20
8.971
 10
28.396
 20
8.951
 10
28.408
 20
8.931
 10
28.421
 20
8.912
 10
28.434
 20
8.894
 10
28.448
 20
8.877
 10
28.464
 20
8.86
 10
28.48
 20
8.844
 10
28.496
 20
8.829
 10
28.514
 20
8.815
 10
28.532
 20
8.802
 10
28.551
 20
8.789
 10
28.57
 20
8.778
 10
28.591
 20
8.767
 10
28.612
 20
8.757
 10
28.633
 20
8.748
 10
28.656
 20
8.741
 10
28.678
 20
8.734
 10
28.702
 20
8.729
 10
28.725
 20
8.725
 10
28.749
 20
8.722
 10
28.774
 20
8.72
 10
28.799
 20
8.72
 10
28.826
 20
8.72
 10
28.852
 20
8.722
 10
28.878
 20
8.725
 10
28.902
 20
8.729
 10
28.926
 20
8.734
 10
28.95
 20
8.741
 10
28.972
 20
8.748
 10
28.994
 20
8.757
 10
29.015
 20
8.767
 10
29.035
 20
8.778
 10
29.055
 20
8.79
 10
29.073
 20
8.802
 10
29.091
 20
8.816
 10
29.107
 20
8.83
 10
29.123
 20
8.845
 10
29.138
 20
8.861
 10
29.152
 20
8.878
 10
29.166
 20
8.896
 10
29.178
 20
8.914
 10
29.19
 20
8.933
 10
29.201
 20
8.953
 10
29.211
 20
8.974
 10
29.22
 20
8.995
 10
29.228
 20
9.017
 10
29.235
 20
9.04
 10
29.242
 20
9.063
 10
29.247
 20
9.086
 10
29.251
 20
9.11
 10
29.255
 20
9.134
 10
29.257
 20
9.158
 10
29.259
 20
9.183
 10
29.259
 20
9.208
 97
0
 75
0
 76
1
 98
0
  0
HATCH
  5
D5
330
17
100
AcDbEntity
  8
RASTER
 62
7
100
AcDbHatch
 10
0.0
 20
0.0
 30
0.0
210
0.0
220
0.0
230
1.0
  2
SOLID
 70
1
 71
0
 91
1
 92
3
 72
0
 73
1
 93
294
 10
30.798
 20
9.645
 10
30.879
 20
9.645
 10
30.901
 20
9.645
 10
30.923
 20
9.646
 10
30.944
 20
9.648
 10
30.965
 20
9.65
 10
30.985
 20
9.652
 10
31.006
 20
9.655
 10
31.026
 20
9.659
 10
31.045
 20
9.663
 10
31.065
 20
9.668
 10
31.083
 20
9.674
 10
31.101
 20
9.68
 10
31.119
 20
9.687
 10
31.135
 20
9.695
 10
31.151
 20
9.703
 10
31.167
 20
9.712
 10
31.182
 20
9.722
 10
31.196
 20
9.732
 10
31.21
 20
9.744
 10
31.222
 20
9.756
 10
31.234
 20
9.768
 10
31.245
 20
9.782
 10
31.256
 20
9.796
 10
31.265
 20
9.811
 10
31.274
 20
9.827
 10
31.282
 20
9.844
 10
31.289
 20
9.861
 10
31.295
 20
9.88
 10
31.3
 20
9.899
 10
31.303
 20
9.919
 10
31.306
 20
9.939
 10
31.307
 20
9.961
 10
31.308
 20
9.983
 10
31.308
 20
10.002
 10
31.306
 20
10.021
 10
31.304
 20
10.04
 10
31.301
 20
10.058
 10
31.297
 20
10.075
 10
31.292
 20
10.092
 10
31.286
 20
10.109
 10
31.279
 20
10.125
 10
31.272
 20
10.141
 10
31.264
 20
10.156
 10
31.255
 20
10.17
 10
31.245
 20
10.184
 10
31.235
 20
10.197
 10
31.224
 20
10.21
 10
31.212
 20
10.222
 10
31.2
 20
10.234
 10
31.187
 20
10.245
 10
31.174
 20
10.256
 10
31.16
 20
10.265
 10
31.146
 20
10.274
 10
31.131
 20
10.283
 10
31.115
 20
10.291
 10
31.099
 20
10.298
 10
31.083
 20
10.304
 10
31.066
 20
10.31
 10
31.05
 20
10.315
 10
31.032
 20
10.319
 10
31.015
 20
10.323
 10
30.998
 20
10.326
 10
30.98
 20
10.327
 10
30.962
 20
10.329
 10
30.944
 20
10.329
 10
30.915
 20
10.328
 10
30.887
 20
10.326
 10
30.86
 20
10.321
 10
30.834
 20
10.315
 10
30.808
 20
10.308
 10
30.784
 20
10.298
 10
30.76
 20
10.287
 10
30.737
 20
10.274
 10
30.715
 20
10.26
 10
30.695
 20
10.244
 10
30.675
 20
10.226
 10
30.656
 20
10.207
 10
30.639
 20
10.186
 10
30.622
 20
10.163
 10
30.607
 20
10.139
 10
30.593
 20
10.113
 10
30.434
 20
10.196
 10
30.457
 20
10.232
 10
30.48
 20
10.266
 10
30.505
 20
10.297
 10
30.532
 20
10.325
 10
30.56
 20
10.352
 10
30.589
 20
10.376
 10
30.62
 20
10.397
 10
30.653
 20
10.416
 10
30.687
 20
10.433
 10
30.721
 20
10.447
 10
30.757
 20
10.46
 10
30.795
 20
10.47
 10
30.833
 20
10.478
 10
30.872
 20
10.483
 10
30.913
 20
10.486
 10
30.954
 20
10.488
 10
30.982
 20
10.487
 10
31.008
 20
10.486
 10
31.035
 20
10.483
 10
31.061
 20
10.479
 10
31.086
 20
10.475
 10
31.112
 20
10.469
 10
31.137
 20
10.463
 10
31.161
 20
10.455
 10
31.185
 20
10.447
 10
31.208
 20
10.437
 10
31.231
 20
10.427
 10
31.253
 20
10.415
 10
31.274
 20
10.403
 10
31.294
 20
10.39
 10
31.314
 20
10.375
 10
31.333
 20
10.36
 10
31.351
 20
10.344
 10
31.368
 20
10.327
 10
31.384
 20
10.309
 10
31.399
 20
10.29
 10
31.413
 20
10.271
 10
31.426
 20
10.25
 10
31.438
 20
10.228
 10
31.45
 20
10.205
 10
31.46
 20
10.182
 10
31.468
 20
10.158
 10
31.476
 20
10.132
 10
31.482
 20
10.106
 10
31.487
 20
10.079
 10
31.49
 20
10.052
 10
31.492
 20
10.023
 10
31.493
 20
9.994
 10
31.491
 20
9.953
 10
31.487
 20
9.915
 10
31.48
 20
9.878
 10
31.47
 20
9.843
 10
31.457
 20
9.81
 10
31.441
 20
9.778
 10
31.423
 20
9.748
 10
31.402
 20
9.719
 10
31.378
 20
9.693
 10
31.353
 20
9.669
 10
31.327
 20
9.647
 10
31.299
 20
9.627
 10
31.27
 20
9.61
 10
31.239
 20
9.595
 10
31.207
 20
9.583
 10
31.173
 20
9.572
 10
31.173
 20
9.567
 10
31.212
 20
9.557
 10
31.249
 20
9.545
 10
31.284
 20
9.53
 10
31.318
 20
9.512
 10
31.351
 20
9.492
 10
31.381
 20
9.469
 10
31.411
 20
9.443
 10
31.438
 20
9.415
 10
31.463
 20
9.384
 10
31.485
 20
9.352
 10
31.503
 20
9.317
 10
31.518
 20
9.28
 10
31.53
 20
9.24
 10
31.538
 20
9.199
 10
31.543
 20
9.155
 10
31.545
 20
9.11
 10
31.544
 20
9.077
 10
31.542
 20
9.045
 10
31.538
 20
9.014
 10
31.533
 20
8.984
 10
31.526
 20
8.956
 10
31.518
 20
8.928
 10
31.508
 20
8.9
 10
31.497
 20
8.874
 10
31.484
 20
8.849
 10
31.47
 20
8.825
 10
31.456
 20
8.802
 10
31.44
 20
8.779
 10
31.424
 20
8.758
 10
31.406
 20
8.738
 10
31.387
 20
8.718
 10
31.368
 20
8.7
 10
31.347
 20
8.683
 10
31.326
 20
8.666
 10
31.304
 20
8.651
 10
31.28
 20
8.637
 10
31.256
 20
8.624
 10
31.232
 20
8.612
 10
31.206
 20
8.601
 10
31.179
 20
8.591
 10
31.152
 20
8.582
 10
31.125
 20
8.574
 10
31.097
 20
8.568
 10
31.068
 20
8.563
 10
31.04
 20
8.559
 10
31.011
 20
8.556
 10
30.982
 20
8.554
 10
30.952
 20
8.553
 10
30.902
 20
8.555
 10
30.854
 20
8.559
 10
30.807
 20
8.567
 10
30.762
 20
8.578
 10
30.719
 20
8.591
 10
30.677
 20
8.608
 10
30.637
 20
8.628
 10
30.598
 20
8.651
 10
30.562
 20
8.676
 10
30.527
 20
8.705
 10
30.495
 20
8.736
 10
30.466
 20
8.769
 10
30.438
 20
8.806
 10
30.413
 20
8.844
 10
30.39
 20
8.886
 10
30.369
 20
8.93
 10
30.546
 20
8.995
 10
30.559
 20
8.963
 10
30.574
 20
8.933
 10
30.59
 20
8.904
 10
30.609
 20
8.877
 10
30.629
 20
8.852
 10
30.652
 20
8.829
 10
30.676
 20
8.808
 10
30.702
 20
8.788
 10
30.73
 20
8.771
 10
30.759
 20
8.756
 10
30.788
 20
8.743
 10
30.819
 20
8.733
 10
30.851
 20
8.725
 10
30.884
 20
8.719
 10
30.917
 20
8.716
 10
30.952
 20
8.714
 10
30.971
 20
8.715
 10
30.991
 20
8.716
 10
31.01
 20
8.718
 10
31.029
 20
8.721
 10
31.048
 20
8.725
 10
31.067
 20
8.73
 10
31.085
 20
8.735
 10
31.104
 20
8.742
 10
31.122
 20
8.749
 10
31.14
 20
8.757
 10
31.157
 20
8.765
 10
31.173
 20
8.775
 10
31.189
 20
8.785
 10
31.205
 20
8.796
 10
31.22
 20
8.807
 10
31.234
 20
8.82
 10
31.248
 20
8.833
 10
31.26
 20
8.846
 10
31.273
 20
8.861
 10
31.284
 20
8.876
 10
31.295
 20
8.892
 10
31.305
 20
8.908
 10
31.315
 20
8.925
 10
31.324
 20
8.943
 10
31.332
 20
8.962
 10
31.338
 20
8.981
 10
31.344
 20
9.001
 10
31.349
 20
9.021
 10
31.353
 20
9.042
 10
31.355
 20
9.064
 10
31.357
 20
9.087
 10
31.357
 20
9.11
 10
31.357
 20
9.135
 10
31.355
 20
9.16
 10
31.352
 20
9.183
 10
31.347
 20
9.205
 10
31.342
 20
9.227
 10
31.335
 20
9.247
 10
31.327
 20
9.267
 10
31.317
 20
9.285
 10
31.307
 20
9.303
 10
31.295
 20
9.319
 10
31.283
 20
9.335
 10
31.27
 20
9.35
 10
31.256
 20
9.364
 10
31.241
 20
9.377
 10
31.226
 20
9.389
 10
31.209
 20
9.401
 10
31.192
 20
9.411
 10
31.174
 20
9.421
 10
31.156
 20
9.43
 10
31.137
 20
9.439
 10
31.118
 20
9.446
 10
31.098
 20
9.453
 10
31.077
 20
9.459
 10
31.056
 20
9.464
 10
31.034
 20
9.469
 10
31.013
 20
9.473
 10
30.991
 20
9.476
 10
30.969
 20
9.479
 10
30.947
 20
9.481
 10
30.924
 20
9.483
 10
30.902
 20
9.484
 10
30.879
 20
9.484
 10
30.798
 20
9.484
 97
0
 75
0
 76
1
 98
0
  0
HATCH
  5
D6
330
17
100
AcDbEntity
  8
RASTER
 62
7
100
AcDbHatch
 10
0.0
 20
0.0
 30
0.0
210
0.0
220
0.0
230
1.0
  2
SOLID
 70
1
 71
0
 91
1
 92
3
 72
0
 73
1
 93
274
 10
33.281
 20
9.528
 10
33.271
 20
9.547
 10
33.259
 20
9.564
 10
33.246
 20
9.581
 10
33.232
 20
9.597
 10
33.217
 20
9.612
 10
33.2
 20
9.626
 10
33.182
 20
9.639
 10
33.163
 20
9.652
 10
33.143
 20
9.663
 10
33.122
 20
9.673
 10
33.101
 20
9.681
 10
33.078
 20
9.688
 10
33.055
 20
9.693
 10
33.032
 20
9.697
 10
33.007
 20
9.699
 10
32.982
 20
9.7
 10
32.971
 20
9.7
 10
32.959
 20
9.699
 10
32.947
 20
9.698
 10
32.936
 20
9.697
 10
32.924
 20
9.696
 10
32.912
 20
9.694
 10
32.901
 20
9.692
 10
32.889
 20
9.689
 10
32.877
 20
9.687
 10
32.866
 20
9.683
 10
32.855
 20
9.68
 10
32.845
 20
9.676
 10
32.834
 20
9.671
 10
32.824
 20
9.666
 10
32.815
 20
9.661
 10
32.806
 20
9.656
 10
32.797
 20
9.65
 10
32.788
 20
9.643
 10
32.78
 20
9.636
 10
32.773
 20
9.629
 10
32.766
 20
9.621
 10
32.759
 20
9.613
 10
32.753
 20
9.605
 10
32.747
 20
9.596
 10
32.742
 20
9.586
 10
32.737
 20
9.577
 10
32.734
 20
9.567
 10
32.731
 20
9.556
 10
32.728
 20
9.545
 10
32.726
 20
9.534
 10
32.725
 20
9.522
 10
32.725
 20
9.51
 10
32.726
 20
9.489
 10
32.729
 20
9.47
 10
32.735
 20
9.451
 10
32.743
 20
9.434
 10
32.752
 20
9.418
 10
32.764
 20
9.404
 10
32.779
 20
9.391
 10
32.795
 20
9.379
 10
32.814
 20
9.368
 10
32.835
 20
9.357
 10
32.859
 20
9.347
 10
32.886
 20
9.337
 10
32.914
 20
9.327
 10
32.946
 20
9.318
 10
32.98
 20
9.31
 10
33.016
 20
9.302
 10
33.068
 20
9.29
 10
33.117
 20
9.277
 10
33.162
 20
9.263
 10
33.204
 20
9.248
 10
33.242
 20
9.231
 10
33.276
 20
9.213
 10
33.307
 20
9.194
 10
33.335
 20
9.173
 10
33.359
 20
9.151
 10
33.38
 20
9.127
 10
33.397
 20
9.102
 10
33.412
 20
9.074
 10
33.423
 20
9.045
 10
33.431
 20
9.014
 10
33.436
 20
8.981
 10
33.437
 20
8.946
 10
33.437
 20
8.92
 10
33.435
 20
8.896
 10
33.432
 20
8.872
 10
33.427
 20
8.85
 10
33.422
 20
8.828
 10
33.415
 20
8.808
 10
33.407
 20
8.789
 10
33.397
 20
8.77
 10
33.387
 20
8.753
 10
33.375
 20
8.736
 10
33.363
 20
8.72
 10
33.351
 20
8.705
 10
33.337
 20
8.691
 10
33.323
 20
8.678
 10
33.308
 20
8.665
 10
33.292
 20
8.653
 10
33.275
 20
8.642
 10
33.258
 20
8.632
 10
33.241
 20
8.623
 10
33.223
 20
8.614
 10
33.204
 20
8.607
 10
33.185
 20
8.6
 10
33.165
 20
8.594
 10
33.145
 20
8.588
 10
33.124
 20
8.584
 10
33.104
 20
8.58
 10
33.083
 20
8.576
 10
33.063
 20
8.574
 10
33.042
 20
8.572
 10
33.021
 20
8.57
 10
33.001
 20
8.569
 10
32.98
 20
8.569
 10
32.945
 20
8.57
 10
32.911
 20
8.572
 10
32.878
 20
8.577
 10
32.844
 20
8.583
 10
32.811
 20
8.591
 10
32.777
 20
8.601
 10
32.745
 20
8.613
 10
32.712
 20
8.626
 10
32.68
 20
8.641
 10
32.65
 20
8.659
 10
32.621
 20
8.678
 10
32.594
 20
8.699
 10
32.568
 20
8.723
 10
32.543
 20
8.748
 10
32.52
 20
8.776
 10
32.499
 20
8.805
 10
32.639
 20
8.909
 10
32.652
 20
8.89
 10
32.665
 20
8.871
 10
32.681
 20
8.853
 10
32.697
 20
8.835
 10
32.715
 20
8.819
 10
32.734
 20
8.803
 10
32.755
 20
8.788
 10
32.777
 20
8.774
 10
32.8
 20
8.761
 10
32.824
 20
8.75
 10
32.848
 20
8.741
 10
32.873
 20
8.733
 10
32.898
 20
8.727
 10
32.924
 20
8.723
 10
32.95
 20
8.72
 10
32.977
 20
8.72
 10
32.991
 20
8.72
 10
33.005
 20
8.72
 10
33.019
 20
8.721
 10
33.033
 20
8.722
 10
33.047
 20
8.724
 10
33.06
 20
8.725
 10
33.073
 20
8.728
 10
33.086
 20
8.73
 10
33.099
 20
8.733
 10
33.112
 20
8.736
 10
33.124
 20
8.74
 10
33.135
 20
8.744
 10
33.146
 20
8.749
 10
33.157
 20
8.754
 10
33.167
 20
8.76
 10
33.177
 20
8.766
 10
33.187
 20
8.773
 10
33.196
 20
8.78
 10
33.204
 20
8.788
 10
33.213
 20
8.796
 10
33.22
 20
8.804
 10
33.227
 20
8.813
 10
33.234
 20
8.823
 10
33.24
 20
8.833
 10
33.245
 20
8.843
 10
33.25
 20
8.854
 10
33.254
 20
8.866
 10
33.257
 20
8.878
 10
33.26
 20
8.891
 10
33.262
 20
8.904
 10
33.263
 20
8.918
 10
33.263
 20
8.933
 10
33.262
 20
8.956
 10
33.257
 20
8.978
 10
33.25
 20
8.998
 10
33.24
 20
9.017
 10
33.227
 20
9.034
 10
33.211
 20
9.05
 10
33.193
 20
9.064
 10
33.171
 20
9.077
 10
33.147
 20
9.089
 10
33.12
 20
9.101
 10
33.09
 20
9.112
 10
33.058
 20
9.124
 10
33.024
 20
9.135
 10
32.986
 20
9.146
 10
32.947
 20
9.156
 10
32.904
 20
9.167
 10
32.891
 20
9.17
 10
32.877
 20
9.174
 10
32.863
 20
9.177
 10
32.848
 20
9.181
 10
32.834
 20
9.186
 10
32.819
 20
9.19
 10
32.804
 20
9.195
 10
32.789
 20
9.199
 10
32.774
 20
9.204
 10
32.759
 20
9.21
 10
32.744
 20
9.216
 10
32.73
 20
9.223
 10
32.716
 20
9.231
 10
32.702
 20
9.239
 10
32.689
 20
9.247
 10
32.676
 20
9.256
 10
32.663
 20
9.266
 10
32.651
 20
9.277
 10
32.639
 20
9.288
 10
32.628
 20
9.299
 10
32.618
 20
9.311
 10
32.608
 20
9.324
 10
32.599
 20
9.337
 10
32.59
 20
9.351
 10
32.582
 20
9.366
 10
32.575
 20
9.382
 10
32.569
 20
9.398
 10
32.564
 20
9.416
 10
32.561
 20
9.434
 10
32.558
 20
9.453
 10
32.557
 20
9.473
 10
32.556
 20
9.494
 10
32.557
 20
9.517
 10
32.558
 20
9.539
 10
32.561
 20
9.561
 10
32.565
 20
9.581
 10
32.57
 20
9.601
 10
32.576
 20
9.619
 10
32.584
 20
9.637
 10
32.592
 20
9.654
 10
32.602
 20
9.671
 10
32.612
 20
9.686
 10
32.623
 20
9.701
 10
32.635
 20
9.715
 10
32.648
 20
9.728
 10
32.661
 20
9.741
 10
32.675
 20
9.752
 10
32.69
 20
9.763
 10
32.705
 20
9.774
 10
32.722
 20
9.784
 10
32.738
 20
9.793
 10
32.755
 20
9.801
 10
32.773
 20
9.808
 10
32.791
 20
9.815
 10
32.81
 20
9.822
 10
32.829
 20
9.827
 10
32.849
 20
9.832
 10
32.868
 20
9.836
 10
32.888
 20
9.84
 10
32.908
 20
9.843
 10
32.929
 20
9.845
 10
32.949
 20
9.847
 10
32.969
 20
9.848
 10
32.99
 20
9.848
 10
33.022
 20
9.847
 10
33.053
 20
9.844
 10
33.085
 20
9.84
 10
33.116
 20
9.834
 10
33.146
 20
9.826
 10
33.177
 20
9.816
 10
33.207
 20
9.804
 10
33.237
 20
9.791
 10
33.266
 20
9.776
 10
33.293
 20
9.759
 10
33.318
 20
9.741
 10
33.342
 20
9.722
 10
33.363
 20
9.701
 10
33.383
 20
9.679
 10
33.401
 20
9.655
 10
33.417
 20
9.63
 97
0
 75
0
 76
1
 98
0
  0
HATCH
  5
D7
330
17
100
AcDbEntity
  8
RASTER
 62
7
100
AcDbHatch
 10
0.0
 20
0.0
 30
0.0
210
0.0
220
0.0
230
1.0
  2
SOLID
 70
1
 71
0
 91
2
 92
3
 72
0
 73
1
 93
103
 10
34.787
 20
8.805
 10
34.767
 20
8.778
 10
34.746
 20
8.752
 10
34.723
 20
8.727
 10
34.699
 20
8.704
 10
34.673
 20
8.683
 10
34.645
 20
8.664
 10
34.616
 20
8.646
 10
34.585
 20
8.63
 10
34.554
 20
8.616
 10
34.522
 20
8.603
 10
34.49
 20
8.593
 10
34.458
 20
8.584
 10
34.426
 20
8.577
 10
34.394
 20
8.573
 10
34.362
 20
8.57
 10
34.329
 20
8.569
 10
34.294
 20
8.57
 10
34.259
 20
8.572
 10
34.226
 20
8.576
 10
34.193
 20
8.581
 10
34.161
 20
8.588
 10
34.13
 20
8.597
 10
34.1
 20
8.607
 10
34.071
 20
8.618
 10
34.042
 20
8.631
 10
34.015
 20
8.645
 10
33.988
 20
8.66
 10
33.963
 20
8.677
 10
33.939
 20
8.694
 10
33.916
 20
8.713
 10
33.894
 20
8.733
 10
33.873
 20
8.753
 10
33.853
 20
8.775
 10
33.834
 20
8.798
 10
33.817
 20
8.822
 10
33.8
 20
8.847
 10
33.785
 20
8.873
 10
33.771
 20
8.9
 10
33.757
 20
8.927
 10
33.746
 20
8.956
 10
33.735
 20
8.986
 10
33.726
 20
9.016
 10
33.718
 20
9.047
 10
33.711
 20
9.078
 10
33.706
 20
9.11
 10
33.703
 20
9.142
 10
33.701
 20
9.175
 10
33.7
 20
9.208
 10
33.701
 20
9.242
 10
33.703
 20
9.275
 10
33.706
 20
9.307
 10
33.711
 20
9.339
 10
33.718
 20
9.37
 10
33.726
 20
9.401
 10
33.735
 20
9.431
 10
33.746
 20
9.461
 10
33.757
 20
9.489
 10
33.771
 20
9.517
 10
33.785
 20
9.544
 10
33.8
 20
9.57
 10
33.817
 20
9.595
 10
33.834
 20
9.619
 10
33.853
 20
9.641
 10
33.873
 20
9.663
 10
33.894
 20
9.684
 10
33.916
 20
9.704
 10
33.939
 20
9.723
 10
33.963
 20
9.74
 10
33.988
 20
9.756
 10
34.015
 20
9.772
 10
34.042
 20
9.786
 10
34.071
 20
9.799
 10
34.1
 20
9.81
 10
34.13
 20
9.82
 10
34.161
 20
9.829
 10
34.193
 20
9.836
 10
34.226
 20
9.841
 10
34.259
 20
9.845
 10
34.294
 20
9.847
 10
34.329
 20
9.848
 10
34.362
 20
9.847
 10
34.394
 20
9.844
 10
34.426
 20
9.839
 10
34.458
 20
9.833
 10
34.49
 20
9.824
 10
34.522
 20
9.814
 10
34.554
 20
9.801
 10
34.585
 20
9.787
 10
34.616
 20
9.771
 10
34.645
 20
9.753
 10
34.673
 20
9.733
 10
34.699
 20
9.711
 10
34.723
 20
9.688
 10
34.746
 20
9.662
 10
34.767
 20
9.635
 10
34.787
 20
9.606
 10
34.795
 20
9.606
 10
34.795
 20
9.817
 10
34.971
 20
9.817
 10
34.971
 20
7.976
 10
34.795
 20
7.976
 10
34.795
 20
8.805
 97
0
 92
3
 72
0
 73
1
 93
129
 10
33.887
 20
9.208
 10
33.888
 20
9.183
 10
33.889
 20
9.158
 10
33.892
 20
9.134
 10
33.895
 20
9.11
 10
33.899
 20
9.086
 10
33.905
 20
9.063
 10
33.911
 20
9.04
 10
33.918
 20
9.017
 10
33.927
 20
8.995
 10
33.936
 20
8.974
 10
33.946
 20
8.953
 10
33.956
 20
8.933
 10
33.968
 20
8.914
 10
33.981
 20
8.896
 10
33.994
 20
8.878
 10
34.008
 20
8.861
 10
34.023
 20
8.845
 10
34.039
 20
8.83
 10
34.056
 20
8.816
 10
34.073
 20
8.802
 10
34.092
 20
8.79
 10
34.111
 20
8.778
 10
34.131
 20
8.767
 10
34.152
 20
8.757
 10
34.174
 20
8.748
 10
34.197
 20
8.741
 10
34.22
 20
8.734
 10
34.244
 20
8.729
 10
34.269
 20
8.725
 10
34.294
 20
8.722
 10
34.32
 20
8.72
 10
34.347
 20
8.72
 10
34.373
 20
8.72
 10
34.397
 20
8.722
 10
34.421
 20
8.725
 10
34.445
 20
8.729
 10
34.468
 20
8.734
 10
34.491
 20
8.741
 10
34.513
 20
8.748
 10
34.535
 20
8.757
 10
34.556
 20
8.767
 10
34.576
 20
8.778
 10
34.596
 20
8.789
 10
34.615
 20
8.802
 10
34.633
 20
8.815
 10
34.65
 20
8.829
 10
34.667
 20
8.844
 10
34.683
 20
8.86
 10
34.698
 20
8.877
 10
34.712
 20
8.894
 10
34.726
 20
8.912
 10
34.738
 20
8.931
 10
34.75
 20
8.951
 10
34.761
 20
8.971
 10
34.771
 20
8.993
 10
34.78
 20
9.015
 10
34.789
 20
9.037
 10
34.796
 20
9.06
 10
34.802
 20
9.084
 10
34.807
 20
9.108
 10
34.81
 20
9.132
 10
34.813
 20
9.157
 10
34.815
 20
9.183
 10
34.815
 20
9.208
 10
34.815
 20
9.234
 10
34.813
 20
9.26
 10
34.81
 20
9.284
 10
34.807
 20
9.309
 10
34.802
 20
9.333
 10
34.796
 20
9.356
 10
34.789
 20
9.379
 10
34.78
 20
9.402
 10
34.771
 20
9.424
 10
34.761
 20
9.445
 10
34.75
 20
9.466
 10
34.738
 20
9.486
 10
34.726
 20
9.505
 10
34.712
 20
9.523
 10
34.698
 20
9.541
 10
34.683
 20
9.558
 10
34.667
 20
9.574
 10
34.65
 20
9.589
 10
34.633
 20
9.604
 10
34.615
 20
9.617
 10
34.596
 20
9.63
 10
34.576
 20
9.641
 10
34.556
 20
9.652
 10
34.535
 20
9.662
 10
34.513
 20
9.671
 10
34.491
 20
9.679
 10
34.468
 20
9.685
 10
34.445
 20
9.69
 10
34.421
 20
9.694
 10
34.397
 20
9.697
 10
34.373
 20
9.699
 10
34.347
 20
9.7
 10
34.32
 20
9.699
 10
34.294
 20
9.697
 10
34.269
 20
9.694
 10
34.244
 20
9.69
 10
34.22
 20
9.685
 10
34.197
 20
9.678
 10
34.174
 20
9.67
 10
34.152
 20
9.661
 10
34.131
 20
9.651
 10
34.111
 20
9.64
 10
34.092
 20
9.628
 10
34.073
 20
9.615
 10
34.056
 20
9.601
 10
34.039
 20
9.587
 10
34.023
 20
9.572
 10
34.008
 20
9.555
 10
33.994
 20
9.539
 10
33.981
 20
9.521
 10
33.968
 20
9.502
 10
33.956
 20
9.483
 10
33.946
 20
9.463
 10
33.936
 20
9.443
 10
33.927
 20
9.422
 10
33.918
 20
9.399
 10
33.911
 20
9.377
 10
33.905
 20
9.354
 10
33.899
 20
9.331
 10
33.895
 20
9.307
 10
33.892
 20
9.283
 10
33.889
 20
9.258
 10
33.888
 20
9.234
 10
33.887
 20
9.208
 97
0
 75
0
 76
1
 98
0
  0
HATCH
  5
D8
330
17
100
AcDbEntity
  8
RASTER
 62
7
100
AcDbHatch
 10
0.0
 20
0.0
 30
0.0
210
0.0
220
0.0
230
1.0
  2
SOLID
 70
1
 71
0
 91
1
 92
3
 72
0
 73
1
 93
136
 10
36.323
 20
8.6
 10
36.322
 20
8.613
 10
36.321
 20
8.625
 10
36.32
 20
8.639
 10
36.319
 20
8.652
 10
36.318
 20
8.666
 10
36.317
 20
8.68
 10
36.316
 20
8.694
 10
36.316
 20
8.709
 10
36.315
 20
8.724
 10
36.314
 20
8.738
 10
36.314
 20
8.751
 10
36.314
 20
8.764
 10
36.313
 20
8.776
 10
36.313
 20
8.787
 10
36.313
 20
8.798
 10
36.313
 20
8.808
 10
36.308
 20
8.808
 10
36.294
 20
8.782
 10
36.278
 20
8.757
 10
36.26
 20
8.734
 10
36.24
 20
8.711
 10
36.217
 20
8.69
 10
36.193
 20
8.671
 10
36.167
 20
8.652
 10
36.139
 20
8.635
 10
36.109
 20
8.62
 10
36.079
 20
8.606
 10
36.049
 20
8.595
 10
36.019
 20
8.585
 10
35.987
 20
8.578
 10
35.956
 20
8.573
 10
35.924
 20
8.57
 10
35.892
 20
8.569
 10
35.836
 20
8.571
 10
35.783
 20
8.577
 10
35.735
 20
8.588
 10
35.689
 20
8.603
 10
35.648
 20
8.623
 10
35.61
 20
8.646
 10
35.575
 20
8.674
 10
35.545
 20
8.707
 10
35.518
 20
8.742
 10
35.494
 20
8.781
 10
35.474
 20
8.822
 10
35.458
 20
8.866
 10
35.445
 20
8.913
 10
35.436
 20
8.963
 10
35.431
 20
9.015
 10
35.429
 20
9.071
 10
35.429
 20
9.817
 10
35.606
 20
9.817
 10
35.606
 20
9.143
 10
35.606
 20
9.12
 10
35.607
 20
9.096
 10
35.608
 20
9.074
 10
35.61
 20
9.052
 10
35.612
 20
9.03
 10
35.615
 20
9.009
 10
35.618
 20
8.989
 10
35.621
 20
8.969
 10
35.626
 20
8.95
 10
35.631
 20
8.932
 10
35.636
 20
8.914
 10
35.643
 20
8.897
 10
35.65
 20
8.88
 10
35.657
 20
8.865
 10
35.666
 20
8.85
 10
35.675
 20
8.835
 10
35.685
 20
8.822
 10
35.695
 20
8.809
 10
35.707
 20
8.797
 10
35.719
 20
8.786
 10
35.732
 20
8.775
 10
35.746
 20
8.765
 10
35.761
 20
8.756
 10
35.776
 20
8.748
 10
35.793
 20
8.741
 10
35.81
 20
8.735
 10
35.828
 20
8.729
 10
35.848
 20
8.725
 10
35.868
 20
8.721
 10
35.89
 20
8.719
 10
35.912
 20
8.717
 10
35.936
 20
8.717
 10
35.953
 20
8.717
 10
35.971
 20
8.719
 10
35.988
 20
8.721
 10
36.005
 20
8.724
 10
36.022
 20
8.728
 10
36.039
 20
8.733
 10
36.056
 20
8.739
 10
36.073
 20
8.746
 10
36.089
 20
8.753
 10
36.105
 20
8.762
 10
36.12
 20
8.771
 10
36.135
 20
8.782
 10
36.15
 20
8.793
 10
36.164
 20
8.805
 10
36.178
 20
8.819
 10
36.191
 20
8.833
 10
36.203
 20
8.848
 10
36.216
 20
8.864
 10
36.227
 20
8.881
 10
36.238
 20
8.899
 10
36.248
 20
8.918
 10
36.257
 20
8.938
 10
36.266
 20
8.959
 10
36.274
 20
8.981
 10
36.281
 20
9.004
 10
36.288
 20
9.028
 10
36.293
 20
9.053
 10
36.297
 20
9.079
 10
36.301
 20
9.106
 10
36.303
 20
9.134
 10
36.305
 20
9.163
 10
36.305
 20
9.193
 10
36.305
 20
9.817
 10
36.482
 20
9.817
 10
36.482
 20
8.868
 10
36.482
 20
8.855
 10
36.482
 20
8.841
 10
36.482
 20
8.827
 10
36.483
 20
8.811
 10
36.483
 20
8.795
 10
36.483
 20
8.778
 10
36.484
 20
8.759
 10
36.485
 20
8.74
 10
36.485
 20
8.721
 10
36.486
 20
8.702
 10
36.487
 20
8.684
 10
36.488
 20
8.666
 10
36.489
 20
8.649
 10
36.49
 20
8.632
 10
36.491
 20
8.616
 10
36.492
 20
8.6
 97
0
 75
0
 76
1
 98
0
  0
HATCH
  5
D9
330
17
100
AcDbEntity
  8
RASTER
 62
7
100
AcDbHatch
 10
0.0
 20
0.0
 30
0.0
210
0.0
220
0.0
230
1.0
  2
SOLID
 70
1
 71
0
 91
2
 92
3
 72
0
 73
1
 93
197
 10
37.717
 20
9.385
 10
37.716
 20
9.424
 10
37.712
 20
9.459
 10
37.705
 20
9.493
 10
37.696
 20
9.524
 10
37.685
 20
9.552
 10
37.67
 20
9.578
 10
37.653
 20
9.601
 10
37.634
 20
9.622
 10
37.612
 20
9.64
 10
37.587
 20
9.656
 10
37.561
 20
9.669
 10
37.532
 20
9.68
 10
37.5
 20
9.689
 10
37.467
 20
9.695
 10
37.43
 20
9.699
 10
37.392
 20
9.7
 10
37.365
 20
9.699
 10
37.338
 20
9.697
 10
37.312
 20
9.694
 10
37.287
 20
9.69
 10
37.262
 20
9.685
 10
37.237
 20
9.678
 10
37.213
 20
9.67
 10
37.189
 20
9.661
 10
37.166
 20
9.651
 10
37.144
 20
9.64
 10
37.123
 20
9.628
 10
37.103
 20
9.615
 10
37.083
 20
9.602
 10
37.065
 20
9.588
 10
37.047
 20
9.573
 10
37.031
 20
9.557
 10
36.932
 20
9.674
 10
36.951
 20
9.692
 10
36.973
 20
9.71
 10
36.995
 20
9.727
 10
37.019
 20
9.743
 10
37.045
 20
9.758
 10
37.072
 20
9.772
 10
37.101
 20
9.786
 10
37.131
 20
9.799
 10
37.162
 20
9.81
 10
37.194
 20
9.82
 10
37.228
 20
9.829
 10
37.262
 20
9.836
 10
37.298
 20
9.841
 10
37.334
 20
9.845
 10
37.372
 20
9.847
 10
37.41
 20
9.848
 10
37.435
 20
9.848
 10
37.459
 20
9.846
 10
37.482
 20
9.844
 10
37.506
 20
9.841
 10
37.529
 20
9.837
 10
37.551
 20
9.833
 10
37.573
 20
9.827
 10
37.595
 20
9.821
 10
37.616
 20
9.813
 10
37.636
 20
9.805
 10
37.656
 20
9.796
 10
37.675
 20
9.787
 10
37.694
 20
9.776
 10
37.712
 20
9.764
 10
37.729
 20
9.752
 10
37.746
 20
9.739
 10
37.761
 20
9.725
 10
37.776
 20
9.71
 10
37.79
 20
9.694
 10
37.803
 20
9.677
 10
37.816
 20
9.659
 10
37.827
 20
9.641
 10
37.837
 20
9.621
 10
37.847
 20
9.601
 10
37.856
 20
9.58
 10
37.863
 20
9.558
 10
37.869
 20
9.535
 10
37.874
 20
9.511
 10
37.878
 20
9.486
 10
37.881
 20
9.46
 10
37.883
 20
9.434
 10
37.883
 20
9.406
 10
37.883
 20
8.873
 10
37.883
 20
8.855
 10
37.884
 20
8.838
 10
37.884
 20
8.82
 10
37.885
 20
8.801
 10
37.885
 20
8.783
 10
37.886
 20
8.765
 10
37.887
 20
8.746
 10
37.889
 20
8.727
 10
37.89
 20
8.709
 10
37.892
 20
8.691
 10
37.893
 20
8.674
 10
37.895
 20
8.658
 10
37.897
 20
8.642
 10
37.899
 20
8.627
 10
37.902
 20
8.613
 10
37.904
 20
8.6
 10
37.746
 20
8.6
 10
37.744
 20
8.611
 10
37.742
 20
8.623
 10
37.74
 20
8.634
 10
37.738
 20
8.646
 10
37.737
 20
8.658
 10
37.735
 20
8.671
 10
37.734
 20
8.683
 10
37.733
 20
8.696
 10
37.731
 20
8.709
 10
37.73
 20
8.722
 10
37.729
 20
8.735
 10
37.729
 20
8.748
 10
37.728
 20
8.76
 10
37.728
 20
8.773
 10
37.727
 20
8.785
 10
37.727
 20
8.798
 10
37.722
 20
8.798
 10
37.701
 20
8.768
 10
37.679
 20
8.741
 10
37.657
 20
8.716
 10
37.633
 20
8.693
 10
37.61
 20
8.672
 10
37.585
 20
8.653
 10
37.56
 20
8.637
 10
37.534
 20
8.622
 10
37.507
 20
8.61
 10
37.478
 20
8.599
 10
37.449
 20
8.59
 10
37.418
 20
8.582
 10
37.385
 20
8.576
 10
37.352
 20
8.572
 10
37.317
 20
8.57
 10
37.28
 20
8.569
 10
37.263
 20
8.569
 10
37.245
 20
8.57
 10
37.227
 20
8.572
 10
37.209
 20
8.574
 10
37.191
 20
8.576
 10
37.173
 20
8.58
 10
37.154
 20
8.584
 10
37.136
 20
8.588
 10
37.118
 20
8.594
 10
37.1
 20
8.6
 10
37.082
 20
8.606
 10
37.065
 20
8.614
 10
37.048
 20
8.622
 10
37.032
 20
8.631
 10
37.016
 20
8.641
 10
37.001
 20
8.652
 10
36.986
 20
8.663
 10
36.971
 20
8.676
 10
36.958
 20
8.689
 10
36.945
 20
8.703
 10
36.932
 20
8.717
 10
36.921
 20
8.733
 10
36.91
 20
8.749
 10
36.899
 20
8.766
 10
36.89
 20
8.784
 10
36.882
 20
8.803
 10
36.875
 20
8.823
 10
36.869
 20
8.844
 10
36.865
 20
8.866
 10
36.862
 20
8.889
 10
36.86
 20
8.913
 10
36.859
 20
8.938
 10
36.86
 20
8.972
 10
36.863
 20
9.005
 10
36.869
 20
9.035
 10
36.877
 20
9.064
 10
36.887
 20
9.091
 10
36.899
 20
9.116
 10
36.914
 20
9.139
 10
36.931
 20
9.16
 10
36.949
 20
9.18
 10
36.969
 20
9.199
 10
36.991
 20
9.216
 10
37.014
 20
9.232
 10
37.039
 20
9.246
 10
37.065
 20
9.26
 10
37.092
 20
9.272
 10
37.122
 20
9.282
 10
37.152
 20
9.292
 10
37.184
 20
9.301
 10
37.216
 20
9.309
 10
37.25
 20
9.316
 10
37.285
 20
9.322
 10
37.321
 20
9.327
 10
37.358
 20
9.331
 10
37.396
 20
9.334
 10
37.435
 20
9.337
 10
37.474
 20
9.34
 10
37.514
 20
9.342
 10
37.554
 20
9.343
 10
37.594
 20
9.345
 10
37.635
 20
9.345
 10
37.676
 20
9.346
 10
37.717
 20
9.346
 97
0
 92
3
 72
0
 73
1
 93
98
 10
37.665
 20
9.208
 10
37.638
 20
9.208
 10
37.61
 20
9.208
 10
37.583
 20
9.207
 10
37.555
 20
9.206
 10
37.528
 20
9.205
 10
37.5
 20
9.203
 10
37.473
 20
9.201
 10
37.445
 20
9.199
 10
37.418
 20
9.197
 10
37.391
 20
9.194
 10
37.365
 20
9.19
 10
37.34
 20
9.186
 10
37.315
 20
9.181
 10
37.291
 20
9.175
 10
37.268
 20
9.169
 10
37.245
 20
9.163
 10
37.223
 20
9.156
 10
37.202
 20
9.148
 10
37.182
 20
9.139
 10
37.164
 20
9.129
 10
37.146
 20
9.119
 10
37.129
 20
9.108
 10
37.113
 20
9.096
 10
37.098
 20
9.084
 10
37.085
 20
9.07
 10
37.073
 20
9.055
 10
37.063
 20
9.04
 10
37.055
 20
9.023
 10
37.049
 20
9.005
 10
37.045
 20
8.987
 10
37.042
 20
8.967
 10
37.041
 20
8.946
 10
37.041
 20
8.93
 10
37.043
 20
8.915
 10
37.044
 20
8.9
 10
37.047
 20
8.886
 10
37.051
 20
8.873
 10
37.055
 20
8.86
 10
37.06
 20
8.848
 10
37.066
 20
8.837
 10
37.072
 20
8.826
 10
37.079
 20
8.816
 10
37.087
 20
8.806
 10
37.095
 20
8.797
 10
37.103
 20
8.788
 10
37.112
 20
8.78
 10
37.122
 20
8.772
 10
37.132
 20
8.765
 10
37.143
 20
8.759
 10
37.153
 20
8.752
 10
37.164
 20
8.747
 10
37.176
 20
8.742
 10
37.188
 20
8.737
 10
37.2
 20
8.733
 10
37.212
 20
8.729
 10
37.224
 20
8.726
 10
37.237
 20
8.723
 10
37.25
 20
8.721
 10
37.263
 20
8.719
 10
37.275
 20
8.717
 10
37.288
 20
8.716
 10
37.301
 20
8.715
 10
37.314
 20
8.715
 10
37.327
 20
8.714
 10
37.35
 20
8.715
 10
37.372
 20
8.716
 10
37.394
 20
8.719
 10
37.415
 20
8.723
 10
37.436
 20
8.727
 10
37.456
 20
8.733
 10
37.475
 20
8.739
 10
37.493
 20
8.747
 10
37.511
 20
8.755
 10
37.528
 20
8.765
 10
37.545
 20
8.775
 10
37.56
 20
8.785
 10
37.575
 20
8.797
 10
37.589
 20
8.809
 10
37.603
 20
8.822
 10
37.616
 20
8.835
 10
37.628
 20
8.85
 10
37.639
 20
8.864
 10
37.649
 20
8.88
 10
37.659
 20
8.895
 10
37.668
 20
8.912
 10
37.677
 20
8.929
 10
37.684
 20
8.946
 10
37.691
 20
8.964
 10
37.697
 20
8.982
 10
37.702
 20
9.001
 10
37.707
 20
9.02
 10
37.71
 20
9.039
 10
37.713
 20
9.058
 10
37.715
 20
9.078
 10
37.717
 20
9.097
 10
37.717
 20
9.117
 10
37.717
 20
9.208
 97
0
 75
0
 76
1
 98
0
  0
HATCH
  5
DA
330
17
100
AcDbEntity
  8
RASTER
 62
7
100
AcDbHatch
 10
0.0
 20
0.0
 30
0.0
210
0.0
220
0.0
230
1.0
  2
SOLID
 70
1
 71
0
 91
1
 92
3
 72
0
 73
1
 93
119
 10
38.338
 20
9.549
 10
38.338
 20
9.562
 10
38.338
 20
9.575
 10
38.338
 20
9.59
 10
38.338
 20
9.606
 10
38.337
 20
9.622
 10
38.337
 20
9.639
 10
38.336
 20
9.657
 10
38.336
 20
9.676
 10
38.335
 20
9.696
 10
38.334
 20
9.714
 10
38.333
 20
9.733
 10
38.333
 20
9.75
 10
38.332
 20
9.768
 10
38.33
 20
9.785
 10
38.329
 20
9.801
 10
38.328
 20
9.817
 10
38.497
 20
9.817
 10
38.498
 20
9.804
 10
38.499
 20
9.791
 10
38.501
 20
9.778
 10
38.502
 20
9.765
 10
38.502
 20
9.751
 10
38.503
 20
9.737
 10
38.504
 20
9.722
 10
38.505
 20
9.708
 10
38.505
 20
9.693
 10
38.506
 20
9.679
 10
38.506
 20
9.666
 10
38.507
 20
9.653
 10
38.507
 20
9.641
 10
38.507
 20
9.63
 10
38.507
 20
9.619
 10
38.507
 20
9.609
 10
38.513
 20
9.609
 10
38.526
 20
9.635
 10
38.542
 20
9.66
 10
38.559
 20
9.683
 10
38.578
 20
9.705
 10
38.598
 20
9.726
 10
38.62
 20
9.746
 10
38.643
 20
9.764
 10
38.669
 20
9.782
 10
38.695
 20
9.797
 10
38.722
 20
9.811
 10
38.75
 20
9.822
 10
38.779
 20
9.831
 10
38.809
 20
9.839
 10
38.839
 20
9.844
 10
38.871
 20
9.847
 10
38.903
 20
9.848
 10
38.911
 20
9.848
 10
38.919
 20
9.848
 10
38.927
 20
9.848
 10
38.935
 20
9.847
 10
38.942
 20
9.847
 10
38.95
 20
9.847
 10
38.957
 20
9.846
 10
38.964
 20
9.845
 10
38.971
 20
9.845
 10
38.977
 20
9.844
 10
38.984
 20
9.843
 10
38.991
 20
9.841
 10
38.998
 20
9.84
 10
39.005
 20
9.839
 10
39.012
 20
9.837
 10
39.02
 20
9.835
 10
38.996
 20
9.669
 10
38.992
 20
9.67
 10
38.987
 20
9.671
 10
38.982
 20
9.672
 10
38.975
 20
9.674
 10
38.969
 20
9.675
 10
38.961
 20
9.676
 10
38.953
 20
9.678
 10
38.944
 20
9.679
 10
38.935
 20
9.68
 10
38.926
 20
9.681
 10
38.917
 20
9.682
 10
38.908
 20
9.683
 10
38.899
 20
9.683
 10
38.89
 20
9.684
 10
38.881
 20
9.684
 10
38.871
 20
9.684
 10
38.854
 20
9.684
 10
38.837
 20
9.683
 10
38.819
 20
9.681
 10
38.803
 20
9.678
 10
38.786
 20
9.674
 10
38.769
 20
9.67
 10
38.753
 20
9.664
 10
38.736
 20
9.658
 10
38.72
 20
9.651
 10
38.705
 20
9.643
 10
38.69
 20
9.634
 10
38.675
 20
9.625
 10
38.662
 20
9.614
 10
38.648
 20
9.602
 10
38.635
 20
9.59
 10
38.623
 20
9.576
 10
38.611
 20
9.562
 10
38.6
 20
9.546
 10
38.59
 20
9.53
 10
38.58
 20
9.513
 10
38.57
 20
9.494
 10
38.561
 20
9.475
 10
38.553
 20
9.455
 10
38.545
 20
9.433
 10
38.538
 20
9.411
 10
38.532
 20
9.388
 10
38.527
 20
9.363
 10
38.523
 20
9.337
 10
38.519
 20
9.311
 10
38.517
 20
9.283
 10
38.516
 20
9.254
 10
38.515
 20
9.224
 10
38.515
 20
8.6
 10
38.338
 20
8.6
 10
38.338
 20
9.549
 97
0
 75
0
 76
1
 98
0
  0
HATCH
  5
DB
330
17
100
AcDbEntity
  8
RASTER
 62
7
100
AcDbHatch
 10
0.0
 20
0.0
 30
0.0
210
0.0
220
0.0
230
1.0
  2
SOLID
 70
1
 71
0
 91
2
 92
3
 72
0
 73
1
 93
49
 10
40.203
 20
9.302
 10
40.199
 20
9.344
 10
40.193
 20
9.384
 10
40.183
 20
9.422
 10
40.171
 20
9.459
 10
40.156
 20
9.494
 10
40.138
 20
9.526
 10
40.116
 20
9.558
 10
40.092
 20
9.587
 10
40.065
 20
9.613
 10
40.035
 20
9.636
 10
40.003
 20
9.656
 10
39.968
 20
9.672
 10
39.93
 20
9.684
 10
39.889
 20
9.693
 10
39.846
 20
9.698
 10
39.8
 20
9.7
 10
39.778
 20
9.699
 10
39.756
 20
9.698
 10
39.735
 20
9.695
 10
39.714
 20
9.692
 10
39.694
 20
9.687
 10
39.674
 20
9.682
 10
39.655
 20
9.675
 10
39.636
 20
9.667
 10
39.617
 20
9.659
 10
39.599
 20
9.65
 10
39.582
 20
9.64
 10
39.565
 20
9.629
 10
39.549
 20
9.618
 10
39.533
 20
9.605
 10
39.518
 20
9.593
 10
39.503
 20
9.579
 10
39.489
 20
9.565
 10
39.476
 20
9.55
 10
39.464
 20
9.535
 10
39.452
 20
9.519
 10
39.441
 20
9.503
 10
39.431
 20
9.486
 10
39.421
 20
9.469
 10
39.412
 20
9.451
 10
39.404
 20
9.434
 10
39.397
 20
9.415
 10
39.391
 20
9.397
 10
39.386
 20
9.378
 10
39.381
 20
9.36
 10
39.378
 20
9.341
 10
39.375
 20
9.321
 10
39.373
 20
9.302
 97
0
 92
3
 72
0
 73
1
 93
179
 10
40.382
 20
9.245
 10
40.382
 20
9.24
 10
40.382
 20
9.236
 10
40.382
 20
9.231
 10
40.382
 20
9.226
 10
40.382
 20
9.221
 10
40.382
 20
9.216
 10
40.382
 20
9.211
 10
40.382
 20
9.206
 10
40.382
 20
9.201
 10
40.382
 20
9.195
 10
40.382
 20
9.19
 10
40.381
 20
9.184
 10
40.381
 20
9.179
 10
40.381
 20
9.173
 10
40.38
 20
9.167
 10
40.379
 20
9.162
 10
39.371
 20
9.162
 10
39.372
 20
9.139
 10
39.374
 20
9.117
 10
39.377
 20
9.095
 10
39.381
 20
9.073
 10
39.386
 20
9.052
 10
39.392
 20
9.031
 10
39.399
 20
9.01
 10
39.407
 20
8.99
 10
39.416
 20
8.97
 10
39.426
 20
8.951
 10
39.436
 20
8.932
 10
39.447
 20
8.915
 10
39.459
 20
8.897
 10
39.472
 20
8.881
 10
39.486
 20
8.865
 10
39.501
 20
8.85
 10
39.516
 20
8.835
 10
39.532
 20
8.821
 10
39.548
 20
8.808
 10
39.566
 20
8.796
 10
39.583
 20
8.784
 10
39.602
 20
8.774
 10
39.621
 20
8.764
 10
39.641
 20
8.755
 10
39.661
 20
8.746
 10
39.682
 20
8.739
 10
39.703
 20
8.733
 10
39.725
 20
8.728
 10
39.747
 20
8.725
 10
39.769
 20
8.722
 10
39.792
 20
8.72
 10
39.815
 20
8.72
 10
39.849
 20
8.721
 10
39.882
 20
8.724
 10
39.913
 20
8.729
 10
39.944
 20
8.736
 10
39.973
 20
8.744
 10
40.001
 20
8.755
 10
40.027
 20
8.768
 10
40.053
 20
8.783
 10
40.077
 20
8.8
 10
40.1
 20
8.816
 10
40.121
 20
8.834
 10
40.141
 20
8.852
 10
40.159
 20
8.871
 10
40.176
 20
8.89
 10
40.191
 20
8.91
 10
40.205
 20
8.93
 10
40.338
 20
8.826
 10
40.31
 20
8.793
 10
40.282
 20
8.762
 10
40.253
 20
8.734
 10
40.223
 20
8.708
 10
40.193
 20
8.684
 10
40.162
 20
8.663
 10
40.13
 20
8.645
 10
40.097
 20
8.629
 10
40.064
 20
8.615
 10
40.03
 20
8.602
 10
39.996
 20
8.592
 10
39.961
 20
8.584
 10
39.926
 20
8.577
 10
39.889
 20
8.573
 10
39.853
 20
8.57
 10
39.815
 20
8.569
 10
39.782
 20
8.57
 10
39.749
 20
8.572
 10
39.717
 20
8.576
 10
39.685
 20
8.581
 10
39.654
 20
8.588
 10
39.623
 20
8.596
 10
39.594
 20
8.606
 10
39.564
 20
8.617
 10
39.536
 20
8.63
 10
39.508
 20
8.643
 10
39.482
 20
8.658
 10
39.457
 20
8.674
 10
39.432
 20
8.692
 10
39.409
 20
8.71
 10
39.387
 20
8.73
 10
39.365
 20
8.751
 10
39.345
 20
8.773
 10
39.326
 20
8.796
 10
39.308
 20
8.82
 10
39.291
 20
8.844
 10
39.275
 20
8.87
 10
39.26
 20
8.897
 10
39.247
 20
8.925
 10
39.234
 20
8.954
 10
39.223
 20
8.983
 10
39.213
 20
9.013
 10
39.205
 20
9.044
 10
39.198
 20
9.076
 10
39.193
 20
9.108
 10
39.189
 20
9.141
 10
39.187
 20
9.174
 10
39.186
 20
9.208
 10
39.187
 20
9.243
 10
39.189
 20
9.276
 10
39.193
 20
9.309
 10
39.198
 20
9.341
 10
39.204
 20
9.373
 10
39.212
 20
9.403
 10
39.222
 20
9.434
 10
39.233
 20
9.463
 10
39.245
 20
9.492
 10
39.258
 20
9.52
 10
39.273
 20
9.547
 10
39.289
 20
9.572
 10
39.306
 20
9.597
 10
39.323
 20
9.621
 10
39.343
 20
9.644
 10
39.363
 20
9.666
 10
39.384
 20
9.687
 10
39.406
 20
9.707
 10
39.429
 20
9.725
 10
39.453
 20
9.742
 10
39.478
 20
9.759
 10
39.504
 20
9.773
 10
39.53
 20
9.787
 10
39.558
 20
9.8
 10
39.586
 20
9.811
 10
39.615
 20
9.821
 10
39.644
 20
9.829
 10
39.674
 20
9.836
 10
39.705
 20
9.841
 10
39.736
 20
9.845
 10
39.767
 20
9.847
 10
39.8
 20
9.848
 10
39.835
 20
9.847
 10
39.869
 20
9.845
 10
39.902
 20
9.841
 10
39.934
 20
9.836
 10
39.965
 20
9.829
 10
39.995
 20
9.821
 10
40.024
 20
9.811
 10
40.052
 20
9.8
 10
40.079
 20
9.787
 10
40.104
 20
9.774
 10
40.129
 20
9.759
 10
40.152
 20
9.743
 10
40.174
 20
9.727
 10
40.195
 20
9.709
 10
40.215
 20
9.69
 10
40.234
 20
9.67
 10
40.251
 20
9.649
 10
40.268
 20
9.627
 10
40.283
 20
9.605
 10
40.298
 20
9.581
 10
40.311
 20
9.557
 10
40.323
 20
9.532
 10
40.334
 20
9.506
 10
40.344
 20
9.479
 10
40.353
 20
9.451
 10
40.361
 20
9.423
 10
40.367
 20
9.395
 10
40.373
 20
9.366
 10
40.377
 20
9.336
 10
40.38
 20
9.306
 10
40.381
 20
9.276
 10
40.382
 20
9.245
 97
0
 75
0
 76
1
 98
0
  0
HATCH
  5
DC
330
17
100
AcDbEntity
  8
RASTER
 62
7
100
AcDbHatch
 10
0.0
 20
0.0
 30
0.0
210
0.0
220
0.0
230
1.0
  2
SOLID
 70
1
 71
0
 91
1
 92
3
 72
0
 73
1
 93
274
 10
41.409
 20
9.528
 10
41.399
 20
9.547
 10
41.387
 20
9.564
 10
41.374
 20
9.581
 10
41.36
 20
9.597
 10
41.345
 20
9.612
 10
41.328
 20
9.626
 10
41.31
 20
9.639
 10
41.291
 20
9.652
 10
41.271
 20
9.663
 10
41.25
 20
9.673
 10
41.228
 20
9.681
 10
41.206
 20
9.688
 10
41.183
 20
9.693
 10
41.159
 20
9.697
 10
41.135
 20
9.699
 10
41.11
 20
9.7
 10
41.098
 20
9.7
 10
41.087
 20
9.699
 10
41.075
 20
9.698
 10
41.063
 20
9.697
 10
41.052
 20
9.696
 10
41.04
 20
9.694
 10
41.028
 20
9.692
 10
41.016
 20
9.689
 10
41.005
 20
9.687
 10
40.994
 20
9.683
 10
40.983
 20
9.68
 10
40.972
 20
9.676
 10
40.962
 20
9.671
 10
40.952
 20
9.666
 10
40.942
 20
9.661
 10
40.933
 20
9.656
 10
40.924
 20
9.65
 10
40.916
 20
9.643
 10
40.908
 20
9.636
 10
40.9
 20
9.629
 10
40.893
 20
9.621
 10
40.887
 20
9.613
 10
40.88
 20
9.605
 10
40.875
 20
9.596
 10
40.87
 20
9.586
 10
40.865
 20
9.577
 10
40.861
 20
9.567
 10
40.858
 20
9.556
 10
40.856
 20
9.545
 10
40.854
 20
9.534
 10
40.853
 20
9.522
 10
40.853
 20
9.51
 10
40.854
 20
9.489
 10
40.857
 20
9.47
 10
40.862
 20
9.451
 10
40.87
 20
9.434
 10
40.88
 20
9.418
 10
40.892
 20
9.404
 10
40.906
 20
9.391
 10
40.923
 20
9.379
 10
40.942
 20
9.368
 10
40.963
 20
9.357
 10
40.987
 20
9.347
 10
41.013
 20
9.337
 10
41.042
 20
9.327
 10
41.073
 20
9.318
 10
41.107
 20
9.31
 10
41.144
 20
9.302
 10
41.196
 20
9.29
 10
41.245
 20
9.277
 10
41.29
 20
9.263
 10
41.331
 20
9.248
 10
41.369
 20
9.231
 10
41.404
 20
9.213
 10
41.435
 20
9.194
 10
41.462
 20
9.173
 10
41.486
 20
9.151
 10
41.507
 20
9.127
 10
41.525
 20
9.102
 10
41.539
 20
9.074
 10
41.551
 20
9.045
 10
41.559
 20
9.014
 10
41.563
 20
8.981
 10
41.565
 20
8.946
 10
41.564
 20
8.92
 10
41.562
 20
8.896
 10
41.559
 20
8.872
 10
41.555
 20
8.85
 10
41.549
 20
8.828
 10
41.542
 20
8.808
 10
41.534
 20
8.789
 10
41.525
 20
8.77
 10
41.514
 20
8.753
 10
41.503
 20
8.736
 10
41.491
 20
8.72
 10
41.478
 20
8.705
 10
41.465
 20
8.691
 10
41.45
 20
8.678
 10
41.435
 20
8.665
 10
41.419
 20
8.653
 10
41.403
 20
8.642
 10
41.386
 20
8.632
 10
41.368
 20
8.623
 10
41.35
 20
8.614
 10
41.332
 20
8.607
 10
41.312
 20
8.6
 10
41.293
 20
8.594
 10
41.273
 20
8.588
 10
41.252
 20
8.584
 10
41.231
 20
8.58
 10
41.211
 20
8.576
 10
41.19
 20
8.574
 10
41.17
 20
8.572
 10
41.149
 20
8.57
 10
41.128
 20
8.569
 10
41.107
 20
8.569
 10
41.073
 20
8.57
 10
41.039
 20
8.572
 10
41.005
 20
8.577
 10
40.972
 20
8.583
 10
40.938
 20
8.591
 10
40.905
 20
8.601
 10
40.872
 20
8.613
 10
40.84
 20
8.626
 10
40.808
 20
8.641
 10
40.778
 20
8.659
 10
40.749
 20
8.678
 10
40.721
 20
8.699
 10
40.695
 20
8.723
 10
40.671
 20
8.748
 10
40.648
 20
8.776
 10
40.626
 20
8.805
 10
40.767
 20
8.909
 10
40.779
 20
8.89
 10
40.793
 20
8.871
 10
40.808
 20
8.853
 10
40.825
 20
8.835
 10
40.843
 20
8.819
 10
40.862
 20
8.803
 10
40.883
 20
8.788
 10
40.905
 20
8.774
 10
40.928
 20
8.761
 10
40.951
 20
8.75
 10
40.975
 20
8.741
 10
41.0
 20
8.733
 10
41.025
 20
8.727
 10
41.051
 20
8.723
 10
41.078
 20
8.72
 10
41.105
 20
8.72
 10
41.119
 20
8.72
 10
41.133
 20
8.72
 10
41.147
 20
8.721
 10
41.161
 20
8.722
 10
41.174
 20
8.724
 10
41.188
 20
8.725
 10
41.201
 20
8.728
 10
41.214
 20
8.73
 10
41.227
 20
8.733
 10
41.239
 20
8.736
 10
41.251
 20
8.74
 10
41.263
 20
8.744
 10
41.274
 20
8.749
 10
41.285
 20
8.754
 10
41.295
 20
8.76
 10
41.305
 20
8.766
 10
41.315
 20
8.773
 10
41.324
 20
8.78
 10
41.332
 20
8.788
 10
41.34
 20
8.796
 10
41.348
 20
8.804
 10
41.355
 20
8.813
 10
41.361
 20
8.823
 10
41.367
 20
8.833
 10
41.373
 20
8.843
 10
41.378
 20
8.854
 10
41.382
 20
8.866
 10
41.385
 20
8.878
 10
41.388
 20
8.891
 10
41.389
 20
8.904
 10
41.39
 20
8.918
 10
41.391
 20
8.933
 10
41.389
 20
8.956
 10
41.385
 20
8.978
 10
41.378
 20
8.998
 10
41.368
 20
9.017
 10
41.355
 20
9.034
 10
41.339
 20
9.05
 10
41.32
 20
9.064
 10
41.299
 20
9.077
 10
41.274
 20
9.089
 10
41.247
 20
9.101
 10
41.218
 20
9.112
 10
41.186
 20
9.124
 10
41.151
 20
9.135
 10
41.114
 20
9.146
 10
41.074
 20
9.156
 10
41.032
 20
9.167
 10
41.018
 20
9.17
 10
41.004
 20
9.174
 10
40.99
 20
9.177
 10
40.976
 20
9.181
 10
40.961
 20
9.186
 10
40.946
 20
9.19
 10
40.931
 20
9.195
 10
40.916
 20
9.199
 10
40.901
 20
9.204
 10
40.886
 20
9.21
 10
40.872
 20
9.216
 10
40.857
 20
9.223
 10
40.843
 20
9.231
 10
40.83
 20
9.239
 10
40.816
 20
9.247
 10
40.803
 20
9.256
 10
40.79
 20
9.266
 10
40.778
 20
9.277
 10
40.767
 20
9.288
 10
40.756
 20
9.299
 10
40.745
 20
9.311
 10
40.735
 20
9.324
 10
40.726
 20
9.337
 10
40.717
 20
9.351
 10
40.709
 20
9.366
 10
40.703
 20
9.382
 10
40.697
 20
9.398
 10
40.692
 20
9.416
 10
40.688
 20
9.434
 10
40.686
 20
9.453
 10
40.684
 20
9.473
 10
40.684
 20
9.494
 10
40.684
 20
9.517
 10
40.686
 20
9.539
 10
40.689
 20
9.561
 10
40.693
 20
9.581
 10
40.698
 20
9.601
 10
40.704
 20
9.619
 10
40.711
 20
9.637
 10
40.72
 20
9.654
 10
40.729
 20
9.671
 10
40.74
 20
9.686
 10
40.751
 20
9.701
 10
40.763
 20
9.715
 10
40.775
 20
9.728
 10
40.788
 20
9.741
 10
40.803
 20
9.752
 10
40.818
 20
9.763
 10
40.833
 20
9.774
 10
40.849
 20
9.784
 10
40.866
 20
9.793
 10
40.883
 20
9.801
 10
40.9
 20
9.808
 10
40.919
 20
9.815
 10
40.937
 20
9.822
 10
40.957
 20
9.827
 10
40.976
 20
9.832
 10
40.996
 20
9.836
 10
41.016
 20
9.84
 10
41.036
 20
9.843
 10
41.056
 20
9.845
 10
41.077
 20
9.847
 10
41.097
 20
9.848
 10
41.118
 20
9.848
 10
41.15
 20
9.847
 10
41.181
 20
9.844
 10
41.212
 20
9.84
 10
41.243
 20
9.834
 10
41.274
 20
9.826
 10
41.305
 20
9.816
 10
41.335
 20
9.804
 10
41.365
 20
9.791
 10
41.394
 20
9.776
 10
41.421
 20
9.759
 10
41.446
 20
9.741
 10
41.469
 20
9.722
 10
41.491
 20
9.701
 10
41.511
 20
9.679
 10
41.528
 20
9.655
 10
41.544
 20
9.63
 97
0
 75
0
 76
1
 98
0
  0
HATCH
  5
DD
330
17
100
AcDbEntity
  8
RASTER
 62
7
100
AcDbHatch
 10
0.0
 20
0.0
 30
0.0
210
0.0
220
0.0
230
1.0
  2
SOLID
 70
1
 71
0
 91
2
 92
3
 72
0
 73
1
 93
103
 10
43.567
 20
8.805
 10
43.547
 20
8.777
 10
43.525
 20
8.75
 10
43.502
 20
8.726
 10
43.477
 20
8.703
 10
43.451
 20
8.681
 10
43.424
 20
8.662
 10
43.395
 20
8.644
 10
43.364
 20
8.629
 10
43.333
 20
8.615
 10
43.301
 20
8.602
 10
43.27
 20
8.592
 10
43.237
 20
8.584
 10
43.205
 20
8.577
 10
43.173
 20
8.573
 10
43.14
 20
8.57
 10
43.107
 20
8.569
 10
43.071
 20
8.57
 10
43.037
 20
8.572
 10
43.003
 20
8.576
 10
42.971
 20
8.581
 10
42.939
 20
8.588
 10
42.908
 20
8.597
 10
42.877
 20
8.607
 10
42.848
 20
8.618
 10
42.82
 20
8.631
 10
42.792
 20
8.645
 10
42.766
 20
8.66
 10
42.741
 20
8.677
 10
42.717
 20
8.694
 10
42.694
 20
8.713
 10
42.672
 20
8.733
 10
42.651
 20
8.753
 10
42.631
 20
8.775
 10
42.612
 20
8.798
 10
42.594
 20
8.822
 10
42.578
 20
8.847
 10
42.562
 20
8.873
 10
42.548
 20
8.9
 10
42.535
 20
8.927
 10
42.523
 20
8.956
 10
42.512
 20
8.986
 10
42.503
 20
9.016
 10
42.495
 20
9.047
 10
42.489
 20
9.078
 10
42.484
 20
9.11
 10
42.48
 20
9.142
 10
42.478
 20
9.175
 10
42.478
 20
9.208
 10
42.478
 20
9.242
 10
42.48
 20
9.275
 10
42.484
 20
9.307
 10
42.489
 20
9.339
 10
42.495
 20
9.37
 10
42.503
 20
9.401
 10
42.512
 20
9.431
 10
42.523
 20
9.461
 10
42.535
 20
9.489
 10
42.548
 20
9.517
 10
42.562
 20
9.544
 10
42.578
 20
9.57
 10
42.594
 20
9.595
 10
42.612
 20
9.619
 10
42.631
 20
9.641
 10
42.651
 20
9.663
 10
42.672
 20
9.684
 10
42.694
 20
9.704
 10
42.717
 20
9.723
 10
42.741
 20
9.74
 10
42.766
 20
9.756
 10
42.792
 20
9.772
 10
42.82
 20
9.786
 10
42.848
 20
9.799
 10
42.877
 20
9.81
 10
42.908
 20
9.82
 10
42.939
 20
9.829
 10
42.971
 20
9.836
 10
43.003
 20
9.841
 10
43.037
 20
9.845
 10
43.071
 20
9.847
 10
43.107
 20
9.848
 10
43.14
 20
9.847
 10
43.173
 20
9.844
 10
43.205
 20
9.839
 10
43.237
 20
9.833
 10
43.27
 20
9.824
 10
43.301
 20
9.814
 10
43.333
 20
9.801
 10
43.364
 20
9.787
 10
43.395
 20
9.771
 10
43.424
 20
9.753
 10
43.451
 20
9.733
 10
43.477
 20
9.711
 10
43.502
 20
9.688
 10
43.525
 20
9.662
 10
43.547
 20
9.635
 10
43.567
 20
9.606
 10
43.572
 20
9.606
 10
43.572
 20
10.566
 10
43.749
 20
10.566
 10
43.749
 20
8.6
 10
43.572
 20
8.6
 10
43.572
 20
8.805
 97
0
 92
3
 72
0
 73
1
 93
129
 10
42.665
 20
9.208
 10
42.665
 20
9.183
 10
42.667
 20
9.158
 10
42.669
 20
9.134
 10
42.673
 20
9.11
 10
42.677
 20
9.086
 10
42.682
 20
9.063
 10
42.689
 20
9.04
 10
42.696
 20
9.017
 10
42.704
 20
8.995
 10
42.713
 20
8.974
 10
42.723
 20
8.953
 10
42.734
 20
8.933
 10
42.746
 20
8.914
 10
42.758
 20
8.896
 10
42.772
 20
8.878
 10
42.786
 20
8.861
 10
42.801
 20
8.845
 10
42.817
 20
8.83
 10
42.833
 20
8.816
 10
42.851
 20
8.802
 10
42.869
 20
8.79
 10
42.889
 20
8.778
 10
42.909
 20
8.767
 10
42.93
 20
8.757
 10
42.952
 20
8.748
 10
42.974
 20
8.741
 10
42.998
 20
8.734
 10
43.022
 20
8.729
 10
43.046
 20
8.725
 10
43.072
 20
8.722
 10
43.098
 20
8.72
 10
43.125
 20
8.72
 10
43.15
 20
8.72
 10
43.175
 20
8.722
 10
43.199
 20
8.725
 10
43.223
 20
8.729
 10
43.246
 20
8.734
 10
43.268
 20
8.741
 10
43.291
 20
8.748
 10
43.312
 20
8.757
 10
43.333
 20
8.767
 10
43.354
 20
8.778
 10
43.373
 20
8.789
 10
43.392
 20
8.802
 10
43.41
 20
8.815
 10
43.428
 20
8.829
 10
43.444
 20
8.844
 10
43.46
 20
8.86
 10
43.476
 20
8.877
 10
43.49
 20
8.894
 10
43.503
 20
8.912
 10
43.516
 20
8.931
 10
43.528
 20
8.951
 10
43.539
 20
8.971
 10
43.549
 20
8.993
 10
43.558
 20
9.015
 10
43.566
 20
9.037
 10
43.573
 20
9.06
 10
43.579
 20
9.084
 10
43.584
 20
9.108
 10
43.588
 20
9.132
 10
43.591
 20
9.157
 10
43.592
 20
9.183
 10
43.593
 20
9.208
 10
43.592
 20
9.234
 10
43.591
 20
9.26
 10
43.588
 20
9.284
 10
43.584
 20
9.309
 10
43.579
 20
9.333
 10
43.573
 20
9.356
 10
43.566
 20
9.379
 10
43.558
 20
9.402
 10
43.549
 20
9.424
 10
43.539
 20
9.445
 10
43.528
 20
9.466
 10
43.516
 20
9.486
 10
43.503
 20
9.505
 10
43.49
 20
9.523
 10
43.476
 20
9.541
 10
43.46
 20
9.558
 10
43.444
 20
9.574
 10
43.428
 20
9.589
 10
43.41
 20
9.604
 10
43.392
 20
9.617
 10
43.373
 20
9.63
 10
43.354
 20
9.641
 10
43.333
 20
9.652
 10
43.312
 20
9.662
 10
43.291
 20
9.671
 10
43.268
 20
9.679
 10
43.246
 20
9.685
 10
43.223
 20
9.69
 10
43.199
 20
9.694
 10
43.175
 20
9.697
 10
43.15
 20
9.699
 10
43.125
 20
9.7
 10
43.098
 20
9.699
 10
43.072
 20
9.697
 10
43.046
 20
9.694
 10
43.022
 20
9.69
 10
42.998
 20
9.685
 10
42.974
 20
9.678
 10
42.952
 20
9.67
 10
42.93
 20
9.661
 10
42.909
 20
9.651
 10
42.889
 20
9.64
 10
42.869
 20
9.628
 10
42.851
 20
9.615
 10
42.833
 20
9.601
 10
42.817
 20
9.587
 10
42.801
 20
9.572
 10
42.786
 20
9.555
 10
42.772
 20
9.539
 10
42.758
 20
9.521
 10
42.746
 20
9.502
 10
42.734
 20
9.483
 10
42.723
 20
9.463
 10
42.713
 20
9.443
 10
42.704
 20
9.422
 10
42.696
 20
9.399
 10
42.689
 20
9.377
 10
42.682
 20
9.354
 10
42.677
 20
9.331
 10
42.673
 20
9.307
 10
42.669
 20
9.283
 10
42.667
 20
9.258
 10
42.665
 20
9.234
 10
42.665
 20
9.208
 97
0
 75
0
 76
1
 98
0
  0
HATCH
  5
DE
330
17
100
AcDbEntity
  8
RASTER
 62
7
100
AcDbHatch
 10
0.0
 20
0.0
 30
0.0
210
0.0
220
0.0
230
1.0
  2
SOLID
 70
1
 71
0
 91
2
 92
3
 72
0
 73
1
 93
129
 10
45.431
 20
9.208
 10
45.43
 20
9.174
 10
45.428
 20
9.141
 10
45.424
 20
9.108
 10
45.419
 20
9.076
 10
45.412
 20
9.044
 10
45.404
 20
9.013
 10
45.394
 20
8.983
 10
45.383
 20
8.954
 10
45.37
 20
8.925
 10
45.357
 20
8.897
 10
45.342
 20
8.87
 10
45.326
 20
8.844
 10
45.308
 20
8.82
 10
45.29
 20
8.796
 10
45.27
 20
8.773
 10
45.249
 20
8.751
 10
45.227
 20
8.73
 10
45.204
 20
8.71
 10
45.18
 20
8.692
 10
45.155
 20
8.674
 10
45.129
 20
8.658
 10
45.101
 20
8.643
 10
45.073
 20
8.63
 10
45.044
 20
8.617
 10
45.014
 20
8.606
 10
44.983
 20
8.596
 10
44.951
 20
8.588
 10
44.918
 20
8.581
 10
44.885
 20
8.576
 10
44.851
 20
8.572
 10
44.817
 20
8.57
 10
44.781
 20
8.569
 10
44.746
 20
8.57
 10
44.712
 20
8.572
 10
44.679
 20
8.576
 10
44.646
 20
8.581
 10
44.614
 20
8.588
 10
44.582
 20
8.596
 10
44.551
 20
8.606
 10
44.521
 20
8.617
 10
44.492
 20
8.63
 10
44.464
 20
8.643
 10
44.436
 20
8.658
 10
44.41
 20
8.674
 10
44.385
 20
8.692
 10
44.361
 20
8.71
 10
44.338
 20
8.73
 10
44.316
 20
8.751
 10
44.295
 20
8.773
 10
44.275
 20
8.796
 10
44.257
 20
8.82
 10
44.239
 20
8.844
 10
44.223
 20
8.87
 10
44.208
 20
8.897
 10
44.195
 20
8.925
 10
44.182
 20
8.954
 10
44.171
 20
8.983
 10
44.161
 20
9.013
 10
44.153
 20
9.044
 10
44.146
 20
9.076
 10
44.141
 20
9.108
 10
44.137
 20
9.141
 10
44.135
 20
9.174
 10
44.134
 20
9.208
 10
44.135
 20
9.243
 10
44.137
 20
9.276
 10
44.141
 20
9.309
 10
44.146
 20
9.341
 10
44.153
 20
9.373
 10
44.161
 20
9.403
 10
44.171
 20
9.434
 10
44.182
 20
9.463
 10
44.195
 20
9.492
 10
44.208
 20
9.52
 10
44.223
 20
9.547
 10
44.239
 20
9.572
 10
44.257
 20
9.597
 10
44.275
 20
9.621
 10
44.295
 20
9.644
 10
44.316
 20
9.666
 10
44.338
 20
9.687
 10
44.361
 20
9.707
 10
44.385
 20
9.725
 10
44.41
 20
9.742
 10
44.436
 20
9.759
 10
44.464
 20
9.773
 10
44.492
 20
9.787
 10
44.521
 20
9.8
 10
44.551
 20
9.811
 10
44.582
 20
9.821
 10
44.614
 20
9.829
 10
44.646
 20
9.836
 10
44.679
 20
9.841
 10
44.712
 20
9.845
 10
44.746
 20
9.847
 10
44.781
 20
9.848
 10
44.817
 20
9.847
 10
44.851
 20
9.845
 10
44.885
 20
9.841
 10
44.918
 20
9.836
 10
44.951
 20
9.829
 10
44.983
 20
9.821
 10
45.014
 20
9.811
 10
45.044
 20
9.8
 10
45.073
 20
9.787
 10
45.101
 20
9.773
 10
45.129
 20
9.759
 10
45.155
 20
9.742
 10
45.18
 20
9.725
 10
45.204
 20
9.707
 10
45.227
 20
9.687
 10
45.249
 20
9.666
 10
45.27
 20
9.644
 10
45.29
 20
9.621
 10
45.308
 20
9.597
 10
45.326
 20
9.572
 10
45.342
 20
9.547
 10
45.357
 20
9.52
 10
45.37
 20
9.492
 10
45.383
 20
9.463
 10
45.394
 20
9.434
 10
45.404
 20
9.403
 10
45.412
 20
9.373
 10
45.419
 20
9.341
 10
45.424
 20
9.309
 10
45.428
 20
9.276
 10
45.43
 20
9.243
 10
45.431
 20
9.208
 97
0
 92
3
 72
0
 73
1
 93
129
 10
45.244
 20
9.208
 10
45.243
 20
9.234
 10
45.242
 20
9.258
 10
45.239
 20
9.283
 10
45.236
 20
9.307
 10
45.231
 20
9.331
 10
45.226
 20
9.354
 10
45.219
 20
9.377
 10
45.212
 20
9.399
 10
45.203
 20
9.422
 10
45.194
 20
9.443
 10
45.183
 20
9.463
 10
45.172
 20
9.483
 10
45.16
 20
9.502
 10
45.147
 20
9.521
 10
45.134
 20
9.539
 10
45.119
 20
9.555
 10
45.104
 20
9.572
 10
45.088
 20
9.587
 10
45.071
 20
9.601
 10
45.053
 20
9.615
 10
45.034
 20
9.628
 10
45.015
 20
9.64
 10
44.995
 20
9.651
 10
44.974
 20
9.661
 10
44.952
 20
9.67
 10
44.929
 20
9.678
 10
44.906
 20
9.685
 10
44.883
 20
9.69
 10
44.858
 20
9.694
 10
44.833
 20
9.697
 10
44.808
 20
9.699
 10
44.781
 20
9.7
 10
44.755
 20
9.699
 10
44.729
 20
9.697
 10
44.704
 20
9.694
 10
44.68
 20
9.69
 10
44.657
 20
9.685
 10
44.634
 20
9.678
 10
44.612
 20
9.67
 10
44.59
 20
9.661
 10
44.569
 20
9.651
 10
44.549
 20
9.64
 10
44.53
 20
9.628
 10
44.512
 20
9.615
 10
44.494
 20
9.601
 10
44.477
 20
9.587
 10
44.461
 20
9.572
 10
44.446
 20
9.555
 10
44.431
 20
9.539
 10
44.418
 20
9.521
 10
44.405
 20
9.502
 10
44.393
 20
9.483
 10
44.382
 20
9.463
 10
44.371
 20
9.443
 10
44.362
 20
9.422
 10
44.354
 20
9.399
 10
44.346
 20
9.377
 10
44.339
 20
9.354
 10
44.334
 20
9.331
 10
44.329
 20
9.307
 10
44.326
 20
9.283
 10
44.323
 20
9.258
 10
44.322
 20
9.234
 10
44.321
 20
9.208
 10
44.322
 20
9.183
 10
44.323
 20
9.158
 10
44.326
 20
9.134
 10
44.329
 20
9.11
 10
44.334
 20
9.086
 10
44.339
 20
9.063
 10
44.346
 20
9.04
 10
44.354
 20
9.017
 10
44.362
 20
8.995
 10
44.371
 20
8.974
 10
44.382
 20
8.953
 10
44.393
 20
8.933
 10
44.405
 20
8.914
 10
44.418
 20
8.896
 10
44.431
 20
8.878
 10
44.446
 20
8.861
 10
44.461
 20
8.845
 10
44.477
 20
8.83
 10
44.494
 20
8.816
 10
44.512
 20
8.802
 10
44.53
 20
8.79
 10
44.549
 20
8.778
 10
44.569
 20
8.767
 10
44.59
 20
8.757
 10
44.612
 20
8.748
 10
44.634
 20
8.741
 10
44.657
 20
8.734
 10
44.68
 20
8.729
 10
44.704
 20
8.725
 10
44.729
 20
8.722
 10
44.755
 20
8.72
 10
44.781
 20
8.72
 10
44.808
 20
8.72
 10
44.833
 20
8.722
 10
44.858
 20
8.725
 10
44.883
 20
8.729
 10
44.906
 20
8.734
 10
44.929
 20
8.741
 10
44.952
 20
8.748
 10
44.974
 20
8.757
 10
44.995
 20
8.767
 10
45.015
 20
8.778
 10
45.034
 20
8.79
 10
45.053
 20
8.802
 10
45.071
 20
8.816
 10
45.088
 20
8.83
 10
45.104
 20
8.845
 10
45.119
 20
8.861
 10
45.134
 20
8.878
 10
45.147
 20
8.896
 10
45.16
 20
8.914
 10
45.172
 20
8.933
 10
45.183
 20
8.953
 10
45.194
 20
8.974
 10
45.203
 20
8.995
 10
45.212
 20
9.017
 10
45.219
 20
9.04
 10
45.226
 20
9.063
 10
45.231
 20
9.086
 10
45.236
 20
9.11
 10
45.239
 20
9.134
 10
45.242
 20
9.158
 10
45.243
 20
9.183
 10
45.244
 20
9.208
 97
0
 75
0
 76
1
 98
0
  0
HATCH
  5
DF
330
17
100
AcDbEntity
  8
RASTER
 62
7
100
AcDbHatch
 10
0.0
 20
0.0
 30
0.0
210
0.0
220
0.0
230
1.0
  2
SOLID
 70
1
 71
0
 91
1
 92
3
 72
0
 73
1
 93
16
 10
45.834
 20
9.817
 10
46.128
 20
8.829
 10
46.133
 20
8.829
 10
46.461
 20
9.817
 10
46.632
 20
9.817
 10
46.965
 20
8.829
 10
46.97
 20
8.829
 10
47.262
 20
9.817
 10
47.449
 20
9.817
 10
47.064
 20
8.6
 10
46.872
 20
8.6
 10
46.547
 20
9.585
 10
46.541
 20
9.585
 10
46.222
 20
8.6
 10
46.029
 20
8.6
 10
45.644
 20
9.817
 97
0
 75
0
 76
1
 98
0
  0
HATCH
  5
E0
330
17
100
AcDbEntity
  8
RASTER
 62
7
100
AcDbHatch
 10
0.0
 20
0.0
 30
0.0
210
0.0
220
0.0
230
1.0
  2
SOLID
 70
1
 71
0
 91
1
 92
3
 72
0
 73
1
 93
136
 10
47.909
 20
9.817
 10
47.91
 20
9.804
 10
47.911
 20
9.791
 10
47.913
 20
9.778
 10
47.914
 20
9.765
 10
47.914
 20
9.751
 10
47.915
 20
9.737
 10
47.916
 20
9.722
 10
47.917
 20
9.708
 10
47.917
 20
9.693
 10
47.918
 20
9.679
 10
47.918
 20
9.666
 10
47.919
 20
9.653
 10
47.919
 20
9.641
 10
47.919
 20
9.63
 10
47.919
 20
9.619
 10
47.919
 20
9.609
 10
47.925
 20
9.609
 10
47.939
 20
9.635
 10
47.955
 20
9.66
 10
47.973
 20
9.683
 10
47.993
 20
9.705
 10
48.015
 20
9.726
 10
48.039
 20
9.746
 10
48.065
 20
9.764
 10
48.094
 20
9.782
 10
48.123
 20
9.797
 10
48.153
 20
9.811
 10
48.183
 20
9.822
 10
48.214
 20
9.831
 10
48.245
 20
9.839
 10
48.276
 20
9.844
 10
48.308
 20
9.847
 10
48.341
 20
9.848
 10
48.397
 20
9.846
 10
48.449
 20
9.839
 10
48.498
 20
9.829
 10
48.543
 20
9.814
 10
48.585
 20
9.794
 10
48.623
 20
9.77
 10
48.657
 20
9.742
 10
48.688
 20
9.71
 10
48.715
 20
9.674
 10
48.738
 20
9.636
 10
48.758
 20
9.594
 10
48.774
 20
9.55
 10
48.787
 20
9.503
 10
48.796
 20
9.454
 10
48.802
 20
9.401
 10
48.803
 20
9.346
 10
48.803
 20
8.6
 10
48.627
 20
8.6
 10
48.627
 20
9.273
 10
48.626
 20
9.297
 10
48.626
 20
9.32
 10
48.624
 20
9.343
 10
48.623
 20
9.365
 10
48.621
 20
9.387
 10
48.618
 20
9.407
 10
48.615
 20
9.428
 10
48.611
 20
9.448
 10
48.607
 20
9.467
 10
48.602
 20
9.485
 10
48.596
 20
9.503
 10
48.59
 20
9.52
 10
48.583
 20
9.536
 10
48.575
 20
9.552
 10
48.567
 20
9.567
 10
48.558
 20
9.581
 10
48.548
 20
9.595
 10
48.537
 20
9.608
 10
48.526
 20
9.62
 10
48.514
 20
9.631
 10
48.5
 20
9.642
 10
48.487
 20
9.651
 10
48.472
 20
9.66
 10
48.456
 20
9.669
 10
48.44
 20
9.676
 10
48.422
 20
9.682
 10
48.404
 20
9.688
 10
48.384
 20
9.692
 10
48.364
 20
9.695
 10
48.342
 20
9.698
 10
48.32
 20
9.699
 10
48.296
 20
9.7
 10
48.279
 20
9.699
 10
48.262
 20
9.698
 10
48.244
 20
9.696
 10
48.227
 20
9.693
 10
48.21
 20
9.689
 10
48.193
 20
9.684
 10
48.177
 20
9.678
 10
48.16
 20
9.671
 10
48.144
 20
9.664
 10
48.128
 20
9.655
 10
48.112
 20
9.646
 10
48.097
 20
9.635
 10
48.083
 20
9.624
 10
48.068
 20
9.611
 10
48.055
 20
9.598
 10
48.042
 20
9.584
 10
48.029
 20
9.569
 10
48.017
 20
9.553
 10
48.006
 20
9.536
 10
47.995
 20
9.518
 10
47.985
 20
9.499
 10
47.975
 20
9.479
 10
47.967
 20
9.458
 10
47.958
 20
9.436
 10
47.951
 20
9.413
 10
47.945
 20
9.389
 10
47.939
 20
9.364
 10
47.935
 20
9.338
 10
47.932
 20
9.311
 10
47.929
 20
9.283
 10
47.928
 20
9.254
 10
47.927
 20
9.224
 10
47.927
 20
8.6
 10
47.75
 20
8.6
 10
47.75
 20
9.549
 10
47.75
 20
9.562
 10
47.75
 20
9.575
 10
47.75
 20
9.59
 10
47.75
 20
9.606
 10
47.749
 20
9.622
 10
47.749
 20
9.639
 10
47.748
 20
9.657
 10
47.748
 20
9.676
 10
47.747
 20
9.696
 10
47.746
 20
9.714
 10
47.745
 20
9.733
 10
47.745
 20
9.75
 10
47.744
 20
9.768
 10
47.742
 20
9.785
 10
47.741
 20
9.801
 10
47.74
 20
9.817
 97
0
 75
0
 76
1
 98
0
  0
HATCH
  5
E1
330
17
100
AcDbEntity
  8
RASTER
 62
7
100
AcDbHatch
 10
0.0
 20
0.0
 30
0.0
210
0.0
220
0.0
230
1.0
  2
SOLID
 70
1
 71
0
 91
1
 92
3
 72
0
 73
1
 93
16
 10
49.284
 20
9.817
 10
49.578
 20
8.829
 10
49.583
 20
8.829
 10
49.911
 20
9.817
 10
50.083
 20
9.817
 10
50.415
 20
8.829
 10
50.421
 20
8.829
 10
50.712
 20
9.817
 10
50.899
 20
9.817
 10
50.514
 20
8.6
 10
50.322
 20
8.6
 10
49.997
 20
9.585
 10
49.992
 20
9.585
 10
49.672
 20
8.6
 10
49.479
 20
8.6
 10
49.095
 20
9.817
 97
0
 75
0
 76
1
 98
0
  0
HATCH
  5
E2
330
17
100
AcDbEntity
  8
RASTER
 62
7
100
AcDbHatch
 10
0.0
 20
0.0
 30
0.0
210
0.0
220
0.0
230
1.0
  2
SOLID
 70
1
 71
0
 91
2
 92
3
 72
0
 73
1
 93
4
 10
51.38
 20
8.6
 10
51.203
 20
8.6
 10
51.203
 20
9.817
 10
51.38
 20
9.817
 97
0
 92
3
 72
0
 73
1
 93
65
 10
51.416
 20
10.285
 10
51.416
 20
10.271
 10
51.414
 20
10.259
 10
51.411
 20
10.247
 10
51.407
 20
10.235
 10
51.401
 20
10.224
 10
51.394
 20
10.214
 10
51.387
 20
10.204
 10
51.377
 20
10.195
 10
51.368
 20
10.187
 10
51.357
 20
10.18
 10
51.347
 20
10.174
 10
51.336
 20
10.169
 10
51.326
 20
10.165
 10
51.315
 20
10.162
 10
51.303
 20
10.161
 10
51.292
 20
10.16
 10
51.28
 20
10.161
 10
51.269
 20
10.162
 10
51.258
 20
10.165
 10
51.247
 20
10.169
 10
51.236
 20
10.174
 10
51.226
 20
10.18
 10
51.216
 20
10.187
 10
51.206
 20
10.195
 10
51.197
 20
10.204
 10
51.189
 20
10.214
 10
51.182
 20
10.224
 10
51.177
 20
10.235
 10
51.172
 20
10.247
 10
51.169
 20
10.259
 10
51.167
 20
10.271
 10
51.167
 20
10.285
 10
51.167
 20
10.298
 10
51.169
 20
10.311
 10
51.172
 20
10.323
 10
51.177
 20
10.335
 10
51.182
 20
10.345
 10
51.189
 20
10.356
 10
51.197
 20
10.365
 10
51.206
 20
10.374
 10
51.216
 20
10.383
 10
51.226
 20
10.39
 10
51.236
 20
10.396
 10
51.247
 20
10.401
 10
51.258
 20
10.405
 10
51.269
 20
10.407
 10
51.28
 20
10.409
 10
51.292
 20
10.41
 10
51.303
 20
10.409
 10
51.315
 20
10.407
 10
51.326
 20
10.405
 10
51.336
 20
10.401
 10
51.347
 20
10.396
 10
51.357
 20
10.39
 10
51.368
 20
10.383
 10
51.377
 20
10.374
 10
51.387
 20
10.365
 10
51.394
 20
10.356
 10
51.401
 20
10.345
 10
51.407
 20
10.335
 10
51.411
 20
10.323
 10
51.414
 20
10.311
 10
51.416
 20
10.298
 10
51.416
 20
10.285
 97
0
 75
0
 76
1
 98
0
  0
HATCH
  5
E3
330
17
100
AcDbEntity
  8
RASTER
 62
7
100
AcDbHatch
 10
0.0
 20
0.0
 30
0.0
210
0.0
220
0.0
230
1.0
  2
SOLID
 70
1
 71
0
 91
1
 92
3
 72
0
 73
1
 93
136
 10
52.009
 20
9.817
 10
52.01
 20
9.804
 10
52.012
 20
9.791
 10
52.013
 20
9.778
 10
52.014
 20
9.765
 10
52.015
 20
9.751
 10
52.016
 20
9.737
 10
52.016
 20
9.722
 10
52.017
 20
9.708
 10
52.018
 20
9.693
 10
52.018
 20
9.679
 10
52.019
 20
9.666
 10
52.019
 20
9.653
 10
52.019
 20
9.641
 10
52.019
 20
9.63
 10
52.02
 20
9.619
 10
52.02
 20
9.609
 10
52.025
 20
9.609
 10
52.039
 20
9.635
 10
52.055
 20
9.66
 10
52.073
 20
9.683
 10
52.093
 20
9.705
 10
52.115
 20
9.726
 10
52.139
 20
9.746
 10
52.166
 20
9.764
 10
52.194
 20
9.782
 10
52.223
 20
9.797
 10
52.253
 20
9.811
 10
52.283
 20
9.822
 10
52.314
 20
9.831
 10
52.345
 20
9.839
 10
52.377
 20
9.844
 10
52.409
 20
9.847
 10
52.441
 20
9.848
 10
52.497
 20
9.846
 10
52.549
 20
9.839
 10
52.598
 20
9.829
 10
52.643
 20
9.814
 10
52.685
 20
9.794
 10
52.723
 20
9.77
 10
52.757
 20
9.742
 10
52.788
 20
9.71
 10
52.815
 20
9.674
 10
52.839
 20
9.636
 10
52.858
 20
9.594
 10
52.875
 20
9.55
 10
52.887
 20
9.503
 10
52.896
 20
9.454
 10
52.902
 20
9.401
 10
52.904
 20
9.346
 10
52.904
 20
8.6
 10
52.727
 20
8.6
 10
52.727
 20
9.273
 10
52.727
 20
9.297
 10
52.726
 20
9.32
 10
52.725
 20
9.343
 10
52.723
 20
9.365
 10
52.721
 20
9.387
 10
52.718
 20
9.407
 10
52.715
 20
9.428
 10
52.711
 20
9.448
 10
52.707
 20
9.467
 10
52.702
 20
9.485
 10
52.696
 20
9.503
 10
52.69
 20
9.52
 10
52.683
 20
9.536
 10
52.675
 20
9.552
 10
52.667
 20
9.567
 10
52.658
 20
9.581
 10
52.648
 20
9.595
 10
52.637
 20
9.608
 10
52.626
 20
9.62
 10
52.614
 20
9.631
 10
52.601
 20
9.642
 10
52.587
 20
9.651
 10
52.572
 20
9.66
 10
52.557
 20
9.669
 10
52.54
 20
9.676
 10
52.523
 20
9.682
 10
52.504
 20
9.688
 10
52.485
 20
9.692
 10
52.464
 20
9.695
 10
52.443
 20
9.698
 10
52.42
 20
9.699
 10
52.397
 20
9.7
 10
52.379
 20
9.699
 10
52.362
 20
9.698
 10
52.344
 20
9.696
 10
52.327
 20
9.693
 10
52.31
 20
9.689
 10
52.293
 20
9.684
 10
52.277
 20
9.678
 10
52.26
 20
9.671
 10
52.244
 20
9.664
 10
52.228
 20
9.655
 10
52.212
 20
9.646
 10
52.197
 20
9.635
 10
52.183
 20
9.624
 10
52.169
 20
9.611
 10
52.155
 20
9.598
 10
52.142
 20
9.584
 10
52.129
 20
9.569
 10
52.117
 20
9.553
 10
52.106
 20
9.536
 10
52.095
 20
9.518
 10
52.085
 20
9.499
 10
52.076
 20
9.479
 10
52.067
 20
9.458
 10
52.059
 20
9.436
 10
52.051
 20
9.413
 10
52.045
 20
9.389
 10
52.04
 20
9.364
 10
52.035
 20
9.338
 10
52.032
 20
9.311
 10
52.029
 20
9.283
 10
52.028
 20
9.254
 10
52.027
 20
9.224
 10
52.027
 20
8.6
 10
51.851
 20
8.6
 10
51.851
 20
9.549
 10
51.851
 20
9.562
 10
51.85
 20
9.575
 10
51.85
 20
9.59
 10
51.85
 20
9.606
 10
51.85
 20
9.622
 10
51.849
 20
9.639
 10
51.849
 20
9.657
 10
51.848
 20
9.676
 10
51.847
 20
9.696
 10
51.847
 20
9.714
 10
51.846
 20
9.733
 10
51.845
 20
9.75
 10
51.844
 20
9.768
 10
51.843
 20
9.785
 10
51.841
 20
9.801
 10
51.84
 20
9.817
 97
0
 75
0
 76
1
 98
0
  0
HATCH
  5
E4
330
17
100
AcDbEntity
  8
RASTER
 62
7
100
AcDbHatch
 10
0.0
 20
0.0
 30
0.0
210
0.0
220
0.0
230
1.0
  2
SOLID
 70
1
 71
0
 91
2
 92
3
 72
0
 73
1
 93
103
 10
54.362
 20
8.805
 10
54.342
 20
8.777
 10
54.32
 20
8.75
 10
54.297
 20
8.726
 10
54.272
 20
8.703
 10
54.246
 20
8.681
 10
54.219
 20
8.662
 10
54.19
 20
8.644
 10
54.159
 20
8.629
 10
54.128
 20
8.615
 10
54.097
 20
8.602
 10
54.065
 20
8.592
 10
54.033
 20
8.584
 10
54.0
 20
8.577
 10
53.968
 20
8.573
 10
53.935
 20
8.57
 10
53.902
 20
8.569
 10
53.867
 20
8.57
 10
53.832
 20
8.572
 10
53.799
 20
8.576
 10
53.766
 20
8.581
 10
53.734
 20
8.588
 10
53.703
 20
8.597
 10
53.673
 20
8.607
 10
53.643
 20
8.618
 10
53.615
 20
8.631
 10
53.588
 20
8.645
 10
53.561
 20
8.66
 10
53.536
 20
8.677
 10
53.512
 20
8.694
 10
53.489
 20
8.713
 10
53.467
 20
8.733
 10
53.446
 20
8.753
 10
53.426
 20
8.775
 10
53.407
 20
8.798
 10
53.389
 20
8.822
 10
53.373
 20
8.847
 10
53.358
 20
8.873
 10
53.343
 20
8.9
 10
53.33
 20
8.927
 10
53.318
 20
8.956
 10
53.308
 20
8.986
 10
53.298
 20
9.016
 10
53.291
 20
9.047
 10
53.284
 20
9.078
 10
53.279
 20
9.11
 10
53.276
 20
9.142
 10
53.274
 20
9.175
 10
53.273
 20
9.208
 10
53.274
 20
9.242
 10
53.276
 20
9.275
 10
53.279
 20
9.307
 10
53.284
 20
9.339
 10
53.291
 20
9.37
 10
53.298
 20
9.401
 10
53.308
 20
9.431
 10
53.318
 20
9.461
 10
53.33
 20
9.489
 10
53.343
 20
9.517
 10
53.358
 20
9.544
 10
53.373
 20
9.57
 10
53.389
 20
9.595
 10
53.407
 20
9.619
 10
53.426
 20
9.641
 10
53.446
 20
9.663
 10
53.467
 20
9.684
 10
53.489
 20
9.704
 10
53.512
 20
9.723
 10
53.536
 20
9.74
 10
53.561
 20
9.756
 10
53.588
 20
9.772
 10
53.615
 20
9.786
 10
53.643
 20
9.799
 10
53.673
 20
9.81
 10
53.703
 20
9.82
 10
53.734
 20
9.829
 10
53.766
 20
9.836
 10
53.799
 20
9.841
 10
53.832
 20
9.845
 10
53.867
 20
9.847
 10
53.902
 20
9.848
 10
53.935
 20
9.847
 10
53.968
 20
9.844
 10
54.0
 20
9.839
 10
54.033
 20
9.833
 10
54.065
 20
9.824
 10
54.097
 20
9.814
 10
54.128
 20
9.801
 10
54.159
 20
9.787
 10
54.19
 20
9.771
 10
54.219
 20
9.753
 10
54.246
 20
9.733
 10
54.272
 20
9.711
 10
54.297
 20
9.688
 10
54.32
 20
9.662
 10
54.342
 20
9.635
 10
54.362
 20
9.606
 10
54.367
 20
9.606
 10
54.367
 20
10.566
 10
54.544
 20
10.566
 10
54.544
 20
8.6
 10
54.367
 20
8.6
 10
54.367
 20
8.805
 97
0
 92
3
 72
0
 73
1
 93
129
 10
53.46
 20
9.208
 10
53.46
 20
9.183
 10
53.462
 20
9.158
 10
53.464
 20
9.134
 10
53.468
 20
9.11
 10
53.472
 20
9.086
 10
53.478
 20
9.063
 10
53.484
 20
9.04
 10
53.491
 20
9.017
 10
53.499
 20
8.995
 10
53.509
 20
8.974
 10
53.518
 20
8.953
 10
53.529
 20
8.933
 10
53.541
 20
8.914
 10
53.553
 20
8.896
 10
53.567
 20
8.878
 10
53.581
 20
8.861
 10
53.596
 20
8.845
 10
53.612
 20
8.83
 10
53.629
 20
8.816
 10
53.646
 20
8.802
 10
53.665
 20
8.79
 10
53.684
 20
8.778
 10
53.704
 20
8.767
 10
53.725
 20
8.757
 10
53.747
 20
8.748
 10
53.77
 20
8.741
 10
53.793
 20
8.734
 10
53.817
 20
8.729
 10
53.842
 20
8.725
 10
53.867
 20
8.722
 10
53.893
 20
8.72
 10
53.92
 20
8.72
 10
53.945
 20
8.72
 10
53.97
 20
8.722
 10
53.994
 20
8.725
 10
54.018
 20
8.729
 10
54.041
 20
8.734
 10
54.064
 20
8.741
 10
54.086
 20
8.748
 10
54.107
 20
8.757
 10
54.128
 20
8.767
 10
54.149
 20
8.778
 10
54.168
 20
8.789
 10
54.187
 20
8.802
 10
54.206
 20
8.815
 10
54.223
 20
8.829
 10
54.24
 20
8.844
 10
54.256
 20
8.86
 10
54.271
 20
8.877
 10
54.285
 20
8.894
 10
54.299
 20
8.912
 10
54.311
 20
8.931
 10
54.323
 20
8.951
 10
54.334
 20
8.971
 10
54.344
 20
8.993
 10
54.353
 20
9.015
 10
54.361
 20
9.037
 10
54.368
 20
9.06
 10
54.374
 20
9.084
 10
54.379
 20
9.108
 10
54.383
 20
9.132
 10
54.386
 20
9.157
 10
54.388
 20
9.183
 10
54.388
 20
9.208
 10
54.388
 20
9.234
 10
54.386
 20
9.26
 10
54.383
 20
9.284
 10
54.379
 20
9.309
 10
54.374
 20
9.333
 10
54.368
 20
9.356
 10
54.361
 20
9.379
 10
54.353
 20
9.402
 10
54.344
 20
9.424
 10
54.334
 20
9.445
 10
54.323
 20
9.466
 10
54.311
 20
9.486
 10
54.299
 20
9.505
 10
54.285
 20
9.523
 10
54.271
 20
9.541
 10
54.256
 20
9.558
 10
54.24
 20
9.574
 10
54.223
 20
9.589
 10
54.206
 20
9.604
 10
54.187
 20
9.617
 10
54.168
 20
9.63
 10
54.149
 20
9.641
 10
54.128
 20
9.652
 10
54.107
 20
9.662
 10
54.086
 20
9.671
 10
54.064
 20
9.679
 10
54.041
 20
9.685
 10
54.018
 20
9.69
 10
53.994
 20
9.694
 10
53.97
 20
9.697
 10
53.945
 20
9.699
 10
53.92
 20
9.7
 10
53.893
 20
9.699
 10
53.867
 20
9.697
 10
53.842
 20
9.694
 10
53.817
 20
9.69
 10
53.793
 20
9.685
 10
53.77
 20
9.678
 10
53.747
 20
9.67
 10
53.725
 20
9.661
 10
53.704
 20
9.651
 10
53.684
 20
9.64
 10
53.665
 20
9.628
 10
53.646
 20
9.615
 10
53.629
 20
9.601
 10
53.612
 20
9.587
 10
53.596
 20
9.572
 10
53.581
 20
9.555
 10
53.567
 20
9.539
 10
53.553
 20
9.521
 10
53.541
 20
9.502
 10
53.529
 20
9.483
 10
53.518
 20
9.463
 10
53.509
 20
9.443
 10
53.499
 20
9.422
 10
53.491
 20
9.399
 10
53.484
 20
9.377
 10
53.478
 20
9.354
 10
53.472
 20
9.331
 10
53.468
 20
9.307
 10
53.464
 20
9.283
 10
53.462
 20
9.258
 10
53.46
 20
9.234
 10
53.46
 20
9.208
 97
0
 75
0
 76
1
 98
0
  0
ENDSEC
  0
SECTION
  2
OBJECTS
  0
DICTIONARY
  5
A
330
0
100
AcDbDictionary
281
1
  3
ACAD_COLOR
350
B
  3
ACAD_GROUP
350
C
  3
ACAD_LAYOUT
350
D
  3
ACAD_MATERIAL
350
E
  3
ACAD_MLEADERSTYLE
350
F
  3
ACAD_MLINESTYLE
350
10
  3
ACAD_PLOTSETTINGS
350
11
  3
ACAD_PLOTSTYLENAME
350
12
  3
ACAD_SCALELIST
350
14
  3
ACAD_TABLESTYLE
350
15
  3
ACAD_VISUALSTYLE
350
16
  3
EZDXF_META
350
2D
  0
DICTIONARY
  5
B
330
A
100
AcDbDictionary
281
1
  0
DICTIONARY
  5
C
330
A
100
AcDbDictionary
281
1
  0
DICTIONARY
  5
D
330
A
100
AcDbDictionary
281
1
  3
Model
350
1A
  3
Layout1
350
1E
  0
DICTIONARY
  5
E
330
A
100
AcDbDictionary
281
1
  3
ByBlock
350
1F
  3
ByLayer
350
20
  3
Global
350
21
  0
DICTIONARY
  5
F
330
A
100
AcDbDictionary
281
1
  3
Standard
350
2C
  0
DICTIONARY
  5
10
330
A
100
AcDbDictionary
281
1
  3
Standard
350
22
  0
DICTIONARY
  5
11
330
A
100
AcDbDictionary
281
1
  0
ACDBDICTIONARYWDFLT
  5
12
330
A
100
AcDbDictionary
281
1
  3
Normal
350
13
100
AcDbDictionaryWithDefault
340
13
  0
ACDBPLACEHOLDER
  5
13
330
12
  0
DICTIONARY
  5
14
330
A
100
AcDbDictionary
281
1
  0
DICTIONARY
  5
15
330
A
100
AcDbDictionary
281
1
  0
DICTIONARY
  5
16
330
A
100
AcDbDictionary
281
1
  0
LAYOUT
  5
1A
330
D
100
AcDbPlotSettings
  1

  4
A3
  6

 40
7.5
 41
20.0
 42
7.5
 43
20.0
 44
420.0
 45
297.0
 46
0.0
 47
0.0
 48
0.0
 49
0.0
140
0.0
141
0.0
142
1.0
143
1.0
 70
1024
 72
1
 73
0
 74
5
  7

 75
16
 76
0
 77
2
 78
300
147
1.0
148
0.0
149
0.0
100
AcDbLayout
  1
Model
 70
1
 71
0
 10
0.0
 20
0.0
 11
420.0
 21
297.0
 12
0.0
 22
0.0
 32
0.0
 14
1e+20
 24
1e+20
 34
1e+20
 15
-1e+20
 25
-1e+20
 35
-1e+20
146
0.0
 13
0.0
 23
0.0
 33
0.0
 16
1.0
 26
0.0
 36
0.0
 17
0.0
 27
1.0
 37
0.0
 76
1
330
17
  0
LAYOUT
  5
1E
330
D
100
AcDbPlotSettings
  1

  4
A3
  6

 40
7.5
 41
20.0
 42
7.5
 43
20.0
 44
420.0
 45
297.0
 46
0.0
 47
0.0
 48
0.0
 49
0.0
140
0.0
141
0.0
142
1.0
143
1.0
 70
0
 72
1
 73
0
 74
5
  7

 75
16
 76
0
 77
2
 78
300
147
1.0
148
0.0
149
0.0
100
AcDbLayout
  1
Layout1
 70
1
 71
1
 10
0.0
 20
0.0
 11
420.0
 21
297.0
 12
0.0
 22
0.0
 32
0.0
 14
1e+20
 24
1e+20
 34
1e+20
 15
-1e+20
 25
-1e+20
 35
-1e+20
146
0.0
 13
0.0
 23
0.0
 33
0.0
 16
1.0
 26
0.0
 36
0.0
 17
0.0
 27
1.0
 37
0.0
 76
1
330
1B
  0
MATERIAL
  5
1F
102
{ACAD_REACTORS
330
E
102
}
330
E
100
AcDbMaterial
  1
ByBlock
  2

 70
0
 40
1.0
 71
1
 41
1.0
 91
-1023410177
 42
1.0
 72
1
  3

 73
1
 74
1
 75
1
 44
0.5
 73
0
 45
1.0
 46
1.0
 77
1
  4

 78
1
 79
1
170
1
 48
1.0
171
1
  6

172
1
173
1
174
1
140
1.0
141
1.0
175
1
  7

176
1
177
1
178
1
143
1.0
179
1
  8

270
1
271
1
272
1
145
1.0
146
1.0
273
1
  9

274
1
275
1
276
1
 42
1.0
 72
1
  3

 73
1
 74
1
 75
1
 94
63
  0
MATERIAL
  5
20
102
{ACAD_REACTORS
330
E
102
}
330
E
100
AcDbMaterial
  1
ByLayer
  2

 70
0
 40
1.0
 71
1
 41
1.0
 91
-1023410177
 42
1.0
 72
1
  3

 73
1
 74
1
 75
1
 44
0.5
 73
0
 45
1.0
 46
1.0
 77
1
  4

 78
1
 79
1
170
1
 48
1.0
171
1
  6

172
1
173
1
174
1
140
1.0
141
1.0
175
1
  7

176
1
177
1
178
1
143
1.0
179
1
  8

270
1
271
1
272
1
145
1.0
146
1.0
273
1
  9

274
1
275
1
276
1
 42
1.0
 72
1
  3

 73
1
 74
1
 75
1
 94
63
  0
MATERIAL
  5
21
102
{ACAD_REACTORS
330
E
102
}
330
E
100
AcDbMaterial
  1
Global
  2

 70
0
 40
1.0
 71
1
 41
1.0
 91
-1023410177
 42
1.0
 72
1
  3

 73
1
 74
1
 75
1
 44
0.5
 73
0
 45
1.0
 46
1.0
 77
1
  4

 78
1
 79
1
170
1
 48
1.0
171
1
  6

172
1
173
1
174
1
140
1.0
141
1.0
175
1
  7

176
1
177
1
178
1
143
1.0
179
1
  8

270
1
271
1
272
1
145
1.0
146
1.0
273
1
  9

274
1
275
1
276
1
 42
1.0
 72
1
  3

 73
1
 74
1
 75
1
 94
63
  0
MLINESTYLE
  5
22
102
{ACAD_REACTORS
330
10
102
}
330
10
100
AcDbMlineStyle
  2
Standard
 70
0
  3

 62
256
 51
90.0
 52
90.0
 71
2
 49
0.5
 62
256
  6
BYLAYER
 49
-0.5
 62
256
  6
BYLAYER
  0
MLEADERSTYLE
  5
2C
102
{ACAD_REACTORS
330
F
102
}
330
F
100
AcDbMLeaderStyle
179
2
170
2
171
1
172
0
 90
2
 40
0.0
 41
0.0
173
1
 91
-1056964608
 92
-2
290
1
 42
2.0
291
1
 43
8.0
  3
Standard
 44
4.0
300

342
29
174
1
175
1
176
0
178
1
 93
-1056964608
 45
4.0
292
0
297
0
 46
4.0
 94
-1056964608
 47
1.0
 49
1.0
140
1.0
294
1
141
0.0
177
0
142
1.0
295
0
296
0
143
3.75
271
0
272
9
273
9
  0
DICTIONARY
  5
2D
330
A
100
AcDbDictionary
280
1
281
1
  3
CREATED_BY_EZDXF
350
2E
  3
WRITTEN_BY_EZDXF
350
E7
  0
DICTIONARYVAR
  5
2E
330
2D
100
DictionaryVariables
280
0
  1
1.4.2 @ 2026-08-25T23:57:12.892451+00:00
  0
DICTIONARYVAR
  5
E7
330
2D
100
DictionaryVariables
280
0
  1
1.4.2 @ 2026-08-25T23:57:12.899996+00:00
  0
ENDSEC
  0
EOF
