  0
SECTION
  2
HEADER
  9
$ACADVER
  1
AC1015
  9
$ACADMAINTVER
 70
6
  9
$DWGCODEPAGE
  3
ANSI_1252
  9
$INSBASE
 10
0.0
 20
0.0
 30
0.0
  9
$EXTMIN
 10
1e+20
 20
1e+20
 30
1e+20
  9
$EXTMAX
 10
-1e+20
 20
-1e+20
 30
-1e+20
  9
$LIMMIN
 10
0.0
 20
0.0
  9
$LIMMAX
 10
420.0
 20
297.0
  9
$ORTHOMODE
 70
0
  9
$REGENMODE
 70
1
  9
$FILLMODE
 70
1
  9
$QTEXTMODE
 70
0
  9
$MIRRTEXT
 70
1
  9
$LTSCALE
 40
1.0
  9
$ATTMODE
 70
1
  9
$TEXTSIZE
 40
2.5
  9
$TRACEWID
 40
1.0
  9
$TEXTSTYLE
  7
Standard
  9
$CLAYER
  8
0
  9
$CELTYPE
  6
ByLayer
  9
$CECOLOR
 62
256
  9
$CELTSCALE
 40
1.0
  9
$DISPSILH
 70
0
  9
$DIMSCALE
 40
1.0
  9
$DIMASZ
 40
2.5
  9
$DIMEXO
 40
0.625
  9
$DIMDLI
 40
3.75
  9
$DIMRND
 40
0.0
  9
$DIMDLE
 40
0.0
  9
$DIMEXE
 40
1.25
  9
$DIMTP
 40
0.0
  9
$DIMTM
 40
0.0
  9
$DIMTXT
 40
2.5
  9
$DIMCEN
 40
2.5
  9
$DIMTSZ
 40
0.0
  9
$DIMTOL
 70
0
  9
$DIMLIM
 70
0
  9
$DIMTIH
 70
0
  9
$DIMTOH
 70
0
  9
$DIMSE1
 70
0
  9
$DIMSE2
 70
0
  9
$DIMTAD
 70
1
  9
$DIMZIN
 70
8
  9
$DIMBLK
  1

  9
$DIMASO
 70
1
  9
$DIMSHO
 70
1
  9
$DIMPOST
  1

  9
$DIMAPOST
  1

  9
$DIMALT
 70
0
  9
$DIMALTD
 70
3
  9
$DIMALTF
 40
0.03937007874
  9
$DIMLFAC
 40
1.0
  9
$DIMTOFL
 70
1
  9
$DIMTVP
 40
0.0
  9
$DIMTIX
 70
0
  9
$DIMSOXD
 70
0
  9
$DIMSAH
 70
0
  9
$DIMBLK1
  1

  9
$DIMBLK2
  1

  9
$DIMSTYLE
  2
ISO-25
  9
$DIMCLRD
 70
0
  9
$DIMCLRE
 70
0
  9
$DIMCLRT
 70
0
  9
$DIMTFAC
 40
1.0
  9
$DIMGAP
 40
0.625
  9
$DIMJUST
 70
0
  9
$DIMSD1
 70
0
  9
$DIMSD2
 70
0
  9
$DIMTOLJ
 70
0
  9
$DIMTZIN
 70
8
  9
$DIMALTZ
 70
0
  9
$DIMALTTZ
 70
0
  9
$DIMUPT
 70
0
  9
$DIMDEC
 70
2
  9
$DIMTDEC
 70
2
  9
$DIMALTU
 70
2
  9
$DIMALTTD
 70
3
  9
$DIMTXSTY
  7
Standard
  9
$DIMAUNIT
 70
0
  9
$DIMADEC
 70
0
  9
$DIMALTRND
 40
0.0
  9
$DIMAZIN
 70
0
  9
$DIMDSEP
 70
44
  9
$DIMATFIT
 70
3
  9
$DIMFRAC
 70
0
  9
$DIMLDRBLK
  1

  9
$DIMLUNIT
 70
2
  9
$DIMLWD
 70
-2
  9
$DIMLWE
 70
-2
  9
$DIMTMOVE
 70
0
  9
$LUNITS
 70
2
  9
$LUPREC
 70
4
  9
$SKETCHINC
 40
1.0
  9
$FILLETRAD
 40
10.0
  9
$AUNITS
 70
0
  9
$AUPREC
 70
2
  9
$MENU
  1
.
  9
$ELEVATION
 40
0.0
  9
$PELEVATION
 40
0.0
  9
$THICKNESS
 40
0.0
  9
$LIMCHECK
 70
0
  9
$CHAMFERA
 40
0.0
  9
$CHAMFERB
 40
0.0
  9
$CHAMFERC
 40
0.0
  9
$CHAMFERD
 40
0.0
  9
$SKPOLY
 70
0
  9
$TDCREATE
 40
2461278.831388889
  9
$TDUCREATE
 40
2458532.153996898
  9
$TDUPDATE
 40
2461278.831388889
  9
$TDUUPDATE
 40
2458532.1544311
  9
$TDINDWG
 40
0.0
  9
$TDUSRTIMER
 40
0.0
  9
$USRTIMER
 70
1
  9
$ANGBASE
 50
0.0
  9
$ANGDIR
 70
0
  9
$PDMODE
 70
0
  9
$PDSIZE
 40
0.0
  9
$PLINEWID
 40
0.0
  9
$SPLFRAME
 70
0
  9
$SPLINETYPE
 70
6
  9
$SPLINESEGS
 70
8
  9
$HANDSEED
  5
EF
  9
$SURFTAB1
 70
6
  9
$SURFTAB2
 70
6
  9
$SURFTYPE
 70
6
  9
$SURFU
 70
6
  9
$SURFV
 70
6
  9
$UCSBASE
  2

  9
$UCSNAME
  2

  9
$UCSORG
 10
0.0
 20
0.0
 30
0.0
  9
$UCSXDIR
 10
1.0
 20
0.0
 30
0.0
  9
$UCSYDIR
 10
0.0
 20
1.0
 30
0.0
  9
$UCSORTHOREF
  2

  9
$UCSORTHOVIEW
 70
0
  9
$UCSORGTOP
 10
0.0
 20
0.0
 30
0.0
  9
$UCSORGBOTTOM
 10
0.0
 20
0.0
 30
0.0
  9
$UCSORGLEFT
 10
0.0
 20
0.0
 30
0.0
  9
$UCSORGRIGHT
 10
0.0
 20
0.0
 30
0.0
  9
$UCSORGFRONT
 10
0.0
 20
0.0
 30
0.0
  9
$UCSORGBACK
 10
0.0
 20
0.0
 30
0.0
  9
$PUCSBASE
  2

  9
$PUCSNAME
  2

  9
$PUCSORG
 10
0.0
 20
0.0
 30
0.0
  9
$PUCSXDIR
 10
1.0
 20
0.0
 30
0.0
  9
$PUCSYDIR
 10
0.0
 20
1.0
 30
0.0
  9
$PUCSORTHOREF
  2

  9
$PUCSORTHOVIEW
 70
0
  9
$PUCSORGTOP
 10
0.0
 20
0.0
 30
0.0
  9
$PUCSORGBOTTOM
 10
0.0
 20
0.0
 30
0.0
  9
$PUCSORGLEFT
 10
0.0
 20
0.0
 30
0.0
  9
$PUCSORGRIGHT
 10
0.0
 20
0.0
 30
0.0
  9
$PUCSORGFRONT
 10
0.0
 20
0.0
 30
0.0
  9
$PUCSORGBACK
 10
0.0
 20
0.0
 30
0.0
  9
$USERI1
 70
0
  9
$USERI2
 70
0
  9
$USERI3
 70
0
  9
$USERI4
 70
0
  9
$USERI5
 70
0
  9
$USERR1
 40
0.0
  9
$USERR2
 40
0.0
  9
$USERR3
 40
0.0
  9
$USERR4
 40
0.0
  9
$USERR5
 40
0.0
  9
$WORLDVIEW
 70
1
  9
$SHADEDGE
 70
3
  9
$SHADEDIF
 70
70
  9
$TILEMODE
 70
1
  9
$MAXACTVP
 70
64
  9
$PINSBASE
 10
0.0
 20
0.0
 30
0.0
  9
$PLIMCHECK
 70
0
  9
$PEXTMIN
 10
1e+20
 20
1e+20
 30
1e+20
  9
$PEXTMAX
 10
-1e+20
 20
-1e+20
 30
-1e+20
  9
$PLIMMIN
 10
0.0
 20
0.0
  9
$PLIMMAX
 10
420.0
 20
297.0
  9
$UNITMODE
 70
0
  9
$VISRETAIN
 70
1
  9
$PLINEGEN
 70
0
  9
$PSLTSCALE
 70
1
  9
$TREEDEPTH
 70
3020
  9
$CMLSTYLE
  2
Standard
  9
$CMLJUST
 70
0
  9
$CMLSCALE
 40
20.0
  9
$PROXYGRAPHICS
 70
1
  9
$MEASUREMENT
 70
1
  9
$CELWEIGHT
370
-1
  9
$ENDCAPS
280
0
  9
$JOINSTYLE
280
0
  9
$LWDISPLAY
290
0
  9
$INSUNITS
 70
4
  9
$HYPERLINKBASE
  1

  9
$STYLESHEET
  1

  9
$XEDIT
290
1
  9
$CEPSNTYPE
380
0
  9
$PSTYLEMODE
290
1
  9
$FINGERPRINTGUID
  2
{A1CDF770-FFC6-4E61-8B3B-ADEFA7FBE727}
  9
$VERSIONGUID
  2
{52287AB8-5051-4236-9DD7-7395E3416C40}
  9
$EXTNAMES
290
1
  9
$PSVPSCALE
 40
0.0
  9
$OLESTARTUP
290
0
  0
ENDSEC
  0
SECTION
  2
CLASSES
  0
CLASS
  1
ACDBDICTIONARYWDFLT
  2
AcDbDictionaryWithDefault
  3
ObjectDBX Classes
 90
0
280
0
281
0
  0
CLASS
  1
SUN
  2
AcDbSun
  3
SCENEOE
 90
1153
280
0
281
0
  0
CLASS
  1
VISUALSTYLE
  2
AcDbVisualStyle
  3
ObjectDBX Classes
 90
4095
280
0
281
0
  0
CLASS
  1
MATERIAL
  2
AcDbMaterial
  3
ObjectDBX Classes
 90
1153
280
0
281
0
  0
CLASS
  1
SCALE
  2
AcDbScale
  3
ObjectDBX Classes
 90
1153
280
0
281
0
  0
CLASS
  1
TABLESTYLE
  2
AcDbTableStyle
  3
ObjectDBX Classes
 90
4095
280
0
281
0
  0
CLASS
  1
MLEADERSTYLE
  2
AcDbMLeaderStyle
  3
ACDB_MLEADERSTYLE_CLASS
 90
4095
280
0
281
0
  0
CLASS
  1
DICTIONARYVAR
  2
AcDbDictionaryVar
  3
ObjectDBX Classes
 90
0
280
0
281
0
  0
CLASS
  1
CELLSTYLEMAP
  2
AcDbCellStyleMap
  3
ObjectDBX Classes
 90
1152
280
0
281
0
  0
CLASS
  1
MENTALRAYRENDERSETTINGS
  2
AcDbMentalRayRenderSettings
  3
SCENEOE
 90
1024
280
0
281
0
  0
CLASS
  1
ACDBDETAILVIEWSTYLE
  2
AcDbDetailViewStyle
  3
ObjectDBX Classes
 90
1025
280
0
281
0
  0
CLASS
  1
ACDBSECTIONVIEWSTYLE
  2
AcDbSectionViewStyle
  3
ObjectDBX Classes
 90
1025
280
0
281
0
  0
CLASS
  1
RASTERVARIABLES
  2
AcDbRasterVariables
  3
ISM
 90
0
280
0
281
0
  0
CLASS
  1
ACDBPLACEHOLDER
  2
AcDbPlaceHolder
  3
ObjectDBX Classes
 90
0
280
0
281
0
  0
CLASS
  1
LAYOUT
  2
AcDbLayout
  3
ObjectDBX Classes
 90
0
280
0
281
0
  0
ENDSEC
  0
SECTION
  2
TABLES
  0
TABLE
  2
VPORT
  5
8
330
0
100
AcDbSymbolTable
 70
1
  0
VPORT
  5
23
330
8
100
AcDbSymbolTableRecord
100
AcDbViewportTableRecord
  2
*Active
 70
0
 10
0.0
 20
0.0
 11
1.0
 21
1.0
 12
0.0
 22
0.0
 13
0.0
 23
0.0
 14
0.5
 24
0.5
 15
0.5
 25
0.5
 16
0.0
 26
0.0
 36
1.0
 17
0.0
 27
0.0
 37
0.0
 40
1000.0
 41
1.34
 42
50.0
 43
0.0
 44
0.0
 50
0.0
 51
0.0
 71
0
 72
1000
 73
1
 74
3
 75
0
 76
0
 77
0
 78
0
281
0
 65
0
146
0.0
  0
ENDTAB
  0
TABLE
  2
LTYPE
  5
2
330
0
100
AcDbSymbolTable
 70
3
  0
LTYPE
  5
24
330
2
100
AcDbSymbolTableRecord
100
AcDbLinetypeTableRecord
  2
ByBlock
 70
0
  3

 72
65
 73
0
 40
0.0
  0
LTYPE
  5
25
330
2
100
AcDbSymbolTableRecord
100
AcDbLinetypeTableRecord
  2
ByLayer
 70
0
  3

 72
65
 73
0
 40
0.0
  0
LTYPE
  5
26
330
2
100
AcDbSymbolTableRecord
100
AcDbLinetypeTableRecord
  2
Continuous
 70
0
  3

 72
65
 73
0
 40
0.0
  0
ENDTAB
  0
TABLE
  2
LAYER
  5
1
330
0
100
AcDbSymbolTable
 70
4
  0
LAYER
  5
27
330
1
100
AcDbSymbolTableRecord
100
AcDbLayerTableRecord
  2
0
 70
0
 62
7
  6
Continuous
370
-3
390
13
  0
LAYER
  5
28
330
1
100
AcDbSymbolTableRecord
100
AcDbLayerTableRecord
  2
Defpoints
 70
0
 62
7
  6
Continuous
290
0
370
-3
390
13
  0
LAYER
  5
2F
330
1
100
AcDbSymbolTableRecord
100
AcDbLayerTableRecord
  2
CUT
 70
0
 62
1
  6
Continuous
370
-3
390
13
  0
LAYER
  5
30
330
1
100
AcDbSymbolTableRecord
100
AcDbLayerTableRecord
  2
RASTER
 70
0
 62
7
  6
Continuous
370
-3
390
13
  0
ENDTAB
  0
TABLE
  2
STYLE
  5
5
330
0
100
AcDbSymbolTable
 70
1
  0
STYLE
  5
29
330
5
100
AcDbSymbolTableRecord
100
AcDbTextStyleTableRecord
  2
Standard
 70
0
 40
0.0
 41
1.0
 50
0.0
 71
0
 42
2.5
  3
txt
  4

  0
ENDTAB
  0
TABLE
  2
VIEW
  5
7
330
0
100
AcDbSymbolTable
 70
0
  0
ENDTAB
  0
TABLE
  2
UCS
  5
6
330
0
100
AcDbSymbolTable
 70
0
  0
ENDTAB
  0
TABLE
  2
APPID
  5
3
330
0
100
AcDbSymbolTable
 70
3
  0
APPID
  5
2A
330
3
100
AcDbSymbolTableRecord
100
AcDbRegAppTableRecord
  2
ACAD
 70
0
  0
APPID
  5
EC
330
3
100
AcDbSymbolTableRecord
100
AcDbRegAppTableRecord
  2
HATCHBACKGROUNDCOLOR
 70
0
  0
APPID
  5
ED
330
3
100
AcDbSymbolTableRecord
100
AcDbRegAppTableRecord
  2
EZDXF
 70
0
  0
ENDTAB
  0
TABLE
  2
DIMSTYLE
  5
4
330
0
100
AcDbSymbolTable
 70
1
100
AcDbDimStyleTable
  0
DIMSTYLE
105
2B
330
4
100
AcDbSymbolTableRecord
100
AcDbDimStyleTableRecord
  2
Standard
 70
0
  3

  4

 40
1.0
 41
2.5
 42
0.625
 43
3.75
 44
1.25
 45
0.0
 46
0.0
 47
0.0
 48
0.0
140
2.5
141
2.5
142
0.0
143
0.03937007874
144
1.0
145
0.0
146
1.0
147
0.625
148
0.0
 71
0
 72
0
 73
0
 74
0
 75
0
 76
0
 77
1
 78
8
 79
3
170
0
171
3
172
1
173
0
174
0
175
0
176
0
177
0
178
0
179
2
271
2
272
2
273
2
274
3
275
0
276
0
277
2
278
44
279
0
280
0
281
0
282
0
283
0
284
8
285
0
286
0
288
0
289
3
371
-2
372
-2
  0
ENDTAB
  0
TABLE
  2
BLOCK_RECORD
  5
9
330
0
100
AcDbSymbolTable
 70
2
  0
BLOCK_RECORD
  5
17
330
9
100
AcDbSymbolTableRecord
100
AcDbBlockTableRecord
  2
*Model_Space
340
1A
  0
BLOCK_RECORD
  5
1B
330
9
100
AcDbSymbolTableRecord
100
AcDbBlockTableRecord
  2
*Paper_Space
340
1E
  0
ENDTAB
  0
ENDSEC
  0
SECTION
  2
BLOCKS
  0
BLOCK
  5
18
330
17
100
AcDbEntity
  8
0
100
AcDbBlockBegin
  2
*Model_Space
 70
0
 10
0.0
 20
0.0
 30
0.0
  3
*Model_Space
  1

  0
ENDBLK
  5
19
330
17
100
AcDbEntity
  8
0
100
AcDbBlockEnd
  0
BLOCK
  5
1C
330
1B
100
AcDbEntity
  8
0
100
AcDbBlockBegin
  2
*Paper_Space
 70
0
 10
0.0
 20
0.0
 30
0.0
  3
*Paper_Space
  1

  0
ENDBLK
  5
1D
330
1B
100
AcDbEntity
  8
0
100
AcDbBlockEnd
  0
ENDSEC
  0
SECTION
  2
ENTITIES
  0
LWPOLYLINE
  5
31
330
17
100
AcDbEntity
  8
CUT
100
AcDbPolyline
 90
292
 70
1
 10
4.182
 20
156.831
 10
4.363
 20
157.294
 10
4.585
 20
157.718
 10
4.848
 20
158.103
 10
5.153
 20
158.447
 10
5.497
 20
158.752
 10
5.882
 20
159.015
 10
6.306
 20
159.237
 10
6.769
 20
159.418
 10
7.02
 20
159.488
 10
7.27
 20
159.558
 10
7.539
 20
159.608
 10
7.809
 20
159.658
 10
8.097
 20
159.688
 10
8.385
 20
159.718
 10
8.693
 20
159.728
 10
8.998
 20
159.737
 10
9.498
 20
159.737
 10
9.995
 20
159.737
 10
10.493
 20
159.737
 10
10.991
 20
159.737
 10
11.712
 20
159.737
 10
11.712
 20
157.138
 10
20.488
 20
157.138
 10
20.488
 20
159.737
 10
20.944
 20
159.737
 10
21.442
 20
159.737
 10
21.94
 20
159.737
 10
22.437
 20
159.737
 10
22.935
 20
159.737
 10
23.433
 20
159.737
 10
23.93
 20
159.737
 10
24.428
 20
159.737
 10
24.926
 20
159.737
 10
25.423
 20
159.737
 10
25.921
 20
159.737
 10
26.419
 20
159.737
 10
26.916
 20
159.737
 10
27.414
 20
159.737
 10
27.912
 20
159.737
 10
28.409
 20
159.737
 10
28.907
 20
159.737
 10
29.405
 20
159.737
 10
29.902
 20
159.737
 10
30.4
 20
159.737
 10
30.898
 20
159.737
 10
31.395
 20
159.737
 10
31.893
 20
159.737
 10
32.391
 20
159.737
 10
32.888
 20
159.737
 10
33.386
 20
159.737
 10
33.884
 20
159.737
 10
34.381
 20
159.737
 10
34.879
 20
159.737
 10
35.377
 20
159.737
 10
35.874
 20
159.737
 10
36.372
 20
159.737
 10
36.713
 20
159.737
 10
36.713
 20
157.138
 10
45.488
 20
157.138
 10
45.488
 20
159.737
 10
45.828
 20
159.737
 10
46.326
 20
159.737
 10
46.823
 20
159.737
 10
47.321
 20
159.737
 10
47.819
 20
159.737
 10
48.316
 20
159.737
 10
48.814
 20
159.737
 10
49.312
 20
159.737
 10
49.809
 20
159.737
 10
50.307
 20
159.737
 10
50.805
 20
159.737
 10
51.302
 20
159.737
 10
51.8
 20
159.737
 10
52.298
 20
159.737
 10
52.795
 20
159.737
 10
53.293
 20
159.737
 10
53.791
 20
159.737
 10
54.288
 20
159.737
 10
54.786
 20
159.737
 10
55.284
 20
159.737
 10
55.781
 20
159.737
 10
56.279
 20
159.737
 10
56.777
 20
159.737
 10
57.274
 20
159.737
 10
57.772
 20
159.737
 10
58.27
 20
159.737
 10
58.767
 20
159.737
 10
59.265
 20
159.737
 10
59.763
 20
159.737
 10
60.26
 20
159.737
 10
60.758
 20
159.737
 10
61.256
 20
159.737
 10
61.713
 20
159.737
 10
61.713
 20
157.138
 10
70.488
 20
157.138
 10
70.488
 20
159.737
 10
71.209
 20
159.737
 10
71.707
 20
159.737
 10
72.205
 20
159.737
 10
72.702
 20
159.737
 10
73.202
 20
159.737
 10
73.507
 20
159.728
 10
73.815
 20
159.718
 10
74.103
 20
159.688
 10
74.391
 20
159.658
 10
74.661
 20
159.608
 10
74.93
 20
159.558
 10
75.18
 20
159.488
 10
75.431
 20
159.418
 10
75.894
 20
159.237
 10
76.318
 20
159.015
 10
76.703
 20
158.752
 10
77.047
 20
158.447
 10
77.352
 20
158.103
 10
77.615
 20
157.718
 10
77.837
 20
157.294
 10
78.018
 20
156.831
 10
78.088
 20
156.58
 10
78.158
 20
156.33
 10
78.208
 20
156.061
 10
78.258
 20
155.791
 10
78.288
 20
155.503
 10
78.318
 20
155.215
 10
78.328
 20
154.907
 10
78.337
 20
154.602
 10
78.337
 20
154.11
 10
78.337
 20
153.621
 10
78.337
 20
153.131
 10
78.337
 20
152.641
 10
78.337
 20
151.888
 10
75.738
 20
151.888
 10
75.738
 20
143.112
 10
78.337
 20
143.112
 10
78.337
 20
142.359
 10
78.337
 20
141.869
 10
78.337
 20
141.379
 10
78.337
 20
140.89
 10
78.337
 20
140.398
 10
78.328
 20
140.093
 10
78.318
 20
139.785
 10
78.288
 20
139.497
 10
78.258
 20
139.209
 10
78.208
 20
138.939
 10
78.158
 20
138.67
 10
78.088
 20
138.42
 10
78.018
 20
138.169
 10
77.837
 20
137.706
 10
77.615
 20
137.282
 10
77.352
 20
136.897
 10
77.047
 20
136.553
 10
76.703
 20
136.248
 10
76.318
 20
135.985
 10
75.894
 20
135.763
 10
75.431
 20
135.582
 10
75.18
 20
135.512
 10
74.93
 20
135.442
 10
74.661
 20
135.392
 10
74.391
 20
135.342
 10
74.103
 20
135.312
 10
73.815
 20
135.282
 10
73.507
 20
135.272
 10
73.202
 20
135.263
 10
72.702
 20
135.263
 10
72.205
 20
135.263
 10
71.707
 20
135.263
 10
71.209
 20
135.263
 10
70.488
 20
135.263
 10
70.488
 20
137.862
 10
61.713
 20
137.862
 10
61.713
 20
135.263
 10
61.256
 20
135.263
 10
60.758
 20
135.263
 10
60.26
 20
135.263
 10
59.763
 20
135.263
 10
59.265
 20
135.263
 10
58.767
 20
135.263
 10
58.27
 20
135.263
 10
57.772
 20
135.263
 10
57.274
 20
135.263
 10
56.777
 20
135.263
 10
56.279
 20
135.263
 10
55.781
 20
135.263
 10
55.284
 20
135.263
 10
54.786
 20
135.263
 10
54.288
 20
135.263
 10
53.791
 20
135.263
 10
53.293
 20
135.263
 10
52.795
 20
135.263
 10
52.298
 20
135.263
 10
51.8
 20
135.263
 10
51.302
 20
135.263
 10
50.805
 20
135.263
 10
50.307
 20
135.263
 10
49.809
 20
135.263
 10
49.312
 20
135.263
 10
48.814
 20
135.263
 10
48.316
 20
135.263
 10
47.819
 20
135.263
 10
47.321
 20
135.263
 10
46.823
 20
135.263
 10
46.326
 20
135.263
 10
45.828
 20
135.263
 10
45.488
 20
135.263
 10
45.488
 20
137.862
 10
36.713
 20
137.862
 10
36.713
 20
135.263
 10
36.372
 20
135.263
 10
35.874
 20
135.263
 10
35.377
 20
135.263
 10
34.879
 20
135.263
 10
34.381
 20
135.263
 10
33.884
 20
135.263
 10
33.386
 20
135.263
 10
32.888
 20
135.263
 10
32.391
 20
135.263
 10
31.893
 20
135.263
 10
31.395
 20
135.263
 10
30.898
 20
135.263
 10
30.4
 20
135.263
 10
29.902
 20
135.263
 10
29.405
 20
135.263
 10
28.907
 20
135.263
 10
28.409
 20
135.263
 10
27.912
 20
135.263
 10
27.414
 20
135.263
 10
26.916
 20
135.263
 10
26.419
 20
135.263
 10
25.921
 20
135.263
 10
25.423
 20
135.263
 10
24.926
 20
135.263
 10
24.428
 20
135.263
 10
23.93
 20
135.263
 10
23.433
 20
135.263
 10
22.935
 20
135.263
 10
22.437
 20
135.263
 10
21.94
 20
135.263
 10
21.442
 20
135.263
 10
20.944
 20
135.263
 10
20.488
 20
135.263
 10
20.488
 20
137.862
 10
11.712
 20
137.862
 10
11.712
 20
135.263
 10
10.991
 20
135.263
 10
10.493
 20
135.263
 10
9.995
 20
135.263
 10
9.498
 20
135.263
 10
8.998
 20
135.263
 10
8.693
 20
135.272
 10
8.385
 20
135.282
 10
8.097
 20
135.312
 10
7.809
 20
135.342
 10
7.539
 20
135.392
 10
7.27
 20
135.442
 10
7.02
 20
135.512
 10
6.769
 20
135.582
 10
6.306
 20
135.763
 10
5.882
 20
135.985
 10
5.497
 20
136.248
 10
5.153
 20
136.553
 10
4.848
 20
136.897
 10
4.585
 20
137.282
 10
4.363
 20
137.706
 10
4.182
 20
138.169
 10
4.112
 20
138.42
 10
4.042
 20
138.67
 10
3.992
 20
138.939
 10
3.942
 20
139.209
 10
3.912
 20
139.497
 10
3.882
 20
139.785
 10
3.872
 20
140.093
 10
3.863
 20
140.398
 10
3.863
 20
140.89
 10
3.863
 20
141.379
 10
3.863
 20
141.869
 10
3.863
 20
142.359
 10
3.862
 20
143.112
 10
6.462
 20
143.112
 10
6.462
 20
151.888
 10
3.863
 20
151.888
 10
3.863
 20
152.641
 10
3.863
 20
153.131
 10
3.863
 20
153.621
 10
3.863
 20
154.11
 10
3.863
 20
154.602
 10
3.872
 20
154.907
 10
3.882
 20
155.215
 10
3.912
 20
155.503
 10
3.942
 20
155.791
 10
3.992
 20
156.061
 10
4.042
 20
156.33
 10
4.112
 20
156.58
  0
HATCH
  5
32
330
17
100
AcDbEntity
  8
RASTER
 62
7
100
AcDbHatch
 10
0.0
 20
0.0
 30
0.0
210
0.0
220
0.0
230
1.0
  2
SOLID
 70
1
 71
0
 91
2
 92
3
 72
0
 73
1
 93
300
 10
6.315
 20
151.907
 10
6.216
 20
152.22
 10
6.12
 20
152.559
 10
6.026
 20
153.208
 10
6.06
 20
153.843
 10
6.218
 20
154.432
 10
6.478
 20
154.954
 10
6.808
 20
155.402
 10
7.181
 20
155.778
 10
7.578
 20
156.092
 10
7.989
 20
156.356
 10
8.415
 20
156.581
 10
8.864
 20
156.775
 10
9.344
 20
156.936
 10
9.866
 20
157.056
 10
10.429
 20
157.117
 10
11.028
 20
157.107
 10
11.341
 20
157.07
 10
11.643
 20
157.032
 10
12.23
 20
156.946
 10
12.799
 20
156.901
 10
13.357
 20
156.92
 10
13.917
 20
157.017
 10
14.489
 20
157.182
 10
15.081
 20
157.386
 10
15.693
 20
157.583
 10
16.324
 20
157.722
 10
16.964
 20
157.77
 10
17.599
 20
157.722
 10
18.217
 20
157.606
 10
18.817
 20
157.466
 10
19.402
 20
157.34
 10
19.979
 20
157.251
 10
20.558
 20
157.202
 10
21.146
 20
157.179
 10
21.746
 20
157.158
 10
22.351
 20
157.121
 10
22.955
 20
157.061
 10
23.548
 20
156.995
 10
24.126
 20
156.95
 10
24.69
 20
156.954
 10
25.251
 20
157.027
 10
25.82
 20
157.169
 10
26.406
 20
157.36
 10
27.012
 20
157.558
 10
27.637
 20
157.715
 10
28.277
 20
157.788
 10
28.917
 20
157.758
 10
29.543
 20
157.644
 10
30.15
 20
157.488
 10
30.739
 20
157.334
 10
31.315
 20
157.215
 10
31.888
 20
157.145
 10
32.467
 20
157.117
 10
33.058
 20
157.112
 10
33.658
 20
157.105
 10
34.263
 20
157.08
 10
34.862
 20
157.04
 10
35.448
 20
157.004
 10
36.022
 20
157.001
 10
36.587
 20
157.052
 10
37.154
 20
157.168
 10
37.735
 20
157.337
 10
38.334
 20
157.529
 10
38.953
 20
157.695
 10
39.59
 20
157.79
 10
40.232
 20
157.783
 10
40.865
 20
157.68
 10
41.479
 20
157.516
 10
42.074
 20
157.34
 10
42.652
 20
157.192
 10
43.221
 20
157.097
 10
43.792
 20
157.057
 10
44.373
 20
157.058
 10
44.967
 20
157.076
 10
45.569
 20
157.086
 10
46.172
 20
157.077
 10
46.767
 20
157.06
 10
47.349
 20
157.056
 10
47.921
 20
157.091
 10
48.49
 20
157.18
 10
49.067
 20
157.323
 10
49.659
 20
157.498
 10
50.272
 20
157.665
 10
50.903
 20
157.776
 10
51.545
 20
157.794
 10
52.183
 20
157.709
 10
52.804
 20
157.547
 10
53.405
 20
157.356
 10
53.988
 20
157.183
 10
54.556
 20
157.061
 10
55.121
 20
157.003
 10
55.693
 20
157.002
 10
56.278
 20
157.036
 10
56.876
 20
157.077
 10
57.48
 20
157.103
 10
58.082
 20
157.112
 10
58.673
 20
157.116
 10
59.253
 20
157.14
 10
59.826
 20
157.206
 10
60.402
 20
157.32
 10
60.989
 20
157.471
 10
61.594
 20
157.629
 10
62.219
 20
157.75
 10
62.858
 20
157.789
 10
63.498
 20
157.727
 10
64.126
 20
157.577
 10
64.734
 20
157.38
 10
65.321
 20
157.187
 10
65.891
 20
157.039
 10
66.453
 20
156.959
 10
67.016
 20
156.947
 10
67.593
 20
156.989
 10
68.184
 20
157.055
 10
68.787
 20
157.116
 10
69.393
 20
157.156
 10
69.993
 20
157.177
 10
70.588
 20
157.199
 10
70.886
 20
157.209
 10
71.186
 20
157.228
 10
71.767
 20
157.252
 10
72.336
 20
157.263
 10
72.903
 20
157.234
 10
73.464
 20
157.136
 10
74.002
 20
156.947
 10
74.489
 20
156.653
 10
74.899
 20
156.259
 10
75.208
 20
155.785
 10
75.408
 20
155.26
 10
75.507
 20
154.713
 10
75.529
 20
154.168
 10
75.509
 20
153.637
 10
75.484
 20
153.116
 10
75.483
 20
152.578
 10
75.49
 20
152.308
 10
75.516
 20
152.028
 10
75.588
 20
151.441
 10
75.68
 20
150.843
 10
75.764
 20
150.234
 10
75.82
 20
149.622
 10
75.853
 20
149.015
 10
75.881
 20
148.419
 10
75.929
 20
147.833
 10
76.01
 20
147.248
 10
76.12
 20
146.656
 10
76.236
 20
146.049
 10
76.322
 20
145.423
 10
76.335
 20
144.784
 10
76.255
 20
144.143
 10
76.092
 20
143.514
 10
75.882
 20
142.897
 10
75.764
 20
142.594
 10
75.656
 20
142.304
 10
75.453
 20
141.776
 10
75.292
 20
141.307
 10
75.164
 20
140.868
 10
75.047
 20
140.439
 10
74.913
 20
140.011
 10
74.737
 20
139.585
 10
74.5
 20
139.176
 10
74.193
 20
138.801
 10
73.818
 20
138.474
 10
73.386
 20
138.206
 10
72.91
 20
137.992
 10
72.4
 20
137.823
 10
71.858
 20
137.681
 10
71.278
 20
137.552
 10
70.963
 20
137.497
 10
70.652
 20
137.439
 10
70.038
 20
137.35
 10
69.415
 20
137.3
 10
68.781
 20
137.322
 10
68.149
 20
137.431
 10
67.53
 20
137.61
 10
66.929
 20
137.817
 10
66.35
 20
138.003
 10
65.789
 20
138.127
 10
65.237
 20
138.168
 10
64.679
 20
138.126
 10
64.106
 20
138.019
 10
63.514
 20
137.881
 10
62.907
 20
137.75
 10
62.292
 20
137.655
 10
61.679
 20
137.603
 10
61.076
 20
137.579
 10
60.483
 20
137.559
 10
59.897
 20
137.523
 10
59.308
 20
137.465
 10
58.709
 20
137.397
 10
58.095
 20
137.349
 10
57.468
 20
137.355
 10
56.837
 20
137.437
 10
56.214
 20
137.592
 10
55.608
 20
137.789
 10
55.022
 20
137.982
 10
54.456
 20
138.124
 10
53.903
 20
138.186
 10
53.351
 20
138.16
 10
52.785
 20
138.058
 10
52.201
 20
137.907
 10
51.598
 20
137.749
 10
50.982
 20
137.623
 10
50.363
 20
137.547
 10
49.75
 20
137.517
 10
49.148
 20
137.512
 10
48.557
 20
137.505
 10
47.97
 20
137.481
 10
47.377
 20
137.441
 10
46.772
 20
137.404
 10
46.153
 20
137.4
 10
45.526
 20
137.458
 10
44.902
 20
137.585
 10
44.29
 20
137.763
 10
43.697
 20
137.953
 10
43.125
 20
138.107
 10
42.569
 20
138.189
 10
42.02
 20
138.183
 10
41.461
 20
138.092
 10
40.883
 20
137.939
 10
40.286
 20
137.761
 10
39.672
 20
137.605
 10
39.049
 20
137.501
 10
38.428
 20
137.457
 10
37.818
 20
137.458
 10
37.219
 20
137.476
 10
36.63
 20
137.486
 10
36.041
 20
137.478
 10
35.444
 20
137.46
 10
34.834
 20
137.456
 10
34.214
 20
137.493
 10
33.591
 20
137.591
 10
32.976
 20
137.744
 10
32.377
 20
137.921
 10
31.797
 20
138.079
 10
31.236
 20
138.178
 10
30.687
 20
138.193
 10
30.132
 20
138.119
 10
29.562
 20
137.971
 10
28.971
 20
137.783
 10
28.361
 20
137.601
 10
27.738
 20
137.468
 10
27.111
 20
137.403
 10
26.491
 20
137.402
 10
25.884
 20
137.437
 10
25.29
 20
137.478
 10
24.702
 20
137.504
 10
24.112
 20
137.512
 10
23.512
 20
137.516
 10
22.9
 20
137.542
 10
22.281
 20
137.612
 10
21.665
 20
137.735
 10
21.06
 20
137.891
 10
20.473
 20
138.044
 10
19.906
 20
138.153
 10
19.353
 20
138.187
 10
18.801
 20
138.134
 10
18.237
 20
137.999
 10
17.653
 20
137.81
 10
17.048
 20
137.611
 10
16.427
 20
137.45
 10
15.796
 20
137.359
 10
15.168
 20
137.347
 10
14.552
 20
137.391
 10
13.952
 20
137.458
 10
13.363
 20
137.518
 10
12.777
 20
137.556
 10
12.185
 20
137.577
 10
11.579
 20
137.6
 10
11.261
 20
137.63
 10
10.934
 20
137.672
 10
10.338
 20
137.823
 10
9.802
 20
138.043
 10
9.336
 20
138.305
 10
8.938
 20
138.579
 10
8.594
 20
138.844
 10
8.283
 20
139.092
 10
7.981
 20
139.331
 10
7.665
 20
139.579
 10
7.325
 20
139.861
 10
6.967
 20
140.2
 10
6.612
 20
140.614
 10
6.294
 20
141.111
 10
6.052
 20
141.691
 10
5.923
 20
142.328
 10
5.91
 20
142.683
 10
5.918
 20
143.017
 10
5.993
 20
143.641
 10
6.087
 20
144.243
 10
6.168
 20
144.834
 10
6.222
 20
145.422
 10
6.253
 20
146.015
 10
6.282
 20
146.619
 10
6.332
 20
147.233
 10
6.417
 20
147.848
 10
6.53
 20
148.456
 10
6.644
 20
149.049
 10
6.722
 20
149.623
 10
6.734
 20
150.184
 10
6.664
 20
150.743
 10
6.516
 20
151.314
 97
0
 92
3
 72
0
 73
1
 93
301
 10
6.885
 20
152.093
 10
7.092
 20
151.486
 10
7.255
 20
150.857
 10
7.335
 20
150.216
 10
7.322
 20
149.577
 10
7.236
 20
148.951
 10
7.12
 20
148.344
 10
7.01
 20
147.752
 10
6.929
 20
147.167
 10
6.881
 20
146.581
 10
6.853
 20
145.985
 10
6.82
 20
145.378
 10
6.764
 20
144.766
 10
6.68
 20
144.157
 10
6.588
 20
143.559
 10
6.517
 20
142.974
 10
6.51
 20
142.686
 10
6.521
 20
142.399
 10
6.628
 20
141.868
 10
6.827
 20
141.391
 10
7.095
 20
140.972
 10
7.402
 20
140.614
 10
7.723
 20
140.31
 10
8.042
 20
140.046
 10
8.352
 20
139.802
 10
8.656
 20
139.562
 10
8.964
 20
139.316
 10
9.292
 20
139.064
 10
9.654
 20
138.815
 10
10.064
 20
138.584
 10
10.527
 20
138.394
 10
11.046
 20
138.262
 10
11.328
 20
138.227
 10
11.619
 20
138.199
 10
12.207
 20
138.177
 10
12.807
 20
138.156
 10
13.413
 20
138.116
 10
14.016
 20
138.055
 10
14.607
 20
137.989
 10
15.184
 20
137.947
 10
15.747
 20
137.959
 10
16.309
 20
138.039
 10
16.879
 20
138.187
 10
17.466
 20
138.38
 10
18.074
 20
138.577
 10
18.702
 20
138.727
 10
19.342
 20
138.789
 10
19.981
 20
138.75
 10
20.606
 20
138.629
 10
21.211
 20
138.471
 10
21.798
 20
138.32
 10
22.374
 20
138.206
 10
22.947
 20
138.14
 10
23.527
 20
138.116
 10
24.118
 20
138.112
 10
24.72
 20
138.103
 10
25.324
 20
138.077
 10
25.922
 20
138.036
 10
26.507
 20
138.002
 10
27.079
 20
138.003
 10
27.644
 20
138.061
 10
28.212
 20
138.183
 10
28.795
 20
138.356
 10
29.396
 20
138.547
 10
30.017
 20
138.709
 10
30.655
 20
138.794
 10
31.297
 20
138.776
 10
31.928
 20
138.665
 10
32.541
 20
138.498
 10
33.133
 20
138.323
 10
33.71
 20
138.18
 10
34.279
 20
138.091
 10
34.851
 20
138.056
 10
35.433
 20
138.06
 10
36.028
 20
138.077
 10
36.631
 20
138.086
 10
37.233
 20
138.076
 10
37.827
 20
138.058
 10
38.408
 20
138.057
 10
38.979
 20
138.097
 10
39.548
 20
138.192
 10
40.126
 20
138.34
 10
40.721
 20
138.516
 10
41.335
 20
138.68
 10
41.968
 20
138.783
 10
42.61
 20
138.79
 10
43.247
 20
138.695
 10
43.866
 20
138.529
 10
44.465
 20
138.337
 10
45.046
 20
138.168
 10
45.613
 20
138.052
 10
46.178
 20
138.001
 10
46.752
 20
138.004
 10
47.338
 20
138.04
 10
47.937
 20
138.08
 10
48.542
 20
138.105
 10
49.142
 20
138.112
 10
49.733
 20
138.117
 10
50.312
 20
138.145
 10
50.885
 20
138.215
 10
51.461
 20
138.334
 10
52.05
 20
138.488
 10
52.657
 20
138.644
 10
53.283
 20
138.758
 10
53.923
 20
138.788
 10
54.563
 20
138.715
 10
55.188
 20
138.558
 10
55.794
 20
138.36
 10
56.38
 20
138.169
 10
56.949
 20
138.027
 10
57.51
 20
137.954
 10
58.074
 20
137.95
 10
58.652
 20
137.995
 10
59.245
 20
138.061
 10
59.849
 20
138.121
 10
60.454
 20
138.158
 10
61.054
 20
138.179
 10
61.642
 20
138.202
 10
62.221
 20
138.251
 10
62.798
 20
138.34
 10
63.383
 20
138.466
 10
63.983
 20
138.606
 10
64.601
 20
138.722
 10
65.236
 20
138.77
 10
65.876
 20
138.722
 10
66.507
 20
138.583
 10
67.119
 20
138.386
 10
67.711
 20
138.182
 10
68.283
 20
138.017
 10
68.843
 20
137.92
 10
69.401
 20
137.901
 10
69.971
 20
137.946
 10
70.554
 20
138.031
 10
70.856
 20
138.087
 10
71.16
 20
138.141
 10
71.716
 20
138.264
 10
72.229
 20
138.399
 10
72.692
 20
138.552
 10
73.103
 20
138.737
 10
73.46
 20
138.958
 10
73.76
 20
139.22
 10
74.005
 20
139.519
 10
74.198
 20
139.852
 10
74.348
 20
140.215
 10
74.471
 20
140.608
 10
74.587
 20
141.031
 10
74.72
 20
141.488
 10
74.889
 20
141.981
 10
75.095
 20
142.517
 10
75.204
 20
142.808
 10
75.318
 20
143.103
 10
75.516
 20
143.686
 10
75.664
 20
144.257
 10
75.734
 20
144.816
 10
75.722
 20
145.377
 10
75.644
 20
145.951
 10
75.53
 20
146.544
 10
75.417
 20
147.152
 10
75.332
 20
147.767
 10
75.282
 20
148.381
 10
75.253
 20
148.985
 10
75.222
 20
149.578
 10
75.168
 20
150.166
 10
75.087
 20
150.757
 10
74.993
 20
151.359
 10
74.919
 20
151.964
 10
74.891
 20
152.272
 10
74.882
 20
152.57
 10
74.884
 20
153.131
 10
74.909
 20
153.662
 10
74.928
 20
154.168
 10
74.909
 20
154.648
 10
74.828
 20
155.099
 10
74.671
 20
155.512
 10
74.434
 20
155.874
 10
74.122
 20
156.173
 10
73.744
 20
156.401
 10
73.312
 20
156.554
 10
72.837
 20
156.636
 10
72.326
 20
156.662
 10
71.785
 20
156.653
 10
71.217
 20
156.628
 10
70.914
 20
156.609
 10
70.609
 20
156.599
 10
70.015
 20
156.577
 10
69.423
 20
156.556
 10
68.837
 20
156.518
 10
68.248
 20
156.458
 10
67.648
 20
156.391
 10
67.032
 20
156.347
 10
66.404
 20
156.359
 10
65.773
 20
156.45
 10
65.152
 20
156.611
 10
64.547
 20
156.81
 10
63.963
 20
156.999
 10
63.399
 20
157.134
 10
62.847
 20
157.187
 10
62.294
 20
157.153
 10
61.727
 20
157.044
 10
61.14
 20
156.891
 10
60.535
 20
156.735
 10
59.919
 20
156.612
 10
59.3
 20
156.542
 10
58.688
 20
156.516
 10
58.088
 20
156.512
 10
57.498
 20
156.504
 10
56.91
 20
156.478
 10
56.316
 20
156.437
 10
55.709
 20
156.402
 10
55.089
 20
156.403
 10
54.462
 20
156.468
 10
53.839
 20
156.601
 10
53.229
 20
156.783
 10
52.638
 20
156.971
 10
52.068
 20
157.119
 10
51.513
 20
157.193
 10
50.964
 20
157.178
 10
50.403
 20
157.079
 10
49.823
 20
156.921
 10
49.224
 20
156.744
 10
48.609
 20
156.591
 10
47.986
 20
156.493
 10
47.366
 20
156.456
 10
46.756
 20
156.46
 10
46.159
 20
156.478
 10
45.57
 20
156.486
 10
44.981
 20
156.476
 10
44.382
 20
156.458
 10
43.772
 20
156.457
 10
43.151
 20
156.501
 10
42.528
 20
156.605
 10
41.914
 20
156.761
 10
41.317
 20
156.939
 10
40.739
 20
157.092
 10
40.18
 20
157.183
 10
39.631
 20
157.189
 10
39.075
 20
157.107
 10
38.503
 20
156.953
 10
37.91
 20
156.763
 10
37.298
 20
156.585
 10
36.674
 20
156.458
 10
36.047
 20
156.4
 10
35.428
 20
156.404
 10
34.823
 20
156.441
 10
34.23
 20
156.481
 10
33.643
 20
156.505
 10
33.052
 20
156.512
 10
32.45
 20
156.517
 10
31.837
 20
156.547
 10
31.218
 20
156.623
 10
30.602
 20
156.749
 10
29.999
 20
156.907
 10
29.415
 20
157.058
 10
28.849
 20
157.16
 10
28.297
 20
157.186
 10
27.744
 20
157.124
 10
27.178
 20
156.982
 10
26.592
 20
156.789
 10
25.986
 20
156.592
 10
25.363
 20
156.437
 10
24.732
 20
156.355
 10
24.105
 20
156.349
 10
23.491
 20
156.397
 10
22.892
 20
156.465
 10
22.303
 20
156.523
 10
21.717
 20
156.559
 10
21.124
 20
156.579
 10
20.521
 20
156.603
 10
19.908
 20
156.655
 10
19.293
 20
156.75
 10
18.686
 20
156.881
 10
18.094
 20
157.019
 10
17.521
 20
157.126
 10
16.963
 20
157.168
 10
16.411
 20
157.127
 10
15.85
 20
157.003
 10
15.271
 20
156.817
 10
14.67
 20
156.61
 10
14.051
 20
156.431
 10
13.419
 20
156.322
 10
12.785
 20
156.3
 10
12.162
 20
156.35
 10
11.562
 20
156.437
 10
11.268
 20
156.475
 10
10.988
 20
156.508
 10
10.457
 20
156.516
 10
9.965
 20
156.463
 10
9.507
 20
156.358
 10
9.079
 20
156.214
 10
8.675
 20
156.039
 10
8.292
 20
155.837
 10
7.927
 20
155.603
 10
7.582
 20
155.33
 10
7.265
 20
155.011
 10
6.992
 20
154.64
 10
6.782
 20
154.218
 10
6.655
 20
153.748
 10
6.628
 20
153.236
 10
6.708
 20
152.684
 10
6.791
 20
152.392
 10
6.885
 20
152.093
 97
0
 75
0
 76
1
 98
0
  0
HATCH
  5
33
330
17
100
AcDbEntity
  8
RASTER
 62
7
100
AcDbHatch
 10
0.0
 20
0.0
 30
0.0
210
0.0
220
0.0
230
1.0
  2
SOLID
 70
1
 71
0
 91
2
 92
3
 72
0
 73
1
 93
260
 10
8.981
 20
149.068
 10
9.064
 20
149.388
 10
9.15
 20
149.706
 10
9.34
 20
150.279
 10
9.531
 20
150.798
 10
9.722
 20
151.277
 10
9.928
 20
151.725
 10
10.164
 20
152.142
 10
10.444
 20
152.523
 10
10.773
 20
152.857
 10
11.148
 20
153.134
 10
11.558
 20
153.353
 10
11.992
 20
153.52
 10
12.439
 20
153.653
 10
12.899
 20
153.776
 10
13.383
 20
153.914
 10
13.916
 20
154.085
 10
14.203
 20
154.179
 10
14.502
 20
154.286
 10
15.106
 20
154.489
 10
15.724
 20
154.668
 10
16.36
 20
154.776
 10
17.002
 20
154.782
 10
17.635
 20
154.692
 10
18.249
 20
154.541
 10
18.844
 20
154.376
 10
19.423
 20
154.238
 10
19.994
 20
154.147
 10
20.568
 20
154.106
 10
21.152
 20
154.098
 10
21.748
 20
154.099
 10
22.351
 20
154.088
 10
22.953
 20
154.059
 10
23.544
 20
154.026
 10
24.122
 20
154.014
 10
24.689
 20
154.049
 10
25.255
 20
154.146
 10
25.831
 20
154.3
 10
26.424
 20
154.487
 10
27.037
 20
154.662
 10
27.67
 20
154.777
 10
28.313
 20
154.795
 10
28.95
 20
154.709
 10
29.569
 20
154.55
 10
30.168
 20
154.366
 10
30.749
 20
154.202
 10
31.317
 20
154.089
 10
31.884
 20
154.036
 10
32.46
 20
154.033
 10
33.048
 20
154.058
 10
33.648
 20
154.082
 10
34.251
 20
154.091
 10
34.849
 20
154.084
 10
35.436
 20
154.083
 10
36.011
 20
154.111
 10
36.58
 20
154.188
 10
37.156
 20
154.318
 10
37.745
 20
154.483
 10
38.353
 20
154.648
 10
38.982
 20
154.765
 10
39.623
 20
154.793
 10
40.262
 20
154.716
 10
40.886
 20
154.556
 10
41.49
 20
154.359
 10
42.073
 20
154.174
 10
42.641
 20
154.04
 10
43.202
 20
153.974
 10
43.77
 20
153.972
 10
44.35
 20
154.014
 10
44.945
 20
154.071
 10
45.549
 20
154.116
 10
46.152
 20
154.142
 10
46.747
 20
154.156
 10
47.331
 20
154.181
 10
47.907
 20
154.24
 10
48.483
 20
154.342
 10
49.069
 20
154.481
 10
49.673
 20
154.628
 10
50.295
 20
154.741
 10
50.933
 20
154.777
 10
51.572
 20
154.712
 10
52.2
 20
154.558
 10
52.808
 20
154.355
 10
53.395
 20
154.155
 10
53.964
 20
154.003
 10
54.522
 20
153.922
 10
55.082
 20
153.916
 10
55.655
 20
153.97
 10
56.244
 20
154.054
 10
56.846
 20
154.136
 10
57.453
 20
154.195
 10
58.057
 20
154.229
 10
58.65
 20
154.256
 10
59.233
 20
154.299
 10
59.812
 20
154.374
 10
60.397
 20
154.482
 10
60.995
 20
154.604
 10
61.611
 20
154.706
 10
62.243
 20
154.746
 10
62.881
 20
154.694
 10
63.511
 20
154.552
 10
64.123
 20
154.352
 10
64.714
 20
154.144
 10
65.286
 20
153.977
 10
65.842
 20
153.882
 10
66.397
 20
153.87
 10
66.962
 20
153.929
 10
67.546
 20
154.035
 10
67.848
 20
154.085
 10
68.163
 20
154.135
 10
68.768
 20
154.165
 10
69.343
 20
154.118
 10
69.876
 20
154.003
 10
70.367
 20
153.836
 10
70.822
 20
153.63
 10
71.249
 20
153.39
 10
71.655
 20
153.11
 10
72.04
 20
152.782
 10
72.398
 20
152.394
 10
72.711
 20
151.939
 10
72.953
 20
151.414
 10
73.096
 20
150.826
 10
73.117
 20
150.195
 10
73.014
 20
149.551
 10
72.916
 20
149.216
 10
72.818
 20
148.906
 10
72.621
 20
148.317
 10
72.484
 20
147.75
 10
72.431
 20
147.195
 10
72.465
 20
146.636
 10
72.569
 20
146.06
 10
72.629
 20
145.767
 10
72.695
 20
145.458
 10
72.768
 20
144.852
 10
72.759
 20
144.265
 10
72.665
 20
143.712
 10
72.497
 20
143.202
 10
72.272
 20
142.739
 10
72.003
 20
142.317
 10
71.696
 20
141.931
 10
71.349
 20
141.574
 10
70.957
 20
141.245
 10
70.51
 20
140.951
 10
70.002
 20
140.708
 10
69.434
 20
140.543
 10
68.815
 20
140.482
 10
68.17
 20
140.543
 10
67.829
 20
140.625
 10
67.511
 20
140.716
 10
66.915
 20
140.917
 10
66.342
 20
141.082
 10
65.787
 20
141.176
 10
65.238
 20
141.182
 10
64.68
 20
141.102
 10
64.103
 20
140.961
 10
63.506
 20
140.795
 10
62.894
 20
140.649
 10
62.275
 20
140.551
 10
61.658
 20
140.506
 10
61.051
 20
140.498
 10
60.456
 20
140.499
 10
59.868
 20
140.489
 10
59.279
 20
140.46
 10
58.679
 20
140.426
 10
58.066
 20
140.414
 10
57.442
 20
140.452
 10
56.817
 20
140.559
 10
56.201
 20
140.724
 10
55.604
 20
140.912
 10
55.026
 20
141.077
 10
54.468
 20
141.179
 10
53.919
 20
141.194
 10
53.365
 20
141.119
 10
52.794
 20
140.973
 10
52.202
 20
140.79
 10
51.591
 20
140.618
 10
50.969
 20
140.494
 10
50.345
 20
140.436
 10
49.729
 20
140.433
 10
49.127
 20
140.458
 10
48.536
 20
140.483
 10
47.948
 20
140.491
 10
47.355
 20
140.484
 10
46.75
 20
140.483
 10
46.134
 20
140.513
 10
45.513
 20
140.597
 10
44.897
 20
140.736
 10
44.295
 20
140.905
 10
43.713
 20
141.063
 10
43.15
 20
141.168
 10
42.6
 20
141.191
 10
42.049
 20
141.125
 10
41.482
 20
140.98
 10
40.894
 20
140.788
 10
40.287
 20
140.595
 10
39.663
 20
140.448
 10
39.034
 20
140.374
 10
38.41
 20
140.372
 10
37.8
 20
140.416
 10
37.204
 20
140.473
 10
36.616
 20
140.517
 10
36.028
 20
140.542
 10
35.433
 20
140.556
 10
34.825
 20
140.582
 10
34.21
 20
140.645
 10
33.595
 20
140.755
 10
32.991
 20
140.898
 10
32.403
 20
141.041
 10
31.834
 20
141.144
 10
31.281
 20
141.175
 10
30.73
 20
141.119
 10
30.166
 20
140.981
 10
29.583
 20
140.786
 10
28.979
 20
140.581
 10
28.357
 20
140.414
 10
27.724
 20
140.323
 10
27.093
 20
140.316
 10
26.475
 20
140.374
 10
25.873
 20
140.46
 10
25.284
 20
140.54
 10
24.701
 20
140.597
 10
24.113
 20
140.63
 10
23.515
 20
140.657
 10
22.907
 20
140.702
 10
22.295
 20
140.781
 10
21.689
 20
140.893
 10
21.096
 20
141.014
 10
20.521
 20
141.11
 10
19.962
 20
141.145
 10
19.409
 20
141.1
 10
18.848
 20
140.973
 10
18.269
 20
140.784
 10
17.67
 20
140.573
 10
17.05
 20
140.391
 10
16.415
 20
140.283
 10
15.779
 20
140.269
 10
15.153
 20
140.335
 10
14.538
 20
140.445
 10
14.226
 20
140.515
 10
13.914
 20
140.583
 10
13.34
 20
140.732
 10
12.809
 20
140.886
 10
12.311
 20
141.059
 10
11.845
 20
141.267
 10
11.418
 20
141.523
 10
11.044
 20
141.834
 10
10.731
 20
142.192
 10
10.482
 20
142.586
 10
10.291
 20
143.0
 10
10.141
 20
143.422
 10
10.008
 20
143.848
 10
9.865
 20
144.289
 10
9.692
 20
144.763
 10
9.48
 20
145.297
 10
9.369
 20
145.591
 10
9.25
 20
145.898
 10
9.044
 20
146.517
 10
8.891
 20
147.15
 10
8.83
 20
147.795
 10
8.868
 20
148.436
 97
0
 92
3
 72
0
 73
1
 93
261
 10
9.568
 20
148.939
 10
9.465
 20
148.364
 10
9.431
 20
147.805
 10
9.484
 20
147.25
 10
9.621
 20
146.683
 10
9.815
 20
146.101
 10
9.929
 20
145.806
 10
10.039
 20
145.514
 10
10.252
 20
144.977
 10
10.432
 20
144.485
 10
10.579
 20
144.031
 10
10.71
 20
143.612
 10
10.848
 20
143.226
 10
11.011
 20
142.873
 10
11.213
 20
142.552
 10
11.464
 20
142.265
 10
11.767
 20
142.014
 10
12.123
 20
141.8
 10
12.531
 20
141.617
 10
12.991
 20
141.458
 10
13.5
 20
141.31
 10
14.053
 20
141.167
 10
14.356
 20
141.101
 10
14.657
 20
141.033
 10
15.238
 20
140.929
 10
15.803
 20
140.87
 10
16.358
 20
140.882
 10
16.914
 20
140.977
 10
17.486
 20
141.144
 10
18.077
 20
141.352
 10
18.689
 20
141.552
 10
19.319
 20
141.694
 10
19.957
 20
141.746
 10
20.589
 20
141.706
 10
21.205
 20
141.604
 10
21.803
 20
141.482
 10
22.388
 20
141.374
 10
22.967
 20
141.299
 10
23.55
 20
141.256
 10
24.143
 20
141.229
 10
24.747
 20
141.195
 10
25.354
 20
141.136
 10
25.956
 20
141.054
 10
26.545
 20
140.97
 10
27.118
 20
140.916
 10
27.678
 20
140.922
 10
28.236
 20
141.003
 10
28.805
 20
141.155
 10
29.392
 20
141.355
 10
30.0
 20
141.558
 10
30.628
 20
141.712
 10
31.267
 20
141.777
 10
31.905
 20
141.741
 10
32.527
 20
141.628
 10
33.131
 20
141.481
 10
33.717
 20
141.342
 10
34.293
 20
141.24
 10
34.869
 20
141.181
 10
35.453
 20
141.156
 10
36.048
 20
141.142
 10
36.651
 20
141.116
 10
37.255
 20
141.071
 10
37.85
 20
141.014
 10
38.43
 20
140.972
 10
38.998
 20
140.974
 10
39.559
 20
141.04
 10
40.127
 20
141.174
 10
40.71
 20
141.359
 10
41.314
 20
141.556
 10
41.938
 20
141.716
 10
42.577
 20
141.793
 10
43.218
 20
141.765
 10
43.847
 20
141.648
 10
44.455
 20
141.483
 10
45.044
 20
141.318
 10
45.62
 20
141.188
 10
46.189
 20
141.111
 10
46.764
 20
141.083
 10
47.351
 20
141.084
 10
47.949
 20
141.091
 10
48.552
 20
141.082
 10
49.152
 20
141.058
 10
49.74
 20
141.033
 10
50.316
 20
141.036
 10
50.883
 20
141.089
 10
51.451
 20
141.202
 10
52.032
 20
141.366
 10
52.631
 20
141.55
 10
53.25
 20
141.709
 10
53.887
 20
141.795
 10
54.53
 20
141.777
 10
55.163
 20
141.662
 10
55.776
 20
141.487
 10
56.369
 20
141.3
 10
56.945
 20
141.146
 10
57.511
 20
141.049
 10
58.078
 20
141.014
 10
58.656
 20
141.026
 10
59.247
 20
141.059
 10
59.849
 20
141.088
 10
60.452
 20
141.099
 10
61.048
 20
141.098
 10
61.632
 20
141.106
 10
62.206
 20
141.147
 10
62.777
 20
141.238
 10
63.356
 20
141.376
 10
63.951
 20
141.541
 10
64.565
 20
141.692
 10
65.198
 20
141.782
 10
65.84
 20
141.776
 10
66.476
 20
141.668
 10
67.094
 20
141.489
 10
67.689
 20
141.289
 10
67.982
 20
141.205
 10
68.269
 20
141.136
 10
68.813
 20
141.085
 10
69.32
 20
141.134
 10
69.788
 20
141.271
 10
70.214
 20
141.475
 10
70.598
 20
141.727
 10
70.94
 20
142.014
 10
71.245
 20
142.328
 10
71.514
 20
142.666
 10
71.748
 20
143.032
 10
71.94
 20
143.428
 10
72.081
 20
143.857
 10
72.16
 20
144.32
 10
72.167
 20
144.82
 10
72.102
 20
145.359
 10
72.041
 20
145.644
 10
71.98
 20
145.947
 10
71.868
 20
146.564
 10
71.83
 20
147.205
 10
71.891
 20
147.85
 10
72.044
 20
148.483
 10
72.247
 20
149.092
 10
72.342
 20
149.392
 10
72.427
 20
149.682
 10
72.515
 20
150.233
 10
72.498
 20
150.745
 10
72.384
 20
151.215
 10
72.188
 20
151.641
 10
71.928
 20
152.019
 10
71.624
 20
152.348
 10
71.289
 20
152.633
 10
70.931
 20
152.88
 10
70.551
 20
153.095
 10
70.147
 20
153.277
 10
69.716
 20
153.423
 10
69.254
 20
153.523
 10
68.759
 20
153.564
 10
68.225
 20
153.537
 10
67.944
 20
153.493
 10
67.648
 20
153.444
 10
67.047
 20
153.335
 10
66.421
 20
153.269
 10
65.785
 20
153.283
 10
65.15
 20
153.391
 10
64.53
 20
153.573
 10
63.931
 20
153.784
 10
63.352
 20
153.973
 10
62.791
 20
154.1
 10
62.238
 20
154.145
 10
61.679
 20
154.11
 10
61.104
 20
154.014
 10
60.511
 20
153.893
 10
59.905
 20
153.781
 10
59.293
 20
153.702
 10
58.685
 20
153.657
 10
58.087
 20
153.63
 10
57.499
 20
153.597
 10
56.916
 20
153.54
 10
56.327
 20
153.46
 10
55.725
 20
153.374
 10
55.107
 20
153.316
 10
54.476
 20
153.323
 10
53.843
 20
153.414
 10
53.221
 20
153.581
 10
52.617
 20
153.786
 10
52.034
 20
153.981
 10
51.47
 20
154.119
 10
50.919
 20
154.175
 10
50.366
 20
154.144
 10
49.797
 20
154.041
 10
49.209
 20
153.898
 10
48.605
 20
153.755
 10
47.99
 20
153.645
 10
47.375
 20
153.582
 10
46.767
 20
153.556
 10
46.172
 20
153.542
 10
45.584
 20
153.517
 10
44.996
 20
153.473
 10
44.4
 20
153.416
 10
43.79
 20
153.372
 10
43.166
 20
153.374
 10
42.537
 20
153.448
 10
41.913
 20
153.595
 10
41.306
 20
153.788
 10
40.718
 20
153.98
 10
40.151
 20
154.125
 10
39.6
 20
154.191
 10
39.05
 20
154.168
 10
38.487
 20
154.063
 10
37.905
 20
153.905
 10
37.303
 20
153.736
 10
36.687
 20
153.597
 10
36.066
 20
153.513
 10
35.45
 20
153.483
 10
34.845
 20
153.484
 10
34.252
 20
153.491
 10
33.664
 20
153.483
 10
33.073
 20
153.458
 10
32.471
 20
153.433
 10
31.855
 20
153.436
 10
31.231
 20
153.494
 10
30.609
 20
153.618
 10
29.998
 20
153.79
 10
29.406
 20
153.973
 10
28.835
 20
154.119
 10
28.281
 20
154.194
 10
27.732
 20
154.179
 10
27.174
 20
154.077
 10
26.596
 20
153.912
 10
25.999
 20
153.724
 10
25.383
 20
153.559
 10
24.758
 20
153.452
 10
24.134
 20
153.414
 10
23.521
 20
153.426
 10
22.921
 20
153.46
 10
22.332
 20
153.489
 10
21.744
 20
153.499
 10
21.149
 20
153.498
 10
20.542
 20
153.506
 10
19.925
 20
153.551
 10
19.306
 20
153.649
 10
18.694
 20
153.795
 10
18.097
 20
153.961
 10
17.52
 20
154.102
 10
16.962
 20
154.182
 10
16.413
 20
154.176
 10
15.858
 20
154.082
 10
15.285
 20
153.917
 10
14.698
 20
153.719
 10
14.397
 20
153.611
 10
14.101
 20
153.515
 10
13.557
 20
153.34
 10
13.058
 20
153.198
 10
12.602
 20
153.076
 10
12.186
 20
152.952
 10
11.809
 20
152.806
 10
11.47
 20
152.626
 10
11.168
 20
152.402
 10
10.902
 20
152.133
 10
10.668
 20
151.816
 10
10.462
 20
151.451
 10
10.274
 20
151.041
 10
10.091
 20
150.584
 10
9.907
 20
150.081
 10
9.725
 20
149.533
 10
9.645
 20
149.234
 10
9.568
 20
148.939
 97
0
 75
0
 76
1
 98
0
  0
HATCH
  5
34
330
17
100
AcDbEntity
  8
RASTER
 62
7
100
AcDbHatch
 10
0.0
 20
0.0
 30
0.0
210
0.0
220
0.0
230
1.0
  2
SOLID
 70
1
 71
0
 91
1
 92
3
 72
0
 73
1
 93
110
 10
15.54
 20
145.835
 10
15.289
 20
145.769
 10
15.058
 20
145.75
 10
14.847
 20
145.779
 10
14.657
 20
145.854
 10
14.486
 20
145.977
 10
14.336
 20
146.147
 10
14.207
 20
146.365
 10
14.097
 20
146.629
 10
14.281
 20
146.549
 10
14.469
 20
146.476
 10
14.661
 20
146.411
 10
14.858
 20
146.353
 10
15.059
 20
146.303
 10
15.264
 20
146.26
 10
15.473
 20
146.225
 10
15.687
 20
146.198
 10
15.693
 20
146.204
 10
15.698
 20
146.21
 10
15.704
 20
146.216
 10
15.71
 20
146.222
 10
15.716
 20
146.227
 10
15.722
 20
146.233
 10
15.5
 20
146.508
 10
15.312
 20
146.796
 10
15.158
 20
147.096
 10
15.038
 20
147.409
 10
14.953
 20
147.735
 10
14.902
 20
148.073
 10
14.884
 20
148.424
 10
14.901
 20
148.787
 10
15.068
 20
148.498
 10
15.23
 20
148.206
 10
15.386
 20
147.91
 10
15.537
 20
147.611
 10
15.682
 20
147.308
 10
15.822
 20
147.002
 10
15.956
 20
146.693
 10
16.085
 20
146.38
 10
16.09
 20
146.38
 10
16.095
 20
146.38
 10
16.1
 20
146.38
 10
16.105
 20
146.38
 10
16.11
 20
146.38
 10
16.115
 20
146.38
 10
16.244
 20
146.693
 10
16.378
 20
147.002
 10
16.518
 20
147.308
 10
16.663
 20
147.611
 10
16.814
 20
147.91
 10
16.97
 20
148.206
 10
17.132
 20
148.498
 10
17.299
 20
148.787
 10
17.316
 20
148.424
 10
17.298
 20
148.073
 10
17.247
 20
147.735
 10
17.162
 20
147.409
 10
17.042
 20
147.096
 10
16.888
 20
146.796
 10
16.7
 20
146.508
 10
16.478
 20
146.233
 10
16.484
 20
146.227
 10
16.49
 20
146.222
 10
16.496
 20
146.216
 10
16.502
 20
146.21
 10
16.507
 20
146.204
 10
16.513
 20
146.198
 10
16.727
 20
146.225
 10
16.936
 20
146.26
 10
17.141
 20
146.303
 10
17.342
 20
146.353
 10
17.539
 20
146.411
 10
17.731
 20
146.476
 10
17.919
 20
146.549
 10
18.103
 20
146.629
 10
17.993
 20
146.365
 10
17.864
 20
146.147
 10
17.714
 20
145.977
 10
17.543
 20
145.854
 10
17.353
 20
145.779
 10
17.142
 20
145.75
 10
16.911
 20
145.769
 10
16.66
 20
145.835
 10
16.644
 20
145.688
 10
16.591
 20
145.55
 10
16.503
 20
145.431
 10
16.387
 20
145.339
 10
16.251
 20
145.281
 10
16.104
 20
145.26
 10
16.105
 20
145.26
 10
16.105
 20
145.26
 10
16.105
 20
145.26
 10
16.105
 20
145.26
 10
16.104
 20
145.26
 10
16.103
 20
145.26
 10
16.102
 20
145.26
 10
16.1
 20
145.26
 10
16.098
 20
145.26
 10
16.097
 20
145.26
 10
16.096
 20
145.26
 10
16.095
 20
145.26
 10
16.095
 20
145.26
 10
16.095
 20
145.26
 10
16.095
 20
145.26
 10
16.096
 20
145.26
 10
15.949
 20
145.281
 10
15.813
 20
145.339
 10
15.697
 20
145.431
 10
15.609
 20
145.55
 10
15.556
 20
145.688
 97
0
 75
0
 76
1
 98
0
  0
HATCH
  5
35
330
17
100
AcDbEntity
  8
RASTER
 62
7
100
AcDbHatch
 10
0.0
 20
0.0
 30
0.0
210
0.0
220
0.0
230
1.0
  2
SOLID
 70
1
 71
0
 91
1
 92
3
 72
0
 73
1
 93
73
 10
38.921
 20
148.852
 10
38.966
 20
148.734
 10
38.997
 20
148.618
 10
39.014
 20
148.502
 10
39.017
 20
148.386
 10
39.005
 20
148.272
 10
38.98
 20
148.158
 10
38.94
 20
148.045
 10
38.886
 20
147.933
 10
38.821
 20
147.825
 10
38.749
 20
147.721
 10
38.67
 20
147.624
 10
38.584
 20
147.532
 10
38.491
 20
147.446
 10
38.39
 20
147.365
 10
38.282
 20
147.291
 10
38.167
 20
147.221
 10
38.048
 20
147.162
 10
37.927
 20
147.115
 10
37.805
 20
147.081
 10
37.681
 20
147.061
 10
37.556
 20
147.054
 10
37.429
 20
147.06
 10
37.301
 20
147.079
 10
37.171
 20
147.111
 10
37.043
 20
147.152
 10
36.917
 20
147.199
 10
36.796
 20
147.25
 10
36.677
 20
147.305
 10
36.562
 20
147.366
 10
36.45
 20
147.432
 10
36.342
 20
147.502
 10
36.237
 20
147.577
 10
36.141
 20
147.657
 10
36.06
 20
147.743
 10
35.995
 20
147.833
 10
35.946
 20
147.927
 10
35.911
 20
148.027
 10
35.892
 20
148.132
 10
35.888
 20
148.242
 10
35.899
 20
148.356
 10
35.922
 20
148.471
 10
35.954
 20
148.582
 10
35.993
 20
148.689
 10
36.04
 20
148.792
 10
36.096
 20
148.89
 10
36.159
 20
148.985
 10
36.231
 20
149.075
 10
36.311
 20
149.161
 10
36.398
 20
149.243
 10
36.491
 20
149.319
 10
36.589
 20
149.389
 10
36.694
 20
149.454
 10
36.804
 20
149.513
 10
36.921
 20
149.567
 10
37.043
 20
149.615
 10
37.171
 20
149.657
 10
37.302
 20
149.691
 10
37.432
 20
149.712
 10
37.562
 20
149.72
 10
37.691
 20
149.715
 10
37.82
 20
149.698
 10
37.949
 20
149.668
 10
38.077
 20
149.625
 10
38.204
 20
149.57
 10
38.326
 20
149.505
 10
38.439
 20
149.433
 10
38.543
 20
149.354
 10
38.637
 20
149.267
 10
38.722
 20
149.174
 10
38.798
 20
149.074
 10
38.864
 20
148.966
 10
38.921
 20
148.852
 97
0
 75
0
 76
1
 98
0
  0
HATCH
  5
36
330
17
100
AcDbEntity
  8
RASTER
 62
7
100
AcDbHatch
 10
0.0
 20
0.0
 30
0.0
210
0.0
220
0.0
230
1.0
  2
SOLID
 70
1
 71
0
 91
1
 92
3
 72
0
 73
1
 93
73
 10
40.486
 20
148.048
 10
40.517
 20
147.981
 10
40.54
 20
147.913
 10
40.554
 20
147.846
 10
40.56
 20
147.778
 10
40.557
 20
147.71
 10
40.545
 20
147.642
 10
40.525
 20
147.573
 10
40.496
 20
147.504
 10
40.461
 20
147.438
 10
40.42
 20
147.376
 10
40.375
 20
147.32
 10
40.324
 20
147.268
 10
40.268
 20
147.221
 10
40.208
 20
147.179
 10
40.142
 20
147.141
 10
40.071
 20
147.109
 10
39.997
 20
147.081
 10
39.923
 20
147.057
 10
39.847
 20
147.038
 10
39.77
 20
147.023
 10
39.692
 20
147.012
 10
39.612
 20
147.005
 10
39.532
 20
147.003
 10
39.451
 20
147.005
 10
39.371
 20
147.012
 10
39.294
 20
147.026
 10
39.22
 20
147.047
 10
39.15
 20
147.074
 10
39.083
 20
147.108
 10
39.019
 20
147.149
 10
38.958
 20
147.196
 10
38.901
 20
147.25
 10
38.849
 20
147.307
 10
38.806
 20
147.367
 10
38.771
 20
147.429
 10
38.744
 20
147.493
 10
38.725
 20
147.559
 10
38.715
 20
147.626
 10
38.713
 20
147.696
 10
38.718
 20
147.767
 10
38.73
 20
147.839
 10
38.746
 20
147.911
 10
38.766
 20
147.982
 10
38.789
 20
148.052
 10
38.816
 20
148.122
 10
38.847
 20
148.192
 10
38.882
 20
148.261
 10
38.921
 20
148.329
 10
38.964
 20
148.393
 10
39.014
 20
148.45
 10
39.069
 20
148.5
 10
39.131
 20
148.542
 10
39.199
 20
148.576
 10
39.273
 20
148.603
 10
39.354
 20
148.623
 10
39.44
 20
148.635
 10
39.528
 20
148.64
 10
39.613
 20
148.639
 10
39.696
 20
148.63
 10
39.776
 20
148.616
 10
39.854
 20
148.595
 10
39.929
 20
148.567
 10
40.001
 20
148.533
 10
40.07
 20
148.492
 10
40.137
 20
148.446
 10
40.199
 20
148.398
 10
40.257
 20
148.347
 10
40.311
 20
148.293
 10
40.361
 20
148.236
 10
40.406
 20
148.176
 10
40.448
 20
148.113
 10
40.486
 20
148.048
 97
0
 75
0
 76
1
 98
0
  0
HATCH
  5
37
330
17
100
AcDbEntity
  8
RASTER
 62
7
100
AcDbHatch
 10
0.0
 20
0.0
 30
0.0
210
0.0
220
0.0
230
1.0
  2
SOLID
 70
1
 71
0
 91
1
 92
3
 72
0
 73
1
 93
73
 10
41.425
 20
147.187
 10
41.442
 20
147.155
 10
41.454
 20
147.123
 10
41.463
 20
147.091
 10
41.466
 20
147.058
 10
41.465
 20
147.025
 10
41.46
 20
146.992
 10
41.45
 20
146.958
 10
41.436
 20
146.924
 10
41.418
 20
146.891
 10
41.398
 20
146.861
 10
41.375
 20
146.832
 10
41.35
 20
146.805
 10
41.323
 20
146.781
 10
41.293
 20
146.758
 10
41.261
 20
146.738
 10
41.226
 20
146.72
 10
41.19
 20
146.704
 10
41.154
 20
146.692
 10
41.117
 20
146.682
 10
41.08
 20
146.676
 10
41.043
 20
146.674
 10
41.005
 20
146.674
 10
40.967
 20
146.678
 10
40.928
 20
146.685
 10
40.891
 20
146.694
 10
40.855
 20
146.706
 10
40.821
 20
146.72
 10
40.789
 20
146.736
 10
40.759
 20
146.754
 10
40.73
 20
146.775
 10
40.703
 20
146.798
 10
40.678
 20
146.823
 10
40.655
 20
146.849
 10
40.636
 20
146.877
 10
40.618
 20
146.905
 10
40.604
 20
146.935
 10
40.593
 20
146.965
 10
40.584
 20
146.996
 10
40.578
 20
147.029
 10
40.575
 20
147.062
 10
40.575
 20
147.095
 10
40.579
 20
147.127
 10
40.586
 20
147.158
 10
40.596
 20
147.188
 10
40.611
 20
147.216
 10
40.629
 20
147.243
 10
40.65
 20
147.269
 10
40.675
 20
147.294
 10
40.702
 20
147.317
 10
40.731
 20
147.338
 10
40.761
 20
147.357
 10
40.793
 20
147.375
 10
40.825
 20
147.39
 10
40.859
 20
147.403
 10
40.894
 20
147.415
 10
40.931
 20
147.424
 10
40.968
 20
147.431
 10
41.005
 20
147.434
 10
41.041
 20
147.434
 10
41.076
 20
147.431
 10
41.111
 20
147.425
 10
41.146
 20
147.415
 10
41.18
 20
147.402
 10
41.214
 20
147.386
 10
41.246
 20
147.367
 10
41.277
 20
147.347
 10
41.306
 20
147.325
 10
41.333
 20
147.301
 10
41.359
 20
147.275
 10
41.382
 20
147.248
 10
41.404
 20
147.218
 10
41.425
 20
147.187
 97
0
 75
0
 76
1
 98
0
  0
HATCH
  5
38
330
17
100
AcDbEntity
  8
RASTER
 62
7
100
AcDbHatch
 10
0.0
 20
0.0
 30
0.0
210
0.0
220
0.0
230
1.0
  2
SOLID
 70
1
 71
0
 91
1
 92
3
 72
0
 73
1
 93
110
 10
44.54
 20
143.335
 10
44.289
 20
143.269
 10
44.058
 20
143.25
 10
43.847
 20
143.279
 10
43.657
 20
143.354
 10
43.486
 20
143.477
 10
43.336
 20
143.647
 10
43.207
 20
143.865
 10
43.097
 20
144.129
 10
43.281
 20
144.049
 10
43.469
 20
143.976
 10
43.661
 20
143.911
 10
43.858
 20
143.853
 10
44.059
 20
143.803
 10
44.264
 20
143.76
 10
44.473
 20
143.725
 10
44.687
 20
143.698
 10
44.693
 20
143.704
 10
44.698
 20
143.71
 10
44.704
 20
143.716
 10
44.71
 20
143.722
 10
44.716
 20
143.727
 10
44.722
 20
143.733
 10
44.5
 20
144.008
 10
44.312
 20
144.296
 10
44.158
 20
144.596
 10
44.038
 20
144.909
 10
43.953
 20
145.235
 10
43.902
 20
145.573
 10
43.884
 20
145.924
 10
43.901
 20
146.287
 10
44.068
 20
145.998
 10
44.23
 20
145.706
 10
44.386
 20
145.41
 10
44.537
 20
145.111
 10
44.682
 20
144.808
 10
44.822
 20
144.502
 10
44.956
 20
144.193
 10
45.085
 20
143.88
 10
45.09
 20
143.88
 10
45.095
 20
143.88
 10
45.1
 20
143.88
 10
45.105
 20
143.88
 10
45.11
 20
143.88
 10
45.115
 20
143.88
 10
45.244
 20
144.193
 10
45.378
 20
144.502
 10
45.518
 20
144.808
 10
45.663
 20
145.111
 10
45.814
 20
145.41
 10
45.97
 20
145.706
 10
46.132
 20
145.998
 10
46.299
 20
146.287
 10
46.316
 20
145.924
 10
46.298
 20
145.573
 10
46.247
 20
145.235
 10
46.162
 20
144.909
 10
46.042
 20
144.596
 10
45.888
 20
144.296
 10
45.7
 20
144.008
 10
45.478
 20
143.733
 10
45.484
 20
143.727
 10
45.49
 20
143.722
 10
45.496
 20
143.716
 10
45.502
 20
143.71
 10
45.507
 20
143.704
 10
45.513
 20
143.698
 10
45.727
 20
143.725
 10
45.936
 20
143.76
 10
46.141
 20
143.803
 10
46.342
 20
143.853
 10
46.539
 20
143.911
 10
46.731
 20
143.976
 10
46.919
 20
144.049
 10
47.103
 20
144.129
 10
46.993
 20
143.865
 10
46.864
 20
143.647
 10
46.714
 20
143.477
 10
46.543
 20
143.354
 10
46.353
 20
143.279
 10
46.142
 20
143.25
 10
45.911
 20
143.269
 10
45.66
 20
143.335
 10
45.644
 20
143.188
 10
45.591
 20
143.05
 10
45.503
 20
142.931
 10
45.387
 20
142.839
 10
45.251
 20
142.781
 10
45.104
 20
142.76
 10
45.105
 20
142.76
 10
45.105
 20
142.76
 10
45.105
 20
142.76
 10
45.105
 20
142.76
 10
45.104
 20
142.76
 10
45.103
 20
142.76
 10
45.102
 20
142.76
 10
45.1
 20
142.76
 10
45.098
 20
142.76
 10
45.097
 20
142.76
 10
45.096
 20
142.76
 10
45.095
 20
142.76
 10
45.095
 20
142.76
 10
45.095
 20
142.76
 10
45.095
 20
142.76
 10
45.096
 20
142.76
 10
44.949
 20
142.781
 10
44.813
 20
142.839
 10
44.697
 20
142.931
 10
44.609
 20
143.05
 10
44.556
 20
143.188
 97
0
 75
0
 76
1
 98
0
  0
HATCH
  5
39
330
17
100
AcDbEntity
  8
RASTER
 62
7
100
AcDbHatch
 10
0.0
 20
0.0
 30
0.0
210
0.0
220
0.0
230
1.0
  2
SOLID
 70
1
 71
0
 91
1
 92
3
 72
0
 73
1
 93
22
 10
65.046
 20
141.796
 10
65.036
 20
141.811
 10
65.001
 20
141.922
 10
64.967
 20
142.034
 10
64.934
 20
142.146
 10
64.903
 20
142.258
 10
64.873
 20
142.369
 10
64.844
 20
142.481
 10
64.816
 20
142.593
 10
64.79
 20
142.705
 10
64.781
 20
142.719
 10
63.423
 20
142.5
 10
63.423
 20
142.47
 10
63.439
 20
142.34
 10
63.458
 20
142.21
 10
63.477
 20
142.081
 10
63.498
 20
141.951
 10
63.521
 20
141.821
 10
63.545
 20
141.691
 10
63.571
 20
141.561
 10
63.598
 20
141.431
 10
63.6
 20
141.397
 97
0
 75
0
 76
1
 98
0
  0
HATCH
  5
3A
330
17
100
AcDbEntity
  8
RASTER
 62
7
100
AcDbHatch
 10
0.0
 20
0.0
 30
0.0
210
0.0
220
0.0
230
1.0
  2
SOLID
 70
1
 71
0
 91
1
 92
3
 72
0
 73
1
 93
22
 10
64.749
 20
142.916
 10
64.741
 20
142.93
 10
64.719
 20
143.042
 10
64.697
 20
143.155
 10
64.678
 20
143.267
 10
64.659
 20
143.38
 10
64.642
 20
143.493
 10
64.626
 20
143.606
 10
64.611
 20
143.719
 10
64.598
 20
143.832
 10
64.59
 20
143.845
 10
63.341
 20
143.788
 10
63.337
 20
143.76
 10
63.339
 20
143.631
 10
63.342
 20
143.503
 10
63.347
 20
143.374
 10
63.353
 20
143.245
 10
63.361
 20
143.116
 10
63.371
 20
142.987
 10
63.381
 20
142.858
 10
63.394
 20
142.728
 10
63.391
 20
142.698
 97
0
 75
0
 76
1
 98
0
  0
HATCH
  5
3B
330
17
100
AcDbEntity
  8
RASTER
 62
7
100
AcDbHatch
 10
0.0
 20
0.0
 30
0.0
210
0.0
220
0.0
230
1.0
  2
SOLID
 70
1
 71
0
 91
1
 92
3
 72
0
 73
1
 93
22
 10
64.581
 20
144.045
 10
64.575
 20
144.059
 10
64.565
 20
144.172
 10
64.557
 20
144.286
 10
64.55
 20
144.4
 10
64.544
 20
144.514
 10
64.54
 20
144.628
 10
64.537
 20
144.742
 10
64.536
 20
144.857
 10
64.535
 20
144.972
 10
64.529
 20
144.987
 10
63.407
 20
145.064
 10
63.4
 20
145.037
 10
63.387
 20
144.91
 10
63.375
 20
144.783
 10
63.365
 20
144.655
 10
63.357
 20
144.528
 10
63.35
 20
144.4
 10
63.344
 20
144.272
 10
63.34
 20
144.144
 10
63.338
 20
144.016
 10
63.332
 20
143.988
 97
0
 75
0
 76
1
 98
0
  0
HATCH
  5
3C
330
17
100
AcDbEntity
  8
RASTER
 62
7
100
AcDbHatch
 10
0.0
 20
0.0
 30
0.0
210
0.0
220
0.0
230
1.0
  2
SOLID
 70
1
 71
0
 91
1
 92
3
 72
0
 73
1
 93
22
 10
64.543
 20
145.186
 10
64.538
 20
145.201
 10
64.542
 20
145.316
 10
64.547
 20
145.432
 10
64.553
 20
145.547
 10
64.561
 20
145.663
 10
64.57
 20
145.778
 10
64.58
 20
145.894
 10
64.592
 20
146.01
 10
64.605
 20
146.126
 10
64.601
 20
146.145
 10
63.618
 20
146.325
 10
63.607
 20
146.299
 10
63.58
 20
146.173
 10
63.554
 20
146.047
 10
63.53
 20
145.922
 10
63.507
 20
145.796
 10
63.485
 20
145.67
 10
63.465
 20
145.543
 10
63.447
 20
145.417
 10
63.43
 20
145.29
 10
63.421
 20
145.263
 97
0
 75
0
 76
1
 98
0
  0
HATCH
  5
3D
330
17
100
AcDbEntity
  8
RASTER
 62
7
100
AcDbHatch
 10
0.0
 20
0.0
 30
0.0
210
0.0
220
0.0
230
1.0
  2
SOLID
 70
1
 71
0
 91
1
 92
3
 72
0
 73
1
 93
22
 10
64.638
 20
146.341
 10
64.635
 20
146.359
 10
64.652
 20
146.476
 10
64.671
 20
146.593
 10
64.691
 20
146.71
 10
64.712
 20
146.828
 10
64.734
 20
146.945
 10
64.758
 20
147.063
 10
64.784
 20
147.18
 10
64.811
 20
147.298
 10
64.81
 20
147.321
 10
63.972
 20
147.571
 10
63.958
 20
147.543
 10
63.916
 20
147.42
 10
63.876
 20
147.296
 10
63.838
 20
147.172
 10
63.801
 20
147.047
 10
63.765
 20
146.923
 10
63.731
 20
146.799
 10
63.698
 20
146.674
 10
63.666
 20
146.549
 10
63.654
 20
146.522
 97
0
 75
0
 76
1
 98
0
  0
HATCH
  5
3E
330
17
100
AcDbEntity
  8
RASTER
 62
7
100
AcDbHatch
 10
0.0
 20
0.0
 30
0.0
210
0.0
220
0.0
230
1.0
  2
SOLID
 70
1
 71
0
 91
1
 92
3
 72
0
 73
1
 93
22
 10
64.867
 20
147.512
 10
64.868
 20
147.535
 10
64.899
 20
147.653
 10
64.931
 20
147.772
 10
64.965
 20
147.891
 10
65.0
 20
148.009
 10
65.037
 20
148.129
 10
65.074
 20
148.248
 10
65.114
 20
148.367
 10
65.154
 20
148.487
 10
65.158
 20
148.514
 10
64.465
 20
148.801
 10
64.447
 20
148.771
 10
64.392
 20
148.649
 10
64.338
 20
148.527
 10
64.286
 20
148.405
 10
64.235
 20
148.282
 10
64.185
 20
148.159
 10
64.137
 20
148.037
 10
64.09
 20
147.914
 10
64.044
 20
147.79
 10
64.029
 20
147.763
 97
0
 75
0
 76
1
 98
0
  0
HATCH
  5
3F
330
17
100
AcDbEntity
  8
RASTER
 62
7
100
AcDbHatch
 10
0.0
 20
0.0
 30
0.0
210
0.0
220
0.0
230
1.0
  2
SOLID
 70
1
 71
0
 91
1
 92
3
 72
0
 73
1
 93
48
 10
65.412
 20
149.5
 10
65.408
 20
149.427
 10
65.393
 20
149.354
 10
65.37
 20
149.285
 10
65.337
 20
149.219
 10
65.296
 20
149.158
 10
65.248
 20
149.102
 10
65.192
 20
149.054
 10
65.131
 20
149.013
 10
65.065
 20
148.98
 10
64.996
 20
148.957
 10
64.923
 20
148.942
 10
64.85
 20
148.938
 10
64.777
 20
148.942
 10
64.704
 20
148.957
 10
64.635
 20
148.98
 10
64.569
 20
149.013
 10
64.508
 20
149.054
 10
64.452
 20
149.102
 10
64.404
 20
149.158
 10
64.363
 20
149.219
 10
64.33
 20
149.285
 10
64.307
 20
149.354
 10
64.292
 20
149.427
 10
64.287
 20
149.5
 10
64.292
 20
149.573
 10
64.307
 20
149.646
 10
64.33
 20
149.715
 10
64.363
 20
149.781
 10
64.404
 20
149.842
 10
64.452
 20
149.898
 10
64.508
 20
149.946
 10
64.569
 20
149.987
 10
64.635
 20
150.02
 10
64.704
 20
150.043
 10
64.777
 20
150.058
 10
64.85
 20
150.063
 10
64.923
 20
150.058
 10
64.996
 20
150.043
 10
65.065
 20
150.02
 10
65.131
 20
149.987
 10
65.192
 20
149.946
 10
65.248
 20
149.898
 10
65.296
 20
149.842
 10
65.337
 20
149.781
 10
65.37
 20
149.715
 10
65.393
 20
149.646
 10
65.408
 20
149.573
 97
0
 75
0
 76
1
 98
0
  0
HATCH
  5
40
330
17
100
AcDbEntity
  8
RASTER
 62
7
100
AcDbHatch
 10
0.0
 20
0.0
 30
0.0
210
0.0
220
0.0
230
1.0
  2
SOLID
 70
1
 71
0
 91
1
 92
3
 72
0
 73
1
 93
122
 10
64.514
 20
150.066
 10
64.493
 20
150.17
 10
64.459
 20
150.261
 10
64.417
 20
150.346
 10
64.37
 20
150.426
 10
64.318
 20
150.501
 10
64.261
 20
150.572
 10
64.197
 20
150.638
 10
64.129
 20
150.699
 10
64.054
 20
150.755
 10
63.973
 20
150.804
 10
63.887
 20
150.845
 10
63.796
 20
150.879
 10
63.7
 20
150.904
 10
63.601
 20
150.92
 10
63.499
 20
150.926
 10
63.397
 20
150.922
 10
63.295
 20
150.908
 10
63.195
 20
150.885
 10
63.098
 20
150.853
 10
63.004
 20
150.812
 10
62.915
 20
150.765
 10
62.83
 20
150.711
 10
62.749
 20
150.651
 10
62.673
 20
150.587
 10
62.601
 20
150.517
 10
62.533
 20
150.443
 10
62.469
 20
150.365
 10
62.409
 20
150.283
 10
62.352
 20
150.197
 10
62.298
 20
150.108
 10
62.247
 20
150.015
 10
62.199
 20
149.918
 10
62.153
 20
149.819
 10
62.109
 20
149.715
 10
62.068
 20
149.608
 10
62.028
 20
149.498
 10
61.991
 20
149.384
 10
61.955
 20
149.266
 10
61.921
 20
149.145
 10
61.888
 20
149.02
 10
61.857
 20
148.892
 10
61.827
 20
148.76
 10
61.798
 20
148.624
 10
61.771
 20
148.484
 10
61.745
 20
148.341
 10
61.719
 20
148.194
 10
61.695
 20
148.043
 10
61.672
 20
147.888
 10
61.649
 20
147.73
 10
61.627
 20
147.567
 10
61.606
 20
147.401
 10
61.586
 20
147.231
 10
61.566
 20
147.056
 10
61.547
 20
146.878
 10
61.529
 20
146.696
 10
61.511
 20
146.51
 10
61.493
 20
146.32
 10
61.476
 20
146.126
 10
61.459
 20
145.928
 10
61.443
 20
145.726
 10
61.763
 20
145.67
 10
61.817
 20
145.863
 10
61.872
 20
146.052
 10
61.927
 20
146.236
 10
61.982
 20
146.415
 10
62.038
 20
146.59
 10
62.094
 20
146.761
 10
62.15
 20
146.926
 10
62.207
 20
147.087
 10
62.263
 20
147.243
 10
62.32
 20
147.395
 10
62.298
 20
147.562
 10
62.266
 20
147.729
 10
62.315
 20
147.87
 10
62.457
 20
147.98
 10
62.602
 20
148.082
 10
62.658
 20
148.205
 10
62.713
 20
148.323
 10
62.768
 20
148.437
 10
62.823
 20
148.545
 10
62.877
 20
148.649
 10
62.93
 20
148.747
 10
62.983
 20
148.841
 10
63.034
 20
148.93
 10
63.085
 20
149.013
 10
63.135
 20
149.092
 10
63.115
 20
149.2
 10
63.042
 20
149.336
 10
62.991
 20
149.461
 10
63.156
 20
149.456
 10
63.318
 20
149.437
 10
63.401
 20
149.457
 10
63.438
 20
149.5
 10
63.473
 20
149.538
 10
63.505
 20
149.572
 10
63.534
 20
149.601
 10
63.559
 20
149.626
 10
63.581
 20
149.647
 10
63.599
 20
149.664
 10
63.614
 20
149.679
 10
63.625
 20
149.692
 10
63.623
 20
149.724
 10
63.58
 20
149.866
 10
63.557
 20
150.011
 10
63.593
 20
149.97
 10
63.631
 20
149.85
 10
63.647
 20
149.764
 10
63.654
 20
149.78
 10
63.665
 20
149.796
 10
63.681
 20
149.813
 10
63.702
 20
149.829
 10
63.731
 20
149.844
 10
63.766
 20
149.856
 10
63.807
 20
149.865
 10
63.855
 20
149.871
 10
63.909
 20
149.873
 10
63.97
 20
149.872
 10
64.036
 20
149.866
 10
64.109
 20
149.856
 10
64.189
 20
149.843
 10
64.284
 20
149.836
 97
0
 75
0
 76
1
 98
0
  0
HATCH
  5
41
330
17
100
AcDbEntity
  8
RASTER
 62
7
100
AcDbHatch
 10
0.0
 20
0.0
 30
0.0
210
0.0
220
0.0
230
1.0
  2
SOLID
 70
1
 71
0
 91
1
 92
3
 72
0
 73
1
 93
122
 10
64.899
 20
150.156
 10
64.94
 20
150.267
 10
64.96
 20
150.375
 10
64.972
 20
150.48
 10
64.977
 20
150.583
 10
64.975
 20
150.684
 10
64.965
 20
150.784
 10
64.948
 20
150.883
 10
64.922
 20
150.98
 10
64.888
 20
151.076
 10
64.843
 20
151.169
 10
64.789
 20
151.259
 10
64.724
 20
151.344
 10
64.649
 20
151.424
 10
64.563
 20
151.496
 10
64.469
 20
151.558
 10
64.367
 20
151.611
 10
64.26
 20
151.651
 10
64.149
 20
151.681
 10
64.037
 20
151.698
 10
63.924
 20
151.705
 10
63.813
 20
151.702
 10
63.703
 20
151.69
 10
63.595
 20
151.669
 10
63.489
 20
151.641
 10
63.384
 20
151.606
 10
63.282
 20
151.564
 10
63.181
 20
151.516
 10
63.081
 20
151.463
 10
62.982
 20
151.404
 10
62.883
 20
151.339
 10
62.786
 20
151.27
 10
62.688
 20
151.195
 10
62.59
 20
151.115
 10
62.492
 20
151.03
 10
62.394
 20
150.941
 10
62.295
 20
150.846
 10
62.196
 20
150.747
 10
62.096
 20
150.642
 10
61.995
 20
150.533
 10
61.892
 20
150.419
 10
61.789
 20
150.3
 10
61.685
 20
150.176
 10
61.579
 20
150.048
 10
61.472
 20
149.914
 10
61.364
 20
149.776
 10
61.254
 20
149.633
 10
61.143
 20
149.485
 10
61.029
 20
149.333
 10
60.915
 20
149.176
 10
60.798
 20
149.013
 10
60.68
 20
148.847
 10
60.56
 20
148.675
 10
60.438
 20
148.499
 10
60.314
 20
148.318
 10
60.188
 20
148.132
 10
60.06
 20
147.941
 10
59.93
 20
147.746
 10
59.798
 20
147.546
 10
59.663
 20
147.342
 10
59.527
 20
147.132
 10
59.785
 20
146.935
 10
59.951
 20
147.119
 10
60.115
 20
147.298
 10
60.277
 20
147.472
 10
60.436
 20
147.641
 10
60.592
 20
147.805
 10
60.747
 20
147.963
 10
60.898
 20
148.117
 10
61.047
 20
148.265
 10
61.194
 20
148.408
 10
61.338
 20
148.546
 10
61.418
 20
148.733
 10
61.488
 20
148.923
 10
61.619
 20
149.052
 10
61.817
 20
149.111
 10
62.015
 20
149.161
 10
62.141
 20
149.268
 10
62.265
 20
149.371
 10
62.385
 20
149.469
 10
62.502
 20
149.561
 10
62.616
 20
149.649
 10
62.726
 20
149.732
 10
62.833
 20
149.809
 10
62.936
 20
149.882
 10
63.035
 20
149.949
 10
63.131
 20
150.012
 10
63.176
 20
150.13
 10
63.184
 20
150.296
 10
63.207
 20
150.441
 10
63.367
 20
150.375
 10
63.518
 20
150.297
 10
63.614
 20
150.286
 10
63.678
 20
150.316
 10
63.736
 20
150.341
 10
63.788
 20
150.361
 10
63.835
 20
150.379
 10
63.875
 20
150.392
 10
63.909
 20
150.403
 10
63.937
 20
150.412
 10
63.958
 20
150.419
 10
63.973
 20
150.425
 10
63.983
 20
150.455
 10
64.009
 20
150.601
 10
64.055
 20
150.739
 10
64.065
 20
150.687
 10
64.034
 20
150.565
 10
63.998
 20
150.486
 10
64.008
 20
150.499
 10
64.022
 20
150.509
 10
64.043
 20
150.516
 10
64.07
 20
150.517
 10
64.103
 20
150.511
 10
64.141
 20
150.498
 10
64.183
 20
150.477
 10
64.229
 20
150.447
 10
64.278
 20
150.409
 10
64.33
 20
150.363
 10
64.384
 20
150.308
 10
64.441
 20
150.246
 10
64.503
 20
150.175
 10
64.579
 20
150.1
 97
0
 75
0
 76
1
 98
0
  0
HATCH
  5
42
330
17
100
AcDbEntity
  8
RASTER
 62
7
100
AcDbHatch
 10
0.0
 20
0.0
 30
0.0
210
0.0
220
0.0
230
1.0
  2
SOLID
 70
1
 71
0
 91
1
 92
3
 72
0
 73
1
 93
122
 10
65.267
 20
150.009
 10
65.365
 20
150.073
 10
65.448
 20
150.136
 10
65.527
 20
150.194
 10
65.602
 20
150.248
 10
65.674
 20
150.295
 10
65.743
 20
150.338
 10
65.81
 20
150.375
 10
65.874
 20
150.407
 10
65.935
 20
150.434
 10
65.993
 20
150.457
 10
66.048
 20
150.476
 10
66.101
 20
150.491
 10
66.151
 20
150.503
 10
66.199
 20
150.512
 10
66.244
 20
150.519
 10
66.289
 20
150.524
 10
66.332
 20
150.528
 10
66.376
 20
150.531
 10
66.419
 20
150.532
 10
66.464
 20
150.533
 10
66.51
 20
150.533
 10
66.558
 20
150.532
 10
66.609
 20
150.529
 10
66.663
 20
150.525
 10
66.72
 20
150.52
 10
66.781
 20
150.512
 10
66.845
 20
150.503
 10
66.913
 20
150.491
 10
66.986
 20
150.476
 10
67.062
 20
150.458
 10
67.142
 20
150.437
 10
67.226
 20
150.413
 10
67.314
 20
150.385
 10
67.405
 20
150.354
 10
67.5
 20
150.319
 10
67.599
 20
150.28
 10
67.702
 20
150.237
 10
67.807
 20
150.19
 10
67.916
 20
150.138
 10
68.029
 20
150.083
 10
68.144
 20
150.023
 10
68.263
 20
149.959
 10
68.384
 20
149.891
 10
68.509
 20
149.818
 10
68.636
 20
149.741
 10
68.766
 20
149.659
 10
68.898
 20
149.573
 10
69.033
 20
149.482
 10
69.171
 20
149.387
 10
69.311
 20
149.287
 10
69.453
 20
149.183
 10
69.598
 20
149.074
 10
69.745
 20
148.961
 10
69.894
 20
148.843
 10
70.045
 20
148.72
 10
70.199
 20
148.593
 10
70.354
 20
148.461
 10
70.511
 20
148.324
 10
70.671
 20
148.183
 10
70.832
 20
148.037
 10
71.072
 20
148.257
 10
70.937
 20
148.431
 10
70.804
 20
148.601
 10
70.672
 20
148.767
 10
70.542
 20
148.93
 10
70.413
 20
149.088
 10
70.286
 20
149.242
 10
70.16
 20
149.392
 10
70.035
 20
149.537
 10
69.911
 20
149.679
 10
69.789
 20
149.817
 10
69.614
 20
149.89
 10
69.434
 20
149.949
 10
69.311
 20
150.067
 10
69.25
 20
150.255
 10
69.191
 20
150.444
 10
69.074
 20
150.556
 10
68.957
 20
150.665
 10
68.841
 20
150.769
 10
68.726
 20
150.869
 10
68.611
 20
150.965
 10
68.496
 20
151.056
 10
68.381
 20
151.143
 10
68.267
 20
151.225
 10
68.152
 20
151.302
 10
68.038
 20
151.375
 10
67.891
 20
151.375
 10
67.722
 20
151.311
 10
67.57
 20
151.261
 10
67.511
 20
151.439
 10
67.445
 20
151.617
 10
67.345
 20
151.708
 10
67.228
 20
151.745
 10
67.11
 20
151.776
 10
66.992
 20
151.8
 10
66.874
 20
151.818
 10
66.756
 20
151.829
 10
66.637
 20
151.833
 10
66.52
 20
151.83
 10
66.403
 20
151.82
 10
66.287
 20
151.802
 10
66.178
 20
151.753
 10
66.103
 20
151.585
 10
66.045
 20
151.418
 10
65.936
 20
151.43
 10
65.792
 20
151.504
 10
65.654
 20
151.533
 10
65.565
 20
151.463
 10
65.48
 20
151.388
 10
65.402
 20
151.307
 10
65.33
 20
151.221
 10
65.264
 20
151.131
 10
65.205
 20
151.036
 10
65.152
 20
150.937
 10
65.105
 20
150.835
 10
65.064
 20
150.73
 10
65.029
 20
150.621
 10
65.001
 20
150.509
 10
64.98
 20
150.394
 10
64.967
 20
150.274
 10
64.972
 20
150.146
 97
0
 75
0
 76
1
 98
0
  0
HATCH
  5
43
330
17
100
AcDbEntity
  8
RASTER
 62
7
100
AcDbHatch
 10
0.0
 20
0.0
 30
0.0
210
0.0
220
0.0
230
1.0
  2
SOLID
 70
1
 71
0
 91
1
 92
3
 72
0
 73
1
 93
122
 10
65.483
 20
149.678
 10
65.602
 20
149.675
 10
65.711
 20
149.683
 10
65.815
 20
149.691
 10
65.915
 20
149.698
 10
66.012
 20
149.705
 10
66.106
 20
149.71
 10
66.197
 20
149.713
 10
66.286
 20
149.716
 10
66.372
 20
149.716
 10
66.455
 20
149.716
 10
66.537
 20
149.714
 10
66.616
 20
149.711
 10
66.694
 20
149.707
 10
66.769
 20
149.701
 10
66.843
 20
149.695
 10
66.916
 20
149.688
 10
66.988
 20
149.68
 10
67.059
 20
149.67
 10
67.129
 20
149.66
 10
67.198
 20
149.65
 10
67.267
 20
149.638
 10
67.336
 20
149.625
 10
67.406
 20
149.611
 10
67.475
 20
149.596
 10
67.545
 20
149.58
 10
67.616
 20
149.563
 10
67.687
 20
149.544
 10
67.759
 20
149.524
 10
67.833
 20
149.502
 10
67.907
 20
149.479
 10
67.983
 20
149.453
 10
68.06
 20
149.426
 10
68.138
 20
149.396
 10
68.217
 20
149.364
 10
68.298
 20
149.33
 10
68.381
 20
149.293
 10
68.464
 20
149.254
 10
68.549
 20
149.212
 10
68.636
 20
149.167
 10
68.723
 20
149.119
 10
68.812
 20
149.068
 10
68.902
 20
149.015
 10
68.993
 20
148.958
 10
69.086
 20
148.898
 10
69.179
 20
148.835
 10
69.273
 20
148.768
 10
69.368
 20
148.698
 10
69.464
 20
148.625
 10
69.561
 20
148.549
 10
69.659
 20
148.469
 10
69.757
 20
148.386
 10
69.855
 20
148.299
 10
69.955
 20
148.208
 10
70.054
 20
148.115
 10
70.155
 20
148.017
 10
70.255
 20
147.917
 10
70.356
 20
147.812
 10
70.457
 20
147.705
 10
70.558
 20
147.593
 10
70.659
 20
147.478
 10
70.929
 20
147.659
 10
70.858
 20
147.799
 10
70.786
 20
147.936
 10
70.714
 20
148.071
 10
70.641
 20
148.204
 10
70.568
 20
148.333
 10
70.494
 20
148.46
 10
70.42
 20
148.585
 10
70.345
 20
148.707
 10
70.269
 20
148.826
 10
70.192
 20
148.943
 10
70.055
 20
149.002
 10
69.911
 20
149.049
 10
69.828
 20
149.15
 10
69.811
 20
149.316
 10
69.794
 20
149.486
 10
69.711
 20
149.586
 10
69.627
 20
149.683
 10
69.541
 20
149.778
 10
69.454
 20
149.869
 10
69.366
 20
149.957
 10
69.276
 20
150.043
 10
69.185
 20
150.125
 10
69.092
 20
150.203
 10
68.997
 20
150.278
 10
68.901
 20
150.35
 10
68.767
 20
150.352
 10
68.605
 20
150.293
 10
68.46
 20
150.249
 10
68.422
 20
150.426
 10
68.377
 20
150.605
 10
68.292
 20
150.701
 10
68.185
 20
150.745
 10
68.077
 20
150.785
 10
67.968
 20
150.819
 10
67.857
 20
150.85
 10
67.746
 20
150.875
 10
67.634
 20
150.896
 10
67.522
 20
150.911
 10
67.409
 20
150.921
 10
67.297
 20
150.927
 10
67.183
 20
150.904
 10
67.07
 20
150.759
 10
66.966
 20
150.614
 10
66.861
 20
150.658
 10
66.747
 20
150.775
 10
66.628
 20
150.849
 10
66.52
 20
150.819
 10
66.414
 20
150.783
 10
66.309
 20
150.742
 10
66.206
 20
150.696
 10
66.105
 20
150.645
 10
66.006
 20
150.59
 10
65.91
 20
150.53
 10
65.815
 20
150.465
 10
65.724
 20
150.396
 10
65.635
 20
150.322
 10
65.549
 20
150.243
 10
65.467
 20
150.158
 10
65.389
 20
150.067
 10
65.321
 20
149.959
 97
0
 75
0
 76
1
 98
0
  0
HATCH
  5
44
330
17
100
AcDbEntity
  8
RASTER
 62
7
100
AcDbHatch
 10
0.0
 20
0.0
 30
0.0
210
0.0
220
0.0
230
1.0
  2
SOLID
 70
1
 71
0
 91
1
 92
3
 72
0
 73
1
 93
122
 10
65.471
 20
149.283
 10
65.554
 20
149.214
 10
65.637
 20
149.16
 10
65.718
 20
149.111
 10
65.797
 20
149.064
 10
65.875
 20
149.019
 10
65.952
 20
148.975
 10
66.028
 20
148.932
 10
66.102
 20
148.891
 10
66.175
 20
148.85
 10
66.246
 20
148.81
 10
66.317
 20
148.771
 10
66.386
 20
148.732
 10
66.455
 20
148.695
 10
66.523
 20
148.657
 10
66.589
 20
148.621
 10
66.656
 20
148.585
 10
66.721
 20
148.549
 10
66.786
 20
148.514
 10
66.85
 20
148.48
 10
66.914
 20
148.445
 10
66.977
 20
148.412
 10
67.04
 20
148.378
 10
67.103
 20
148.344
 10
67.166
 20
148.311
 10
67.228
 20
148.278
 10
67.29
 20
148.245
 10
67.352
 20
148.211
 10
67.415
 20
148.178
 10
67.477
 20
148.144
 10
67.539
 20
148.11
 10
67.602
 20
148.076
 10
67.664
 20
148.041
 10
67.727
 20
148.006
 10
67.79
 20
147.971
 10
67.853
 20
147.934
 10
67.916
 20
147.897
 10
67.979
 20
147.859
 10
68.043
 20
147.821
 10
68.107
 20
147.781
 10
68.171
 20
147.74
 10
68.235
 20
147.698
 10
68.299
 20
147.655
 10
68.364
 20
147.611
 10
68.428
 20
147.566
 10
68.493
 20
147.519
 10
68.558
 20
147.471
 10
68.622
 20
147.422
 10
68.687
 20
147.371
 10
68.752
 20
147.318
 10
68.816
 20
147.264
 10
68.88
 20
147.209
 10
68.945
 20
147.151
 10
69.009
 20
147.092
 10
69.072
 20
147.032
 10
69.136
 20
146.969
 10
69.199
 20
146.905
 10
69.261
 20
146.84
 10
69.323
 20
146.772
 10
69.385
 20
146.703
 10
69.446
 20
146.632
 10
69.732
 20
146.786
 10
69.703
 20
146.879
 10
69.673
 20
146.973
 10
69.641
 20
147.065
 10
69.609
 20
147.157
 10
69.575
 20
147.248
 10
69.54
 20
147.338
 10
69.504
 20
147.427
 10
69.467
 20
147.516
 10
69.428
 20
147.604
 10
69.388
 20
147.691
 10
69.283
 20
147.727
 10
69.169
 20
147.754
 10
69.12
 20
147.831
 10
69.143
 20
147.969
 10
69.166
 20
148.11
 10
69.116
 20
148.191
 10
69.065
 20
148.271
 10
69.013
 20
148.349
 10
68.958
 20
148.426
 10
68.902
 20
148.502
 10
68.845
 20
148.576
 10
68.785
 20
148.649
 10
68.724
 20
148.72
 10
68.661
 20
148.79
 10
68.596
 20
148.858
 10
68.482
 20
148.864
 10
68.332
 20
148.817
 10
68.199
 20
148.784
 10
68.209
 20
148.953
 10
68.216
 20
149.126
 10
68.17
 20
149.225
 10
68.093
 20
149.279
 10
68.014
 20
149.33
 10
67.934
 20
149.379
 10
67.852
 20
149.426
 10
67.769
 20
149.47
 10
67.685
 20
149.512
 10
67.599
 20
149.551
 10
67.512
 20
149.587
 10
67.423
 20
149.621
 10
67.325
 20
149.63
 10
67.184
 20
149.528
 10
67.047
 20
149.425
 10
66.979
 20
149.501
 10
66.933
 20
149.649
 10
66.871
 20
149.761
 10
66.776
 20
149.773
 10
66.68
 20
149.783
 10
66.583
 20
149.789
 10
66.486
 20
149.793
 10
66.389
 20
149.793
 10
66.291
 20
149.789
 10
66.193
 20
149.782
 10
66.094
 20
149.772
 10
65.996
 20
149.758
 10
65.897
 20
149.74
 10
65.798
 20
149.718
 10
65.699
 20
149.691
 10
65.599
 20
149.658
 10
65.499
 20
149.606
 97
0
 75
0
 76
1
 98
0
  0
LWPOLYLINE
  5
45
330
17
100
AcDbEntity
  8
CUT
100
AcDbPolyline
 90
298
 70
1
 10
130.552
 20
158.103
 10
130.815
 20
157.718
 10
131.037
 20
157.294
 10
131.218
 20
156.831
 10
131.288
 20
156.58
 10
131.358
 20
156.33
 10
131.408
 20
156.061
 10
131.458
 20
155.791
 10
131.488
 20
155.503
 10
131.518
 20
155.215
 10
131.528
 20
154.907
 10
131.537
 20
154.602
 10
131.537
 20
154.11
 10
131.537
 20
153.621
 10
131.537
 20
153.131
 10
131.537
 20
152.641
 10
131.537
 20
151.888
 10
128.937
 20
151.888
 10
128.937
 20
143.112
 10
131.537
 20
143.112
 10
131.537
 20
142.359
 10
131.537
 20
141.869
 10
131.537
 20
141.379
 10
131.537
 20
140.89
 10
131.537
 20
140.398
 10
131.528
 20
140.093
 10
131.518
 20
139.785
 10
131.488
 20
139.497
 10
131.458
 20
139.209
 10
131.408
 20
138.939
 10
131.358
 20
138.67
 10
131.288
 20
138.42
 10
131.218
 20
138.169
 10
131.037
 20
137.706
 10
130.815
 20
137.282
 10
130.552
 20
136.897
 10
130.247
 20
136.553
 10
129.903
 20
136.248
 10
129.518
 20
135.985
 10
129.094
 20
135.763
 10
128.631
 20
135.582
 10
128.38
 20
135.512
 10
128.13
 20
135.442
 10
127.861
 20
135.392
 10
127.591
 20
135.342
 10
127.303
 20
135.312
 10
127.015
 20
135.282
 10
126.707
 20
135.272
 10
126.402
 20
135.263
 10
125.9
 20
135.263
 10
125.4
 20
135.263
 10
124.9
 20
135.263
 10
124.4
 20
135.263
 10
123.687
 20
135.263
 10
123.687
 20
137.862
 10
114.912
 20
137.862
 10
114.912
 20
135.263
 10
114.4
 20
135.263
 10
113.9
 20
135.263
 10
113.4
 20
135.263
 10
112.9
 20
135.263
 10
112.4
 20
135.263
 10
111.9
 20
135.263
 10
111.402
 20
135.263
 10
111.102
 20
135.253
 10
110.804
 20
135.243
 10
110.525
 20
135.214
 10
110.248
 20
135.186
 10
109.989
 20
135.138
 10
109.732
 20
135.09
 10
109.494
 20
135.023
 10
109.256
 20
134.957
 10
108.82
 20
134.786
 10
108.424
 20
134.579
 10
108.067
 20
134.334
 10
107.747
 20
134.053
 10
107.466
 20
133.733
 10
107.221
 20
133.376
 10
107.014
 20
132.98
 10
106.843
 20
132.544
 10
106.777
 20
132.306
 10
106.71
 20
132.068
 10
106.662
 20
131.811
 10
106.614
 20
131.552
 10
106.586
 20
131.275
 10
106.557
 20
130.996
 10
106.547
 20
130.698
 10
106.537
 20
130.398
 10
106.537
 20
129.9
 10
106.537
 20
129.4
 10
106.537
 20
128.9
 10
106.537
 20
128.4
 10
106.537
 20
127.9
 10
106.537
 20
127.4
 10
106.537
 20
126.887
 10
103.937
 20
126.887
 10
103.937
 20
118.113
 10
106.537
 20
118.113
 10
106.537
 20
117.4
 10
106.537
 20
116.9
 10
106.537
 20
116.4
 10
106.537
 20
115.9
 10
106.537
 20
115.398
 10
106.528
 20
115.093
 10
106.518
 20
114.785
 10
106.488
 20
114.497
 10
106.458
 20
114.209
 10
106.408
 20
113.939
 10
106.358
 20
113.67
 10
106.288
 20
113.42
 10
106.218
 20
113.169
 10
106.037
 20
112.706
 10
105.815
 20
112.282
 10
105.552
 20
111.897
 10
105.247
 20
111.553
 10
104.903
 20
111.248
 10
104.518
 20
110.985
 10
104.094
 20
110.763
 10
103.631
 20
110.582
 10
103.38
 20
110.512
 10
103.13
 20
110.442
 10
102.861
 20
110.392
 10
102.591
 20
110.342
 10
102.303
 20
110.312
 10
102.015
 20
110.282
 10
101.707
 20
110.272
 10
101.402
 20
110.262
 10
100.91
 20
110.262
 10
100.421
 20
110.262
 10
99.931
 20
110.262
 10
99.441
 20
110.262
 10
98.687
 20
110.262
 10
98.687
 20
112.862
 10
89.912
 20
112.862
 10
89.912
 20
110.262
 10
89.159
 20
110.262
 10
88.669
 20
110.262
 10
88.179
 20
110.262
 10
87.69
 20
110.262
 10
87.198
 20
110.262
 10
86.893
 20
110.272
 10
86.585
 20
110.282
 10
86.297
 20
110.312
 10
86.009
 20
110.342
 10
85.739
 20
110.392
 10
85.47
 20
110.442
 10
85.22
 20
110.512
 10
84.969
 20
110.582
 10
84.506
 20
110.763
 10
84.082
 20
110.985
 10
83.697
 20
111.248
 10
83.353
 20
111.553
 10
83.048
 20
111.897
 10
82.785
 20
112.282
 10
82.563
 20
112.706
 10
82.382
 20
113.169
 10
82.312
 20
113.42
 10
82.242
 20
113.67
 10
82.192
 20
113.939
 10
82.142
 20
114.209
 10
82.112
 20
114.497
 10
82.082
 20
114.785
 10
82.072
 20
115.093
 10
82.062
 20
115.398
 10
82.062
 20
115.896
 10
82.062
 20
116.392
 10
82.062
 20
116.889
 10
82.062
 20
117.385
 10
82.062
 20
118.113
 10
84.662
 20
118.113
 10
84.662
 20
126.887
 10
82.062
 20
126.887
 10
82.062
 20
127.309
 10
82.062
 20
127.805
 10
82.062
 20
128.301
 10
82.062
 20
128.797
 10
82.062
 20
129.294
 10
82.062
 20
129.79
 10
82.062
 20
130.286
 10
82.062
 20
130.782
 10
82.062
 20
131.278
 10
82.062
 20
131.775
 10
82.062
 20
132.271
 10
82.062
 20
132.767
 10
82.062
 20
133.263
 10
82.062
 20
133.759
 10
82.062
 20
134.256
 10
82.062
 20
134.752
 10
82.062
 20
135.248
 10
82.062
 20
135.744
 10
82.062
 20
136.241
 10
82.062
 20
136.737
 10
82.062
 20
137.233
 10
82.062
 20
137.729
 10
82.062
 20
138.225
 10
82.062
 20
138.722
 10
82.062
 20
139.218
 10
82.062
 20
139.714
 10
82.062
 20
140.21
 10
82.062
 20
140.706
 10
82.062
 20
141.203
 10
82.062
 20
141.699
 10
82.062
 20
142.195
 10
82.062
 20
142.691
 10
82.062
 20
143.112
 10
84.662
 20
143.112
 10
84.662
 20
151.888
 10
82.062
 20
151.888
 10
82.062
 20
152.615
 10
82.062
 20
153.111
 10
82.062
 20
153.608
 10
82.062
 20
154.104
 10
82.062
 20
154.602
 10
82.072
 20
154.907
 10
82.082
 20
155.215
 10
82.112
 20
155.503
 10
82.142
 20
155.791
 10
82.192
 20
156.061
 10
82.242
 20
156.33
 10
82.312
 20
156.58
 10
82.382
 20
156.831
 10
82.563
 20
157.294
 10
82.785
 20
157.718
 10
83.048
 20
158.103
 10
83.353
 20
158.447
 10
83.697
 20
158.752
 10
84.082
 20
159.015
 10
84.506
 20
159.237
 10
84.969
 20
159.418
 10
85.22
 20
159.488
 10
85.47
 20
159.558
 10
85.739
 20
159.608
 10
86.009
 20
159.658
 10
86.297
 20
159.688
 10
86.585
 20
159.718
 10
86.893
 20
159.728
 10
87.198
 20
159.737
 10
87.696
 20
159.737
 10
88.192
 20
159.737
 10
88.689
 20
159.737
 10
89.185
 20
159.737
 10
89.912
 20
159.737
 10
89.912
 20
157.138
 10
98.687
 20
157.138
 10
98.687
 20
159.737
 10
99.109
 20
159.737
 10
99.605
 20
159.737
 10
100.101
 20
159.737
 10
100.597
 20
159.737
 10
101.094
 20
159.737
 10
101.59
 20
159.737
 10
102.086
 20
159.737
 10
102.582
 20
159.737
 10
103.078
 20
159.737
 10
103.575
 20
159.737
 10
104.071
 20
159.737
 10
104.567
 20
159.737
 10
105.063
 20
159.737
 10
105.559
 20
159.737
 10
106.056
 20
159.737
 10
106.552
 20
159.737
 10
107.048
 20
159.737
 10
107.544
 20
159.737
 10
108.041
 20
159.737
 10
108.537
 20
159.737
 10
109.033
 20
159.737
 10
109.529
 20
159.737
 10
110.025
 20
159.737
 10
110.522
 20
159.737
 10
111.018
 20
159.737
 10
111.514
 20
159.737
 10
112.01
 20
159.737
 10
112.506
 20
159.737
 10
113.003
 20
159.737
 10
113.499
 20
159.737
 10
113.995
 20
159.737
 10
114.491
 20
159.737
 10
114.912
 20
159.737
 10
114.912
 20
157.138
 10
123.687
 20
157.138
 10
123.687
 20
159.737
 10
124.415
 20
159.737
 10
124.911
 20
159.737
 10
125.408
 20
159.737
 10
125.904
 20
159.737
 10
126.402
 20
159.737
 10
126.707
 20
159.728
 10
127.015
 20
159.718
 10
127.303
 20
159.688
 10
127.591
 20
159.658
 10
127.861
 20
159.608
 10
128.13
 20
159.558
 10
128.38
 20
159.488
 10
128.631
 20
159.418
 10
129.094
 20
159.237
 10
129.518
 20
159.015
 10
129.903
 20
158.752
 10
130.247
 20
158.447
  0
HATCH
  5
46
330
17
100
AcDbEntity
  8
RASTER
 62
7
100
AcDbHatch
 10
0.0
 20
0.0
 30
0.0
210
0.0
220
0.0
230
1.0
  2
SOLID
 70
1
 71
0
 91
2
 92
3
 72
0
 73
1
 93
303
 10
84.046
 20
152.022
 10
84.089
 20
152.362
 10
84.152
 20
152.707
 10
84.342
 20
153.312
 10
84.575
 20
153.856
 10
84.821
 20
154.34
 10
85.074
 20
154.776
 10
85.338
 20
155.175
 10
85.622
 20
155.542
 10
85.94
 20
155.876
 10
86.3
 20
156.17
 10
86.705
 20
156.416
 10
87.15
 20
156.606
 10
87.627
 20
156.739
 10
88.125
 20
156.826
 10
88.638
 20
156.89
 10
89.18
 20
156.958
 10
89.456
 20
156.997
 10
89.736
 20
157.055
 10
90.314
 20
157.199
 10
90.902
 20
157.387
 10
91.509
 20
157.581
 10
92.135
 20
157.733
 10
92.776
 20
157.798
 10
93.418
 20
157.759
 10
94.046
 20
157.632
 10
94.655
 20
157.459
 10
95.245
 20
157.287
 10
95.82
 20
157.152
 10
96.389
 20
157.072
 10
96.963
 20
157.045
 10
97.547
 20
157.054
 10
98.142
 20
157.075
 10
98.745
 20
157.088
 10
99.346
 20
157.086
 10
99.939
 20
157.08
 10
100.52
 20
157.092
 10
101.093
 20
157.145
 10
101.666
 20
157.25
 10
102.249
 20
157.398
 10
102.848
 20
157.566
 10
103.467
 20
157.711
 10
104.103
 20
157.788
 10
104.745
 20
157.766
 10
105.38
 20
157.646
 10
105.997
 20
157.46
 10
106.593
 20
157.258
 10
107.17
 20
157.086
 10
107.734
 20
156.975
 10
108.296
 20
156.935
 10
108.865
 20
156.959
 10
109.449
 20
157.023
 10
110.047
 20
157.097
 10
110.653
 20
157.158
 10
111.257
 20
157.197
 10
111.854
 20
157.224
 10
112.441
 20
157.261
 10
113.022
 20
157.324
 10
113.605
 20
157.422
 10
114.197
 20
157.544
 10
114.806
 20
157.662
 10
115.433
 20
157.736
 10
116.07
 20
157.731
 10
116.706
 20
157.631
 10
117.329
 20
157.455
 10
117.932
 20
157.245
 10
118.515
 20
157.05
 10
119.079
 20
156.913
 10
119.634
 20
156.855
 10
120.192
 20
156.879
 10
120.764
 20
156.967
 10
121.354
 20
157.09
 10
121.959
 20
157.211
 10
122.571
 20
157.304
 10
123.182
 20
157.36
 10
123.792
 20
157.391
 10
124.102
 20
157.394
 10
124.417
 20
157.4
 10
125.012
 20
157.381
 10
125.584
 20
157.334
 10
126.14
 20
157.246
 10
126.677
 20
157.096
 10
127.181
 20
156.866
 10
127.632
 20
156.549
 10
128.007
 20
156.148
 10
128.287
 20
155.68
 10
128.467
 20
155.169
 10
128.555
 20
154.642
 10
128.576
 20
154.12
 10
128.565
 20
153.611
 10
128.56
 20
153.113
 10
128.591
 20
152.593
 10
128.621
 20
152.333
 10
128.673
 20
152.058
 10
128.81
 20
151.475
 10
128.978
 20
150.878
 10
129.137
 20
150.265
 10
129.253
 20
149.642
 10
129.312
 20
149.017
 10
129.326
 20
148.401
 10
129.318
 20
147.797
 10
129.313
 20
147.201
 10
129.323
 20
146.607
 10
129.342
 20
146.007
 10
129.35
 20
145.395
 10
129.319
 20
144.771
 10
129.23
 20
144.144
 10
129.084
 20
143.524
 10
128.906
 20
142.913
 10
128.807
 20
142.614
 10
128.718
 20
142.332
 10
128.554
 20
141.81
 10
128.433
 20
141.346
 10
128.349
 20
140.906
 10
128.279
 20
140.462
 10
128.195
 20
140.003
 10
128.064
 20
139.53
 10
127.86
 20
139.061
 10
127.567
 20
138.618
 10
127.181
 20
138.231
 10
126.714
 20
137.922
 10
126.185
 20
137.704
 10
125.616
 20
137.576
 10
125.023
 20
137.522
 10
124.415
 20
137.518
 10
124.097
 20
137.533
 10
123.79
 20
137.543
 10
123.211
 20
137.568
 10
122.631
 20
137.59
 10
122.042
 20
137.628
 10
121.447
 20
137.7
 10
120.855
 20
137.809
 10
120.274
 20
137.939
 10
119.708
 20
138.061
 10
119.159
 20
138.142
 10
118.622
 20
138.155
 10
118.086
 20
138.089
 10
117.539
 20
137.949
 10
116.974
 20
137.758
 10
116.39
 20
137.555
 10
115.788
 20
137.386
 10
115.173
 20
137.287
 10
114.557
 20
137.274
 10
113.952
 20
137.335
 10
113.362
 20
137.437
 10
112.787
 20
137.547
 10
112.221
 20
137.638
 10
111.658
 20
137.7
 10
111.09
 20
137.738
 10
110.513
 20
137.767
 10
109.928
 20
137.807
 10
109.341
 20
137.869
 10
108.761
 20
137.948
 10
108.458
 20
137.981
 10
108.158
 20
138.009
 10
107.606
 20
137.998
 10
107.102
 20
137.901
 10
106.654
 20
137.719
 10
106.267
 20
137.464
 10
105.947
 20
137.153
 10
105.69
 20
136.808
 10
105.488
 20
136.445
 10
105.32
 20
136.075
 10
105.166
 20
135.7
 10
105.004
 20
135.315
 10
104.82
 20
134.914
 10
104.613
 20
134.486
 10
104.397
 20
134.02
 10
104.197
 20
133.503
 10
104.117
 20
133.225
 10
104.047
 20
132.941
 10
103.958
 20
132.366
 10
103.915
 20
131.786
 10
103.903
 20
131.197
 10
103.901
 20
130.596
 10
103.888
 20
129.99
 10
103.86
 20
129.385
 10
103.83
 20
128.79
 10
103.822
 20
128.208
 10
103.861
 20
127.636
 10
103.96
 20
127.064
 10
104.113
 20
126.483
 10
104.298
 20
125.884
 10
104.469
 20
125.266
 10
104.58
 20
124.629
 10
104.593
 20
123.982
 10
104.502
 20
123.34
 10
104.336
 20
122.716
 10
104.143
 20
122.112
 10
103.969
 20
121.526
 10
103.848
 20
120.954
 10
103.792
 20
120.386
 10
103.794
 20
119.81
 10
103.833
 20
119.222
 10
103.88
 20
118.621
 10
103.916
 20
118.011
 10
103.917
 20
117.703
 10
103.915
 20
117.395
 10
103.87
 20
116.818
 10
103.8
 20
116.284
 10
103.714
 20
115.779
 10
103.611
 20
115.289
 10
103.475
 20
114.802
 10
103.289
 20
114.32
 10
103.031
 20
113.853
 10
102.687
 20
113.422
 10
102.255
 20
113.055
 10
101.741
 20
112.782
 10
101.165
 20
112.626
 10
100.555
 20
112.592
 10
99.936
 20
112.667
 10
99.322
 20
112.812
 10
99.018
 20
112.901
 10
98.732
 20
112.972
 10
98.164
 20
113.081
 10
97.603
 20
113.109
 10
97.033
 20
113.067
 10
96.447
 20
112.979
 10
95.846
 20
112.877
 10
95.235
 20
112.791
 10
94.623
 20
112.734
 10
94.017
 20
112.698
 10
93.422
 20
112.664
 10
92.833
 20
112.612
 10
92.244
 20
112.533
 10
91.647
 20
112.435
 10
91.034
 20
112.343
 10
90.405
 20
112.294
 10
89.763
 20
112.322
 10
89.425
 20
112.382
 10
89.081
 20
112.465
 10
88.483
 20
112.708
 10
87.96
 20
113.005
 10
87.517
 20
113.311
 10
87.139
 20
113.598
 10
86.806
 20
113.856
 10
86.493
 20
114.091
 10
86.18
 20
114.323
 10
85.855
 20
114.577
 10
85.519
 20
114.875
 10
85.188
 20
115.237
 10
84.886
 20
115.671
 10
84.639
 20
116.177
 10
84.464
 20
116.742
 10
84.366
 20
117.349
 10
84.346
 20
117.675
 10
84.33
 20
117.987
 10
84.315
 20
118.585
 10
84.284
 20
119.174
 10
84.24
 20
119.769
 10
84.201
 20
120.375
 10
84.195
 20
120.994
 10
84.251
 20
121.622
 10
84.375
 20
122.247
 10
84.552
 20
122.859
 10
84.742
 20
123.454
 10
84.9
 20
124.028
 10
84.988
 20
124.585
 10
84.987
 20
125.134
 10
84.9
 20
125.692
 10
84.745
 20
126.267
 10
84.56
 20
126.863
 10
84.39
 20
127.476
 10
84.272
 20
128.1
 10
84.219
 20
128.725
 10
84.222
 20
129.342
 10
84.252
 20
129.946
 10
84.284
 20
130.539
 10
84.302
 20
131.129
 10
84.308
 20
131.723
 10
84.317
 20
132.327
 10
84.354
 20
132.942
 10
84.438
 20
133.56
 10
84.57
 20
134.175
 10
84.727
 20
134.776
 10
84.871
 20
135.359
 10
84.963
 20
135.923
 10
84.977
 20
136.475
 10
84.904
 20
137.029
 10
84.752
 20
137.597
 10
84.552
 20
138.185
 10
84.351
 20
138.794
 10
84.196
 20
139.419
 10
84.118
 20
140.053
 10
84.122
 20
140.683
 10
84.186
 20
141.3
 10
84.273
 20
141.902
 10
84.354
 20
142.491
 10
84.412
 20
143.077
 10
84.449
 20
143.666
 10
84.481
 20
144.265
 10
84.528
 20
144.873
 10
84.606
 20
145.483
 10
84.711
 20
146.088
 10
84.821
 20
146.68
 10
84.902
 20
147.255
 10
84.925
 20
147.816
 10
84.87
 20
148.372
 10
84.737
 20
148.936
 10
84.545
 20
149.518
 10
84.335
 20
150.119
 10
84.156
 20
150.741
 10
84.053
 20
151.378
 97
0
 92
3
 72
0
 73
1
 93
304
 10
84.647
 20
151.987
 10
84.652
 20
151.429
 10
84.742
 20
150.873
 10
84.907
 20
150.302
 10
85.114
 20
149.71
 10
85.315
 20
149.099
 10
85.463
 20
148.47
 10
85.526
 20
147.833
 10
85.5
 20
147.201
 10
85.413
 20
146.583
 10
85.301
 20
145.982
 10
85.199
 20
145.394
 10
85.125
 20
144.812
 10
85.08
 20
144.226
 10
85.048
 20
143.632
 10
85.011
 20
143.028
 10
84.95
 20
142.421
 10
84.867
 20
141.818
 10
84.781
 20
141.226
 10
84.722
 20
140.65
 10
84.718
 20
140.087
 10
84.787
 20
139.528
 10
84.928
 20
138.961
 10
85.121
 20
138.376
 10
85.326
 20
137.771
 10
85.493
 20
137.146
 10
85.578
 20
136.507
 10
85.562
 20
135.867
 10
85.459
 20
135.238
 10
85.308
 20
134.628
 10
85.154
 20
134.036
 10
85.03
 20
133.457
 10
84.952
 20
132.883
 10
84.917
 20
132.304
 10
84.908
 20
131.716
 10
84.902
 20
131.117
 10
84.884
 20
130.514
 10
84.852
 20
129.914
 10
84.822
 20
129.325
 10
84.819
 20
128.749
 10
84.867
 20
128.181
 10
84.975
 20
127.612
 10
85.136
 20
127.032
 10
85.321
 20
126.434
 10
85.488
 20
125.817
 10
85.587
 20
125.181
 10
85.588
 20
124.538
 10
85.487
 20
123.902
 10
85.318
 20
123.283
 10
85.126
 20
122.685
 10
84.959
 20
122.104
 10
84.845
 20
121.536
 10
84.796
 20
120.971
 10
84.801
 20
120.397
 10
84.839
 20
119.81
 10
84.883
 20
119.212
 10
84.914
 20
118.608
 10
84.93
 20
118.01
 10
84.945
 20
117.709
 10
84.963
 20
117.415
 10
85.05
 20
116.879
 10
85.198
 20
116.399
 10
85.405
 20
115.976
 10
85.658
 20
115.612
 10
85.941
 20
115.303
 10
86.239
 20
115.038
 10
86.543
 20
114.801
 10
86.853
 20
114.572
 10
87.17
 20
114.333
 10
87.504
 20
114.075
 10
87.869
 20
113.797
 10
88.28
 20
113.513
 10
88.745
 20
113.249
 10
89.266
 20
113.038
 10
89.548
 20
112.969
 10
89.829
 20
112.919
 10
90.395
 20
112.895
 10
90.966
 20
112.939
 10
91.553
 20
113.027
 10
92.156
 20
113.126
 10
92.767
 20
113.209
 10
93.378
 20
113.263
 10
93.983
 20
113.297
 10
94.577
 20
113.332
 10
95.165
 20
113.387
 10
95.754
 20
113.47
 10
96.353
 20
113.572
 10
96.967
 20
113.664
 10
97.597
 20
113.71
 10
98.236
 20
113.678
 10
98.862
 20
113.559
 10
99.176
 20
113.48
 10
99.476
 20
113.392
 10
100.041
 20
113.258
 10
100.574
 20
113.194
 10
101.069
 20
113.221
 10
101.519
 20
113.344
 10
101.916
 20
113.555
 10
102.255
 20
113.841
 10
102.53
 20
114.187
 10
102.744
 20
114.575
 10
102.905
 20
114.992
 10
103.028
 20
115.431
 10
103.125
 20
115.891
 10
103.206
 20
116.373
 10
103.273
 20
116.881
 10
103.316
 20
117.42
 10
103.317
 20
117.703
 10
103.316
 20
117.993
 10
103.281
 20
118.579
 10
103.234
 20
119.178
 10
103.194
 20
119.79
 10
103.192
 20
120.414
 10
103.254
 20
121.046
 10
103.387
 20
121.674
 10
103.569
 20
122.288
 10
103.76
 20
122.884
 10
103.913
 20
123.46
 10
103.992
 20
124.018
 10
103.981
 20
124.571
 10
103.883
 20
125.134
 10
103.722
 20
125.716
 10
103.536
 20
126.317
 10
103.373
 20
126.936
 10
103.265
 20
127.564
 10
103.222
 20
128.192
 10
103.23
 20
128.81
 10
103.261
 20
129.415
 10
103.288
 20
130.01
 10
103.301
 20
130.604
 10
103.303
 20
131.203
 10
103.315
 20
131.814
 10
103.361
 20
132.434
 10
103.458
 20
133.06
 10
103.538
 20
133.379
 10
103.627
 20
133.694
 10
103.844
 20
134.255
 10
104.07
 20
134.743
 10
104.277
 20
135.17
 10
104.455
 20
135.557
 10
104.612
 20
135.93
 10
104.769
 20
136.313
 10
104.951
 20
136.716
 10
105.186
 20
137.135
 10
105.494
 20
137.55
 10
105.89
 20
137.933
 10
106.372
 20
138.253
 10
106.931
 20
138.479
 10
107.543
 20
138.597
 10
108.179
 20
138.61
 10
108.518
 20
138.578
 10
108.834
 20
138.544
 10
109.413
 20
138.464
 10
109.98
 20
138.405
 10
110.549
 20
138.366
 10
111.125
 20
138.337
 10
111.711
 20
138.298
 10
112.302
 20
138.232
 10
112.89
 20
138.138
 10
113.469
 20
138.027
 10
114.033
 20
137.93
 10
114.581
 20
137.875
 10
115.119
 20
137.886
 10
115.658
 20
137.973
 10
116.21
 20
138.128
 10
116.78
 20
138.326
 10
117.369
 20
138.525
 10
117.975
 20
138.68
 10
118.593
 20
138.756
 10
119.21
 20
138.741
 10
119.815
 20
138.652
 10
120.403
 20
138.525
 10
120.975
 20
138.397
 10
121.537
 20
138.293
 10
122.097
 20
138.226
 10
122.661
 20
138.189
 10
123.235
 20
138.168
 10
123.813
 20
138.142
 10
124.12
 20
138.132
 10
124.427
 20
138.118
 10
124.994
 20
138.122
 10
125.522
 20
138.17
 10
126.004
 20
138.278
 10
126.432
 20
138.455
 10
126.799
 20
138.697
 10
127.1
 20
138.999
 10
127.331
 20
139.348
 10
127.497
 20
139.731
 10
127.609
 20
140.137
 10
127.687
 20
140.563
 10
127.757
 20
141.009
 10
127.848
 20
141.479
 10
127.977
 20
141.976
 10
128.146
 20
142.512
 10
128.236
 20
142.798
 10
128.333
 20
143.091
 10
128.503
 20
143.676
 10
128.64
 20
144.256
 10
128.721
 20
144.829
 10
128.749
 20
145.405
 10
128.742
 20
145.993
 10
128.723
 20
146.593
 10
128.713
 20
147.199
 10
128.718
 20
147.803
 10
128.726
 20
148.399
 10
128.713
 20
148.983
 10
128.658
 20
149.558
 10
128.551
 20
150.135
 10
128.399
 20
150.722
 10
128.229
 20
151.325
 10
128.086
 20
151.933
 10
128.028
 20
152.243
 10
127.993
 20
152.541
 10
127.959
 20
153.098
 10
127.965
 20
153.621
 10
127.976
 20
154.114
 10
127.957
 20
154.581
 10
127.884
 20
155.019
 10
127.742
 20
155.423
 10
127.525
 20
155.785
 10
127.236
 20
156.094
 10
126.882
 20
156.343
 10
126.471
 20
156.53
 10
126.012
 20
156.659
 10
125.512
 20
156.738
 10
124.978
 20
156.782
 10
124.413
 20
156.8
 10
124.11
 20
156.794
 10
123.81
 20
156.791
 10
123.225
 20
156.761
 10
122.643
 20
156.708
 10
122.062
 20
156.62
 10
121.474
 20
156.502
 10
120.871
 20
156.376
 10
120.25
 20
156.28
 10
119.615
 20
156.254
 10
118.977
 20
156.32
 10
118.348
 20
156.473
 10
117.738
 20
156.677
 10
117.148
 20
156.883
 10
116.578
 20
157.044
 10
116.021
 20
157.131
 10
115.466
 20
157.136
 10
114.899
 20
157.068
 10
114.315
 20
156.955
 10
113.715
 20
156.832
 10
113.104
 20
156.73
 10
112.492
 20
156.663
 10
111.886
 20
156.625
 10
111.29
 20
156.598
 10
110.702
 20
156.56
 10
110.114
 20
156.501
 10
109.519
 20
156.427
 10
108.91
 20
156.36
 10
108.287
 20
156.334
 10
107.655
 20
156.379
 10
107.026
 20
156.502
 10
106.411
 20
156.686
 10
105.814
 20
156.889
 10
105.237
 20
157.062
 10
104.679
 20
157.168
 10
104.129
 20
157.186
 10
103.572
 20
157.119
 10
102.997
 20
156.985
 10
102.404
 20
156.819
 10
101.794
 20
156.663
 10
101.174
 20
156.55
 10
100.554
 20
156.493
 10
99.942
 20
156.48
 10
99.342
 20
156.486
 10
98.75
 20
156.488
 10
98.159
 20
156.475
 10
97.562
 20
156.454
 10
96.953
 20
156.445
 10
96.333
 20
156.474
 10
95.71
 20
156.562
 10
95.092
 20
156.707
 10
94.489
 20
156.883
 10
93.905
 20
157.048
 10
93.34
 20
157.162
 10
92.789
 20
157.196
 10
92.236
 20
157.14
 10
91.67
 20
157.003
 10
91.084
 20
156.816
 10
90.479
 20
156.622
 10
89.869
 20
156.469
 10
89.558
 20
156.406
 10
89.26
 20
156.364
 10
88.712
 20
156.294
 10
88.213
 20
156.233
 10
87.759
 20
156.153
 10
87.349
 20
156.038
 10
86.979
 20
155.881
 10
86.648
 20
155.68
 10
86.349
 20
155.435
 10
86.078
 20
155.15
 10
85.826
 20
154.825
 10
85.585
 20
154.46
 10
85.349
 20
154.053
 10
85.118
 20
153.602
 10
84.906
 20
153.104
 10
84.736
 20
152.563
 10
84.682
 20
152.271
 10
84.647
 20
151.987
 97
0
 75
0
 76
1
 98
0
  0
HATCH
  5
47
330
17
100
AcDbEntity
  8
RASTER
 62
7
100
AcDbHatch
 10
0.0
 20
0.0
 30
0.0
210
0.0
220
0.0
230
1.0
  2
SOLID
 70
1
 71
0
 91
2
 92
3
 72
0
 73
1
 93
262
 10
87.712
 20
149.007
 10
87.73
 20
149.315
 10
87.751
 20
149.619
 10
87.832
 20
150.187
 10
87.935
 20
150.703
 10
88.044
 20
151.182
 10
88.158
 20
151.641
 10
88.286
 20
152.096
 10
88.448
 20
152.556
 10
88.666
 20
153.019
 10
88.96
 20
153.467
 10
89.344
 20
153.876
 10
89.817
 20
154.213
 10
90.371
 20
154.446
 10
90.981
 20
154.553
 10
91.619
 20
154.531
 10
92.256
 20
154.404
 10
92.58
 20
154.308
 10
92.881
 20
154.221
 10
93.458
 20
154.066
 10
94.02
 20
153.978
 10
94.584
 20
153.958
 10
95.159
 20
153.991
 10
95.748
 20
154.052
 10
96.348
 20
154.113
 10
96.952
 20
154.157
 10
97.552
 20
154.184
 10
98.142
 20
154.211
 10
98.724
 20
154.259
 10
99.302
 20
154.342
 10
99.887
 20
154.459
 10
100.486
 20
154.591
 10
101.102
 20
154.703
 10
101.734
 20
154.752
 10
102.374
 20
154.71
 10
103.005
 20
154.574
 10
103.62
 20
154.376
 10
104.214
 20
154.165
 10
104.787
 20
153.988
 10
105.345
 20
153.882
 10
105.898
 20
153.859
 10
106.461
 20
153.913
 10
107.04
 20
154.019
 10
107.636
 20
154.145
 10
108.244
 20
154.256
 10
108.856
 20
154.332
 10
109.463
 20
154.376
 10
110.061
 20
154.404
 10
110.65
 20
154.438
 10
111.237
 20
154.491
 10
111.83
 20
154.56
 10
112.436
 20
154.626
 10
113.056
 20
154.657
 10
113.686
 20
154.622
 10
114.315
 20
154.508
 10
114.932
 20
154.331
 10
115.531
 20
154.128
 10
116.109
 20
153.949
 10
116.667
 20
153.835
 10
117.216
 20
153.808
 10
117.77
 20
153.87
 10
118.341
 20
154.004
 10
118.931
 20
154.176
 10
119.539
 20
154.342
 10
120.159
 20
154.466
 10
120.786
 20
154.532
 10
121.114
 20
154.534
 10
121.448
 20
154.524
 10
122.055
 20
154.448
 10
122.621
 20
154.328
 10
123.15
 20
154.175
 10
123.648
 20
153.985
 10
124.116
 20
153.748
 10
124.545
 20
153.452
 10
124.921
 20
153.092
 10
125.227
 20
152.667
 10
125.449
 20
152.189
 10
125.581
 20
151.677
 10
125.632
 20
151.149
 10
125.627
 20
150.622
 10
125.601
 20
150.102
 10
125.594
 20
149.57
 10
125.603
 20
149.311
 10
125.636
 20
149.044
 10
125.752
 20
148.475
 10
125.934
 20
147.893
 10
126.14
 20
147.291
 10
126.323
 20
146.669
 10
126.439
 20
146.031
 10
126.456
 20
145.691
 10
126.451
 20
145.339
 10
126.351
 20
144.712
 10
126.175
 20
144.136
 10
125.955
 20
143.618
 10
125.708
 20
143.15
 10
125.435
 20
142.724
 10
125.133
 20
142.335
 10
124.792
 20
141.986
 10
124.405
 20
141.682
 10
123.971
 20
141.436
 10
123.493
 20
141.258
 10
122.983
 20
141.153
 10
122.454
 20
141.114
 10
121.917
 20
141.12
 10
121.366
 20
141.136
 10
121.095
 20
141.141
 10
120.824
 20
141.126
 10
120.26
 20
141.048
 10
119.688
 20
140.894
 10
119.098
 20
140.689
 10
118.486
 20
140.479
 10
117.855
 20
140.316
 10
117.212
 20
140.241
 10
116.57
 20
140.265
 10
115.943
 20
140.366
 10
115.334
 20
140.505
 10
114.741
 20
140.638
 10
114.158
 20
140.74
 10
113.576
 20
140.801
 10
112.987
 20
140.832
 10
112.388
 20
140.852
 10
111.781
 20
140.882
 10
111.175
 20
140.93
 10
110.577
 20
140.985
 10
109.992
 20
141.022
 10
109.421
 20
141.014
 10
108.854
 20
140.943
 10
108.28
 20
140.806
 10
107.691
 20
140.62
 10
107.082
 20
140.424
 10
106.452
 20
140.27
 10
105.823
 20
140.202
 10
105.503
 20
140.198
 10
105.203
 20
140.222
 10
104.644
 20
140.282
 10
104.122
 20
140.34
 10
103.634
 20
140.356
 10
103.18
 20
140.308
 10
102.764
 20
140.186
 10
102.39
 20
139.992
 10
102.062
 20
139.729
 10
101.782
 20
139.408
 10
101.549
 20
139.035
 10
101.358
 20
138.62
 10
101.202
 20
138.167
 10
101.077
 20
137.68
 10
100.985
 20
137.16
 10
100.938
 20
136.609
 10
100.942
 20
136.318
 10
100.957
 20
136.03
 10
101.04
 20
135.454
 10
101.169
 20
134.871
 10
101.326
 20
134.273
 10
101.474
 20
133.657
 10
101.568
 20
133.022
 10
101.57
 20
132.377
 10
101.468
 20
131.735
 10
101.288
 20
131.109
 10
101.077
 20
130.504
 10
100.887
 20
129.92
 10
100.756
 20
129.352
 10
100.703
 20
128.791
 10
100.723
 20
128.224
 10
100.797
 20
127.643
 10
100.893
 20
127.045
 10
100.98
 20
126.436
 10
101.042
 20
125.825
 10
101.081
 20
125.218
 10
101.115
 20
124.621
 10
101.165
 20
124.032
 10
101.243
 20
123.444
 10
101.342
 20
122.849
 10
101.441
 20
122.239
 10
101.504
 20
121.613
 10
101.494
 20
120.971
 10
101.442
 20
120.631
 10
101.366
 20
120.284
 10
101.132
 20
119.68
 10
100.833
 20
119.151
 10
100.518
 20
118.703
 10
100.218
 20
118.324
 10
99.948
 20
117.993
 10
99.702
 20
117.688
 10
99.465
 20
117.384
 10
99.21
 20
117.067
 10
98.914
 20
116.737
 10
98.557
 20
116.407
 10
98.128
 20
116.101
 10
97.626
 20
115.846
 10
97.062
 20
115.662
 10
96.453
 20
115.558
 10
96.125
 20
115.537
 10
95.812
 20
115.521
 10
95.209
 20
115.51
 10
94.615
 20
115.486
 10
94.018
 20
115.449
 10
93.41
 20
115.414
 10
92.784
 20
115.41
 10
92.454
 20
115.44
 10
92.111
 20
115.489
 10
91.501
 20
115.671
 10
90.957
 20
115.935
 10
90.493
 20
116.242
 10
90.103
 20
116.556
 10
89.774
 20
116.853
 10
89.481
 20
117.123
 10
89.201
 20
117.375
 10
88.909
 20
117.629
 10
88.592
 20
117.912
 10
88.256
 20
118.246
 10
87.918
 20
118.652
 10
87.61
 20
119.138
 10
87.369
 20
119.703
 10
87.225
 20
120.326
 10
87.199
 20
120.672
 10
87.19
 20
121.0
 10
87.223
 20
121.616
 10
87.271
 20
122.214
 10
87.311
 20
122.803
 10
87.334
 20
123.393
 10
87.35
 20
123.99
 10
87.379
 20
124.597
 10
87.443
 20
125.212
 10
87.551
 20
125.826
 10
87.691
 20
126.43
 10
87.832
 20
127.019
 10
87.934
 20
127.589
 10
87.967
 20
128.143
 10
87.914
 20
128.695
 10
87.778
 20
129.257
 10
87.583
 20
129.839
 10
87.372
 20
130.441
 10
87.195
 20
131.063
 10
87.093
 20
131.697
 10
87.083
 20
132.332
 10
87.148
 20
132.956
 10
87.254
 20
133.563
 10
87.363
 20
134.155
 10
87.449
 20
134.739
 10
87.505
 20
135.321
 10
87.541
 20
135.911
 10
87.575
 20
136.511
 10
87.627
 20
137.116
 10
87.702
 20
137.721
 10
87.789
 20
138.316
 10
87.859
 20
138.897
 10
87.883
 20
139.462
 10
87.839
 20
140.021
 10
87.719
 20
140.584
 10
87.539
 20
141.161
 10
87.331
 20
141.759
 10
87.147
 20
142.377
 10
87.033
 20
143.013
 10
87.019
 20
143.655
 10
87.103
 20
144.289
 10
87.25
 20
144.904
 10
87.414
 20
145.501
 10
87.556
 20
146.082
 10
87.653
 20
146.654
 10
87.7
 20
147.228
 10
87.711
 20
147.811
 10
87.709
 20
148.405
 97
0
 92
3
 72
0
 73
1
 93
263
 10
88.312
 20
148.988
 10
88.309
 20
148.404
 10
88.311
 20
147.806
 10
88.299
 20
147.197
 10
88.248
 20
146.58
 10
88.144
 20
145.961
 10
87.995
 20
145.35
 10
87.831
 20
144.755
 10
87.694
 20
144.179
 10
87.62
 20
143.622
 10
87.631
 20
143.072
 10
87.731
 20
142.516
 10
87.903
 20
141.943
 10
88.109
 20
141.349
 10
88.3
 20
140.736
 10
88.434
 20
140.107
 10
88.484
 20
139.474
 10
88.458
 20
138.848
 10
88.384
 20
138.237
 10
88.297
 20
137.641
 10
88.223
 20
137.054
 10
88.174
 20
136.468
 10
88.14
 20
135.876
 10
88.103
 20
135.274
 10
88.045
 20
134.666
 10
87.955
 20
134.057
 10
87.845
 20
133.458
 10
87.743
 20
132.873
 10
87.684
 20
132.306
 10
87.693
 20
131.75
 10
87.782
 20
131.193
 10
87.944
 20
130.623
 10
88.151
 20
130.033
 10
88.355
 20
129.423
 10
88.507
 20
128.794
 10
88.568
 20
128.154
 10
88.531
 20
127.518
 10
88.419
 20
126.896
 10
88.275
 20
126.293
 10
88.139
 20
125.706
 10
88.038
 20
125.129
 10
87.978
 20
124.552
 10
87.95
 20
123.968
 10
87.934
 20
123.373
 10
87.91
 20
122.771
 10
87.869
 20
122.169
 10
87.821
 20
121.576
 10
87.79
 20
120.993
 10
87.798
 20
120.703
 10
87.82
 20
120.417
 10
87.941
 20
119.89
 10
88.143
 20
119.418
 10
88.404
 20
119.006
 10
88.699
 20
118.652
 10
89.004
 20
118.349
 10
89.306
 20
118.079
 10
89.598
 20
117.824
 10
89.886
 20
117.566
 10
90.178
 20
117.296
 10
90.493
 20
117.013
 10
90.847
 20
116.727
 10
91.254
 20
116.458
 10
91.719
 20
116.232
 10
92.24
 20
116.076
 10
92.523
 20
116.036
 10
92.809
 20
116.01
 10
93.39
 20
116.014
 10
93.982
 20
116.048
 10
94.585
 20
116.086
 10
95.191
 20
116.11
 10
95.792
 20
116.121
 10
96.091
 20
116.136
 10
96.384
 20
116.154
 10
96.917
 20
116.246
 10
97.396
 20
116.402
 10
97.816
 20
116.616
 10
98.178
 20
116.874
 10
98.486
 20
117.159
 10
98.752
 20
117.456
 10
98.995
 20
117.757
 10
99.232
 20
118.061
 10
99.482
 20
118.371
 10
99.751
 20
118.7
 10
100.037
 20
119.062
 10
100.325
 20
119.472
 10
100.588
 20
119.937
 10
100.79
 20
120.458
 10
100.852
 20
120.74
 10
100.894
 20
121.021
 10
100.903
 20
121.587
 10
100.846
 20
122.161
 10
100.75
 20
122.751
 10
100.649
 20
123.356
 10
100.569
 20
123.968
 10
100.517
 20
124.579
 10
100.482
 20
125.182
 10
100.444
 20
125.775
 10
100.384
 20
126.364
 10
100.3
 20
126.955
 10
100.203
 20
127.557
 10
100.124
 20
128.176
 10
100.102
 20
128.809
 10
100.163
 20
129.448
 10
100.308
 20
130.08
 10
100.509
 20
130.696
 10
100.716
 20
131.291
 10
100.881
 20
131.865
 10
100.97
 20
132.423
 10
100.968
 20
132.978
 10
100.885
 20
133.543
 10
100.744
 20
134.127
 10
100.585
 20
134.729
 10
100.449
 20
135.346
 10
100.359
 20
135.973
 10
100.343
 20
136.298
 10
100.338
 20
136.63
 10
100.39
 20
137.238
 10
100.49
 20
137.807
 10
100.627
 20
138.34
 10
100.8
 20
138.844
 10
101.02
 20
139.321
 10
101.298
 20
139.766
 10
101.645
 20
140.164
 10
102.061
 20
140.497
 10
102.539
 20
140.746
 10
103.063
 20
140.899
 10
103.612
 20
140.957
 10
104.165
 20
140.939
 10
104.71
 20
140.879
 10
105.259
 20
140.819
 10
105.523
 20
140.798
 10
105.787
 20
140.802
 10
106.348
 20
140.862
 10
106.918
 20
141.002
 10
107.509
 20
141.192
 10
108.12
 20
141.384
 10
108.746
 20
141.534
 10
109.379
 20
141.614
 10
110.008
 20
141.622
 10
110.623
 20
141.583
 10
111.225
 20
141.528
 10
111.819
 20
141.481
 10
112.412
 20
141.452
 10
113.013
 20
141.431
 10
113.624
 20
141.4
 10
114.242
 20
141.334
 10
114.859
 20
141.227
 10
115.466
 20
141.09
 10
116.057
 20
140.956
 10
116.63
 20
140.863
 10
117.188
 20
140.842
 10
117.745
 20
140.907
 10
118.314
 20
141.055
 10
118.902
 20
141.257
 10
119.512
 20
141.468
 10
120.14
 20
141.637
 10
120.766
 20
141.723
 10
121.083
 20
141.741
 10
121.38
 20
141.736
 10
121.929
 20
141.72
 10
122.435
 20
141.715
 10
122.9
 20
141.749
 10
123.327
 20
141.836
 10
123.716
 20
141.982
 10
124.07
 20
142.182
 10
124.39
 20
142.433
 10
124.68
 20
142.73
 10
124.945
 20
143.071
 10
125.189
 20
143.452
 10
125.413
 20
143.876
 10
125.611
 20
144.341
 10
125.765
 20
144.848
 10
125.852
 20
145.391
 10
125.856
 20
145.68
 10
125.842
 20
145.962
 10
125.738
 20
146.531
 10
125.568
 20
147.109
 10
125.363
 20
147.707
 10
125.17
 20
148.325
 10
125.043
 20
148.946
 10
125.004
 20
149.263
 10
124.994
 20
149.564
 10
125.001
 20
150.121
 10
125.027
 20
150.64
 10
125.032
 20
151.123
 10
124.988
 20
151.572
 10
124.882
 20
151.987
 10
124.707
 20
152.362
 10
124.467
 20
152.696
 10
124.165
 20
152.986
 10
123.809
 20
153.231
 10
123.405
 20
153.435
 10
122.96
 20
153.605
 10
122.475
 20
153.746
 10
121.955
 20
153.856
 10
121.402
 20
153.925
 10
121.107
 20
153.934
 10
120.819
 20
153.932
 10
120.249
 20
153.872
 10
119.678
 20
153.758
 10
119.094
 20
153.598
 10
118.493
 20
153.423
 10
117.872
 20
153.277
 10
117.235
 20
153.206
 10
116.592
 20
153.238
 10
115.96
 20
153.368
 10
115.346
 20
153.557
 10
114.753
 20
153.758
 10
114.178
 20
153.923
 10
113.616
 20
154.025
 10
113.055
 20
154.056
 10
112.483
 20
154.027
 10
111.897
 20
153.964
 10
111.299
 20
153.894
 10
110.694
 20
153.839
 10
110.092
 20
153.804
 10
109.499
 20
153.777
 10
108.914
 20
153.735
 10
108.335
 20
153.662
 10
107.751
 20
153.556
 10
107.156
 20
153.431
 10
106.544
 20
153.318
 10
105.914
 20
153.258
 10
105.276
 20
153.285
 10
104.643
 20
153.405
 10
104.025
 20
153.595
 10
103.427
 20
153.808
 10
102.85
 20
153.994
 10
102.29
 20
154.114
 10
101.738
 20
154.151
 10
101.179
 20
154.107
 10
100.604
 20
154.003
 10
100.011
 20
153.872
 10
99.404
 20
153.751
 10
98.791
 20
153.663
 10
98.181
 20
153.613
 10
97.58
 20
153.585
 10
96.988
 20
153.558
 10
96.401
 20
153.515
 10
95.809
 20
153.455
 10
95.207
 20
153.393
 10
94.59
 20
153.357
 10
93.963
 20
153.38
 10
93.333
 20
153.479
 10
92.72
 20
153.643
 10
92.412
 20
153.732
 10
92.112
 20
153.821
 10
91.549
 20
153.933
 10
91.023
 20
153.951
 10
90.541
 20
153.867
 10
90.111
 20
153.686
 10
89.74
 20
153.422
 10
89.433
 20
153.095
 10
89.191
 20
152.725
 10
89.004
 20
152.328
 10
88.858
 20
151.915
 10
88.738
 20
151.487
 10
88.628
 20
151.044
 10
88.522
 20
150.578
 10
88.424
 20
150.086
 10
88.348
 20
149.556
 10
88.329
 20
149.277
 10
88.312
 20
148.988
 97
0
 75
0
 76
1
 98
0
  0
HATCH
  5
48
330
17
100
AcDbEntity
  8
RASTER
 62
7
100
AcDbHatch
 10
0.0
 20
0.0
 30
0.0
210
0.0
220
0.0
230
1.0
  2
SOLID
 70
1
 71
0
 91
1
 92
3
 72
0
 73
1
 93
73
 10
92.121
 20
148.852
 10
92.166
 20
148.734
 10
92.197
 20
148.618
 10
92.214
 20
148.502
 10
92.217
 20
148.386
 10
92.205
 20
148.272
 10
92.18
 20
148.158
 10
92.14
 20
148.045
 10
92.086
 20
147.933
 10
92.021
 20
147.825
 10
91.949
 20
147.721
 10
91.87
 20
147.624
 10
91.784
 20
147.532
 10
91.691
 20
147.446
 10
91.59
 20
147.365
 10
91.482
 20
147.291
 10
91.367
 20
147.221
 10
91.248
 20
147.162
 10
91.127
 20
147.115
 10
91.005
 20
147.081
 10
90.881
 20
147.061
 10
90.756
 20
147.054
 10
90.629
 20
147.06
 10
90.501
 20
147.079
 10
90.371
 20
147.111
 10
90.243
 20
147.152
 10
90.117
 20
147.199
 10
89.996
 20
147.25
 10
89.877
 20
147.305
 10
89.762
 20
147.366
 10
89.65
 20
147.432
 10
89.542
 20
147.502
 10
89.437
 20
147.577
 10
89.341
 20
147.657
 10
89.26
 20
147.743
 10
89.195
 20
147.833
 10
89.146
 20
147.927
 10
89.111
 20
148.027
 10
89.092
 20
148.132
 10
89.088
 20
148.242
 10
89.099
 20
148.356
 10
89.122
 20
148.471
 10
89.154
 20
148.582
 10
89.193
 20
148.689
 10
89.24
 20
148.792
 10
89.296
 20
148.89
 10
89.359
 20
148.985
 10
89.431
 20
149.075
 10
89.511
 20
149.161
 10
89.598
 20
149.243
 10
89.691
 20
149.319
 10
89.789
 20
149.389
 10
89.894
 20
149.454
 10
90.004
 20
149.513
 10
90.121
 20
149.567
 10
90.243
 20
149.615
 10
90.371
 20
149.657
 10
90.502
 20
149.691
 10
90.632
 20
149.712
 10
90.762
 20
149.72
 10
90.891
 20
149.715
 10
91.02
 20
149.698
 10
91.149
 20
149.668
 10
91.277
 20
149.625
 10
91.404
 20
149.57
 10
91.526
 20
149.505
 10
91.639
 20
149.433
 10
91.743
 20
149.354
 10
91.837
 20
149.267
 10
91.922
 20
149.174
 10
91.998
 20
149.074
 10
92.064
 20
148.966
 10
92.121
 20
148.852
 97
0
 75
0
 76
1
 98
0
  0
HATCH
  5
49
330
17
100
AcDbEntity
  8
RASTER
 62
7
100
AcDbHatch
 10
0.0
 20
0.0
 30
0.0
210
0.0
220
0.0
230
1.0
  2
SOLID
 70
1
 71
0
 91
1
 92
3
 72
0
 73
1
 93
73
 10
93.686
 20
148.048
 10
93.717
 20
147.981
 10
93.74
 20
147.913
 10
93.754
 20
147.846
 10
93.76
 20
147.778
 10
93.757
 20
147.71
 10
93.745
 20
147.642
 10
93.725
 20
147.573
 10
93.696
 20
147.504
 10
93.661
 20
147.438
 10
93.62
 20
147.376
 10
93.575
 20
147.32
 10
93.524
 20
147.268
 10
93.468
 20
147.221
 10
93.408
 20
147.179
 10
93.342
 20
147.141
 10
93.271
 20
147.109
 10
93.197
 20
147.081
 10
93.123
 20
147.057
 10
93.047
 20
147.038
 10
92.97
 20
147.023
 10
92.892
 20
147.012
 10
92.812
 20
147.005
 10
92.732
 20
147.003
 10
92.651
 20
147.005
 10
92.571
 20
147.012
 10
92.494
 20
147.026
 10
92.42
 20
147.047
 10
92.35
 20
147.074
 10
92.283
 20
147.108
 10
92.219
 20
147.149
 10
92.158
 20
147.196
 10
92.101
 20
147.25
 10
92.049
 20
147.307
 10
92.006
 20
147.367
 10
91.971
 20
147.429
 10
91.944
 20
147.493
 10
91.925
 20
147.559
 10
91.915
 20
147.626
 10
91.913
 20
147.696
 10
91.918
 20
147.767
 10
91.93
 20
147.839
 10
91.946
 20
147.911
 10
91.966
 20
147.982
 10
91.989
 20
148.052
 10
92.016
 20
148.122
 10
92.047
 20
148.192
 10
92.082
 20
148.261
 10
92.121
 20
148.329
 10
92.164
 20
148.393
 10
92.214
 20
148.45
 10
92.269
 20
148.5
 10
92.331
 20
148.542
 10
92.399
 20
148.576
 10
92.473
 20
148.603
 10
92.554
 20
148.623
 10
92.64
 20
148.635
 10
92.728
 20
148.64
 10
92.813
 20
148.639
 10
92.896
 20
148.63
 10
92.976
 20
148.616
 10
93.054
 20
148.595
 10
93.129
 20
148.567
 10
93.201
 20
148.533
 10
93.27
 20
148.492
 10
93.337
 20
148.446
 10
93.399
 20
148.398
 10
93.457
 20
148.347
 10
93.511
 20
148.293
 10
93.561
 20
148.236
 10
93.606
 20
148.176
 10
93.648
 20
148.113
 10
93.686
 20
148.048
 97
0
 75
0
 76
1
 98
0
  0
HATCH
  5
4A
330
17
100
AcDbEntity
  8
RASTER
 62
7
100
AcDbHatch
 10
0.0
 20
0.0
 30
0.0
210
0.0
220
0.0
230
1.0
  2
SOLID
 70
1
 71
0
 91
1
 92
3
 72
0
 73
1
 93
73
 10
94.625
 20
147.187
 10
94.642
 20
147.155
 10
94.654
 20
147.123
 10
94.663
 20
147.091
 10
94.666
 20
147.058
 10
94.665
 20
147.025
 10
94.66
 20
146.992
 10
94.65
 20
146.958
 10
94.636
 20
146.924
 10
94.618
 20
146.891
 10
94.598
 20
146.861
 10
94.575
 20
146.832
 10
94.55
 20
146.805
 10
94.523
 20
146.781
 10
94.493
 20
146.758
 10
94.461
 20
146.738
 10
94.426
 20
146.72
 10
94.39
 20
146.704
 10
94.354
 20
146.692
 10
94.317
 20
146.682
 10
94.28
 20
146.676
 10
94.243
 20
146.674
 10
94.205
 20
146.674
 10
94.167
 20
146.678
 10
94.128
 20
146.685
 10
94.091
 20
146.694
 10
94.055
 20
146.706
 10
94.021
 20
146.72
 10
93.989
 20
146.736
 10
93.959
 20
146.754
 10
93.93
 20
146.775
 10
93.903
 20
146.798
 10
93.878
 20
146.823
 10
93.855
 20
146.849
 10
93.836
 20
146.877
 10
93.818
 20
146.905
 10
93.804
 20
146.935
 10
93.793
 20
146.965
 10
93.784
 20
146.996
 10
93.778
 20
147.029
 10
93.775
 20
147.062
 10
93.775
 20
147.095
 10
93.779
 20
147.127
 10
93.786
 20
147.158
 10
93.796
 20
147.188
 10
93.811
 20
147.216
 10
93.829
 20
147.243
 10
93.85
 20
147.269
 10
93.875
 20
147.294
 10
93.902
 20
147.317
 10
93.931
 20
147.338
 10
93.961
 20
147.357
 10
93.993
 20
147.375
 10
94.025
 20
147.39
 10
94.059
 20
147.403
 10
94.094
 20
147.415
 10
94.131
 20
147.424
 10
94.168
 20
147.431
 10
94.205
 20
147.434
 10
94.241
 20
147.434
 10
94.276
 20
147.431
 10
94.311
 20
147.425
 10
94.346
 20
147.415
 10
94.38
 20
147.402
 10
94.414
 20
147.386
 10
94.446
 20
147.367
 10
94.477
 20
147.347
 10
94.506
 20
147.325
 10
94.533
 20
147.301
 10
94.559
 20
147.275
 10
94.582
 20
147.248
 10
94.604
 20
147.218
 10
94.625
 20
147.187
 97
0
 75
0
 76
1
 98
0
  0
HATCH
  5
4B
330
17
100
AcDbEntity
  8
RASTER
 62
7
100
AcDbHatch
 10
0.0
 20
0.0
 30
0.0
210
0.0
220
0.0
230
1.0
  2
SOLID
 70
1
 71
0
 91
1
 92
3
 72
0
 73
1
 93
110
 10
97.74
 20
143.335
 10
97.489
 20
143.269
 10
97.258
 20
143.25
 10
97.047
 20
143.279
 10
96.857
 20
143.354
 10
96.686
 20
143.477
 10
96.536
 20
143.647
 10
96.407
 20
143.865
 10
96.297
 20
144.129
 10
96.481
 20
144.049
 10
96.669
 20
143.976
 10
96.861
 20
143.911
 10
97.058
 20
143.853
 10
97.259
 20
143.803
 10
97.464
 20
143.76
 10
97.673
 20
143.725
 10
97.887
 20
143.698
 10
97.893
 20
143.704
 10
97.898
 20
143.71
 10
97.904
 20
143.716
 10
97.91
 20
143.722
 10
97.916
 20
143.727
 10
97.922
 20
143.733
 10
97.7
 20
144.008
 10
97.512
 20
144.296
 10
97.358
 20
144.596
 10
97.238
 20
144.909
 10
97.153
 20
145.235
 10
97.102
 20
145.573
 10
97.084
 20
145.924
 10
97.101
 20
146.287
 10
97.268
 20
145.998
 10
97.43
 20
145.706
 10
97.586
 20
145.41
 10
97.737
 20
145.111
 10
97.882
 20
144.808
 10
98.022
 20
144.502
 10
98.156
 20
144.193
 10
98.285
 20
143.88
 10
98.29
 20
143.88
 10
98.295
 20
143.88
 10
98.3
 20
143.88
 10
98.305
 20
143.88
 10
98.31
 20
143.88
 10
98.315
 20
143.88
 10
98.444
 20
144.193
 10
98.578
 20
144.502
 10
98.718
 20
144.808
 10
98.863
 20
145.111
 10
99.014
 20
145.41
 10
99.17
 20
145.706
 10
99.332
 20
145.998
 10
99.499
 20
146.287
 10
99.516
 20
145.924
 10
99.498
 20
145.573
 10
99.447
 20
145.235
 10
99.362
 20
144.909
 10
99.242
 20
144.596
 10
99.088
 20
144.296
 10
98.9
 20
144.008
 10
98.678
 20
143.733
 10
98.684
 20
143.727
 10
98.69
 20
143.722
 10
98.696
 20
143.716
 10
98.702
 20
143.71
 10
98.707
 20
143.704
 10
98.713
 20
143.698
 10
98.927
 20
143.725
 10
99.136
 20
143.76
 10
99.341
 20
143.803
 10
99.542
 20
143.853
 10
99.739
 20
143.911
 10
99.931
 20
143.976
 10
100.119
 20
144.049
 10
100.303
 20
144.129
 10
100.193
 20
143.865
 10
100.064
 20
143.647
 10
99.914
 20
143.477
 10
99.743
 20
143.354
 10
99.553
 20
143.279
 10
99.342
 20
143.25
 10
99.111
 20
143.269
 10
98.86
 20
143.335
 10
98.844
 20
143.188
 10
98.791
 20
143.05
 10
98.703
 20
142.931
 10
98.587
 20
142.839
 10
98.451
 20
142.781
 10
98.304
 20
142.76
 10
98.305
 20
142.76
 10
98.305
 20
142.76
 10
98.305
 20
142.76
 10
98.305
 20
142.76
 10
98.304
 20
142.76
 10
98.303
 20
142.76
 10
98.302
 20
142.76
 10
98.3
 20
142.76
 10
98.298
 20
142.76
 10
98.297
 20
142.76
 10
98.296
 20
142.76
 10
98.295
 20
142.76
 10
98.295
 20
142.76
 10
98.295
 20
142.76
 10
98.295
 20
142.76
 10
98.296
 20
142.76
 10
98.149
 20
142.781
 10
98.013
 20
142.839
 10
97.897
 20
142.931
 10
97.809
 20
143.05
 10
97.756
 20
143.188
 97
0
 75
0
 76
1
 98
0
  0
HATCH
  5
4C
330
17
100
AcDbEntity
  8
RASTER
 62
7
100
AcDbHatch
 10
0.0
 20
0.0
 30
0.0
210
0.0
220
0.0
230
1.0
  2
SOLID
 70
1
 71
0
 91
1
 92
3
 72
0
 73
1
 93
110
 10
118.74
 20
145.835
 10
118.489
 20
145.769
 10
118.258
 20
145.75
 10
118.047
 20
145.779
 10
117.857
 20
145.854
 10
117.686
 20
145.977
 10
117.536
 20
146.147
 10
117.407
 20
146.365
 10
117.297
 20
146.629
 10
117.481
 20
146.549
 10
117.669
 20
146.476
 10
117.861
 20
146.411
 10
118.058
 20
146.353
 10
118.259
 20
146.303
 10
118.464
 20
146.26
 10
118.673
 20
146.225
 10
118.887
 20
146.198
 10
118.893
 20
146.204
 10
118.898
 20
146.21
 10
118.904
 20
146.216
 10
118.91
 20
146.222
 10
118.916
 20
146.227
 10
118.922
 20
146.233
 10
118.7
 20
146.508
 10
118.512
 20
146.796
 10
118.358
 20
147.096
 10
118.238
 20
147.409
 10
118.153
 20
147.735
 10
118.102
 20
148.073
 10
118.084
 20
148.424
 10
118.101
 20
148.787
 10
118.268
 20
148.498
 10
118.43
 20
148.206
 10
118.586
 20
147.91
 10
118.737
 20
147.611
 10
118.882
 20
147.308
 10
119.022
 20
147.002
 10
119.156
 20
146.693
 10
119.285
 20
146.38
 10
119.29
 20
146.38
 10
119.295
 20
146.38
 10
119.3
 20
146.38
 10
119.305
 20
146.38
 10
119.31
 20
146.38
 10
119.315
 20
146.38
 10
119.444
 20
146.693
 10
119.578
 20
147.002
 10
119.718
 20
147.308
 10
119.863
 20
147.611
 10
120.014
 20
147.91
 10
120.17
 20
148.206
 10
120.332
 20
148.498
 10
120.499
 20
148.787
 10
120.516
 20
148.424
 10
120.498
 20
148.073
 10
120.447
 20
147.735
 10
120.362
 20
147.409
 10
120.242
 20
147.096
 10
120.088
 20
146.796
 10
119.9
 20
146.508
 10
119.678
 20
146.233
 10
119.684
 20
146.227
 10
119.69
 20
146.222
 10
119.696
 20
146.216
 10
119.702
 20
146.21
 10
119.707
 20
146.204
 10
119.713
 20
146.198
 10
119.927
 20
146.225
 10
120.136
 20
146.26
 10
120.341
 20
146.303
 10
120.542
 20
146.353
 10
120.739
 20
146.411
 10
120.931
 20
146.476
 10
121.119
 20
146.549
 10
121.303
 20
146.629
 10
121.193
 20
146.365
 10
121.064
 20
146.147
 10
120.914
 20
145.977
 10
120.743
 20
145.854
 10
120.553
 20
145.779
 10
120.342
 20
145.75
 10
120.111
 20
145.769
 10
119.86
 20
145.835
 10
119.844
 20
145.688
 10
119.791
 20
145.55
 10
119.703
 20
145.431
 10
119.587
 20
145.339
 10
119.451
 20
145.281
 10
119.304
 20
145.26
 10
119.305
 20
145.26
 10
119.305
 20
145.26
 10
119.305
 20
145.26
 10
119.305
 20
145.26
 10
119.304
 20
145.26
 10
119.303
 20
145.26
 10
119.302
 20
145.26
 10
119.3
 20
145.26
 10
119.298
 20
145.26
 10
119.297
 20
145.26
 10
119.296
 20
145.26
 10
119.295
 20
145.26
 10
119.295
 20
145.26
 10
119.295
 20
145.26
 10
119.295
 20
145.26
 10
119.296
 20
145.26
 10
119.149
 20
145.281
 10
119.013
 20
145.339
 10
118.897
 20
145.431
 10
118.809
 20
145.55
 10
118.756
 20
145.688
 97
0
 75
0
 76
1
 98
0
  0
HATCH
  5
4D
330
17
100
AcDbEntity
  8
RASTER
 62
7
100
AcDbHatch
 10
0.0
 20
0.0
 30
0.0
210
0.0
220
0.0
230
1.0
  2
SOLID
 70
1
 71
0
 91
1
 92
3
 72
0
 73
1
 93
22
 10
93.246
 20
116.796
 10
93.236
 20
116.811
 10
93.201
 20
116.922
 10
93.167
 20
117.034
 10
93.134
 20
117.146
 10
93.103
 20
117.258
 10
93.073
 20
117.369
 10
93.044
 20
117.481
 10
93.016
 20
117.593
 10
92.99
 20
117.705
 10
92.981
 20
117.719
 10
91.623
 20
117.5
 10
91.623
 20
117.47
 10
91.639
 20
117.34
 10
91.658
 20
117.21
 10
91.677
 20
117.081
 10
91.698
 20
116.951
 10
91.721
 20
116.821
 10
91.745
 20
116.691
 10
91.771
 20
116.561
 10
91.798
 20
116.431
 10
91.8
 20
116.397
 97
0
 75
0
 76
1
 98
0
  0
HATCH
  5
4E
330
17
100
AcDbEntity
  8
RASTER
 62
7
100
AcDbHatch
 10
0.0
 20
0.0
 30
0.0
210
0.0
220
0.0
230
1.0
  2
SOLID
 70
1
 71
0
 91
1
 92
3
 72
0
 73
1
 93
22
 10
92.949
 20
117.916
 10
92.941
 20
117.93
 10
92.919
 20
118.042
 10
92.897
 20
118.155
 10
92.878
 20
118.267
 10
92.859
 20
118.38
 10
92.842
 20
118.493
 10
92.826
 20
118.606
 10
92.811
 20
118.719
 10
92.798
 20
118.832
 10
92.79
 20
118.845
 10
91.541
 20
118.788
 10
91.537
 20
118.76
 10
91.539
 20
118.631
 10
91.542
 20
118.503
 10
91.547
 20
118.374
 10
91.553
 20
118.245
 10
91.561
 20
118.116
 10
91.571
 20
117.987
 10
91.581
 20
117.858
 10
91.594
 20
117.728
 10
91.591
 20
117.698
 97
0
 75
0
 76
1
 98
0
  0
HATCH
  5
4F
330
17
100
AcDbEntity
  8
RASTER
 62
7
100
AcDbHatch
 10
0.0
 20
0.0
 30
0.0
210
0.0
220
0.0
230
1.0
  2
SOLID
 70
1
 71
0
 91
1
 92
3
 72
0
 73
1
 93
22
 10
92.781
 20
119.045
 10
92.775
 20
119.059
 10
92.765
 20
119.172
 10
92.757
 20
119.286
 10
92.75
 20
119.4
 10
92.744
 20
119.514
 10
92.74
 20
119.628
 10
92.737
 20
119.742
 10
92.736
 20
119.857
 10
92.735
 20
119.972
 10
92.729
 20
119.987
 10
91.607
 20
120.064
 10
91.6
 20
120.037
 10
91.587
 20
119.91
 10
91.575
 20
119.783
 10
91.565
 20
119.655
 10
91.557
 20
119.528
 10
91.55
 20
119.4
 10
91.544
 20
119.272
 10
91.54
 20
119.144
 10
91.538
 20
119.016
 10
91.532
 20
118.988
 97
0
 75
0
 76
1
 98
0
  0
HATCH
  5
50
330
17
100
AcDbEntity
  8
RASTER
 62
7
100
AcDbHatch
 10
0.0
 20
0.0
 30
0.0
210
0.0
220
0.0
230
1.0
  2
SOLID
 70
1
 71
0
 91
1
 92
3
 72
0
 73
1
 93
22
 10
92.743
 20
120.186
 10
92.738
 20
120.201
 10
92.742
 20
120.316
 10
92.747
 20
120.432
 10
92.753
 20
120.547
 10
92.761
 20
120.663
 10
92.77
 20
120.778
 10
92.78
 20
120.894
 10
92.792
 20
121.01
 10
92.805
 20
121.126
 10
92.801
 20
121.145
 10
91.818
 20
121.325
 10
91.807
 20
121.299
 10
91.78
 20
121.173
 10
91.754
 20
121.047
 10
91.73
 20
120.922
 10
91.707
 20
120.796
 10
91.685
 20
120.67
 10
91.665
 20
120.543
 10
91.647
 20
120.417
 10
91.63
 20
120.29
 10
91.621
 20
120.263
 97
0
 75
0
 76
1
 98
0
  0
HATCH
  5
51
330
17
100
AcDbEntity
  8
RASTER
 62
7
100
AcDbHatch
 10
0.0
 20
0.0
 30
0.0
210
0.0
220
0.0
230
1.0
  2
SOLID
 70
1
 71
0
 91
1
 92
3
 72
0
 73
1
 93
22
 10
92.838
 20
121.341
 10
92.835
 20
121.359
 10
92.852
 20
121.476
 10
92.871
 20
121.593
 10
92.891
 20
121.71
 10
92.912
 20
121.828
 10
92.934
 20
121.945
 10
92.958
 20
122.063
 10
92.984
 20
122.18
 10
93.011
 20
122.298
 10
93.01
 20
122.321
 10
92.172
 20
122.571
 10
92.158
 20
122.543
 10
92.116
 20
122.42
 10
92.076
 20
122.296
 10
92.038
 20
122.172
 10
92.001
 20
122.047
 10
91.965
 20
121.923
 10
91.931
 20
121.799
 10
91.898
 20
121.674
 10
91.866
 20
121.549
 10
91.854
 20
121.522
 97
0
 75
0
 76
1
 98
0
  0
HATCH
  5
52
330
17
100
AcDbEntity
  8
RASTER
 62
7
100
AcDbHatch
 10
0.0
 20
0.0
 30
0.0
210
0.0
220
0.0
230
1.0
  2
SOLID
 70
1
 71
0
 91
1
 92
3
 72
0
 73
1
 93
22
 10
93.067
 20
122.512
 10
93.068
 20
122.535
 10
93.099
 20
122.653
 10
93.131
 20
122.772
 10
93.165
 20
122.891
 10
93.2
 20
123.009
 10
93.237
 20
123.129
 10
93.274
 20
123.248
 10
93.314
 20
123.367
 10
93.354
 20
123.487
 10
93.358
 20
123.514
 10
92.665
 20
123.801
 10
92.647
 20
123.771
 10
92.592
 20
123.649
 10
92.538
 20
123.527
 10
92.486
 20
123.405
 10
92.435
 20
123.282
 10
92.385
 20
123.159
 10
92.337
 20
123.037
 10
92.29
 20
122.914
 10
92.244
 20
122.79
 10
92.229
 20
122.763
 97
0
 75
0
 76
1
 98
0
  0
HATCH
  5
53
330
17
100
AcDbEntity
  8
RASTER
 62
7
100
AcDbHatch
 10
0.0
 20
0.0
 30
0.0
210
0.0
220
0.0
230
1.0
  2
SOLID
 70
1
 71
0
 91
1
 92
3
 72
0
 73
1
 93
48
 10
93.612
 20
124.5
 10
93.608
 20
124.427
 10
93.593
 20
124.354
 10
93.57
 20
124.285
 10
93.537
 20
124.219
 10
93.496
 20
124.158
 10
93.448
 20
124.102
 10
93.392
 20
124.054
 10
93.331
 20
124.013
 10
93.265
 20
123.98
 10
93.196
 20
123.957
 10
93.123
 20
123.942
 10
93.05
 20
123.938
 10
92.977
 20
123.942
 10
92.904
 20
123.957
 10
92.835
 20
123.98
 10
92.769
 20
124.013
 10
92.708
 20
124.054
 10
92.652
 20
124.102
 10
92.604
 20
124.158
 10
92.563
 20
124.219
 10
92.53
 20
124.285
 10
92.507
 20
124.354
 10
92.492
 20
124.427
 10
92.487
 20
124.5
 10
92.492
 20
124.573
 10
92.507
 20
124.646
 10
92.53
 20
124.715
 10
92.563
 20
124.781
 10
92.604
 20
124.842
 10
92.652
 20
124.898
 10
92.708
 20
124.946
 10
92.769
 20
124.987
 10
92.835
 20
125.02
 10
92.904
 20
125.043
 10
92.977
 20
125.058
 10
93.05
 20
125.063
 10
93.123
 20
125.058
 10
93.196
 20
125.043
 10
93.265
 20
125.02
 10
93.331
 20
124.987
 10
93.392
 20
124.946
 10
93.448
 20
124.898
 10
93.496
 20
124.842
 10
93.537
 20
124.781
 10
93.57
 20
124.715
 10
93.593
 20
124.646
 10
93.608
 20
124.573
 97
0
 75
0
 76
1
 98
0
  0
HATCH
  5
54
330
17
100
AcDbEntity
  8
RASTER
 62
7
100
AcDbHatch
 10
0.0
 20
0.0
 30
0.0
210
0.0
220
0.0
230
1.0
  2
SOLID
 70
1
 71
0
 91
1
 92
3
 72
0
 73
1
 93
122
 10
92.714
 20
125.066
 10
92.693
 20
125.17
 10
92.659
 20
125.261
 10
92.617
 20
125.346
 10
92.57
 20
125.426
 10
92.518
 20
125.501
 10
92.461
 20
125.572
 10
92.397
 20
125.638
 10
92.329
 20
125.699
 10
92.254
 20
125.755
 10
92.173
 20
125.804
 10
92.087
 20
125.845
 10
91.996
 20
125.879
 10
91.9
 20
125.904
 10
91.801
 20
125.92
 10
91.699
 20
125.926
 10
91.597
 20
125.922
 10
91.495
 20
125.908
 10
91.395
 20
125.885
 10
91.298
 20
125.853
 10
91.204
 20
125.812
 10
91.115
 20
125.765
 10
91.03
 20
125.711
 10
90.949
 20
125.651
 10
90.873
 20
125.587
 10
90.801
 20
125.517
 10
90.733
 20
125.443
 10
90.669
 20
125.365
 10
90.609
 20
125.283
 10
90.552
 20
125.197
 10
90.498
 20
125.108
 10
90.447
 20
125.015
 10
90.399
 20
124.918
 10
90.353
 20
124.819
 10
90.309
 20
124.715
 10
90.268
 20
124.608
 10
90.228
 20
124.498
 10
90.191
 20
124.384
 10
90.155
 20
124.266
 10
90.121
 20
124.145
 10
90.088
 20
124.02
 10
90.057
 20
123.892
 10
90.027
 20
123.76
 10
89.998
 20
123.624
 10
89.971
 20
123.484
 10
89.945
 20
123.341
 10
89.919
 20
123.194
 10
89.895
 20
123.043
 10
89.872
 20
122.888
 10
89.849
 20
122.73
 10
89.827
 20
122.567
 10
89.806
 20
122.401
 10
89.786
 20
122.231
 10
89.766
 20
122.056
 10
89.747
 20
121.878
 10
89.729
 20
121.696
 10
89.711
 20
121.51
 10
89.693
 20
121.32
 10
89.676
 20
121.126
 10
89.659
 20
120.928
 10
89.643
 20
120.726
 10
89.963
 20
120.67
 10
90.017
 20
120.863
 10
90.072
 20
121.052
 10
90.127
 20
121.236
 10
90.182
 20
121.415
 10
90.238
 20
121.59
 10
90.294
 20
121.761
 10
90.35
 20
121.926
 10
90.407
 20
122.087
 10
90.463
 20
122.243
 10
90.52
 20
122.395
 10
90.498
 20
122.562
 10
90.466
 20
122.729
 10
90.515
 20
122.87
 10
90.657
 20
122.98
 10
90.802
 20
123.082
 10
90.858
 20
123.205
 10
90.913
 20
123.323
 10
90.968
 20
123.437
 10
91.023
 20
123.545
 10
91.077
 20
123.649
 10
91.13
 20
123.747
 10
91.183
 20
123.841
 10
91.234
 20
123.93
 10
91.285
 20
124.013
 10
91.335
 20
124.092
 10
91.315
 20
124.2
 10
91.242
 20
124.336
 10
91.191
 20
124.461
 10
91.356
 20
124.456
 10
91.518
 20
124.437
 10
91.601
 20
124.457
 10
91.638
 20
124.5
 10
91.673
 20
124.538
 10
91.705
 20
124.572
 10
91.734
 20
124.601
 10
91.759
 20
124.626
 10
91.781
 20
124.647
 10
91.799
 20
124.664
 10
91.814
 20
124.679
 10
91.825
 20
124.692
 10
91.823
 20
124.724
 10
91.78
 20
124.866
 10
91.757
 20
125.011
 10
91.793
 20
124.97
 10
91.831
 20
124.85
 10
91.847
 20
124.764
 10
91.854
 20
124.78
 10
91.865
 20
124.796
 10
91.881
 20
124.813
 10
91.902
 20
124.829
 10
91.931
 20
124.844
 10
91.966
 20
124.856
 10
92.007
 20
124.865
 10
92.055
 20
124.871
 10
92.109
 20
124.873
 10
92.17
 20
124.872
 10
92.236
 20
124.866
 10
92.309
 20
124.856
 10
92.389
 20
124.843
 10
92.484
 20
124.836
 97
0
 75
0
 76
1
 98
0
  0
HATCH
  5
55
330
17
100
AcDbEntity
  8
RASTER
 62
7
100
AcDbHatch
 10
0.0
 20
0.0
 30
0.0
210
0.0
220
0.0
230
1.0
  2
SOLID
 70
1
 71
0
 91
1
 92
3
 72
0
 73
1
 93
122
 10
93.099
 20
125.156
 10
93.14
 20
125.267
 10
93.16
 20
125.375
 10
93.172
 20
125.48
 10
93.177
 20
125.583
 10
93.175
 20
125.684
 10
93.165
 20
125.784
 10
93.148
 20
125.883
 10
93.122
 20
125.98
 10
93.088
 20
126.076
 10
93.043
 20
126.169
 10
92.989
 20
126.259
 10
92.924
 20
126.344
 10
92.849
 20
126.424
 10
92.763
 20
126.496
 10
92.669
 20
126.558
 10
92.567
 20
126.611
 10
92.46
 20
126.651
 10
92.349
 20
126.681
 10
92.237
 20
126.698
 10
92.124
 20
126.705
 10
92.013
 20
126.702
 10
91.903
 20
126.69
 10
91.795
 20
126.669
 10
91.689
 20
126.641
 10
91.584
 20
126.606
 10
91.482
 20
126.564
 10
91.381
 20
126.516
 10
91.281
 20
126.463
 10
91.182
 20
126.404
 10
91.083
 20
126.339
 10
90.986
 20
126.27
 10
90.888
 20
126.195
 10
90.79
 20
126.115
 10
90.692
 20
126.03
 10
90.594
 20
125.941
 10
90.495
 20
125.846
 10
90.396
 20
125.747
 10
90.296
 20
125.642
 10
90.195
 20
125.533
 10
90.092
 20
125.419
 10
89.989
 20
125.3
 10
89.885
 20
125.176
 10
89.779
 20
125.048
 10
89.672
 20
124.914
 10
89.564
 20
124.776
 10
89.454
 20
124.633
 10
89.343
 20
124.485
 10
89.229
 20
124.333
 10
89.115
 20
124.176
 10
88.998
 20
124.013
 10
88.88
 20
123.847
 10
88.76
 20
123.675
 10
88.638
 20
123.499
 10
88.514
 20
123.318
 10
88.388
 20
123.132
 10
88.26
 20
122.941
 10
88.13
 20
122.746
 10
87.998
 20
122.546
 10
87.863
 20
122.342
 10
87.727
 20
122.132
 10
87.985
 20
121.935
 10
88.151
 20
122.119
 10
88.315
 20
122.298
 10
88.477
 20
122.472
 10
88.636
 20
122.641
 10
88.792
 20
122.805
 10
88.947
 20
122.963
 10
89.098
 20
123.117
 10
89.247
 20
123.265
 10
89.394
 20
123.408
 10
89.538
 20
123.546
 10
89.618
 20
123.733
 10
89.688
 20
123.923
 10
89.819
 20
124.052
 10
90.017
 20
124.111
 10
90.215
 20
124.161
 10
90.341
 20
124.268
 10
90.465
 20
124.371
 10
90.585
 20
124.469
 10
90.702
 20
124.561
 10
90.816
 20
124.649
 10
90.926
 20
124.732
 10
91.033
 20
124.809
 10
91.136
 20
124.882
 10
91.235
 20
124.949
 10
91.331
 20
125.012
 10
91.376
 20
125.13
 10
91.384
 20
125.296
 10
91.407
 20
125.441
 10
91.567
 20
125.375
 10
91.718
 20
125.297
 10
91.814
 20
125.286
 10
91.878
 20
125.316
 10
91.936
 20
125.341
 10
91.988
 20
125.361
 10
92.035
 20
125.379
 10
92.075
 20
125.392
 10
92.109
 20
125.403
 10
92.137
 20
125.412
 10
92.158
 20
125.419
 10
92.173
 20
125.425
 10
92.183
 20
125.455
 10
92.209
 20
125.601
 10
92.255
 20
125.739
 10
92.265
 20
125.687
 10
92.234
 20
125.565
 10
92.198
 20
125.486
 10
92.208
 20
125.499
 10
92.222
 20
125.509
 10
92.243
 20
125.516
 10
92.27
 20
125.517
 10
92.303
 20
125.511
 10
92.341
 20
125.498
 10
92.383
 20
125.477
 10
92.429
 20
125.447
 10
92.478
 20
125.409
 10
92.53
 20
125.363
 10
92.584
 20
125.308
 10
92.641
 20
125.246
 10
92.703
 20
125.175
 10
92.779
 20
125.1
 97
0
 75
0
 76
1
 98
0
  0
HATCH
  5
56
330
17
100
AcDbEntity
  8
RASTER
 62
7
100
AcDbHatch
 10
0.0
 20
0.0
 30
0.0
210
0.0
220
0.0
230
1.0
  2
SOLID
 70
1
 71
0
 91
1
 92
3
 72
0
 73
1
 93
122
 10
93.467
 20
125.009
 10
93.565
 20
125.073
 10
93.648
 20
125.136
 10
93.727
 20
125.194
 10
93.802
 20
125.248
 10
93.874
 20
125.295
 10
93.943
 20
125.338
 10
94.01
 20
125.375
 10
94.074
 20
125.407
 10
94.135
 20
125.434
 10
94.193
 20
125.457
 10
94.248
 20
125.476
 10
94.301
 20
125.491
 10
94.351
 20
125.503
 10
94.399
 20
125.512
 10
94.444
 20
125.519
 10
94.489
 20
125.524
 10
94.532
 20
125.528
 10
94.576
 20
125.531
 10
94.619
 20
125.532
 10
94.664
 20
125.533
 10
94.71
 20
125.533
 10
94.758
 20
125.532
 10
94.809
 20
125.529
 10
94.863
 20
125.525
 10
94.92
 20
125.52
 10
94.981
 20
125.512
 10
95.045
 20
125.503
 10
95.113
 20
125.491
 10
95.186
 20
125.476
 10
95.262
 20
125.458
 10
95.342
 20
125.437
 10
95.426
 20
125.413
 10
95.514
 20
125.385
 10
95.605
 20
125.354
 10
95.7
 20
125.319
 10
95.799
 20
125.28
 10
95.902
 20
125.237
 10
96.007
 20
125.19
 10
96.116
 20
125.138
 10
96.229
 20
125.083
 10
96.344
 20
125.023
 10
96.463
 20
124.959
 10
96.584
 20
124.891
 10
96.709
 20
124.818
 10
96.836
 20
124.741
 10
96.966
 20
124.659
 10
97.098
 20
124.573
 10
97.233
 20
124.482
 10
97.371
 20
124.387
 10
97.511
 20
124.287
 10
97.653
 20
124.183
 10
97.798
 20
124.074
 10
97.945
 20
123.961
 10
98.094
 20
123.843
 10
98.245
 20
123.72
 10
98.399
 20
123.593
 10
98.554
 20
123.461
 10
98.711
 20
123.324
 10
98.871
 20
123.183
 10
99.032
 20
123.037
 10
99.272
 20
123.257
 10
99.137
 20
123.431
 10
99.004
 20
123.601
 10
98.872
 20
123.767
 10
98.742
 20
123.93
 10
98.613
 20
124.088
 10
98.486
 20
124.242
 10
98.36
 20
124.392
 10
98.235
 20
124.537
 10
98.111
 20
124.679
 10
97.989
 20
124.817
 10
97.814
 20
124.89
 10
97.634
 20
124.949
 10
97.511
 20
125.067
 10
97.45
 20
125.255
 10
97.391
 20
125.444
 10
97.274
 20
125.556
 10
97.157
 20
125.665
 10
97.041
 20
125.769
 10
96.926
 20
125.869
 10
96.811
 20
125.965
 10
96.696
 20
126.056
 10
96.581
 20
126.143
 10
96.467
 20
126.225
 10
96.352
 20
126.302
 10
96.238
 20
126.375
 10
96.091
 20
126.375
 10
95.922
 20
126.311
 10
95.77
 20
126.261
 10
95.711
 20
126.439
 10
95.645
 20
126.617
 10
95.545
 20
126.708
 10
95.428
 20
126.745
 10
95.31
 20
126.776
 10
95.192
 20
126.8
 10
95.074
 20
126.818
 10
94.956
 20
126.829
 10
94.837
 20
126.833
 10
94.72
 20
126.83
 10
94.603
 20
126.82
 10
94.487
 20
126.802
 10
94.378
 20
126.753
 10
94.303
 20
126.585
 10
94.245
 20
126.418
 10
94.136
 20
126.43
 10
93.992
 20
126.504
 10
93.854
 20
126.533
 10
93.765
 20
126.463
 10
93.68
 20
126.388
 10
93.602
 20
126.307
 10
93.53
 20
126.221
 10
93.464
 20
126.131
 10
93.405
 20
126.036
 10
93.352
 20
125.937
 10
93.305
 20
125.835
 10
93.264
 20
125.73
 10
93.229
 20
125.621
 10
93.201
 20
125.509
 10
93.18
 20
125.394
 10
93.167
 20
125.274
 10
93.172
 20
125.146
 97
0
 75
0
 76
1
 98
0
  0
HATCH
  5
57
330
17
100
AcDbEntity
  8
RASTER
 62
7
100
AcDbHatch
 10
0.0
 20
0.0
 30
0.0
210
0.0
220
0.0
230
1.0
  2
SOLID
 70
1
 71
0
 91
1
 92
3
 72
0
 73
1
 93
122
 10
93.683
 20
124.678
 10
93.802
 20
124.675
 10
93.911
 20
124.683
 10
94.015
 20
124.691
 10
94.115
 20
124.698
 10
94.212
 20
124.705
 10
94.306
 20
124.71
 10
94.397
 20
124.713
 10
94.486
 20
124.716
 10
94.572
 20
124.716
 10
94.655
 20
124.716
 10
94.737
 20
124.714
 10
94.816
 20
124.711
 10
94.894
 20
124.707
 10
94.969
 20
124.701
 10
95.043
 20
124.695
 10
95.116
 20
124.688
 10
95.188
 20
124.68
 10
95.259
 20
124.67
 10
95.329
 20
124.66
 10
95.398
 20
124.65
 10
95.467
 20
124.638
 10
95.536
 20
124.625
 10
95.606
 20
124.611
 10
95.675
 20
124.596
 10
95.745
 20
124.58
 10
95.816
 20
124.563
 10
95.887
 20
124.544
 10
95.959
 20
124.524
 10
96.033
 20
124.502
 10
96.107
 20
124.479
 10
96.183
 20
124.453
 10
96.26
 20
124.426
 10
96.338
 20
124.396
 10
96.417
 20
124.364
 10
96.498
 20
124.33
 10
96.581
 20
124.293
 10
96.664
 20
124.254
 10
96.749
 20
124.212
 10
96.836
 20
124.167
 10
96.923
 20
124.119
 10
97.012
 20
124.068
 10
97.102
 20
124.015
 10
97.193
 20
123.958
 10
97.286
 20
123.898
 10
97.379
 20
123.835
 10
97.473
 20
123.768
 10
97.568
 20
123.698
 10
97.664
 20
123.625
 10
97.761
 20
123.549
 10
97.859
 20
123.469
 10
97.957
 20
123.386
 10
98.055
 20
123.299
 10
98.155
 20
123.208
 10
98.254
 20
123.115
 10
98.355
 20
123.017
 10
98.455
 20
122.917
 10
98.556
 20
122.812
 10
98.657
 20
122.705
 10
98.758
 20
122.593
 10
98.859
 20
122.478
 10
99.129
 20
122.659
 10
99.058
 20
122.799
 10
98.986
 20
122.936
 10
98.914
 20
123.071
 10
98.841
 20
123.204
 10
98.768
 20
123.333
 10
98.694
 20
123.46
 10
98.62
 20
123.585
 10
98.545
 20
123.707
 10
98.469
 20
123.826
 10
98.392
 20
123.943
 10
98.255
 20
124.002
 10
98.111
 20
124.049
 10
98.028
 20
124.15
 10
98.011
 20
124.316
 10
97.994
 20
124.486
 10
97.911
 20
124.586
 10
97.827
 20
124.683
 10
97.741
 20
124.778
 10
97.654
 20
124.869
 10
97.566
 20
124.957
 10
97.476
 20
125.043
 10
97.385
 20
125.125
 10
97.292
 20
125.203
 10
97.197
 20
125.278
 10
97.101
 20
125.35
 10
96.967
 20
125.352
 10
96.805
 20
125.293
 10
96.66
 20
125.249
 10
96.622
 20
125.426
 10
96.577
 20
125.605
 10
96.492
 20
125.701
 10
96.385
 20
125.745
 10
96.277
 20
125.785
 10
96.168
 20
125.819
 10
96.057
 20
125.85
 10
95.946
 20
125.875
 10
95.834
 20
125.896
 10
95.722
 20
125.911
 10
95.609
 20
125.921
 10
95.497
 20
125.927
 10
95.383
 20
125.904
 10
95.27
 20
125.759
 10
95.166
 20
125.614
 10
95.061
 20
125.658
 10
94.947
 20
125.775
 10
94.828
 20
125.849
 10
94.72
 20
125.819
 10
94.614
 20
125.783
 10
94.509
 20
125.742
 10
94.406
 20
125.696
 10
94.305
 20
125.645
 10
94.206
 20
125.59
 10
94.11
 20
125.53
 10
94.015
 20
125.465
 10
93.924
 20
125.396
 10
93.835
 20
125.322
 10
93.749
 20
125.243
 10
93.667
 20
125.158
 10
93.589
 20
125.067
 10
93.521
 20
124.959
 97
0
 75
0
 76
1
 98
0
  0
HATCH
  5
58
330
17
100
AcDbEntity
  8
RASTER
 62
7
100
AcDbHatch
 10
0.0
 20
0.0
 30
0.0
210
0.0
220
0.0
230
1.0
  2
SOLID
 70
1
 71
0
 91
1
 92
3
 72
0
 73
1
 93
122
 10
93.671
 20
124.283
 10
93.754
 20
124.214
 10
93.837
 20
124.16
 10
93.918
 20
124.111
 10
93.997
 20
124.064
 10
94.075
 20
124.019
 10
94.152
 20
123.975
 10
94.228
 20
123.932
 10
94.302
 20
123.891
 10
94.375
 20
123.85
 10
94.446
 20
123.81
 10
94.517
 20
123.771
 10
94.586
 20
123.732
 10
94.655
 20
123.695
 10
94.723
 20
123.657
 10
94.789
 20
123.621
 10
94.856
 20
123.585
 10
94.921
 20
123.549
 10
94.986
 20
123.514
 10
95.05
 20
123.48
 10
95.114
 20
123.445
 10
95.177
 20
123.412
 10
95.24
 20
123.378
 10
95.303
 20
123.344
 10
95.366
 20
123.311
 10
95.428
 20
123.278
 10
95.49
 20
123.245
 10
95.552
 20
123.211
 10
95.615
 20
123.178
 10
95.677
 20
123.144
 10
95.739
 20
123.11
 10
95.802
 20
123.076
 10
95.864
 20
123.041
 10
95.927
 20
123.006
 10
95.99
 20
122.971
 10
96.053
 20
122.934
 10
96.116
 20
122.897
 10
96.179
 20
122.859
 10
96.243
 20
122.821
 10
96.307
 20
122.781
 10
96.371
 20
122.74
 10
96.435
 20
122.698
 10
96.499
 20
122.655
 10
96.564
 20
122.611
 10
96.628
 20
122.566
 10
96.693
 20
122.519
 10
96.758
 20
122.471
 10
96.822
 20
122.422
 10
96.887
 20
122.371
 10
96.952
 20
122.318
 10
97.016
 20
122.264
 10
97.08
 20
122.209
 10
97.145
 20
122.151
 10
97.209
 20
122.092
 10
97.272
 20
122.032
 10
97.336
 20
121.969
 10
97.399
 20
121.905
 10
97.461
 20
121.84
 10
97.523
 20
121.772
 10
97.585
 20
121.703
 10
97.646
 20
121.632
 10
97.932
 20
121.786
 10
97.903
 20
121.879
 10
97.873
 20
121.973
 10
97.841
 20
122.065
 10
97.809
 20
122.157
 10
97.775
 20
122.248
 10
97.74
 20
122.338
 10
97.704
 20
122.427
 10
97.667
 20
122.516
 10
97.628
 20
122.604
 10
97.588
 20
122.691
 10
97.483
 20
122.727
 10
97.369
 20
122.754
 10
97.32
 20
122.831
 10
97.343
 20
122.969
 10
97.366
 20
123.11
 10
97.316
 20
123.191
 10
97.265
 20
123.271
 10
97.213
 20
123.349
 10
97.158
 20
123.426
 10
97.102
 20
123.502
 10
97.045
 20
123.576
 10
96.985
 20
123.649
 10
96.924
 20
123.72
 10
96.861
 20
123.79
 10
96.796
 20
123.858
 10
96.682
 20
123.864
 10
96.532
 20
123.817
 10
96.399
 20
123.784
 10
96.409
 20
123.953
 10
96.416
 20
124.126
 10
96.37
 20
124.225
 10
96.293
 20
124.279
 10
96.214
 20
124.33
 10
96.134
 20
124.379
 10
96.052
 20
124.426
 10
95.969
 20
124.47
 10
95.885
 20
124.512
 10
95.799
 20
124.551
 10
95.712
 20
124.587
 10
95.623
 20
124.621
 10
95.525
 20
124.63
 10
95.384
 20
124.528
 10
95.247
 20
124.425
 10
95.179
 20
124.501
 10
95.133
 20
124.649
 10
95.071
 20
124.761
 10
94.976
 20
124.773
 10
94.88
 20
124.783
 10
94.783
 20
124.789
 10
94.686
 20
124.793
 10
94.589
 20
124.793
 10
94.491
 20
124.789
 10
94.393
 20
124.782
 10
94.294
 20
124.772
 10
94.196
 20
124.758
 10
94.097
 20
124.74
 10
93.998
 20
124.718
 10
93.899
 20
124.691
 10
93.799
 20
124.658
 10
93.699
 20
124.606
 97
0
 75
0
 76
1
 98
0
  0
LWPOLYLINE
  5
59
330
17
100
AcDbEntity
  8
CUT
100
AcDbPolyline
 90
360
 70
1
 10
135.442
 20
156.33
 10
135.512
 20
156.58
 10
135.582
 20
156.831
 10
135.763
 20
157.294
 10
135.985
 20
157.718
 10
136.248
 20
158.103
 10
136.553
 20
158.447
 10
136.897
 20
158.752
 10
137.282
 20
159.015
 10
137.706
 20
159.237
 10
138.169
 20
159.418
 10
138.42
 20
159.488
 10
138.67
 20
159.558
 10
138.939
 20
159.608
 10
139.209
 20
159.658
 10
139.497
 20
159.688
 10
139.785
 20
159.718
 10
140.093
 20
159.728
 10
140.398
 20
159.737
 10
140.898
 20
159.737
 10
141.397
 20
159.737
 10
141.895
 20
159.737
 10
142.393
 20
159.737
 10
143.112
 20
159.737
 10
143.112
 20
157.138
 10
151.888
 20
157.138
 10
151.888
 20
159.737
 10
152.36
 20
159.737
 10
152.858
 20
159.737
 10
153.356
 20
159.737
 10
153.855
 20
159.737
 10
154.353
 20
159.737
 10
154.851
 20
159.737
 10
155.35
 20
159.737
 10
155.848
 20
159.737
 10
156.346
 20
159.737
 10
156.845
 20
159.737
 10
157.343
 20
159.737
 10
157.841
 20
159.737
 10
158.34
 20
159.737
 10
158.838
 20
159.737
 10
159.336
 20
159.737
 10
159.835
 20
159.737
 10
160.333
 20
159.737
 10
160.831
 20
159.737
 10
161.33
 20
159.737
 10
161.828
 20
159.737
 10
162.326
 20
159.737
 10
162.825
 20
159.737
 10
163.323
 20
159.737
 10
163.821
 20
159.737
 10
164.32
 20
159.737
 10
164.818
 20
159.737
 10
165.316
 20
159.737
 10
165.815
 20
159.737
 10
166.313
 20
159.737
 10
166.811
 20
159.737
 10
167.309
 20
159.737
 10
168.112
 20
159.737
 10
168.112
 20
157.138
 10
176.888
 20
157.138
 10
176.888
 20
159.737
 10
177.276
 20
159.737
 10
177.774
 20
159.737
 10
178.273
 20
159.737
 10
178.771
 20
159.737
 10
179.269
 20
159.737
 10
179.768
 20
159.737
 10
180.266
 20
159.737
 10
180.764
 20
159.737
 10
181.263
 20
159.737
 10
181.761
 20
159.737
 10
182.259
 20
159.737
 10
182.758
 20
159.737
 10
183.256
 20
159.737
 10
183.754
 20
159.737
 10
184.253
 20
159.737
 10
184.751
 20
159.737
 10
185.249
 20
159.737
 10
185.747
 20
159.737
 10
186.246
 20
159.737
 10
186.744
 20
159.737
 10
187.242
 20
159.737
 10
187.741
 20
159.737
 10
188.239
 20
159.737
 10
188.737
 20
159.737
 10
189.236
 20
159.737
 10
189.734
 20
159.737
 10
190.232
 20
159.737
 10
190.731
 20
159.737
 10
191.229
 20
159.737
 10
191.727
 20
159.737
 10
192.226
 20
159.737
 10
192.724
 20
159.737
 10
193.112
 20
159.737
 10
193.112
 20
157.138
 10
201.888
 20
157.138
 10
201.888
 20
159.737
 10
202.691
 20
159.737
 10
203.189
 20
159.737
 10
203.687
 20
159.737
 10
204.185
 20
159.737
 10
204.684
 20
159.737
 10
205.182
 20
159.737
 10
205.68
 20
159.737
 10
206.179
 20
159.737
 10
206.677
 20
159.737
 10
207.175
 20
159.737
 10
207.674
 20
159.737
 10
208.172
 20
159.737
 10
208.67
 20
159.737
 10
209.169
 20
159.737
 10
209.667
 20
159.737
 10
210.165
 20
159.737
 10
210.664
 20
159.737
 10
211.162
 20
159.737
 10
211.66
 20
159.737
 10
212.159
 20
159.737
 10
212.657
 20
159.737
 10
213.155
 20
159.737
 10
213.654
 20
159.737
 10
214.152
 20
159.737
 10
214.65
 20
159.737
 10
215.149
 20
159.737
 10
215.647
 20
159.737
 10
216.145
 20
159.737
 10
216.644
 20
159.737
 10
217.142
 20
159.737
 10
217.64
 20
159.737
 10
218.112
 20
159.737
 10
218.112
 20
157.138
 10
226.888
 20
157.138
 10
226.888
 20
159.737
 10
227.607
 20
159.737
 10
228.105
 20
159.737
 10
228.603
 20
159.737
 10
229.102
 20
159.737
 10
229.602
 20
159.737
 10
229.907
 20
159.728
 10
230.215
 20
159.718
 10
230.503
 20
159.688
 10
230.791
 20
159.658
 10
231.061
 20
159.608
 10
231.33
 20
159.558
 10
231.58
 20
159.488
 10
231.831
 20
159.418
 10
232.294
 20
159.237
 10
232.718
 20
159.015
 10
233.103
 20
158.752
 10
233.447
 20
158.447
 10
233.752
 20
158.103
 10
234.015
 20
157.718
 10
234.237
 20
157.294
 10
234.418
 20
156.831
 10
234.488
 20
156.58
 10
234.558
 20
156.33
 10
234.608
 20
156.061
 10
234.658
 20
155.791
 10
234.688
 20
155.503
 10
234.718
 20
155.215
 10
234.728
 20
154.907
 10
234.737
 20
154.602
 10
234.737
 20
154.11
 10
234.737
 20
153.621
 10
234.737
 20
153.131
 10
234.737
 20
152.641
 10
234.737
 20
151.888
 10
232.137
 20
151.888
 10
232.137
 20
143.112
 10
234.737
 20
143.112
 10
234.737
 20
142.359
 10
234.737
 20
141.869
 10
234.737
 20
141.379
 10
234.737
 20
140.89
 10
234.737
 20
140.398
 10
234.728
 20
140.093
 10
234.718
 20
139.785
 10
234.688
 20
139.497
 10
234.658
 20
139.209
 10
234.608
 20
138.939
 10
234.558
 20
138.67
 10
234.488
 20
138.42
 10
234.418
 20
138.169
 10
234.237
 20
137.706
 10
234.015
 20
137.282
 10
233.752
 20
136.897
 10
233.447
 20
136.553
 10
233.103
 20
136.248
 10
232.718
 20
135.985
 10
232.294
 20
135.763
 10
231.831
 20
135.582
 10
231.58
 20
135.512
 10
231.33
 20
135.442
 10
231.061
 20
135.392
 10
230.791
 20
135.342
 10
230.503
 20
135.312
 10
230.215
 20
135.282
 10
229.907
 20
135.272
 10
229.602
 20
135.263
 10
229.102
 20
135.263
 10
228.603
 20
135.263
 10
228.105
 20
135.263
 10
227.607
 20
135.263
 10
226.888
 20
135.263
 10
226.888
 20
137.862
 10
218.112
 20
137.862
 10
218.112
 20
135.263
 10
217.64
 20
135.263
 10
217.142
 20
135.263
 10
216.644
 20
135.263
 10
216.145
 20
135.263
 10
215.647
 20
135.263
 10
215.149
 20
135.263
 10
214.65
 20
135.263
 10
214.152
 20
135.263
 10
213.654
 20
135.263
 10
213.155
 20
135.263
 10
212.657
 20
135.263
 10
212.159
 20
135.263
 10
211.66
 20
135.263
 10
211.162
 20
135.263
 10
210.664
 20
135.263
 10
210.165
 20
135.263
 10
209.667
 20
135.263
 10
209.169
 20
135.263
 10
208.67
 20
135.263
 10
208.172
 20
135.263
 10
207.674
 20
135.263
 10
207.175
 20
135.263
 10
206.677
 20
135.263
 10
206.179
 20
135.263
 10
205.68
 20
135.263
 10
205.182
 20
135.263
 10
204.684
 20
135.263
 10
204.185
 20
135.263
 10
203.687
 20
135.263
 10
203.189
 20
135.263
 10
202.691
 20
135.263
 10
201.888
 20
135.263
 10
201.888
 20
137.862
 10
193.112
 20
137.862
 10
193.112
 20
135.263
 10
192.724
 20
135.263
 10
192.226
 20
135.263
 10
191.727
 20
135.263
 10
191.229
 20
135.263
 10
190.731
 20
135.263
 10
190.232
 20
135.263
 10
189.734
 20
135.263
 10
189.236
 20
135.263
 10
188.737
 20
135.263
 10
188.239
 20
135.263
 10
187.741
 20
135.263
 10
187.242
 20
135.263
 10
186.744
 20
135.263
 10
186.246
 20
135.263
 10
185.747
 20
135.263
 10
185.249
 20
135.263
 10
184.751
 20
135.263
 10
184.253
 20
135.263
 10
183.754
 20
135.263
 10
183.256
 20
135.263
 10
182.758
 20
135.263
 10
182.259
 20
135.263
 10
181.761
 20
135.263
 10
181.263
 20
135.263
 10
180.764
 20
135.263
 10
180.266
 20
135.263
 10
179.768
 20
135.263
 10
179.269
 20
135.263
 10
178.771
 20
135.263
 10
178.273
 20
135.263
 10
177.774
 20
135.263
 10
177.276
 20
135.263
 10
176.888
 20
135.263
 10
176.888
 20
137.862
 10
168.112
 20
137.862
 10
168.112
 20
135.263
 10
167.309
 20
135.263
 10
166.811
 20
135.263
 10
166.313
 20
135.263
 10
165.815
 20
135.263
 10
165.316
 20
135.263
 10
164.818
 20
135.263
 10
164.32
 20
135.263
 10
163.821
 20
135.263
 10
163.323
 20
135.263
 10
162.825
 20
135.263
 10
162.326
 20
135.263
 10
161.828
 20
135.263
 10
161.33
 20
135.263
 10
160.831
 20
135.263
 10
160.333
 20
135.263
 10
159.835
 20
135.263
 10
159.336
 20
135.263
 10
158.838
 20
135.263
 10
158.34
 20
135.263
 10
157.841
 20
135.263
 10
157.343
 20
135.263
 10
156.845
 20
135.263
 10
156.346
 20
135.263
 10
155.848
 20
135.263
 10
155.35
 20
135.263
 10
154.851
 20
135.263
 10
154.353
 20
135.263
 10
153.855
 20
135.263
 10
153.356
 20
135.263
 10
152.858
 20
135.263
 10
152.36
 20
135.263
 10
151.888
 20
135.263
 10
151.888
 20
137.862
 10
143.112
 20
137.862
 10
143.112
 20
135.263
 10
142.393
 20
135.263
 10
141.895
 20
135.263
 10
141.397
 20
135.263
 10
140.898
 20
135.263
 10
140.398
 20
135.263
 10
140.093
 20
135.272
 10
139.785
 20
135.282
 10
139.497
 20
135.312
 10
139.209
 20
135.342
 10
138.939
 20
135.392
 10
138.67
 20
135.442
 10
138.42
 20
135.512
 10
138.169
 20
135.582
 10
137.706
 20
135.763
 10
137.282
 20
135.985
 10
136.897
 20
136.248
 10
136.553
 20
136.553
 10
136.248
 20
136.897
 10
135.985
 20
137.282
 10
135.763
 20
137.706
 10
135.582
 20
138.169
 10
135.512
 20
138.42
 10
135.442
 20
138.67
 10
135.392
 20
138.939
 10
135.342
 20
139.209
 10
135.312
 20
139.497
 10
135.282
 20
139.785
 10
135.272
 20
140.093
 10
135.263
 20
140.398
 10
135.263
 20
140.89
 10
135.263
 20
141.379
 10
135.263
 20
141.869
 10
135.263
 20
142.359
 10
135.263
 20
143.112
 10
137.862
 20
143.112
 10
137.862
 20
151.888
 10
135.263
 20
151.888
 10
135.263
 20
152.641
 10
135.263
 20
153.131
 10
135.263
 20
153.621
 10
135.263
 20
154.11
 10
135.263
 20
154.602
 10
135.272
 20
154.907
 10
135.282
 20
155.215
 10
135.312
 20
155.503
 10
135.342
 20
155.791
 10
135.392
 20
156.061
  0
HATCH
  5
5A
330
17
100
AcDbEntity
  8
RASTER
 62
7
100
AcDbHatch
 10
0.0
 20
0.0
 30
0.0
210
0.0
220
0.0
230
1.0
  2
SOLID
 70
1
 71
0
 91
2
 92
3
 72
0
 73
1
 93
382
 10
137.71
 20
152.064
 10
137.772
 20
152.358
 10
137.824
 20
152.652
 10
137.932
 20
153.212
 10
138.05
 20
153.737
 10
138.199
 20
154.233
 10
138.393
 20
154.693
 10
138.637
 20
155.107
 10
138.924
 20
155.471
 10
139.244
 20
155.783
 10
139.586
 20
156.053
 10
139.944
 20
156.294
 10
140.32
 20
156.525
 10
140.726
 20
156.761
 10
141.177
 20
157.013
 10
141.689
 20
157.276
 10
142.271
 20
157.523
 10
142.605
 20
157.625
 10
142.938
 20
157.712
 10
143.585
 20
157.796
 10
144.232
 20
157.776
 10
144.869
 20
157.658
 10
145.487
 20
157.48
 10
146.085
 20
157.291
 10
146.665
 20
157.133
 10
147.236
 20
157.033
 10
147.806
 20
156.996
 10
148.386
 20
157.01
 10
148.979
 20
157.051
 10
149.583
 20
157.092
 10
150.19
 20
157.119
 10
150.792
 20
157.133
 10
151.384
 20
157.151
 10
151.967
 20
157.195
 10
152.547
 20
157.28
 10
153.132
 20
157.405
 10
153.732
 20
157.554
 10
154.35
 20
157.689
 10
154.985
 20
157.767
 10
155.63
 20
157.753
 10
156.269
 20
157.64
 10
156.892
 20
157.454
 10
157.495
 20
157.243
 10
158.078
 20
157.056
 10
158.645
 20
156.932
 10
159.205
 20
156.886
 10
159.771
 20
156.915
 10
160.353
 20
156.997
 10
160.951
 20
157.102
 10
161.56
 20
157.198
 10
162.173
 20
157.266
 10
162.781
 20
157.308
 10
163.381
 20
157.341
 10
163.972
 20
157.385
 10
164.56
 20
157.453
 10
165.156
 20
157.543
 10
165.764
 20
157.633
 10
166.389
 20
157.69
 10
167.025
 20
157.68
 10
167.662
 20
157.584
 10
168.288
 20
157.414
 10
168.896
 20
157.207
 10
169.483
 20
157.012
 10
170.05
 20
156.874
 10
170.606
 20
156.819
 10
171.163
 20
156.852
 10
171.735
 20
156.96
 10
172.326
 20
157.111
 10
172.934
 20
157.266
 10
173.553
 20
157.389
 10
174.176
 20
157.462
 10
174.792
 20
157.49
 10
175.397
 20
157.496
 10
175.993
 20
157.503
 10
176.587
 20
157.523
 10
177.187
 20
157.554
 10
177.797
 20
157.577
 10
178.42
 20
157.564
 10
179.049
 20
157.492
 10
179.674
 20
157.356
 10
180.285
 20
157.178
 10
180.878
 20
156.999
 10
181.451
 20
156.863
 10
182.008
 20
156.803
 10
182.561
 20
156.834
 10
183.126
 20
156.95
 10
183.71
 20
157.126
 10
184.315
 20
157.322
 10
184.936
 20
157.489
 10
185.568
 20
157.594
 10
186.199
 20
157.626
 10
186.819
 20
157.6
 10
187.426
 20
157.548
 10
188.022
 20
157.497
 10
188.614
 20
157.463
 10
189.211
 20
157.442
 10
189.818
 20
157.418
 10
190.433
 20
157.369
 10
191.052
 20
157.279
 10
191.665
 20
157.152
 10
192.263
 20
157.012
 10
192.844
 20
156.897
 10
193.408
 20
156.84
 10
193.964
 20
156.864
 10
194.527
 20
156.974
 10
195.106
 20
157.153
 10
195.705
 20
157.365
 10
196.325
 20
157.559
 10
196.96
 20
157.689
 10
197.601
 20
157.73
 10
198.235
 20
157.685
 10
198.852
 20
157.585
 10
199.453
 20
157.469
 10
200.043
 20
157.37
 10
200.628
 20
157.301
 10
201.218
 20
157.259
 10
201.818
 20
157.228
 10
202.426
 20
157.187
 10
203.036
 20
157.123
 10
203.639
 20
157.042
 10
204.23
 20
156.966
 10
204.806
 20
156.924
 10
205.37
 20
156.944
 10
205.935
 20
157.037
 10
206.511
 20
157.198
 10
207.106
 20
157.4
 10
207.721
 20
157.597
 10
208.355
 20
157.74
 10
209.001
 20
157.79
 10
209.643
 20
157.737
 10
210.27
 20
157.606
 10
210.877
 20
157.441
 10
211.468
 20
157.286
 10
212.046
 20
157.17
 10
212.622
 20
157.106
 10
213.205
 20
157.084
 10
213.799
 20
157.087
 10
214.402
 20
157.089
 10
215.008
 20
157.078
 10
215.609
 20
157.057
 10
216.198
 20
157.044
 10
216.776
 20
157.064
 10
217.349
 20
157.135
 10
217.927
 20
157.262
 10
218.517
 20
157.43
 10
219.126
 20
157.606
 10
219.755
 20
157.743
 10
220.399
 20
157.798
 10
221.045
 20
157.747
 10
221.678
 20
157.605
 10
222.292
 20
157.411
 10
222.885
 20
157.217
 10
223.462
 20
157.064
 10
224.028
 20
156.976
 10
224.596
 20
156.956
 10
225.176
 20
156.99
 10
225.769
 20
157.052
 10
226.374
 20
157.113
 10
226.985
 20
157.158
 10
227.294
 20
157.163
 10
227.604
 20
157.166
 10
228.184
 20
157.133
 10
228.726
 20
157.075
 10
229.244
 20
156.999
 10
229.751
 20
156.897
 10
230.251
 20
156.753
 10
230.74
 20
156.547
 10
231.202
 20
156.262
 10
231.613
 20
155.888
 10
231.946
 20
155.427
 10
232.174
 20
154.895
 10
232.285
 20
154.314
 10
232.282
 20
153.712
 10
232.191
 20
153.112
 10
232.054
 20
152.517
 10
231.979
 20
152.227
 10
231.926
 20
151.95
 10
231.861
 20
151.388
 10
231.879
 20
150.827
 10
231.963
 20
150.252
 10
232.083
 20
149.659
 10
232.204
 20
149.052
 10
232.297
 20
148.436
 10
232.354
 20
147.822
 10
232.387
 20
147.215
 10
232.416
 20
146.619
 10
232.46
 20
146.027
 10
232.524
 20
145.434
 10
232.597
 20
144.831
 10
232.651
 20
144.213
 10
232.653
 20
143.583
 10
232.578
 20
142.944
 10
232.498
 20
142.613
 10
232.4
 20
142.281
 10
232.147
 20
141.7
 10
231.863
 20
141.197
 10
231.589
 20
140.767
 10
231.344
 20
140.393
 10
231.129
 20
140.051
 10
230.931
 20
139.716
 10
230.724
 20
139.37
 10
230.483
 20
139.007
 10
230.186
 20
138.638
 10
229.816
 20
138.282
 10
229.367
 20
137.968
 10
228.844
 20
137.722
 10
228.263
 20
137.559
 10
227.646
 20
137.482
 10
227.315
 20
137.476
 10
227.001
 20
137.473
 10
226.397
 20
137.485
 10
225.803
 20
137.483
 10
225.204
 20
137.471
 10
224.594
 20
137.468
 10
223.973
 20
137.498
 10
223.347
 20
137.582
 10
222.727
 20
137.721
 10
222.12
 20
137.89
 10
221.532
 20
138.051
 10
220.963
 20
138.161
 10
220.408
 20
138.191
 10
219.852
 20
138.131
 10
219.283
 20
137.989
 10
218.694
 20
137.796
 10
218.084
 20
137.596
 10
217.458
 20
137.436
 10
216.822
 20
137.349
 10
216.19
 20
137.341
 10
215.57
 20
137.391
 10
214.964
 20
137.465
 10
214.37
 20
137.534
 10
213.779
 20
137.583
 10
213.184
 20
137.615
 10
212.58
 20
137.646
 10
211.967
 20
137.698
 10
211.351
 20
137.784
 10
210.742
 20
137.899
 10
210.147
 20
138.019
 10
209.569
 20
138.11
 10
209.006
 20
138.138
 10
208.448
 20
138.087
 10
207.881
 20
137.955
 10
207.297
 20
137.762
 10
206.692
 20
137.55
 10
206.067
 20
137.368
 10
205.427
 20
137.262
 10
204.784
 20
137.252
 10
204.152
 20
137.328
 10
203.538
 20
137.452
 10
202.94
 20
137.585
 10
202.354
 20
137.693
 10
201.772
 20
137.765
 10
201.184
 20
137.804
 10
200.587
 20
137.828
 10
199.981
 20
137.858
 10
199.373
 20
137.906
 10
198.771
 20
137.968
 10
198.182
 20
138.022
 10
197.606
 20
138.04
 10
197.039
 20
137.998
 10
196.471
 20
137.888
 10
195.889
 20
137.719
 10
195.289
 20
137.52
 10
194.669
 20
137.339
 10
194.03
 20
137.224
 10
193.383
 20
137.209
 10
192.743
 20
137.295
 10
192.121
 20
137.451
 10
191.518
 20
137.631
 10
190.932
 20
137.79
 10
190.358
 20
137.9
 10
189.785
 20
137.953
 10
189.204
 20
137.959
 10
188.61
 20
137.938
 10
188.007
 20
137.917
 10
187.401
 20
137.908
 10
186.8
 20
137.911
 10
186.21
 20
137.907
 10
185.629
 20
137.873
 10
185.053
 20
137.792
 10
184.472
 20
137.663
 10
183.876
 20
137.502
 10
183.263
 20
137.345
 10
182.63
 20
137.236
 10
181.985
 20
137.216
 10
181.342
 20
137.3
 10
180.714
 20
137.466
 10
180.105
 20
137.672
 10
179.517
 20
137.865
 10
178.946
 20
138.006
 10
178.383
 20
138.075
 10
177.816
 20
138.072
 10
177.236
 20
138.014
 10
176.64
 20
137.93
 10
176.034
 20
137.85
 10
175.423
 20
137.792
 10
174.817
 20
137.755
 10
174.22
 20
137.723
 10
173.632
 20
137.675
 10
173.046
 20
137.597
 10
172.453
 20
137.492
 10
171.848
 20
137.38
 10
171.225
 20
137.295
 10
170.588
 20
137.277
 10
169.947
 20
137.348
 10
169.316
 20
137.503
 10
168.703
 20
137.708
 10
168.11
 20
137.914
 10
167.538
 20
138.073
 10
166.979
 20
138.156
 10
166.422
 20
138.152
 10
165.853
 20
138.071
 10
165.267
 20
137.942
 10
164.663
 20
137.8
 10
164.047
 20
137.682
 10
163.428
 20
137.605
 10
162.814
 20
137.566
 10
162.21
 20
137.547
 10
161.615
 20
137.525
 10
161.022
 20
137.487
 10
160.424
 20
137.436
 10
159.813
 20
137.391
 10
159.189
 20
137.382
 10
158.557
 20
137.437
 10
157.928
 20
137.564
 10
157.312
 20
137.745
 10
156.714
 20
137.938
 10
156.136
 20
138.098
 10
155.576
 20
138.187
 10
155.023
 20
138.187
 10
154.462
 20
138.099
 10
153.883
 20
137.943
 10
153.284
 20
137.758
 10
152.667
 20
137.589
 10
152.04
 20
137.472
 10
151.411
 20
137.421
 10
150.792
 20
137.424
 10
150.185
 20
137.454
 10
149.588
 20
137.486
 10
148.994
 20
137.504
 10
148.396
 20
137.51
 10
147.787
 20
137.521
 10
147.169
 20
137.562
 10
146.547
 20
137.651
 10
145.93
 20
137.785
 10
145.327
 20
137.942
 10
144.743
 20
138.082
 10
144.177
 20
138.167
 10
143.621
 20
138.171
 10
143.06
 20
138.086
 10
142.781
 20
138.022
 10
142.486
 20
137.939
 10
141.885
 20
137.797
 10
141.28
 20
137.715
 10
140.681
 20
137.732
 10
140.111
 20
137.862
 10
139.594
 20
138.102
 10
139.148
 20
138.433
 10
138.78
 20
138.831
 10
138.488
 20
139.272
 10
138.262
 20
139.738
 10
138.088
 20
140.22
 10
137.951
 20
140.72
 10
137.845
 20
141.244
 10
137.773
 20
141.802
 10
137.749
 20
142.4
 10
137.768
 20
142.72
 10
137.793
 20
143.035
 10
137.884
 20
143.647
 10
137.987
 20
144.247
 10
138.073
 20
144.832
 10
138.11
 20
145.401
 10
138.076
 20
145.961
 10
137.963
 20
146.526
 10
137.785
 20
147.106
 10
137.575
 20
147.706
 10
137.382
 20
148.326
 10
137.256
 20
148.964
 10
137.227
 20
149.609
 10
137.294
 20
150.247
 10
137.425
 20
150.867
 10
137.575
 20
151.47
 97
0
 92
3
 72
0
 73
1
 93
383
 10
138.296
 20
151.936
 10
138.159
 20
151.33
 10
138.009
 20
150.733
 10
137.887
 20
150.153
 10
137.828
 20
149.591
 10
137.853
 20
149.036
 10
137.965
 20
148.474
 10
138.144
 20
147.894
 10
138.355
 20
147.294
 10
138.546
 20
146.674
 10
138.673
 20
146.039
 10
138.712
 20
145.399
 10
138.67
 20
144.768
 10
138.579
 20
144.153
 10
138.476
 20
143.553
 10
138.39
 20
142.967
 10
138.366
 20
142.678
 10
138.35
 20
142.394
 10
138.371
 20
141.852
 10
138.437
 20
141.342
 10
138.535
 20
140.859
 10
138.66
 20
140.402
 10
138.816
 20
139.972
 10
139.011
 20
139.57
 10
139.254
 20
139.203
 10
139.55
 20
138.881
 10
139.902
 20
138.62
 10
140.306
 20
138.433
 10
140.756
 20
138.33
 10
141.248
 20
138.317
 10
141.776
 20
138.388
 10
142.336
 20
138.52
 10
142.633
 20
138.604
 10
142.948
 20
138.676
 10
143.579
 20
138.771
 10
144.223
 20
138.766
 10
144.857
 20
138.671
 10
145.473
 20
138.524
 10
146.07
 20
138.369
 10
146.653
 20
138.242
 10
147.231
 20
138.16
 10
147.813
 20
138.121
 10
148.404
 20
138.11
 10
149.006
 20
138.103
 10
149.612
 20
138.085
 10
150.215
 20
138.054
 10
150.808
 20
138.024
 10
151.389
 20
138.021
 10
151.96
 20
138.068
 10
152.533
 20
138.174
 10
153.116
 20
138.334
 10
153.717
 20
138.52
 10
154.338
 20
138.686
 10
154.977
 20
138.787
 10
155.624
 20
138.787
 10
156.264
 20
138.685
 10
156.886
 20
138.513
 10
157.488
 20
138.318
 10
158.072
 20
138.147
 10
158.643
 20
138.032
 10
159.211
 20
137.983
 10
159.787
 20
137.991
 10
160.376
 20
138.034
 10
160.978
 20
138.085
 10
161.585
 20
138.124
 10
162.19
 20
138.147
 10
162.786
 20
138.166
 10
163.372
 20
138.202
 10
163.953
 20
138.275
 10
164.537
 20
138.387
 10
165.133
 20
138.527
 10
165.747
 20
138.662
 10
166.378
 20
138.751
 10
167.021
 20
138.756
 10
167.662
 20
138.662
 10
168.29
 20
138.487
 10
168.897
 20
138.276
 10
169.484
 20
138.08
 10
170.053
 20
137.94
 10
170.612
 20
137.878
 10
171.175
 20
137.894
 10
171.752
 20
137.973
 10
172.347
 20
138.082
 10
172.954
 20
138.19
 10
173.568
 20
138.271
 10
174.18
 20
138.322
 10
174.783
 20
138.354
 10
175.377
 20
138.391
 10
175.966
 20
138.447
 10
176.56
 20
138.525
 10
177.164
 20
138.61
 10
177.784
 20
138.671
 10
178.417
 20
138.675
 10
179.054
 20
138.597
 10
179.683
 20
138.442
 10
180.295
 20
138.241
 10
180.886
 20
138.041
 10
181.458
 20
137.89
 10
182.015
 20
137.818
 10
182.57
 20
137.835
 10
183.137
 20
137.932
 10
183.724
 20
138.083
 10
184.328
 20
138.246
 10
184.947
 20
138.383
 10
185.571
 20
138.47
 10
186.19
 20
138.506
 10
186.8
 20
138.511
 10
187.399
 20
138.508
 10
187.993
 20
138.517
 10
188.59
 20
138.538
 10
189.196
 20
138.559
 10
189.815
 20
138.553
 10
190.442
 20
138.495
 10
191.068
 20
138.375
 10
191.682
 20
138.208
 10
192.279
 20
138.03
 10
192.857
 20
137.885
 10
193.417
 20
137.81
 10
193.97
 20
137.822
 10
194.531
 20
137.924
 10
195.111
 20
138.093
 10
195.711
 20
138.292
 10
196.329
 20
138.472
 10
196.961
 20
138.594
 10
197.594
 20
138.64
 10
198.218
 20
138.621
 10
198.829
 20
138.565
 10
199.427
 20
138.504
 10
200.019
 20
138.457
 10
200.613
 20
138.428
 10
201.216
 20
138.404
 10
201.828
 20
138.363
 10
202.446
 20
138.287
 10
203.06
 20
138.173
 10
203.662
 20
138.039
 10
204.248
 20
137.921
 10
204.816
 20
137.853
 10
205.373
 20
137.861
 10
205.933
 20
137.954
 10
206.508
 20
138.121
 10
207.103
 20
138.33
 10
207.719
 20
138.533
 10
208.352
 20
138.681
 10
208.994
 20
138.74
 10
209.631
 20
138.707
 10
210.253
 20
138.61
 10
210.858
 20
138.488
 10
211.449
 20
138.376
 10
212.033
 20
138.295
 10
212.62
 20
138.245
 10
213.216
 20
138.215
 10
213.821
 20
138.182
 10
214.43
 20
138.131
 10
215.036
 20
138.061
 10
215.63
 20
137.988
 10
216.21
 20
137.941
 10
216.778
 20
137.948
 10
217.342
 20
138.025
 10
217.916
 20
138.172
 10
218.506
 20
138.366
 10
219.117
 20
138.566
 10
219.748
 20
138.723
 10
220.392
 20
138.792
 10
221.037
 20
138.757
 10
221.668
 20
138.636
 10
222.28
 20
138.469
 10
222.873
 20
138.303
 10
223.453
 20
138.173
 10
224.027
 20
138.096
 10
224.606
 20
138.068
 10
225.196
 20
138.071
 10
225.797
 20
138.083
 10
226.403
 20
138.085
 10
227.004
 20
138.073
 10
227.306
 20
138.075
 10
227.603
 20
138.081
 10
228.145
 20
138.149
 10
228.634
 20
138.286
 10
229.064
 20
138.489
 10
229.434
 20
138.747
 10
229.743
 20
139.044
 10
229.998
 20
139.362
 10
230.216
 20
139.69
 10
230.415
 20
140.024
 10
230.617
 20
140.364
 10
230.839
 20
140.716
 10
231.085
 20
141.092
 10
231.348
 20
141.506
 10
231.609
 20
141.968
 10
231.835
 20
142.487
 10
231.919
 20
142.768
 10
231.986
 20
143.05
 10
232.052
 20
143.617
 10
232.051
 20
144.187
 10
232.0
 20
144.769
 10
231.928
 20
145.366
 10
231.862
 20
145.973
 10
231.817
 20
146.581
 10
231.787
 20
147.185
 10
231.755
 20
147.778
 10
231.701
 20
148.364
 10
231.612
 20
148.948
 10
231.495
 20
149.541
 10
231.372
 20
150.148
 10
231.28
 20
150.773
 10
231.26
 20
151.412
 10
231.332
 20
152.042
 10
231.394
 20
152.359
 10
231.471
 20
152.659
 10
231.601
 20
153.224
 10
231.682
 20
153.759
 10
231.685
 20
154.259
 10
231.597
 20
154.718
 10
231.421
 20
155.13
 10
231.164
 20
155.486
 10
230.84
 20
155.78
 10
230.464
 20
156.012
 10
230.051
 20
156.187
 10
229.608
 20
156.314
 10
229.141
 20
156.408
 10
228.651
 20
156.48
 10
228.135
 20
156.535
 10
227.589
 20
156.566
 10
227.303
 20
156.563
 10
227.012
 20
156.558
 10
226.426
 20
156.515
 10
225.831
 20
156.455
 10
225.224
 20
156.392
 10
224.604
 20
156.356
 10
223.972
 20
156.378
 10
223.338
 20
156.476
 10
222.715
 20
156.641
 10
222.108
 20
156.84
 10
221.522
 20
157.025
 10
220.955
 20
157.152
 10
220.401
 20
157.196
 10
219.845
 20
157.149
 10
219.274
 20
157.024
 10
218.683
 20
156.853
 10
218.073
 20
156.68
 10
217.451
 20
156.543
 10
216.824
 20
156.465
 10
216.202
 20
156.444
 10
215.591
 20
156.458
 10
214.992
 20
156.479
 10
214.398
 20
156.489
 10
213.801
 20
156.487
 10
213.195
 20
156.484
 10
212.578
 20
156.507
 10
211.954
 20
156.577
 10
211.332
 20
156.701
 10
210.723
 20
156.861
 10
210.13
 20
157.022
 10
209.557
 20
157.142
 10
208.999
 20
157.188
 10
208.445
 20
157.145
 10
207.879
 20
157.018
 10
207.294
 20
156.83
 10
206.689
 20
156.624
 10
206.065
 20
156.45
 10
205.43
 20
156.345
 10
204.794
 20
156.323
 10
204.17
 20
156.368
 10
203.561
 20
156.447
 10
202.964
 20
156.528
 10
202.374
 20
156.589
 10
201.782
 20
156.629
 10
201.182
 20
156.66
 10
200.572
 20
156.703
 10
199.957
 20
156.776
 10
199.347
 20
156.879
 10
198.748
 20
156.994
 10
198.165
 20
157.088
 10
197.599
 20
157.128
 10
197.04
 20
157.093
 10
196.475
 20
156.977
 10
195.895
 20
156.795
 10
195.294
 20
156.584
 10
194.673
 20
156.391
 10
194.036
 20
156.267
 10
193.392
 20
156.239
 10
192.756
 20
156.302
 10
192.137
 20
156.426
 10
191.535
 20
156.566
 10
190.948
 20
156.688
 10
190.367
 20
156.773
 10
189.782
 20
156.819
 10
189.189
 20
156.842
 10
188.586
 20
156.863
 10
187.978
 20
156.899
 10
187.374
 20
156.95
 10
186.781
 20
157.001
 10
186.201
 20
157.025
 10
185.632
 20
156.996
 10
185.064
 20
156.902
 10
184.485
 20
156.746
 10
183.89
 20
156.554
 10
183.274
 20
156.367
 10
182.639
 20
156.237
 10
181.992
 20
156.201
 10
181.349
 20
156.271
 10
180.722
 20
156.42
 10
180.115
 20
156.603
 10
179.526
 20
156.774
 10
178.951
 20
156.899
 10
178.38
 20
156.965
 10
177.803
 20
156.977
 10
177.213
 20
156.954
 10
176.613
 20
156.923
 10
176.007
 20
156.903
 10
175.403
 20
156.896
 10
174.808
 20
156.891
 10
174.224
 20
156.863
 10
173.647
 20
156.796
 10
173.066
 20
156.681
 10
172.474
 20
156.53
 10
171.865
 20
156.374
 10
171.237
 20
156.256
 10
170.594
 20
156.217
 10
169.95
 20
156.281
 10
169.317
 20
156.435
 10
168.704
 20
156.638
 10
168.112
 20
156.84
 10
167.538
 20
156.996
 10
166.975
 20
157.081
 10
166.411
 20
157.09
 10
165.836
 20
157.037
 10
165.244
 20
156.949
 10
164.64
 20
156.858
 10
164.028
 20
156.788
 10
163.419
 20
156.742
 10
162.819
 20
156.709
 10
162.227
 20
156.668
 10
161.64
 20
156.603
 10
161.049
 20
156.51
 10
160.447
 20
156.405
 10
159.829
 20
156.317
 10
159.195
 20
156.285
 10
158.555
 20
156.337
 10
157.922
 20
156.476
 10
157.305
 20
156.674
 10
156.708
 20
156.883
 10
156.131
 20
157.055
 10
155.57
 20
157.154
 10
155.015
 20
157.166
 10
154.45
 20
157.097
 10
153.868
 20
156.97
 10
153.268
 20
156.821
 10
152.653
 20
156.689
 10
152.033
 20
156.598
 10
151.416
 20
156.552
 10
150.808
 20
156.533
 10
150.21
 20
156.519
 10
149.617
 20
156.493
 10
149.021
 20
156.452
 10
148.414
 20
156.411
 10
147.794
 20
156.396
 10
147.164
 20
156.437
 10
146.535
 20
156.547
 10
145.915
 20
156.715
 10
145.313
 20
156.906
 10
144.731
 20
157.073
 10
144.168
 20
157.177
 10
143.615
 20
157.194
 10
143.053
 20
157.122
 10
142.768
 20
157.048
 10
142.477
 20
156.959
 10
141.944
 20
156.732
 10
141.46
 20
156.484
 10
141.024
 20
156.24
 10
140.628
 20
156.01
 10
140.268
 20
155.789
 10
139.94
 20
155.568
 10
139.641
 20
155.332
 10
139.371
 20
155.069
 10
139.133
 20
154.768
 10
138.931
 20
154.423
 10
138.764
 20
154.029
 10
138.631
 20
153.585
 10
138.519
 20
153.09
 10
138.414
 20
152.543
 10
138.362
 20
152.244
 10
138.296
 20
151.936
 97
0
 75
0
 76
1
 98
0
  0
HATCH
  5
5B
330
17
100
AcDbEntity
  8
RASTER
 62
7
100
AcDbHatch
 10
0.0
 20
0.0
 30
0.0
210
0.0
220
0.0
230
1.0
  2
SOLID
 70
1
 71
0
 91
2
 92
3
 72
0
 73
1
 93
342
 10
140.418
 20
148.934
 10
140.351
 20
149.262
 10
140.298
 20
149.617
 10
140.301
 20
150.274
 10
140.44
 20
150.9
 10
140.701
 20
151.458
 10
141.047
 20
151.931
 10
141.442
 20
152.316
 10
141.852
 20
152.62
 10
142.256
 20
152.861
 10
142.643
 20
153.06
 10
143.017
 20
153.242
 10
143.397
 20
153.425
 10
143.804
 20
153.616
 10
144.258
 20
153.813
 10
144.771
 20
153.997
 10
145.345
 20
154.143
 10
145.659
 20
154.19
 10
145.971
 20
154.23
 10
146.581
 20
154.272
 10
147.179
 20
154.306
 10
147.769
 20
154.354
 10
148.357
 20
154.427
 10
148.951
 20
154.525
 10
149.558
 20
154.626
 10
150.182
 20
154.697
 10
150.819
 20
154.701
 10
151.458
 20
154.616
 10
152.086
 20
154.452
 10
152.697
 20
154.244
 10
153.287
 20
154.042
 10
153.856
 20
153.893
 10
154.412
 20
153.826
 10
154.969
 20
153.847
 10
155.538
 20
153.945
 10
156.127
 20
154.091
 10
156.733
 20
154.245
 10
157.352
 20
154.37
 10
157.973
 20
154.447
 10
158.59
 20
154.48
 10
159.195
 20
154.49
 10
159.792
 20
154.499
 10
160.386
 20
154.521
 10
160.986
 20
154.554
 10
161.596
 20
154.579
 10
162.219
 20
154.569
 10
162.848
 20
154.499
 10
163.474
 20
154.364
 10
164.086
 20
154.186
 10
164.679
 20
154.005
 10
165.252
 20
153.866
 10
165.809
 20
153.804
 10
166.362
 20
153.832
 10
166.926
 20
153.948
 10
167.51
 20
154.126
 10
168.114
 20
154.324
 10
168.735
 20
154.494
 10
169.367
 20
154.601
 10
169.999
 20
154.633
 10
170.62
 20
154.605
 10
171.228
 20
154.549
 10
171.824
 20
154.493
 10
172.417
 20
154.453
 10
173.013
 20
154.428
 10
173.619
 20
154.401
 10
174.233
 20
154.351
 10
174.851
 20
154.263
 10
175.463
 20
154.139
 10
176.061
 20
154.005
 10
176.641
 20
153.896
 10
177.204
 20
153.847
 10
177.761
 20
153.88
 10
178.324
 20
153.997
 10
178.904
 20
154.182
 10
179.505
 20
154.396
 10
180.127
 20
154.588
 10
180.764
 20
154.712
 10
181.407
 20
154.742
 10
182.041
 20
154.684
 10
182.658
 20
154.571
 10
183.258
 20
154.445
 10
183.846
 20
154.337
 10
184.43
 20
154.263
 10
185.018
 20
154.22
 10
185.616
 20
154.191
 10
186.221
 20
154.157
 10
186.83
 20
154.104
 10
187.432
 20
154.037
 10
188.022
 20
153.976
 10
188.598
 20
153.95
 10
189.164
 20
153.984
 10
189.731
 20
154.088
 10
190.311
 20
154.255
 10
190.909
 20
154.456
 10
191.527
 20
154.644
 10
192.165
 20
154.768
 10
192.812
 20
154.794
 10
193.454
 20
154.715
 10
194.078
 20
154.563
 10
194.683
 20
154.383
 10
195.269
 20
154.221
 10
195.844
 20
154.106
 10
196.417
 20
154.049
 10
196.997
 20
154.04
 10
197.589
 20
154.06
 10
198.192
 20
154.082
 10
198.797
 20
154.093
 10
199.399
 20
154.093
 10
199.99
 20
154.098
 10
200.571
 20
154.132
 10
201.147
 20
154.212
 10
201.729
 20
154.34
 10
202.324
 20
154.499
 10
202.938
 20
154.655
 10
203.571
 20
154.762
 10
204.216
 20
154.78
 10
204.859
 20
154.694
 10
205.488
 20
154.524
 10
206.096
 20
154.316
 10
206.684
 20
154.12
 10
207.254
 20
153.979
 10
207.816
 20
153.912
 10
208.381
 20
153.919
 10
208.961
 20
153.984
 10
209.556
 20
154.075
 10
210.162
 20
154.164
 10
210.774
 20
154.229
 10
211.381
 20
154.271
 10
211.98
 20
154.305
 10
212.57
 20
154.352
 10
213.157
 20
154.425
 10
213.751
 20
154.522
 10
214.358
 20
154.623
 10
214.981
 20
154.696
 10
215.618
 20
154.702
 10
216.257
 20
154.62
 10
216.886
 20
154.457
 10
217.497
 20
154.25
 10
218.087
 20
154.047
 10
218.657
 20
153.897
 10
219.214
 20
153.827
 10
219.77
 20
153.845
 10
220.339
 20
153.942
 10
220.927
 20
154.087
 10
221.533
 20
154.241
 10
222.151
 20
154.367
 10
222.773
 20
154.446
 10
223.389
 20
154.48
 10
224.003
 20
154.49
 10
224.314
 20
154.483
 10
224.633
 20
154.479
 10
225.233
 20
154.438
 10
225.808
 20
154.362
 10
226.361
 20
154.235
 10
226.882
 20
154.039
 10
227.355
 20
153.764
 10
227.762
 20
153.41
 10
228.085
 20
152.991
 10
228.318
 20
152.527
 10
228.467
 20
152.044
 10
228.551
 20
151.561
 10
228.601
 20
151.091
 10
228.65
 20
150.631
 10
228.728
 20
150.163
 10
228.855
 20
149.65
 10
228.932
 20
149.38
 10
229.027
 20
149.091
 10
229.224
 20
148.491
 10
229.414
 20
147.878
 10
229.556
 20
147.25
 10
229.625
 20
146.616
 10
229.625
 20
145.982
 10
229.595
 20
145.656
 10
229.556
 20
145.326
 10
229.436
 20
144.727
 10
229.285
 20
144.173
 10
229.108
 20
143.657
 10
228.897
 20
143.175
 10
228.64
 20
142.729
 10
228.328
 20
142.329
 10
227.959
 20
141.987
 10
227.539
 20
141.717
 10
227.082
 20
141.522
 10
226.604
 20
141.398
 10
226.119
 20
141.327
 10
225.636
 20
141.282
 10
225.149
 20
141.23
 10
224.63
 20
141.142
 10
224.364
 20
141.084
 10
224.084
 20
141.004
 10
223.496
 20
140.816
 10
222.895
 20
140.601
 10
222.273
 20
140.409
 10
221.635
 20
140.286
 10
220.993
 20
140.258
 10
220.359
 20
140.317
 10
219.742
 20
140.43
 10
219.142
 20
140.557
 10
218.554
 20
140.665
 10
217.97
 20
140.738
 10
217.382
 20
140.781
 10
216.784
 20
140.809
 10
216.178
 20
140.843
 10
215.57
 20
140.897
 10
214.968
 20
140.964
 10
214.378
 20
141.025
 10
213.803
 20
141.05
 10
213.237
 20
141.015
 10
212.669
 20
140.91
 10
212.089
 20
140.742
 10
211.491
 20
140.541
 10
210.872
 20
140.354
 10
210.234
 20
140.231
 10
209.587
 20
140.207
 10
208.946
 20
140.286
 10
208.321
 20
140.44
 10
207.717
 20
140.62
 10
207.131
 20
140.781
 10
206.556
 20
140.895
 10
205.983
 20
140.952
 10
205.403
 20
140.959
 10
204.811
 20
140.94
 10
204.208
 20
140.917
 10
203.602
 20
140.907
 10
203.001
 20
140.907
 10
202.41
 20
140.902
 10
201.83
 20
140.867
 10
201.253
 20
140.787
 10
200.671
 20
140.658
 10
200.076
 20
140.498
 10
199.462
 20
140.343
 10
198.829
 20
140.237
 10
198.183
 20
140.221
 10
197.54
 20
140.308
 10
196.912
 20
140.479
 10
196.304
 20
140.687
 10
195.717
 20
140.882
 10
195.146
 20
141.023
 10
194.585
 20
141.089
 10
194.019
 20
141.08
 10
193.44
 20
141.015
 10
192.844
 20
140.923
 10
192.237
 20
140.835
 10
191.626
 20
140.77
 10
191.019
 20
140.728
 10
190.42
 20
140.694
 10
189.83
 20
140.647
 10
189.243
 20
140.574
 10
188.649
 20
140.477
 10
188.042
 20
140.375
 10
187.418
 20
140.304
 10
186.782
 20
140.299
 10
186.143
 20
140.382
 10
185.514
 20
140.545
 10
184.903
 20
140.753
 10
184.313
 20
140.955
 10
183.743
 20
141.105
 10
183.187
 20
141.174
 10
182.631
 20
141.154
 10
182.061
 20
141.056
 10
181.473
 20
140.911
 10
180.867
 20
140.757
 10
180.249
 20
140.631
 10
179.627
 20
140.553
 10
179.011
 20
140.52
 10
178.405
 20
140.51
 10
177.808
 20
140.501
 10
177.214
 20
140.479
 10
176.614
 20
140.446
 10
176.004
 20
140.421
 10
175.381
 20
140.43
 10
174.752
 20
140.5
 10
174.127
 20
140.634
 10
173.514
 20
140.811
 10
172.921
 20
140.993
 10
172.347
 20
141.132
 10
171.79
 20
141.196
 10
171.237
 20
141.169
 10
170.674
 20
141.054
 10
170.09
 20
140.877
 10
169.487
 20
140.679
 10
168.865
 20
140.508
 10
168.233
 20
140.4
 10
167.601
 20
140.367
 10
166.98
 20
140.394
 10
166.372
 20
140.45
 10
165.776
 20
140.506
 10
165.183
 20
140.546
 10
164.587
 20
140.572
 10
163.981
 20
140.598
 10
163.367
 20
140.648
 10
162.749
 20
140.736
 10
162.137
 20
140.859
 10
161.539
 20
140.993
 10
160.959
 20
141.103
 10
160.395
 20
141.153
 10
159.839
 20
141.121
 10
159.276
 20
141.005
 10
158.696
 20
140.821
 10
158.095
 20
140.607
 10
157.474
 20
140.414
 10
156.836
 20
140.289
 10
156.194
 20
140.258
 10
155.56
 20
140.314
 10
154.942
 20
140.427
 10
154.342
 20
140.553
 10
153.754
 20
140.662
 10
153.17
 20
140.737
 10
152.582
 20
140.78
 10
151.985
 20
140.808
 10
151.379
 20
140.842
 10
150.77
 20
140.895
 10
150.168
 20
140.962
 10
149.578
 20
141.024
 10
149.002
 20
141.05
 10
148.436
 20
141.017
 10
147.868
 20
140.914
 10
147.289
 20
140.747
 10
146.691
 20
140.547
 10
146.068
 20
140.359
 10
145.73
 20
140.293
 10
145.366
 20
140.251
 10
144.707
 20
140.291
 10
144.091
 20
140.469
 10
143.55
 20
140.748
 10
143.092
 20
141.088
 10
142.71
 20
141.455
 10
142.391
 20
141.828
 10
142.121
 20
142.197
 10
141.881
 20
142.564
 10
141.66
 20
142.941
 10
141.453
 20
143.343
 10
141.264
 20
143.784
 10
141.104
 20
144.273
 10
140.989
 20
144.81
 10
140.926
 20
145.39
 10
140.917
 20
145.694
 10
140.907
 20
145.993
 10
140.889
 20
146.581
 10
140.834
 20
147.159
 10
140.729
 20
147.737
 10
140.581
 20
148.325
 97
0
 92
3
 72
0
 73
1
 93
343
 10
141.002
 20
149.072
 10
141.162
 20
148.475
 10
141.316
 20
147.863
 10
141.428
 20
147.241
 10
141.489
 20
146.619
 10
141.507
 20
146.012
 10
141.517
 20
145.713
 10
141.525
 20
145.431
 10
141.582
 20
144.906
 10
141.684
 20
144.429
 10
141.826
 20
143.996
 10
141.996
 20
143.599
 10
142.186
 20
143.23
 10
142.392
 20
142.88
 10
142.614
 20
142.538
 10
142.862
 20
142.201
 10
143.147
 20
141.868
 10
143.48
 20
141.547
 10
143.869
 20
141.259
 10
144.314
 20
141.029
 10
144.81
 20
140.886
 10
145.349
 20
140.853
 10
145.638
 20
140.887
 10
145.924
 20
140.942
 10
146.509
 20
141.119
 10
147.111
 20
141.321
 10
147.732
 20
141.499
 10
148.364
 20
141.614
 10
148.998
 20
141.651
 10
149.622
 20
141.622
 10
150.232
 20
141.559
 10
150.83
 20
141.492
 10
151.421
 20
141.441
 10
152.015
 20
141.408
 10
152.618
 20
141.379
 10
153.23
 20
141.334
 10
153.846
 20
141.255
 10
154.458
 20
141.142
 10
155.058
 20
141.016
 10
155.64
 20
140.91
 10
156.206
 20
140.859
 10
156.764
 20
140.886
 10
157.326
 20
140.997
 10
157.905
 20
141.177
 10
158.504
 20
141.39
 10
159.124
 20
141.587
 10
159.761
 20
141.718
 10
160.405
 20
141.754
 10
161.041
 20
141.698
 10
161.661
 20
141.581
 10
162.263
 20
141.446
 10
162.851
 20
141.327
 10
163.433
 20
141.245
 10
164.019
 20
141.197
 10
164.613
 20
141.171
 10
165.217
 20
141.145
 10
165.824
 20
141.104
 10
166.428
 20
141.047
 10
167.02
 20
140.993
 10
167.599
 20
140.968
 10
168.167
 20
140.998
 10
168.735
 20
141.095
 10
169.313
 20
141.254
 10
169.91
 20
141.449
 10
170.526
 20
141.637
 10
171.163
 20
141.766
 10
171.81
 20
141.798
 10
172.453
 20
141.724
 10
173.079
 20
141.571
 10
173.686
 20
141.386
 10
174.273
 20
141.216
 10
174.848
 20
141.093
 10
175.419
 20
141.03
 10
175.996
 20
141.021
 10
176.586
 20
141.046
 10
177.186
 20
141.079
 10
177.792
 20
141.101
 10
178.395
 20
141.11
 10
178.989
 20
141.12
 10
179.573
 20
141.151
 10
180.151
 20
141.224
 10
180.733
 20
141.342
 10
181.327
 20
141.493
 10
181.939
 20
141.644
 10
182.569
 20
141.752
 10
183.213
 20
141.775
 10
183.857
 20
141.696
 10
184.487
 20
141.53
 10
185.097
 20
141.321
 10
185.686
 20
141.12
 10
186.257
 20
140.972
 10
186.818
 20
140.899
 10
187.382
 20
140.903
 10
187.958
 20
140.97
 10
188.551
 20
141.069
 10
189.157
 20
141.168
 10
189.77
 20
141.244
 10
190.38
 20
141.293
 10
190.981
 20
141.327
 10
191.574
 20
141.368
 10
192.163
 20
141.431
 10
192.756
 20
141.517
 10
193.36
 20
141.61
 10
193.981
 20
141.68
 10
194.615
 20
141.689
 10
195.254
 20
141.614
 10
195.883
 20
141.459
 10
196.496
 20
141.256
 10
197.088
 20
141.053
 10
197.66
 20
140.897
 10
198.217
 20
140.822
 10
198.771
 20
140.836
 10
199.338
 20
140.931
 10
199.924
 20
141.079
 10
200.529
 20
141.241
 10
201.147
 20
141.378
 10
201.77
 20
141.464
 10
202.39
 20
141.501
 10
202.999
 20
141.507
 10
203.598
 20
141.507
 10
204.192
 20
141.517
 10
204.789
 20
141.54
 10
205.397
 20
141.56
 10
206.017
 20
141.551
 10
206.644
 20
141.489
 10
207.269
 20
141.366
 10
207.883
 20
141.196
 10
208.479
 20
141.019
 10
209.054
 20
140.877
 10
209.613
 20
140.808
 10
210.166
 20
140.828
 10
210.728
 20
140.937
 10
211.309
 20
141.113
 10
211.911
 20
141.315
 10
212.531
 20
141.494
 10
213.163
 20
141.612
 10
213.797
 20
141.651
 10
214.422
 20
141.624
 10
215.032
 20
141.561
 10
215.63
 20
141.494
 10
216.222
 20
141.442
 10
216.816
 20
141.408
 10
217.418
 20
141.38
 10
218.03
 20
141.335
 10
218.646
 20
141.258
 10
219.258
 20
141.146
 10
219.858
 20
141.019
 10
220.441
 20
140.912
 10
221.007
 20
140.859
 10
221.565
 20
140.884
 10
222.127
 20
140.992
 10
222.705
 20
141.171
 10
223.304
 20
141.384
 10
223.91
 20
141.579
 10
224.218
 20
141.666
 10
224.515
 20
141.731
 10
225.067
 20
141.825
 10
225.576
 20
141.879
 10
226.048
 20
141.923
 10
226.485
 20
141.987
 10
226.888
 20
142.091
 10
227.257
 20
142.248
 10
227.59
 20
142.463
 10
227.885
 20
142.736
 10
228.141
 20
143.065
 10
228.36
 20
143.446
 10
228.548
 20
143.875
 10
228.711
 20
144.349
 10
228.851
 20
144.865
 10
228.963
 20
145.42
 10
228.998
 20
145.719
 10
229.025
 20
146.011
 10
229.025
 20
146.584
 10
228.963
 20
147.15
 10
228.834
 20
147.722
 10
228.652
 20
148.309
 10
228.457
 20
148.904
 10
228.359
 20
149.204
 10
228.275
 20
149.496
 10
228.14
 20
150.041
 10
228.056
 20
150.55
 10
228.005
 20
151.028
 10
227.957
 20
151.478
 10
227.882
 20
151.903
 10
227.76
 20
152.303
 10
227.575
 20
152.67
 10
227.323
 20
152.996
 10
227.005
 20
153.274
 10
226.624
 20
153.495
 10
226.187
 20
153.659
 10
225.702
 20
153.771
 10
225.173
 20
153.841
 10
224.609
 20
153.879
 10
224.304
 20
153.883
 10
224.001
 20
153.89
 10
223.411
 20
153.88
 10
222.827
 20
153.848
 10
222.249
 20
153.775
 10
221.667
 20
153.656
 10
221.073
 20
153.505
 10
220.461
 20
153.354
 10
219.83
 20
153.247
 10
219.186
 20
153.225
 10
218.543
 20
153.306
 10
217.913
 20
153.473
 10
217.303
 20
153.682
 10
216.714
 20
153.882
 10
216.143
 20
154.03
 10
215.582
 20
154.102
 10
215.019
 20
154.096
 10
214.442
 20
154.029
 10
213.849
 20
153.93
 10
213.243
 20
153.831
 10
212.63
 20
153.755
 10
212.02
 20
153.707
 10
211.419
 20
153.672
 10
210.826
 20
153.631
 10
210.238
 20
153.568
 10
209.644
 20
153.482
 10
209.039
 20
153.389
 10
208.419
 20
153.32
 10
207.784
 20
153.311
 10
207.146
 20
153.387
 10
206.516
 20
153.543
 10
205.904
 20
153.747
 10
205.312
 20
153.95
 10
204.741
 20
154.104
 10
204.184
 20
154.179
 10
203.629
 20
154.163
 10
203.062
 20
154.068
 10
202.476
 20
153.919
 10
201.871
 20
153.757
 10
201.253
 20
153.621
 10
200.629
 20
153.535
 10
200.01
 20
153.498
 10
199.401
 20
153.493
 10
198.803
 20
153.493
 10
198.208
 20
153.483
 10
197.611
 20
153.46
 10
197.003
 20
153.44
 10
196.383
 20
153.449
 10
195.756
 20
153.512
 10
195.131
 20
153.636
 10
194.517
 20
153.806
 10
193.922
 20
153.984
 10
193.346
 20
154.124
 10
192.788
 20
154.192
 10
192.235
 20
154.171
 10
191.673
 20
154.061
 10
191.091
 20
153.884
 10
190.489
 20
153.682
 10
189.869
 20
153.504
 10
189.236
 20
153.387
 10
188.602
 20
153.349
 10
187.978
 20
153.377
 10
187.368
 20
153.44
 10
186.77
 20
153.507
 10
186.179
 20
153.559
 10
185.584
 20
153.592
 10
184.982
 20
153.621
 10
184.37
 20
153.665
 10
183.754
 20
153.744
 10
183.142
 20
153.856
 10
182.542
 20
153.983
 10
181.959
 20
154.089
 10
181.393
 20
154.141
 10
180.836
 20
154.115
 10
180.273
 20
154.006
 10
179.695
 20
153.826
 10
179.096
 20
153.613
 10
178.476
 20
153.416
 10
177.839
 20
153.283
 10
177.196
 20
153.246
 10
176.559
 20
153.301
 10
175.939
 20
153.417
 10
175.337
 20
153.552
 10
174.749
 20
153.671
 10
174.167
 20
153.755
 10
173.581
 20
153.802
 10
172.987
 20
153.828
 10
172.383
 20
153.854
 10
171.776
 20
153.895
 10
171.172
 20
153.952
 10
170.58
 20
154.007
 10
170.001
 20
154.032
 10
169.433
 20
154.003
 10
168.865
 20
153.907
 10
168.286
 20
153.749
 10
167.69
 20
153.554
 10
167.074
 20
153.366
 10
166.438
 20
153.236
 10
165.791
 20
153.202
 10
165.148
 20
153.274
 10
164.521
 20
153.426
 10
163.914
 20
153.611
 10
163.326
 20
153.782
 10
162.752
 20
153.906
 10
162.181
 20
153.97
 10
161.604
 20
153.979
 10
161.014
 20
153.955
 10
160.414
 20
153.922
 10
159.808
 20
153.899
 10
159.205
 20
153.89
 10
158.61
 20
153.881
 10
158.027
 20
153.849
 10
157.448
 20
153.778
 10
156.867
 20
153.66
 10
156.273
 20
153.509
 10
155.662
 20
153.358
 10
155.031
 20
153.249
 10
154.388
 20
153.225
 10
153.744
 20
153.303
 10
153.113
 20
153.467
 10
152.503
 20
153.676
 10
151.914
 20
153.877
 10
151.342
 20
154.026
 10
150.781
 20
154.101
 10
150.218
 20
154.097
 10
149.642
 20
154.032
 10
149.049
 20
153.933
 10
148.443
 20
153.833
 10
147.831
 20
153.757
 10
147.221
 20
153.708
 10
146.619
 20
153.673
 10
146.03
 20
153.633
 10
145.742
 20
153.596
 10
145.465
 20
153.554
 10
144.946
 20
153.422
 10
144.478
 20
153.254
 10
144.051
 20
153.069
 10
143.655
 20
152.883
 10
143.278
 20
152.702
 10
142.912
 20
152.524
 10
142.548
 20
152.336
 10
142.185
 20
152.12
 10
141.831
 20
151.858
 10
141.501
 20
151.537
 10
141.22
 20
151.152
 10
141.012
 20
150.706
 10
140.9
 20
150.206
 10
140.898
 20
149.66
 10
140.942
 20
149.367
 10
141.002
 20
149.072
 97
0
 75
0
 76
1
 98
0
  0
HATCH
  5
5C
330
17
100
AcDbEntity
  8
RASTER
 62
7
100
AcDbHatch
 10
0.0
 20
0.0
 30
0.0
210
0.0
220
0.0
230
1.0
  2
SOLID
 70
1
 71
0
 91
1
 92
3
 72
0
 73
1
 93
110
 10
146.94
 20
145.835
 10
146.689
 20
145.769
 10
146.458
 20
145.75
 10
146.247
 20
145.779
 10
146.057
 20
145.854
 10
145.886
 20
145.977
 10
145.736
 20
146.147
 10
145.607
 20
146.365
 10
145.497
 20
146.629
 10
145.681
 20
146.549
 10
145.869
 20
146.476
 10
146.061
 20
146.411
 10
146.258
 20
146.353
 10
146.459
 20
146.303
 10
146.664
 20
146.26
 10
146.873
 20
146.225
 10
147.087
 20
146.198
 10
147.093
 20
146.204
 10
147.098
 20
146.21
 10
147.104
 20
146.216
 10
147.11
 20
146.222
 10
147.116
 20
146.227
 10
147.122
 20
146.233
 10
146.9
 20
146.508
 10
146.712
 20
146.796
 10
146.558
 20
147.096
 10
146.438
 20
147.409
 10
146.353
 20
147.735
 10
146.302
 20
148.073
 10
146.284
 20
148.424
 10
146.301
 20
148.787
 10
146.468
 20
148.498
 10
146.63
 20
148.206
 10
146.786
 20
147.91
 10
146.937
 20
147.611
 10
147.082
 20
147.308
 10
147.222
 20
147.002
 10
147.356
 20
146.693
 10
147.485
 20
146.38
 10
147.49
 20
146.38
 10
147.495
 20
146.38
 10
147.5
 20
146.38
 10
147.505
 20
146.38
 10
147.51
 20
146.38
 10
147.515
 20
146.38
 10
147.644
 20
146.693
 10
147.778
 20
147.002
 10
147.918
 20
147.308
 10
148.063
 20
147.611
 10
148.214
 20
147.91
 10
148.37
 20
148.206
 10
148.532
 20
148.498
 10
148.699
 20
148.787
 10
148.716
 20
148.424
 10
148.698
 20
148.073
 10
148.647
 20
147.735
 10
148.562
 20
147.409
 10
148.442
 20
147.096
 10
148.288
 20
146.796
 10
148.1
 20
146.508
 10
147.878
 20
146.233
 10
147.884
 20
146.227
 10
147.89
 20
146.222
 10
147.896
 20
146.216
 10
147.902
 20
146.21
 10
147.907
 20
146.204
 10
147.913
 20
146.198
 10
148.127
 20
146.225
 10
148.336
 20
146.26
 10
148.541
 20
146.303
 10
148.742
 20
146.353
 10
148.939
 20
146.411
 10
149.131
 20
146.476
 10
149.319
 20
146.549
 10
149.503
 20
146.629
 10
149.393
 20
146.365
 10
149.264
 20
146.147
 10
149.114
 20
145.977
 10
148.943
 20
145.854
 10
148.753
 20
145.779
 10
148.542
 20
145.75
 10
148.311
 20
145.769
 10
148.06
 20
145.835
 10
148.044
 20
145.688
 10
147.991
 20
145.55
 10
147.903
 20
145.431
 10
147.787
 20
145.339
 10
147.651
 20
145.281
 10
147.504
 20
145.26
 10
147.505
 20
145.26
 10
147.505
 20
145.26
 10
147.505
 20
145.26
 10
147.505
 20
145.26
 10
147.504
 20
145.26
 10
147.503
 20
145.26
 10
147.502
 20
145.26
 10
147.5
 20
145.26
 10
147.498
 20
145.26
 10
147.497
 20
145.26
 10
147.496
 20
145.26
 10
147.495
 20
145.26
 10
147.495
 20
145.26
 10
147.495
 20
145.26
 10
147.495
 20
145.26
 10
147.496
 20
145.26
 10
147.349
 20
145.281
 10
147.213
 20
145.339
 10
147.097
 20
145.431
 10
147.009
 20
145.55
 10
146.956
 20
145.688
 97
0
 75
0
 76
1
 98
0
  0
HATCH
  5
5D
330
17
100
AcDbEntity
  8
RASTER
 62
7
100
AcDbHatch
 10
0.0
 20
0.0
 30
0.0
210
0.0
220
0.0
230
1.0
  2
SOLID
 70
1
 71
0
 91
1
 92
3
 72
0
 73
1
 93
73
 10
170.321
 20
148.852
 10
170.366
 20
148.734
 10
170.397
 20
148.618
 10
170.414
 20
148.502
 10
170.417
 20
148.386
 10
170.405
 20
148.272
 10
170.38
 20
148.158
 10
170.34
 20
148.045
 10
170.286
 20
147.933
 10
170.221
 20
147.825
 10
170.149
 20
147.721
 10
170.07
 20
147.624
 10
169.984
 20
147.532
 10
169.891
 20
147.446
 10
169.79
 20
147.365
 10
169.682
 20
147.291
 10
169.567
 20
147.221
 10
169.448
 20
147.162
 10
169.327
 20
147.115
 10
169.205
 20
147.081
 10
169.081
 20
147.061
 10
168.956
 20
147.054
 10
168.829
 20
147.06
 10
168.701
 20
147.079
 10
168.571
 20
147.111
 10
168.443
 20
147.152
 10
168.317
 20
147.199
 10
168.196
 20
147.25
 10
168.077
 20
147.305
 10
167.962
 20
147.366
 10
167.85
 20
147.432
 10
167.742
 20
147.502
 10
167.637
 20
147.577
 10
167.541
 20
147.657
 10
167.46
 20
147.743
 10
167.395
 20
147.833
 10
167.346
 20
147.927
 10
167.311
 20
148.027
 10
167.292
 20
148.132
 10
167.288
 20
148.242
 10
167.299
 20
148.356
 10
167.322
 20
148.471
 10
167.354
 20
148.582
 10
167.393
 20
148.689
 10
167.44
 20
148.792
 10
167.496
 20
148.89
 10
167.559
 20
148.985
 10
167.631
 20
149.075
 10
167.711
 20
149.161
 10
167.798
 20
149.243
 10
167.891
 20
149.319
 10
167.989
 20
149.389
 10
168.094
 20
149.454
 10
168.204
 20
149.513
 10
168.321
 20
149.567
 10
168.443
 20
149.615
 10
168.571
 20
149.657
 10
168.702
 20
149.691
 10
168.832
 20
149.712
 10
168.962
 20
149.72
 10
169.091
 20
149.715
 10
169.22
 20
149.698
 10
169.349
 20
149.668
 10
169.477
 20
149.625
 10
169.604
 20
149.57
 10
169.726
 20
149.505
 10
169.839
 20
149.433
 10
169.943
 20
149.354
 10
170.037
 20
149.267
 10
170.122
 20
149.174
 10
170.198
 20
149.074
 10
170.264
 20
148.966
 10
170.321
 20
148.852
 97
0
 75
0
 76
1
 98
0
  0
HATCH
  5
5E
330
17
100
AcDbEntity
  8
RASTER
 62
7
100
AcDbHatch
 10
0.0
 20
0.0
 30
0.0
210
0.0
220
0.0
230
1.0
  2
SOLID
 70
1
 71
0
 91
1
 92
3
 72
0
 73
1
 93
73
 10
171.886
 20
148.048
 10
171.917
 20
147.981
 10
171.94
 20
147.913
 10
171.954
 20
147.846
 10
171.96
 20
147.778
 10
171.957
 20
147.71
 10
171.945
 20
147.642
 10
171.925
 20
147.573
 10
171.896
 20
147.504
 10
171.861
 20
147.438
 10
171.82
 20
147.376
 10
171.775
 20
147.32
 10
171.724
 20
147.268
 10
171.668
 20
147.221
 10
171.608
 20
147.179
 10
171.542
 20
147.141
 10
171.471
 20
147.109
 10
171.397
 20
147.081
 10
171.323
 20
147.057
 10
171.247
 20
147.038
 10
171.17
 20
147.023
 10
171.092
 20
147.012
 10
171.012
 20
147.005
 10
170.932
 20
147.003
 10
170.851
 20
147.005
 10
170.771
 20
147.012
 10
170.694
 20
147.026
 10
170.62
 20
147.047
 10
170.55
 20
147.074
 10
170.483
 20
147.108
 10
170.419
 20
147.149
 10
170.358
 20
147.196
 10
170.301
 20
147.25
 10
170.249
 20
147.307
 10
170.206
 20
147.367
 10
170.171
 20
147.429
 10
170.144
 20
147.493
 10
170.125
 20
147.559
 10
170.115
 20
147.626
 10
170.113
 20
147.696
 10
170.118
 20
147.767
 10
170.13
 20
147.839
 10
170.146
 20
147.911
 10
170.166
 20
147.982
 10
170.189
 20
148.052
 10
170.216
 20
148.122
 10
170.247
 20
148.192
 10
170.282
 20
148.261
 10
170.321
 20
148.329
 10
170.364
 20
148.393
 10
170.414
 20
148.45
 10
170.469
 20
148.5
 10
170.531
 20
148.542
 10
170.599
 20
148.576
 10
170.673
 20
148.603
 10
170.754
 20
148.623
 10
170.84
 20
148.635
 10
170.928
 20
148.64
 10
171.013
 20
148.639
 10
171.096
 20
148.63
 10
171.176
 20
148.616
 10
171.254
 20
148.595
 10
171.329
 20
148.567
 10
171.401
 20
148.533
 10
171.47
 20
148.492
 10
171.537
 20
148.446
 10
171.599
 20
148.398
 10
171.657
 20
148.347
 10
171.711
 20
148.293
 10
171.761
 20
148.236
 10
171.806
 20
148.176
 10
171.848
 20
148.113
 10
171.886
 20
148.048
 97
0
 75
0
 76
1
 98
0
  0
HATCH
  5
5F
330
17
100
AcDbEntity
  8
RASTER
 62
7
100
AcDbHatch
 10
0.0
 20
0.0
 30
0.0
210
0.0
220
0.0
230
1.0
  2
SOLID
 70
1
 71
0
 91
1
 92
3
 72
0
 73
1
 93
73
 10
172.825
 20
147.187
 10
172.842
 20
147.155
 10
172.854
 20
147.123
 10
172.863
 20
147.091
 10
172.866
 20
147.058
 10
172.865
 20
147.025
 10
172.86
 20
146.992
 10
172.85
 20
146.958
 10
172.836
 20
146.924
 10
172.818
 20
146.891
 10
172.798
 20
146.861
 10
172.775
 20
146.832
 10
172.75
 20
146.805
 10
172.723
 20
146.781
 10
172.693
 20
146.758
 10
172.661
 20
146.738
 10
172.626
 20
146.72
 10
172.59
 20
146.704
 10
172.554
 20
146.692
 10
172.517
 20
146.682
 10
172.48
 20
146.676
 10
172.443
 20
146.674
 10
172.405
 20
146.674
 10
172.367
 20
146.678
 10
172.328
 20
146.685
 10
172.291
 20
146.694
 10
172.255
 20
146.706
 10
172.221
 20
146.72
 10
172.189
 20
146.736
 10
172.159
 20
146.754
 10
172.13
 20
146.775
 10
172.103
 20
146.798
 10
172.078
 20
146.823
 10
172.055
 20
146.849
 10
172.036
 20
146.877
 10
172.018
 20
146.905
 10
172.004
 20
146.935
 10
171.993
 20
146.965
 10
171.984
 20
146.996
 10
171.978
 20
147.029
 10
171.975
 20
147.062
 10
171.975
 20
147.095
 10
171.979
 20
147.127
 10
171.986
 20
147.158
 10
171.996
 20
147.188
 10
172.011
 20
147.216
 10
172.029
 20
147.243
 10
172.05
 20
147.269
 10
172.075
 20
147.294
 10
172.102
 20
147.317
 10
172.131
 20
147.338
 10
172.161
 20
147.357
 10
172.193
 20
147.375
 10
172.225
 20
147.39
 10
172.259
 20
147.403
 10
172.294
 20
147.415
 10
172.331
 20
147.424
 10
172.368
 20
147.431
 10
172.405
 20
147.434
 10
172.441
 20
147.434
 10
172.476
 20
147.431
 10
172.511
 20
147.425
 10
172.546
 20
147.415
 10
172.58
 20
147.402
 10
172.614
 20
147.386
 10
172.646
 20
147.367
 10
172.677
 20
147.347
 10
172.706
 20
147.325
 10
172.733
 20
147.301
 10
172.759
 20
147.275
 10
172.782
 20
147.248
 10
172.804
 20
147.218
 10
172.825
 20
147.187
 97
0
 75
0
 76
1
 98
0
  0
HATCH
  5
60
330
17
100
AcDbEntity
  8
RASTER
 62
7
100
AcDbHatch
 10
0.0
 20
0.0
 30
0.0
210
0.0
220
0.0
230
1.0
  2
SOLID
 70
1
 71
0
 91
1
 92
3
 72
0
 73
1
 93
110
 10
175.94
 20
143.335
 10
175.689
 20
143.269
 10
175.458
 20
143.25
 10
175.247
 20
143.279
 10
175.057
 20
143.354
 10
174.886
 20
143.477
 10
174.736
 20
143.647
 10
174.607
 20
143.865
 10
174.497
 20
144.129
 10
174.681
 20
144.049
 10
174.869
 20
143.976
 10
175.061
 20
143.911
 10
175.258
 20
143.853
 10
175.459
 20
143.803
 10
175.664
 20
143.76
 10
175.873
 20
143.725
 10
176.087
 20
143.698
 10
176.093
 20
143.704
 10
176.098
 20
143.71
 10
176.104
 20
143.716
 10
176.11
 20
143.722
 10
176.116
 20
143.727
 10
176.122
 20
143.733
 10
175.9
 20
144.008
 10
175.712
 20
144.296
 10
175.558
 20
144.596
 10
175.438
 20
144.909
 10
175.353
 20
145.235
 10
175.302
 20
145.573
 10
175.284
 20
145.924
 10
175.301
 20
146.287
 10
175.468
 20
145.998
 10
175.63
 20
145.706
 10
175.786
 20
145.41
 10
175.937
 20
145.111
 10
176.082
 20
144.808
 10
176.222
 20
144.502
 10
176.356
 20
144.193
 10
176.485
 20
143.88
 10
176.49
 20
143.88
 10
176.495
 20
143.88
 10
176.5
 20
143.88
 10
176.505
 20
143.88
 10
176.51
 20
143.88
 10
176.515
 20
143.88
 10
176.644
 20
144.193
 10
176.778
 20
144.502
 10
176.918
 20
144.808
 10
177.063
 20
145.111
 10
177.214
 20
145.41
 10
177.37
 20
145.706
 10
177.532
 20
145.998
 10
177.699
 20
146.287
 10
177.716
 20
145.924
 10
177.698
 20
145.573
 10
177.647
 20
145.235
 10
177.562
 20
144.909
 10
177.442
 20
144.596
 10
177.288
 20
144.296
 10
177.1
 20
144.008
 10
176.878
 20
143.733
 10
176.884
 20
143.727
 10
176.89
 20
143.722
 10
176.896
 20
143.716
 10
176.902
 20
143.71
 10
176.907
 20
143.704
 10
176.913
 20
143.698
 10
177.127
 20
143.725
 10
177.336
 20
143.76
 10
177.541
 20
143.803
 10
177.742
 20
143.853
 10
177.939
 20
143.911
 10
178.131
 20
143.976
 10
178.319
 20
144.049
 10
178.503
 20
144.129
 10
178.393
 20
143.865
 10
178.264
 20
143.647
 10
178.114
 20
143.477
 10
177.943
 20
143.354
 10
177.753
 20
143.279
 10
177.542
 20
143.25
 10
177.311
 20
143.269
 10
177.06
 20
143.335
 10
177.044
 20
143.188
 10
176.991
 20
143.05
 10
176.903
 20
142.931
 10
176.787
 20
142.839
 10
176.651
 20
142.781
 10
176.504
 20
142.76
 10
176.505
 20
142.76
 10
176.505
 20
142.76
 10
176.505
 20
142.76
 10
176.505
 20
142.76
 10
176.504
 20
142.76
 10
176.503
 20
142.76
 10
176.502
 20
142.76
 10
176.5
 20
142.76
 10
176.498
 20
142.76
 10
176.497
 20
142.76
 10
176.496
 20
142.76
 10
176.495
 20
142.76
 10
176.495
 20
142.76
 10
176.495
 20
142.76
 10
176.495
 20
142.76
 10
176.496
 20
142.76
 10
176.349
 20
142.781
 10
176.213
 20
142.839
 10
176.097
 20
142.931
 10
176.009
 20
143.05
 10
175.956
 20
143.188
 97
0
 75
0
 76
1
 98
0
  0
HATCH
  5
61
330
17
100
AcDbEntity
  8
RASTER
 62
7
100
AcDbHatch
 10
0.0
 20
0.0
 30
0.0
210
0.0
220
0.0
230
1.0
  2
SOLID
 70
1
 71
0
 91
1
 92
3
 72
0
 73
1
 93
110
 10
196.94
 20
145.835
 10
196.689
 20
145.769
 10
196.458
 20
145.75
 10
196.247
 20
145.779
 10
196.057
 20
145.854
 10
195.886
 20
145.977
 10
195.736
 20
146.147
 10
195.607
 20
146.365
 10
195.497
 20
146.629
 10
195.681
 20
146.549
 10
195.869
 20
146.476
 10
196.061
 20
146.411
 10
196.258
 20
146.353
 10
196.459
 20
146.303
 10
196.664
 20
146.26
 10
196.873
 20
146.225
 10
197.087
 20
146.198
 10
197.093
 20
146.204
 10
197.098
 20
146.21
 10
197.104
 20
146.216
 10
197.11
 20
146.222
 10
197.116
 20
146.227
 10
197.122
 20
146.233
 10
196.9
 20
146.508
 10
196.712
 20
146.796
 10
196.558
 20
147.096
 10
196.438
 20
147.409
 10
196.353
 20
147.735
 10
196.302
 20
148.073
 10
196.284
 20
148.424
 10
196.301
 20
148.787
 10
196.468
 20
148.498
 10
196.63
 20
148.206
 10
196.786
 20
147.91
 10
196.937
 20
147.611
 10
197.082
 20
147.308
 10
197.222
 20
147.002
 10
197.356
 20
146.693
 10
197.485
 20
146.38
 10
197.49
 20
146.38
 10
197.495
 20
146.38
 10
197.5
 20
146.38
 10
197.505
 20
146.38
 10
197.51
 20
146.38
 10
197.515
 20
146.38
 10
197.644
 20
146.693
 10
197.778
 20
147.002
 10
197.918
 20
147.308
 10
198.063
 20
147.611
 10
198.214
 20
147.91
 10
198.37
 20
148.206
 10
198.532
 20
148.498
 10
198.699
 20
148.787
 10
198.716
 20
148.424
 10
198.698
 20
148.073
 10
198.647
 20
147.735
 10
198.562
 20
147.409
 10
198.442
 20
147.096
 10
198.288
 20
146.796
 10
198.1
 20
146.508
 10
197.878
 20
146.233
 10
197.884
 20
146.227
 10
197.89
 20
146.222
 10
197.896
 20
146.216
 10
197.902
 20
146.21
 10
197.907
 20
146.204
 10
197.913
 20
146.198
 10
198.127
 20
146.225
 10
198.336
 20
146.26
 10
198.541
 20
146.303
 10
198.742
 20
146.353
 10
198.939
 20
146.411
 10
199.131
 20
146.476
 10
199.319
 20
146.549
 10
199.503
 20
146.629
 10
199.393
 20
146.365
 10
199.264
 20
146.147
 10
199.114
 20
145.977
 10
198.943
 20
145.854
 10
198.753
 20
145.779
 10
198.542
 20
145.75
 10
198.311
 20
145.769
 10
198.06
 20
145.835
 10
198.044
 20
145.688
 10
197.991
 20
145.55
 10
197.903
 20
145.431
 10
197.787
 20
145.339
 10
197.651
 20
145.281
 10
197.504
 20
145.26
 10
197.505
 20
145.26
 10
197.505
 20
145.26
 10
197.505
 20
145.26
 10
197.505
 20
145.26
 10
197.504
 20
145.26
 10
197.503
 20
145.26
 10
197.502
 20
145.26
 10
197.5
 20
145.26
 10
197.498
 20
145.26
 10
197.497
 20
145.26
 10
197.496
 20
145.26
 10
197.495
 20
145.26
 10
197.495
 20
145.26
 10
197.495
 20
145.26
 10
197.495
 20
145.26
 10
197.496
 20
145.26
 10
197.349
 20
145.281
 10
197.213
 20
145.339
 10
197.097
 20
145.431
 10
197.009
 20
145.55
 10
196.956
 20
145.688
 97
0
 75
0
 76
1
 98
0
  0
HATCH
  5
62
330
17
100
AcDbEntity
  8
RASTER
 62
7
100
AcDbHatch
 10
0.0
 20
0.0
 30
0.0
210
0.0
220
0.0
230
1.0
  2
SOLID
 70
1
 71
0
 91
1
 92
3
 72
0
 73
1
 93
22
 10
221.446
 20
141.796
 10
221.436
 20
141.811
 10
221.401
 20
141.922
 10
221.367
 20
142.034
 10
221.334
 20
142.146
 10
221.303
 20
142.258
 10
221.273
 20
142.369
 10
221.244
 20
142.481
 10
221.216
 20
142.593
 10
221.19
 20
142.705
 10
221.181
 20
142.719
 10
219.823
 20
142.5
 10
219.823
 20
142.47
 10
219.839
 20
142.34
 10
219.858
 20
142.21
 10
219.877
 20
142.081
 10
219.898
 20
141.951
 10
219.921
 20
141.821
 10
219.945
 20
141.691
 10
219.971
 20
141.561
 10
219.998
 20
141.431
 10
220.0
 20
141.397
 97
0
 75
0
 76
1
 98
0
  0
HATCH
  5
63
330
17
100
AcDbEntity
  8
RASTER
 62
7
100
AcDbHatch
 10
0.0
 20
0.0
 30
0.0
210
0.0
220
0.0
230
1.0
  2
SOLID
 70
1
 71
0
 91
1
 92
3
 72
0
 73
1
 93
22
 10
221.149
 20
142.916
 10
221.141
 20
142.93
 10
221.119
 20
143.042
 10
221.097
 20
143.155
 10
221.078
 20
143.267
 10
221.059
 20
143.38
 10
221.042
 20
143.493
 10
221.026
 20
143.606
 10
221.011
 20
143.719
 10
220.998
 20
143.832
 10
220.99
 20
143.845
 10
219.741
 20
143.788
 10
219.737
 20
143.76
 10
219.739
 20
143.631
 10
219.742
 20
143.503
 10
219.747
 20
143.374
 10
219.753
 20
143.245
 10
219.761
 20
143.116
 10
219.771
 20
142.987
 10
219.781
 20
142.858
 10
219.794
 20
142.728
 10
219.791
 20
142.698
 97
0
 75
0
 76
1
 98
0
  0
HATCH
  5
64
330
17
100
AcDbEntity
  8
RASTER
 62
7
100
AcDbHatch
 10
0.0
 20
0.0
 30
0.0
210
0.0
220
0.0
230
1.0
  2
SOLID
 70
1
 71
0
 91
1
 92
3
 72
0
 73
1
 93
22
 10
220.981
 20
144.045
 10
220.975
 20
144.059
 10
220.965
 20
144.172
 10
220.957
 20
144.286
 10
220.95
 20
144.4
 10
220.944
 20
144.514
 10
220.94
 20
144.628
 10
220.937
 20
144.742
 10
220.936
 20
144.857
 10
220.935
 20
144.972
 10
220.929
 20
144.987
 10
219.807
 20
145.064
 10
219.8
 20
145.037
 10
219.787
 20
144.91
 10
219.775
 20
144.783
 10
219.765
 20
144.655
 10
219.757
 20
144.528
 10
219.75
 20
144.4
 10
219.744
 20
144.272
 10
219.74
 20
144.144
 10
219.738
 20
144.016
 10
219.732
 20
143.988
 97
0
 75
0
 76
1
 98
0
  0
HATCH
  5
65
330
17
100
AcDbEntity
  8
RASTER
 62
7
100
AcDbHatch
 10
0.0
 20
0.0
 30
0.0
210
0.0
220
0.0
230
1.0
  2
SOLID
 70
1
 71
0
 91
1
 92
3
 72
0
 73
1
 93
22
 10
220.943
 20
145.186
 10
220.938
 20
145.201
 10
220.942
 20
145.316
 10
220.947
 20
145.432
 10
220.953
 20
145.547
 10
220.961
 20
145.663
 10
220.97
 20
145.778
 10
220.98
 20
145.894
 10
220.992
 20
146.01
 10
221.005
 20
146.126
 10
221.001
 20
146.145
 10
220.018
 20
146.325
 10
220.007
 20
146.299
 10
219.98
 20
146.173
 10
219.954
 20
146.047
 10
219.93
 20
145.922
 10
219.907
 20
145.796
 10
219.885
 20
145.67
 10
219.865
 20
145.543
 10
219.847
 20
145.417
 10
219.83
 20
145.29
 10
219.821
 20
145.263
 97
0
 75
0
 76
1
 98
0
  0
HATCH
  5
66
330
17
100
AcDbEntity
  8
RASTER
 62
7
100
AcDbHatch
 10
0.0
 20
0.0
 30
0.0
210
0.0
220
0.0
230
1.0
  2
SOLID
 70
1
 71
0
 91
1
 92
3
 72
0
 73
1
 93
22
 10
221.038
 20
146.341
 10
221.035
 20
146.359
 10
221.052
 20
146.476
 10
221.071
 20
146.593
 10
221.091
 20
146.71
 10
221.112
 20
146.828
 10
221.134
 20
146.945
 10
221.158
 20
147.063
 10
221.184
 20
147.18
 10
221.211
 20
147.298
 10
221.21
 20
147.321
 10
220.372
 20
147.571
 10
220.358
 20
147.543
 10
220.316
 20
147.42
 10
220.276
 20
147.296
 10
220.238
 20
147.172
 10
220.201
 20
147.047
 10
220.165
 20
146.923
 10
220.131
 20
146.799
 10
220.098
 20
146.674
 10
220.066
 20
146.549
 10
220.054
 20
146.522
 97
0
 75
0
 76
1
 98
0
  0
HATCH
  5
67
330
17
100
AcDbEntity
  8
RASTER
 62
7
100
AcDbHatch
 10
0.0
 20
0.0
 30
0.0
210
0.0
220
0.0
230
1.0
  2
SOLID
 70
1
 71
0
 91
1
 92
3
 72
0
 73
1
 93
22
 10
221.267
 20
147.512
 10
221.268
 20
147.535
 10
221.299
 20
147.653
 10
221.331
 20
147.772
 10
221.365
 20
147.891
 10
221.4
 20
148.009
 10
221.437
 20
148.129
 10
221.474
 20
148.248
 10
221.514
 20
148.367
 10
221.554
 20
148.487
 10
221.558
 20
148.514
 10
220.865
 20
148.801
 10
220.847
 20
148.771
 10
220.792
 20
148.649
 10
220.738
 20
148.527
 10
220.686
 20
148.405
 10
220.635
 20
148.282
 10
220.585
 20
148.159
 10
220.537
 20
148.037
 10
220.49
 20
147.914
 10
220.444
 20
147.79
 10
220.429
 20
147.763
 97
0
 75
0
 76
1
 98
0
  0
HATCH
  5
68
330
17
100
AcDbEntity
  8
RASTER
 62
7
100
AcDbHatch
 10
0.0
 20
0.0
 30
0.0
210
0.0
220
0.0
230
1.0
  2
SOLID
 70
1
 71
0
 91
1
 92
3
 72
0
 73
1
 93
48
 10
221.812
 20
149.5
 10
221.808
 20
149.427
 10
221.793
 20
149.354
 10
221.77
 20
149.285
 10
221.737
 20
149.219
 10
221.696
 20
149.158
 10
221.648
 20
149.102
 10
221.592
 20
149.054
 10
221.531
 20
149.013
 10
221.465
 20
148.98
 10
221.396
 20
148.957
 10
221.323
 20
148.942
 10
221.25
 20
148.938
 10
221.177
 20
148.942
 10
221.104
 20
148.957
 10
221.035
 20
148.98
 10
220.969
 20
149.013
 10
220.908
 20
149.054
 10
220.852
 20
149.102
 10
220.804
 20
149.158
 10
220.763
 20
149.219
 10
220.73
 20
149.285
 10
220.707
 20
149.354
 10
220.692
 20
149.427
 10
220.687
 20
149.5
 10
220.692
 20
149.573
 10
220.707
 20
149.646
 10
220.73
 20
149.715
 10
220.763
 20
149.781
 10
220.804
 20
149.842
 10
220.852
 20
149.898
 10
220.908
 20
149.946
 10
220.969
 20
149.987
 10
221.035
 20
150.02
 10
221.104
 20
150.043
 10
221.177
 20
150.058
 10
221.25
 20
150.063
 10
221.323
 20
150.058
 10
221.396
 20
150.043
 10
221.465
 20
150.02
 10
221.531
 20
149.987
 10
221.592
 20
149.946
 10
221.648
 20
149.898
 10
221.696
 20
149.842
 10
221.737
 20
149.781
 10
221.77
 20
149.715
 10
221.793
 20
149.646
 10
221.808
 20
149.573
 97
0
 75
0
 76
1
 98
0
  0
HATCH
  5
69
330
17
100
AcDbEntity
  8
RASTER
 62
7
100
AcDbHatch
 10
0.0
 20
0.0
 30
0.0
210
0.0
220
0.0
230
1.0
  2
SOLID
 70
1
 71
0
 91
1
 92
3
 72
0
 73
1
 93
122
 10
220.914
 20
150.066
 10
220.893
 20
150.17
 10
220.859
 20
150.261
 10
220.817
 20
150.346
 10
220.77
 20
150.426
 10
220.718
 20
150.501
 10
220.661
 20
150.572
 10
220.597
 20
150.638
 10
220.529
 20
150.699
 10
220.454
 20
150.755
 10
220.373
 20
150.804
 10
220.287
 20
150.845
 10
220.196
 20
150.879
 10
220.1
 20
150.904
 10
220.001
 20
150.92
 10
219.899
 20
150.926
 10
219.797
 20
150.922
 10
219.695
 20
150.908
 10
219.595
 20
150.885
 10
219.498
 20
150.853
 10
219.404
 20
150.812
 10
219.315
 20
150.765
 10
219.23
 20
150.711
 10
219.149
 20
150.651
 10
219.073
 20
150.587
 10
219.001
 20
150.517
 10
218.933
 20
150.443
 10
218.869
 20
150.365
 10
218.809
 20
150.283
 10
218.752
 20
150.197
 10
218.698
 20
150.108
 10
218.647
 20
150.015
 10
218.599
 20
149.918
 10
218.553
 20
149.819
 10
218.509
 20
149.715
 10
218.468
 20
149.608
 10
218.428
 20
149.498
 10
218.391
 20
149.384
 10
218.355
 20
149.266
 10
218.321
 20
149.145
 10
218.288
 20
149.02
 10
218.257
 20
148.892
 10
218.227
 20
148.76
 10
218.198
 20
148.624
 10
218.171
 20
148.484
 10
218.145
 20
148.341
 10
218.119
 20
148.194
 10
218.095
 20
148.043
 10
218.072
 20
147.888
 10
218.049
 20
147.73
 10
218.027
 20
147.567
 10
218.006
 20
147.401
 10
217.986
 20
147.231
 10
217.966
 20
147.056
 10
217.947
 20
146.878
 10
217.929
 20
146.696
 10
217.911
 20
146.51
 10
217.893
 20
146.32
 10
217.876
 20
146.126
 10
217.859
 20
145.928
 10
217.843
 20
145.726
 10
218.163
 20
145.67
 10
218.217
 20
145.863
 10
218.272
 20
146.052
 10
218.327
 20
146.236
 10
218.382
 20
146.415
 10
218.438
 20
146.59
 10
218.494
 20
146.761
 10
218.55
 20
146.926
 10
218.607
 20
147.087
 10
218.663
 20
147.243
 10
218.72
 20
147.395
 10
218.698
 20
147.562
 10
218.666
 20
147.729
 10
218.715
 20
147.87
 10
218.857
 20
147.98
 10
219.002
 20
148.082
 10
219.058
 20
148.205
 10
219.113
 20
148.323
 10
219.168
 20
148.437
 10
219.223
 20
148.545
 10
219.277
 20
148.649
 10
219.33
 20
148.747
 10
219.383
 20
148.841
 10
219.434
 20
148.93
 10
219.485
 20
149.013
 10
219.535
 20
149.092
 10
219.515
 20
149.2
 10
219.442
 20
149.336
 10
219.391
 20
149.461
 10
219.556
 20
149.456
 10
219.718
 20
149.437
 10
219.801
 20
149.457
 10
219.838
 20
149.5
 10
219.873
 20
149.538
 10
219.905
 20
149.572
 10
219.934
 20
149.601
 10
219.959
 20
149.626
 10
219.981
 20
149.647
 10
219.999
 20
149.664
 10
220.014
 20
149.679
 10
220.025
 20
149.692
 10
220.023
 20
149.724
 10
219.98
 20
149.866
 10
219.957
 20
150.011
 10
219.993
 20
149.97
 10
220.031
 20
149.85
 10
220.047
 20
149.764
 10
220.054
 20
149.78
 10
220.065
 20
149.796
 10
220.081
 20
149.813
 10
220.102
 20
149.829
 10
220.131
 20
149.844
 10
220.166
 20
149.856
 10
220.207
 20
149.865
 10
220.255
 20
149.871
 10
220.309
 20
149.873
 10
220.37
 20
149.872
 10
220.436
 20
149.866
 10
220.509
 20
149.856
 10
220.589
 20
149.843
 10
220.684
 20
149.836
 97
0
 75
0
 76
1
 98
0
  0
HATCH
  5
6A
330
17
100
AcDbEntity
  8
RASTER
 62
7
100
AcDbHatch
 10
0.0
 20
0.0
 30
0.0
210
0.0
220
0.0
230
1.0
  2
SOLID
 70
1
 71
0
 91
1
 92
3
 72
0
 73
1
 93
122
 10
221.299
 20
150.156
 10
221.34
 20
150.267
 10
221.36
 20
150.375
 10
221.372
 20
150.48
 10
221.377
 20
150.583
 10
221.375
 20
150.684
 10
221.365
 20
150.784
 10
221.348
 20
150.883
 10
221.322
 20
150.98
 10
221.288
 20
151.076
 10
221.243
 20
151.169
 10
221.189
 20
151.259
 10
221.124
 20
151.344
 10
221.049
 20
151.424
 10
220.963
 20
151.496
 10
220.869
 20
151.558
 10
220.767
 20
151.611
 10
220.66
 20
151.651
 10
220.549
 20
151.681
 10
220.437
 20
151.698
 10
220.324
 20
151.705
 10
220.213
 20
151.702
 10
220.103
 20
151.69
 10
219.995
 20
151.669
 10
219.889
 20
151.641
 10
219.784
 20
151.606
 10
219.682
 20
151.564
 10
219.581
 20
151.516
 10
219.481
 20
151.463
 10
219.382
 20
151.404
 10
219.283
 20
151.339
 10
219.186
 20
151.27
 10
219.088
 20
151.195
 10
218.99
 20
151.115
 10
218.892
 20
151.03
 10
218.794
 20
150.941
 10
218.695
 20
150.846
 10
218.596
 20
150.747
 10
218.496
 20
150.642
 10
218.395
 20
150.533
 10
218.292
 20
150.419
 10
218.189
 20
150.3
 10
218.085
 20
150.176
 10
217.979
 20
150.048
 10
217.872
 20
149.914
 10
217.764
 20
149.776
 10
217.654
 20
149.633
 10
217.543
 20
149.485
 10
217.429
 20
149.333
 10
217.315
 20
149.176
 10
217.198
 20
149.013
 10
217.08
 20
148.847
 10
216.96
 20
148.675
 10
216.838
 20
148.499
 10
216.714
 20
148.318
 10
216.588
 20
148.132
 10
216.46
 20
147.941
 10
216.33
 20
147.746
 10
216.198
 20
147.546
 10
216.063
 20
147.342
 10
215.927
 20
147.132
 10
216.185
 20
146.935
 10
216.351
 20
147.119
 10
216.515
 20
147.298
 10
216.677
 20
147.472
 10
216.836
 20
147.641
 10
216.992
 20
147.805
 10
217.147
 20
147.963
 10
217.298
 20
148.117
 10
217.447
 20
148.265
 10
217.594
 20
148.408
 10
217.738
 20
148.546
 10
217.818
 20
148.733
 10
217.888
 20
148.923
 10
218.019
 20
149.052
 10
218.217
 20
149.111
 10
218.415
 20
149.161
 10
218.541
 20
149.268
 10
218.665
 20
149.371
 10
218.785
 20
149.469
 10
218.902
 20
149.561
 10
219.016
 20
149.649
 10
219.126
 20
149.732
 10
219.233
 20
149.809
 10
219.336
 20
149.882
 10
219.435
 20
149.949
 10
219.531
 20
150.012
 10
219.576
 20
150.13
 10
219.584
 20
150.296
 10
219.607
 20
150.441
 10
219.767
 20
150.375
 10
219.918
 20
150.297
 10
220.014
 20
150.286
 10
220.078
 20
150.316
 10
220.136
 20
150.341
 10
220.188
 20
150.361
 10
220.235
 20
150.379
 10
220.275
 20
150.392
 10
220.309
 20
150.403
 10
220.337
 20
150.412
 10
220.358
 20
150.419
 10
220.373
 20
150.425
 10
220.383
 20
150.455
 10
220.409
 20
150.601
 10
220.455
 20
150.739
 10
220.465
 20
150.687
 10
220.434
 20
150.565
 10
220.398
 20
150.486
 10
220.408
 20
150.499
 10
220.422
 20
150.509
 10
220.443
 20
150.516
 10
220.47
 20
150.517
 10
220.503
 20
150.511
 10
220.541
 20
150.498
 10
220.583
 20
150.477
 10
220.629
 20
150.447
 10
220.678
 20
150.409
 10
220.73
 20
150.363
 10
220.784
 20
150.308
 10
220.841
 20
150.246
 10
220.903
 20
150.175
 10
220.979
 20
150.1
 97
0
 75
0
 76
1
 98
0
  0
HATCH
  5
6B
330
17
100
AcDbEntity
  8
RASTER
 62
7
100
AcDbHatch
 10
0.0
 20
0.0
 30
0.0
210
0.0
220
0.0
230
1.0
  2
SOLID
 70
1
 71
0
 91
1
 92
3
 72
0
 73
1
 93
122
 10
221.667
 20
150.009
 10
221.765
 20
150.073
 10
221.848
 20
150.136
 10
221.927
 20
150.194
 10
222.002
 20
150.248
 10
222.074
 20
150.295
 10
222.143
 20
150.338
 10
222.21
 20
150.375
 10
222.274
 20
150.407
 10
222.335
 20
150.434
 10
222.393
 20
150.457
 10
222.448
 20
150.476
 10
222.501
 20
150.491
 10
222.551
 20
150.503
 10
222.599
 20
150.512
 10
222.644
 20
150.519
 10
222.689
 20
150.524
 10
222.732
 20
150.528
 10
222.776
 20
150.531
 10
222.819
 20
150.532
 10
222.864
 20
150.533
 10
222.91
 20
150.533
 10
222.958
 20
150.532
 10
223.009
 20
150.529
 10
223.063
 20
150.525
 10
223.12
 20
150.52
 10
223.181
 20
150.512
 10
223.245
 20
150.503
 10
223.313
 20
150.491
 10
223.386
 20
150.476
 10
223.462
 20
150.458
 10
223.542
 20
150.437
 10
223.626
 20
150.413
 10
223.714
 20
150.385
 10
223.805
 20
150.354
 10
223.9
 20
150.319
 10
223.999
 20
150.28
 10
224.102
 20
150.237
 10
224.207
 20
150.19
 10
224.316
 20
150.138
 10
224.429
 20
150.083
 10
224.544
 20
150.023
 10
224.663
 20
149.959
 10
224.784
 20
149.891
 10
224.909
 20
149.818
 10
225.036
 20
149.741
 10
225.166
 20
149.659
 10
225.298
 20
149.573
 10
225.433
 20
149.482
 10
225.571
 20
149.387
 10
225.711
 20
149.287
 10
225.853
 20
149.183
 10
225.998
 20
149.074
 10
226.145
 20
148.961
 10
226.294
 20
148.843
 10
226.445
 20
148.72
 10
226.599
 20
148.593
 10
226.754
 20
148.461
 10
226.911
 20
148.324
 10
227.071
 20
148.183
 10
227.232
 20
148.037
 10
227.472
 20
148.257
 10
227.337
 20
148.431
 10
227.204
 20
148.601
 10
227.072
 20
148.767
 10
226.942
 20
148.93
 10
226.813
 20
149.088
 10
226.686
 20
149.242
 10
226.56
 20
149.392
 10
226.435
 20
149.537
 10
226.311
 20
149.679
 10
226.189
 20
149.817
 10
226.014
 20
149.89
 10
225.834
 20
149.949
 10
225.711
 20
150.067
 10
225.65
 20
150.255
 10
225.591
 20
150.444
 10
225.474
 20
150.556
 10
225.357
 20
150.665
 10
225.241
 20
150.769
 10
225.126
 20
150.869
 10
225.011
 20
150.965
 10
224.896
 20
151.056
 10
224.781
 20
151.143
 10
224.667
 20
151.225
 10
224.552
 20
151.302
 10
224.438
 20
151.375
 10
224.291
 20
151.375
 10
224.122
 20
151.311
 10
223.97
 20
151.261
 10
223.911
 20
151.439
 10
223.845
 20
151.617
 10
223.745
 20
151.708
 10
223.628
 20
151.745
 10
223.51
 20
151.776
 10
223.392
 20
151.8
 10
223.274
 20
151.818
 10
223.156
 20
151.829
 10
223.037
 20
151.833
 10
222.92
 20
151.83
 10
222.803
 20
151.82
 10
222.687
 20
151.802
 10
222.578
 20
151.753
 10
222.503
 20
151.585
 10
222.445
 20
151.418
 10
222.336
 20
151.43
 10
222.192
 20
151.504
 10
222.054
 20
151.533
 10
221.965
 20
151.463
 10
221.88
 20
151.388
 10
221.802
 20
151.307
 10
221.73
 20
151.221
 10
221.664
 20
151.131
 10
221.605
 20
151.036
 10
221.552
 20
150.937
 10
221.505
 20
150.835
 10
221.464
 20
150.73
 10
221.429
 20
150.621
 10
221.401
 20
150.509
 10
221.38
 20
150.394
 10
221.367
 20
150.274
 10
221.372
 20
150.146
 97
0
 75
0
 76
1
 98
0
  0
HATCH
  5
6C
330
17
100
AcDbEntity
  8
RASTER
 62
7
100
AcDbHatch
 10
0.0
 20
0.0
 30
0.0
210
0.0
220
0.0
230
1.0
  2
SOLID
 70
1
 71
0
 91
1
 92
3
 72
0
 73
1
 93
122
 10
221.883
 20
149.678
 10
222.002
 20
149.675
 10
222.111
 20
149.683
 10
222.215
 20
149.691
 10
222.315
 20
149.698
 10
222.412
 20
149.705
 10
222.506
 20
149.71
 10
222.597
 20
149.713
 10
222.686
 20
149.716
 10
222.772
 20
149.716
 10
222.855
 20
149.716
 10
222.937
 20
149.714
 10
223.016
 20
149.711
 10
223.094
 20
149.707
 10
223.169
 20
149.701
 10
223.243
 20
149.695
 10
223.316
 20
149.688
 10
223.388
 20
149.68
 10
223.459
 20
149.67
 10
223.529
 20
149.66
 10
223.598
 20
149.65
 10
223.667
 20
149.638
 10
223.736
 20
149.625
 10
223.806
 20
149.611
 10
223.875
 20
149.596
 10
223.945
 20
149.58
 10
224.016
 20
149.563
 10
224.087
 20
149.544
 10
224.159
 20
149.524
 10
224.233
 20
149.502
 10
224.307
 20
149.479
 10
224.383
 20
149.453
 10
224.46
 20
149.426
 10
224.538
 20
149.396
 10
224.617
 20
149.364
 10
224.698
 20
149.33
 10
224.781
 20
149.293
 10
224.864
 20
149.254
 10
224.949
 20
149.212
 10
225.036
 20
149.167
 10
225.123
 20
149.119
 10
225.212
 20
149.068
 10
225.302
 20
149.015
 10
225.393
 20
148.958
 10
225.486
 20
148.898
 10
225.579
 20
148.835
 10
225.673
 20
148.768
 10
225.768
 20
148.698
 10
225.864
 20
148.625
 10
225.961
 20
148.549
 10
226.059
 20
148.469
 10
226.157
 20
148.386
 10
226.255
 20
148.299
 10
226.355
 20
148.208
 10
226.454
 20
148.115
 10
226.555
 20
148.017
 10
226.655
 20
147.917
 10
226.756
 20
147.812
 10
226.857
 20
147.705
 10
226.958
 20
147.593
 10
227.059
 20
147.478
 10
227.329
 20
147.659
 10
227.258
 20
147.799
 10
227.186
 20
147.936
 10
227.114
 20
148.071
 10
227.041
 20
148.204
 10
226.968
 20
148.333
 10
226.894
 20
148.46
 10
226.82
 20
148.585
 10
226.745
 20
148.707
 10
226.669
 20
148.826
 10
226.592
 20
148.943
 10
226.455
 20
149.002
 10
226.311
 20
149.049
 10
226.228
 20
149.15
 10
226.211
 20
149.316
 10
226.194
 20
149.486
 10
226.111
 20
149.586
 10
226.027
 20
149.683
 10
225.941
 20
149.778
 10
225.854
 20
149.869
 10
225.766
 20
149.957
 10
225.676
 20
150.043
 10
225.585
 20
150.125
 10
225.492
 20
150.203
 10
225.397
 20
150.278
 10
225.301
 20
150.35
 10
225.167
 20
150.352
 10
225.005
 20
150.293
 10
224.86
 20
150.249
 10
224.822
 20
150.426
 10
224.777
 20
150.605
 10
224.692
 20
150.701
 10
224.585
 20
150.745
 10
224.477
 20
150.785
 10
224.368
 20
150.819
 10
224.257
 20
150.85
 10
224.146
 20
150.875
 10
224.034
 20
150.896
 10
223.922
 20
150.911
 10
223.809
 20
150.921
 10
223.697
 20
150.927
 10
223.583
 20
150.904
 10
223.47
 20
150.759
 10
223.366
 20
150.614
 10
223.261
 20
150.658
 10
223.147
 20
150.775
 10
223.028
 20
150.849
 10
222.92
 20
150.819
 10
222.814
 20
150.783
 10
222.709
 20
150.742
 10
222.606
 20
150.696
 10
222.505
 20
150.645
 10
222.406
 20
150.59
 10
222.31
 20
150.53
 10
222.215
 20
150.465
 10
222.124
 20
150.396
 10
222.035
 20
150.322
 10
221.949
 20
150.243
 10
221.867
 20
150.158
 10
221.789
 20
150.067
 10
221.721
 20
149.959
 97
0
 75
0
 76
1
 98
0
  0
HATCH
  5
6D
330
17
100
AcDbEntity
  8
RASTER
 62
7
100
AcDbHatch
 10
0.0
 20
0.0
 30
0.0
210
0.0
220
0.0
230
1.0
  2
SOLID
 70
1
 71
0
 91
1
 92
3
 72
0
 73
1
 93
122
 10
221.871
 20
149.283
 10
221.954
 20
149.214
 10
222.037
 20
149.16
 10
222.118
 20
149.111
 10
222.197
 20
149.064
 10
222.275
 20
149.019
 10
222.352
 20
148.975
 10
222.428
 20
148.932
 10
222.502
 20
148.891
 10
222.575
 20
148.85
 10
222.646
 20
148.81
 10
222.717
 20
148.771
 10
222.786
 20
148.732
 10
222.855
 20
148.695
 10
222.923
 20
148.657
 10
222.989
 20
148.621
 10
223.056
 20
148.585
 10
223.121
 20
148.549
 10
223.186
 20
148.514
 10
223.25
 20
148.48
 10
223.314
 20
148.445
 10
223.377
 20
148.412
 10
223.44
 20
148.378
 10
223.503
 20
148.344
 10
223.566
 20
148.311
 10
223.628
 20
148.278
 10
223.69
 20
148.245
 10
223.752
 20
148.211
 10
223.815
 20
148.178
 10
223.877
 20
148.144
 10
223.939
 20
148.11
 10
224.002
 20
148.076
 10
224.064
 20
148.041
 10
224.127
 20
148.006
 10
224.19
 20
147.971
 10
224.253
 20
147.934
 10
224.316
 20
147.897
 10
224.379
 20
147.859
 10
224.443
 20
147.821
 10
224.507
 20
147.781
 10
224.571
 20
147.74
 10
224.635
 20
147.698
 10
224.699
 20
147.655
 10
224.764
 20
147.611
 10
224.828
 20
147.566
 10
224.893
 20
147.519
 10
224.958
 20
147.471
 10
225.022
 20
147.422
 10
225.087
 20
147.371
 10
225.152
 20
147.318
 10
225.216
 20
147.264
 10
225.28
 20
147.209
 10
225.345
 20
147.151
 10
225.409
 20
147.092
 10
225.472
 20
147.032
 10
225.536
 20
146.969
 10
225.599
 20
146.905
 10
225.661
 20
146.84
 10
225.723
 20
146.772
 10
225.785
 20
146.703
 10
225.846
 20
146.632
 10
226.132
 20
146.786
 10
226.103
 20
146.879
 10
226.073
 20
146.973
 10
226.041
 20
147.065
 10
226.009
 20
147.157
 10
225.975
 20
147.248
 10
225.94
 20
147.338
 10
225.904
 20
147.427
 10
225.867
 20
147.516
 10
225.828
 20
147.604
 10
225.788
 20
147.691
 10
225.683
 20
147.727
 10
225.569
 20
147.754
 10
225.52
 20
147.831
 10
225.543
 20
147.969
 10
225.566
 20
148.11
 10
225.516
 20
148.191
 10
225.465
 20
148.271
 10
225.413
 20
148.349
 10
225.358
 20
148.426
 10
225.302
 20
148.502
 10
225.245
 20
148.576
 10
225.185
 20
148.649
 10
225.124
 20
148.72
 10
225.061
 20
148.79
 10
224.996
 20
148.858
 10
224.882
 20
148.864
 10
224.732
 20
148.817
 10
224.599
 20
148.784
 10
224.609
 20
148.953
 10
224.616
 20
149.126
 10
224.57
 20
149.225
 10
224.493
 20
149.279
 10
224.414
 20
149.33
 10
224.334
 20
149.379
 10
224.252
 20
149.426
 10
224.169
 20
149.47
 10
224.085
 20
149.512
 10
223.999
 20
149.551
 10
223.912
 20
149.587
 10
223.823
 20
149.621
 10
223.725
 20
149.63
 10
223.584
 20
149.528
 10
223.447
 20
149.425
 10
223.379
 20
149.501
 10
223.333
 20
149.649
 10
223.271
 20
149.761
 10
223.176
 20
149.773
 10
223.08
 20
149.783
 10
222.983
 20
149.789
 10
222.886
 20
149.793
 10
222.789
 20
149.793
 10
222.691
 20
149.789
 10
222.593
 20
149.782
 10
222.494
 20
149.772
 10
222.396
 20
149.758
 10
222.297
 20
149.74
 10
222.198
 20
149.718
 10
222.099
 20
149.691
 10
221.999
 20
149.658
 10
221.899
 20
149.606
 97
0
 75
0
 76
1
 98
0
  0
LWPOLYLINE
  5
6E
330
17
100
AcDbEntity
  8
CUT
100
AcDbPolyline
 90
292
 70
1
 10
240.097
 20
158.752
 10
240.482
 20
159.015
 10
240.906
 20
159.237
 10
241.369
 20
159.418
 10
241.62
 20
159.488
 10
241.87
 20
159.558
 10
242.139
 20
159.608
 10
242.409
 20
159.658
 10
242.697
 20
159.688
 10
242.985
 20
159.718
 10
243.293
 20
159.728
 10
243.598
 20
159.737
 10
244.096
 20
159.737
 10
244.592
 20
159.737
 10
245.089
 20
159.737
 10
245.585
 20
159.737
 10
246.312
 20
159.737
 10
246.312
 20
157.138
 10
255.087
 20
157.138
 10
255.087
 20
159.737
 10
255.509
 20
159.737
 10
256.005
 20
159.737
 10
256.501
 20
159.737
 10
256.997
 20
159.737
 10
257.494
 20
159.737
 10
257.99
 20
159.737
 10
258.486
 20
159.737
 10
258.982
 20
159.737
 10
259.478
 20
159.737
 10
259.975
 20
159.737
 10
260.471
 20
159.737
 10
260.967
 20
159.737
 10
261.463
 20
159.737
 10
261.959
 20
159.737
 10
262.456
 20
159.737
 10
262.952
 20
159.737
 10
263.448
 20
159.737
 10
263.944
 20
159.737
 10
264.441
 20
159.737
 10
264.937
 20
159.737
 10
265.433
 20
159.737
 10
265.929
 20
159.737
 10
266.425
 20
159.737
 10
266.922
 20
159.737
 10
267.418
 20
159.737
 10
267.914
 20
159.737
 10
268.41
 20
159.737
 10
268.906
 20
159.737
 10
269.403
 20
159.737
 10
269.899
 20
159.737
 10
270.395
 20
159.737
 10
270.891
 20
159.737
 10
271.312
 20
159.737
 10
271.312
 20
157.138
 10
280.088
 20
157.138
 10
280.088
 20
159.737
 10
280.815
 20
159.737
 10
281.311
 20
159.737
 10
281.808
 20
159.737
 10
282.304
 20
159.737
 10
282.802
 20
159.737
 10
283.107
 20
159.728
 10
283.415
 20
159.718
 10
283.703
 20
159.688
 10
283.991
 20
159.658
 10
284.261
 20
159.608
 10
284.53
 20
159.558
 10
284.78
 20
159.488
 10
285.031
 20
159.418
 10
285.494
 20
159.237
 10
285.918
 20
159.015
 10
286.303
 20
158.752
 10
286.647
 20
158.447
 10
286.952
 20
158.103
 10
287.215
 20
157.718
 10
287.437
 20
157.294
 10
287.618
 20
156.831
 10
287.688
 20
156.58
 10
287.758
 20
156.33
 10
287.808
 20
156.061
 10
287.858
 20
155.791
 10
287.888
 20
155.503
 10
287.918
 20
155.215
 10
287.928
 20
154.907
 10
287.937
 20
154.602
 10
287.937
 20
154.104
 10
287.937
 20
153.608
 10
287.937
 20
153.111
 10
287.937
 20
152.615
 10
287.937
 20
151.888
 10
285.337
 20
151.888
 10
285.337
 20
143.112
 10
287.937
 20
143.112
 10
287.937
 20
142.691
 10
287.937
 20
142.195
 10
287.937
 20
141.699
 10
287.937
 20
141.203
 10
287.937
 20
140.706
 10
287.937
 20
140.21
 10
287.937
 20
139.714
 10
287.937
 20
139.218
 10
287.937
 20
138.722
 10
287.937
 20
138.225
 10
287.937
 20
137.729
 10
287.937
 20
137.233
 10
287.937
 20
136.737
 10
287.937
 20
136.241
 10
287.937
 20
135.744
 10
287.937
 20
135.248
 10
287.937
 20
134.752
 10
287.937
 20
134.256
 10
287.937
 20
133.759
 10
287.937
 20
133.263
 10
287.937
 20
132.767
 10
287.937
 20
132.271
 10
287.937
 20
131.775
 10
287.937
 20
131.278
 10
287.937
 20
130.782
 10
287.937
 20
130.286
 10
287.937
 20
129.79
 10
287.937
 20
129.294
 10
287.937
 20
128.797
 10
287.937
 20
128.301
 10
287.937
 20
127.805
 10
287.937
 20
127.309
 10
287.937
 20
126.887
 10
285.337
 20
126.887
 10
285.337
 20
118.113
 10
287.937
 20
118.113
 10
287.937
 20
117.385
 10
287.937
 20
116.889
 10
287.937
 20
116.392
 10
287.937
 20
115.896
 10
287.937
 20
115.398
 10
287.928
 20
115.093
 10
287.918
 20
114.785
 10
287.888
 20
114.497
 10
287.858
 20
114.209
 10
287.808
 20
113.939
 10
287.758
 20
113.67
 10
287.688
 20
113.42
 10
287.618
 20
113.169
 10
287.437
 20
112.706
 10
287.215
 20
112.282
 10
286.952
 20
111.897
 10
286.647
 20
111.553
 10
286.303
 20
111.248
 10
285.918
 20
110.985
 10
285.494
 20
110.763
 10
285.031
 20
110.582
 10
284.78
 20
110.512
 10
284.53
 20
110.442
 10
284.261
 20
110.392
 10
283.991
 20
110.342
 10
283.703
 20
110.312
 10
283.415
 20
110.282
 10
283.107
 20
110.272
 10
282.802
 20
110.262
 10
282.304
 20
110.262
 10
281.808
 20
110.262
 10
281.311
 20
110.262
 10
280.815
 20
110.262
 10
280.088
 20
110.262
 10
280.088
 20
112.862
 10
271.312
 20
112.862
 10
271.312
 20
110.262
 10
270.891
 20
110.262
 10
270.395
 20
110.262
 10
269.899
 20
110.262
 10
269.403
 20
110.262
 10
268.906
 20
110.262
 10
268.41
 20
110.262
 10
267.914
 20
110.262
 10
267.418
 20
110.262
 10
266.922
 20
110.262
 10
266.425
 20
110.262
 10
265.929
 20
110.262
 10
265.433
 20
110.262
 10
264.937
 20
110.262
 10
264.441
 20
110.262
 10
263.944
 20
110.262
 10
263.448
 20
110.262
 10
262.952
 20
110.262
 10
262.456
 20
110.262
 10
261.959
 20
110.262
 10
261.463
 20
110.262
 10
260.967
 20
110.262
 10
260.471
 20
110.262
 10
259.975
 20
110.262
 10
259.478
 20
110.262
 10
258.982
 20
110.262
 10
258.486
 20
110.262
 10
257.99
 20
110.262
 10
257.494
 20
110.262
 10
256.997
 20
110.262
 10
256.501
 20
110.262
 10
256.005
 20
110.262
 10
255.509
 20
110.262
 10
255.087
 20
110.262
 10
255.087
 20
112.862
 10
246.312
 20
112.862
 10
246.312
 20
110.262
 10
245.585
 20
110.262
 10
245.089
 20
110.262
 10
244.592
 20
110.262
 10
244.096
 20
110.262
 10
243.598
 20
110.262
 10
243.293
 20
110.272
 10
242.985
 20
110.282
 10
242.697
 20
110.312
 10
242.409
 20
110.342
 10
242.139
 20
110.392
 10
241.87
 20
110.442
 10
241.62
 20
110.512
 10
241.369
 20
110.582
 10
240.906
 20
110.763
 10
240.482
 20
110.985
 10
240.097
 20
111.248
 10
239.753
 20
111.553
 10
239.448
 20
111.897
 10
239.185
 20
112.282
 10
238.963
 20
112.706
 10
238.782
 20
113.169
 10
238.712
 20
113.42
 10
238.642
 20
113.67
 10
238.592
 20
113.939
 10
238.542
 20
114.209
 10
238.512
 20
114.497
 10
238.482
 20
114.785
 10
238.472
 20
115.093
 10
238.462
 20
115.398
 10
238.462
 20
115.896
 10
238.462
 20
116.392
 10
238.462
 20
116.889
 10
238.462
 20
117.385
 10
238.462
 20
118.113
 10
241.062
 20
118.113
 10
241.062
 20
126.887
 10
238.462
 20
126.887
 10
238.462
 20
127.309
 10
238.462
 20
127.805
 10
238.462
 20
128.301
 10
238.462
 20
128.797
 10
238.462
 20
129.294
 10
238.462
 20
129.79
 10
238.462
 20
130.286
 10
238.462
 20
130.782
 10
238.462
 20
131.278
 10
238.462
 20
131.775
 10
238.462
 20
132.271
 10
238.462
 20
132.767
 10
238.462
 20
133.263
 10
238.462
 20
133.759
 10
238.462
 20
134.256
 10
238.462
 20
134.752
 10
238.462
 20
135.248
 10
238.462
 20
135.744
 10
238.462
 20
136.241
 10
238.462
 20
136.737
 10
238.462
 20
137.233
 10
238.462
 20
137.729
 10
238.462
 20
138.225
 10
238.462
 20
138.722
 10
238.462
 20
139.218
 10
238.462
 20
139.714
 10
238.462
 20
140.21
 10
238.462
 20
140.706
 10
238.462
 20
141.203
 10
238.462
 20
141.699
 10
238.462
 20
142.195
 10
238.462
 20
142.691
 10
238.462
 20
143.112
 10
241.062
 20
143.112
 10
241.062
 20
151.888
 10
238.462
 20
151.888
 10
238.462
 20
152.615
 10
238.462
 20
153.111
 10
238.462
 20
153.608
 10
238.462
 20
154.104
 10
238.462
 20
154.602
 10
238.472
 20
154.907
 10
238.482
 20
155.215
 10
238.512
 20
155.503
 10
238.542
 20
155.791
 10
238.592
 20
156.061
 10
238.642
 20
156.33
 10
238.712
 20
156.58
 10
238.782
 20
156.831
 10
238.963
 20
157.294
 10
239.185
 20
157.718
 10
239.448
 20
158.103
 10
239.753
 20
158.447
  0
HATCH
  5
6F
330
17
100
AcDbEntity
  8
RASTER
 62
7
100
AcDbHatch
 10
0.0
 20
0.0
 30
0.0
210
0.0
220
0.0
230
1.0
  2
SOLID
 70
1
 71
0
 91
2
 92
3
 72
0
 73
1
 93
300
 10
241.102
 20
152.002
 10
241.111
 20
152.308
 10
241.125
 20
152.617
 10
241.206
 20
153.197
 10
241.337
 20
153.726
 10
241.498
 20
154.203
 10
241.672
 20
154.636
 10
241.853
 20
155.04
 10
242.045
 20
155.435
 10
242.261
 20
155.833
 10
242.521
 20
156.239
 10
242.845
 20
156.645
 10
243.247
 20
157.027
 10
243.736
 20
157.356
 10
244.305
 20
157.593
 10
244.939
 20
157.706
 10
245.598
 20
157.679
 10
245.951
 20
157.611
 10
246.276
 20
157.532
 10
246.879
 20
157.349
 10
247.459
 20
157.192
 10
248.029
 20
157.087
 10
248.598
 20
157.041
 10
249.177
 20
157.042
 10
249.768
 20
157.065
 10
250.37
 20
157.084
 10
250.974
 20
157.086
 10
251.572
 20
157.076
 10
252.158
 20
157.073
 10
252.732
 20
157.103
 10
253.303
 20
157.184
 10
253.879
 20
157.318
 10
254.47
 20
157.486
 10
255.081
 20
157.653
 10
255.71
 20
157.769
 10
256.352
 20
157.795
 10
256.992
 20
157.717
 10
257.616
 20
157.559
 10
258.22
 20
157.365
 10
258.804
 20
157.185
 10
259.374
 20
157.054
 10
259.938
 20
156.989
 10
260.507
 20
156.986
 10
261.091
 20
157.022
 10
261.687
 20
157.071
 10
262.292
 20
157.108
 10
262.895
 20
157.125
 10
263.49
 20
157.134
 10
264.074
 20
157.156
 10
264.649
 20
157.215
 10
265.225
 20
157.321
 10
265.811
 20
157.465
 10
266.415
 20
157.618
 10
267.038
 20
157.74
 10
267.676
 20
157.785
 10
268.317
 20
157.73
 10
268.947
 20
157.584
 10
269.557
 20
157.387
 10
270.147
 20
157.189
 10
270.718
 20
157.034
 10
271.28
 20
156.948
 10
271.842
 20
156.933
 10
272.417
 20
156.975
 10
273.007
 20
157.047
 10
273.609
 20
157.117
 10
274.216
 20
157.167
 10
274.819
 20
157.194
 10
275.412
 20
157.217
 10
275.994
 20
157.259
 10
276.572
 20
157.336
 10
277.156
 20
157.45
 10
277.753
 20
157.584
 10
278.368
 20
157.702
 10
279.001
 20
157.761
 10
279.64
 20
157.729
 10
280.278
 20
157.602
 10
280.607
 20
157.497
 10
280.93
 20
157.381
 10
281.496
 20
157.115
 10
281.988
 20
156.851
 10
282.418
 20
156.614
 10
282.808
 20
156.405
 10
283.179
 20
156.212
 10
283.545
 20
156.012
 10
283.91
 20
155.781
 10
284.265
 20
155.501
 10
284.595
 20
155.158
 10
284.882
 20
154.751
 10
285.113
 20
154.286
 10
285.288
 20
153.776
 10
285.415
 20
153.232
 10
285.516
 20
152.655
 10
285.558
 20
152.35
 10
285.608
 20
152.051
 10
285.709
 20
151.456
 10
285.819
 20
150.855
 10
285.906
 20
150.237
 10
285.928
 20
149.604
 10
285.862
 20
148.967
 10
285.71
 20
148.339
 10
285.508
 20
147.728
 10
285.304
 20
147.139
 10
285.145
 20
146.569
 10
285.062
 20
146.013
 10
285.061
 20
145.457
 10
285.133
 20
144.89
 10
285.248
 20
144.304
 10
285.37
 20
143.703
 10
285.468
 20
143.091
 10
285.529
 20
142.479
 10
285.562
 20
141.874
 10
285.588
 20
141.28
 10
285.629
 20
140.694
 10
285.697
 20
140.108
 10
285.781
 20
139.514
 10
285.858
 20
138.904
 10
285.89
 20
138.278
 10
285.846
 20
137.644
 10
285.719
 20
137.014
 10
285.53
 20
136.398
 10
285.325
 20
135.802
 10
285.151
 20
135.227
 10
285.047
 20
134.669
 10
285.029
 20
134.117
 10
285.092
 20
133.557
 10
285.215
 20
132.979
 10
285.361
 20
132.383
 10
285.491
 20
131.772
 10
285.58
 20
131.155
 10
285.625
 20
130.542
 10
285.644
 20
129.939
 10
285.661
 20
129.346
 10
285.695
 20
128.759
 10
285.749
 20
128.169
 10
285.808
 20
127.566
 10
285.841
 20
126.95
 10
285.816
 20
126.321
 10
285.715
 20
125.691
 10
285.548
 20
125.072
 10
285.35
 20
124.47
 10
285.168
 20
123.888
 10
285.046
 20
123.326
 10
285.009
 20
122.775
 10
285.059
 20
122.221
 10
285.181
 20
121.65
 10
285.343
 20
121.06
 10
285.501
 20
120.452
 10
285.62
 20
119.833
 10
285.684
 20
119.213
 10
285.703
 20
118.601
 10
285.702
 20
117.992
 10
285.692
 20
117.683
 10
285.685
 20
117.365
 10
285.644
 20
116.767
 10
285.569
 20
116.19
 10
285.442
 20
115.636
 10
285.243
 20
115.114
 10
284.962
 20
114.641
 10
284.601
 20
114.239
 10
284.176
 20
113.923
 10
283.71
 20
113.698
 10
283.229
 20
113.555
 10
282.753
 20
113.472
 10
282.29
 20
113.417
 10
281.836
 20
113.359
 10
281.37
 20
113.268
 10
280.855
 20
113.131
 10
280.58
 20
113.051
 10
280.287
 20
112.956
 10
279.687
 20
112.772
 10
279.073
 20
112.607
 10
278.45
 20
112.492
 10
277.826
 20
112.441
 10
277.212
 20
112.442
 10
276.61
 20
112.465
 10
276.019
 20
112.484
 10
275.43
 20
112.486
 10
274.835
 20
112.476
 10
274.228
 20
112.473
 10
273.61
 20
112.505
 10
272.987
 20
112.593
 10
272.37
 20
112.737
 10
271.769
 20
112.909
 10
271.186
 20
113.067
 10
270.623
 20
113.171
 10
270.072
 20
113.193
 10
269.518
 20
113.126
 10
268.949
 20
112.982
 10
268.36
 20
112.793
 10
267.752
 20
112.605
 10
267.128
 20
112.462
 10
266.499
 20
112.39
 10
265.876
 20
112.385
 10
265.266
 20
112.424
 10
264.67
 20
112.473
 10
264.081
 20
112.509
 10
263.492
 20
112.525
 10
262.894
 20
112.534
 10
262.284
 20
112.558
 10
261.666
 20
112.621
 10
261.05
 20
112.734
 10
260.443
 20
112.883
 10
259.854
 20
113.033
 10
259.283
 20
113.144
 10
258.729
 20
113.183
 10
258.177
 20
113.136
 10
257.613
 20
113.005
 10
257.031
 20
112.817
 10
256.427
 20
112.615
 10
255.806
 20
112.446
 10
255.174
 20
112.349
 10
254.544
 20
112.332
 10
253.925
 20
112.378
 10
253.322
 20
112.451
 10
252.732
 20
112.52
 10
252.146
 20
112.568
 10
251.556
 20
112.595
 10
250.955
 20
112.618
 10
250.345
 20
112.662
 10
249.73
 20
112.744
 10
249.121
 20
112.863
 10
248.525
 20
112.997
 10
247.947
 20
113.107
 10
247.387
 20
113.159
 10
246.834
 20
113.132
 10
246.271
 20
113.019
 10
245.986
 20
112.944
 10
245.682
 20
112.852
 10
245.069
 20
112.707
 10
244.453
 20
112.638
 10
243.849
 20
112.678
 10
243.283
 20
112.836
 10
242.778
 20
113.102
 10
242.347
 20
113.451
 10
241.995
 20
113.856
 10
241.715
 20
114.296
 10
241.493
 20
114.755
 10
241.315
 20
115.228
 10
241.17
 20
115.721
 10
241.055
 20
116.242
 10
240.978
 20
116.803
 10
240.959
 20
117.404
 10
240.982
 20
117.726
 10
241.015
 20
118.042
 10
241.118
 20
118.649
 10
241.227
 20
119.241
 10
241.307
 20
119.816
 10
241.327
 20
120.376
 10
241.269
 20
120.931
 10
241.133
 20
121.496
 10
240.94
 20
122.079
 10
240.731
 20
122.683
 10
240.558
 20
123.306
 10
240.462
 20
123.942
 10
240.461
 20
124.58
 10
240.54
 20
125.206
 10
240.659
 20
125.813
 10
240.78
 20
126.405
 10
240.873
 20
126.986
 10
240.931
 20
127.567
 10
240.962
 20
128.155
 10
240.989
 20
128.754
 10
241.032
 20
129.361
 10
241.102
 20
129.968
 10
241.187
 20
130.566
 10
241.26
 20
131.149
 10
241.289
 20
131.717
 10
241.25
 20
132.276
 10
241.137
 20
132.838
 10
240.96
 20
133.416
 10
240.754
 20
134.013
 10
240.567
 20
134.631
 10
240.449
 20
135.266
 10
240.428
 20
135.907
 10
240.499
 20
136.539
 10
240.63
 20
137.155
 10
240.776
 20
137.751
 10
240.9
 20
138.333
 10
240.983
 20
138.91
 10
241.026
 20
139.489
 10
241.044
 20
140.079
 10
241.061
 20
140.68
 10
241.097
 20
141.286
 10
241.152
 20
141.888
 10
241.21
 20
142.479
 10
241.241
 20
143.055
 10
241.218
 20
143.619
 10
241.128
 20
144.183
 10
240.973
 20
144.756
 10
240.778
 20
145.347
 10
240.588
 20
145.958
 10
240.451
 20
146.589
 10
240.407
 20
147.231
 10
240.464
 20
147.87
 10
240.598
 20
148.492
 10
240.763
 20
149.095
 10
240.915
 20
149.68
 10
241.026
 20
150.254
 10
241.085
 20
150.827
 10
241.103
 20
151.408
 97
0
 92
3
 72
0
 73
1
 93
301
 10
241.702
 20
151.993
 10
241.703
 20
151.399
 10
241.684
 20
150.787
 10
241.62
 20
150.167
 10
241.501
 20
149.548
 10
241.343
 20
148.94
 10
241.181
 20
148.35
 10
241.059
 20
147.779
 10
241.009
 20
147.225
 10
241.046
 20
146.674
 10
241.168
 20
146.112
 10
241.35
 20
145.53
 10
241.548
 20
144.928
 10
241.715
 20
144.309
 10
241.816
 20
143.679
 10
241.841
 20
143.05
 10
241.808
 20
142.434
 10
241.749
 20
141.831
 10
241.695
 20
141.241
 10
241.661
 20
140.654
 10
241.644
 20
140.061
 10
241.625
 20
139.458
 10
241.58
 20
138.845
 10
241.491
 20
138.228
 10
241.361
 20
137.617
 10
241.215
 20
137.021
 10
241.092
 20
136.443
 10
241.029
 20
135.883
 10
241.047
 20
135.331
 10
241.151
 20
134.773
 10
241.325
 20
134.198
 10
241.53
 20
133.602
 10
241.719
 20
132.986
 10
241.846
 20
132.356
 10
241.89
 20
131.722
 10
241.858
 20
131.096
 10
241.781
 20
130.486
 10
241.697
 20
129.892
 10
241.629
 20
129.306
 10
241.588
 20
128.72
 10
241.562
 20
128.126
 10
241.529
 20
127.521
 10
241.468
 20
126.909
 10
241.37
 20
126.297
 10
241.248
 20
125.696
 10
241.133
 20
125.11
 10
241.061
 20
124.543
 10
241.062
 20
123.987
 10
241.145
 20
123.431
 10
241.304
 20
122.861
 10
241.508
 20
122.272
 10
241.71
 20
121.661
 10
241.862
 20
121.033
 10
241.928
 20
120.396
 10
241.906
 20
119.763
 10
241.819
 20
119.145
 10
241.709
 20
118.544
 10
241.61
 20
117.961
 10
241.58
 20
117.673
 10
241.559
 20
117.391
 10
241.577
 20
116.853
 10
241.646
 20
116.348
 10
241.752
 20
115.87
 10
241.885
 20
115.418
 10
242.045
 20
114.991
 10
242.239
 20
114.588
 10
242.477
 20
114.216
 10
242.766
 20
113.884
 10
243.109
 20
113.605
 10
243.506
 20
113.397
 10
243.951
 20
113.272
 10
244.439
 20
113.24
 10
244.966
 20
113.299
 10
245.526
 20
113.432
 10
245.823
 20
113.522
 10
246.136
 20
113.604
 10
246.759
 20
113.729
 10
247.399
 20
113.761
 10
248.032
 20
113.702
 10
248.647
 20
113.584
 10
249.244
 20
113.45
 10
249.828
 20
113.336
 10
250.406
 20
113.259
 10
250.988
 20
113.217
 10
251.581
 20
113.194
 10
252.184
 20
113.167
 10
252.791
 20
113.117
 10
253.393
 20
113.047
 10
253.983
 20
112.975
 10
254.558
 20
112.933
 10
255.12
 20
112.948
 10
255.682
 20
113.034
 10
256.253
 20
113.189
 10
256.843
 20
113.387
 10
257.453
 20
113.584
 10
258.083
 20
113.73
 10
258.724
 20
113.785
 10
259.362
 20
113.74
 10
259.985
 20
113.618
 10
260.589
 20
113.465
 10
261.175
 20
113.321
 10
261.751
 20
113.215
 10
262.326
 20
113.156
 10
262.91
 20
113.134
 10
263.505
 20
113.125
 10
264.108
 20
113.108
 10
264.713
 20
113.071
 10
265.309
 20
113.022
 10
265.893
 20
112.986
 10
266.462
 20
112.989
 10
267.026
 20
113.054
 10
267.596
 20
113.185
 10
268.18
 20
113.365
 10
268.784
 20
113.559
 10
269.408
 20
113.717
 10
270.048
 20
113.795
 10
270.69
 20
113.769
 10
271.319
 20
113.653
 10
271.93
 20
113.486
 10
272.521
 20
113.318
 10
273.097
 20
113.184
 10
273.668
 20
113.103
 10
274.242
 20
113.073
 10
274.828
 20
113.076
 10
275.426
 20
113.086
 10
276.03
 20
113.084
 10
276.632
 20
113.065
 10
277.223
 20
113.042
 10
277.802
 20
113.041
 10
278.371
 20
113.087
 10
278.941
 20
113.192
 10
279.52
 20
113.349
 10
280.107
 20
113.528
 10
280.404
 20
113.624
 10
280.693
 20
113.709
 10
281.236
 20
113.854
 10
281.741
 20
113.951
 10
282.216
 20
114.013
 10
282.666
 20
114.066
 10
283.092
 20
114.14
 10
283.493
 20
114.259
 10
283.863
 20
114.438
 10
284.194
 20
114.684
 10
284.476
 20
114.998
 10
284.701
 20
115.376
 10
284.867
 20
115.811
 10
284.978
 20
116.296
 10
285.046
 20
116.826
 10
285.085
 20
117.392
 10
285.092
 20
117.699
 10
285.102
 20
118.003
 10
285.103
 20
118.592
 10
285.085
 20
119.173
 10
285.026
 20
119.746
 10
284.915
 20
120.32
 10
284.763
 20
120.905
 10
284.598
 20
121.508
 10
284.464
 20
122.13
 10
284.407
 20
122.769
 10
284.451
 20
123.411
 10
284.588
 20
124.042
 10
284.778
 20
124.653
 10
284.973
 20
125.244
 10
285.128
 20
125.817
 10
285.218
 20
126.381
 10
285.241
 20
126.945
 10
285.21
 20
127.521
 10
285.152
 20
128.112
 10
285.097
 20
128.714
 10
285.061
 20
129.32
 10
285.044
 20
129.921
 10
285.026
 20
130.511
 10
284.983
 20
131.09
 10
284.9
 20
131.667
 10
284.776
 20
132.249
 10
284.63
 20
132.845
 10
284.499
 20
133.461
 10
284.428
 20
134.093
 10
284.449
 20
134.734
 10
284.567
 20
135.369
 10
284.754
 20
135.987
 10
284.96
 20
136.584
 10
285.137
 20
137.162
 10
285.25
 20
137.724
 10
285.289
 20
138.283
 10
285.26
 20
138.851
 10
285.187
 20
139.434
 10
285.102
 20
140.032
 10
285.032
 20
140.639
 10
284.989
 20
141.246
 10
284.962
 20
141.845
 10
284.931
 20
142.433
 10
284.873
 20
143.014
 10
284.78
 20
143.595
 10
284.659
 20
144.187
 10
284.54
 20
144.794
 10
284.461
 20
145.42
 10
284.462
 20
146.058
 10
284.558
 20
146.694
 10
284.731
 20
147.317
 10
284.94
 20
147.921
 10
285.133
 20
148.504
 10
285.269
 20
149.069
 10
285.327
 20
149.624
 10
285.307
 20
150.184
 10
285.227
 20
150.759
 10
285.118
 20
151.351
 10
285.016
 20
151.952
 10
284.965
 20
152.26
 10
284.923
 20
152.562
 10
284.827
 20
153.112
 10
284.71
 20
153.61
 10
284.559
 20
154.054
 10
284.365
 20
154.442
 10
284.131
 20
154.775
 10
283.861
 20
155.055
 10
283.562
 20
155.291
 10
283.24
 20
155.494
 10
282.896
 20
155.683
 10
282.528
 20
155.875
 10
282.132
 20
156.086
 10
281.701
 20
156.324
 10
281.226
 20
156.579
 10
280.7
 20
156.826
 10
280.413
 20
156.929
 10
280.128
 20
157.02
 10
279.567
 20
157.132
 10
279.013
 20
157.159
 10
278.453
 20
157.107
 10
277.875
 20
156.997
 10
277.279
 20
156.863
 10
276.67
 20
156.744
 10
276.055
 20
156.662
 10
275.445
 20
156.618
 10
274.844
 20
156.595
 10
274.254
 20
156.568
 10
273.668
 20
156.52
 10
273.078
 20
156.451
 10
272.475
 20
156.378
 10
271.856
 20
156.332
 10
271.226
 20
156.349
 10
270.594
 20
156.446
 10
269.973
 20
156.615
 10
269.369
 20
156.817
 10
268.787
 20
157.005
 10
268.223
 20
157.136
 10
267.671
 20
157.183
 10
267.117
 20
157.144
 10
266.546
 20
157.033
 10
265.957
 20
156.883
 10
265.35
 20
156.734
 10
264.734
 20
156.621
 10
264.116
 20
156.558
 10
263.506
 20
156.534
 10
262.908
 20
156.525
 10
262.319
 20
156.509
 10
261.73
 20
156.473
 10
261.134
 20
156.424
 10
260.524
 20
156.385
 10
259.901
 20
156.39
 10
259.272
 20
156.462
 10
258.648
 20
156.605
 10
258.04
 20
156.793
 10
257.451
 20
156.982
 10
256.882
 20
157.126
 10
256.328
 20
157.193
 10
255.777
 20
157.171
 10
255.214
 20
157.067
 10
254.631
 20
156.909
 10
254.03
 20
156.737
 10
253.413
 20
156.593
 10
252.79
 20
156.505
 10
252.172
 20
156.473
 10
251.565
 20
156.476
 10
250.97
 20
156.486
 10
250.381
 20
156.484
 10
249.79
 20
156.465
 10
249.188
 20
156.442
 10
248.574
 20
156.441
 10
247.95
 20
156.492
 10
247.327
 20
156.607
 10
246.714
 20
156.772
 10
246.118
 20
156.953
 10
245.823
 20
157.025
 10
245.528
 20
157.082
 10
244.98
 20
157.104
 10
244.475
 20
157.014
 10
244.021
 20
156.825
 10
243.624
 20
156.557
 10
243.288
 20
156.238
 10
243.01
 20
155.889
 10
242.778
 20
155.528
 10
242.579
 20
155.16
 10
242.397
 20
154.787
 10
242.225
 20
154.401
 10
242.061
 20
153.994
 10
241.913
 20
153.558
 10
241.796
 20
153.083
 10
241.723
 20
152.562
 10
241.711
 20
152.285
 10
241.702
 20
151.993
 97
0
 75
0
 76
1
 98
0
  0
HATCH
  5
70
330
17
100
AcDbEntity
  8
RASTER
 62
7
100
AcDbHatch
 10
0.0
 20
0.0
 30
0.0
210
0.0
220
0.0
230
1.0
  2
SOLID
 70
1
 71
0
 91
2
 92
3
 72
0
 73
1
 93
260
 10
244.25
 20
149.064
 10
244.306
 20
149.339
 10
244.34
 20
149.605
 10
244.387
 20
150.135
 10
244.416
 20
150.643
 10
244.462
 20
151.147
 10
244.554
 20
151.641
 10
244.712
 20
152.113
 10
244.94
 20
152.549
 10
245.234
 20
152.939
 10
245.58
 20
153.278
 10
245.968
 20
153.572
 10
246.39
 20
153.831
 10
246.848
 20
154.066
 10
247.348
 20
154.285
 10
247.901
 20
154.484
 10
248.509
 20
154.64
 10
248.852
 20
154.686
 10
249.19
 20
154.714
 10
249.831
 20
154.684
 10
250.463
 20
154.564
 10
251.081
 20
154.377
 10
251.678
 20
154.167
 10
252.254
 20
153.985
 10
252.813
 20
153.87
 10
253.365
 20
153.839
 10
253.924
 20
153.89
 10
254.5
 20
154.001
 10
255.094
 20
154.137
 10
255.703
 20
154.259
 10
256.317
 20
154.344
 10
256.928
 20
154.389
 10
257.528
 20
154.412
 10
258.118
 20
154.438
 10
258.703
 20
154.484
 10
259.294
 20
154.55
 10
259.896
 20
154.62
 10
260.514
 20
154.662
 10
261.144
 20
154.641
 10
261.775
 20
154.539
 10
262.394
 20
154.367
 10
262.996
 20
154.164
 10
263.576
 20
153.978
 10
264.137
 20
153.854
 10
264.687
 20
153.814
 10
265.241
 20
153.861
 10
265.812
 20
153.981
 10
266.402
 20
154.138
 10
267.009
 20
154.29
 10
267.626
 20
154.403
 10
268.244
 20
154.464
 10
268.854
 20
154.484
 10
269.451
 20
154.488
 10
270.04
 20
154.5
 10
270.628
 20
154.531
 10
271.225
 20
154.573
 10
271.835
 20
154.602
 10
272.458
 20
154.586
 10
273.085
 20
154.503
 10
273.706
 20
154.352
 10
274.311
 20
154.163
 10
274.895
 20
153.981
 10
275.46
 20
153.851
 10
276.011
 20
153.802
 10
276.561
 20
153.844
 10
277.128
 20
153.966
 10
277.418
 20
154.04
 10
277.727
 20
154.125
 10
278.34
 20
154.239
 10
278.945
 20
154.265
 10
279.523
 20
154.189
 10
280.056
 20
154.017
 10
280.534
 20
153.769
 10
280.956
 20
153.463
 10
281.326
 20
153.115
 10
281.651
 20
152.732
 10
281.938
 20
152.316
 10
282.188
 20
151.86
 10
282.395
 20
151.358
 10
282.543
 20
150.806
 10
282.609
 20
150.206
 10
282.572
 20
149.575
 10
282.506
 20
149.24
 10
282.431
 20
148.922
 10
282.255
 20
148.324
 10
282.103
 20
147.747
 10
282.016
 20
147.189
 10
282.014
 20
146.64
 10
282.102
 20
146.085
 10
282.262
 20
145.513
 10
282.456
 20
144.919
 10
282.637
 20
144.306
 10
282.764
 20
143.681
 10
282.817
 20
143.053
 10
282.807
 20
142.433
 10
282.762
 20
141.828
 10
282.715
 20
141.235
 10
282.684
 20
140.648
 10
282.67
 20
140.058
 10
282.659
 20
139.457
 10
282.624
 20
138.845
 10
282.545
 20
138.227
 10
282.418
 20
137.613
 10
282.265
 20
137.013
 10
282.124
 20
136.431
 10
282.035
 20
135.868
 10
282.025
 20
135.317
 10
282.104
 20
134.763
 10
282.261
 20
134.195
 10
282.462
 20
133.605
 10
282.659
 20
132.996
 10
282.807
 20
132.37
 10
282.874
 20
131.736
 10
282.862
 20
131.109
 10
282.798
 20
130.497
 10
282.719
 20
129.899
 10
282.652
 20
129.312
 10
282.609
 20
128.727
 10
282.583
 20
128.135
 10
282.553
 20
127.532
 10
282.496
 20
126.92
 10
282.4
 20
126.308
 10
282.275
 20
125.705
 10
282.151
 20
125.117
 10
282.066
 20
124.548
 10
282.05
 20
123.993
 10
282.118
 20
123.439
 10
282.266
 20
122.874
 10
282.466
 20
122.289
 10
282.674
 20
121.682
 10
282.837
 20
121.053
 10
282.881
 20
120.711
 10
282.9
 20
120.352
 10
282.825
 20
119.708
 10
282.644
 20
119.115
 10
282.399
 20
118.589
 10
282.119
 20
118.125
 10
281.818
 20
117.714
 10
281.499
 20
117.346
 10
281.158
 20
117.015
 10
280.784
 20
116.718
 10
280.37
 20
116.464
 10
279.911
 20
116.262
 10
279.41
 20
116.125
 10
278.877
 20
116.058
 10
278.326
 20
116.053
 10
277.757
 20
116.084
 10
277.475
 20
116.107
 10
277.199
 20
116.113
 10
276.639
 20
116.086
 10
276.08
 20
115.98
 10
275.506
 20
115.806
 10
274.912
 20
115.598
 10
274.297
 20
115.403
 10
273.664
 20
115.273
 10
273.024
 20
115.238
 10
272.392
 20
115.295
 10
271.777
 20
115.414
 10
271.18
 20
115.55
 10
270.597
 20
115.667
 10
270.02
 20
115.747
 10
269.438
 20
115.79
 10
268.847
 20
115.813
 10
268.246
 20
115.839
 10
267.64
 20
115.886
 10
267.038
 20
115.954
 10
266.449
 20
116.023
 10
265.876
 20
116.061
 10
265.314
 20
116.042
 10
264.753
 20
115.952
 10
264.182
 20
115.793
 10
263.592
 20
115.594
 10
262.981
 20
115.399
 10
262.35
 20
115.258
 10
261.709
 20
115.212
 10
261.071
 20
115.267
 10
260.45
 20
115.397
 10
259.848
 20
115.557
 10
259.264
 20
115.703
 10
258.69
 20
115.808
 10
258.117
 20
115.865
 10
257.534
 20
115.884
 10
256.941
 20
115.888
 10
256.338
 20
115.901
 10
255.735
 20
115.932
 10
255.14
 20
115.974
 10
254.558
 20
116.001
 10
253.99
 20
115.987
 10
253.425
 20
115.912
 10
252.855
 20
115.774
 10
252.268
 20
115.591
 10
251.661
 20
115.402
 10
251.034
 20
115.257
 10
250.393
 20
115.2
 10
249.753
 20
115.248
 10
249.12
 20
115.384
 10
248.798
 20
115.484
 10
248.479
 20
115.59
 10
247.914
 20
115.82
 10
247.411
 20
116.042
 10
246.956
 20
116.248
 10
246.532
 20
116.448
 10
246.132
 20
116.66
 10
245.752
 20
116.902
 10
245.402
 20
117.189
 10
245.091
 20
117.527
 10
244.828
 20
117.913
 10
244.618
 20
118.338
 10
244.451
 20
118.793
 10
244.31
 20
119.271
 10
244.175
 20
119.776
 10
244.023
 20
120.322
 10
243.944
 20
120.615
 10
243.853
 20
120.913
 10
243.676
 20
121.515
 10
243.515
 20
122.13
 10
243.416
 20
122.763
 10
243.414
 20
123.406
 10
243.515
 20
124.043
 10
243.687
 20
124.661
 10
243.883
 20
125.259
 10
244.054
 20
125.838
 10
244.169
 20
126.404
 10
244.217
 20
126.968
 10
244.207
 20
127.54
 10
244.164
 20
128.126
 10
244.116
 20
128.725
 10
244.084
 20
129.329
 10
244.07
 20
129.93
 10
244.059
 20
130.521
 10
244.026
 20
131.1
 10
243.953
 20
131.674
 10
243.833
 20
132.252
 10
243.682
 20
132.843
 10
243.535
 20
133.452
 10
243.436
 20
134.08
 10
243.425
 20
134.721
 10
243.516
 20
135.359
 10
243.687
 20
135.982
 10
243.892
 20
136.584
 10
244.081
 20
137.166
 10
244.214
 20
137.731
 10
244.273
 20
138.29
 10
244.263
 20
138.854
 10
244.202
 20
139.433
 10
244.123
 20
140.027
 10
244.054
 20
140.632
 10
244.01
 20
141.238
 10
243.983
 20
141.837
 10
243.954
 20
142.426
 10
243.901
 20
143.005
 10
243.81
 20
143.585
 10
243.688
 20
144.173
 10
243.561
 20
144.777
 10
243.467
 20
145.399
 10
243.449
 20
146.035
 10
243.528
 20
146.673
 10
243.691
 20
147.299
 10
243.898
 20
147.906
 10
244.099
 20
148.491
 97
0
 92
3
 72
0
 73
1
 93
261
 10
244.835
 20
148.928
 10
244.674
 20
148.317
 10
244.466
 20
147.711
 10
244.266
 20
147.126
 10
244.118
 20
146.561
 10
244.05
 20
146.007
 10
244.066
 20
145.452
 10
244.151
 20
144.883
 10
244.275
 20
144.295
 10
244.4
 20
143.692
 10
244.496
 20
143.08
 10
244.553
 20
142.468
 10
244.583
 20
141.865
 10
244.609
 20
141.273
 10
244.652
 20
140.688
 10
244.719
 20
140.101
 10
244.798
 20
139.503
 10
244.862
 20
138.891
 10
244.874
 20
138.264
 10
244.807
 20
137.63
 10
244.659
 20
137.004
 10
244.462
 20
136.395
 10
244.261
 20
135.805
 10
244.104
 20
135.237
 10
244.025
 20
134.683
 10
244.035
 20
134.132
 10
244.124
 20
133.569
 10
244.265
 20
132.987
 10
244.418
 20
132.387
 10
244.545
 20
131.773
 10
244.624
 20
131.155
 10
244.659
 20
130.543
 10
244.67
 20
129.942
 10
244.684
 20
129.352
 10
244.715
 20
128.765
 10
244.762
 20
128.172
 10
244.807
 20
127.567
 10
244.817
 20
126.947
 10
244.764
 20
126.319
 10
244.637
 20
125.694
 10
244.456
 20
125.081
 10
244.262
 20
124.487
 10
244.102
 20
123.915
 10
244.014
 20
123.36
 10
244.016
 20
122.811
 10
244.103
 20
122.253
 10
244.255
 20
121.676
 10
244.428
 20
121.085
 10
244.52
 20
120.781
 10
244.602
 20
120.481
 10
244.754
 20
119.934
 10
244.888
 20
119.433
 10
245.021
 20
118.981
 10
245.17
 20
118.575
 10
245.348
 20
118.216
 10
245.562
 20
117.901
 10
245.814
 20
117.627
 10
246.105
 20
117.389
 10
246.434
 20
117.178
 10
246.801
 20
116.984
 10
247.208
 20
116.792
 10
247.655
 20
116.589
 10
248.148
 20
116.372
 10
248.687
 20
116.153
 10
248.981
 20
116.055
 10
249.273
 20
115.965
 10
249.839
 20
115.844
 10
250.389
 20
115.802
 10
250.94
 20
115.851
 10
251.505
 20
115.981
 10
252.089
 20
116.163
 10
252.694
 20
116.352
 10
253.315
 20
116.503
 10
253.942
 20
116.586
 10
254.565
 20
116.602
 10
255.175
 20
116.573
 10
255.772
 20
116.531
 10
256.36
 20
116.5
 10
256.949
 20
116.488
 10
257.546
 20
116.484
 10
258.156
 20
116.464
 10
258.774
 20
116.403
 10
259.391
 20
116.29
 10
259.998
 20
116.138
 10
260.588
 20
115.981
 10
261.159
 20
115.861
 10
261.713
 20
115.814
 10
262.263
 20
115.854
 10
262.824
 20
115.978
 10
263.404
 20
116.164
 10
264.006
 20
116.367
 10
264.625
 20
116.539
 10
265.256
 20
116.641
 10
265.886
 20
116.662
 10
266.504
 20
116.62
 10
267.106
 20
116.55
 10
267.697
 20
116.484
 10
268.282
 20
116.438
 10
268.872
 20
116.412
 10
269.472
 20
116.389
 10
270.083
 20
116.344
 10
270.697
 20
116.259
 10
271.306
 20
116.137
 10
271.9
 20
116.001
 10
272.476
 20
115.89
 10
273.035
 20
115.839
 10
273.587
 20
115.87
 10
274.146
 20
115.985
 10
274.722
 20
116.167
 10
275.319
 20
116.377
 10
275.937
 20
116.564
 10
276.569
 20
116.684
 10
277.192
 20
116.713
 10
277.505
 20
116.707
 10
277.797
 20
116.683
 10
278.339
 20
116.653
 10
278.837
 20
116.658
 10
279.293
 20
116.715
 10
279.71
 20
116.829
 10
280.091
 20
116.996
 10
280.44
 20
117.211
 10
280.761
 20
117.466
 10
281.062
 20
117.759
 10
281.348
 20
118.089
 10
281.619
 20
118.459
 10
281.869
 20
118.872
 10
282.083
 20
119.33
 10
282.235
 20
119.831
 10
282.298
 20
120.371
 10
282.283
 20
120.658
 10
282.247
 20
120.939
 10
282.099
 20
121.509
 10
281.898
 20
122.094
 10
281.691
 20
122.701
 10
281.528
 20
123.327
 10
281.449
 20
123.965
 10
281.467
 20
124.601
 10
281.561
 20
125.223
 10
281.688
 20
125.827
 10
281.81
 20
126.415
 10
281.901
 20
126.995
 10
281.954
 20
127.574
 10
281.983
 20
128.163
 10
282.01
 20
128.762
 10
282.054
 20
129.368
 10
282.123
 20
129.973
 10
282.202
 20
130.567
 10
282.263
 20
131.146
 10
282.273
 20
131.71
 10
282.214
 20
132.269
 10
282.081
 20
132.834
 10
281.892
 20
133.416
 10
281.687
 20
134.018
 10
281.516
 20
134.641
 10
281.425
 20
135.279
 10
281.436
 20
135.92
 10
281.535
 20
136.548
 10
281.682
 20
137.157
 10
281.833
 20
137.748
 10
281.953
 20
138.326
 10
282.026
 20
138.9
 10
282.059
 20
139.479
 10
282.07
 20
140.07
 10
282.084
 20
140.671
 10
282.116
 20
141.275
 10
282.164
 20
141.874
 10
282.207
 20
142.46
 10
282.217
 20
143.032
 10
282.169
 20
143.596
 10
282.054
 20
144.162
 10
281.883
 20
144.741
 10
281.687
 20
145.339
 10
281.515
 20
145.957
 10
281.414
 20
146.594
 10
281.416
 20
147.237
 10
281.515
 20
147.87
 10
281.676
 20
148.485
 10
281.85
 20
149.076
 10
281.919
 20
149.367
 10
281.975
 20
149.651
 10
282.007
 20
150.191
 10
281.952
 20
150.695
 10
281.826
 20
151.165
 10
281.646
 20
151.6
 10
281.426
 20
152.0
 10
281.174
 20
152.367
 10
280.89
 20
152.701
 10
280.573
 20
153.0
 10
280.218
 20
153.257
 10
279.824
 20
153.462
 10
279.391
 20
153.601
 10
278.918
 20
153.663
 10
278.408
 20
153.641
 10
277.861
 20
153.54
 10
277.572
 20
153.46
 10
277.265
 20
153.382
 10
276.647
 20
153.248
 10
276.007
 20
153.2
 10
275.366
 20
153.257
 10
274.739
 20
153.402
 10
274.132
 20
153.591
 10
273.545
 20
153.774
 10
272.975
 20
153.912
 10
272.41
 20
153.987
 10
271.842
 20
154.001
 10
271.26
 20
153.974
 10
270.665
 20
153.932
 10
270.062
 20
153.901
 10
269.459
 20
153.888
 10
268.866
 20
153.884
 10
268.283
 20
153.865
 10
267.71
 20
153.808
 10
267.136
 20
153.703
 10
266.552
 20
153.557
 10
265.95
 20
153.397
 10
265.329
 20
153.267
 10
264.691
 20
153.212
 10
264.05
 20
153.258
 10
263.419
 20
153.399
 10
262.808
 20
153.594
 10
262.218
 20
153.793
 10
261.647
 20
153.952
 10
261.086
 20
154.042
 10
260.524
 20
154.061
 10
259.951
 20
154.023
 10
259.362
 20
153.954
 10
258.76
 20
153.886
 10
258.154
 20
153.839
 10
257.553
 20
153.813
 10
256.962
 20
153.79
 10
256.38
 20
153.747
 10
255.803
 20
153.667
 10
255.22
 20
153.55
 10
254.623
 20
153.414
 10
254.008
 20
153.295
 10
253.376
 20
153.238
 10
252.736
 20
153.273
 10
252.103
 20
153.403
 10
251.488
 20
153.598
 10
250.894
 20
153.806
 10
250.32
 20
153.98
 10
249.761
 20
154.086
 10
249.201
 20
154.112
 10
248.917
 20
154.089
 10
248.623
 20
154.05
 10
248.077
 20
153.91
 10
247.57
 20
153.728
 10
247.106
 20
153.524
 10
246.684
 20
153.307
 10
246.306
 20
153.076
 10
245.973
 20
152.823
 10
245.686
 20
152.542
 10
245.449
 20
152.228
 10
245.266
 20
151.877
 10
245.136
 20
151.49
 10
245.057
 20
151.064
 10
245.014
 20
150.599
 10
244.985
 20
150.092
 10
244.936
 20
149.54
 10
244.898
 20
149.241
 10
244.835
 20
148.928
 97
0
 75
0
 76
1
 98
0
  0
HATCH
  5
71
330
17
100
AcDbEntity
  8
RASTER
 62
7
100
AcDbHatch
 10
0.0
 20
0.0
 30
0.0
210
0.0
220
0.0
230
1.0
  2
SOLID
 70
1
 71
0
 91
1
 92
3
 72
0
 73
1
 93
73
 10
248.521
 20
148.852
 10
248.566
 20
148.734
 10
248.597
 20
148.618
 10
248.614
 20
148.502
 10
248.617
 20
148.386
 10
248.605
 20
148.272
 10
248.58
 20
148.158
 10
248.54
 20
148.045
 10
248.486
 20
147.933
 10
248.421
 20
147.825
 10
248.349
 20
147.721
 10
248.27
 20
147.624
 10
248.184
 20
147.532
 10
248.091
 20
147.446
 10
247.99
 20
147.365
 10
247.882
 20
147.291
 10
247.767
 20
147.221
 10
247.648
 20
147.162
 10
247.527
 20
147.115
 10
247.405
 20
147.081
 10
247.281
 20
147.061
 10
247.156
 20
147.054
 10
247.029
 20
147.06
 10
246.901
 20
147.079
 10
246.771
 20
147.111
 10
246.643
 20
147.152
 10
246.517
 20
147.199
 10
246.396
 20
147.25
 10
246.277
 20
147.305
 10
246.162
 20
147.366
 10
246.05
 20
147.432
 10
245.942
 20
147.502
 10
245.837
 20
147.577
 10
245.741
 20
147.657
 10
245.66
 20
147.743
 10
245.595
 20
147.833
 10
245.546
 20
147.927
 10
245.511
 20
148.027
 10
245.492
 20
148.132
 10
245.488
 20
148.242
 10
245.499
 20
148.356
 10
245.522
 20
148.471
 10
245.554
 20
148.582
 10
245.593
 20
148.689
 10
245.64
 20
148.792
 10
245.696
 20
148.89
 10
245.759
 20
148.985
 10
245.831
 20
149.075
 10
245.911
 20
149.161
 10
245.998
 20
149.243
 10
246.091
 20
149.319
 10
246.189
 20
149.389
 10
246.294
 20
149.454
 10
246.404
 20
149.513
 10
246.521
 20
149.567
 10
246.643
 20
149.615
 10
246.771
 20
149.657
 10
246.902
 20
149.691
 10
247.032
 20
149.712
 10
247.162
 20
149.72
 10
247.291
 20
149.715
 10
247.42
 20
149.698
 10
247.549
 20
149.668
 10
247.677
 20
149.625
 10
247.804
 20
149.57
 10
247.926
 20
149.505
 10
248.039
 20
149.433
 10
248.143
 20
149.354
 10
248.237
 20
149.267
 10
248.322
 20
149.174
 10
248.398
 20
149.074
 10
248.464
 20
148.966
 10
248.521
 20
148.852
 97
0
 75
0
 76
1
 98
0
  0
HATCH
  5
72
330
17
100
AcDbEntity
  8
RASTER
 62
7
100
AcDbHatch
 10
0.0
 20
0.0
 30
0.0
210
0.0
220
0.0
230
1.0
  2
SOLID
 70
1
 71
0
 91
1
 92
3
 72
0
 73
1
 93
73
 10
250.086
 20
148.048
 10
250.117
 20
147.981
 10
250.14
 20
147.913
 10
250.154
 20
147.846
 10
250.16
 20
147.778
 10
250.157
 20
147.71
 10
250.145
 20
147.642
 10
250.125
 20
147.573
 10
250.096
 20
147.504
 10
250.061
 20
147.438
 10
250.02
 20
147.376
 10
249.975
 20
147.32
 10
249.924
 20
147.268
 10
249.868
 20
147.221
 10
249.808
 20
147.179
 10
249.742
 20
147.141
 10
249.671
 20
147.109
 10
249.597
 20
147.081
 10
249.523
 20
147.057
 10
249.447
 20
147.038
 10
249.37
 20
147.023
 10
249.292
 20
147.012
 10
249.212
 20
147.005
 10
249.132
 20
147.003
 10
249.051
 20
147.005
 10
248.971
 20
147.012
 10
248.894
 20
147.026
 10
248.82
 20
147.047
 10
248.75
 20
147.074
 10
248.683
 20
147.108
 10
248.619
 20
147.149
 10
248.558
 20
147.196
 10
248.501
 20
147.25
 10
248.449
 20
147.307
 10
248.406
 20
147.367
 10
248.371
 20
147.429
 10
248.344
 20
147.493
 10
248.325
 20
147.559
 10
248.315
 20
147.626
 10
248.313
 20
147.696
 10
248.318
 20
147.767
 10
248.33
 20
147.839
 10
248.346
 20
147.911
 10
248.366
 20
147.982
 10
248.389
 20
148.052
 10
248.416
 20
148.122
 10
248.447
 20
148.192
 10
248.482
 20
148.261
 10
248.521
 20
148.329
 10
248.564
 20
148.393
 10
248.614
 20
148.45
 10
248.669
 20
148.5
 10
248.731
 20
148.542
 10
248.799
 20
148.576
 10
248.873
 20
148.603
 10
248.954
 20
148.623
 10
249.04
 20
148.635
 10
249.128
 20
148.64
 10
249.213
 20
148.639
 10
249.296
 20
148.63
 10
249.376
 20
148.616
 10
249.454
 20
148.595
 10
249.529
 20
148.567
 10
249.601
 20
148.533
 10
249.67
 20
148.492
 10
249.737
 20
148.446
 10
249.799
 20
148.398
 10
249.857
 20
148.347
 10
249.911
 20
148.293
 10
249.961
 20
148.236
 10
250.006
 20
148.176
 10
250.048
 20
148.113
 10
250.086
 20
148.048
 97
0
 75
0
 76
1
 98
0
  0
HATCH
  5
73
330
17
100
AcDbEntity
  8
RASTER
 62
7
100
AcDbHatch
 10
0.0
 20
0.0
 30
0.0
210
0.0
220
0.0
230
1.0
  2
SOLID
 70
1
 71
0
 91
1
 92
3
 72
0
 73
1
 93
73
 10
251.025
 20
147.187
 10
251.042
 20
147.155
 10
251.054
 20
147.123
 10
251.063
 20
147.091
 10
251.066
 20
147.058
 10
251.065
 20
147.025
 10
251.06
 20
146.992
 10
251.05
 20
146.958
 10
251.036
 20
146.924
 10
251.018
 20
146.891
 10
250.998
 20
146.861
 10
250.975
 20
146.832
 10
250.95
 20
146.805
 10
250.923
 20
146.781
 10
250.893
 20
146.758
 10
250.861
 20
146.738
 10
250.826
 20
146.72
 10
250.79
 20
146.704
 10
250.754
 20
146.692
 10
250.717
 20
146.682
 10
250.68
 20
146.676
 10
250.643
 20
146.674
 10
250.605
 20
146.674
 10
250.567
 20
146.678
 10
250.528
 20
146.685
 10
250.491
 20
146.694
 10
250.455
 20
146.706
 10
250.421
 20
146.72
 10
250.389
 20
146.736
 10
250.359
 20
146.754
 10
250.33
 20
146.775
 10
250.303
 20
146.798
 10
250.278
 20
146.823
 10
250.255
 20
146.849
 10
250.236
 20
146.877
 10
250.218
 20
146.905
 10
250.204
 20
146.935
 10
250.193
 20
146.965
 10
250.184
 20
146.996
 10
250.178
 20
147.029
 10
250.175
 20
147.062
 10
250.175
 20
147.095
 10
250.179
 20
147.127
 10
250.186
 20
147.158
 10
250.196
 20
147.188
 10
250.211
 20
147.216
 10
250.229
 20
147.243
 10
250.25
 20
147.269
 10
250.275
 20
147.294
 10
250.302
 20
147.317
 10
250.331
 20
147.338
 10
250.361
 20
147.357
 10
250.393
 20
147.375
 10
250.425
 20
147.39
 10
250.459
 20
147.403
 10
250.494
 20
147.415
 10
250.531
 20
147.424
 10
250.568
 20
147.431
 10
250.605
 20
147.434
 10
250.641
 20
147.434
 10
250.676
 20
147.431
 10
250.711
 20
147.425
 10
250.746
 20
147.415
 10
250.78
 20
147.402
 10
250.814
 20
147.386
 10
250.846
 20
147.367
 10
250.877
 20
147.347
 10
250.906
 20
147.325
 10
250.933
 20
147.301
 10
250.959
 20
147.275
 10
250.982
 20
147.248
 10
251.004
 20
147.218
 10
251.025
 20
147.187
 97
0
 75
0
 76
1
 98
0
  0
HATCH
  5
74
330
17
100
AcDbEntity
  8
RASTER
 62
7
100
AcDbHatch
 10
0.0
 20
0.0
 30
0.0
210
0.0
220
0.0
230
1.0
  2
SOLID
 70
1
 71
0
 91
1
 92
3
 72
0
 73
1
 93
110
 10
254.14
 20
143.335
 10
253.889
 20
143.269
 10
253.658
 20
143.25
 10
253.447
 20
143.279
 10
253.257
 20
143.354
 10
253.086
 20
143.477
 10
252.936
 20
143.647
 10
252.807
 20
143.865
 10
252.697
 20
144.129
 10
252.881
 20
144.049
 10
253.069
 20
143.976
 10
253.261
 20
143.911
 10
253.458
 20
143.853
 10
253.659
 20
143.803
 10
253.864
 20
143.76
 10
254.073
 20
143.725
 10
254.287
 20
143.698
 10
254.293
 20
143.704
 10
254.298
 20
143.71
 10
254.304
 20
143.716
 10
254.31
 20
143.722
 10
254.316
 20
143.727
 10
254.322
 20
143.733
 10
254.1
 20
144.008
 10
253.912
 20
144.296
 10
253.758
 20
144.596
 10
253.638
 20
144.909
 10
253.553
 20
145.235
 10
253.502
 20
145.573
 10
253.484
 20
145.924
 10
253.501
 20
146.287
 10
253.668
 20
145.998
 10
253.83
 20
145.706
 10
253.986
 20
145.41
 10
254.137
 20
145.111
 10
254.282
 20
144.808
 10
254.422
 20
144.502
 10
254.556
 20
144.193
 10
254.685
 20
143.88
 10
254.69
 20
143.88
 10
254.695
 20
143.88
 10
254.7
 20
143.88
 10
254.705
 20
143.88
 10
254.71
 20
143.88
 10
254.715
 20
143.88
 10
254.844
 20
144.193
 10
254.978
 20
144.502
 10
255.118
 20
144.808
 10
255.263
 20
145.111
 10
255.414
 20
145.41
 10
255.57
 20
145.706
 10
255.732
 20
145.998
 10
255.899
 20
146.287
 10
255.916
 20
145.924
 10
255.898
 20
145.573
 10
255.847
 20
145.235
 10
255.762
 20
144.909
 10
255.642
 20
144.596
 10
255.488
 20
144.296
 10
255.3
 20
144.008
 10
255.078
 20
143.733
 10
255.084
 20
143.727
 10
255.09
 20
143.722
 10
255.096
 20
143.716
 10
255.102
 20
143.71
 10
255.107
 20
143.704
 10
255.113
 20
143.698
 10
255.327
 20
143.725
 10
255.536
 20
143.76
 10
255.741
 20
143.803
 10
255.942
 20
143.853
 10
256.139
 20
143.911
 10
256.331
 20
143.976
 10
256.519
 20
144.049
 10
256.703
 20
144.129
 10
256.593
 20
143.865
 10
256.464
 20
143.647
 10
256.314
 20
143.477
 10
256.143
 20
143.354
 10
255.953
 20
143.279
 10
255.742
 20
143.25
 10
255.511
 20
143.269
 10
255.26
 20
143.335
 10
255.244
 20
143.188
 10
255.191
 20
143.05
 10
255.103
 20
142.931
 10
254.987
 20
142.839
 10
254.851
 20
142.781
 10
254.704
 20
142.76
 10
254.705
 20
142.76
 10
254.705
 20
142.76
 10
254.705
 20
142.76
 10
254.705
 20
142.76
 10
254.704
 20
142.76
 10
254.703
 20
142.76
 10
254.702
 20
142.76
 10
254.7
 20
142.76
 10
254.698
 20
142.76
 10
254.697
 20
142.76
 10
254.696
 20
142.76
 10
254.695
 20
142.76
 10
254.695
 20
142.76
 10
254.695
 20
142.76
 10
254.695
 20
142.76
 10
254.696
 20
142.76
 10
254.549
 20
142.781
 10
254.413
 20
142.839
 10
254.297
 20
142.931
 10
254.209
 20
143.05
 10
254.156
 20
143.188
 97
0
 75
0
 76
1
 98
0
  0
HATCH
  5
75
330
17
100
AcDbEntity
  8
RASTER
 62
7
100
AcDbHatch
 10
0.0
 20
0.0
 30
0.0
210
0.0
220
0.0
230
1.0
  2
SOLID
 70
1
 71
0
 91
1
 92
3
 72
0
 73
1
 93
110
 10
275.14
 20
145.835
 10
274.889
 20
145.769
 10
274.658
 20
145.75
 10
274.447
 20
145.779
 10
274.257
 20
145.854
 10
274.086
 20
145.977
 10
273.936
 20
146.147
 10
273.807
 20
146.365
 10
273.697
 20
146.629
 10
273.881
 20
146.549
 10
274.069
 20
146.476
 10
274.261
 20
146.411
 10
274.458
 20
146.353
 10
274.659
 20
146.303
 10
274.864
 20
146.26
 10
275.073
 20
146.225
 10
275.287
 20
146.198
 10
275.293
 20
146.204
 10
275.298
 20
146.21
 10
275.304
 20
146.216
 10
275.31
 20
146.222
 10
275.316
 20
146.227
 10
275.322
 20
146.233
 10
275.1
 20
146.508
 10
274.912
 20
146.796
 10
274.758
 20
147.096
 10
274.638
 20
147.409
 10
274.553
 20
147.735
 10
274.502
 20
148.073
 10
274.484
 20
148.424
 10
274.501
 20
148.787
 10
274.668
 20
148.498
 10
274.83
 20
148.206
 10
274.986
 20
147.91
 10
275.137
 20
147.611
 10
275.282
 20
147.308
 10
275.422
 20
147.002
 10
275.556
 20
146.693
 10
275.685
 20
146.38
 10
275.69
 20
146.38
 10
275.695
 20
146.38
 10
275.7
 20
146.38
 10
275.705
 20
146.38
 10
275.71
 20
146.38
 10
275.715
 20
146.38
 10
275.844
 20
146.693
 10
275.978
 20
147.002
 10
276.118
 20
147.308
 10
276.263
 20
147.611
 10
276.414
 20
147.91
 10
276.57
 20
148.206
 10
276.732
 20
148.498
 10
276.899
 20
148.787
 10
276.916
 20
148.424
 10
276.898
 20
148.073
 10
276.847
 20
147.735
 10
276.762
 20
147.409
 10
276.642
 20
147.096
 10
276.488
 20
146.796
 10
276.3
 20
146.508
 10
276.078
 20
146.233
 10
276.084
 20
146.227
 10
276.09
 20
146.222
 10
276.096
 20
146.216
 10
276.102
 20
146.21
 10
276.107
 20
146.204
 10
276.113
 20
146.198
 10
276.327
 20
146.225
 10
276.536
 20
146.26
 10
276.741
 20
146.303
 10
276.942
 20
146.353
 10
277.139
 20
146.411
 10
277.331
 20
146.476
 10
277.519
 20
146.549
 10
277.703
 20
146.629
 10
277.593
 20
146.365
 10
277.464
 20
146.147
 10
277.314
 20
145.977
 10
277.143
 20
145.854
 10
276.953
 20
145.779
 10
276.742
 20
145.75
 10
276.511
 20
145.769
 10
276.26
 20
145.835
 10
276.244
 20
145.688
 10
276.191
 20
145.55
 10
276.103
 20
145.431
 10
275.987
 20
145.339
 10
275.851
 20
145.281
 10
275.704
 20
145.26
 10
275.705
 20
145.26
 10
275.705
 20
145.26
 10
275.705
 20
145.26
 10
275.705
 20
145.26
 10
275.704
 20
145.26
 10
275.703
 20
145.26
 10
275.702
 20
145.26
 10
275.7
 20
145.26
 10
275.698
 20
145.26
 10
275.697
 20
145.26
 10
275.696
 20
145.26
 10
275.695
 20
145.26
 10
275.695
 20
145.26
 10
275.695
 20
145.26
 10
275.695
 20
145.26
 10
275.696
 20
145.26
 10
275.549
 20
145.281
 10
275.413
 20
145.339
 10
275.297
 20
145.431
 10
275.209
 20
145.55
 10
275.156
 20
145.688
 97
0
 75
0
 76
1
 98
0
  0
HATCH
  5
76
330
17
100
AcDbEntity
  8
RASTER
 62
7
100
AcDbHatch
 10
0.0
 20
0.0
 30
0.0
210
0.0
220
0.0
230
1.0
  2
SOLID
 70
1
 71
0
 91
1
 92
3
 72
0
 73
1
 93
110
 10
250.14
 20
120.835
 10
249.889
 20
120.769
 10
249.658
 20
120.75
 10
249.447
 20
120.779
 10
249.257
 20
120.854
 10
249.086
 20
120.977
 10
248.936
 20
121.147
 10
248.807
 20
121.365
 10
248.697
 20
121.629
 10
248.881
 20
121.549
 10
249.069
 20
121.476
 10
249.261
 20
121.411
 10
249.458
 20
121.353
 10
249.659
 20
121.303
 10
249.864
 20
121.26
 10
250.073
 20
121.225
 10
250.287
 20
121.198
 10
250.293
 20
121.204
 10
250.298
 20
121.21
 10
250.304
 20
121.216
 10
250.31
 20
121.222
 10
250.316
 20
121.227
 10
250.322
 20
121.233
 10
250.1
 20
121.508
 10
249.912
 20
121.796
 10
249.758
 20
122.096
 10
249.638
 20
122.409
 10
249.553
 20
122.735
 10
249.502
 20
123.073
 10
249.484
 20
123.424
 10
249.501
 20
123.787
 10
249.668
 20
123.498
 10
249.83
 20
123.206
 10
249.986
 20
122.91
 10
250.137
 20
122.611
 10
250.282
 20
122.308
 10
250.422
 20
122.002
 10
250.556
 20
121.693
 10
250.685
 20
121.38
 10
250.69
 20
121.38
 10
250.695
 20
121.38
 10
250.7
 20
121.38
 10
250.705
 20
121.38
 10
250.71
 20
121.38
 10
250.715
 20
121.38
 10
250.844
 20
121.693
 10
250.978
 20
122.002
 10
251.118
 20
122.308
 10
251.263
 20
122.611
 10
251.414
 20
122.91
 10
251.57
 20
123.206
 10
251.732
 20
123.498
 10
251.899
 20
123.787
 10
251.916
 20
123.424
 10
251.898
 20
123.073
 10
251.847
 20
122.735
 10
251.762
 20
122.409
 10
251.642
 20
122.096
 10
251.488
 20
121.796
 10
251.3
 20
121.508
 10
251.078
 20
121.233
 10
251.084
 20
121.227
 10
251.09
 20
121.222
 10
251.096
 20
121.216
 10
251.102
 20
121.21
 10
251.107
 20
121.204
 10
251.113
 20
121.198
 10
251.327
 20
121.225
 10
251.536
 20
121.26
 10
251.741
 20
121.303
 10
251.942
 20
121.353
 10
252.139
 20
121.411
 10
252.331
 20
121.476
 10
252.519
 20
121.549
 10
252.703
 20
121.629
 10
252.593
 20
121.365
 10
252.464
 20
121.147
 10
252.314
 20
120.977
 10
252.143
 20
120.854
 10
251.953
 20
120.779
 10
251.742
 20
120.75
 10
251.511
 20
120.769
 10
251.26
 20
120.835
 10
251.244
 20
120.688
 10
251.191
 20
120.55
 10
251.103
 20
120.431
 10
250.987
 20
120.339
 10
250.851
 20
120.281
 10
250.704
 20
120.26
 10
250.705
 20
120.26
 10
250.705
 20
120.26
 10
250.705
 20
120.26
 10
250.705
 20
120.26
 10
250.704
 20
120.26
 10
250.703
 20
120.26
 10
250.702
 20
120.26
 10
250.7
 20
120.26
 10
250.698
 20
120.26
 10
250.697
 20
120.26
 10
250.696
 20
120.26
 10
250.695
 20
120.26
 10
250.695
 20
120.26
 10
250.695
 20
120.26
 10
250.695
 20
120.26
 10
250.696
 20
120.26
 10
250.549
 20
120.281
 10
250.413
 20
120.339
 10
250.297
 20
120.431
 10
250.209
 20
120.55
 10
250.156
 20
120.688
 97
0
 75
0
 76
1
 98
0
  0
HATCH
  5
77
330
17
100
AcDbEntity
  8
RASTER
 62
7
100
AcDbHatch
 10
0.0
 20
0.0
 30
0.0
210
0.0
220
0.0
230
1.0
  2
SOLID
 70
1
 71
0
 91
1
 92
3
 72
0
 73
1
 93
22
 10
274.646
 20
116.796
 10
274.636
 20
116.811
 10
274.601
 20
116.922
 10
274.567
 20
117.034
 10
274.534
 20
117.146
 10
274.503
 20
117.258
 10
274.473
 20
117.369
 10
274.444
 20
117.481
 10
274.416
 20
117.593
 10
274.39
 20
117.705
 10
274.381
 20
117.719
 10
273.023
 20
117.5
 10
273.023
 20
117.47
 10
273.039
 20
117.34
 10
273.058
 20
117.21
 10
273.077
 20
117.081
 10
273.098
 20
116.951
 10
273.121
 20
116.821
 10
273.145
 20
116.691
 10
273.171
 20
116.561
 10
273.198
 20
116.431
 10
273.2
 20
116.397
 97
0
 75
0
 76
1
 98
0
  0
HATCH
  5
78
330
17
100
AcDbEntity
  8
RASTER
 62
7
100
AcDbHatch
 10
0.0
 20
0.0
 30
0.0
210
0.0
220
0.0
230
1.0
  2
SOLID
 70
1
 71
0
 91
1
 92
3
 72
0
 73
1
 93
22
 10
274.349
 20
117.916
 10
274.341
 20
117.93
 10
274.319
 20
118.042
 10
274.297
 20
118.155
 10
274.278
 20
118.267
 10
274.259
 20
118.38
 10
274.242
 20
118.493
 10
274.226
 20
118.606
 10
274.211
 20
118.719
 10
274.198
 20
118.832
 10
274.19
 20
118.845
 10
272.941
 20
118.788
 10
272.937
 20
118.76
 10
272.939
 20
118.631
 10
272.942
 20
118.503
 10
272.947
 20
118.374
 10
272.953
 20
118.245
 10
272.961
 20
118.116
 10
272.971
 20
117.987
 10
272.981
 20
117.858
 10
272.994
 20
117.728
 10
272.991
 20
117.698
 97
0
 75
0
 76
1
 98
0
  0
HATCH
  5
79
330
17
100
AcDbEntity
  8
RASTER
 62
7
100
AcDbHatch
 10
0.0
 20
0.0
 30
0.0
210
0.0
220
0.0
230
1.0
  2
SOLID
 70
1
 71
0
 91
1
 92
3
 72
0
 73
1
 93
22
 10
274.181
 20
119.045
 10
274.175
 20
119.059
 10
274.165
 20
119.172
 10
274.157
 20
119.286
 10
274.15
 20
119.4
 10
274.144
 20
119.514
 10
274.14
 20
119.628
 10
274.137
 20
119.742
 10
274.136
 20
119.857
 10
274.135
 20
119.972
 10
274.129
 20
119.987
 10
273.007
 20
120.064
 10
273.0
 20
120.037
 10
272.987
 20
119.91
 10
272.975
 20
119.783
 10
272.965
 20
119.655
 10
272.957
 20
119.528
 10
272.95
 20
119.4
 10
272.944
 20
119.272
 10
272.94
 20
119.144
 10
272.938
 20
119.016
 10
272.932
 20
118.988
 97
0
 75
0
 76
1
 98
0
  0
HATCH
  5
7A
330
17
100
AcDbEntity
  8
RASTER
 62
7
100
AcDbHatch
 10
0.0
 20
0.0
 30
0.0
210
0.0
220
0.0
230
1.0
  2
SOLID
 70
1
 71
0
 91
1
 92
3
 72
0
 73
1
 93
22
 10
274.143
 20
120.186
 10
274.138
 20
120.201
 10
274.142
 20
120.316
 10
274.147
 20
120.432
 10
274.153
 20
120.547
 10
274.161
 20
120.663
 10
274.17
 20
120.778
 10
274.18
 20
120.894
 10
274.192
 20
121.01
 10
274.205
 20
121.126
 10
274.201
 20
121.145
 10
273.218
 20
121.325
 10
273.207
 20
121.299
 10
273.18
 20
121.173
 10
273.154
 20
121.047
 10
273.13
 20
120.922
 10
273.107
 20
120.796
 10
273.085
 20
120.67
 10
273.065
 20
120.543
 10
273.047
 20
120.417
 10
273.03
 20
120.29
 10
273.021
 20
120.263
 97
0
 75
0
 76
1
 98
0
  0
HATCH
  5
7B
330
17
100
AcDbEntity
  8
RASTER
 62
7
100
AcDbHatch
 10
0.0
 20
0.0
 30
0.0
210
0.0
220
0.0
230
1.0
  2
SOLID
 70
1
 71
0
 91
1
 92
3
 72
0
 73
1
 93
22
 10
274.238
 20
121.341
 10
274.235
 20
121.359
 10
274.252
 20
121.476
 10
274.271
 20
121.593
 10
274.291
 20
121.71
 10
274.312
 20
121.828
 10
274.334
 20
121.945
 10
274.358
 20
122.063
 10
274.384
 20
122.18
 10
274.411
 20
122.298
 10
274.41
 20
122.321
 10
273.572
 20
122.571
 10
273.558
 20
122.543
 10
273.516
 20
122.42
 10
273.476
 20
122.296
 10
273.438
 20
122.172
 10
273.401
 20
122.047
 10
273.365
 20
121.923
 10
273.331
 20
121.799
 10
273.298
 20
121.674
 10
273.266
 20
121.549
 10
273.254
 20
121.522
 97
0
 75
0
 76
1
 98
0
  0
HATCH
  5
7C
330
17
100
AcDbEntity
  8
RASTER
 62
7
100
AcDbHatch
 10
0.0
 20
0.0
 30
0.0
210
0.0
220
0.0
230
1.0
  2
SOLID
 70
1
 71
0
 91
1
 92
3
 72
0
 73
1
 93
22
 10
274.467
 20
122.512
 10
274.468
 20
122.535
 10
274.499
 20
122.653
 10
274.531
 20
122.772
 10
274.565
 20
122.891
 10
274.6
 20
123.009
 10
274.637
 20
123.129
 10
274.674
 20
123.248
 10
274.714
 20
123.367
 10
274.754
 20
123.487
 10
274.758
 20
123.514
 10
274.065
 20
123.801
 10
274.047
 20
123.771
 10
273.992
 20
123.649
 10
273.938
 20
123.527
 10
273.886
 20
123.405
 10
273.835
 20
123.282
 10
273.785
 20
123.159
 10
273.737
 20
123.037
 10
273.69
 20
122.914
 10
273.644
 20
122.79
 10
273.629
 20
122.763
 97
0
 75
0
 76
1
 98
0
  0
HATCH
  5
7D
330
17
100
AcDbEntity
  8
RASTER
 62
7
100
AcDbHatch
 10
0.0
 20
0.0
 30
0.0
210
0.0
220
0.0
230
1.0
  2
SOLID
 70
1
 71
0
 91
1
 92
3
 72
0
 73
1
 93
48
 10
275.012
 20
124.5
 10
275.008
 20
124.427
 10
274.993
 20
124.354
 10
274.97
 20
124.285
 10
274.937
 20
124.219
 10
274.896
 20
124.158
 10
274.848
 20
124.102
 10
274.792
 20
124.054
 10
274.731
 20
124.013
 10
274.665
 20
123.98
 10
274.596
 20
123.957
 10
274.523
 20
123.942
 10
274.45
 20
123.938
 10
274.377
 20
123.942
 10
274.304
 20
123.957
 10
274.235
 20
123.98
 10
274.169
 20
124.013
 10
274.108
 20
124.054
 10
274.052
 20
124.102
 10
274.004
 20
124.158
 10
273.963
 20
124.219
 10
273.93
 20
124.285
 10
273.907
 20
124.354
 10
273.892
 20
124.427
 10
273.887
 20
124.5
 10
273.892
 20
124.573
 10
273.907
 20
124.646
 10
273.93
 20
124.715
 10
273.963
 20
124.781
 10
274.004
 20
124.842
 10
274.052
 20
124.898
 10
274.108
 20
124.946
 10
274.169
 20
124.987
 10
274.235
 20
125.02
 10
274.304
 20
125.043
 10
274.377
 20
125.058
 10
274.45
 20
125.063
 10
274.523
 20
125.058
 10
274.596
 20
125.043
 10
274.665
 20
125.02
 10
274.731
 20
124.987
 10
274.792
 20
124.946
 10
274.848
 20
124.898
 10
274.896
 20
124.842
 10
274.937
 20
124.781
 10
274.97
 20
124.715
 10
274.993
 20
124.646
 10
275.008
 20
124.573
 97
0
 75
0
 76
1
 98
0
  0
HATCH
  5
7E
330
17
100
AcDbEntity
  8
RASTER
 62
7
100
AcDbHatch
 10
0.0
 20
0.0
 30
0.0
210
0.0
220
0.0
230
1.0
  2
SOLID
 70
1
 71
0
 91
1
 92
3
 72
0
 73
1
 93
122
 10
274.114
 20
125.066
 10
274.093
 20
125.17
 10
274.059
 20
125.261
 10
274.017
 20
125.346
 10
273.97
 20
125.426
 10
273.918
 20
125.501
 10
273.861
 20
125.572
 10
273.797
 20
125.638
 10
273.729
 20
125.699
 10
273.654
 20
125.755
 10
273.573
 20
125.804
 10
273.487
 20
125.845
 10
273.396
 20
125.879
 10
273.3
 20
125.904
 10
273.201
 20
125.92
 10
273.099
 20
125.926
 10
272.997
 20
125.922
 10
272.895
 20
125.908
 10
272.795
 20
125.885
 10
272.698
 20
125.853
 10
272.604
 20
125.812
 10
272.515
 20
125.765
 10
272.43
 20
125.711
 10
272.349
 20
125.651
 10
272.273
 20
125.587
 10
272.201
 20
125.517
 10
272.133
 20
125.443
 10
272.069
 20
125.365
 10
272.009
 20
125.283
 10
271.952
 20
125.197
 10
271.898
 20
125.108
 10
271.847
 20
125.015
 10
271.799
 20
124.918
 10
271.753
 20
124.819
 10
271.709
 20
124.715
 10
271.668
 20
124.608
 10
271.628
 20
124.498
 10
271.591
 20
124.384
 10
271.555
 20
124.266
 10
271.521
 20
124.145
 10
271.488
 20
124.02
 10
271.457
 20
123.892
 10
271.427
 20
123.76
 10
271.398
 20
123.624
 10
271.371
 20
123.484
 10
271.345
 20
123.341
 10
271.319
 20
123.194
 10
271.295
 20
123.043
 10
271.272
 20
122.888
 10
271.249
 20
122.73
 10
271.227
 20
122.567
 10
271.206
 20
122.401
 10
271.186
 20
122.231
 10
271.166
 20
122.056
 10
271.147
 20
121.878
 10
271.129
 20
121.696
 10
271.111
 20
121.51
 10
271.093
 20
121.32
 10
271.076
 20
121.126
 10
271.059
 20
120.928
 10
271.043
 20
120.726
 10
271.363
 20
120.67
 10
271.417
 20
120.863
 10
271.472
 20
121.052
 10
271.527
 20
121.236
 10
271.582
 20
121.415
 10
271.638
 20
121.59
 10
271.694
 20
121.761
 10
271.75
 20
121.926
 10
271.807
 20
122.087
 10
271.863
 20
122.243
 10
271.92
 20
122.395
 10
271.898
 20
122.562
 10
271.866
 20
122.729
 10
271.915
 20
122.87
 10
272.057
 20
122.98
 10
272.202
 20
123.082
 10
272.258
 20
123.205
 10
272.313
 20
123.323
 10
272.368
 20
123.437
 10
272.423
 20
123.545
 10
272.477
 20
123.649
 10
272.53
 20
123.747
 10
272.583
 20
123.841
 10
272.634
 20
123.93
 10
272.685
 20
124.013
 10
272.735
 20
124.092
 10
272.715
 20
124.2
 10
272.642
 20
124.336
 10
272.591
 20
124.461
 10
272.756
 20
124.456
 10
272.918
 20
124.437
 10
273.001
 20
124.457
 10
273.038
 20
124.5
 10
273.073
 20
124.538
 10
273.105
 20
124.572
 10
273.134
 20
124.601
 10
273.159
 20
124.626
 10
273.181
 20
124.647
 10
273.199
 20
124.664
 10
273.214
 20
124.679
 10
273.225
 20
124.692
 10
273.223
 20
124.724
 10
273.18
 20
124.866
 10
273.157
 20
125.011
 10
273.193
 20
124.97
 10
273.231
 20
124.85
 10
273.247
 20
124.764
 10
273.254
 20
124.78
 10
273.265
 20
124.796
 10
273.281
 20
124.813
 10
273.302
 20
124.829
 10
273.331
 20
124.844
 10
273.366
 20
124.856
 10
273.407
 20
124.865
 10
273.455
 20
124.871
 10
273.509
 20
124.873
 10
273.57
 20
124.872
 10
273.636
 20
124.866
 10
273.709
 20
124.856
 10
273.789
 20
124.843
 10
273.884
 20
124.836
 97
0
 75
0
 76
1
 98
0
  0
HATCH
  5
7F
330
17
100
AcDbEntity
  8
RASTER
 62
7
100
AcDbHatch
 10
0.0
 20
0.0
 30
0.0
210
0.0
220
0.0
230
1.0
  2
SOLID
 70
1
 71
0
 91
1
 92
3
 72
0
 73
1
 93
122
 10
274.499
 20
125.156
 10
274.54
 20
125.267
 10
274.56
 20
125.375
 10
274.572
 20
125.48
 10
274.577
 20
125.583
 10
274.575
 20
125.684
 10
274.565
 20
125.784
 10
274.548
 20
125.883
 10
274.522
 20
125.98
 10
274.488
 20
126.076
 10
274.443
 20
126.169
 10
274.389
 20
126.259
 10
274.324
 20
126.344
 10
274.249
 20
126.424
 10
274.163
 20
126.496
 10
274.069
 20
126.558
 10
273.967
 20
126.611
 10
273.86
 20
126.651
 10
273.749
 20
126.681
 10
273.637
 20
126.698
 10
273.524
 20
126.705
 10
273.413
 20
126.702
 10
273.303
 20
126.69
 10
273.195
 20
126.669
 10
273.089
 20
126.641
 10
272.984
 20
126.606
 10
272.882
 20
126.564
 10
272.781
 20
126.516
 10
272.681
 20
126.463
 10
272.582
 20
126.404
 10
272.483
 20
126.339
 10
272.386
 20
126.27
 10
272.288
 20
126.195
 10
272.19
 20
126.115
 10
272.092
 20
126.03
 10
271.994
 20
125.941
 10
271.895
 20
125.846
 10
271.796
 20
125.747
 10
271.696
 20
125.642
 10
271.595
 20
125.533
 10
271.492
 20
125.419
 10
271.389
 20
125.3
 10
271.285
 20
125.176
 10
271.179
 20
125.048
 10
271.072
 20
124.914
 10
270.964
 20
124.776
 10
270.854
 20
124.633
 10
270.743
 20
124.485
 10
270.629
 20
124.333
 10
270.515
 20
124.176
 10
270.398
 20
124.013
 10
270.28
 20
123.847
 10
270.16
 20
123.675
 10
270.038
 20
123.499
 10
269.914
 20
123.318
 10
269.788
 20
123.132
 10
269.66
 20
122.941
 10
269.53
 20
122.746
 10
269.398
 20
122.546
 10
269.263
 20
122.342
 10
269.127
 20
122.132
 10
269.385
 20
121.935
 10
269.551
 20
122.119
 10
269.715
 20
122.298
 10
269.877
 20
122.472
 10
270.036
 20
122.641
 10
270.192
 20
122.805
 10
270.347
 20
122.963
 10
270.498
 20
123.117
 10
270.647
 20
123.265
 10
270.794
 20
123.408
 10
270.938
 20
123.546
 10
271.018
 20
123.733
 10
271.088
 20
123.923
 10
271.219
 20
124.052
 10
271.417
 20
124.111
 10
271.615
 20
124.161
 10
271.741
 20
124.268
 10
271.865
 20
124.371
 10
271.985
 20
124.469
 10
272.102
 20
124.561
 10
272.216
 20
124.649
 10
272.326
 20
124.732
 10
272.433
 20
124.809
 10
272.536
 20
124.882
 10
272.635
 20
124.949
 10
272.731
 20
125.012
 10
272.776
 20
125.13
 10
272.784
 20
125.296
 10
272.807
 20
125.441
 10
272.967
 20
125.375
 10
273.118
 20
125.297
 10
273.214
 20
125.286
 10
273.278
 20
125.316
 10
273.336
 20
125.341
 10
273.388
 20
125.361
 10
273.435
 20
125.379
 10
273.475
 20
125.392
 10
273.509
 20
125.403
 10
273.537
 20
125.412
 10
273.558
 20
125.419
 10
273.573
 20
125.425
 10
273.583
 20
125.455
 10
273.609
 20
125.601
 10
273.655
 20
125.739
 10
273.665
 20
125.687
 10
273.634
 20
125.565
 10
273.598
 20
125.486
 10
273.608
 20
125.499
 10
273.622
 20
125.509
 10
273.643
 20
125.516
 10
273.67
 20
125.517
 10
273.703
 20
125.511
 10
273.741
 20
125.498
 10
273.783
 20
125.477
 10
273.829
 20
125.447
 10
273.878
 20
125.409
 10
273.93
 20
125.363
 10
273.984
 20
125.308
 10
274.041
 20
125.246
 10
274.103
 20
125.175
 10
274.179
 20
125.1
 97
0
 75
0
 76
1
 98
0
  0
HATCH
  5
80
330
17
100
AcDbEntity
  8
RASTER
 62
7
100
AcDbHatch
 10
0.0
 20
0.0
 30
0.0
210
0.0
220
0.0
230
1.0
  2
SOLID
 70
1
 71
0
 91
1
 92
3
 72
0
 73
1
 93
122
 10
274.867
 20
125.009
 10
274.965
 20
125.073
 10
275.048
 20
125.136
 10
275.127
 20
125.194
 10
275.202
 20
125.248
 10
275.274
 20
125.295
 10
275.343
 20
125.338
 10
275.41
 20
125.375
 10
275.474
 20
125.407
 10
275.535
 20
125.434
 10
275.593
 20
125.457
 10
275.648
 20
125.476
 10
275.701
 20
125.491
 10
275.751
 20
125.503
 10
275.799
 20
125.512
 10
275.844
 20
125.519
 10
275.889
 20
125.524
 10
275.932
 20
125.528
 10
275.976
 20
125.531
 10
276.019
 20
125.532
 10
276.064
 20
125.533
 10
276.11
 20
125.533
 10
276.158
 20
125.532
 10
276.209
 20
125.529
 10
276.263
 20
125.525
 10
276.32
 20
125.52
 10
276.381
 20
125.512
 10
276.445
 20
125.503
 10
276.513
 20
125.491
 10
276.586
 20
125.476
 10
276.662
 20
125.458
 10
276.742
 20
125.437
 10
276.826
 20
125.413
 10
276.914
 20
125.385
 10
277.005
 20
125.354
 10
277.1
 20
125.319
 10
277.199
 20
125.28
 10
277.302
 20
125.237
 10
277.407
 20
125.19
 10
277.516
 20
125.138
 10
277.629
 20
125.083
 10
277.744
 20
125.023
 10
277.863
 20
124.959
 10
277.984
 20
124.891
 10
278.109
 20
124.818
 10
278.236
 20
124.741
 10
278.366
 20
124.659
 10
278.498
 20
124.573
 10
278.633
 20
124.482
 10
278.771
 20
124.387
 10
278.911
 20
124.287
 10
279.053
 20
124.183
 10
279.198
 20
124.074
 10
279.345
 20
123.961
 10
279.494
 20
123.843
 10
279.645
 20
123.72
 10
279.799
 20
123.593
 10
279.954
 20
123.461
 10
280.111
 20
123.324
 10
280.271
 20
123.183
 10
280.432
 20
123.037
 10
280.672
 20
123.257
 10
280.537
 20
123.431
 10
280.404
 20
123.601
 10
280.272
 20
123.767
 10
280.142
 20
123.93
 10
280.013
 20
124.088
 10
279.886
 20
124.242
 10
279.76
 20
124.392
 10
279.635
 20
124.537
 10
279.511
 20
124.679
 10
279.389
 20
124.817
 10
279.214
 20
124.89
 10
279.034
 20
124.949
 10
278.911
 20
125.067
 10
278.85
 20
125.255
 10
278.791
 20
125.444
 10
278.674
 20
125.556
 10
278.557
 20
125.665
 10
278.441
 20
125.769
 10
278.326
 20
125.869
 10
278.211
 20
125.965
 10
278.096
 20
126.056
 10
277.981
 20
126.143
 10
277.867
 20
126.225
 10
277.752
 20
126.302
 10
277.638
 20
126.375
 10
277.491
 20
126.375
 10
277.322
 20
126.311
 10
277.17
 20
126.261
 10
277.111
 20
126.439
 10
277.045
 20
126.617
 10
276.945
 20
126.708
 10
276.828
 20
126.745
 10
276.71
 20
126.776
 10
276.592
 20
126.8
 10
276.474
 20
126.818
 10
276.356
 20
126.829
 10
276.237
 20
126.833
 10
276.12
 20
126.83
 10
276.003
 20
126.82
 10
275.887
 20
126.802
 10
275.778
 20
126.753
 10
275.703
 20
126.585
 10
275.645
 20
126.418
 10
275.536
 20
126.43
 10
275.392
 20
126.504
 10
275.254
 20
126.533
 10
275.165
 20
126.463
 10
275.08
 20
126.388
 10
275.002
 20
126.307
 10
274.93
 20
126.221
 10
274.864
 20
126.131
 10
274.805
 20
126.036
 10
274.752
 20
125.937
 10
274.705
 20
125.835
 10
274.664
 20
125.73
 10
274.629
 20
125.621
 10
274.601
 20
125.509
 10
274.58
 20
125.394
 10
274.567
 20
125.274
 10
274.572
 20
125.146
 97
0
 75
0
 76
1
 98
0
  0
HATCH
  5
81
330
17
100
AcDbEntity
  8
RASTER
 62
7
100
AcDbHatch
 10
0.0
 20
0.0
 30
0.0
210
0.0
220
0.0
230
1.0
  2
SOLID
 70
1
 71
0
 91
1
 92
3
 72
0
 73
1
 93
122
 10
275.083
 20
124.678
 10
275.202
 20
124.675
 10
275.311
 20
124.683
 10
275.415
 20
124.691
 10
275.515
 20
124.698
 10
275.612
 20
124.705
 10
275.706
 20
124.71
 10
275.797
 20
124.713
 10
275.886
 20
124.716
 10
275.972
 20
124.716
 10
276.055
 20
124.716
 10
276.137
 20
124.714
 10
276.216
 20
124.711
 10
276.294
 20
124.707
 10
276.369
 20
124.701
 10
276.443
 20
124.695
 10
276.516
 20
124.688
 10
276.588
 20
124.68
 10
276.659
 20
124.67
 10
276.729
 20
124.66
 10
276.798
 20
124.65
 10
276.867
 20
124.638
 10
276.936
 20
124.625
 10
277.006
 20
124.611
 10
277.075
 20
124.596
 10
277.145
 20
124.58
 10
277.216
 20
124.563
 10
277.287
 20
124.544
 10
277.359
 20
124.524
 10
277.433
 20
124.502
 10
277.507
 20
124.479
 10
277.583
 20
124.453
 10
277.66
 20
124.426
 10
277.738
 20
124.396
 10
277.817
 20
124.364
 10
277.898
 20
124.33
 10
277.981
 20
124.293
 10
278.064
 20
124.254
 10
278.149
 20
124.212
 10
278.236
 20
124.167
 10
278.323
 20
124.119
 10
278.412
 20
124.068
 10
278.502
 20
124.015
 10
278.593
 20
123.958
 10
278.686
 20
123.898
 10
278.779
 20
123.835
 10
278.873
 20
123.768
 10
278.968
 20
123.698
 10
279.064
 20
123.625
 10
279.161
 20
123.549
 10
279.259
 20
123.469
 10
279.357
 20
123.386
 10
279.455
 20
123.299
 10
279.555
 20
123.208
 10
279.654
 20
123.115
 10
279.755
 20
123.017
 10
279.855
 20
122.917
 10
279.956
 20
122.812
 10
280.057
 20
122.705
 10
280.158
 20
122.593
 10
280.259
 20
122.478
 10
280.529
 20
122.659
 10
280.458
 20
122.799
 10
280.386
 20
122.936
 10
280.314
 20
123.071
 10
280.241
 20
123.204
 10
280.168
 20
123.333
 10
280.094
 20
123.46
 10
280.02
 20
123.585
 10
279.945
 20
123.707
 10
279.869
 20
123.826
 10
279.792
 20
123.943
 10
279.655
 20
124.002
 10
279.511
 20
124.049
 10
279.428
 20
124.15
 10
279.411
 20
124.316
 10
279.394
 20
124.486
 10
279.311
 20
124.586
 10
279.227
 20
124.683
 10
279.141
 20
124.778
 10
279.054
 20
124.869
 10
278.966
 20
124.957
 10
278.876
 20
125.043
 10
278.785
 20
125.125
 10
278.692
 20
125.203
 10
278.597
 20
125.278
 10
278.501
 20
125.35
 10
278.367
 20
125.352
 10
278.205
 20
125.293
 10
278.06
 20
125.249
 10
278.022
 20
125.426
 10
277.977
 20
125.605
 10
277.892
 20
125.701
 10
277.785
 20
125.745
 10
277.677
 20
125.785
 10
277.568
 20
125.819
 10
277.457
 20
125.85
 10
277.346
 20
125.875
 10
277.234
 20
125.896
 10
277.122
 20
125.911
 10
277.009
 20
125.921
 10
276.897
 20
125.927
 10
276.783
 20
125.904
 10
276.67
 20
125.759
 10
276.566
 20
125.614
 10
276.461
 20
125.658
 10
276.347
 20
125.775
 10
276.228
 20
125.849
 10
276.12
 20
125.819
 10
276.014
 20
125.783
 10
275.909
 20
125.742
 10
275.806
 20
125.696
 10
275.705
 20
125.645
 10
275.606
 20
125.59
 10
275.51
 20
125.53
 10
275.415
 20
125.465
 10
275.324
 20
125.396
 10
275.235
 20
125.322
 10
275.149
 20
125.243
 10
275.067
 20
125.158
 10
274.989
 20
125.067
 10
274.921
 20
124.959
 97
0
 75
0
 76
1
 98
0
  0
HATCH
  5
82
330
17
100
AcDbEntity
  8
RASTER
 62
7
100
AcDbHatch
 10
0.0
 20
0.0
 30
0.0
210
0.0
220
0.0
230
1.0
  2
SOLID
 70
1
 71
0
 91
1
 92
3
 72
0
 73
1
 93
122
 10
275.071
 20
124.283
 10
275.154
 20
124.214
 10
275.237
 20
124.16
 10
275.318
 20
124.111
 10
275.397
 20
124.064
 10
275.475
 20
124.019
 10
275.552
 20
123.975
 10
275.628
 20
123.932
 10
275.702
 20
123.891
 10
275.775
 20
123.85
 10
275.846
 20
123.81
 10
275.917
 20
123.771
 10
275.986
 20
123.732
 10
276.055
 20
123.695
 10
276.123
 20
123.657
 10
276.189
 20
123.621
 10
276.256
 20
123.585
 10
276.321
 20
123.549
 10
276.386
 20
123.514
 10
276.45
 20
123.48
 10
276.514
 20
123.445
 10
276.577
 20
123.412
 10
276.64
 20
123.378
 10
276.703
 20
123.344
 10
276.766
 20
123.311
 10
276.828
 20
123.278
 10
276.89
 20
123.245
 10
276.952
 20
123.211
 10
277.015
 20
123.178
 10
277.077
 20
123.144
 10
277.139
 20
123.11
 10
277.202
 20
123.076
 10
277.264
 20
123.041
 10
277.327
 20
123.006
 10
277.39
 20
122.971
 10
277.453
 20
122.934
 10
277.516
 20
122.897
 10
277.579
 20
122.859
 10
277.643
 20
122.821
 10
277.707
 20
122.781
 10
277.771
 20
122.74
 10
277.835
 20
122.698
 10
277.899
 20
122.655
 10
277.964
 20
122.611
 10
278.028
 20
122.566
 10
278.093
 20
122.519
 10
278.158
 20
122.471
 10
278.222
 20
122.422
 10
278.287
 20
122.371
 10
278.352
 20
122.318
 10
278.416
 20
122.264
 10
278.48
 20
122.209
 10
278.545
 20
122.151
 10
278.609
 20
122.092
 10
278.672
 20
122.032
 10
278.736
 20
121.969
 10
278.799
 20
121.905
 10
278.861
 20
121.84
 10
278.923
 20
121.772
 10
278.985
 20
121.703
 10
279.046
 20
121.632
 10
279.332
 20
121.786
 10
279.303
 20
121.879
 10
279.273
 20
121.973
 10
279.241
 20
122.065
 10
279.209
 20
122.157
 10
279.175
 20
122.248
 10
279.14
 20
122.338
 10
279.104
 20
122.427
 10
279.067
 20
122.516
 10
279.028
 20
122.604
 10
278.988
 20
122.691
 10
278.883
 20
122.727
 10
278.769
 20
122.754
 10
278.72
 20
122.831
 10
278.743
 20
122.969
 10
278.766
 20
123.11
 10
278.716
 20
123.191
 10
278.665
 20
123.271
 10
278.613
 20
123.349
 10
278.558
 20
123.426
 10
278.502
 20
123.502
 10
278.445
 20
123.576
 10
278.385
 20
123.649
 10
278.324
 20
123.72
 10
278.261
 20
123.79
 10
278.196
 20
123.858
 10
278.082
 20
123.864
 10
277.932
 20
123.817
 10
277.799
 20
123.784
 10
277.809
 20
123.953
 10
277.816
 20
124.126
 10
277.77
 20
124.225
 10
277.693
 20
124.279
 10
277.614
 20
124.33
 10
277.534
 20
124.379
 10
277.452
 20
124.426
 10
277.369
 20
124.47
 10
277.285
 20
124.512
 10
277.199
 20
124.551
 10
277.112
 20
124.587
 10
277.023
 20
124.621
 10
276.925
 20
124.63
 10
276.784
 20
124.528
 10
276.647
 20
124.425
 10
276.579
 20
124.501
 10
276.533
 20
124.649
 10
276.471
 20
124.761
 10
276.376
 20
124.773
 10
276.28
 20
124.783
 10
276.183
 20
124.789
 10
276.086
 20
124.793
 10
275.989
 20
124.793
 10
275.891
 20
124.789
 10
275.793
 20
124.782
 10
275.694
 20
124.772
 10
275.596
 20
124.758
 10
275.497
 20
124.74
 10
275.398
 20
124.718
 10
275.299
 20
124.691
 10
275.199
 20
124.658
 10
275.099
 20
124.606
 97
0
 75
0
 76
1
 98
0
  0
LWPOLYLINE
  5
83
330
17
100
AcDbEntity
  8
CUT
100
AcDbPolyline
 90
369
 70
1
 10
77.837
 20
104.094
 10
78.018
 20
103.631
 10
78.088
 20
103.38
 10
78.158
 20
103.13
 10
78.208
 20
102.861
 10
78.258
 20
102.591
 10
78.288
 20
102.303
 10
78.318
 20
102.015
 10
78.328
 20
101.707
 10
78.337
 20
101.402
 10
78.337
 20
100.91
 10
78.337
 20
100.421
 10
78.337
 20
99.931
 10
78.337
 20
99.441
 10
78.337
 20
98.687
 10
75.738
 20
98.687
 10
75.738
 20
89.913
 10
78.337
 20
89.913
 10
78.337
 20
89.159
 10
78.337
 20
88.669
 10
78.337
 20
88.179
 10
78.337
 20
87.69
 10
78.337
 20
87.198
 10
78.328
 20
86.893
 10
78.318
 20
86.585
 10
78.288
 20
86.297
 10
78.258
 20
86.009
 10
78.208
 20
85.739
 10
78.158
 20
85.47
 10
78.088
 20
85.22
 10
78.018
 20
84.969
 10
77.837
 20
84.506
 10
77.615
 20
84.082
 10
77.352
 20
83.697
 10
77.047
 20
83.353
 10
76.703
 20
83.048
 10
76.318
 20
82.785
 10
75.894
 20
82.563
 10
75.431
 20
82.382
 10
75.18
 20
82.312
 10
74.93
 20
82.242
 10
74.661
 20
82.192
 10
74.391
 20
82.142
 10
74.103
 20
82.112
 10
73.815
 20
82.082
 10
73.507
 20
82.072
 10
73.202
 20
82.062
 10
72.7
 20
82.062
 10
72.2
 20
82.062
 10
71.7
 20
82.062
 10
71.2
 20
82.062
 10
70.488
 20
82.062
 10
70.488
 20
84.662
 10
61.713
 20
84.662
 10
61.713
 20
82.062
 10
61.2
 20
82.062
 10
60.7
 20
82.062
 10
60.2
 20
82.062
 10
59.7
 20
82.062
 10
59.2
 20
82.062
 10
58.7
 20
82.062
 10
58.2
 20
82.062
 10
57.7
 20
82.062
 10
57.2
 20
82.062
 10
56.7
 20
82.062
 10
56.2
 20
82.062
 10
55.7
 20
82.062
 10
55.2
 20
82.062
 10
54.7
 20
82.062
 10
54.2
 20
82.062
 10
53.7
 20
82.062
 10
53.2
 20
82.062
 10
52.7
 20
82.062
 10
52.2
 20
82.062
 10
51.7
 20
82.062
 10
51.2
 20
82.062
 10
50.7
 20
82.062
 10
50.2
 20
82.062
 10
49.7
 20
82.062
 10
49.2
 20
82.062
 10
48.7
 20
82.062
 10
48.2
 20
82.062
 10
47.7
 20
82.062
 10
47.2
 20
82.062
 10
46.7
 20
82.062
 10
46.2
 20
82.062
 10
45.488
 20
82.062
 10
45.488
 20
84.662
 10
36.713
 20
84.662
 10
36.713
 20
82.062
 10
36.2
 20
82.062
 10
35.7
 20
82.062
 10
35.2
 20
82.062
 10
34.7
 20
82.062
 10
34.2
 20
82.062
 10
33.7
 20
82.062
 10
33.202
 20
82.062
 10
32.902
 20
82.053
 10
32.604
 20
82.043
 10
32.325
 20
82.014
 10
32.048
 20
81.986
 10
31.789
 20
81.938
 10
31.532
 20
81.89
 10
31.294
 20
81.823
 10
31.056
 20
81.757
 10
30.62
 20
81.586
 10
30.224
 20
81.379
 10
29.867
 20
81.134
 10
29.547
 20
80.853
 10
29.266
 20
80.533
 10
29.021
 20
80.176
 10
28.814
 20
79.78
 10
28.643
 20
79.344
 10
28.577
 20
79.106
 10
28.51
 20
78.868
 10
28.462
 20
78.611
 10
28.414
 20
78.352
 10
28.386
 20
78.075
 10
28.357
 20
77.796
 10
28.347
 20
77.498
 10
28.338
 20
77.198
 10
28.338
 20
76.7
 10
28.338
 20
76.2
 10
28.338
 20
75.7
 10
28.338
 20
75.2
 10
28.338
 20
74.7
 10
28.338
 20
74.2
 10
28.338
 20
73.687
 10
25.738
 20
73.687
 10
25.738
 20
64.912
 10
28.338
 20
64.912
 10
28.338
 20
64.2
 10
28.338
 20
63.7
 10
28.338
 20
63.2
 10
28.338
 20
62.7
 10
28.338
 20
62.198
 10
28.328
 20
61.893
 10
28.318
 20
61.585
 10
28.288
 20
61.297
 10
28.258
 20
61.009
 10
28.208
 20
60.739
 10
28.158
 20
60.47
 10
28.088
 20
60.22
 10
28.018
 20
59.969
 10
27.837
 20
59.506
 10
27.615
 20
59.082
 10
27.352
 20
58.697
 10
27.047
 20
58.353
 10
26.703
 20
58.048
 10
26.318
 20
57.785
 10
25.894
 20
57.563
 10
25.431
 20
57.382
 10
25.18
 20
57.312
 10
24.93
 20
57.242
 10
24.661
 20
57.192
 10
24.391
 20
57.142
 10
24.103
 20
57.112
 10
23.815
 20
57.082
 10
23.507
 20
57.072
 10
23.202
 20
57.062
 10
22.71
 20
57.062
 10
22.221
 20
57.062
 10
21.731
 20
57.062
 10
21.241
 20
57.062
 10
20.488
 20
57.062
 10
20.488
 20
59.662
 10
11.712
 20
59.662
 10
11.713
 20
57.062
 10
10.959
 20
57.062
 10
10.469
 20
57.062
 10
9.979
 20
57.062
 10
9.49
 20
57.062
 10
8.998
 20
57.062
 10
8.693
 20
57.072
 10
8.385
 20
57.082
 10
8.097
 20
57.112
 10
7.809
 20
57.142
 10
7.539
 20
57.192
 10
7.27
 20
57.242
 10
7.02
 20
57.312
 10
6.769
 20
57.382
 10
6.306
 20
57.563
 10
5.882
 20
57.785
 10
5.497
 20
58.048
 10
5.153
 20
58.353
 10
4.848
 20
58.697
 10
4.585
 20
59.082
 10
4.363
 20
59.506
 10
4.182
 20
59.969
 10
4.112
 20
60.22
 10
4.042
 20
60.47
 10
3.992
 20
60.739
 10
3.942
 20
61.009
 10
3.912
 20
61.297
 10
3.882
 20
61.585
 10
3.872
 20
61.893
 10
3.863
 20
62.198
 10
3.863
 20
62.696
 10
3.863
 20
63.192
 10
3.863
 20
63.689
 10
3.863
 20
64.185
 10
3.863
 20
64.912
 10
6.463
 20
64.912
 10
6.463
 20
73.687
 10
3.863
 20
73.687
 10
3.863
 20
74.109
 10
3.863
 20
74.605
 10
3.863
 20
75.101
 10
3.863
 20
75.597
 10
3.863
 20
76.094
 10
3.863
 20
76.59
 10
3.863
 20
77.086
 10
3.863
 20
77.582
 10
3.863
 20
78.078
 10
3.863
 20
78.575
 10
3.863
 20
79.071
 10
3.863
 20
79.567
 10
3.863
 20
80.063
 10
3.863
 20
80.559
 10
3.863
 20
81.056
 10
3.863
 20
81.552
 10
3.863
 20
82.048
 10
3.863
 20
82.544
 10
3.863
 20
83.041
 10
3.863
 20
83.537
 10
3.863
 20
84.033
 10
3.863
 20
84.529
 10
3.863
 20
85.025
 10
3.863
 20
85.522
 10
3.863
 20
86.018
 10
3.863
 20
86.514
 10
3.863
 20
87.01
 10
3.863
 20
87.506
 10
3.863
 20
88.003
 10
3.863
 20
88.499
 10
3.863
 20
88.995
 10
3.863
 20
89.491
 10
3.863
 20
89.913
 10
6.463
 20
89.913
 10
6.463
 20
98.687
 10
3.863
 20
98.687
 10
3.863
 20
99.415
 10
3.863
 20
99.911
 10
3.863
 20
100.408
 10
3.863
 20
100.904
 10
3.863
 20
101.402
 10
3.872
 20
101.707
 10
3.882
 20
102.015
 10
3.912
 20
102.303
 10
3.942
 20
102.591
 10
3.992
 20
102.861
 10
4.042
 20
103.13
 10
4.112
 20
103.38
 10
4.182
 20
103.631
 10
4.363
 20
104.094
 10
4.585
 20
104.518
 10
4.848
 20
104.903
 10
5.153
 20
105.247
 10
5.497
 20
105.552
 10
5.882
 20
105.815
 10
6.306
 20
106.037
 10
6.769
 20
106.218
 10
7.02
 20
106.288
 10
7.27
 20
106.358
 10
7.539
 20
106.408
 10
7.809
 20
106.458
 10
8.097
 20
106.488
 10
8.385
 20
106.518
 10
8.693
 20
106.528
 10
8.998
 20
106.538
 10
9.498
 20
106.538
 10
9.995
 20
106.538
 10
10.493
 20
106.538
 10
10.991
 20
106.538
 10
11.713
 20
106.538
 10
11.713
 20
103.938
 10
20.487
 20
103.938
 10
20.488
 20
106.538
 10
20.944
 20
106.538
 10
21.442
 20
106.538
 10
21.94
 20
106.538
 10
22.437
 20
106.538
 10
22.935
 20
106.538
 10
23.433
 20
106.538
 10
23.93
 20
106.538
 10
24.428
 20
106.538
 10
24.926
 20
106.538
 10
25.423
 20
106.538
 10
25.921
 20
106.538
 10
26.419
 20
106.538
 10
26.916
 20
106.538
 10
27.414
 20
106.538
 10
27.912
 20
106.538
 10
28.409
 20
106.538
 10
28.907
 20
106.538
 10
29.405
 20
106.538
 10
29.902
 20
106.538
 10
30.4
 20
106.538
 10
30.898
 20
106.538
 10
31.395
 20
106.538
 10
31.893
 20
106.538
 10
32.391
 20
106.538
 10
32.888
 20
106.538
 10
33.386
 20
106.538
 10
33.884
 20
106.538
 10
34.381
 20
106.538
 10
34.879
 20
106.538
 10
35.377
 20
106.538
 10
35.874
 20
106.538
 10
36.372
 20
106.538
 10
36.713
 20
106.538
 10
36.713
 20
103.938
 10
45.488
 20
103.938
 10
45.488
 20
106.538
 10
45.828
 20
106.538
 10
46.326
 20
106.538
 10
46.823
 20
106.538
 10
47.321
 20
106.538
 10
47.819
 20
106.538
 10
48.316
 20
106.538
 10
48.814
 20
106.538
 10
49.312
 20
106.538
 10
49.809
 20
106.538
 10
50.307
 20
106.538
 10
50.805
 20
106.538
 10
51.302
 20
106.538
 10
51.8
 20
106.538
 10
52.298
 20
106.538
 10
52.795
 20
106.538
 10
53.293
 20
106.538
 10
53.791
 20
106.538
 10
54.288
 20
106.538
 10
54.786
 20
106.538
 10
55.284
 20
106.538
 10
55.781
 20
106.538
 10
56.279
 20
106.538
 10
56.777
 20
106.538
 10
57.274
 20
106.538
 10
57.772
 20
106.538
 10
58.27
 20
106.538
 10
58.767
 20
106.538
 10
59.265
 20
106.538
 10
59.763
 20
106.538
 10
60.26
 20
106.538
 10
60.758
 20
106.538
 10
61.256
 20
106.538
 10
61.713
 20
106.538
 10
61.713
 20
103.938
 10
70.488
 20
103.938
 10
70.488
 20
106.538
 10
71.209
 20
106.538
 10
71.707
 20
106.538
 10
72.205
 20
106.538
 10
72.702
 20
106.538
 10
73.202
 20
106.538
 10
73.507
 20
106.528
 10
73.815
 20
106.518
 10
74.103
 20
106.488
 10
74.391
 20
106.458
 10
74.661
 20
106.408
 10
74.93
 20
106.358
 10
75.18
 20
106.288
 10
75.431
 20
106.218
 10
75.894
 20
106.037
 10
76.318
 20
105.815
 10
76.703
 20
105.552
 10
77.047
 20
105.247
 10
77.352
 20
104.903
 10
77.615
 20
104.518
  0
HATCH
  5
84
330
17
100
AcDbEntity
  8
RASTER
 62
7
100
AcDbHatch
 10
0.0
 20
0.0
 30
0.0
210
0.0
220
0.0
230
1.0
  2
SOLID
 70
1
 71
0
 91
2
 92
3
 72
0
 73
1
 93
386
 10
6.542
 20
98.805
 10
6.55
 20
99.098
 10
6.548
 20
99.387
 10
6.549
 20
99.946
 10
6.544
 20
100.485
 10
6.553
 20
101.024
 10
6.605
 20
101.57
 10
6.73
 20
102.112
 10
6.952
 20
102.631
 10
7.281
 20
103.096
 10
7.71
 20
103.476
 10
8.219
 20
103.748
 10
8.777
 20
103.902
 10
9.354
 20
103.95
 10
9.928
 20
103.92
 10
10.488
 20
103.851
 10
11.051
 20
103.783
 10
11.328
 20
103.755
 10
11.605
 20
103.746
 10
12.178
 20
103.759
 10
12.759
 20
103.816
 10
13.355
 20
103.887
 10
13.959
 20
103.948
 10
14.563
 20
103.988
 10
15.159
 20
104.016
 10
15.746
 20
104.052
 10
16.326
 20
104.117
 10
16.907
 20
104.217
 10
17.5
 20
104.342
 10
18.109
 20
104.462
 10
18.736
 20
104.537
 10
19.374
 20
104.529
 10
20.011
 20
104.423
 10
20.632
 20
104.24
 10
21.234
 20
104.025
 10
21.813
 20
103.831
 10
22.375
 20
103.699
 10
22.927
 20
103.651
 10
23.484
 20
103.686
 10
24.057
 20
103.785
 10
24.649
 20
103.914
 10
25.255
 20
104.038
 10
25.868
 20
104.128
 10
26.479
 20
104.18
 10
27.081
 20
104.209
 10
27.673
 20
104.237
 10
28.26
 20
104.282
 10
28.851
 20
104.344
 10
29.453
 20
104.409
 10
30.071
 20
104.447
 10
30.7
 20
104.425
 10
31.33
 20
104.324
 10
31.95
 20
104.154
 10
32.552
 20
103.952
 10
33.133
 20
103.767
 10
33.693
 20
103.643
 10
34.242
 20
103.605
 10
34.794
 20
103.659
 10
35.362
 20
103.79
 10
35.951
 20
103.965
 10
36.558
 20
104.137
 10
37.179
 20
104.268
 10
37.802
 20
104.337
 10
38.418
 20
104.352
 10
39.023
 20
104.337
 10
39.616
 20
104.318
 10
40.206
 20
104.312
 10
40.801
 20
104.317
 10
41.406
 20
104.317
 10
42.022
 20
104.286
 10
42.643
 20
104.202
 10
43.259
 20
104.065
 10
43.861
 20
103.898
 10
44.444
 20
103.741
 10
45.007
 20
103.637
 10
45.557
 20
103.614
 10
46.108
 20
103.683
 10
46.675
 20
103.833
 10
47.262
 20
104.033
 10
47.87
 20
104.235
 10
48.495
 20
104.391
 10
49.128
 20
104.469
 10
49.757
 20
104.464
 10
50.373
 20
104.403
 10
50.972
 20
104.321
 10
51.561
 20
104.248
 10
52.147
 20
104.196
 10
52.738
 20
104.162
 10
53.339
 20
104.128
 10
53.949
 20
104.073
 10
54.559
 20
103.983
 10
55.161
 20
103.869
 10
55.749
 20
103.757
 10
56.318
 20
103.683
 10
56.874
 20
103.676
 10
57.429
 20
103.752
 10
57.996
 20
103.906
 10
58.582
 20
104.111
 10
59.19
 20
104.321
 10
59.817
 20
104.485
 10
60.457
 20
104.559
 10
61.095
 20
104.534
 10
61.719
 20
104.431
 10
62.323
 20
104.293
 10
62.911
 20
104.16
 10
63.49
 20
104.059
 10
64.068
 20
103.999
 10
64.653
 20
103.969
 10
65.249
 20
103.949
 10
65.852
 20
103.917
 10
66.455
 20
103.868
 10
67.048
 20
103.812
 10
67.627
 20
103.775
 10
68.194
 20
103.785
 10
68.756
 20
103.859
 10
69.326
 20
104.001
 10
69.912
 20
104.189
 10
70.523
 20
104.385
 10
70.857
 20
104.463
 10
71.217
 20
104.521
 10
71.879
 20
104.515
 10
72.506
 20
104.364
 10
73.059
 20
104.098
 10
73.529
 20
103.757
 10
73.916
 20
103.38
 10
74.233
 20
102.991
 10
74.497
 20
102.608
 10
74.726
 20
102.23
 10
74.935
 20
101.85
 10
75.134
 20
101.449
 10
75.322
 20
101.013
 10
75.485
 20
100.529
 10
75.609
 20
99.994
 10
75.68
 20
99.414
 10
75.691
 20
99.107
 10
75.702
 20
98.807
 10
75.715
 20
98.216
 10
75.763
 20
97.637
 10
75.858
 20
97.06
 10
75.999
 20
96.474
 10
76.161
 20
95.873
 10
76.304
 20
95.252
 10
76.38
 20
94.612
 10
76.355
 20
93.965
 10
76.228
 20
93.326
 10
76.033
 20
92.705
 10
75.823
 20
92.106
 10
75.646
 20
91.528
 10
75.538
 20
90.964
 10
75.508
 20
90.402
 10
75.548
 20
89.829
 10
75.577
 20
89.541
 10
75.614
 20
89.242
 10
75.646
 20
88.653
 10
75.616
 20
88.09
 10
75.518
 20
87.56
 10
75.361
 20
87.069
 10
75.156
 20
86.619
 10
74.913
 20
86.204
 10
74.635
 20
85.816
 10
74.316
 20
85.447
 10
73.949
 20
85.096
 10
73.524
 20
84.771
 10
73.031
 20
84.49
 10
72.469
 20
84.282
 10
71.847
 20
84.179
 10
71.192
 20
84.209
 10
70.84
 20
84.282
 10
70.512
 20
84.371
 10
69.905
 20
84.584
 10
69.322
 20
84.782
 10
68.759
 20
84.918
 10
68.208
 20
84.97
 10
67.652
 20
84.934
 10
67.082
 20
84.827
 10
66.491
 20
84.681
 10
65.884
 20
84.538
 10
65.268
 20
84.43
 10
64.651
 20
84.368
 10
64.043
 20
84.342
 10
63.445
 20
84.327
 10
62.855
 20
84.305
 10
62.263
 20
84.265
 10
61.663
 20
84.22
 10
61.049
 20
84.193
 10
60.423
 20
84.215
 10
59.794
 20
84.309
 10
59.174
 20
84.467
 10
58.57
 20
84.66
 10
57.987
 20
84.84
 10
57.424
 20
84.962
 10
56.874
 20
84.998
 10
56.322
 20
84.942
 10
55.755
 20
84.805
 10
55.166
 20
84.621
 10
54.558
 20
84.435
 10
53.935
 20
84.292
 10
53.307
 20
84.216
 10
52.685
 20
84.206
 10
52.075
 20
84.236
 10
51.478
 20
84.276
 10
50.887
 20
84.306
 10
50.295
 20
84.32
 10
49.694
 20
84.332
 10
49.081
 20
84.364
 10
48.463
 20
84.439
 10
47.848
 20
84.562
 10
47.244
 20
84.713
 10
46.658
 20
84.857
 10
46.092
 20
84.953
 10
45.54
 20
84.971
 10
44.987
 20
84.899
 10
44.42
 20
84.746
 10
43.832
 20
84.542
 10
43.223
 20
84.334
 10
42.596
 20
84.173
 10
41.959
 20
84.096
 10
41.325
 20
84.107
 10
40.706
 20
84.184
 10
40.103
 20
84.286
 10
39.514
 20
84.381
 10
38.93
 20
84.449
 10
38.342
 20
84.493
 10
37.745
 20
84.526
 10
37.139
 20
84.571
 10
36.529
 20
84.643
 10
35.926
 20
84.737
 10
35.337
 20
84.831
 10
34.763
 20
84.892
 10
34.203
 20
84.891
 10
33.645
 20
84.812
 10
33.076
 20
84.658
 10
32.488
 20
84.455
 10
31.879
 20
84.247
 10
31.25
 20
84.089
 10
30.623
 20
84.022
 10
30.304
 20
84.017
 10
30.005
 20
84.039
 10
29.451
 20
84.089
 10
28.936
 20
84.129
 10
28.459
 20
84.123
 10
28.019
 20
84.054
 10
27.616
 20
83.918
 10
27.253
 20
83.717
 10
26.93
 20
83.457
 10
26.644
 20
83.145
 10
26.394
 20
82.787
 10
26.173
 20
82.387
 10
25.98
 20
81.949
 10
25.817
 20
81.473
 10
25.697
 20
80.961
 10
25.639
 20
80.416
 10
25.647
 20
80.127
 10
25.67
 20
79.844
 10
25.783
 20
79.271
 10
25.951
 20
78.686
 10
26.14
 20
78.083
 10
26.305
 20
77.459
 10
26.394
 20
76.817
 10
26.377
 20
76.168
 10
26.257
 20
75.53
 10
26.073
 20
74.911
 10
25.878
 20
74.313
 10
25.716
 20
73.734
 10
25.616
 20
73.165
 10
25.583
 20
72.597
 10
25.603
 20
72.017
 10
25.651
 20
71.424
 10
25.699
 20
70.82
 10
25.731
 20
70.212
 10
25.749
 20
69.61
 10
25.773
 20
69.019
 10
25.823
 20
68.436
 10
25.914
 20
67.856
 10
26.045
 20
67.268
 10
26.191
 20
66.664
 10
26.314
 20
66.042
 10
26.367
 20
65.402
 10
26.322
 20
64.753
 10
26.248
 20
64.412
 10
26.15
 20
64.07
 10
25.889
 20
63.478
 10
25.589
 20
62.962
 10
25.295
 20
62.523
 10
25.026
 20
62.142
 10
24.786
 20
61.797
 10
24.558
 20
61.467
 10
24.322
 20
61.136
 10
24.053
 20
60.802
 10
23.733
 20
60.473
 10
23.349
 20
60.167
 10
22.899
 20
59.904
 10
22.391
 20
59.7
 10
21.837
 20
59.556
 10
21.248
 20
59.463
 10
20.936
 20
59.434
 10
20.634
 20
59.4
 10
20.038
 20
59.334
 10
19.442
 20
59.249
 10
18.832
 20
59.165
 10
18.206
 20
59.117
 10
17.569
 20
59.14
 10
16.932
 20
59.25
 10
16.309
 20
59.432
 10
15.705
 20
59.642
 10
15.122
 20
59.83
 10
14.559
 20
59.952
 10
14.007
 20
59.984
 10
13.448
 20
59.927
 10
12.873
 20
59.798
 10
12.277
 20
59.634
 10
11.662
 20
59.478
 10
11.338
 20
59.423
 10
11.0
 20
59.382
 10
10.376
 20
59.389
 10
9.79
 20
59.48
 10
9.252
 20
59.631
 10
8.755
 20
59.825
 10
8.294
 20
60.057
 10
7.864
 20
60.331
 10
7.468
 20
60.653
 10
7.113
 20
61.033
 10
6.817
 20
61.476
 10
6.599
 20
61.977
 10
6.474
 20
62.526
 10
6.45
 20
63.104
 10
6.512
 20
63.692
 10
6.628
 20
64.282
 10
6.696
 20
64.57
 10
6.745
 20
64.845
 10
6.797
 20
65.399
 10
6.755
 20
65.948
 10
6.628
 20
66.511
 10
6.443
 20
67.093
 10
6.243
 20
67.697
 10
6.079
 20
68.318
 10
5.983
 20
68.948
 10
5.964
 20
69.576
 10
6.001
 20
70.192
 10
6.061
 20
70.794
 10
6.117
 20
71.385
 10
6.154
 20
71.974
 10
6.178
 20
72.568
 10
6.207
 20
73.172
 10
6.264
 20
73.785
 10
6.361
 20
74.399
 10
6.491
 20
75.005
 10
6.625
 20
75.595
 10
6.724
 20
76.167
 10
6.755
 20
76.724
 10
6.701
 20
77.276
 10
6.564
 20
77.839
 10
6.367
 20
78.421
 10
6.152
 20
79.024
 10
5.974
 20
79.648
 10
5.875
 20
80.285
 10
5.872
 20
80.923
 10
5.948
 20
81.548
 10
6.066
 20
82.156
 10
6.185
 20
82.748
 10
6.278
 20
83.33
 10
6.337
 20
83.912
 10
6.372
 20
84.501
 10
6.403
 20
85.1
 10
6.449
 20
85.705
 10
6.517
 20
86.31
 10
6.595
 20
86.905
 10
6.653
 20
87.484
 10
6.663
 20
88.05
 10
6.603
 20
88.609
 10
6.47
 20
89.176
 10
6.282
 20
89.758
 10
6.076
 20
90.361
 10
5.903
 20
90.985
 10
5.813
 20
91.625
 10
5.83
 20
92.268
 10
5.94
 20
92.9
 10
6.104
 20
93.512
 10
6.273
 20
94.104
 10
6.41
 20
94.681
 10
6.494
 20
95.252
 10
6.527
 20
95.826
 10
6.527
 20
96.411
 10
6.516
 20
97.008
 10
6.515
 20
97.61
 10
6.529
 20
98.21
 97
0
 92
3
 72
0
 73
1
 93
387
 10
7.141
 20
98.79
 10
7.128
 20
98.197
 10
7.115
 20
97.604
 10
7.116
 20
97.013
 10
7.127
 20
96.417
 10
7.127
 20
95.809
 10
7.091
 20
95.19
 10
7.0
 20
94.568
 10
6.854
 20
93.952
 10
6.682
 20
93.351
 10
6.527
 20
92.77
 10
6.428
 20
92.209
 10
6.415
 20
91.659
 10
6.492
 20
91.107
 10
6.649
 20
90.538
 10
6.851
 20
89.947
 10
7.049
 20
89.337
 10
7.196
 20
88.71
 10
7.263
 20
88.077
 10
7.253
 20
87.449
 10
7.191
 20
86.836
 10
7.113
 20
86.238
 10
7.047
 20
85.649
 10
7.002
 20
85.062
 10
6.971
 20
84.468
 10
6.935
 20
83.864
 10
6.873
 20
83.252
 10
6.775
 20
82.641
 10
6.655
 20
82.04
 10
6.541
 20
81.455
 10
6.472
 20
80.888
 10
6.475
 20
80.333
 10
6.561
 20
79.777
 10
6.724
 20
79.207
 10
6.933
 20
78.618
 10
7.141
 20
78.007
 10
7.294
 20
77.377
 10
7.356
 20
76.736
 10
7.321
 20
76.099
 10
7.213
 20
75.478
 10
7.077
 20
74.876
 10
6.951
 20
74.289
 10
6.86
 20
73.71
 10
6.806
 20
73.13
 10
6.778
 20
72.541
 10
6.754
 20
71.942
 10
6.715
 20
71.338
 10
6.658
 20
70.736
 10
6.599
 20
70.144
 10
6.564
 20
69.568
 10
6.582
 20
69.003
 10
6.667
 20
68.44
 10
6.819
 20
67.868
 10
7.013
 20
67.279
 10
7.208
 20
66.668
 10
7.35
 20
66.037
 10
7.399
 20
65.394
 10
7.34
 20
64.765
 10
7.284
 20
64.449
 10
7.215
 20
64.155
 10
7.106
 20
63.602
 10
7.051
 20
63.085
 10
7.071
 20
62.606
 10
7.171
 20
62.165
 10
7.346
 20
61.765
 10
7.585
 20
61.407
 10
7.878
 20
61.093
 10
8.216
 20
60.818
 10
8.591
 20
60.58
 10
9.0
 20
60.374
 10
9.442
 20
60.201
 10
9.918
 20
60.068
 10
10.426
 20
59.989
 10
10.967
 20
59.983
 10
11.251
 20
60.017
 10
11.538
 20
60.066
 10
12.123
 20
60.214
 10
12.727
 20
60.38
 10
13.352
 20
60.52
 10
13.993
 20
60.586
 10
14.641
 20
60.548
 10
15.278
 20
60.41
 10
15.895
 20
60.211
 10
16.491
 20
60.003
 10
17.068
 20
59.836
 10
17.631
 20
59.738
 10
18.194
 20
59.718
 10
18.768
 20
59.762
 10
19.358
 20
59.843
 10
19.962
 20
59.93
 10
20.568
 20
59.997
 10
20.875
 20
60.031
 10
21.172
 20
60.059
 10
21.715
 20
60.144
 10
22.203
 20
60.271
 10
22.635
 20
60.444
 10
23.009
 20
60.663
 10
23.33
 20
60.918
 10
23.604
 20
61.2
 10
23.843
 20
61.499
 10
24.067
 20
61.811
 10
24.293
 20
62.139
 10
24.535
 20
62.486
 10
24.8
 20
62.862
 10
25.08
 20
63.281
 10
25.353
 20
63.75
 10
25.584
 20
64.274
 10
25.665
 20
64.558
 10
25.726
 20
64.838
 10
25.766
 20
65.398
 10
25.719
 20
65.958
 10
25.605
 20
66.536
 10
25.46
 20
67.132
 10
25.325
 20
67.744
 10
25.227
 20
68.364
 10
25.174
 20
68.981
 10
25.15
 20
69.59
 10
25.132
 20
70.188
 10
25.101
 20
70.78
 10
25.053
 20
71.376
 10
25.004
 20
71.983
 10
24.982
 20
72.603
 10
25.019
 20
73.235
 10
25.13
 20
73.866
 10
25.303
 20
74.487
 10
25.5
 20
75.089
 10
25.673
 20
75.67
 10
25.778
 20
76.232
 10
25.793
 20
76.783
 10
25.716
 20
77.341
 10
25.564
 20
77.917
 10
25.376
 20
78.514
 10
25.2
 20
79.129
 10
25.074
 20
79.761
 10
25.047
 20
80.095
 10
25.038
 20
80.439
 10
25.104
 20
81.062
 10
25.24
 20
81.639
 10
25.421
 20
82.167
 10
25.635
 20
82.654
 10
25.884
 20
83.104
 10
26.175
 20
83.521
 10
26.518
 20
83.896
 10
26.917
 20
84.217
 10
27.373
 20
84.47
 10
27.876
 20
84.639
 10
28.409
 20
84.722
 10
28.955
 20
84.729
 10
29.501
 20
84.687
 10
30.054
 20
84.637
 10
30.321
 20
84.618
 10
30.587
 20
84.621
 10
31.144
 20
84.681
 10
31.709
 20
84.823
 10
32.294
 20
85.023
 10
32.9
 20
85.232
 10
33.525
 20
85.401
 10
34.161
 20
85.491
 10
34.795
 20
85.492
 10
35.416
 20
85.426
 10
36.02
 20
85.33
 10
36.611
 20
85.237
 10
37.196
 20
85.169
 10
37.784
 20
85.125
 10
38.381
 20
85.091
 10
38.987
 20
85.047
 10
39.597
 20
84.975
 10
40.201
 20
84.878
 10
40.793
 20
84.777
 10
41.367
 20
84.707
 10
41.928
 20
84.697
 10
42.485
 20
84.764
 10
43.052
 20
84.909
 10
43.637
 20
85.109
 10
44.243
 20
85.32
 10
44.87
 20
85.489
 10
45.511
 20
85.572
 10
46.152
 20
85.551
 10
46.78
 20
85.445
 10
47.389
 20
85.296
 10
47.979
 20
85.147
 10
48.558
 20
85.032
 10
49.133
 20
84.962
 10
49.715
 20
84.932
 10
50.308
 20
84.92
 10
50.91
 20
84.906
 10
51.513
 20
84.875
 10
52.11
 20
84.835
 10
52.694
 20
84.806
 10
53.266
 20
84.816
 10
53.832
 20
84.884
 10
54.403
 20
85.015
 10
54.989
 20
85.194
 10
55.595
 20
85.384
 10
56.221
 20
85.535
 10
56.863
 20
85.6
 10
57.508
 20
85.558
 10
58.139
 20
85.421
 10
58.749
 20
85.233
 10
59.34
 20
85.044
 10
59.913
 20
84.898
 10
60.478
 20
84.814
 10
61.047
 20
84.793
 10
61.627
 20
84.819
 10
62.22
 20
84.864
 10
62.823
 20
84.904
 10
63.426
 20
84.927
 10
64.023
 20
84.941
 10
64.608
 20
84.967
 10
65.186
 20
85.025
 10
65.763
 20
85.126
 10
66.351
 20
85.265
 10
66.954
 20
85.413
 10
67.577
 20
85.53
 10
68.216
 20
85.572
 10
68.859
 20
85.512
 10
69.49
 20
85.358
 10
70.101
 20
85.152
 10
70.691
 20
84.944
 10
70.98
 20
84.866
 10
71.268
 20
84.806
 10
71.811
 20
84.781
 10
72.315
 20
84.864
 10
72.777
 20
85.036
 10
73.192
 20
85.272
 10
73.559
 20
85.553
 10
73.881
 20
85.86
 10
74.163
 20
86.187
 10
74.409
 20
86.531
 10
74.623
 20
86.896
 10
74.8
 20
87.286
 10
74.935
 20
87.706
 10
75.019
 20
88.161
 10
75.045
 20
88.653
 10
75.016
 20
89.189
 10
74.98
 20
89.474
 10
74.95
 20
89.779
 10
74.907
 20
90.398
 10
74.941
 20
91.036
 10
75.063
 20
91.672
 10
75.252
 20
92.294
 10
75.464
 20
92.895
 10
75.646
 20
93.474
 10
75.758
 20
94.035
 10
75.779
 20
94.588
 10
75.713
 20
95.148
 10
75.579
 20
95.727
 10
75.417
 20
96.326
 10
75.269
 20
96.94
 10
75.167
 20
97.563
 10
75.116
 20
98.184
 10
75.102
 20
98.789
 10
75.092
 20
99.085
 10
75.081
 20
99.366
 10
75.017
 20
99.89
 10
74.907
 20
100.365
 10
74.761
 20
100.798
 10
74.59
 20
101.197
 10
74.404
 20
101.571
 10
74.206
 20
101.93
 10
73.993
 20
102.282
 10
73.753
 20
102.631
 10
73.473
 20
102.974
 10
73.141
 20
103.297
 10
72.75
 20
103.58
 10
72.303
 20
103.795
 10
71.805
 20
103.915
 10
71.263
 20
103.921
 10
70.973
 20
103.874
 10
70.683
 20
103.806
 10
70.096
 20
103.618
 10
69.49
 20
103.423
 10
68.868
 20
103.269
 10
68.239
 20
103.186
 10
67.613
 20
103.175
 10
67.001
 20
103.214
 10
66.402
 20
103.27
 10
65.812
 20
103.319
 10
65.223
 20
103.349
 10
64.628
 20
103.37
 10
64.021
 20
103.401
 10
63.407
 20
103.465
 10
62.794
 20
103.571
 10
62.19
 20
103.708
 10
61.603
 20
103.842
 10
61.034
 20
103.936
 10
60.48
 20
103.958
 10
59.928
 20
103.893
 10
59.364
 20
103.747
 10
58.779
 20
103.544
 10
58.174
 20
103.332
 10
57.549
 20
103.163
 10
56.912
 20
103.076
 10
56.276
 20
103.083
 10
55.653
 20
103.164
 10
55.049
 20
103.28
 10
54.459
 20
103.392
 10
53.878
 20
103.477
 10
53.295
 20
103.53
 10
52.704
 20
103.563
 10
52.104
 20
103.598
 10
51.497
 20
103.651
 10
50.894
 20
103.726
 10
50.302
 20
103.808
 10
49.726
 20
103.865
 10
49.163
 20
103.868
 10
48.604
 20
103.8
 10
48.037
 20
103.659
 10
47.453
 20
103.464
 10
46.849
 20
103.258
 10
46.223
 20
103.092
 10
45.582
 20
103.013
 10
44.94
 20
103.039
 10
44.311
 20
103.155
 10
43.703
 20
103.319
 10
43.113
 20
103.483
 10
42.537
 20
103.611
 10
41.966
 20
103.688
 10
41.39
 20
103.717
 10
40.803
 20
103.717
 10
40.206
 20
103.712
 10
39.604
 20
103.718
 10
39.006
 20
103.737
 10
38.418
 20
103.752
 10
37.843
 20
103.738
 10
37.274
 20
103.674
 10
36.702
 20
103.554
 10
36.118
 20
103.388
 10
35.515
 20
103.21
 10
34.891
 20
103.066
 10
34.251
 20
103.003
 10
33.608
 20
103.047
 10
32.976
 20
103.187
 10
32.365
 20
103.382
 10
31.775
 20
103.58
 10
31.203
 20
103.736
 10
30.642
 20
103.826
 10
30.079
 20
103.847
 10
29.504
 20
103.811
 10
28.915
 20
103.748
 10
28.314
 20
103.684
 10
27.709
 20
103.639
 10
27.109
 20
103.61
 10
26.519
 20
103.582
 10
25.938
 20
103.532
 10
25.359
 20
103.446
 10
24.773
 20
103.327
 10
24.173
 20
103.196
 10
23.554
 20
103.089
 10
22.92
 20
103.049
 10
22.28
 20
103.105
 10
21.649
 20
103.253
 10
21.037
 20
103.458
 10
20.447
 20
103.669
 10
19.876
 20
103.837
 10
19.321
 20
103.929
 10
18.767
 20
103.937
 10
18.202
 20
103.869
 10
17.62
 20
103.754
 10
17.02
 20
103.628
 10
16.41
 20
103.523
 10
15.798
 20
103.454
 10
15.192
 20
103.417
 10
14.597
 20
103.389
 10
14.009
 20
103.35
 10
13.421
 20
103.291
 10
12.825
 20
103.219
 10
12.214
 20
103.159
 10
11.602
 20
103.146
 10
11.288
 20
103.156
 10
10.984
 20
103.187
 10
10.416
 20
103.256
 10
9.875
 20
103.322
 10
9.363
 20
103.349
 10
8.883
 20
103.309
 10
8.443
 20
103.187
 10
8.055
 20
102.98
 10
7.73
 20
102.693
 10
7.478
 20
102.337
 10
7.303
 20
101.926
 10
7.198
 20
101.474
 10
7.153
 20
100.991
 10
7.144
 20
100.482
 10
7.149
 20
99.949
 10
7.148
 20
99.388
 10
7.15
 20
99.092
 10
7.141
 20
98.79
 97
0
 75
0
 76
1
 98
0
  0
HATCH
  5
85
330
17
100
AcDbEntity
  8
RASTER
 62
7
100
AcDbHatch
 10
0.0
 20
0.0
 30
0.0
210
0.0
220
0.0
230
1.0
  2
SOLID
 70
1
 71
0
 91
2
 92
3
 72
0
 73
1
 93
346
 10
9.192
 20
95.788
 10
9.189
 20
96.106
 10
9.19
 20
96.427
 10
9.233
 20
97.022
 10
9.303
 20
97.586
 10
9.403
 20
98.127
 10
9.548
 20
98.651
 10
9.754
 20
99.152
 10
10.038
 20
99.615
 10
10.406
 20
100.018
 10
10.851
 20
100.339
 10
11.355
 20
100.559
 10
11.893
 20
100.676
 10
12.441
 20
100.705
 10
12.98
 20
100.675
 10
13.505
 20
100.627
 10
14.039
 20
100.602
 10
14.3
 20
100.602
 10
14.568
 20
100.626
 10
15.135
 20
100.717
 10
15.716
 20
100.861
 10
16.316
 20
101.021
 10
16.929
 20
101.156
 10
17.548
 20
101.242
 10
18.162
 20
101.278
 10
18.765
 20
101.286
 10
19.357
 20
101.291
 10
19.944
 20
101.313
 10
20.535
 20
101.353
 10
21.137
 20
101.394
 10
21.754
 20
101.406
 10
22.38
 20
101.36
 10
23.006
 20
101.243
 10
23.62
 20
101.069
 10
24.215
 20
100.876
 10
24.79
 20
100.713
 10
25.347
 20
100.618
 10
25.895
 20
100.611
 10
26.452
 20
100.69
 10
27.026
 20
100.837
 10
27.621
 20
101.012
 10
28.232
 20
101.172
 10
28.854
 20
101.282
 10
29.475
 20
101.331
 10
30.086
 20
101.335
 10
30.684
 20
101.321
 10
31.273
 20
101.314
 10
31.861
 20
101.325
 10
32.457
 20
101.347
 10
33.066
 20
101.356
 10
33.686
 20
101.324
 10
34.31
 20
101.231
 10
34.926
 20
101.079
 10
35.527
 20
100.899
 10
36.107
 20
100.734
 10
36.668
 20
100.627
 10
37.218
 20
100.604
 10
37.77
 20
100.67
 10
38.339
 20
100.812
 10
38.928
 20
100.997
 10
39.537
 20
101.177
 10
40.159
 20
101.312
 10
40.785
 20
101.379
 10
41.404
 20
101.385
 10
42.009
 20
101.356
 10
42.602
 20
101.322
 10
43.189
 20
101.304
 10
43.78
 20
101.302
 10
44.381
 20
101.303
 10
44.994
 20
101.28
 10
45.614
 20
101.209
 10
46.231
 20
101.082
 10
46.836
 20
100.92
 10
47.422
 20
100.761
 10
47.989
 20
100.646
 10
48.54
 20
100.608
 10
49.091
 20
100.658
 10
49.655
 20
100.791
 10
50.238
 20
100.978
 10
50.842
 20
101.174
 10
51.463
 20
101.332
 10
52.093
 20
101.42
 10
52.718
 20
101.434
 10
53.332
 20
101.396
 10
53.93
 20
101.339
 10
54.518
 20
101.29
 10
55.105
 20
101.263
 10
55.698
 20
101.249
 10
56.303
 20
101.229
 10
56.918
 20
101.177
 10
57.534
 20
101.077
 10
58.142
 20
100.938
 10
58.734
 20
100.79
 10
59.307
 20
100.673
 10
59.863
 20
100.622
 10
60.413
 20
100.656
 10
60.973
 20
100.775
 10
61.551
 20
100.958
 10
62.15
 20
101.164
 10
62.768
 20
101.342
 10
63.399
 20
101.452
 10
64.031
 20
101.479
 10
64.651
 20
101.438
 10
65.256
 20
101.361
 10
65.847
 20
101.285
 10
66.431
 20
101.229
 10
67.019
 20
101.197
 10
67.619
 20
101.174
 10
67.933
 20
101.147
 10
68.258
 20
101.113
 10
68.854
 20
100.978
 10
69.395
 20
100.772
 10
69.868
 20
100.518
 10
70.272
 20
100.243
 10
70.62
 20
99.972
 10
70.93
 20
99.714
 10
71.227
 20
99.466
 10
71.534
 20
99.211
 10
71.863
 20
98.928
 10
72.214
 20
98.591
 10
72.568
 20
98.182
 10
72.892
 20
97.69
 10
73.146
 20
97.114
 10
73.289
 20
96.478
 10
73.307
 20
96.122
 10
73.302
 20
95.784
 10
73.226
 20
95.157
 10
73.124
 20
94.552
 10
73.03
 20
93.96
 10
72.965
 20
93.374
 10
72.926
 20
92.778
 10
72.902
 20
92.473
 10
72.877
 20
92.157
 10
72.775
 20
91.564
 10
72.606
 20
91.016
 10
72.378
 20
90.526
 10
72.11
 20
90.102
 10
71.824
 20
89.74
 10
71.538
 20
89.427
 10
71.26
 20
89.143
 10
70.982
 20
88.864
 10
70.686
 20
88.57
 10
70.351
 20
88.253
 10
69.956
 20
87.918
 10
69.484
 20
87.589
 10
68.927
 20
87.305
 10
68.301
 20
87.114
 10
67.943
 20
87.069
 10
67.6
 20
87.052
 10
66.964
 20
87.105
 10
66.349
 20
87.214
 10
65.752
 20
87.337
 10
65.168
 20
87.441
 10
64.588
 20
87.51
 10
64.002
 20
87.548
 10
63.405
 20
87.574
 10
62.799
 20
87.611
 10
62.19
 20
87.674
 10
61.588
 20
87.76
 10
60.999
 20
87.843
 10
60.427
 20
87.891
 10
59.867
 20
87.876
 10
59.307
 20
87.784
 10
58.734
 20
87.622
 10
58.143
 20
87.419
 10
57.53
 20
87.22
 10
56.899
 20
87.077
 10
56.257
 20
87.027
 10
55.621
 20
87.074
 10
55.0
 20
87.191
 10
54.399
 20
87.335
 10
53.813
 20
87.464
 10
53.235
 20
87.555
 10
52.656
 20
87.605
 10
52.067
 20
87.627
 10
51.467
 20
87.646
 10
50.86
 20
87.682
 10
50.256
 20
87.74
 10
49.662
 20
87.805
 10
49.083
 20
87.849
 10
48.518
 20
87.841
 10
47.956
 20
87.765
 10
47.385
 20
87.619
 10
46.798
 20
87.427
 10
46.19
 20
87.228
 10
45.561
 20
87.076
 10
44.92
 20
87.011
 10
44.279
 20
87.049
 10
43.653
 20
87.169
 10
43.047
 20
87.328
 10
42.459
 20
87.48
 10
41.882
 20
87.594
 10
41.308
 20
87.659
 10
40.727
 20
87.682
 10
40.134
 20
87.687
 10
39.531
 20
87.696
 10
38.925
 20
87.725
 10
38.327
 20
87.768
 10
37.741
 20
87.802
 10
37.169
 20
87.799
 10
36.604
 20
87.737
 10
36.035
 20
87.611
 10
35.45
 20
87.433
 10
34.847
 20
87.24
 10
34.222
 20
87.082
 10
33.582
 20
87.004
 10
32.939
 20
87.031
 10
32.308
 20
87.149
 10
31.697
 20
87.318
 10
31.106
 20
87.49
 10
30.529
 20
87.626
 10
29.959
 20
87.708
 10
29.385
 20
87.736
 10
28.799
 20
87.731
 10
28.201
 20
87.717
 10
27.599
 20
87.716
 10
27.292
 20
87.713
 10
26.987
 20
87.713
 10
26.43
 20
87.674
 10
25.921
 20
87.581
 10
25.467
 20
87.422
 10
25.074
 20
87.2
 10
24.745
 20
86.922
 10
24.48
 20
86.602
 10
24.272
 20
86.255
 10
24.106
 20
85.891
 10
23.963
 20
85.514
 10
23.818
 20
85.123
 10
23.65
 20
84.713
 10
23.449
 20
84.279
 10
23.223
 20
83.808
 10
22.996
 20
83.288
 10
22.897
 20
83.007
 10
22.807
 20
82.723
 10
22.682
 20
82.152
 10
22.62
 20
81.582
 10
22.615
 20
81.006
 10
22.643
 20
80.416
 10
22.678
 20
79.813
 10
22.697
 20
79.205
 10
22.697
 20
78.6
 10
22.697
 20
78.006
 10
22.721
 20
77.424
 10
22.79
 20
76.849
 10
22.911
 20
76.27
 10
23.071
 20
75.678
 10
23.236
 20
75.068
 10
23.357
 20
74.437
 10
23.393
 20
73.792
 10
23.324
 20
73.148
 10
23.168
 20
72.518
 10
22.97
 20
71.908
 10
22.782
 20
71.319
 10
22.643
 20
70.746
 10
22.573
 20
70.18
 10
22.569
 20
69.61
 10
22.611
 20
69.025
 10
22.668
 20
68.426
 10
22.715
 20
67.816
 10
22.721
 20
67.506
 10
22.721
 20
67.195
 10
22.674
 20
66.615
 10
22.595
 20
66.08
 10
22.5
 20
65.578
 10
22.388
 20
65.094
 10
22.25
 20
64.616
 10
22.066
 20
64.14
 10
21.815
 20
63.674
 10
21.482
 20
63.239
 10
21.06
 20
62.863
 10
20.554
 20
62.575
 10
19.981
 20
62.403
 10
19.369
 20
62.355
 10
18.746
 20
62.42
 10
18.127
 20
62.562
 10
17.819
 20
62.652
 10
17.531
 20
62.726
 10
16.96
 20
62.841
 10
16.397
 20
62.879
 10
15.825
 20
62.851
 10
15.238
 20
62.78
 10
14.634
 20
62.7
 10
14.324
 20
62.675
 10
14.008
 20
62.656
 10
13.415
 20
62.68
 10
12.864
 20
62.76
 10
12.355
 20
62.876
 10
11.876
 20
63.017
 10
11.416
 20
63.183
 10
10.965
 20
63.385
 10
10.523
 20
63.638
 10
10.101
 20
63.959
 10
9.72
 20
64.358
 10
9.408
 20
64.839
 10
9.195
 20
65.393
 10
9.103
 20
66.001
 10
9.138
 20
66.634
 10
9.275
 20
67.267
 10
9.376
 20
67.588
 10
9.466
 20
67.885
 10
9.623
 20
68.458
 10
9.705
 20
69.014
 10
9.709
 20
69.572
 10
9.647
 20
70.142
 10
9.55
 20
70.73
 10
9.452
 20
71.332
 10
9.377
 20
71.941
 10
9.333
 20
72.548
 10
9.305
 20
73.146
 10
9.27
 20
73.732
 10
9.208
 20
74.314
 10
9.114
 20
74.898
 10
9.004
 20
75.494
 10
8.909
 20
76.108
 10
8.87
 20
76.738
 10
8.917
 20
77.375
 10
9.053
 20
78.005
 10
9.249
 20
78.619
 10
9.457
 20
79.212
 10
9.628
 20
79.784
 10
9.727
 20
80.342
 10
9.744
 20
80.895
 10
9.685
 20
81.459
 10
9.576
 20
82.04
 10
9.453
 20
82.638
 10
9.35
 20
83.248
 10
9.284
 20
83.86
 10
9.248
 20
84.466
 10
9.223
 20
85.06
 10
9.183
 20
85.646
 10
9.118
 20
86.23
 10
9.032
 20
86.822
 10
8.949
 20
87.429
 10
8.906
 20
88.052
 10
8.936
 20
88.685
 10
9.052
 20
89.317
 10
9.234
 20
89.934
 10
9.442
 20
90.532
 10
9.623
 20
91.11
 10
9.739
 20
91.669
 10
9.77
 20
92.22
 10
9.718
 20
92.778
 10
9.604
 20
93.353
 10
9.462
 20
93.946
 10
9.331
 20
94.555
 10
9.24
 20
95.171
 97
0
 92
3
 72
0
 73
1
 93
347
 10
9.791
 20
95.814
 10
9.836
 20
95.238
 10
9.922
 20
94.662
 10
10.047
 20
94.079
 10
10.19
 20
93.481
 10
10.313
 20
92.865
 10
10.372
 20
92.231
 10
10.336
 20
91.591
 10
10.205
 20
90.958
 10
10.011
 20
90.344
 10
9.806
 20
89.751
 10
9.636
 20
89.177
 10
9.533
 20
88.617
 10
9.507
 20
88.059
 10
9.546
 20
87.49
 10
9.626
 20
86.906
 10
9.713
 20
86.306
 10
9.781
 20
85.699
 10
9.822
 20
85.093
 10
9.848
 20
84.496
 10
9.882
 20
83.91
 10
9.944
 20
83.331
 10
10.043
 20
82.749
 10
10.164
 20
82.156
 10
10.279
 20
81.545
 10
10.344
 20
80.918
 10
10.326
 20
80.28
 10
10.213
 20
79.645
 10
10.028
 20
79.027
 10
9.818
 20
78.428
 10
9.633
 20
77.85
 10
9.512
 20
77.289
 10
9.471
 20
76.734
 10
9.506
 20
76.173
 10
9.596
 20
75.595
 10
9.706
 20
75.0
 10
9.803
 20
74.393
 10
9.868
 20
73.783
 10
9.905
 20
73.178
 10
9.932
 20
72.584
 10
9.975
 20
71.999
 10
10.046
 20
71.417
 10
10.142
 20
70.827
 10
10.242
 20
70.224
 10
10.309
 20
69.602
 10
10.305
 20
68.969
 10
10.212
 20
68.334
 10
10.043
 20
67.718
 10
9.949
 20
67.41
 10
9.856
 20
67.113
 10
9.734
 20
66.553
 10
9.706
 20
66.029
 10
9.778
 20
65.548
 10
9.946
 20
65.113
 10
10.193
 20
64.732
 10
10.502
 20
64.408
 10
10.855
 20
64.139
 10
11.237
 20
63.92
 10
11.64
 20
63.74
 10
12.063
 20
63.587
 10
12.506
 20
63.457
 10
12.974
 20
63.35
 10
13.47
 20
63.279
 10
14.002
 20
63.256
 10
14.281
 20
63.274
 10
14.57
 20
63.297
 10
15.162
 20
63.376
 10
15.775
 20
63.449
 10
16.403
 20
63.48
 10
17.04
 20
63.437
 10
17.665
 20
63.311
 10
17.978
 20
63.231
 10
18.279
 20
63.143
 10
18.844
 20
63.013
 10
19.377
 20
62.957
 10
19.87
 20
62.996
 10
20.316
 20
63.13
 10
20.708
 20
63.353
 10
21.04
 20
63.649
 10
21.31
 20
64.001
 10
21.52
 20
64.391
 10
21.681
 20
64.808
 10
21.807
 20
65.245
 10
21.912
 20
65.701
 10
22.003
 20
66.18
 10
22.077
 20
66.683
 10
22.121
 20
67.219
 10
22.121
 20
67.5
 10
22.116
 20
67.788
 10
22.07
 20
68.374
 10
22.013
 20
68.975
 10
21.969
 20
69.59
 10
21.973
 20
70.22
 10
22.052
 20
70.854
 10
22.203
 20
71.481
 10
22.399
 20
72.092
 10
22.59
 20
72.682
 10
22.731
 20
73.252
 10
22.791
 20
73.808
 10
22.761
 20
74.363
 10
22.651
 20
74.932
 10
22.492
 20
75.522
 10
22.327
 20
76.13
 10
22.197
 20
76.751
 10
22.122
 20
77.376
 10
22.097
 20
77.994
 10
22.097
 20
78.6
 10
22.097
 20
79.195
 10
22.078
 20
79.787
 10
22.044
 20
80.384
 10
22.015
 20
80.994
 10
22.021
 20
81.618
 10
22.089
 20
82.248
 10
22.227
 20
82.879
 10
22.328
 20
83.198
 10
22.437
 20
83.508
 10
22.678
 20
84.058
 10
22.906
 20
84.534
 10
23.1
 20
84.953
 10
23.259
 20
85.341
 10
23.402
 20
85.725
 10
23.552
 20
86.122
 10
23.739
 20
86.534
 10
23.989
 20
86.95
 10
24.317
 20
87.346
 10
24.73
 20
87.694
 10
25.218
 20
87.971
 10
25.767
 20
88.162
 10
26.355
 20
88.27
 10
26.966
 20
88.313
 10
27.289
 20
88.313
 10
27.596
 20
88.316
 10
28.193
 20
88.317
 10
28.789
 20
88.331
 10
29.397
 20
88.337
 10
30.017
 20
88.305
 10
30.641
 20
88.216
 10
31.259
 20
88.07
 10
31.861
 20
87.895
 10
32.444
 20
87.734
 10
33.007
 20
87.628
 10
33.558
 20
87.606
 10
34.112
 20
87.673
 10
34.682
 20
87.818
 10
35.272
 20
88.006
 10
35.882
 20
88.191
 10
36.506
 20
88.33
 10
37.135
 20
88.399
 10
37.757
 20
88.402
 10
38.366
 20
88.366
 10
38.961
 20
88.324
 10
39.55
 20
88.296
 10
40.141
 20
88.287
 10
40.742
 20
88.282
 10
41.354
 20
88.257
 10
41.974
 20
88.187
 10
42.592
 20
88.065
 10
43.198
 20
87.908
 10
43.786
 20
87.755
 10
44.354
 20
87.646
 10
44.907
 20
87.613
 10
45.46
 20
87.668
 10
46.025
 20
87.806
 10
46.611
 20
87.997
 10
47.218
 20
88.196
 10
47.841
 20
88.355
 10
48.473
 20
88.44
 10
49.102
 20
88.449
 10
49.717
 20
88.403
 10
50.317
 20
88.337
 10
50.907
 20
88.28
 10
51.494
 20
88.246
 10
52.088
 20
88.227
 10
52.693
 20
88.204
 10
53.308
 20
88.151
 10
53.924
 20
88.054
 10
54.533
 20
87.92
 10
55.125
 20
87.778
 10
55.699
 20
87.67
 10
56.256
 20
87.629
 10
56.809
 20
87.672
 10
57.371
 20
87.799
 10
57.953
 20
87.988
 10
58.555
 20
88.195
 10
59.177
 20
88.371
 10
59.81
 20
88.474
 10
60.444
 20
88.492
 10
61.066
 20
88.44
 10
61.672
 20
88.354
 10
62.264
 20
88.27
 10
62.849
 20
88.209
 10
63.436
 20
88.173
 10
64.034
 20
88.147
 10
64.642
 20
88.108
 10
65.256
 20
88.035
 10
65.866
 20
87.927
 10
66.463
 20
87.803
 10
67.042
 20
87.701
 10
67.61
 20
87.653
 10
67.891
 20
87.667
 10
68.175
 20
87.703
 10
68.701
 20
87.863
 10
69.174
 20
88.105
 10
69.59
 20
88.394
 10
69.951
 20
88.7
 10
70.268
 20
89.001
 10
70.558
 20
89.289
 10
70.833
 20
89.565
 10
71.102
 20
89.839
 10
71.366
 20
90.129
 10
71.62
 20
90.449
 10
71.851
 20
90.814
 10
72.045
 20
91.231
 10
72.19
 20
91.704
 10
72.281
 20
92.232
 10
72.304
 20
92.52
 10
72.328
 20
92.821
 10
72.367
 20
93.426
 10
72.435
 20
94.04
 10
72.531
 20
94.648
 10
72.632
 20
95.243
 10
72.702
 20
95.825
 10
72.706
 20
96.111
 10
72.692
 20
96.397
 10
72.573
 20
96.926
 10
72.363
 20
97.402
 10
72.088
 20
97.819
 10
71.778
 20
98.177
 10
71.459
 20
98.483
 10
71.146
 20
98.753
 10
70.843
 20
99.005
 10
70.546
 20
99.253
 10
70.243
 20
99.504
 10
69.919
 20
99.758
 10
69.556
 20
100.004
 10
69.145
 20
100.225
 10
68.68
 20
100.402
 10
68.159
 20
100.52
 10
67.876
 20
100.55
 10
67.582
 20
100.575
 10
66.99
 20
100.598
 10
66.387
 20
100.631
 10
65.78
 20
100.689
 10
65.18
 20
100.766
 10
64.594
 20
100.84
 10
64.023
 20
100.878
 10
63.464
 20
100.854
 10
62.904
 20
100.756
 10
62.331
 20
100.591
 10
61.739
 20
100.388
 10
61.126
 20
100.195
 10
60.495
 20
100.06
 10
59.854
 20
100.02
 10
59.219
 20
100.078
 10
58.601
 20
100.204
 10
58.002
 20
100.354
 10
57.419
 20
100.488
 10
56.844
 20
100.581
 10
56.268
 20
100.63
 10
55.682
 20
100.65
 10
55.084
 20
100.663
 10
54.48
 20
100.691
 10
53.877
 20
100.741
 10
53.284
 20
100.798
 10
52.706
 20
100.834
 10
52.141
 20
100.821
 10
51.579
 20
100.743
 10
51.009
 20
100.597
 10
50.422
 20
100.407
 10
49.815
 20
100.212
 10
49.188
 20
100.065
 10
48.547
 20
100.006
 10
47.908
 20
100.05
 10
47.284
 20
100.176
 10
46.679
 20
100.341
 10
46.093
 20
100.498
 10
45.519
 20
100.616
 10
44.948
 20
100.681
 10
44.37
 20
100.703
 10
43.78
 20
100.702
 10
43.179
 20
100.704
 10
42.575
 20
100.723
 10
41.977
 20
100.757
 10
41.392
 20
100.785
 10
40.82
 20
100.78
 10
40.255
 20
100.719
 10
39.686
 20
100.595
 10
39.103
 20
100.423
 10
38.501
 20
100.234
 10
37.879
 20
100.079
 10
37.241
 20
100.002
 10
36.599
 20
100.03
 10
35.969
 20
100.15
 10
35.359
 20
100.323
 10
34.768
 20
100.5
 10
34.193
 20
100.641
 10
33.626
 20
100.727
 10
33.055
 20
100.756
 10
32.473
 20
100.747
 10
31.878
 20
100.725
 10
31.275
 20
100.714
 10
30.673
 20
100.721
 10
30.08
 20
100.735
 10
29.501
 20
100.731
 10
28.93
 20
100.686
 10
28.361
 20
100.585
 10
27.781
 20
100.434
 10
27.185
 20
100.258
 10
26.569
 20
100.101
 10
25.934
 20
100.01
 10
25.292
 20
100.019
 10
24.657
 20
100.127
 10
24.041
 20
100.302
 10
23.446
 20
100.494
 10
22.868
 20
100.658
 10
22.303
 20
100.764
 10
21.738
 20
100.806
 10
21.164
 20
100.794
 10
20.575
 20
100.754
 10
19.975
 20
100.714
 10
19.371
 20
100.691
 10
18.772
 20
100.686
 10
18.184
 20
100.678
 10
17.607
 20
100.644
 10
17.035
 20
100.565
 10
16.457
 20
100.438
 10
15.866
 20
100.28
 10
15.256
 20
100.128
 10
14.642
 20
100.03
 10
14.326
 20
100.002
 10
14.025
 20
100.002
 10
13.464
 20
100.028
 10
12.936
 20
100.076
 10
12.44
 20
100.104
 10
11.973
 20
100.08
 10
11.541
 20
99.985
 10
11.15
 20
99.814
 10
10.807
 20
99.568
 10
10.52
 20
99.253
 10
10.291
 20
98.879
 10
10.116
 20
98.456
 10
9.989
 20
97.992
 10
9.896
 20
97.494
 10
9.83
 20
96.964
 10
9.79
 20
96.404
 10
9.789
 20
96.107
 10
9.791
 20
95.814
 97
0
 75
0
 76
1
 98
0
  0
HATCH
  5
86
330
17
100
AcDbEntity
  8
RASTER
 62
7
100
AcDbHatch
 10
0.0
 20
0.0
 30
0.0
210
0.0
220
0.0
230
1.0
  2
SOLID
 70
1
 71
0
 91
1
 92
3
 72
0
 73
1
 93
73
 10
13.921
 20
95.652
 10
13.966
 20
95.534
 10
13.997
 20
95.418
 10
14.014
 20
95.302
 10
14.017
 20
95.186
 10
14.005
 20
95.072
 10
13.98
 20
94.958
 10
13.94
 20
94.845
 10
13.886
 20
94.733
 10
13.821
 20
94.625
 10
13.749
 20
94.521
 10
13.67
 20
94.424
 10
13.584
 20
94.332
 10
13.491
 20
94.246
 10
13.39
 20
94.165
 10
13.282
 20
94.091
 10
13.167
 20
94.021
 10
13.048
 20
93.962
 10
12.927
 20
93.915
 10
12.805
 20
93.881
 10
12.681
 20
93.861
 10
12.556
 20
93.854
 10
12.429
 20
93.86
 10
12.301
 20
93.879
 10
12.171
 20
93.911
 10
12.043
 20
93.952
 10
11.917
 20
93.999
 10
11.796
 20
94.05
 10
11.677
 20
94.105
 10
11.562
 20
94.166
 10
11.45
 20
94.232
 10
11.342
 20
94.302
 10
11.237
 20
94.377
 10
11.141
 20
94.457
 10
11.06
 20
94.543
 10
10.995
 20
94.633
 10
10.946
 20
94.727
 10
10.911
 20
94.827
 10
10.892
 20
94.932
 10
10.888
 20
95.042
 10
10.899
 20
95.156
 10
10.922
 20
95.271
 10
10.954
 20
95.382
 10
10.993
 20
95.489
 10
11.04
 20
95.592
 10
11.096
 20
95.69
 10
11.159
 20
95.785
 10
11.231
 20
95.875
 10
11.311
 20
95.961
 10
11.398
 20
96.043
 10
11.491
 20
96.119
 10
11.589
 20
96.189
 10
11.694
 20
96.254
 10
11.804
 20
96.313
 10
11.921
 20
96.367
 10
12.043
 20
96.415
 10
12.171
 20
96.457
 10
12.302
 20
96.491
 10
12.432
 20
96.512
 10
12.562
 20
96.52
 10
12.691
 20
96.515
 10
12.82
 20
96.498
 10
12.949
 20
96.468
 10
13.077
 20
96.425
 10
13.204
 20
96.37
 10
13.326
 20
96.305
 10
13.439
 20
96.233
 10
13.543
 20
96.154
 10
13.637
 20
96.067
 10
13.722
 20
95.974
 10
13.798
 20
95.874
 10
13.864
 20
95.766
 10
13.921
 20
95.652
 97
0
 75
0
 76
1
 98
0
  0
HATCH
  5
87
330
17
100
AcDbEntity
  8
RASTER
 62
7
100
AcDbHatch
 10
0.0
 20
0.0
 30
0.0
210
0.0
220
0.0
230
1.0
  2
SOLID
 70
1
 71
0
 91
1
 92
3
 72
0
 73
1
 93
73
 10
15.486
 20
94.848
 10
15.517
 20
94.781
 10
15.54
 20
94.713
 10
15.554
 20
94.646
 10
15.56
 20
94.578
 10
15.557
 20
94.51
 10
15.545
 20
94.442
 10
15.525
 20
94.373
 10
15.496
 20
94.304
 10
15.461
 20
94.238
 10
15.42
 20
94.176
 10
15.375
 20
94.12
 10
15.324
 20
94.068
 10
15.268
 20
94.021
 10
15.208
 20
93.979
 10
15.142
 20
93.941
 10
15.071
 20
93.909
 10
14.997
 20
93.881
 10
14.923
 20
93.857
 10
14.847
 20
93.838
 10
14.77
 20
93.823
 10
14.692
 20
93.812
 10
14.612
 20
93.805
 10
14.532
 20
93.803
 10
14.451
 20
93.805
 10
14.371
 20
93.812
 10
14.294
 20
93.826
 10
14.22
 20
93.847
 10
14.15
 20
93.874
 10
14.083
 20
93.908
 10
14.019
 20
93.949
 10
13.958
 20
93.996
 10
13.901
 20
94.05
 10
13.849
 20
94.107
 10
13.806
 20
94.167
 10
13.771
 20
94.229
 10
13.744
 20
94.293
 10
13.725
 20
94.359
 10
13.715
 20
94.426
 10
13.713
 20
94.496
 10
13.718
 20
94.567
 10
13.73
 20
94.639
 10
13.746
 20
94.711
 10
13.766
 20
94.782
 10
13.789
 20
94.852
 10
13.816
 20
94.922
 10
13.847
 20
94.992
 10
13.882
 20
95.061
 10
13.921
 20
95.129
 10
13.964
 20
95.193
 10
14.014
 20
95.25
 10
14.069
 20
95.3
 10
14.131
 20
95.342
 10
14.199
 20
95.376
 10
14.273
 20
95.403
 10
14.354
 20
95.423
 10
14.44
 20
95.435
 10
14.528
 20
95.44
 10
14.613
 20
95.439
 10
14.696
 20
95.43
 10
14.776
 20
95.416
 10
14.854
 20
95.395
 10
14.929
 20
95.367
 10
15.001
 20
95.333
 10
15.07
 20
95.292
 10
15.137
 20
95.246
 10
15.199
 20
95.198
 10
15.257
 20
95.147
 10
15.311
 20
95.093
 10
15.361
 20
95.036
 10
15.406
 20
94.976
 10
15.448
 20
94.913
 10
15.486
 20
94.848
 97
0
 75
0
 76
1
 98
0
  0
HATCH
  5
88
330
17
100
AcDbEntity
  8
RASTER
 62
7
100
AcDbHatch
 10
0.0
 20
0.0
 30
0.0
210
0.0
220
0.0
230
1.0
  2
SOLID
 70
1
 71
0
 91
1
 92
3
 72
0
 73
1
 93
73
 10
16.425
 20
93.987
 10
16.442
 20
93.955
 10
16.454
 20
93.923
 10
16.463
 20
93.891
 10
16.466
 20
93.858
 10
16.465
 20
93.825
 10
16.46
 20
93.792
 10
16.45
 20
93.758
 10
16.436
 20
93.724
 10
16.418
 20
93.691
 10
16.398
 20
93.661
 10
16.375
 20
93.632
 10
16.35
 20
93.605
 10
16.323
 20
93.581
 10
16.293
 20
93.558
 10
16.261
 20
93.538
 10
16.226
 20
93.52
 10
16.19
 20
93.504
 10
16.154
 20
93.492
 10
16.117
 20
93.482
 10
16.08
 20
93.476
 10
16.043
 20
93.474
 10
16.005
 20
93.474
 10
15.967
 20
93.478
 10
15.928
 20
93.485
 10
15.891
 20
93.494
 10
15.855
 20
93.506
 10
15.821
 20
93.52
 10
15.789
 20
93.536
 10
15.759
 20
93.554
 10
15.73
 20
93.575
 10
15.703
 20
93.598
 10
15.678
 20
93.623
 10
15.655
 20
93.649
 10
15.636
 20
93.677
 10
15.618
 20
93.705
 10
15.604
 20
93.735
 10
15.593
 20
93.765
 10
15.584
 20
93.796
 10
15.578
 20
93.829
 10
15.575
 20
93.862
 10
15.575
 20
93.895
 10
15.579
 20
93.927
 10
15.586
 20
93.958
 10
15.596
 20
93.988
 10
15.611
 20
94.016
 10
15.629
 20
94.043
 10
15.65
 20
94.069
 10
15.675
 20
94.094
 10
15.702
 20
94.117
 10
15.731
 20
94.138
 10
15.761
 20
94.157
 10
15.793
 20
94.175
 10
15.825
 20
94.19
 10
15.859
 20
94.203
 10
15.894
 20
94.215
 10
15.931
 20
94.224
 10
15.968
 20
94.231
 10
16.005
 20
94.234
 10
16.041
 20
94.234
 10
16.076
 20
94.231
 10
16.111
 20
94.225
 10
16.146
 20
94.215
 10
16.18
 20
94.202
 10
16.214
 20
94.186
 10
16.246
 20
94.167
 10
16.277
 20
94.147
 10
16.306
 20
94.125
 10
16.333
 20
94.101
 10
16.359
 20
94.075
 10
16.382
 20
94.048
 10
16.404
 20
94.018
 10
16.425
 20
93.987
 97
0
 75
0
 76
1
 98
0
  0
HATCH
  5
89
330
17
100
AcDbEntity
  8
RASTER
 62
7
100
AcDbHatch
 10
0.0
 20
0.0
 30
0.0
210
0.0
220
0.0
230
1.0
  2
SOLID
 70
1
 71
0
 91
1
 92
3
 72
0
 73
1
 93
110
 10
19.54
 20
90.135
 10
19.289
 20
90.069
 10
19.058
 20
90.05
 10
18.847
 20
90.079
 10
18.657
 20
90.154
 10
18.486
 20
90.277
 10
18.336
 20
90.447
 10
18.207
 20
90.665
 10
18.097
 20
90.929
 10
18.281
 20
90.849
 10
18.469
 20
90.776
 10
18.661
 20
90.711
 10
18.858
 20
90.653
 10
19.059
 20
90.603
 10
19.264
 20
90.56
 10
19.473
 20
90.525
 10
19.687
 20
90.498
 10
19.693
 20
90.504
 10
19.698
 20
90.51
 10
19.704
 20
90.516
 10
19.71
 20
90.522
 10
19.716
 20
90.527
 10
19.722
 20
90.533
 10
19.5
 20
90.808
 10
19.312
 20
91.096
 10
19.158
 20
91.396
 10
19.038
 20
91.709
 10
18.953
 20
92.035
 10
18.902
 20
92.373
 10
18.884
 20
92.724
 10
18.901
 20
93.087
 10
19.068
 20
92.798
 10
19.23
 20
92.506
 10
19.386
 20
92.21
 10
19.537
 20
91.911
 10
19.682
 20
91.608
 10
19.822
 20
91.302
 10
19.956
 20
90.993
 10
20.085
 20
90.68
 10
20.09
 20
90.68
 10
20.095
 20
90.68
 10
20.1
 20
90.68
 10
20.105
 20
90.68
 10
20.11
 20
90.68
 10
20.115
 20
90.68
 10
20.244
 20
90.993
 10
20.378
 20
91.302
 10
20.518
 20
91.608
 10
20.663
 20
91.911
 10
20.814
 20
92.21
 10
20.97
 20
92.506
 10
21.132
 20
92.798
 10
21.299
 20
93.087
 10
21.316
 20
92.724
 10
21.298
 20
92.373
 10
21.247
 20
92.035
 10
21.162
 20
91.709
 10
21.042
 20
91.396
 10
20.888
 20
91.096
 10
20.7
 20
90.808
 10
20.478
 20
90.533
 10
20.484
 20
90.527
 10
20.49
 20
90.522
 10
20.496
 20
90.516
 10
20.502
 20
90.51
 10
20.507
 20
90.504
 10
20.513
 20
90.498
 10
20.727
 20
90.525
 10
20.936
 20
90.56
 10
21.141
 20
90.603
 10
21.342
 20
90.653
 10
21.539
 20
90.711
 10
21.731
 20
90.776
 10
21.919
 20
90.849
 10
22.103
 20
90.929
 10
21.993
 20
90.665
 10
21.864
 20
90.447
 10
21.714
 20
90.277
 10
21.543
 20
90.154
 10
21.353
 20
90.079
 10
21.142
 20
90.05
 10
20.911
 20
90.069
 10
20.66
 20
90.135
 10
20.644
 20
89.988
 10
20.591
 20
89.85
 10
20.503
 20
89.731
 10
20.387
 20
89.639
 10
20.251
 20
89.581
 10
20.104
 20
89.56
 10
20.105
 20
89.56
 10
20.105
 20
89.56
 10
20.105
 20
89.56
 10
20.105
 20
89.56
 10
20.104
 20
89.56
 10
20.103
 20
89.56
 10
20.102
 20
89.56
 10
20.1
 20
89.56
 10
20.098
 20
89.56
 10
20.097
 20
89.56
 10
20.096
 20
89.56
 10
20.095
 20
89.56
 10
20.095
 20
89.56
 10
20.095
 20
89.56
 10
20.095
 20
89.56
 10
20.096
 20
89.56
 10
19.949
 20
89.581
 10
19.813
 20
89.639
 10
19.697
 20
89.731
 10
19.609
 20
89.85
 10
19.556
 20
89.988
 97
0
 75
0
 76
1
 98
0
  0
HATCH
  5
8A
330
17
100
AcDbEntity
  8
RASTER
 62
7
100
AcDbHatch
 10
0.0
 20
0.0
 30
0.0
210
0.0
220
0.0
230
1.0
  2
SOLID
 70
1
 71
0
 91
1
 92
3
 72
0
 73
1
 93
110
 10
40.54
 20
92.635
 10
40.289
 20
92.569
 10
40.058
 20
92.55
 10
39.847
 20
92.579
 10
39.657
 20
92.654
 10
39.486
 20
92.777
 10
39.336
 20
92.947
 10
39.207
 20
93.165
 10
39.097
 20
93.429
 10
39.281
 20
93.349
 10
39.469
 20
93.276
 10
39.661
 20
93.211
 10
39.858
 20
93.153
 10
40.059
 20
93.103
 10
40.264
 20
93.06
 10
40.473
 20
93.025
 10
40.687
 20
92.998
 10
40.693
 20
93.004
 10
40.698
 20
93.01
 10
40.704
 20
93.016
 10
40.71
 20
93.022
 10
40.716
 20
93.027
 10
40.722
 20
93.033
 10
40.5
 20
93.308
 10
40.312
 20
93.596
 10
40.158
 20
93.896
 10
40.038
 20
94.209
 10
39.953
 20
94.535
 10
39.902
 20
94.873
 10
39.884
 20
95.224
 10
39.901
 20
95.587
 10
40.068
 20
95.298
 10
40.23
 20
95.006
 10
40.386
 20
94.71
 10
40.537
 20
94.411
 10
40.682
 20
94.108
 10
40.822
 20
93.802
 10
40.956
 20
93.493
 10
41.085
 20
93.18
 10
41.09
 20
93.18
 10
41.095
 20
93.18
 10
41.1
 20
93.18
 10
41.105
 20
93.18
 10
41.11
 20
93.18
 10
41.115
 20
93.18
 10
41.244
 20
93.493
 10
41.378
 20
93.802
 10
41.518
 20
94.108
 10
41.663
 20
94.411
 10
41.814
 20
94.71
 10
41.97
 20
95.006
 10
42.132
 20
95.298
 10
42.299
 20
95.587
 10
42.316
 20
95.224
 10
42.298
 20
94.873
 10
42.247
 20
94.535
 10
42.162
 20
94.209
 10
42.042
 20
93.896
 10
41.888
 20
93.596
 10
41.7
 20
93.308
 10
41.478
 20
93.033
 10
41.484
 20
93.027
 10
41.49
 20
93.022
 10
41.496
 20
93.016
 10
41.502
 20
93.01
 10
41.507
 20
93.004
 10
41.513
 20
92.998
 10
41.727
 20
93.025
 10
41.936
 20
93.06
 10
42.141
 20
93.103
 10
42.342
 20
93.153
 10
42.539
 20
93.211
 10
42.731
 20
93.276
 10
42.919
 20
93.349
 10
43.103
 20
93.429
 10
42.993
 20
93.165
 10
42.864
 20
92.947
 10
42.714
 20
92.777
 10
42.543
 20
92.654
 10
42.353
 20
92.579
 10
42.142
 20
92.55
 10
41.911
 20
92.569
 10
41.66
 20
92.635
 10
41.644
 20
92.488
 10
41.591
 20
92.35
 10
41.503
 20
92.231
 10
41.387
 20
92.139
 10
41.251
 20
92.081
 10
41.104
 20
92.06
 10
41.105
 20
92.06
 10
41.105
 20
92.06
 10
41.105
 20
92.06
 10
41.105
 20
92.06
 10
41.104
 20
92.06
 10
41.103
 20
92.06
 10
41.102
 20
92.06
 10
41.1
 20
92.06
 10
41.098
 20
92.06
 10
41.097
 20
92.06
 10
41.096
 20
92.06
 10
41.095
 20
92.06
 10
41.095
 20
92.06
 10
41.095
 20
92.06
 10
41.095
 20
92.06
 10
41.096
 20
92.06
 10
40.949
 20
92.081
 10
40.813
 20
92.139
 10
40.697
 20
92.231
 10
40.609
 20
92.35
 10
40.556
 20
92.488
 97
0
 75
0
 76
1
 98
0
  0
HATCH
  5
8B
330
17
100
AcDbEntity
  8
RASTER
 62
7
100
AcDbHatch
 10
0.0
 20
0.0
 30
0.0
210
0.0
220
0.0
230
1.0
  2
SOLID
 70
1
 71
0
 91
1
 92
3
 72
0
 73
1
 93
110
 10
65.54
 20
92.635
 10
65.289
 20
92.569
 10
65.058
 20
92.55
 10
64.847
 20
92.579
 10
64.657
 20
92.654
 10
64.486
 20
92.777
 10
64.336
 20
92.947
 10
64.207
 20
93.165
 10
64.097
 20
93.429
 10
64.281
 20
93.349
 10
64.469
 20
93.276
 10
64.661
 20
93.211
 10
64.858
 20
93.153
 10
65.059
 20
93.103
 10
65.264
 20
93.06
 10
65.473
 20
93.025
 10
65.687
 20
92.998
 10
65.693
 20
93.004
 10
65.698
 20
93.01
 10
65.704
 20
93.016
 10
65.71
 20
93.022
 10
65.716
 20
93.027
 10
65.722
 20
93.033
 10
65.5
 20
93.308
 10
65.312
 20
93.596
 10
65.158
 20
93.896
 10
65.038
 20
94.209
 10
64.953
 20
94.535
 10
64.902
 20
94.873
 10
64.884
 20
95.224
 10
64.901
 20
95.587
 10
65.068
 20
95.298
 10
65.23
 20
95.006
 10
65.386
 20
94.71
 10
65.537
 20
94.411
 10
65.682
 20
94.108
 10
65.822
 20
93.802
 10
65.956
 20
93.493
 10
66.085
 20
93.18
 10
66.09
 20
93.18
 10
66.095
 20
93.18
 10
66.1
 20
93.18
 10
66.105
 20
93.18
 10
66.11
 20
93.18
 10
66.115
 20
93.18
 10
66.244
 20
93.493
 10
66.378
 20
93.802
 10
66.518
 20
94.108
 10
66.663
 20
94.411
 10
66.814
 20
94.71
 10
66.97
 20
95.006
 10
67.132
 20
95.298
 10
67.299
 20
95.587
 10
67.316
 20
95.224
 10
67.298
 20
94.873
 10
67.247
 20
94.535
 10
67.162
 20
94.209
 10
67.042
 20
93.896
 10
66.888
 20
93.596
 10
66.7
 20
93.308
 10
66.478
 20
93.033
 10
66.484
 20
93.027
 10
66.49
 20
93.022
 10
66.496
 20
93.016
 10
66.502
 20
93.01
 10
66.507
 20
93.004
 10
66.513
 20
92.998
 10
66.727
 20
93.025
 10
66.936
 20
93.06
 10
67.141
 20
93.103
 10
67.342
 20
93.153
 10
67.539
 20
93.211
 10
67.731
 20
93.276
 10
67.919
 20
93.349
 10
68.103
 20
93.429
 10
67.993
 20
93.165
 10
67.864
 20
92.947
 10
67.714
 20
92.777
 10
67.543
 20
92.654
 10
67.353
 20
92.579
 10
67.142
 20
92.55
 10
66.911
 20
92.569
 10
66.66
 20
92.635
 10
66.644
 20
92.488
 10
66.591
 20
92.35
 10
66.503
 20
92.231
 10
66.387
 20
92.139
 10
66.251
 20
92.081
 10
66.104
 20
92.06
 10
66.105
 20
92.06
 10
66.105
 20
92.06
 10
66.105
 20
92.06
 10
66.105
 20
92.06
 10
66.104
 20
92.06
 10
66.103
 20
92.06
 10
66.102
 20
92.06
 10
66.1
 20
92.06
 10
66.098
 20
92.06
 10
66.097
 20
92.06
 10
66.096
 20
92.06
 10
66.095
 20
92.06
 10
66.095
 20
92.06
 10
66.095
 20
92.06
 10
66.095
 20
92.06
 10
66.096
 20
92.06
 10
65.949
 20
92.081
 10
65.813
 20
92.139
 10
65.697
 20
92.231
 10
65.609
 20
92.35
 10
65.556
 20
92.488
 97
0
 75
0
 76
1
 98
0
  0
HATCH
  5
8C
330
17
100
AcDbEntity
  8
RASTER
 62
7
100
AcDbHatch
 10
0.0
 20
0.0
 30
0.0
210
0.0
220
0.0
230
1.0
  2
SOLID
 70
1
 71
0
 91
1
 92
3
 72
0
 73
1
 93
22
 10
15.046
 20
63.596
 10
15.036
 20
63.611
 10
15.001
 20
63.722
 10
14.967
 20
63.834
 10
14.934
 20
63.946
 10
14.903
 20
64.058
 10
14.873
 20
64.169
 10
14.844
 20
64.281
 10
14.816
 20
64.393
 10
14.79
 20
64.505
 10
14.781
 20
64.519
 10
13.423
 20
64.3
 10
13.423
 20
64.27
 10
13.439
 20
64.14
 10
13.458
 20
64.01
 10
13.477
 20
63.881
 10
13.498
 20
63.751
 10
13.521
 20
63.621
 10
13.545
 20
63.491
 10
13.571
 20
63.361
 10
13.598
 20
63.231
 10
13.6
 20
63.197
 97
0
 75
0
 76
1
 98
0
  0
HATCH
  5
8D
330
17
100
AcDbEntity
  8
RASTER
 62
7
100
AcDbHatch
 10
0.0
 20
0.0
 30
0.0
210
0.0
220
0.0
230
1.0
  2
SOLID
 70
1
 71
0
 91
1
 92
3
 72
0
 73
1
 93
22
 10
14.749
 20
64.716
 10
14.741
 20
64.73
 10
14.719
 20
64.842
 10
14.697
 20
64.955
 10
14.678
 20
65.067
 10
14.659
 20
65.18
 10
14.642
 20
65.293
 10
14.626
 20
65.406
 10
14.611
 20
65.519
 10
14.598
 20
65.632
 10
14.59
 20
65.645
 10
13.341
 20
65.588
 10
13.337
 20
65.56
 10
13.339
 20
65.431
 10
13.342
 20
65.303
 10
13.347
 20
65.174
 10
13.353
 20
65.045
 10
13.361
 20
64.916
 10
13.371
 20
64.787
 10
13.381
 20
64.658
 10
13.394
 20
64.528
 10
13.391
 20
64.498
 97
0
 75
0
 76
1
 98
0
  0
HATCH
  5
8E
330
17
100
AcDbEntity
  8
RASTER
 62
7
100
AcDbHatch
 10
0.0
 20
0.0
 30
0.0
210
0.0
220
0.0
230
1.0
  2
SOLID
 70
1
 71
0
 91
1
 92
3
 72
0
 73
1
 93
22
 10
14.581
 20
65.845
 10
14.575
 20
65.859
 10
14.565
 20
65.972
 10
14.557
 20
66.086
 10
14.55
 20
66.2
 10
14.544
 20
66.314
 10
14.54
 20
66.428
 10
14.537
 20
66.542
 10
14.536
 20
66.657
 10
14.535
 20
66.772
 10
14.529
 20
66.787
 10
13.407
 20
66.864
 10
13.4
 20
66.837
 10
13.387
 20
66.71
 10
13.375
 20
66.583
 10
13.365
 20
66.455
 10
13.357
 20
66.328
 10
13.35
 20
66.2
 10
13.344
 20
66.072
 10
13.34
 20
65.944
 10
13.338
 20
65.816
 10
13.332
 20
65.788
 97
0
 75
0
 76
1
 98
0
  0
HATCH
  5
8F
330
17
100
AcDbEntity
  8
RASTER
 62
7
100
AcDbHatch
 10
0.0
 20
0.0
 30
0.0
210
0.0
220
0.0
230
1.0
  2
SOLID
 70
1
 71
0
 91
1
 92
3
 72
0
 73
1
 93
22
 10
14.543
 20
66.986
 10
14.538
 20
67.001
 10
14.542
 20
67.116
 10
14.547
 20
67.232
 10
14.553
 20
67.347
 10
14.561
 20
67.463
 10
14.57
 20
67.578
 10
14.58
 20
67.694
 10
14.592
 20
67.81
 10
14.605
 20
67.926
 10
14.601
 20
67.945
 10
13.618
 20
68.125
 10
13.607
 20
68.099
 10
13.58
 20
67.973
 10
13.554
 20
67.847
 10
13.53
 20
67.722
 10
13.507
 20
67.596
 10
13.485
 20
67.47
 10
13.465
 20
67.343
 10
13.447
 20
67.217
 10
13.43
 20
67.09
 10
13.421
 20
67.063
 97
0
 75
0
 76
1
 98
0
  0
HATCH
  5
90
330
17
100
AcDbEntity
  8
RASTER
 62
7
100
AcDbHatch
 10
0.0
 20
0.0
 30
0.0
210
0.0
220
0.0
230
1.0
  2
SOLID
 70
1
 71
0
 91
1
 92
3
 72
0
 73
1
 93
22
 10
14.638
 20
68.141
 10
14.635
 20
68.159
 10
14.652
 20
68.276
 10
14.671
 20
68.393
 10
14.691
 20
68.51
 10
14.712
 20
68.628
 10
14.734
 20
68.745
 10
14.758
 20
68.863
 10
14.784
 20
68.98
 10
14.811
 20
69.098
 10
14.81
 20
69.121
 10
13.972
 20
69.371
 10
13.958
 20
69.343
 10
13.916
 20
69.22
 10
13.876
 20
69.096
 10
13.838
 20
68.972
 10
13.801
 20
68.847
 10
13.765
 20
68.723
 10
13.731
 20
68.599
 10
13.698
 20
68.474
 10
13.666
 20
68.349
 10
13.654
 20
68.322
 97
0
 75
0
 76
1
 98
0
  0
HATCH
  5
91
330
17
100
AcDbEntity
  8
RASTER
 62
7
100
AcDbHatch
 10
0.0
 20
0.0
 30
0.0
210
0.0
220
0.0
230
1.0
  2
SOLID
 70
1
 71
0
 91
1
 92
3
 72
0
 73
1
 93
22
 10
14.867
 20
69.312
 10
14.868
 20
69.335
 10
14.899
 20
69.453
 10
14.931
 20
69.572
 10
14.965
 20
69.691
 10
15.0
 20
69.809
 10
15.037
 20
69.929
 10
15.074
 20
70.048
 10
15.114
 20
70.167
 10
15.154
 20
70.287
 10
15.158
 20
70.314
 10
14.465
 20
70.601
 10
14.447
 20
70.571
 10
14.392
 20
70.449
 10
14.338
 20
70.327
 10
14.286
 20
70.205
 10
14.235
 20
70.082
 10
14.185
 20
69.959
 10
14.137
 20
69.837
 10
14.09
 20
69.714
 10
14.044
 20
69.59
 10
14.029
 20
69.563
 97
0
 75
0
 76
1
 98
0
  0
HATCH
  5
92
330
17
100
AcDbEntity
  8
RASTER
 62
7
100
AcDbHatch
 10
0.0
 20
0.0
 30
0.0
210
0.0
220
0.0
230
1.0
  2
SOLID
 70
1
 71
0
 91
1
 92
3
 72
0
 73
1
 93
48
 10
15.413
 20
71.3
 10
15.408
 20
71.227
 10
15.393
 20
71.154
 10
15.37
 20
71.085
 10
15.337
 20
71.019
 10
15.296
 20
70.958
 10
15.248
 20
70.902
 10
15.192
 20
70.854
 10
15.131
 20
70.813
 10
15.065
 20
70.78
 10
14.996
 20
70.757
 10
14.923
 20
70.742
 10
14.85
 20
70.737
 10
14.777
 20
70.742
 10
14.704
 20
70.757
 10
14.635
 20
70.78
 10
14.569
 20
70.813
 10
14.508
 20
70.854
 10
14.452
 20
70.902
 10
14.404
 20
70.958
 10
14.363
 20
71.019
 10
14.33
 20
71.085
 10
14.307
 20
71.154
 10
14.292
 20
71.227
 10
14.288
 20
71.3
 10
14.292
 20
71.373
 10
14.307
 20
71.446
 10
14.33
 20
71.515
 10
14.363
 20
71.581
 10
14.404
 20
71.642
 10
14.452
 20
71.698
 10
14.508
 20
71.746
 10
14.569
 20
71.787
 10
14.635
 20
71.82
 10
14.704
 20
71.843
 10
14.777
 20
71.858
 10
14.85
 20
71.862
 10
14.923
 20
71.858
 10
14.996
 20
71.843
 10
15.065
 20
71.82
 10
15.131
 20
71.787
 10
15.192
 20
71.746
 10
15.248
 20
71.698
 10
15.296
 20
71.642
 10
15.337
 20
71.581
 10
15.37
 20
71.515
 10
15.393
 20
71.446
 10
15.408
 20
71.373
 97
0
 75
0
 76
1
 98
0
  0
HATCH
  5
93
330
17
100
AcDbEntity
  8
RASTER
 62
7
100
AcDbHatch
 10
0.0
 20
0.0
 30
0.0
210
0.0
220
0.0
230
1.0
  2
SOLID
 70
1
 71
0
 91
1
 92
3
 72
0
 73
1
 93
122
 10
14.514
 20
71.866
 10
14.493
 20
71.97
 10
14.459
 20
72.061
 10
14.417
 20
72.146
 10
14.37
 20
72.226
 10
14.318
 20
72.301
 10
14.261
 20
72.372
 10
14.197
 20
72.438
 10
14.129
 20
72.499
 10
14.054
 20
72.555
 10
13.973
 20
72.604
 10
13.887
 20
72.645
 10
13.796
 20
72.679
 10
13.7
 20
72.704
 10
13.601
 20
72.72
 10
13.499
 20
72.726
 10
13.397
 20
72.722
 10
13.295
 20
72.708
 10
13.195
 20
72.685
 10
13.098
 20
72.653
 10
13.004
 20
72.612
 10
12.915
 20
72.565
 10
12.83
 20
72.511
 10
12.749
 20
72.451
 10
12.673
 20
72.387
 10
12.601
 20
72.317
 10
12.533
 20
72.243
 10
12.469
 20
72.165
 10
12.409
 20
72.083
 10
12.352
 20
71.997
 10
12.298
 20
71.908
 10
12.247
 20
71.815
 10
12.199
 20
71.718
 10
12.153
 20
71.619
 10
12.109
 20
71.515
 10
12.068
 20
71.408
 10
12.028
 20
71.298
 10
11.991
 20
71.184
 10
11.955
 20
71.066
 10
11.921
 20
70.945
 10
11.888
 20
70.82
 10
11.857
 20
70.692
 10
11.827
 20
70.56
 10
11.798
 20
70.424
 10
11.771
 20
70.284
 10
11.745
 20
70.141
 10
11.719
 20
69.994
 10
11.695
 20
69.843
 10
11.672
 20
69.688
 10
11.649
 20
69.53
 10
11.627
 20
69.367
 10
11.606
 20
69.201
 10
11.586
 20
69.031
 10
11.566
 20
68.856
 10
11.547
 20
68.678
 10
11.529
 20
68.496
 10
11.511
 20
68.31
 10
11.493
 20
68.12
 10
11.476
 20
67.926
 10
11.459
 20
67.728
 10
11.443
 20
67.526
 10
11.763
 20
67.47
 10
11.817
 20
67.663
 10
11.872
 20
67.852
 10
11.927
 20
68.036
 10
11.982
 20
68.215
 10
12.038
 20
68.39
 10
12.094
 20
68.561
 10
12.15
 20
68.726
 10
12.207
 20
68.887
 10
12.263
 20
69.043
 10
12.32
 20
69.195
 10
12.298
 20
69.362
 10
12.266
 20
69.529
 10
12.315
 20
69.67
 10
12.457
 20
69.78
 10
12.602
 20
69.882
 10
12.658
 20
70.005
 10
12.713
 20
70.123
 10
12.768
 20
70.237
 10
12.823
 20
70.345
 10
12.877
 20
70.449
 10
12.93
 20
70.547
 10
12.983
 20
70.641
 10
13.034
 20
70.73
 10
13.085
 20
70.813
 10
13.135
 20
70.892
 10
13.115
 20
71.0
 10
13.042
 20
71.136
 10
12.991
 20
71.261
 10
13.156
 20
71.256
 10
13.318
 20
71.237
 10
13.401
 20
71.257
 10
13.438
 20
71.3
 10
13.473
 20
71.338
 10
13.505
 20
71.372
 10
13.534
 20
71.401
 10
13.559
 20
71.426
 10
13.581
 20
71.447
 10
13.599
 20
71.464
 10
13.614
 20
71.479
 10
13.625
 20
71.492
 10
13.623
 20
71.524
 10
13.58
 20
71.666
 10
13.557
 20
71.811
 10
13.593
 20
71.77
 10
13.631
 20
71.65
 10
13.647
 20
71.564
 10
13.654
 20
71.58
 10
13.665
 20
71.596
 10
13.681
 20
71.613
 10
13.702
 20
71.629
 10
13.731
 20
71.644
 10
13.766
 20
71.656
 10
13.807
 20
71.665
 10
13.855
 20
71.671
 10
13.909
 20
71.673
 10
13.97
 20
71.672
 10
14.036
 20
71.666
 10
14.109
 20
71.656
 10
14.189
 20
71.643
 10
14.284
 20
71.636
 97
0
 75
0
 76
1
 98
0
  0
HATCH
  5
94
330
17
100
AcDbEntity
  8
RASTER
 62
7
100
AcDbHatch
 10
0.0
 20
0.0
 30
0.0
210
0.0
220
0.0
230
1.0
  2
SOLID
 70
1
 71
0
 91
1
 92
3
 72
0
 73
1
 93
122
 10
14.899
 20
71.956
 10
14.94
 20
72.067
 10
14.96
 20
72.175
 10
14.972
 20
72.28
 10
14.977
 20
72.383
 10
14.975
 20
72.484
 10
14.965
 20
72.584
 10
14.948
 20
72.683
 10
14.922
 20
72.78
 10
14.888
 20
72.876
 10
14.843
 20
72.969
 10
14.789
 20
73.059
 10
14.724
 20
73.144
 10
14.649
 20
73.224
 10
14.563
 20
73.296
 10
14.469
 20
73.358
 10
14.367
 20
73.411
 10
14.26
 20
73.451
 10
14.149
 20
73.481
 10
14.037
 20
73.498
 10
13.924
 20
73.505
 10
13.813
 20
73.502
 10
13.703
 20
73.49
 10
13.595
 20
73.469
 10
13.489
 20
73.441
 10
13.384
 20
73.406
 10
13.282
 20
73.364
 10
13.181
 20
73.316
 10
13.081
 20
73.263
 10
12.982
 20
73.204
 10
12.883
 20
73.139
 10
12.786
 20
73.07
 10
12.688
 20
72.995
 10
12.59
 20
72.915
 10
12.492
 20
72.83
 10
12.394
 20
72.741
 10
12.295
 20
72.646
 10
12.196
 20
72.547
 10
12.096
 20
72.442
 10
11.995
 20
72.333
 10
11.892
 20
72.219
 10
11.789
 20
72.1
 10
11.685
 20
71.976
 10
11.579
 20
71.848
 10
11.472
 20
71.714
 10
11.364
 20
71.576
 10
11.254
 20
71.433
 10
11.143
 20
71.285
 10
11.029
 20
71.133
 10
10.915
 20
70.976
 10
10.798
 20
70.813
 10
10.68
 20
70.647
 10
10.56
 20
70.475
 10
10.438
 20
70.299
 10
10.314
 20
70.118
 10
10.188
 20
69.932
 10
10.06
 20
69.741
 10
9.93
 20
69.546
 10
9.798
 20
69.346
 10
9.663
 20
69.142
 10
9.527
 20
68.932
 10
9.785
 20
68.735
 10
9.951
 20
68.919
 10
10.115
 20
69.098
 10
10.277
 20
69.272
 10
10.436
 20
69.441
 10
10.592
 20
69.605
 10
10.747
 20
69.763
 10
10.898
 20
69.917
 10
11.047
 20
70.065
 10
11.194
 20
70.208
 10
11.338
 20
70.346
 10
11.418
 20
70.533
 10
11.488
 20
70.723
 10
11.619
 20
70.852
 10
11.817
 20
70.911
 10
12.015
 20
70.961
 10
12.141
 20
71.068
 10
12.265
 20
71.171
 10
12.385
 20
71.269
 10
12.502
 20
71.361
 10
12.616
 20
71.449
 10
12.726
 20
71.532
 10
12.833
 20
71.609
 10
12.936
 20
71.682
 10
13.035
 20
71.749
 10
13.131
 20
71.812
 10
13.176
 20
71.93
 10
13.184
 20
72.096
 10
13.207
 20
72.241
 10
13.367
 20
72.175
 10
13.518
 20
72.097
 10
13.614
 20
72.086
 10
13.678
 20
72.116
 10
13.736
 20
72.141
 10
13.788
 20
72.161
 10
13.835
 20
72.179
 10
13.875
 20
72.192
 10
13.909
 20
72.203
 10
13.937
 20
72.212
 10
13.958
 20
72.219
 10
13.973
 20
72.225
 10
13.983
 20
72.255
 10
14.009
 20
72.401
 10
14.055
 20
72.539
 10
14.065
 20
72.487
 10
14.034
 20
72.365
 10
13.998
 20
72.286
 10
14.008
 20
72.299
 10
14.022
 20
72.309
 10
14.043
 20
72.316
 10
14.07
 20
72.317
 10
14.103
 20
72.311
 10
14.141
 20
72.298
 10
14.183
 20
72.277
 10
14.229
 20
72.247
 10
14.278
 20
72.209
 10
14.33
 20
72.163
 10
14.384
 20
72.108
 10
14.441
 20
72.046
 10
14.503
 20
71.975
 10
14.579
 20
71.9
 97
0
 75
0
 76
1
 98
0
  0
HATCH
  5
95
330
17
100
AcDbEntity
  8
RASTER
 62
7
100
AcDbHatch
 10
0.0
 20
0.0
 30
0.0
210
0.0
220
0.0
230
1.0
  2
SOLID
 70
1
 71
0
 91
1
 92
3
 72
0
 73
1
 93
122
 10
15.267
 20
71.809
 10
15.365
 20
71.873
 10
15.448
 20
71.936
 10
15.527
 20
71.994
 10
15.602
 20
72.048
 10
15.674
 20
72.095
 10
15.743
 20
72.138
 10
15.81
 20
72.175
 10
15.874
 20
72.207
 10
15.935
 20
72.234
 10
15.993
 20
72.257
 10
16.048
 20
72.276
 10
16.101
 20
72.291
 10
16.151
 20
72.303
 10
16.199
 20
72.312
 10
16.244
 20
72.319
 10
16.289
 20
72.324
 10
16.332
 20
72.328
 10
16.376
 20
72.331
 10
16.419
 20
72.332
 10
16.464
 20
72.333
 10
16.51
 20
72.333
 10
16.558
 20
72.332
 10
16.609
 20
72.329
 10
16.663
 20
72.325
 10
16.72
 20
72.32
 10
16.781
 20
72.312
 10
16.845
 20
72.303
 10
16.913
 20
72.291
 10
16.986
 20
72.276
 10
17.062
 20
72.258
 10
17.142
 20
72.237
 10
17.226
 20
72.213
 10
17.314
 20
72.185
 10
17.405
 20
72.154
 10
17.5
 20
72.119
 10
17.599
 20
72.08
 10
17.702
 20
72.037
 10
17.807
 20
71.99
 10
17.916
 20
71.938
 10
18.029
 20
71.883
 10
18.144
 20
71.823
 10
18.263
 20
71.759
 10
18.384
 20
71.691
 10
18.509
 20
71.618
 10
18.636
 20
71.541
 10
18.766
 20
71.459
 10
18.898
 20
71.373
 10
19.033
 20
71.282
 10
19.171
 20
71.187
 10
19.311
 20
71.087
 10
19.453
 20
70.983
 10
19.598
 20
70.874
 10
19.745
 20
70.761
 10
19.894
 20
70.643
 10
20.045
 20
70.52
 10
20.199
 20
70.393
 10
20.354
 20
70.261
 10
20.511
 20
70.124
 10
20.671
 20
69.983
 10
20.832
 20
69.837
 10
21.072
 20
70.057
 10
20.937
 20
70.231
 10
20.804
 20
70.401
 10
20.672
 20
70.567
 10
20.542
 20
70.73
 10
20.413
 20
70.888
 10
20.286
 20
71.042
 10
20.16
 20
71.192
 10
20.035
 20
71.337
 10
19.911
 20
71.479
 10
19.789
 20
71.617
 10
19.614
 20
71.69
 10
19.434
 20
71.749
 10
19.311
 20
71.867
 10
19.25
 20
72.055
 10
19.191
 20
72.244
 10
19.074
 20
72.356
 10
18.957
 20
72.465
 10
18.841
 20
72.569
 10
18.726
 20
72.669
 10
18.611
 20
72.765
 10
18.496
 20
72.856
 10
18.381
 20
72.943
 10
18.267
 20
73.025
 10
18.152
 20
73.102
 10
18.038
 20
73.175
 10
17.891
 20
73.175
 10
17.722
 20
73.111
 10
17.57
 20
73.061
 10
17.511
 20
73.239
 10
17.445
 20
73.417
 10
17.345
 20
73.508
 10
17.228
 20
73.545
 10
17.11
 20
73.576
 10
16.992
 20
73.6
 10
16.874
 20
73.618
 10
16.756
 20
73.629
 10
16.637
 20
73.633
 10
16.52
 20
73.63
 10
16.403
 20
73.62
 10
16.287
 20
73.602
 10
16.178
 20
73.553
 10
16.103
 20
73.385
 10
16.045
 20
73.218
 10
15.936
 20
73.23
 10
15.792
 20
73.304
 10
15.654
 20
73.333
 10
15.565
 20
73.263
 10
15.48
 20
73.188
 10
15.402
 20
73.107
 10
15.33
 20
73.021
 10
15.264
 20
72.931
 10
15.205
 20
72.836
 10
15.152
 20
72.737
 10
15.105
 20
72.635
 10
15.064
 20
72.53
 10
15.029
 20
72.421
 10
15.001
 20
72.309
 10
14.98
 20
72.194
 10
14.967
 20
72.074
 10
14.972
 20
71.946
 97
0
 75
0
 76
1
 98
0
  0
HATCH
  5
96
330
17
100
AcDbEntity
  8
RASTER
 62
7
100
AcDbHatch
 10
0.0
 20
0.0
 30
0.0
210
0.0
220
0.0
230
1.0
  2
SOLID
 70
1
 71
0
 91
1
 92
3
 72
0
 73
1
 93
122
 10
15.483
 20
71.478
 10
15.602
 20
71.475
 10
15.711
 20
71.483
 10
15.815
 20
71.491
 10
15.915
 20
71.498
 10
16.012
 20
71.505
 10
16.106
 20
71.51
 10
16.197
 20
71.513
 10
16.286
 20
71.516
 10
16.372
 20
71.516
 10
16.455
 20
71.516
 10
16.537
 20
71.514
 10
16.616
 20
71.511
 10
16.694
 20
71.507
 10
16.769
 20
71.501
 10
16.843
 20
71.495
 10
16.916
 20
71.488
 10
16.988
 20
71.48
 10
17.059
 20
71.47
 10
17.129
 20
71.46
 10
17.198
 20
71.45
 10
17.267
 20
71.438
 10
17.336
 20
71.425
 10
17.406
 20
71.411
 10
17.475
 20
71.396
 10
17.545
 20
71.38
 10
17.616
 20
71.363
 10
17.687
 20
71.344
 10
17.759
 20
71.324
 10
17.833
 20
71.302
 10
17.907
 20
71.279
 10
17.983
 20
71.253
 10
18.06
 20
71.226
 10
18.138
 20
71.196
 10
18.217
 20
71.164
 10
18.298
 20
71.13
 10
18.381
 20
71.093
 10
18.464
 20
71.054
 10
18.549
 20
71.012
 10
18.636
 20
70.967
 10
18.723
 20
70.919
 10
18.812
 20
70.868
 10
18.902
 20
70.815
 10
18.993
 20
70.758
 10
19.086
 20
70.698
 10
19.179
 20
70.635
 10
19.273
 20
70.568
 10
19.368
 20
70.498
 10
19.464
 20
70.425
 10
19.561
 20
70.349
 10
19.659
 20
70.269
 10
19.757
 20
70.186
 10
19.855
 20
70.099
 10
19.955
 20
70.008
 10
20.054
 20
69.915
 10
20.155
 20
69.817
 10
20.255
 20
69.717
 10
20.356
 20
69.612
 10
20.457
 20
69.505
 10
20.558
 20
69.393
 10
20.659
 20
69.278
 10
20.929
 20
69.459
 10
20.858
 20
69.599
 10
20.786
 20
69.736
 10
20.714
 20
69.871
 10
20.641
 20
70.004
 10
20.568
 20
70.133
 10
20.494
 20
70.26
 10
20.42
 20
70.385
 10
20.345
 20
70.507
 10
20.269
 20
70.626
 10
20.192
 20
70.743
 10
20.055
 20
70.802
 10
19.911
 20
70.849
 10
19.828
 20
70.95
 10
19.811
 20
71.116
 10
19.794
 20
71.286
 10
19.711
 20
71.386
 10
19.627
 20
71.483
 10
19.541
 20
71.578
 10
19.454
 20
71.669
 10
19.366
 20
71.757
 10
19.276
 20
71.843
 10
19.185
 20
71.925
 10
19.092
 20
72.003
 10
18.997
 20
72.078
 10
18.901
 20
72.15
 10
18.767
 20
72.152
 10
18.605
 20
72.093
 10
18.46
 20
72.049
 10
18.422
 20
72.226
 10
18.377
 20
72.405
 10
18.292
 20
72.501
 10
18.185
 20
72.545
 10
18.077
 20
72.585
 10
17.968
 20
72.619
 10
17.857
 20
72.65
 10
17.746
 20
72.675
 10
17.634
 20
72.696
 10
17.522
 20
72.711
 10
17.409
 20
72.721
 10
17.297
 20
72.727
 10
17.183
 20
72.704
 10
17.07
 20
72.559
 10
16.966
 20
72.414
 10
16.861
 20
72.458
 10
16.747
 20
72.575
 10
16.628
 20
72.649
 10
16.52
 20
72.619
 10
16.414
 20
72.583
 10
16.309
 20
72.542
 10
16.206
 20
72.496
 10
16.105
 20
72.445
 10
16.006
 20
72.39
 10
15.91
 20
72.33
 10
15.815
 20
72.265
 10
15.724
 20
72.196
 10
15.635
 20
72.122
 10
15.549
 20
72.043
 10
15.467
 20
71.958
 10
15.389
 20
71.867
 10
15.321
 20
71.759
 97
0
 75
0
 76
1
 98
0
  0
HATCH
  5
97
330
17
100
AcDbEntity
  8
RASTER
 62
7
100
AcDbHatch
 10
0.0
 20
0.0
 30
0.0
210
0.0
220
0.0
230
1.0
  2
SOLID
 70
1
 71
0
 91
1
 92
3
 72
0
 73
1
 93
122
 10
15.471
 20
71.083
 10
15.554
 20
71.014
 10
15.637
 20
70.96
 10
15.718
 20
70.911
 10
15.797
 20
70.864
 10
15.875
 20
70.819
 10
15.952
 20
70.775
 10
16.028
 20
70.732
 10
16.102
 20
70.691
 10
16.175
 20
70.65
 10
16.246
 20
70.61
 10
16.317
 20
70.571
 10
16.386
 20
70.532
 10
16.455
 20
70.495
 10
16.523
 20
70.457
 10
16.589
 20
70.421
 10
16.656
 20
70.385
 10
16.721
 20
70.349
 10
16.786
 20
70.314
 10
16.85
 20
70.28
 10
16.914
 20
70.245
 10
16.977
 20
70.212
 10
17.04
 20
70.178
 10
17.103
 20
70.144
 10
17.166
 20
70.111
 10
17.228
 20
70.078
 10
17.29
 20
70.045
 10
17.352
 20
70.011
 10
17.415
 20
69.978
 10
17.477
 20
69.944
 10
17.539
 20
69.91
 10
17.602
 20
69.876
 10
17.664
 20
69.841
 10
17.727
 20
69.806
 10
17.79
 20
69.771
 10
17.853
 20
69.734
 10
17.916
 20
69.697
 10
17.979
 20
69.659
 10
18.043
 20
69.621
 10
18.107
 20
69.581
 10
18.171
 20
69.54
 10
18.235
 20
69.498
 10
18.299
 20
69.455
 10
18.364
 20
69.411
 10
18.428
 20
69.366
 10
18.493
 20
69.319
 10
18.558
 20
69.271
 10
18.622
 20
69.222
 10
18.687
 20
69.171
 10
18.752
 20
69.118
 10
18.816
 20
69.064
 10
18.88
 20
69.009
 10
18.945
 20
68.951
 10
19.009
 20
68.892
 10
19.072
 20
68.832
 10
19.136
 20
68.769
 10
19.199
 20
68.705
 10
19.261
 20
68.64
 10
19.323
 20
68.572
 10
19.385
 20
68.503
 10
19.446
 20
68.432
 10
19.732
 20
68.586
 10
19.703
 20
68.679
 10
19.673
 20
68.773
 10
19.641
 20
68.865
 10
19.609
 20
68.957
 10
19.575
 20
69.048
 10
19.54
 20
69.138
 10
19.504
 20
69.227
 10
19.467
 20
69.316
 10
19.428
 20
69.404
 10
19.388
 20
69.491
 10
19.283
 20
69.527
 10
19.169
 20
69.554
 10
19.12
 20
69.631
 10
19.143
 20
69.769
 10
19.166
 20
69.91
 10
19.116
 20
69.991
 10
19.065
 20
70.071
 10
19.013
 20
70.149
 10
18.958
 20
70.226
 10
18.902
 20
70.302
 10
18.845
 20
70.376
 10
18.785
 20
70.449
 10
18.724
 20
70.52
 10
18.661
 20
70.59
 10
18.596
 20
70.658
 10
18.482
 20
70.664
 10
18.332
 20
70.617
 10
18.199
 20
70.584
 10
18.209
 20
70.753
 10
18.216
 20
70.926
 10
18.17
 20
71.025
 10
18.093
 20
71.079
 10
18.014
 20
71.13
 10
17.934
 20
71.179
 10
17.852
 20
71.226
 10
17.769
 20
71.27
 10
17.685
 20
71.312
 10
17.599
 20
71.351
 10
17.512
 20
71.387
 10
17.423
 20
71.421
 10
17.325
 20
71.43
 10
17.184
 20
71.328
 10
17.047
 20
71.225
 10
16.979
 20
71.301
 10
16.933
 20
71.449
 10
16.871
 20
71.561
 10
16.776
 20
71.573
 10
16.68
 20
71.583
 10
16.583
 20
71.589
 10
16.486
 20
71.593
 10
16.389
 20
71.593
 10
16.291
 20
71.589
 10
16.193
 20
71.582
 10
16.094
 20
71.572
 10
15.996
 20
71.558
 10
15.897
 20
71.54
 10
15.798
 20
71.518
 10
15.699
 20
71.491
 10
15.599
 20
71.458
 10
15.499
 20
71.406
 97
0
 75
0
 76
1
 98
0
  0
LWPOLYLINE
  5
98
330
17
100
AcDbEntity
  8
CUT
100
AcDbPolyline
 90
376
 70
1
 10
83.048
 20
104.903
 10
83.353
 20
105.247
 10
83.697
 20
105.552
 10
84.082
 20
105.815
 10
84.506
 20
106.037
 10
84.969
 20
106.218
 10
85.22
 20
106.288
 10
85.47
 20
106.358
 10
85.739
 20
106.408
 10
86.009
 20
106.458
 10
86.297
 20
106.488
 10
86.585
 20
106.518
 10
86.893
 20
106.528
 10
87.198
 20
106.538
 10
87.696
 20
106.538
 10
88.192
 20
106.538
 10
88.689
 20
106.538
 10
89.185
 20
106.538
 10
89.912
 20
106.538
 10
89.912
 20
103.938
 10
98.687
 20
103.938
 10
98.687
 20
106.538
 10
99.109
 20
106.538
 10
99.605
 20
106.538
 10
100.101
 20
106.538
 10
100.597
 20
106.538
 10
101.094
 20
106.538
 10
101.59
 20
106.538
 10
102.086
 20
106.538
 10
102.582
 20
106.538
 10
103.078
 20
106.538
 10
103.575
 20
106.538
 10
104.071
 20
106.538
 10
104.567
 20
106.538
 10
105.063
 20
106.538
 10
105.559
 20
106.538
 10
106.056
 20
106.538
 10
106.552
 20
106.538
 10
107.048
 20
106.538
 10
107.544
 20
106.538
 10
108.041
 20
106.538
 10
108.537
 20
106.538
 10
109.033
 20
106.538
 10
109.529
 20
106.538
 10
110.025
 20
106.538
 10
110.522
 20
106.538
 10
111.018
 20
106.538
 10
111.514
 20
106.538
 10
112.01
 20
106.538
 10
112.506
 20
106.538
 10
113.003
 20
106.538
 10
113.499
 20
106.538
 10
113.995
 20
106.538
 10
114.491
 20
106.538
 10
114.912
 20
106.538
 10
114.912
 20
103.938
 10
123.687
 20
103.938
 10
123.687
 20
106.538
 10
124.415
 20
106.538
 10
124.911
 20
106.538
 10
125.408
 20
106.538
 10
125.904
 20
106.538
 10
126.402
 20
106.538
 10
126.707
 20
106.528
 10
127.015
 20
106.518
 10
127.303
 20
106.488
 10
127.591
 20
106.458
 10
127.861
 20
106.408
 10
128.13
 20
106.358
 10
128.38
 20
106.288
 10
128.631
 20
106.218
 10
129.094
 20
106.037
 10
129.518
 20
105.815
 10
129.903
 20
105.552
 10
130.247
 20
105.247
 10
130.552
 20
104.903
 10
130.815
 20
104.518
 10
131.037
 20
104.094
 10
131.218
 20
103.631
 10
131.288
 20
103.38
 10
131.358
 20
103.13
 10
131.408
 20
102.861
 10
131.458
 20
102.591
 10
131.488
 20
102.303
 10
131.518
 20
102.015
 10
131.528
 20
101.707
 10
131.537
 20
101.402
 10
131.537
 20
100.9
 10
131.537
 20
100.4
 10
131.537
 20
99.9
 10
131.537
 20
99.4
 10
131.537
 20
98.687
 10
128.937
 20
98.687
 10
128.937
 20
89.913
 10
131.537
 20
89.913
 10
131.537
 20
89.4
 10
131.537
 20
88.9
 10
131.537
 20
88.4
 10
131.537
 20
87.9
 10
131.537
 20
87.4
 10
131.537
 20
86.9
 10
131.537
 20
86.402
 10
131.547
 20
86.102
 10
131.557
 20
85.804
 10
131.586
 20
85.525
 10
131.614
 20
85.248
 10
131.662
 20
84.989
 10
131.71
 20
84.732
 10
131.777
 20
84.494
 10
131.843
 20
84.256
 10
132.014
 20
83.82
 10
132.221
 20
83.424
 10
132.466
 20
83.067
 10
132.747
 20
82.747
 10
133.067
 20
82.466
 10
133.424
 20
82.221
 10
133.82
 20
82.014
 10
134.256
 20
81.843
 10
134.494
 20
81.777
 10
134.732
 20
81.71
 10
134.989
 20
81.662
 10
135.248
 20
81.614
 10
135.525
 20
81.586
 10
135.804
 20
81.557
 10
136.102
 20
81.547
 10
136.402
 20
81.538
 10
136.9
 20
81.538
 10
137.4
 20
81.538
 10
137.9
 20
81.538
 10
138.4
 20
81.538
 10
138.9
 20
81.538
 10
139.4
 20
81.538
 10
139.912
 20
81.538
 10
139.912
 20
78.937
 10
148.688
 20
78.937
 10
148.688
 20
81.538
 10
149.4
 20
81.538
 10
149.9
 20
81.538
 10
150.4
 20
81.538
 10
150.9
 20
81.538
 10
151.402
 20
81.538
 10
151.707
 20
81.528
 10
152.015
 20
81.518
 10
152.303
 20
81.488
 10
152.591
 20
81.458
 10
152.861
 20
81.408
 10
153.13
 20
81.358
 10
153.38
 20
81.288
 10
153.631
 20
81.218
 10
154.094
 20
81.037
 10
154.518
 20
80.815
 10
154.903
 20
80.552
 10
155.247
 20
80.247
 10
155.552
 20
79.903
 10
155.815
 20
79.518
 10
156.037
 20
79.094
 10
156.218
 20
78.631
 10
156.288
 20
78.38
 10
156.358
 20
78.13
 10
156.408
 20
77.861
 10
156.458
 20
77.591
 10
156.488
 20
77.303
 10
156.518
 20
77.015
 10
156.528
 20
76.707
 10
156.537
 20
76.402
 10
156.537
 20
75.91
 10
156.537
 20
75.421
 10
156.537
 20
74.931
 10
156.537
 20
74.441
 10
156.537
 20
73.687
 10
153.937
 20
73.687
 10
153.937
 20
64.912
 10
156.537
 20
64.912
 10
156.537
 20
64.159
 10
156.537
 20
63.669
 10
156.537
 20
63.179
 10
156.537
 20
62.69
 10
156.537
 20
62.198
 10
156.528
 20
61.893
 10
156.518
 20
61.585
 10
156.488
 20
61.297
 10
156.458
 20
61.009
 10
156.408
 20
60.739
 10
156.358
 20
60.47
 10
156.288
 20
60.22
 10
156.218
 20
59.969
 10
156.037
 20
59.506
 10
155.815
 20
59.082
 10
155.552
 20
58.697
 10
155.247
 20
58.353
 10
154.903
 20
58.048
 10
154.518
 20
57.785
 10
154.094
 20
57.563
 10
153.631
 20
57.382
 10
153.38
 20
57.312
 10
153.13
 20
57.242
 10
152.861
 20
57.192
 10
152.591
 20
57.142
 10
152.303
 20
57.112
 10
152.015
 20
57.082
 10
151.707
 20
57.072
 10
151.402
 20
57.062
 10
150.904
 20
57.062
 10
150.408
 20
57.062
 10
149.911
 20
57.062
 10
149.415
 20
57.062
 10
148.688
 20
57.062
 10
148.688
 20
59.662
 10
139.912
 20
59.662
 10
139.912
 20
57.062
 10
139.491
 20
57.062
 10
138.995
 20
57.062
 10
138.499
 20
57.062
 10
138.003
 20
57.062
 10
137.506
 20
57.062
 10
137.01
 20
57.062
 10
136.514
 20
57.062
 10
136.018
 20
57.062
 10
135.522
 20
57.062
 10
135.025
 20
57.062
 10
134.529
 20
57.062
 10
134.033
 20
57.062
 10
133.537
 20
57.062
 10
133.041
 20
57.062
 10
132.544
 20
57.062
 10
132.048
 20
57.062
 10
131.552
 20
57.062
 10
131.056
 20
57.062
 10
130.559
 20
57.062
 10
130.063
 20
57.062
 10
129.567
 20
57.062
 10
129.071
 20
57.062
 10
128.575
 20
57.062
 10
128.078
 20
57.062
 10
127.582
 20
57.062
 10
127.086
 20
57.062
 10
126.59
 20
57.062
 10
126.094
 20
57.062
 10
125.597
 20
57.062
 10
125.101
 20
57.062
 10
124.605
 20
57.062
 10
124.109
 20
57.062
 10
123.687
 20
57.062
 10
123.687
 20
59.662
 10
114.912
 20
59.662
 10
114.912
 20
57.062
 10
114.185
 20
57.062
 10
113.689
 20
57.062
 10
113.192
 20
57.062
 10
112.696
 20
57.062
 10
112.198
 20
57.062
 10
111.893
 20
57.072
 10
111.585
 20
57.082
 10
111.297
 20
57.112
 10
111.009
 20
57.142
 10
110.739
 20
57.192
 10
110.47
 20
57.242
 10
110.22
 20
57.312
 10
109.969
 20
57.382
 10
109.506
 20
57.563
 10
109.082
 20
57.785
 10
108.697
 20
58.048
 10
108.353
 20
58.353
 10
108.048
 20
58.697
 10
107.785
 20
59.082
 10
107.563
 20
59.506
 10
107.382
 20
59.969
 10
107.312
 20
60.22
 10
107.242
 20
60.47
 10
107.192
 20
60.739
 10
107.142
 20
61.009
 10
107.112
 20
61.297
 10
107.082
 20
61.585
 10
107.072
 20
61.893
 10
107.062
 20
62.198
 10
107.062
 20
62.7
 10
107.062
 20
63.2
 10
107.062
 20
63.7
 10
107.062
 20
64.2
 10
107.062
 20
64.912
 10
109.662
 20
64.912
 10
109.662
 20
73.687
 10
107.062
 20
73.687
 10
107.062
 20
74.2
 10
107.062
 20
74.7
 10
107.062
 20
75.2
 10
107.062
 20
75.7
 10
107.062
 20
76.2
 10
107.062
 20
76.7
 10
107.062
 20
77.198
 10
107.053
 20
77.498
 10
107.043
 20
77.796
 10
107.014
 20
78.075
 10
106.986
 20
78.352
 10
106.938
 20
78.611
 10
106.89
 20
78.868
 10
106.823
 20
79.106
 10
106.757
 20
79.344
 10
106.586
 20
79.78
 10
106.379
 20
80.176
 10
106.134
 20
80.533
 10
105.853
 20
80.853
 10
105.533
 20
81.134
 10
105.176
 20
81.379
 10
104.78
 20
81.586
 10
104.344
 20
81.757
 10
104.106
 20
81.823
 10
103.868
 20
81.89
 10
103.611
 20
81.938
 10
103.352
 20
81.986
 10
103.075
 20
82.014
 10
102.796
 20
82.043
 10
102.498
 20
82.053
 10
102.198
 20
82.062
 10
101.7
 20
82.062
 10
101.2
 20
82.062
 10
100.7
 20
82.062
 10
100.2
 20
82.062
 10
99.7
 20
82.062
 10
99.2
 20
82.062
 10
98.687
 20
82.062
 10
98.687
 20
84.662
 10
89.912
 20
84.662
 10
89.912
 20
82.062
 10
89.2
 20
82.062
 10
88.7
 20
82.062
 10
88.2
 20
82.062
 10
87.7
 20
82.062
 10
87.198
 20
82.062
 10
86.893
 20
82.072
 10
86.585
 20
82.082
 10
86.297
 20
82.112
 10
86.009
 20
82.142
 10
85.739
 20
82.192
 10
85.47
 20
82.242
 10
85.22
 20
82.312
 10
84.969
 20
82.382
 10
84.506
 20
82.563
 10
84.082
 20
82.785
 10
83.697
 20
83.048
 10
83.353
 20
83.353
 10
83.048
 20
83.697
 10
82.785
 20
84.082
 10
82.563
 20
84.506
 10
82.382
 20
84.969
 10
82.312
 20
85.22
 10
82.242
 20
85.47
 10
82.192
 20
85.739
 10
82.142
 20
86.009
 10
82.112
 20
86.297
 10
82.082
 20
86.585
 10
82.072
 20
86.893
 10
82.062
 20
87.198
 10
82.062
 20
87.69
 10
82.062
 20
88.179
 10
82.062
 20
88.669
 10
82.062
 20
89.159
 10
82.062
 20
89.913
 10
84.662
 20
89.913
 10
84.662
 20
98.687
 10
82.062
 20
98.687
 10
82.062
 20
99.441
 10
82.062
 20
99.931
 10
82.062
 20
100.421
 10
82.062
 20
100.91
 10
82.062
 20
101.402
 10
82.072
 20
101.707
 10
82.082
 20
102.015
 10
82.112
 20
102.303
 10
82.142
 20
102.591
 10
82.192
 20
102.861
 10
82.242
 20
103.13
 10
82.312
 20
103.38
 10
82.382
 20
103.631
 10
82.563
 20
104.094
 10
82.785
 20
104.518
  0
HATCH
  5
99
330
17
100
AcDbEntity
  8
RASTER
 62
7
100
AcDbHatch
 10
0.0
 20
0.0
 30
0.0
210
0.0
220
0.0
230
1.0
  2
SOLID
 70
1
 71
0
 91
2
 92
3
 72
0
 73
1
 93
390
 10
84.43
 20
98.732
 10
84.358
 20
99.04
 10
84.281
 20
99.371
 10
84.197
 20
100.012
 10
84.219
 20
100.646
 10
84.366
 20
101.246
 10
84.633
 20
101.782
 10
84.995
 20
102.233
 10
85.419
 20
102.59
 10
85.873
 20
102.859
 10
86.331
 20
103.054
 10
86.777
 20
103.199
 10
87.211
 20
103.32
 10
87.646
 20
103.438
 10
88.101
 20
103.566
 10
88.6
 20
103.701
 10
89.158
 20
103.828
 10
89.46
 20
103.875
 10
89.769
 20
103.919
 10
90.377
 20
103.967
 10
90.979
 20
103.996
 10
91.572
 20
104.021
 10
92.154
 20
104.066
 10
92.734
 20
104.144
 10
93.318
 20
104.258
 10
93.916
 20
104.389
 10
94.532
 20
104.501
 10
95.164
 20
104.555
 10
95.804
 20
104.518
 10
96.436
 20
104.389
 10
97.052
 20
104.196
 10
97.648
 20
103.987
 10
98.224
 20
103.81
 10
98.784
 20
103.7
 10
99.34
 20
103.671
 10
99.904
 20
103.715
 10
100.485
 20
103.81
 10
101.082
 20
103.923
 10
101.69
 20
104.021
 10
102.3
 20
104.088
 10
102.906
 20
104.126
 10
103.501
 20
104.156
 10
104.088
 20
104.198
 10
104.673
 20
104.265
 10
105.265
 20
104.353
 10
105.871
 20
104.44
 10
106.493
 20
104.494
 10
107.126
 20
104.478
 10
107.759
 20
104.377
 10
108.38
 20
104.204
 10
108.983
 20
103.997
 10
109.565
 20
103.807
 10
110.129
 20
103.675
 10
110.681
 20
103.625
 10
111.237
 20
103.66
 10
111.807
 20
103.766
 10
112.396
 20
103.91
 10
113.002
 20
104.054
 10
113.618
 20
104.164
 10
114.234
 20
104.228
 10
114.843
 20
104.255
 10
115.441
 20
104.268
 10
116.031
 20
104.288
 10
116.62
 20
104.326
 10
117.217
 20
104.376
 10
117.827
 20
104.414
 10
118.45
 20
104.41
 10
119.078
 20
104.339
 10
119.702
 20
104.198
 10
120.311
 20
104.011
 10
120.901
 20
103.822
 10
121.47
 20
103.676
 10
122.024
 20
103.606
 10
122.575
 20
103.625
 10
123.136
 20
103.728
 10
123.719
 20
103.889
 10
124.023
 20
103.971
 10
124.345
 20
104.054
 10
124.972
 20
104.141
 10
125.58
 20
104.127
 10
126.149
 20
104.012
 10
126.668
 20
103.816
 10
127.134
 20
103.557
 10
127.548
 20
103.253
 10
127.917
 20
102.912
 10
128.248
 20
102.535
 10
128.54
 20
102.118
 10
128.791
 20
101.657
 10
128.988
 20
101.145
 10
129.112
 20
100.583
 10
129.142
 20
99.98
 10
129.072
 20
99.354
 10
128.996
 20
99.029
 10
128.917
 20
98.721
 10
128.76
 20
98.153
 10
128.647
 20
97.604
 10
128.606
 20
97.07
 10
128.648
 20
96.537
 10
128.768
 20
95.992
 10
128.943
 20
95.43
 10
129.135
 20
94.849
 10
129.301
 20
94.251
 10
129.408
 20
93.643
 10
129.443
 20
93.034
 10
129.42
 20
92.434
 10
129.365
 20
91.848
 10
129.307
 20
91.274
 10
129.264
 20
90.705
 10
129.238
 20
90.135
 10
129.219
 20
89.556
 10
129.187
 20
88.968
 10
129.121
 20
88.373
 10
129.016
 20
87.779
 10
128.885
 20
87.195
 10
128.755
 20
86.627
 10
128.663
 20
86.075
 10
128.636
 20
85.537
 10
128.687
 20
85.002
 10
128.814
 20
84.458
 10
128.996
 20
83.9
 10
129.11
 20
83.606
 10
129.221
 20
83.315
 10
129.442
 20
82.781
 10
129.633
 20
82.292
 10
129.791
 20
81.84
 10
129.928
 20
81.423
 10
130.067
 20
81.037
 10
130.227
 20
80.68
 10
130.424
 20
80.353
 10
130.668
 20
80.058
 10
130.965
 20
79.798
 10
131.317
 20
79.577
 10
131.723
 20
79.392
 10
132.181
 20
79.237
 10
132.69
 20
79.102
 10
133.244
 20
78.977
 10
133.548
 20
78.921
 10
133.851
 20
78.861
 10
134.441
 20
78.763
 10
135.018
 20
78.698
 10
135.581
 20
78.695
 10
136.142
 20
78.77
 10
136.714
 20
78.92
 10
137.304
 20
79.12
 10
137.915
 20
79.327
 10
138.545
 20
79.489
 10
139.188
 20
79.565
 10
139.829
 20
79.542
 10
140.457
 20
79.441
 10
141.067
 20
79.302
 10
141.659
 20
79.168
 10
142.242
 20
79.065
 10
142.823
 20
79.003
 10
143.412
 20
78.973
 10
144.012
 20
78.955
 10
144.619
 20
78.926
 10
145.227
 20
78.876
 10
145.827
 20
78.816
 10
146.413
 20
78.769
 10
146.985
 20
78.765
 10
147.551
 20
78.825
 10
148.123
 20
78.952
 10
148.713
 20
79.135
 10
149.025
 20
79.228
 10
149.362
 20
79.321
 10
150.012
 20
79.419
 10
150.653
 20
79.393
 10
151.251
 20
79.233
 10
151.781
 20
78.959
 10
152.227
 20
78.601
 10
152.587
 20
78.191
 10
152.869
 20
77.759
 10
153.089
 20
77.322
 10
153.267
 20
76.888
 10
153.421
 20
76.452
 10
153.562
 20
76.0
 10
153.692
 20
75.516
 10
153.799
 20
74.988
 10
153.867
 20
74.41
 10
153.875
 20
74.102
 10
153.879
 20
73.795
 10
153.86
 20
73.192
 10
153.849
 20
72.603
 10
153.87
 20
72.025
 10
153.945
 20
71.452
 10
154.075
 20
70.875
 10
154.245
 20
70.283
 10
154.421
 20
69.672
 10
154.553
 20
69.042
 10
154.599
 20
68.397
 10
154.54
 20
67.752
 10
154.393
 20
67.121
 10
154.201
 20
66.51
 10
154.014
 20
65.919
 10
153.872
 20
65.343
 10
153.793
 20
64.77
 10
153.769
 20
64.491
 10
153.761
 20
64.208
 10
153.735
 20
63.648
 10
153.684
 20
63.113
 10
153.585
 20
62.602
 10
153.429
 20
62.124
 10
153.218
 20
61.689
 10
152.964
 20
61.299
 10
152.675
 20
60.947
 10
152.357
 20
60.625
 10
152.009
 20
60.319
 10
151.623
 20
60.02
 10
151.187
 20
59.727
 10
150.689
 20
59.45
 10
150.119
 20
59.214
 10
149.488
 20
59.061
 10
149.129
 20
59.035
 10
148.782
 20
59.036
 10
148.14
 20
59.133
 10
147.518
 20
59.307
 10
146.915
 20
59.515
 10
146.333
 20
59.704
 10
145.767
 20
59.837
 10
145.209
 20
59.896
 10
144.646
 20
59.882
 10
144.069
 20
59.813
 10
143.475
 20
59.722
 10
142.871
 20
59.637
 10
142.262
 20
59.577
 10
141.659
 20
59.541
 10
141.065
 20
59.511
 10
140.48
 20
59.465
 10
139.898
 20
59.39
 10
139.309
 20
59.287
 10
138.707
 20
59.176
 10
138.088
 20
59.092
 10
137.454
 20
59.074
 10
136.817
 20
59.145
 10
136.19
 20
59.3
 10
135.581
 20
59.504
 10
134.992
 20
59.707
 10
134.422
 20
59.865
 10
133.866
 20
59.946
 10
133.312
 20
59.944
 10
132.745
 20
59.869
 10
132.16
 20
59.748
 10
131.559
 20
59.618
 10
130.948
 20
59.511
 10
130.334
 20
59.442
 10
129.727
 20
59.407
 10
129.13
 20
59.383
 10
128.542
 20
59.35
 10
127.954
 20
59.296
 10
127.359
 20
59.226
 10
126.751
 20
59.163
 10
126.128
 20
59.14
 10
125.497
 20
59.186
 10
124.868
 20
59.31
 10
124.253
 20
59.494
 10
123.657
 20
59.695
 10
123.081
 20
59.866
 10
122.523
 20
59.969
 10
121.972
 20
59.985
 10
121.414
 20
59.916
 10
120.839
 20
59.781
 10
120.244
 20
59.618
 10
119.634
 20
59.466
 10
119.014
 20
59.359
 10
118.395
 20
59.305
 10
117.785
 20
59.292
 10
117.186
 20
59.295
 10
116.596
 20
59.29
 10
116.006
 20
59.27
 10
115.408
 20
59.24
 10
114.793
 20
59.225
 10
114.466
 20
59.243
 10
114.124
 20
59.277
 10
113.508
 20
59.43
 10
112.951
 20
59.673
 10
112.473
 20
59.974
 10
112.072
 20
60.299
 10
111.738
 20
60.619
 10
111.451
 20
60.917
 10
111.187
 20
61.195
 10
110.922
 20
61.466
 10
110.636
 20
61.754
 10
110.325
 20
62.085
 10
110.002
 20
62.479
 10
109.694
 20
62.95
 10
109.436
 20
63.501
 10
109.265
 20
64.116
 10
109.223
 20
64.459
 10
109.2
 20
64.789
 10
109.213
 20
65.39
 10
109.25
 20
65.973
 10
109.287
 20
66.546
 10
109.309
 20
67.116
 10
109.317
 20
67.689
 10
109.326
 20
68.272
 10
109.358
 20
68.865
 10
109.433
 20
69.464
 10
109.553
 20
70.059
 10
109.701
 20
70.643
 10
109.845
 20
71.211
 10
109.948
 20
71.76
 10
109.982
 20
72.297
 10
109.936
 20
72.83
 10
109.811
 20
73.374
 10
109.631
 20
73.936
 10
109.432
 20
74.518
 10
109.26
 20
75.116
 10
109.15
 20
75.727
 10
109.118
 20
76.339
 10
109.152
 20
76.942
 10
109.225
 20
77.531
 10
109.304
 20
78.106
 10
109.368
 20
78.674
 10
109.41
 20
79.241
 10
109.437
 20
79.809
 10
109.442
 20
80.108
 10
109.45
 20
80.406
 10
109.446
 20
80.969
 10
109.427
 20
81.504
 10
109.382
 20
82.011
 10
109.294
 20
82.486
 10
109.148
 20
82.923
 10
108.935
 20
83.312
 10
108.655
 20
83.641
 10
108.311
 20
83.899
 10
107.912
 20
84.078
 10
107.47
 20
84.175
 10
106.994
 20
84.199
 10
106.489
 20
84.166
 10
105.955
 20
84.107
 10
105.391
 20
84.061
 10
105.09
 20
84.048
 10
104.774
 20
84.06
 10
104.158
 20
84.123
 10
103.543
 20
84.236
 10
102.945
 20
84.358
 10
102.358
 20
84.458
 10
101.774
 20
84.524
 10
101.184
 20
84.561
 10
100.583
 20
84.588
 10
99.975
 20
84.628
 10
99.365
 20
84.691
 10
98.762
 20
84.772
 10
98.173
 20
84.845
 10
97.599
 20
84.878
 10
97.035
 20
84.848
 10
96.47
 20
84.744
 10
95.891
 20
84.574
 10
95.293
 20
84.37
 10
94.674
 20
84.178
 10
94.037
 20
84.049
 10
93.392
 20
84.017
 10
92.753
 20
84.083
 10
92.13
 20
84.218
 10
91.527
 20
84.376
 10
90.94
 20
84.517
 10
90.361
 20
84.615
 10
89.778
 20
84.667
 10
89.485
 20
84.688
 10
89.185
 20
84.704
 10
88.607
 20
84.768
 10
88.067
 20
84.881
 10
87.571
 20
85.047
 10
87.127
 20
85.257
 10
86.732
 20
85.497
 10
86.38
 20
85.755
 10
86.055
 20
86.024
 10
85.739
 20
86.31
 10
85.419
 20
86.623
 10
85.089
 20
86.981
 10
84.756
 20
87.401
 10
84.443
 20
87.897
 10
84.185
 20
88.473
 10
84.031
 20
89.112
 10
84.011
 20
89.476
 10
84.019
 20
89.824
 10
84.128
 20
90.465
 10
84.3
 20
91.084
 10
84.484
 20
91.683
 10
84.638
 20
92.264
 10
84.737
 20
92.836
 10
84.776
 20
93.408
 10
84.769
 20
93.991
 10
84.739
 20
94.586
 10
84.713
 20
95.191
 10
84.703
 20
95.798
 10
84.705
 20
96.398
 10
84.697
 20
96.988
 10
84.656
 20
97.567
 10
84.568
 20
98.143
 97
0
 92
3
 72
0
 73
1
 93
391
 10
85.014
 20
98.869
 10
85.157
 20
98.257
 10
85.253
 20
97.633
 10
85.297
 20
97.012
 10
85.305
 20
96.402
 10
85.303
 20
95.802
 10
85.313
 20
95.209
 10
85.339
 20
94.614
 10
85.368
 20
94.009
 10
85.376
 20
93.392
 10
85.333
 20
92.764
 10
85.225
 20
92.136
 10
85.061
 20
91.517
 10
84.876
 20
90.916
 10
84.715
 20
90.335
 10
84.618
 20
89.766
 10
84.611
 20
89.486
 10
84.627
 20
89.2
 10
84.755
 20
88.667
 10
84.973
 20
88.181
 10
85.246
 20
87.749
 10
85.546
 20
87.372
 10
85.85
 20
87.041
 10
86.151
 20
86.747
 10
86.448
 20
86.478
 10
86.749
 20
86.229
 10
87.066
 20
85.997
 10
87.412
 20
85.786
 10
87.796
 20
85.604
 10
88.224
 20
85.461
 10
88.702
 20
85.362
 10
89.233
 20
85.302
 10
89.521
 20
85.287
 10
89.826
 20
85.265
 10
90.439
 20
85.211
 10
91.06
 20
85.105
 10
91.673
 20
84.958
 10
92.27
 20
84.802
 10
92.847
 20
84.676
 10
93.408
 20
84.618
 10
93.963
 20
84.646
 10
94.526
 20
84.76
 10
95.107
 20
84.94
 10
95.709
 20
85.146
 10
96.33
 20
85.328
 10
96.965
 20
85.445
 10
97.601
 20
85.479
 10
98.227
 20
85.442
 10
98.838
 20
85.367
 10
99.435
 20
85.287
 10
100.025
 20
85.226
 10
100.617
 20
85.187
 10
101.216
 20
85.16
 10
101.826
 20
85.122
 10
102.442
 20
85.052
 10
103.055
 20
84.948
 10
103.657
 20
84.825
 10
104.242
 20
84.717
 10
104.816
 20
84.659
 10
105.087
 20
84.649
 10
105.354
 20
84.66
 10
105.898
 20
84.704
 10
106.436
 20
84.763
 10
106.989
 20
84.799
 10
107.55
 20
84.772
 10
108.102
 20
84.65
 10
108.617
 20
84.419
 10
109.068
 20
84.081
 10
109.432
 20
83.654
 10
109.7
 20
83.163
 10
109.876
 20
82.636
 10
109.977
 20
82.092
 10
110.026
 20
81.542
 10
110.046
 20
80.982
 10
110.05
 20
80.4
 10
110.041
 20
80.094
 10
110.036
 20
79.79
 10
110.008
 20
79.205
 10
109.965
 20
78.618
 10
109.899
 20
78.032
 10
109.82
 20
77.454
 10
109.75
 20
76.889
 10
109.719
 20
76.338
 10
109.748
 20
75.796
 10
109.845
 20
75.253
 10
110.005
 20
74.698
 10
110.2
 20
74.125
 10
110.39
 20
73.533
 10
110.53
 20
72.924
 10
110.584
 20
72.303
 10
110.544
 20
71.686
 10
110.431
 20
71.082
 10
110.283
 20
70.496
 10
110.138
 20
69.926
 10
110.026
 20
69.367
 10
109.956
 20
68.812
 10
109.926
 20
68.251
 10
109.917
 20
67.68
 10
109.909
 20
67.1
 10
109.886
 20
66.515
 10
109.849
 20
65.935
 10
109.813
 20
65.364
 10
109.801
 20
64.804
 10
109.821
 20
64.517
 10
109.855
 20
64.233
 10
110.0
 20
63.71
 10
110.219
 20
63.243
 10
110.487
 20
62.834
 10
110.777
 20
62.481
 10
111.068
 20
62.171
 10
111.349
 20
61.887
 10
111.619
 20
61.611
 10
111.885
 20
61.332
 10
112.162
 20
61.043
 10
112.469
 20
60.749
 10
112.823
 20
60.463
 10
113.233
 20
60.204
 10
113.702
 20
60.0
 10
114.226
 20
59.869
 10
114.512
 20
59.841
 10
114.801
 20
59.825
 10
115.385
 20
59.84
 10
115.98
 20
59.869
 10
116.583
 20
59.89
 10
117.185
 20
59.895
 10
117.78
 20
59.892
 10
118.363
 20
59.905
 10
118.937
 20
59.954
 10
119.51
 20
60.054
 10
120.092
 20
60.198
 10
120.691
 20
60.363
 10
121.309
 20
60.507
 10
121.944
 20
60.586
 10
122.586
 20
60.567
 10
123.221
 20
60.451
 10
123.838
 20
60.267
 10
124.435
 20
60.066
 10
125.013
 20
59.893
 10
125.577
 20
59.781
 10
126.139
 20
59.741
 10
126.709
 20
59.762
 10
127.293
 20
59.823
 10
127.892
 20
59.893
 10
128.497
 20
59.949
 10
129.101
 20
59.983
 10
129.698
 20
60.006
 10
130.283
 20
60.04
 10
130.863
 20
60.105
 10
131.444
 20
60.207
 10
132.036
 20
60.335
 10
132.645
 20
60.461
 10
133.271
 20
60.544
 10
133.909
 20
60.547
 10
134.546
 20
60.453
 10
135.17
 20
60.281
 10
135.774
 20
60.072
 10
136.357
 20
59.877
 10
136.923
 20
59.737
 10
137.479
 20
59.675
 10
138.039
 20
59.691
 10
138.612
 20
59.768
 10
139.203
 20
59.877
 10
139.808
 20
59.983
 10
140.418
 20
60.062
 10
141.026
 20
60.109
 10
141.626
 20
60.14
 10
142.215
 20
60.175
 10
142.8
 20
60.233
 10
143.388
 20
60.315
 10
143.988
 20
60.408
 10
144.603
 20
60.481
 10
145.233
 20
60.497
 10
145.868
 20
60.43
 10
146.495
 20
60.282
 10
147.106
 20
60.084
 10
147.696
 20
59.88
 10
148.267
 20
59.72
 10
148.828
 20
59.635
 10
149.107
 20
59.635
 10
149.395
 20
59.656
 10
149.933
 20
59.786
 10
150.427
 20
59.991
 10
150.874
 20
60.239
 10
151.272
 20
60.507
 10
151.628
 20
60.782
 10
151.945
 20
61.061
 10
152.229
 20
61.349
 10
152.479
 20
61.654
 10
152.695
 20
61.985
 10
152.871
 20
62.349
 10
153.003
 20
62.752
 10
153.089
 20
63.198
 10
153.136
 20
63.69
 10
153.161
 20
64.231
 10
153.17
 20
64.525
 10
153.196
 20
64.836
 10
153.282
 20
65.457
 10
153.436
 20
66.081
 10
153.629
 20
66.69
 10
153.814
 20
67.279
 10
153.946
 20
67.848
 10
153.997
 20
68.403
 10
153.957
 20
68.958
 10
153.838
 20
69.528
 10
153.669
 20
70.117
 10
153.493
 20
70.725
 10
153.353
 20
71.348
 10
153.272
 20
71.975
 10
153.248
 20
72.597
 10
153.26
 20
73.208
 10
153.279
 20
73.8
 10
153.275
 20
74.09
 10
153.268
 20
74.367
 10
153.206
 20
74.893
 10
153.107
 20
75.379
 10
152.986
 20
75.833
 10
152.852
 20
76.262
 10
152.707
 20
76.674
 10
152.543
 20
77.073
 10
152.348
 20
77.459
 10
152.108
 20
77.827
 10
151.81
 20
78.165
 10
151.452
 20
78.454
 10
151.033
 20
78.671
 10
150.562
 20
78.796
 10
150.045
 20
78.817
 10
149.487
 20
78.733
 10
149.19
 20
78.651
 10
148.888
 20
78.561
 10
148.277
 20
78.372
 10
147.649
 20
78.231
 10
147.015
 20
78.165
 10
146.387
 20
78.169
 10
145.773
 20
78.218
 10
145.173
 20
78.279
 10
144.581
 20
78.327
 10
143.988
 20
78.355
 10
143.388
 20
78.374
 10
142.777
 20
78.405
 10
142.158
 20
78.47
 10
141.541
 20
78.579
 10
140.933
 20
78.717
 10
140.343
 20
78.852
 10
139.771
 20
78.944
 10
139.212
 20
78.963
 10
138.655
 20
78.897
 10
138.085
 20
78.751
 10
137.496
 20
78.552
 10
136.886
 20
78.345
 10
136.258
 20
78.18
 10
135.619
 20
78.095
 10
134.982
 20
78.098
 10
134.359
 20
78.169
 10
133.744
 20
78.27
 10
133.435
 20
78.332
 10
133.123
 20
78.389
 10
132.547
 20
78.519
 10
132.008
 20
78.662
 10
131.502
 20
78.833
 10
131.031
 20
79.047
 10
130.606
 20
79.316
 10
130.237
 20
79.638
 10
129.933
 20
80.005
 10
129.694
 20
80.401
 10
129.51
 20
80.812
 10
129.361
 20
81.228
 10
129.223
 20
81.647
 10
129.07
 20
82.083
 10
128.885
 20
82.557
 10
128.664
 20
83.093
 10
128.55
 20
83.39
 10
128.431
 20
83.698
 10
128.236
 20
84.296
 10
128.093
 20
84.905
 10
128.034
 20
85.524
 10
128.066
 20
86.14
 10
128.166
 20
86.743
 10
128.299
 20
87.328
 10
128.428
 20
87.898
 10
128.527
 20
88.458
 10
128.589
 20
89.017
 10
128.62
 20
89.582
 10
128.639
 20
90.158
 10
128.665
 20
90.741
 10
128.709
 20
91.326
 10
128.768
 20
91.906
 10
128.821
 20
92.474
 10
128.843
 20
93.028
 10
128.811
 20
93.573
 10
128.715
 20
94.118
 10
128.561
 20
94.674
 10
128.372
 20
95.247
 10
128.187
 20
95.838
 10
128.053
 20
96.448
 10
128.004
 20
97.069
 10
128.052
 20
97.688
 10
128.176
 20
98.293
 10
128.337
 20
98.875
 10
128.413
 20
99.171
 10
128.48
 20
99.456
 10
128.541
 20
99.998
 10
128.515
 20
100.503
 10
128.412
 20
100.972
 10
128.246
 20
101.405
 10
128.03
 20
101.801
 10
127.775
 20
102.163
 10
127.487
 20
102.492
 10
127.165
 20
102.789
 10
126.809
 20
103.051
 10
126.415
 20
103.27
 10
125.983
 20
103.434
 10
125.513
 20
103.528
 10
125.006
 20
103.54
 10
124.462
 20
103.465
 10
124.176
 20
103.391
 10
123.877
 20
103.31
 10
123.271
 20
103.142
 10
122.639
 20
103.027
 10
121.997
 20
103.005
 10
121.358
 20
103.086
 10
120.734
 20
103.246
 10
120.131
 20
103.439
 10
119.547
 20
103.618
 10
118.978
 20
103.746
 10
118.414
 20
103.81
 10
117.844
 20
103.814
 10
117.26
 20
103.778
 10
116.664
 20
103.728
 10
116.061
 20
103.689
 10
115.457
 20
103.668
 10
114.862
 20
103.655
 10
114.278
 20
103.63
 10
113.702
 20
103.57
 10
113.124
 20
103.466
 10
112.537
 20
103.327
 10
111.933
 20
103.179
 10
111.311
 20
103.064
 10
110.673
 20
103.023
 10
110.033
 20
103.081
 10
109.403
 20
103.229
 10
108.792
 20
103.428
 10
108.202
 20
103.63
 10
107.631
 20
103.79
 10
107.071
 20
103.879
 10
106.511
 20
103.893
 10
105.94
 20
103.844
 10
105.352
 20
103.759
 10
104.751
 20
103.67
 10
104.144
 20
103.6
 10
103.537
 20
103.557
 10
102.94
 20
103.527
 10
102.352
 20
103.49
 10
101.77
 20
103.426
 10
101.185
 20
103.332
 10
100.589
 20
103.219
 10
99.976
 20
103.119
 10
99.348
 20
103.07
 10
98.71
 20
103.103
 10
98.078
 20
103.227
 10
97.461
 20
103.417
 10
96.863
 20
103.627
 10
96.286
 20
103.807
 10
95.726
 20
103.922
 10
95.173
 20
103.953
 10
94.612
 20
103.906
 10
94.034
 20
103.8
 10
93.44
 20
103.67
 10
92.831
 20
103.552
 10
92.218
 20
103.469
 10
91.607
 20
103.422
 10
91.007
 20
103.396
 10
90.416
 20
103.368
 10
89.835
 20
103.322
 10
89.548
 20
103.282
 10
89.27
 20
103.238
 10
88.745
 20
103.119
 10
88.261
 20
102.987
 10
87.805
 20
102.86
 10
87.37
 20
102.742
 10
86.951
 20
102.625
 10
86.542
 20
102.492
 10
86.145
 20
102.323
 10
85.768
 20
102.1
 10
85.427
 20
101.812
 10
85.142
 20
101.456
 10
84.933
 20
101.038
 10
84.816
 20
100.563
 10
84.798
 20
100.041
 10
84.872
 20
99.478
 10
84.942
 20
99.176
 10
85.014
 20
98.869
 97
0
 75
0
 76
1
 98
0
  0
HATCH
  5
9A
330
17
100
AcDbEntity
  8
RASTER
 62
7
100
AcDbHatch
 10
0.0
 20
0.0
 30
0.0
210
0.0
220
0.0
230
1.0
  2
SOLID
 70
1
 71
0
 91
2
 92
3
 72
0
 73
1
 93
348
 10
87.282
 20
95.842
 10
87.344
 20
96.172
 10
87.425
 20
96.504
 10
87.651
 20
97.09
 10
87.922
 20
97.602
 10
88.198
 20
98.039
 10
88.453
 20
98.416
 10
88.678
 20
98.754
 10
88.884
 20
99.08
 10
89.091
 20
99.416
 10
89.326
 20
99.774
 10
89.612
 20
100.149
 10
89.971
 20
100.519
 10
90.412
 20
100.857
 10
90.934
 20
101.129
 10
91.523
 20
101.31
 10
92.152
 20
101.388
 10
92.493
 20
101.387
 10
92.813
 20
101.377
 10
93.416
 20
101.331
 10
94.006
 20
101.294
 10
94.595
 20
101.275
 10
95.192
 20
101.264
 10
95.8
 20
101.239
 10
96.416
 20
101.178
 10
97.031
 20
101.069
 10
97.637
 20
100.925
 10
98.227
 20
100.777
 10
98.798
 20
100.666
 10
99.353
 20
100.623
 10
99.904
 20
100.667
 10
100.465
 20
100.795
 10
101.045
 20
100.983
 10
101.646
 20
101.191
 10
102.265
 20
101.369
 10
102.898
 20
101.475
 10
103.531
 20
101.496
 10
104.153
 20
101.445
 10
104.759
 20
101.357
 10
105.351
 20
101.266
 10
105.936
 20
101.196
 10
106.521
 20
101.152
 10
107.115
 20
101.121
 10
107.719
 20
101.083
 10
108.329
 20
101.018
 10
108.936
 20
100.922
 10
109.532
 20
100.812
 10
110.112
 20
100.719
 10
110.676
 20
100.676
 10
111.231
 20
100.707
 10
111.79
 20
100.817
 10
112.365
 20
100.995
 10
112.96
 20
101.205
 10
113.576
 20
101.398
 10
114.209
 20
101.527
 10
114.848
 20
101.561
 10
115.481
 20
101.503
 10
116.096
 20
101.384
 10
116.693
 20
101.247
 10
117.277
 20
101.128
 10
117.854
 20
101.045
 10
118.435
 20
101.0
 10
119.025
 20
100.976
 10
119.625
 20
100.952
 10
120.23
 20
100.91
 10
120.833
 20
100.849
 10
121.135
 20
100.806
 10
121.426
 20
100.767
 10
121.971
 20
100.677
 10
122.468
 20
100.6
 10
122.945
 20
100.535
 10
123.422
 20
100.471
 10
123.911
 20
100.38
 10
124.409
 20
100.236
 10
124.9
 20
100.011
 10
125.356
 20
99.69
 10
125.746
 20
99.27
 10
126.039
 20
98.761
 10
126.214
 20
98.189
 10
126.27
 20
97.582
 10
126.226
 20
96.965
 10
126.119
 20
96.35
 10
126.05
 20
96.041
 10
125.994
 20
95.748
 10
125.905
 20
95.168
 10
125.87
 20
94.591
 10
125.87
 20
94.003
 10
125.883
 20
93.404
 10
125.885
 20
92.797
 10
125.872
 20
92.193
 10
125.856
 20
91.597
 10
125.86
 20
91.014
 10
125.909
 20
90.44
 10
126.014
 20
89.865
 10
126.168
 20
89.281
 10
126.346
 20
88.679
 10
126.503
 20
88.057
 10
126.59
 20
87.417
 10
126.577
 20
86.77
 10
126.462
 20
86.131
 10
126.28
 20
85.511
 10
126.082
 20
84.911
 10
125.914
 20
84.33
 10
125.806
 20
83.762
 10
125.767
 20
83.194
 10
125.785
 20
82.618
 10
125.837
 20
82.027
 10
125.894
 20
81.424
 10
125.934
 20
80.819
 10
125.957
 20
80.513
 10
125.976
 20
80.213
 10
126.051
 20
79.667
 10
126.174
 20
79.174
 10
126.352
 20
78.739
 10
126.582
 20
78.362
 10
126.852
 20
78.045
 10
127.152
 20
77.78
 10
127.47
 20
77.557
 10
127.8
 20
77.358
 10
128.143
 20
77.163
 10
128.503
 20
76.952
 10
128.886
 20
76.715
 10
129.305
 20
76.455
 10
129.772
 20
76.189
 10
130.293
 20
75.947
 10
130.576
 20
75.854
 10
130.858
 20
75.777
 10
131.422
 20
75.695
 10
131.984
 20
75.693
 10
132.559
 20
75.756
 10
133.15
 20
75.856
 10
133.756
 20
75.958
 10
134.369
 20
76.036
 10
134.98
 20
76.085
 10
135.583
 20
76.117
 10
136.175
 20
76.155
 10
136.763
 20
76.215
 10
137.354
 20
76.302
 10
137.956
 20
76.402
 10
138.575
 20
76.483
 10
139.209
 20
76.507
 10
139.848
 20
76.445
 10
140.481
 20
76.299
 10
141.096
 20
76.098
 10
141.691
 20
75.891
 10
142.265
 20
75.727
 10
142.823
 20
75.639
 10
143.379
 20
75.64
 10
143.946
 20
75.719
 10
144.531
 20
75.852
 10
145.135
 20
75.999
 10
145.754
 20
76.123
 10
146.077
 20
76.16
 10
146.409
 20
76.185
 10
147.021
 20
76.16
 10
147.594
 20
76.07
 10
148.126
 20
75.936
 10
148.625
 20
75.767
 10
149.098
 20
75.559
 10
149.547
 20
75.303
 10
149.963
 20
74.988
 10
150.332
 20
74.603
 10
150.632
 20
74.15
 10
150.844
 20
73.634
 10
150.953
 20
73.073
 10
150.958
 20
72.488
 10
150.88
 20
71.902
 10
150.758
 20
71.316
 10
150.691
 20
71.031
 10
150.646
 20
70.759
 10
150.603
 20
70.202
 10
150.651
 20
69.646
 10
150.779
 20
69.075
 10
150.953
 20
68.484
 10
151.13
 20
67.872
 10
151.197
 20
67.548
 10
151.251
 20
67.207
 10
151.26
 20
66.574
 10
151.171
 20
65.977
 10
151.007
 20
65.43
 10
150.791
 20
64.934
 10
150.537
 20
64.482
 10
150.246
 20
64.067
 10
149.916
 20
63.688
 10
149.538
 20
63.347
 10
149.108
 20
63.055
 10
148.622
 20
62.827
 10
148.087
 20
62.68
 10
147.515
 20
62.627
 10
146.924
 20
62.665
 10
146.324
 20
62.772
 10
146.027
 20
62.845
 10
145.744
 20
62.902
 10
145.184
 20
62.983
 10
144.635
 20
62.977
 10
144.08
 20
62.884
 10
143.507
 20
62.718
 10
142.913
 20
62.518
 10
142.3
 20
62.33
 10
141.674
 20
62.198
 10
141.043
 20
62.144
 10
140.419
 20
62.162
 10
139.811
 20
62.221
 10
139.215
 20
62.291
 10
138.628
 20
62.346
 10
138.04
 20
62.38
 10
137.445
 20
62.404
 10
136.839
 20
62.439
 10
136.226
 20
62.506
 10
135.615
 20
62.612
 10
135.014
 20
62.742
 10
134.43
 20
62.864
 10
133.863
 20
62.941
 10
133.309
 20
62.946
 10
132.755
 20
62.867
 10
132.187
 20
62.711
 10
131.599
 20
62.507
 10
130.991
 20
62.301
 10
130.365
 20
62.144
 10
129.728
 20
62.07
 10
129.094
 20
62.088
 10
128.475
 20
62.173
 10
127.873
 20
62.288
 10
127.285
 20
62.396
 10
126.703
 20
62.475
 10
126.12
 20
62.524
 10
125.528
 20
62.554
 10
124.927
 20
62.589
 10
124.32
 20
62.645
 10
123.716
 20
62.725
 10
123.124
 20
62.811
 10
122.547
 20
62.874
 10
121.984
 20
62.884
 10
121.426
 20
62.822
 10
120.861
 20
62.686
 10
120.278
 20
62.495
 10
119.676
 20
62.289
 10
119.053
 20
62.117
 10
118.415
 20
62.026
 10
117.77
 20
62.035
 10
117.429
 20
62.088
 10
117.085
 20
62.161
 10
116.483
 20
62.37
 10
115.946
 20
62.617
 10
115.471
 20
62.873
 10
115.046
 20
63.128
 10
114.656
 20
63.388
 10
114.295
 20
63.663
 10
113.962
 20
63.969
 10
113.664
 20
64.316
 10
113.409
 20
64.709
 10
113.206
 20
65.144
 10
113.057
 20
65.615
 10
112.954
 20
66.111
 10
112.876
 20
66.626
 10
112.796
 20
67.171
 10
112.752
 20
67.45
 10
112.692
 20
67.734
 10
112.544
 20
68.318
 10
112.358
 20
68.912
 10
112.174
 20
69.526
 10
112.04
 20
70.16
 10
112.0
 20
70.806
 10
112.066
 20
71.45
 10
112.215
 20
72.079
 10
112.401
 20
72.687
 10
112.577
 20
73.276
 10
112.705
 20
73.85
 10
112.772
 20
74.42
 10
112.783
 20
74.997
 10
112.759
 20
75.585
 10
112.724
 20
76.186
 10
112.702
 20
76.793
 10
112.696
 20
77.397
 10
112.691
 20
77.992
 10
112.666
 20
78.576
 10
112.599
 20
79.153
 10
112.483
 20
79.733
 10
112.33
 20
80.325
 10
112.171
 20
80.934
 10
112.051
 20
81.563
 10
112.014
 20
82.207
 10
112.08
 20
82.839
 10
112.14
 20
83.156
 10
112.216
 20
83.454
 10
112.342
 20
84.014
 10
112.419
 20
84.542
 10
112.417
 20
85.034
 10
112.328
 20
85.486
 10
112.154
 20
85.894
 10
111.906
 20
86.251
 10
111.595
 20
86.555
 10
111.235
 20
86.806
 10
110.837
 20
87.009
 10
110.408
 20
87.174
 10
109.951
 20
87.306
 10
109.466
 20
87.411
 10
108.953
 20
87.481
 10
108.41
 20
87.504
 10
108.125
 20
87.487
 10
107.838
 20
87.461
 10
107.254
 20
87.364
 10
106.657
 20
87.244
 10
106.043
 20
87.13
 10
105.412
 20
87.063
 10
104.77
 20
87.08
 10
104.131
 20
87.191
 10
103.507
 20
87.376
 10
102.904
 20
87.589
 10
102.321
 20
87.779
 10
101.756
 20
87.905
 10
101.199
 20
87.947
 10
100.636
 20
87.909
 10
100.056
 20
87.81
 10
99.459
 20
87.683
 10
98.848
 20
87.566
 10
98.232
 20
87.483
 10
97.619
 20
87.435
 10
97.015
 20
87.407
 10
96.421
 20
87.376
 10
95.831
 20
87.325
 10
95.236
 20
87.254
 10
94.629
 20
87.18
 10
94.007
 20
87.134
 10
93.373
 20
87.152
 10
92.734
 20
87.251
 10
92.404
 20
87.343
 10
92.078
 20
87.45
 10
91.507
 20
87.711
 10
91.013
 20
87.987
 10
90.588
 20
88.242
 10
90.213
 20
88.462
 10
89.861
 20
88.655
 10
89.509
 20
88.839
 10
89.144
 20
89.04
 10
88.766
 20
89.285
 10
88.392
 20
89.593
 10
88.043
 20
89.978
 10
87.748
 20
90.439
 10
87.525
 20
90.968
 10
87.383
 20
91.547
 10
87.314
 20
92.157
 10
87.305
 20
92.482
 10
87.295
 20
92.791
 10
87.285
 20
93.391
 10
87.26
 20
93.987
 10
87.233
 20
94.593
 10
87.231
 20
95.211
 97
0
 92
3
 72
0
 73
1
 93
349
 10
87.877
 20
95.762
 10
87.831
 20
95.189
 10
87.833
 20
94.607
 10
87.86
 20
94.013
 10
87.885
 20
93.409
 10
87.895
 20
92.805
 10
87.904
 20
92.5
 10
87.913
 20
92.2
 10
87.975
 20
91.652
 10
88.096
 20
91.157
 10
88.28
 20
90.72
 10
88.522
 20
90.344
 10
88.807
 20
90.028
 10
89.121
 20
89.77
 10
89.452
 20
89.556
 10
89.793
 20
89.368
 10
90.144
 20
89.184
 10
90.509
 20
88.984
 10
90.895
 20
88.758
 10
91.314
 20
88.506
 10
91.778
 20
88.247
 10
92.297
 20
88.01
 10
92.579
 20
87.917
 10
92.861
 20
87.839
 10
93.427
 20
87.751
 10
93.993
 20
87.735
 10
94.571
 20
87.777
 10
95.164
 20
87.85
 10
95.769
 20
87.922
 10
96.379
 20
87.975
 10
96.985
 20
88.007
 10
97.581
 20
88.034
 10
98.168
 20
88.08
 10
98.752
 20
88.159
 10
99.341
 20
88.272
 10
99.944
 20
88.399
 10
100.564
 20
88.505
 10
101.201
 20
88.549
 10
101.844
 20
88.5
 10
102.479
 20
88.358
 10
103.096
 20
88.158
 10
103.693
 20
87.947
 10
104.269
 20
87.777
 10
104.83
 20
87.679
 10
105.388
 20
87.664
 10
105.957
 20
87.724
 10
106.543
 20
87.833
 10
107.146
 20
87.954
 10
107.762
 20
88.057
 10
108.08
 20
88.085
 10
108.405
 20
88.105
 10
109.007
 20
88.079
 10
109.57
 20
88.002
 10
110.098
 20
87.888
 10
110.599
 20
87.743
 10
111.081
 20
87.558
 10
111.545
 20
87.322
 10
111.979
 20
87.019
 10
112.366
 20
86.64
 10
112.682
 20
86.186
 10
112.904
 20
85.664
 10
113.016
 20
85.094
 10
113.019
 20
84.5
 10
112.933
 20
83.905
 10
112.799
 20
83.314
 10
112.726
 20
83.026
 10
112.674
 20
82.752
 10
112.616
 20
82.193
 10
112.648
 20
81.637
 10
112.757
 20
81.066
 10
112.911
 20
80.475
 10
113.068
 20
79.867
 10
113.192
 20
79.247
 10
113.264
 20
78.624
 10
113.291
 20
78.008
 10
113.296
 20
77.403
 10
113.302
 20
76.807
 10
113.324
 20
76.214
 10
113.358
 20
75.615
 10
113.384
 20
75.003
 10
113.372
 20
74.38
 10
113.297
 20
73.75
 10
113.158
 20
73.124
 10
112.976
 20
72.513
 10
112.794
 20
71.921
 10
112.659
 20
71.35
 10
112.602
 20
70.794
 10
112.636
 20
70.24
 10
112.756
 20
69.674
 10
112.932
 20
69.088
 10
113.121
 20
68.482
 10
113.276
 20
67.87
 10
113.342
 20
67.559
 10
113.389
 20
67.261
 10
113.47
 20
66.715
 10
113.545
 20
66.217
 10
113.639
 20
65.767
 10
113.766
 20
65.362
 10
113.935
 20
65.0
 10
114.145
 20
64.677
 10
114.394
 20
64.387
 10
114.681
 20
64.124
 10
115.005
 20
63.876
 10
115.366
 20
63.636
 10
115.768
 20
63.395
 10
116.214
 20
63.154
 10
116.707
 20
62.927
 10
117.246
 20
62.74
 10
117.538
 20
62.678
 10
117.82
 20
62.635
 10
118.377
 20
62.626
 10
118.93
 20
62.706
 10
119.499
 20
62.862
 10
120.088
 20
63.064
 10
120.697
 20
63.264
 10
121.323
 20
63.414
 10
121.956
 20
63.484
 10
122.585
 20
63.473
 10
123.2
 20
63.406
 10
123.799
 20
63.319
 10
124.387
 20
63.241
 10
124.971
 20
63.187
 10
125.561
 20
63.154
 10
126.161
 20
63.122
 10
126.769
 20
63.072
 10
127.379
 20
62.988
 10
127.983
 20
62.878
 10
128.572
 20
62.766
 10
129.144
 20
62.687
 10
129.702
 20
62.671
 10
130.257
 20
62.735
 10
130.822
 20
62.877
 10
131.405
 20
63.074
 10
132.009
 20
63.284
 10
132.632
 20
63.455
 10
133.269
 20
63.546
 10
133.907
 20
63.541
 10
134.532
 20
63.455
 10
135.139
 20
63.329
 10
135.73
 20
63.201
 10
136.31
 20
63.1
 10
136.889
 20
63.037
 10
137.474
 20
63.004
 10
138.07
 20
62.979
 10
138.674
 20
62.944
 10
139.278
 20
62.887
 10
139.875
 20
62.818
 10
140.457
 20
62.761
 10
141.025
 20
62.745
 10
141.586
 20
62.793
 10
142.151
 20
62.912
 10
142.729
 20
63.089
 10
143.327
 20
63.291
 10
143.946
 20
63.47
 10
144.582
 20
63.577
 10
145.224
 20
63.583
 10
145.847
 20
63.493
 10
146.158
 20
63.43
 10
146.448
 20
63.359
 10
146.996
 20
63.261
 10
147.506
 20
63.228
 10
147.979
 20
63.272
 10
148.414
 20
63.392
 10
148.81
 20
63.578
 10
149.167
 20
63.82
 10
149.487
 20
64.109
 10
149.773
 20
64.438
 10
150.028
 20
64.802
 10
150.253
 20
65.201
 10
150.442
 20
65.637
 10
150.584
 20
66.108
 10
150.66
 20
66.614
 10
150.651
 20
67.155
 10
150.607
 20
67.44
 10
150.547
 20
67.727
 10
150.377
 20
68.316
 10
150.198
 20
68.925
 10
150.057
 20
69.554
 10
150.001
 20
70.198
 10
150.05
 20
70.831
 10
150.102
 20
71.149
 10
150.172
 20
71.446
 10
150.288
 20
72.003
 10
150.357
 20
72.525
 10
150.353
 20
73.013
 10
150.266
 20
73.461
 10
150.1
 20
73.867
 10
149.861
 20
74.227
 10
149.563
 20
74.538
 10
149.215
 20
74.802
 10
148.828
 20
75.022
 10
148.408
 20
75.207
 10
147.956
 20
75.36
 10
147.474
 20
75.481
 10
146.962
 20
75.562
 10
146.419
 20
75.584
 10
146.133
 20
75.563
 10
145.847
 20
75.53
 10
145.265
 20
75.413
 10
144.669
 20
75.268
 10
144.054
 20
75.129
 10
143.421
 20
75.04
 10
142.777
 20
75.039
 10
142.135
 20
75.14
 10
141.509
 20
75.318
 10
140.904
 20
75.529
 10
140.319
 20
75.72
 10
139.752
 20
75.852
 10
139.191
 20
75.905
 10
138.625
 20
75.884
 10
138.044
 20
75.809
 10
137.446
 20
75.71
 10
136.837
 20
75.62
 10
136.225
 20
75.557
 10
135.617
 20
75.518
 10
135.02
 20
75.487
 10
134.431
 20
75.44
 10
133.844
 20
75.364
 10
133.25
 20
75.264
 10
132.641
 20
75.161
 10
132.016
 20
75.093
 10
131.378
 20
75.095
 10
130.735
 20
75.188
 10
130.403
 20
75.28
 10
130.072
 20
75.388
 10
129.497
 20
75.655
 10
128.998
 20
75.94
 10
128.571
 20
76.205
 10
128.193
 20
76.438
 10
127.843
 20
76.643
 10
127.497
 20
76.841
 10
127.142
 20
77.054
 10
126.78
 20
77.308
 10
126.423
 20
77.623
 10
126.094
 20
78.009
 10
125.815
 20
78.467
 10
125.602
 20
78.987
 10
125.461
 20
79.554
 10
125.379
 20
80.153
 10
125.358
 20
80.472
 10
125.336
 20
80.777
 10
125.296
 20
81.376
 10
125.24
 20
81.973
 10
125.186
 20
82.582
 10
125.166
 20
83.206
 10
125.21
 20
83.838
 10
125.33
 20
84.47
 10
125.509
 20
85.089
 10
125.708
 20
85.689
 10
125.877
 20
86.269
 10
125.978
 20
86.83
 10
125.99
 20
87.383
 10
125.913
 20
87.943
 10
125.767
 20
88.521
 10
125.59
 20
89.119
 10
125.428
 20
89.735
 10
125.313
 20
90.36
 10
125.26
 20
90.986
 10
125.256
 20
91.603
 10
125.272
 20
92.207
 10
125.285
 20
92.803
 10
125.283
 20
93.396
 10
125.27
 20
93.997
 10
125.27
 20
94.609
 10
125.308
 20
95.232
 10
125.403
 20
95.85
 10
125.462
 20
96.162
 10
125.53
 20
96.467
 10
125.63
 20
97.038
 10
125.668
 20
97.576
 10
125.622
 20
98.073
 10
125.485
 20
98.521
 10
125.26
 20
98.911
 10
124.959
 20
99.236
 10
124.6
 20
99.489
 10
124.199
 20
99.672
 10
123.772
 20
99.796
 10
123.327
 20
99.878
 10
122.864
 20
99.941
 10
122.382
 20
100.006
 10
121.876
 20
100.085
 10
121.337
 20
100.174
 10
121.052
 20
100.212
 10
120.761
 20
100.254
 10
120.179
 20
100.312
 10
119.592
 20
100.352
 10
119.001
 20
100.376
 10
118.399
 20
100.401
 10
117.788
 20
100.449
 10
117.174
 20
100.536
 10
116.566
 20
100.661
 10
115.972
 20
100.797
 10
115.396
 20
100.908
 10
114.837
 20
100.959
 10
114.285
 20
100.93
 10
113.726
 20
100.816
 10
113.15
 20
100.636
 10
112.554
 20
100.425
 10
111.937
 20
100.235
 10
111.306
 20
100.11
 10
110.669
 20
100.075
 10
110.041
 20
100.123
 10
109.43
 20
100.221
 10
108.835
 20
100.331
 10
108.25
 20
100.423
 10
107.668
 20
100.485
 10
107.081
 20
100.522
 10
106.483
 20
100.553
 10
105.877
 20
100.599
 10
105.27
 20
100.672
 10
104.671
 20
100.763
 10
104.085
 20
100.849
 10
103.516
 20
100.895
 10
102.958
 20
100.877
 10
102.398
 20
100.783
 10
101.827
 20
100.619
 10
101.236
 20
100.414
 10
100.624
 20
100.215
 10
99.994
 20
100.072
 10
99.354
 20
100.022
 10
98.717
 20
100.07
 10
98.096
 20
100.191
 10
97.495
 20
100.342
 10
96.909
 20
100.481
 10
96.333
 20
100.583
 10
95.758
 20
100.641
 10
95.174
 20
100.664
 10
94.58
 20
100.675
 10
93.977
 20
100.695
 10
93.375
 20
100.732
 10
92.781
 20
100.778
 10
92.483
 20
100.787
 10
92.188
 20
100.788
 10
91.649
 20
100.721
 10
91.163
 20
100.572
 10
90.736
 20
100.349
 10
90.371
 20
100.07
 10
90.067
 20
99.756
 10
89.815
 20
99.427
 10
89.598
 20
99.095
 10
89.393
 20
98.762
 10
89.182
 20
98.427
 10
88.951
 20
98.082
 10
88.701
 20
97.711
 10
88.442
 20
97.301
 10
88.198
 20
96.841
 10
87.999
 20
96.324
 10
87.931
 20
96.045
 10
87.877
 20
95.762
 97
0
 75
0
 76
1
 98
0
  0
HATCH
  5
9B
330
17
100
AcDbEntity
  8
RASTER
 62
7
100
AcDbHatch
 10
0.0
 20
0.0
 30
0.0
210
0.0
220
0.0
230
1.0
  2
SOLID
 70
1
 71
0
 91
1
 92
3
 72
0
 73
1
 93
110
 10
93.74
 20
92.635
 10
93.489
 20
92.569
 10
93.258
 20
92.55
 10
93.047
 20
92.579
 10
92.857
 20
92.654
 10
92.686
 20
92.777
 10
92.536
 20
92.947
 10
92.407
 20
93.165
 10
92.297
 20
93.429
 10
92.481
 20
93.349
 10
92.669
 20
93.276
 10
92.861
 20
93.211
 10
93.058
 20
93.153
 10
93.259
 20
93.103
 10
93.464
 20
93.06
 10
93.673
 20
93.025
 10
93.887
 20
92.998
 10
93.893
 20
93.004
 10
93.898
 20
93.01
 10
93.904
 20
93.016
 10
93.91
 20
93.022
 10
93.916
 20
93.027
 10
93.922
 20
93.033
 10
93.7
 20
93.308
 10
93.512
 20
93.596
 10
93.358
 20
93.896
 10
93.238
 20
94.209
 10
93.153
 20
94.535
 10
93.102
 20
94.873
 10
93.084
 20
95.224
 10
93.101
 20
95.587
 10
93.268
 20
95.298
 10
93.43
 20
95.006
 10
93.586
 20
94.71
 10
93.737
 20
94.411
 10
93.882
 20
94.108
 10
94.022
 20
93.802
 10
94.156
 20
93.493
 10
94.285
 20
93.18
 10
94.29
 20
93.18
 10
94.295
 20
93.18
 10
94.3
 20
93.18
 10
94.305
 20
93.18
 10
94.31
 20
93.18
 10
94.315
 20
93.18
 10
94.444
 20
93.493
 10
94.578
 20
93.802
 10
94.718
 20
94.108
 10
94.863
 20
94.411
 10
95.014
 20
94.71
 10
95.17
 20
95.006
 10
95.332
 20
95.298
 10
95.499
 20
95.587
 10
95.516
 20
95.224
 10
95.498
 20
94.873
 10
95.447
 20
94.535
 10
95.362
 20
94.209
 10
95.242
 20
93.896
 10
95.088
 20
93.596
 10
94.9
 20
93.308
 10
94.678
 20
93.033
 10
94.684
 20
93.027
 10
94.69
 20
93.022
 10
94.696
 20
93.016
 10
94.702
 20
93.01
 10
94.707
 20
93.004
 10
94.713
 20
92.998
 10
94.927
 20
93.025
 10
95.136
 20
93.06
 10
95.341
 20
93.103
 10
95.542
 20
93.153
 10
95.739
 20
93.211
 10
95.931
 20
93.276
 10
96.119
 20
93.349
 10
96.303
 20
93.429
 10
96.193
 20
93.165
 10
96.064
 20
92.947
 10
95.914
 20
92.777
 10
95.743
 20
92.654
 10
95.553
 20
92.579
 10
95.342
 20
92.55
 10
95.111
 20
92.569
 10
94.86
 20
92.635
 10
94.844
 20
92.488
 10
94.791
 20
92.35
 10
94.703
 20
92.231
 10
94.587
 20
92.139
 10
94.451
 20
92.081
 10
94.304
 20
92.06
 10
94.305
 20
92.06
 10
94.305
 20
92.06
 10
94.305
 20
92.06
 10
94.305
 20
92.06
 10
94.304
 20
92.06
 10
94.303
 20
92.06
 10
94.302
 20
92.06
 10
94.3
 20
92.06
 10
94.298
 20
92.06
 10
94.297
 20
92.06
 10
94.296
 20
92.06
 10
94.295
 20
92.06
 10
94.295
 20
92.06
 10
94.295
 20
92.06
 10
94.295
 20
92.06
 10
94.296
 20
92.06
 10
94.149
 20
92.081
 10
94.013
 20
92.139
 10
93.897
 20
92.231
 10
93.809
 20
92.35
 10
93.756
 20
92.488
 97
0
 75
0
 76
1
 98
0
  0
HATCH
  5
9C
330
17
100
AcDbEntity
  8
RASTER
 62
7
100
AcDbHatch
 10
0.0
 20
0.0
 30
0.0
210
0.0
220
0.0
230
1.0
  2
SOLID
 70
1
 71
0
 91
1
 92
3
 72
0
 73
1
 93
73
 10
117.121
 20
95.652
 10
117.166
 20
95.534
 10
117.197
 20
95.418
 10
117.214
 20
95.302
 10
117.217
 20
95.186
 10
117.205
 20
95.072
 10
117.18
 20
94.958
 10
117.14
 20
94.845
 10
117.086
 20
94.733
 10
117.021
 20
94.625
 10
116.949
 20
94.521
 10
116.87
 20
94.424
 10
116.784
 20
94.332
 10
116.691
 20
94.246
 10
116.59
 20
94.165
 10
116.482
 20
94.091
 10
116.367
 20
94.021
 10
116.248
 20
93.962
 10
116.127
 20
93.915
 10
116.005
 20
93.881
 10
115.881
 20
93.861
 10
115.756
 20
93.854
 10
115.629
 20
93.86
 10
115.501
 20
93.879
 10
115.371
 20
93.911
 10
115.243
 20
93.952
 10
115.117
 20
93.999
 10
114.996
 20
94.05
 10
114.877
 20
94.105
 10
114.762
 20
94.166
 10
114.65
 20
94.232
 10
114.542
 20
94.302
 10
114.437
 20
94.377
 10
114.341
 20
94.457
 10
114.26
 20
94.543
 10
114.195
 20
94.633
 10
114.146
 20
94.727
 10
114.111
 20
94.827
 10
114.092
 20
94.932
 10
114.088
 20
95.042
 10
114.099
 20
95.156
 10
114.122
 20
95.271
 10
114.154
 20
95.382
 10
114.193
 20
95.489
 10
114.24
 20
95.592
 10
114.296
 20
95.69
 10
114.359
 20
95.785
 10
114.431
 20
95.875
 10
114.511
 20
95.961
 10
114.598
 20
96.043
 10
114.691
 20
96.119
 10
114.789
 20
96.189
 10
114.894
 20
96.254
 10
115.004
 20
96.313
 10
115.121
 20
96.367
 10
115.243
 20
96.415
 10
115.371
 20
96.457
 10
115.502
 20
96.491
 10
115.632
 20
96.512
 10
115.762
 20
96.52
 10
115.891
 20
96.515
 10
116.02
 20
96.498
 10
116.149
 20
96.468
 10
116.277
 20
96.425
 10
116.404
 20
96.37
 10
116.526
 20
96.305
 10
116.639
 20
96.233
 10
116.743
 20
96.154
 10
116.837
 20
96.067
 10
116.922
 20
95.974
 10
116.998
 20
95.874
 10
117.064
 20
95.766
 10
117.121
 20
95.652
 97
0
 75
0
 76
1
 98
0
  0
HATCH
  5
9D
330
17
100
AcDbEntity
  8
RASTER
 62
7
100
AcDbHatch
 10
0.0
 20
0.0
 30
0.0
210
0.0
220
0.0
230
1.0
  2
SOLID
 70
1
 71
0
 91
1
 92
3
 72
0
 73
1
 93
73
 10
118.686
 20
94.848
 10
118.717
 20
94.781
 10
118.74
 20
94.713
 10
118.754
 20
94.646
 10
118.76
 20
94.578
 10
118.757
 20
94.51
 10
118.745
 20
94.442
 10
118.725
 20
94.373
 10
118.696
 20
94.304
 10
118.661
 20
94.238
 10
118.62
 20
94.176
 10
118.575
 20
94.12
 10
118.524
 20
94.068
 10
118.468
 20
94.021
 10
118.408
 20
93.979
 10
118.342
 20
93.941
 10
118.271
 20
93.909
 10
118.197
 20
93.881
 10
118.123
 20
93.857
 10
118.047
 20
93.838
 10
117.97
 20
93.823
 10
117.892
 20
93.812
 10
117.812
 20
93.805
 10
117.732
 20
93.803
 10
117.651
 20
93.805
 10
117.571
 20
93.812
 10
117.494
 20
93.826
 10
117.42
 20
93.847
 10
117.35
 20
93.874
 10
117.283
 20
93.908
 10
117.219
 20
93.949
 10
117.158
 20
93.996
 10
117.101
 20
94.05
 10
117.049
 20
94.107
 10
117.006
 20
94.167
 10
116.971
 20
94.229
 10
116.944
 20
94.293
 10
116.925
 20
94.359
 10
116.915
 20
94.426
 10
116.913
 20
94.496
 10
116.918
 20
94.567
 10
116.93
 20
94.639
 10
116.946
 20
94.711
 10
116.966
 20
94.782
 10
116.989
 20
94.852
 10
117.016
 20
94.922
 10
117.047
 20
94.992
 10
117.082
 20
95.061
 10
117.121
 20
95.129
 10
117.164
 20
95.193
 10
117.214
 20
95.25
 10
117.269
 20
95.3
 10
117.331
 20
95.342
 10
117.399
 20
95.376
 10
117.473
 20
95.403
 10
117.554
 20
95.423
 10
117.64
 20
95.435
 10
117.728
 20
95.44
 10
117.813
 20
95.439
 10
117.896
 20
95.43
 10
117.976
 20
95.416
 10
118.054
 20
95.395
 10
118.129
 20
95.367
 10
118.201
 20
95.333
 10
118.27
 20
95.292
 10
118.337
 20
95.246
 10
118.399
 20
95.198
 10
118.457
 20
95.147
 10
118.511
 20
95.093
 10
118.561
 20
95.036
 10
118.606
 20
94.976
 10
118.648
 20
94.913
 10
118.686
 20
94.848
 97
0
 75
0
 76
1
 98
0
  0
HATCH
  5
9E
330
17
100
AcDbEntity
  8
RASTER
 62
7
100
AcDbHatch
 10
0.0
 20
0.0
 30
0.0
210
0.0
220
0.0
230
1.0
  2
SOLID
 70
1
 71
0
 91
1
 92
3
 72
0
 73
1
 93
73
 10
119.625
 20
93.987
 10
119.642
 20
93.955
 10
119.654
 20
93.923
 10
119.663
 20
93.891
 10
119.666
 20
93.858
 10
119.665
 20
93.825
 10
119.66
 20
93.792
 10
119.65
 20
93.758
 10
119.636
 20
93.724
 10
119.618
 20
93.691
 10
119.598
 20
93.661
 10
119.575
 20
93.632
 10
119.55
 20
93.605
 10
119.523
 20
93.581
 10
119.493
 20
93.558
 10
119.461
 20
93.538
 10
119.426
 20
93.52
 10
119.39
 20
93.504
 10
119.354
 20
93.492
 10
119.317
 20
93.482
 10
119.28
 20
93.476
 10
119.243
 20
93.474
 10
119.205
 20
93.474
 10
119.167
 20
93.478
 10
119.128
 20
93.485
 10
119.091
 20
93.494
 10
119.055
 20
93.506
 10
119.021
 20
93.52
 10
118.989
 20
93.536
 10
118.959
 20
93.554
 10
118.93
 20
93.575
 10
118.903
 20
93.598
 10
118.878
 20
93.623
 10
118.855
 20
93.649
 10
118.836
 20
93.677
 10
118.818
 20
93.705
 10
118.804
 20
93.735
 10
118.793
 20
93.765
 10
118.784
 20
93.796
 10
118.778
 20
93.829
 10
118.775
 20
93.862
 10
118.775
 20
93.895
 10
118.779
 20
93.927
 10
118.786
 20
93.958
 10
118.796
 20
93.988
 10
118.811
 20
94.016
 10
118.829
 20
94.043
 10
118.85
 20
94.069
 10
118.875
 20
94.094
 10
118.902
 20
94.117
 10
118.931
 20
94.138
 10
118.961
 20
94.157
 10
118.993
 20
94.175
 10
119.025
 20
94.19
 10
119.059
 20
94.203
 10
119.094
 20
94.215
 10
119.131
 20
94.224
 10
119.168
 20
94.231
 10
119.205
 20
94.234
 10
119.241
 20
94.234
 10
119.276
 20
94.231
 10
119.311
 20
94.225
 10
119.346
 20
94.215
 10
119.38
 20
94.202
 10
119.414
 20
94.186
 10
119.446
 20
94.167
 10
119.477
 20
94.147
 10
119.506
 20
94.125
 10
119.533
 20
94.101
 10
119.559
 20
94.075
 10
119.582
 20
94.048
 10
119.604
 20
94.018
 10
119.625
 20
93.987
 97
0
 75
0
 76
1
 98
0
  0
HATCH
  5
9F
330
17
100
AcDbEntity
  8
RASTER
 62
7
100
AcDbHatch
 10
0.0
 20
0.0
 30
0.0
210
0.0
220
0.0
230
1.0
  2
SOLID
 70
1
 71
0
 91
1
 92
3
 72
0
 73
1
 93
110
 10
122.74
 20
90.135
 10
122.489
 20
90.069
 10
122.258
 20
90.05
 10
122.047
 20
90.079
 10
121.857
 20
90.154
 10
121.686
 20
90.277
 10
121.536
 20
90.447
 10
121.407
 20
90.665
 10
121.297
 20
90.929
 10
121.481
 20
90.849
 10
121.669
 20
90.776
 10
121.861
 20
90.711
 10
122.058
 20
90.653
 10
122.259
 20
90.603
 10
122.464
 20
90.56
 10
122.673
 20
90.525
 10
122.887
 20
90.498
 10
122.893
 20
90.504
 10
122.898
 20
90.51
 10
122.904
 20
90.516
 10
122.91
 20
90.522
 10
122.916
 20
90.527
 10
122.922
 20
90.533
 10
122.7
 20
90.808
 10
122.512
 20
91.096
 10
122.358
 20
91.396
 10
122.238
 20
91.709
 10
122.153
 20
92.035
 10
122.102
 20
92.373
 10
122.084
 20
92.724
 10
122.101
 20
93.087
 10
122.268
 20
92.798
 10
122.43
 20
92.506
 10
122.586
 20
92.21
 10
122.737
 20
91.911
 10
122.882
 20
91.608
 10
123.022
 20
91.302
 10
123.156
 20
90.993
 10
123.285
 20
90.68
 10
123.29
 20
90.68
 10
123.295
 20
90.68
 10
123.3
 20
90.68
 10
123.305
 20
90.68
 10
123.31
 20
90.68
 10
123.315
 20
90.68
 10
123.444
 20
90.993
 10
123.578
 20
91.302
 10
123.718
 20
91.608
 10
123.863
 20
91.911
 10
124.014
 20
92.21
 10
124.17
 20
92.506
 10
124.332
 20
92.798
 10
124.499
 20
93.087
 10
124.516
 20
92.724
 10
124.498
 20
92.373
 10
124.447
 20
92.035
 10
124.362
 20
91.709
 10
124.242
 20
91.396
 10
124.088
 20
91.096
 10
123.9
 20
90.808
 10
123.678
 20
90.533
 10
123.684
 20
90.527
 10
123.69
 20
90.522
 10
123.696
 20
90.516
 10
123.702
 20
90.51
 10
123.707
 20
90.504
 10
123.713
 20
90.498
 10
123.927
 20
90.525
 10
124.136
 20
90.56
 10
124.341
 20
90.603
 10
124.542
 20
90.653
 10
124.739
 20
90.711
 10
124.931
 20
90.776
 10
125.119
 20
90.849
 10
125.303
 20
90.929
 10
125.193
 20
90.665
 10
125.064
 20
90.447
 10
124.914
 20
90.277
 10
124.743
 20
90.154
 10
124.553
 20
90.079
 10
124.342
 20
90.05
 10
124.111
 20
90.069
 10
123.86
 20
90.135
 10
123.844
 20
89.988
 10
123.791
 20
89.85
 10
123.703
 20
89.731
 10
123.587
 20
89.639
 10
123.451
 20
89.581
 10
123.304
 20
89.56
 10
123.305
 20
89.56
 10
123.305
 20
89.56
 10
123.305
 20
89.56
 10
123.305
 20
89.56
 10
123.304
 20
89.56
 10
123.303
 20
89.56
 10
123.302
 20
89.56
 10
123.3
 20
89.56
 10
123.298
 20
89.56
 10
123.297
 20
89.56
 10
123.296
 20
89.56
 10
123.295
 20
89.56
 10
123.295
 20
89.56
 10
123.295
 20
89.56
 10
123.295
 20
89.56
 10
123.296
 20
89.56
 10
123.149
 20
89.581
 10
123.013
 20
89.639
 10
122.897
 20
89.731
 10
122.809
 20
89.85
 10
122.756
 20
89.988
 97
0
 75
0
 76
1
 98
0
  0
HATCH
  5
A0
330
17
100
AcDbEntity
  8
RASTER
 62
7
100
AcDbHatch
 10
0.0
 20
0.0
 30
0.0
210
0.0
220
0.0
230
1.0
  2
SOLID
 70
1
 71
0
 91
1
 92
3
 72
0
 73
1
 93
110
 10
118.74
 20
67.635
 10
118.489
 20
67.569
 10
118.258
 20
67.55
 10
118.047
 20
67.579
 10
117.857
 20
67.654
 10
117.686
 20
67.777
 10
117.536
 20
67.947
 10
117.407
 20
68.165
 10
117.297
 20
68.429
 10
117.481
 20
68.349
 10
117.669
 20
68.276
 10
117.861
 20
68.211
 10
118.058
 20
68.153
 10
118.259
 20
68.103
 10
118.464
 20
68.06
 10
118.673
 20
68.025
 10
118.887
 20
67.998
 10
118.893
 20
68.004
 10
118.898
 20
68.01
 10
118.904
 20
68.016
 10
118.91
 20
68.022
 10
118.916
 20
68.027
 10
118.922
 20
68.033
 10
118.7
 20
68.308
 10
118.512
 20
68.596
 10
118.358
 20
68.896
 10
118.238
 20
69.209
 10
118.153
 20
69.535
 10
118.102
 20
69.873
 10
118.084
 20
70.224
 10
118.101
 20
70.587
 10
118.268
 20
70.298
 10
118.43
 20
70.006
 10
118.586
 20
69.71
 10
118.737
 20
69.411
 10
118.882
 20
69.108
 10
119.022
 20
68.802
 10
119.156
 20
68.493
 10
119.285
 20
68.18
 10
119.29
 20
68.18
 10
119.295
 20
68.18
 10
119.3
 20
68.18
 10
119.305
 20
68.18
 10
119.31
 20
68.18
 10
119.315
 20
68.18
 10
119.444
 20
68.493
 10
119.578
 20
68.802
 10
119.718
 20
69.108
 10
119.863
 20
69.411
 10
120.014
 20
69.71
 10
120.17
 20
70.006
 10
120.332
 20
70.298
 10
120.499
 20
70.587
 10
120.516
 20
70.224
 10
120.498
 20
69.873
 10
120.447
 20
69.535
 10
120.362
 20
69.209
 10
120.242
 20
68.896
 10
120.088
 20
68.596
 10
119.9
 20
68.308
 10
119.678
 20
68.033
 10
119.684
 20
68.027
 10
119.69
 20
68.022
 10
119.696
 20
68.016
 10
119.702
 20
68.01
 10
119.707
 20
68.004
 10
119.713
 20
67.998
 10
119.927
 20
68.025
 10
120.136
 20
68.06
 10
120.341
 20
68.103
 10
120.542
 20
68.153
 10
120.739
 20
68.211
 10
120.931
 20
68.276
 10
121.119
 20
68.349
 10
121.303
 20
68.429
 10
121.193
 20
68.165
 10
121.064
 20
67.947
 10
120.914
 20
67.777
 10
120.743
 20
67.654
 10
120.553
 20
67.579
 10
120.342
 20
67.55
 10
120.111
 20
67.569
 10
119.86
 20
67.635
 10
119.844
 20
67.488
 10
119.791
 20
67.35
 10
119.703
 20
67.231
 10
119.587
 20
67.139
 10
119.451
 20
67.081
 10
119.304
 20
67.06
 10
119.305
 20
67.06
 10
119.305
 20
67.06
 10
119.305
 20
67.06
 10
119.305
 20
67.06
 10
119.304
 20
67.06
 10
119.303
 20
67.06
 10
119.302
 20
67.06
 10
119.3
 20
67.06
 10
119.298
 20
67.06
 10
119.297
 20
67.06
 10
119.296
 20
67.06
 10
119.295
 20
67.06
 10
119.295
 20
67.06
 10
119.295
 20
67.06
 10
119.295
 20
67.06
 10
119.296
 20
67.06
 10
119.149
 20
67.081
 10
119.013
 20
67.139
 10
118.897
 20
67.231
 10
118.809
 20
67.35
 10
118.756
 20
67.488
 97
0
 75
0
 76
1
 98
0
  0
HATCH
  5
A1
330
17
100
AcDbEntity
  8
RASTER
 62
7
100
AcDbHatch
 10
0.0
 20
0.0
 30
0.0
210
0.0
220
0.0
230
1.0
  2
SOLID
 70
1
 71
0
 91
1
 92
3
 72
0
 73
1
 93
22
 10
143.246
 20
63.596
 10
143.236
 20
63.611
 10
143.201
 20
63.722
 10
143.167
 20
63.834
 10
143.134
 20
63.946
 10
143.103
 20
64.058
 10
143.073
 20
64.169
 10
143.044
 20
64.281
 10
143.016
 20
64.393
 10
142.99
 20
64.505
 10
142.981
 20
64.519
 10
141.623
 20
64.3
 10
141.623
 20
64.27
 10
141.639
 20
64.14
 10
141.658
 20
64.01
 10
141.677
 20
63.881
 10
141.698
 20
63.751
 10
141.721
 20
63.621
 10
141.745
 20
63.491
 10
141.771
 20
63.361
 10
141.798
 20
63.231
 10
141.8
 20
63.197
 97
0
 75
0
 76
1
 98
0
  0
HATCH
  5
A2
330
17
100
AcDbEntity
  8
RASTER
 62
7
100
AcDbHatch
 10
0.0
 20
0.0
 30
0.0
210
0.0
220
0.0
230
1.0
  2
SOLID
 70
1
 71
0
 91
1
 92
3
 72
0
 73
1
 93
22
 10
142.949
 20
64.716
 10
142.941
 20
64.73
 10
142.919
 20
64.842
 10
142.897
 20
64.955
 10
142.878
 20
65.067
 10
142.859
 20
65.18
 10
142.842
 20
65.293
 10
142.826
 20
65.406
 10
142.811
 20
65.519
 10
142.798
 20
65.632
 10
142.79
 20
65.645
 10
141.541
 20
65.588
 10
141.537
 20
65.56
 10
141.539
 20
65.431
 10
141.542
 20
65.303
 10
141.547
 20
65.174
 10
141.553
 20
65.045
 10
141.561
 20
64.916
 10
141.571
 20
64.787
 10
141.581
 20
64.658
 10
141.594
 20
64.528
 10
141.591
 20
64.498
 97
0
 75
0
 76
1
 98
0
  0
HATCH
  5
A3
330
17
100
AcDbEntity
  8
RASTER
 62
7
100
AcDbHatch
 10
0.0
 20
0.0
 30
0.0
210
0.0
220
0.0
230
1.0
  2
SOLID
 70
1
 71
0
 91
1
 92
3
 72
0
 73
1
 93
22
 10
142.781
 20
65.845
 10
142.775
 20
65.859
 10
142.765
 20
65.972
 10
142.757
 20
66.086
 10
142.75
 20
66.2
 10
142.744
 20
66.314
 10
142.74
 20
66.428
 10
142.737
 20
66.542
 10
142.736
 20
66.657
 10
142.735
 20
66.772
 10
142.729
 20
66.787
 10
141.607
 20
66.864
 10
141.6
 20
66.837
 10
141.587
 20
66.71
 10
141.575
 20
66.583
 10
141.565
 20
66.455
 10
141.557
 20
66.328
 10
141.55
 20
66.2
 10
141.544
 20
66.072
 10
141.54
 20
65.944
 10
141.538
 20
65.816
 10
141.532
 20
65.788
 97
0
 75
0
 76
1
 98
0
  0
HATCH
  5
A4
330
17
100
AcDbEntity
  8
RASTER
 62
7
100
AcDbHatch
 10
0.0
 20
0.0
 30
0.0
210
0.0
220
0.0
230
1.0
  2
SOLID
 70
1
 71
0
 91
1
 92
3
 72
0
 73
1
 93
22
 10
142.743
 20
66.986
 10
142.738
 20
67.001
 10
142.742
 20
67.116
 10
142.747
 20
67.232
 10
142.753
 20
67.347
 10
142.761
 20
67.463
 10
142.77
 20
67.578
 10
142.78
 20
67.694
 10
142.792
 20
67.81
 10
142.805
 20
67.926
 10
142.801
 20
67.945
 10
141.818
 20
68.125
 10
141.807
 20
68.099
 10
141.78
 20
67.973
 10
141.754
 20
67.847
 10
141.73
 20
67.722
 10
141.707
 20
67.596
 10
141.685
 20
67.47
 10
141.665
 20
67.343
 10
141.647
 20
67.217
 10
141.63
 20
67.09
 10
141.621
 20
67.063
 97
0
 75
0
 76
1
 98
0
  0
HATCH
  5
A5
330
17
100
AcDbEntity
  8
RASTER
 62
7
100
AcDbHatch
 10
0.0
 20
0.0
 30
0.0
210
0.0
220
0.0
230
1.0
  2
SOLID
 70
1
 71
0
 91
1
 92
3
 72
0
 73
1
 93
22
 10
142.838
 20
68.141
 10
142.835
 20
68.159
 10
142.852
 20
68.276
 10
142.871
 20
68.393
 10
142.891
 20
68.51
 10
142.912
 20
68.628
 10
142.934
 20
68.745
 10
142.958
 20
68.863
 10
142.984
 20
68.98
 10
143.011
 20
69.098
 10
143.01
 20
69.121
 10
142.172
 20
69.371
 10
142.158
 20
69.343
 10
142.116
 20
69.22
 10
142.076
 20
69.096
 10
142.038
 20
68.972
 10
142.001
 20
68.847
 10
141.965
 20
68.723
 10
141.931
 20
68.599
 10
141.898
 20
68.474
 10
141.866
 20
68.349
 10
141.854
 20
68.322
 97
0
 75
0
 76
1
 98
0
  0
HATCH
  5
A6
330
17
100
AcDbEntity
  8
RASTER
 62
7
100
AcDbHatch
 10
0.0
 20
0.0
 30
0.0
210
0.0
220
0.0
230
1.0
  2
SOLID
 70
1
 71
0
 91
1
 92
3
 72
0
 73
1
 93
22
 10
143.067
 20
69.312
 10
143.068
 20
69.335
 10
143.099
 20
69.453
 10
143.131
 20
69.572
 10
143.165
 20
69.691
 10
143.2
 20
69.809
 10
143.237
 20
69.929
 10
143.274
 20
70.048
 10
143.314
 20
70.167
 10
143.354
 20
70.287
 10
143.358
 20
70.314
 10
142.665
 20
70.601
 10
142.647
 20
70.571
 10
142.592
 20
70.449
 10
142.538
 20
70.327
 10
142.486
 20
70.205
 10
142.435
 20
70.082
 10
142.385
 20
69.959
 10
142.337
 20
69.837
 10
142.29
 20
69.714
 10
142.244
 20
69.59
 10
142.229
 20
69.563
 97
0
 75
0
 76
1
 98
0
  0
HATCH
  5
A7
330
17
100
AcDbEntity
  8
RASTER
 62
7
100
AcDbHatch
 10
0.0
 20
0.0
 30
0.0
210
0.0
220
0.0
230
1.0
  2
SOLID
 70
1
 71
0
 91
1
 92
3
 72
0
 73
1
 93
48
 10
143.612
 20
71.3
 10
143.608
 20
71.227
 10
143.593
 20
71.154
 10
143.57
 20
71.085
 10
143.537
 20
71.019
 10
143.496
 20
70.958
 10
143.448
 20
70.902
 10
143.392
 20
70.854
 10
143.331
 20
70.813
 10
143.265
 20
70.78
 10
143.196
 20
70.757
 10
143.123
 20
70.742
 10
143.05
 20
70.737
 10
142.977
 20
70.742
 10
142.904
 20
70.757
 10
142.835
 20
70.78
 10
142.769
 20
70.813
 10
142.708
 20
70.854
 10
142.652
 20
70.902
 10
142.604
 20
70.958
 10
142.563
 20
71.019
 10
142.53
 20
71.085
 10
142.507
 20
71.154
 10
142.492
 20
71.227
 10
142.487
 20
71.3
 10
142.492
 20
71.373
 10
142.507
 20
71.446
 10
142.53
 20
71.515
 10
142.563
 20
71.581
 10
142.604
 20
71.642
 10
142.652
 20
71.698
 10
142.708
 20
71.746
 10
142.769
 20
71.787
 10
142.835
 20
71.82
 10
142.904
 20
71.843
 10
142.977
 20
71.858
 10
143.05
 20
71.862
 10
143.123
 20
71.858
 10
143.196
 20
71.843
 10
143.265
 20
71.82
 10
143.331
 20
71.787
 10
143.392
 20
71.746
 10
143.448
 20
71.698
 10
143.496
 20
71.642
 10
143.537
 20
71.581
 10
143.57
 20
71.515
 10
143.593
 20
71.446
 10
143.608
 20
71.373
 97
0
 75
0
 76
1
 98
0
  0
HATCH
  5
A8
330
17
100
AcDbEntity
  8
RASTER
 62
7
100
AcDbHatch
 10
0.0
 20
0.0
 30
0.0
210
0.0
220
0.0
230
1.0
  2
SOLID
 70
1
 71
0
 91
1
 92
3
 72
0
 73
1
 93
122
 10
142.714
 20
71.866
 10
142.693
 20
71.97
 10
142.659
 20
72.061
 10
142.617
 20
72.146
 10
142.57
 20
72.226
 10
142.518
 20
72.301
 10
142.461
 20
72.372
 10
142.397
 20
72.438
 10
142.329
 20
72.499
 10
142.254
 20
72.555
 10
142.173
 20
72.604
 10
142.087
 20
72.645
 10
141.996
 20
72.679
 10
141.9
 20
72.704
 10
141.801
 20
72.72
 10
141.699
 20
72.726
 10
141.597
 20
72.722
 10
141.495
 20
72.708
 10
141.395
 20
72.685
 10
141.298
 20
72.653
 10
141.204
 20
72.612
 10
141.115
 20
72.565
 10
141.03
 20
72.511
 10
140.949
 20
72.451
 10
140.873
 20
72.387
 10
140.801
 20
72.317
 10
140.733
 20
72.243
 10
140.669
 20
72.165
 10
140.609
 20
72.083
 10
140.552
 20
71.997
 10
140.498
 20
71.908
 10
140.447
 20
71.815
 10
140.399
 20
71.718
 10
140.353
 20
71.619
 10
140.309
 20
71.515
 10
140.268
 20
71.408
 10
140.228
 20
71.298
 10
140.191
 20
71.184
 10
140.155
 20
71.066
 10
140.121
 20
70.945
 10
140.088
 20
70.82
 10
140.057
 20
70.692
 10
140.027
 20
70.56
 10
139.998
 20
70.424
 10
139.971
 20
70.284
 10
139.945
 20
70.141
 10
139.919
 20
69.994
 10
139.895
 20
69.843
 10
139.872
 20
69.688
 10
139.849
 20
69.53
 10
139.827
 20
69.367
 10
139.806
 20
69.201
 10
139.786
 20
69.031
 10
139.766
 20
68.856
 10
139.747
 20
68.678
 10
139.729
 20
68.496
 10
139.711
 20
68.31
 10
139.693
 20
68.12
 10
139.676
 20
67.926
 10
139.659
 20
67.728
 10
139.643
 20
67.526
 10
139.963
 20
67.47
 10
140.017
 20
67.663
 10
140.072
 20
67.852
 10
140.127
 20
68.036
 10
140.182
 20
68.215
 10
140.238
 20
68.39
 10
140.294
 20
68.561
 10
140.35
 20
68.726
 10
140.407
 20
68.887
 10
140.463
 20
69.043
 10
140.52
 20
69.195
 10
140.498
 20
69.362
 10
140.466
 20
69.529
 10
140.515
 20
69.67
 10
140.657
 20
69.78
 10
140.802
 20
69.882
 10
140.858
 20
70.005
 10
140.913
 20
70.123
 10
140.968
 20
70.237
 10
141.023
 20
70.345
 10
141.077
 20
70.449
 10
141.13
 20
70.547
 10
141.183
 20
70.641
 10
141.234
 20
70.73
 10
141.285
 20
70.813
 10
141.335
 20
70.892
 10
141.315
 20
71.0
 10
141.242
 20
71.136
 10
141.191
 20
71.261
 10
141.356
 20
71.256
 10
141.518
 20
71.237
 10
141.601
 20
71.257
 10
141.638
 20
71.3
 10
141.673
 20
71.338
 10
141.705
 20
71.372
 10
141.734
 20
71.401
 10
141.759
 20
71.426
 10
141.781
 20
71.447
 10
141.799
 20
71.464
 10
141.814
 20
71.479
 10
141.825
 20
71.492
 10
141.823
 20
71.524
 10
141.78
 20
71.666
 10
141.757
 20
71.811
 10
141.793
 20
71.77
 10
141.831
 20
71.65
 10
141.847
 20
71.564
 10
141.854
 20
71.58
 10
141.865
 20
71.596
 10
141.881
 20
71.613
 10
141.902
 20
71.629
 10
141.931
 20
71.644
 10
141.966
 20
71.656
 10
142.007
 20
71.665
 10
142.055
 20
71.671
 10
142.109
 20
71.673
 10
142.17
 20
71.672
 10
142.236
 20
71.666
 10
142.309
 20
71.656
 10
142.389
 20
71.643
 10
142.484
 20
71.636
 97
0
 75
0
 76
1
 98
0
  0
HATCH
  5
A9
330
17
100
AcDbEntity
  8
RASTER
 62
7
100
AcDbHatch
 10
0.0
 20
0.0
 30
0.0
210
0.0
220
0.0
230
1.0
  2
SOLID
 70
1
 71
0
 91
1
 92
3
 72
0
 73
1
 93
122
 10
143.099
 20
71.956
 10
143.14
 20
72.067
 10
143.16
 20
72.175
 10
143.172
 20
72.28
 10
143.177
 20
72.383
 10
143.175
 20
72.484
 10
143.165
 20
72.584
 10
143.148
 20
72.683
 10
143.122
 20
72.78
 10
143.088
 20
72.876
 10
143.043
 20
72.969
 10
142.989
 20
73.059
 10
142.924
 20
73.144
 10
142.849
 20
73.224
 10
142.763
 20
73.296
 10
142.669
 20
73.358
 10
142.567
 20
73.411
 10
142.46
 20
73.451
 10
142.349
 20
73.481
 10
142.237
 20
73.498
 10
142.124
 20
73.505
 10
142.013
 20
73.502
 10
141.903
 20
73.49
 10
141.795
 20
73.469
 10
141.689
 20
73.441
 10
141.584
 20
73.406
 10
141.482
 20
73.364
 10
141.381
 20
73.316
 10
141.281
 20
73.263
 10
141.182
 20
73.204
 10
141.083
 20
73.139
 10
140.986
 20
73.07
 10
140.888
 20
72.995
 10
140.79
 20
72.915
 10
140.692
 20
72.83
 10
140.594
 20
72.741
 10
140.495
 20
72.646
 10
140.396
 20
72.547
 10
140.296
 20
72.442
 10
140.195
 20
72.333
 10
140.092
 20
72.219
 10
139.989
 20
72.1
 10
139.885
 20
71.976
 10
139.779
 20
71.848
 10
139.672
 20
71.714
 10
139.564
 20
71.576
 10
139.454
 20
71.433
 10
139.343
 20
71.285
 10
139.229
 20
71.133
 10
139.115
 20
70.976
 10
138.998
 20
70.813
 10
138.88
 20
70.647
 10
138.76
 20
70.475
 10
138.638
 20
70.299
 10
138.514
 20
70.118
 10
138.388
 20
69.932
 10
138.26
 20
69.741
 10
138.13
 20
69.546
 10
137.998
 20
69.346
 10
137.863
 20
69.142
 10
137.727
 20
68.932
 10
137.985
 20
68.735
 10
138.151
 20
68.919
 10
138.315
 20
69.098
 10
138.477
 20
69.272
 10
138.636
 20
69.441
 10
138.792
 20
69.605
 10
138.947
 20
69.763
 10
139.098
 20
69.917
 10
139.247
 20
70.065
 10
139.394
 20
70.208
 10
139.538
 20
70.346
 10
139.618
 20
70.533
 10
139.688
 20
70.723
 10
139.819
 20
70.852
 10
140.017
 20
70.911
 10
140.215
 20
70.961
 10
140.341
 20
71.068
 10
140.465
 20
71.171
 10
140.585
 20
71.269
 10
140.702
 20
71.361
 10
140.816
 20
71.449
 10
140.926
 20
71.532
 10
141.033
 20
71.609
 10
141.136
 20
71.682
 10
141.235
 20
71.749
 10
141.331
 20
71.812
 10
141.376
 20
71.93
 10
141.384
 20
72.096
 10
141.407
 20
72.241
 10
141.567
 20
72.175
 10
141.718
 20
72.097
 10
141.814
 20
72.086
 10
141.878
 20
72.116
 10
141.936
 20
72.141
 10
141.988
 20
72.161
 10
142.035
 20
72.179
 10
142.075
 20
72.192
 10
142.109
 20
72.203
 10
142.137
 20
72.212
 10
142.158
 20
72.219
 10
142.173
 20
72.225
 10
142.183
 20
72.255
 10
142.209
 20
72.401
 10
142.255
 20
72.539
 10
142.265
 20
72.487
 10
142.234
 20
72.365
 10
142.198
 20
72.286
 10
142.208
 20
72.299
 10
142.222
 20
72.309
 10
142.243
 20
72.316
 10
142.27
 20
72.317
 10
142.303
 20
72.311
 10
142.341
 20
72.298
 10
142.383
 20
72.277
 10
142.429
 20
72.247
 10
142.478
 20
72.209
 10
142.53
 20
72.163
 10
142.584
 20
72.108
 10
142.641
 20
72.046
 10
142.703
 20
71.975
 10
142.779
 20
71.9
 97
0
 75
0
 76
1
 98
0
  0
HATCH
  5
AA
330
17
100
AcDbEntity
  8
RASTER
 62
7
100
AcDbHatch
 10
0.0
 20
0.0
 30
0.0
210
0.0
220
0.0
230
1.0
  2
SOLID
 70
1
 71
0
 91
1
 92
3
 72
0
 73
1
 93
122
 10
143.467
 20
71.809
 10
143.565
 20
71.873
 10
143.648
 20
71.936
 10
143.727
 20
71.994
 10
143.802
 20
72.048
 10
143.874
 20
72.095
 10
143.943
 20
72.138
 10
144.01
 20
72.175
 10
144.074
 20
72.207
 10
144.135
 20
72.234
 10
144.193
 20
72.257
 10
144.248
 20
72.276
 10
144.301
 20
72.291
 10
144.351
 20
72.303
 10
144.399
 20
72.312
 10
144.444
 20
72.319
 10
144.489
 20
72.324
 10
144.532
 20
72.328
 10
144.576
 20
72.331
 10
144.619
 20
72.332
 10
144.664
 20
72.333
 10
144.71
 20
72.333
 10
144.758
 20
72.332
 10
144.809
 20
72.329
 10
144.863
 20
72.325
 10
144.92
 20
72.32
 10
144.981
 20
72.312
 10
145.045
 20
72.303
 10
145.113
 20
72.291
 10
145.186
 20
72.276
 10
145.262
 20
72.258
 10
145.342
 20
72.237
 10
145.426
 20
72.213
 10
145.514
 20
72.185
 10
145.605
 20
72.154
 10
145.7
 20
72.119
 10
145.799
 20
72.08
 10
145.902
 20
72.037
 10
146.007
 20
71.99
 10
146.116
 20
71.938
 10
146.229
 20
71.883
 10
146.344
 20
71.823
 10
146.463
 20
71.759
 10
146.584
 20
71.691
 10
146.709
 20
71.618
 10
146.836
 20
71.541
 10
146.966
 20
71.459
 10
147.098
 20
71.373
 10
147.233
 20
71.282
 10
147.371
 20
71.187
 10
147.511
 20
71.087
 10
147.653
 20
70.983
 10
147.798
 20
70.874
 10
147.945
 20
70.761
 10
148.094
 20
70.643
 10
148.245
 20
70.52
 10
148.399
 20
70.393
 10
148.554
 20
70.261
 10
148.711
 20
70.124
 10
148.871
 20
69.983
 10
149.032
 20
69.837
 10
149.272
 20
70.057
 10
149.137
 20
70.231
 10
149.004
 20
70.401
 10
148.872
 20
70.567
 10
148.742
 20
70.73
 10
148.613
 20
70.888
 10
148.486
 20
71.042
 10
148.36
 20
71.192
 10
148.235
 20
71.337
 10
148.111
 20
71.479
 10
147.989
 20
71.617
 10
147.814
 20
71.69
 10
147.634
 20
71.749
 10
147.511
 20
71.867
 10
147.45
 20
72.055
 10
147.391
 20
72.244
 10
147.274
 20
72.356
 10
147.157
 20
72.465
 10
147.041
 20
72.569
 10
146.926
 20
72.669
 10
146.811
 20
72.765
 10
146.696
 20
72.856
 10
146.581
 20
72.943
 10
146.467
 20
73.025
 10
146.352
 20
73.102
 10
146.238
 20
73.175
 10
146.091
 20
73.175
 10
145.922
 20
73.111
 10
145.77
 20
73.061
 10
145.711
 20
73.239
 10
145.645
 20
73.417
 10
145.545
 20
73.508
 10
145.428
 20
73.545
 10
145.31
 20
73.576
 10
145.192
 20
73.6
 10
145.074
 20
73.618
 10
144.956
 20
73.629
 10
144.837
 20
73.633
 10
144.72
 20
73.63
 10
144.603
 20
73.62
 10
144.487
 20
73.602
 10
144.378
 20
73.553
 10
144.303
 20
73.385
 10
144.245
 20
73.218
 10
144.136
 20
73.23
 10
143.992
 20
73.304
 10
143.854
 20
73.333
 10
143.765
 20
73.263
 10
143.68
 20
73.188
 10
143.602
 20
73.107
 10
143.53
 20
73.021
 10
143.464
 20
72.931
 10
143.405
 20
72.836
 10
143.352
 20
72.737
 10
143.305
 20
72.635
 10
143.264
 20
72.53
 10
143.229
 20
72.421
 10
143.201
 20
72.309
 10
143.18
 20
72.194
 10
143.167
 20
72.074
 10
143.172
 20
71.946
 97
0
 75
0
 76
1
 98
0
  0
HATCH
  5
AB
330
17
100
AcDbEntity
  8
RASTER
 62
7
100
AcDbHatch
 10
0.0
 20
0.0
 30
0.0
210
0.0
220
0.0
230
1.0
  2
SOLID
 70
1
 71
0
 91
1
 92
3
 72
0
 73
1
 93
122
 10
143.683
 20
71.478
 10
143.802
 20
71.475
 10
143.911
 20
71.483
 10
144.015
 20
71.491
 10
144.115
 20
71.498
 10
144.212
 20
71.505
 10
144.306
 20
71.51
 10
144.397
 20
71.513
 10
144.486
 20
71.516
 10
144.572
 20
71.516
 10
144.655
 20
71.516
 10
144.737
 20
71.514
 10
144.816
 20
71.511
 10
144.894
 20
71.507
 10
144.969
 20
71.501
 10
145.043
 20
71.495
 10
145.116
 20
71.488
 10
145.188
 20
71.48
 10
145.259
 20
71.47
 10
145.329
 20
71.46
 10
145.398
 20
71.45
 10
145.467
 20
71.438
 10
145.536
 20
71.425
 10
145.606
 20
71.411
 10
145.675
 20
71.396
 10
145.745
 20
71.38
 10
145.816
 20
71.363
 10
145.887
 20
71.344
 10
145.959
 20
71.324
 10
146.033
 20
71.302
 10
146.107
 20
71.279
 10
146.183
 20
71.253
 10
146.26
 20
71.226
 10
146.338
 20
71.196
 10
146.417
 20
71.164
 10
146.498
 20
71.13
 10
146.581
 20
71.093
 10
146.664
 20
71.054
 10
146.749
 20
71.012
 10
146.836
 20
70.967
 10
146.923
 20
70.919
 10
147.012
 20
70.868
 10
147.102
 20
70.815
 10
147.193
 20
70.758
 10
147.286
 20
70.698
 10
147.379
 20
70.635
 10
147.473
 20
70.568
 10
147.568
 20
70.498
 10
147.664
 20
70.425
 10
147.761
 20
70.349
 10
147.859
 20
70.269
 10
147.957
 20
70.186
 10
148.055
 20
70.099
 10
148.155
 20
70.008
 10
148.254
 20
69.915
 10
148.355
 20
69.817
 10
148.455
 20
69.717
 10
148.556
 20
69.612
 10
148.657
 20
69.505
 10
148.758
 20
69.393
 10
148.859
 20
69.278
 10
149.129
 20
69.459
 10
149.058
 20
69.599
 10
148.986
 20
69.736
 10
148.914
 20
69.871
 10
148.841
 20
70.004
 10
148.768
 20
70.133
 10
148.694
 20
70.26
 10
148.62
 20
70.385
 10
148.545
 20
70.507
 10
148.469
 20
70.626
 10
148.392
 20
70.743
 10
148.255
 20
70.802
 10
148.111
 20
70.849
 10
148.028
 20
70.95
 10
148.011
 20
71.116
 10
147.994
 20
71.286
 10
147.911
 20
71.386
 10
147.827
 20
71.483
 10
147.741
 20
71.578
 10
147.654
 20
71.669
 10
147.566
 20
71.757
 10
147.476
 20
71.843
 10
147.385
 20
71.925
 10
147.292
 20
72.003
 10
147.197
 20
72.078
 10
147.101
 20
72.15
 10
146.967
 20
72.152
 10
146.805
 20
72.093
 10
146.66
 20
72.049
 10
146.622
 20
72.226
 10
146.577
 20
72.405
 10
146.492
 20
72.501
 10
146.385
 20
72.545
 10
146.277
 20
72.585
 10
146.168
 20
72.619
 10
146.057
 20
72.65
 10
145.946
 20
72.675
 10
145.834
 20
72.696
 10
145.722
 20
72.711
 10
145.609
 20
72.721
 10
145.497
 20
72.727
 10
145.383
 20
72.704
 10
145.27
 20
72.559
 10
145.166
 20
72.414
 10
145.061
 20
72.458
 10
144.947
 20
72.575
 10
144.828
 20
72.649
 10
144.72
 20
72.619
 10
144.614
 20
72.583
 10
144.509
 20
72.542
 10
144.406
 20
72.496
 10
144.305
 20
72.445
 10
144.206
 20
72.39
 10
144.11
 20
72.33
 10
144.015
 20
72.265
 10
143.924
 20
72.196
 10
143.835
 20
72.122
 10
143.749
 20
72.043
 10
143.667
 20
71.958
 10
143.589
 20
71.867
 10
143.521
 20
71.759
 97
0
 75
0
 76
1
 98
0
  0
HATCH
  5
AC
330
17
100
AcDbEntity
  8
RASTER
 62
7
100
AcDbHatch
 10
0.0
 20
0.0
 30
0.0
210
0.0
220
0.0
230
1.0
  2
SOLID
 70
1
 71
0
 91
1
 92
3
 72
0
 73
1
 93
122
 10
143.671
 20
71.083
 10
143.754
 20
71.014
 10
143.837
 20
70.96
 10
143.918
 20
70.911
 10
143.997
 20
70.864
 10
144.075
 20
70.819
 10
144.152
 20
70.775
 10
144.228
 20
70.732
 10
144.302
 20
70.691
 10
144.375
 20
70.65
 10
144.446
 20
70.61
 10
144.517
 20
70.571
 10
144.586
 20
70.532
 10
144.655
 20
70.495
 10
144.723
 20
70.457
 10
144.789
 20
70.421
 10
144.856
 20
70.385
 10
144.921
 20
70.349
 10
144.986
 20
70.314
 10
145.05
 20
70.28
 10
145.114
 20
70.245
 10
145.177
 20
70.212
 10
145.24
 20
70.178
 10
145.303
 20
70.144
 10
145.366
 20
70.111
 10
145.428
 20
70.078
 10
145.49
 20
70.045
 10
145.552
 20
70.011
 10
145.615
 20
69.978
 10
145.677
 20
69.944
 10
145.739
 20
69.91
 10
145.802
 20
69.876
 10
145.864
 20
69.841
 10
145.927
 20
69.806
 10
145.99
 20
69.771
 10
146.053
 20
69.734
 10
146.116
 20
69.697
 10
146.179
 20
69.659
 10
146.243
 20
69.621
 10
146.307
 20
69.581
 10
146.371
 20
69.54
 10
146.435
 20
69.498
 10
146.499
 20
69.455
 10
146.564
 20
69.411
 10
146.628
 20
69.366
 10
146.693
 20
69.319
 10
146.758
 20
69.271
 10
146.822
 20
69.222
 10
146.887
 20
69.171
 10
146.952
 20
69.118
 10
147.016
 20
69.064
 10
147.08
 20
69.009
 10
147.145
 20
68.951
 10
147.209
 20
68.892
 10
147.272
 20
68.832
 10
147.336
 20
68.769
 10
147.399
 20
68.705
 10
147.461
 20
68.64
 10
147.523
 20
68.572
 10
147.585
 20
68.503
 10
147.646
 20
68.432
 10
147.932
 20
68.586
 10
147.903
 20
68.679
 10
147.873
 20
68.773
 10
147.841
 20
68.865
 10
147.809
 20
68.957
 10
147.775
 20
69.048
 10
147.74
 20
69.138
 10
147.704
 20
69.227
 10
147.667
 20
69.316
 10
147.628
 20
69.404
 10
147.588
 20
69.491
 10
147.483
 20
69.527
 10
147.369
 20
69.554
 10
147.32
 20
69.631
 10
147.343
 20
69.769
 10
147.366
 20
69.91
 10
147.316
 20
69.991
 10
147.265
 20
70.071
 10
147.213
 20
70.149
 10
147.158
 20
70.226
 10
147.102
 20
70.302
 10
147.045
 20
70.376
 10
146.985
 20
70.449
 10
146.924
 20
70.52
 10
146.861
 20
70.59
 10
146.796
 20
70.658
 10
146.682
 20
70.664
 10
146.532
 20
70.617
 10
146.399
 20
70.584
 10
146.409
 20
70.753
 10
146.416
 20
70.926
 10
146.37
 20
71.025
 10
146.293
 20
71.079
 10
146.214
 20
71.13
 10
146.134
 20
71.179
 10
146.052
 20
71.226
 10
145.969
 20
71.27
 10
145.885
 20
71.312
 10
145.799
 20
71.351
 10
145.712
 20
71.387
 10
145.623
 20
71.421
 10
145.525
 20
71.43
 10
145.384
 20
71.328
 10
145.247
 20
71.225
 10
145.179
 20
71.301
 10
145.133
 20
71.449
 10
145.071
 20
71.561
 10
144.976
 20
71.573
 10
144.88
 20
71.583
 10
144.783
 20
71.589
 10
144.686
 20
71.593
 10
144.589
 20
71.593
 10
144.491
 20
71.589
 10
144.393
 20
71.582
 10
144.294
 20
71.572
 10
144.196
 20
71.558
 10
144.097
 20
71.54
 10
143.998
 20
71.518
 10
143.899
 20
71.491
 10
143.799
 20
71.458
 10
143.699
 20
71.406
 97
0
 75
0
 76
1
 98
0
  0
LWPOLYLINE
  5
AD
330
17
100
AcDbEntity
  8
CUT
100
AcDbPolyline
 90
376
 70
1
 10
233.752
 20
104.903
 10
234.015
 20
104.518
 10
234.237
 20
104.094
 10
234.418
 20
103.631
 10
234.488
 20
103.38
 10
234.558
 20
103.13
 10
234.608
 20
102.861
 10
234.658
 20
102.591
 10
234.688
 20
102.303
 10
234.718
 20
102.015
 10
234.728
 20
101.707
 10
234.737
 20
101.402
 10
234.737
 20
100.91
 10
234.737
 20
100.421
 10
234.737
 20
99.931
 10
234.737
 20
99.441
 10
234.737
 20
98.687
 10
232.137
 20
98.687
 10
232.137
 20
89.913
 10
234.737
 20
89.913
 10
234.737
 20
89.159
 10
234.737
 20
88.669
 10
234.737
 20
88.179
 10
234.737
 20
87.69
 10
234.737
 20
87.198
 10
234.728
 20
86.893
 10
234.718
 20
86.585
 10
234.688
 20
86.297
 10
234.658
 20
86.009
 10
234.608
 20
85.739
 10
234.558
 20
85.47
 10
234.488
 20
85.22
 10
234.418
 20
84.969
 10
234.237
 20
84.506
 10
234.015
 20
84.082
 10
233.752
 20
83.697
 10
233.447
 20
83.353
 10
233.103
 20
83.048
 10
232.718
 20
82.785
 10
232.294
 20
82.563
 10
231.831
 20
82.382
 10
231.58
 20
82.312
 10
231.33
 20
82.242
 10
231.061
 20
82.192
 10
230.791
 20
82.142
 10
230.503
 20
82.112
 10
230.215
 20
82.082
 10
229.907
 20
82.072
 10
229.602
 20
82.062
 10
229.1
 20
82.062
 10
228.6
 20
82.062
 10
228.1
 20
82.062
 10
227.6
 20
82.062
 10
226.888
 20
82.062
 10
226.888
 20
84.662
 10
218.112
 20
84.662
 10
218.112
 20
82.062
 10
217.6
 20
82.062
 10
217.1
 20
82.062
 10
216.6
 20
82.062
 10
216.1
 20
82.062
 10
215.6
 20
82.062
 10
215.1
 20
82.062
 10
214.602
 20
82.062
 10
214.302
 20
82.053
 10
214.004
 20
82.043
 10
213.725
 20
82.014
 10
213.448
 20
81.986
 10
213.189
 20
81.938
 10
212.932
 20
81.89
 10
212.694
 20
81.823
 10
212.456
 20
81.757
 10
212.02
 20
81.586
 10
211.624
 20
81.379
 10
211.267
 20
81.134
 10
210.947
 20
80.853
 10
210.666
 20
80.533
 10
210.421
 20
80.176
 10
210.214
 20
79.78
 10
210.043
 20
79.344
 10
209.977
 20
79.106
 10
209.91
 20
78.868
 10
209.862
 20
78.611
 10
209.814
 20
78.352
 10
209.786
 20
78.075
 10
209.757
 20
77.796
 10
209.747
 20
77.498
 10
209.737
 20
77.198
 10
209.737
 20
76.7
 10
209.737
 20
76.2
 10
209.737
 20
75.7
 10
209.737
 20
75.2
 10
209.737
 20
74.7
 10
209.737
 20
74.2
 10
209.737
 20
73.687
 10
207.137
 20
73.687
 10
207.137
 20
64.912
 10
209.737
 20
64.912
 10
209.737
 20
64.2
 10
209.737
 20
63.7
 10
209.737
 20
63.2
 10
209.737
 20
62.7
 10
209.737
 20
62.198
 10
209.728
 20
61.893
 10
209.718
 20
61.585
 10
209.688
 20
61.297
 10
209.658
 20
61.009
 10
209.608
 20
60.739
 10
209.558
 20
60.47
 10
209.488
 20
60.22
 10
209.418
 20
59.969
 10
209.237
 20
59.506
 10
209.015
 20
59.082
 10
208.752
 20
58.697
 10
208.447
 20
58.353
 10
208.103
 20
58.048
 10
207.718
 20
57.785
 10
207.294
 20
57.563
 10
206.831
 20
57.382
 10
206.58
 20
57.312
 10
206.33
 20
57.242
 10
206.061
 20
57.192
 10
205.791
 20
57.142
 10
205.503
 20
57.112
 10
205.215
 20
57.082
 10
204.907
 20
57.072
 10
204.602
 20
57.062
 10
204.11
 20
57.062
 10
203.621
 20
57.062
 10
203.131
 20
57.062
 10
202.641
 20
57.062
 10
201.888
 20
57.062
 10
201.888
 20
59.662
 10
193.112
 20
59.662
 10
193.112
 20
57.062
 10
192.359
 20
57.062
 10
191.869
 20
57.062
 10
191.379
 20
57.062
 10
190.89
 20
57.062
 10
190.398
 20
57.062
 10
190.093
 20
57.072
 10
189.785
 20
57.082
 10
189.497
 20
57.112
 10
189.209
 20
57.142
 10
188.939
 20
57.192
 10
188.67
 20
57.242
 10
188.42
 20
57.312
 10
188.169
 20
57.382
 10
187.706
 20
57.563
 10
187.282
 20
57.785
 10
186.897
 20
58.048
 10
186.553
 20
58.353
 10
186.248
 20
58.697
 10
185.985
 20
59.082
 10
185.763
 20
59.506
 10
185.582
 20
59.969
 10
185.512
 20
60.22
 10
185.442
 20
60.47
 10
185.392
 20
60.739
 10
185.342
 20
61.009
 10
185.312
 20
61.297
 10
185.282
 20
61.585
 10
185.272
 20
61.893
 10
185.263
 20
62.198
 10
185.263
 20
62.7
 10
185.263
 20
63.2
 10
185.263
 20
63.7
 10
185.263
 20
64.2
 10
185.263
 20
64.912
 10
187.862
 20
64.912
 10
187.862
 20
73.687
 10
185.263
 20
73.687
 10
185.263
 20
74.2
 10
185.263
 20
74.7
 10
185.263
 20
75.2
 10
185.263
 20
75.7
 10
185.263
 20
76.2
 10
185.263
 20
76.7
 10
185.263
 20
77.198
 10
185.253
 20
77.498
 10
185.243
 20
77.796
 10
185.214
 20
78.075
 10
185.186
 20
78.352
 10
185.138
 20
78.611
 10
185.09
 20
78.868
 10
185.023
 20
79.106
 10
184.957
 20
79.344
 10
184.786
 20
79.78
 10
184.579
 20
80.176
 10
184.334
 20
80.533
 10
184.053
 20
80.853
 10
183.733
 20
81.134
 10
183.376
 20
81.379
 10
182.98
 20
81.586
 10
182.544
 20
81.757
 10
182.306
 20
81.823
 10
182.068
 20
81.89
 10
181.811
 20
81.938
 10
181.552
 20
81.986
 10
181.275
 20
82.014
 10
180.996
 20
82.043
 10
180.698
 20
82.053
 10
180.398
 20
82.062
 10
179.9
 20
82.062
 10
179.4
 20
82.062
 10
178.9
 20
82.062
 10
178.4
 20
82.062
 10
177.9
 20
82.062
 10
177.4
 20
82.062
 10
176.888
 20
82.062
 10
176.888
 20
84.662
 10
168.112
 20
84.662
 10
168.112
 20
82.062
 10
167.4
 20
82.062
 10
166.9
 20
82.062
 10
166.4
 20
82.062
 10
165.9
 20
82.062
 10
165.398
 20
82.062
 10
165.093
 20
82.072
 10
164.785
 20
82.082
 10
164.497
 20
82.112
 10
164.209
 20
82.142
 10
163.939
 20
82.192
 10
163.67
 20
82.242
 10
163.42
 20
82.312
 10
163.169
 20
82.382
 10
162.706
 20
82.563
 10
162.282
 20
82.785
 10
161.897
 20
83.048
 10
161.553
 20
83.353
 10
161.248
 20
83.697
 10
160.985
 20
84.082
 10
160.763
 20
84.506
 10
160.582
 20
84.969
 10
160.512
 20
85.22
 10
160.442
 20
85.47
 10
160.392
 20
85.739
 10
160.342
 20
86.009
 10
160.312
 20
86.297
 10
160.282
 20
86.585
 10
160.272
 20
86.893
 10
160.263
 20
87.198
 10
160.263
 20
87.69
 10
160.263
 20
88.179
 10
160.263
 20
88.669
 10
160.263
 20
89.159
 10
160.263
 20
89.913
 10
162.862
 20
89.913
 10
162.862
 20
98.687
 10
160.263
 20
98.687
 10
160.263
 20
99.441
 10
160.263
 20
99.931
 10
160.263
 20
100.421
 10
160.263
 20
100.91
 10
160.263
 20
101.402
 10
160.272
 20
101.707
 10
160.282
 20
102.015
 10
160.312
 20
102.303
 10
160.342
 20
102.591
 10
160.392
 20
102.861
 10
160.442
 20
103.13
 10
160.512
 20
103.38
 10
160.582
 20
103.631
 10
160.763
 20
104.094
 10
160.985
 20
104.518
 10
161.248
 20
104.903
 10
161.553
 20
105.247
 10
161.897
 20
105.552
 10
162.282
 20
105.815
 10
162.706
 20
106.037
 10
163.169
 20
106.218
 10
163.42
 20
106.288
 10
163.67
 20
106.358
 10
163.939
 20
106.408
 10
164.209
 20
106.458
 10
164.497
 20
106.488
 10
164.785
 20
106.518
 10
165.093
 20
106.528
 10
165.398
 20
106.538
 10
165.898
 20
106.538
 10
166.395
 20
106.538
 10
166.893
 20
106.538
 10
167.391
 20
106.538
 10
168.112
 20
106.538
 10
168.112
 20
103.938
 10
176.888
 20
103.938
 10
176.888
 20
106.538
 10
177.344
 20
106.538
 10
177.842
 20
106.538
 10
178.34
 20
106.538
 10
178.837
 20
106.538
 10
179.335
 20
106.538
 10
179.833
 20
106.538
 10
180.33
 20
106.538
 10
180.828
 20
106.538
 10
181.326
 20
106.538
 10
181.823
 20
106.538
 10
182.321
 20
106.538
 10
182.819
 20
106.538
 10
183.316
 20
106.538
 10
183.814
 20
106.538
 10
184.312
 20
106.538
 10
184.809
 20
106.538
 10
185.307
 20
106.538
 10
185.805
 20
106.538
 10
186.302
 20
106.538
 10
186.8
 20
106.538
 10
187.298
 20
106.538
 10
187.795
 20
106.538
 10
188.293
 20
106.538
 10
188.791
 20
106.538
 10
189.288
 20
106.538
 10
189.786
 20
106.538
 10
190.284
 20
106.538
 10
190.781
 20
106.538
 10
191.279
 20
106.538
 10
191.777
 20
106.538
 10
192.274
 20
106.538
 10
192.772
 20
106.538
 10
193.112
 20
106.538
 10
193.112
 20
103.938
 10
201.888
 20
103.938
 10
201.888
 20
106.538
 10
202.228
 20
106.538
 10
202.726
 20
106.538
 10
203.223
 20
106.538
 10
203.721
 20
106.538
 10
204.219
 20
106.538
 10
204.716
 20
106.538
 10
205.214
 20
106.538
 10
205.712
 20
106.538
 10
206.209
 20
106.538
 10
206.707
 20
106.538
 10
207.205
 20
106.538
 10
207.702
 20
106.538
 10
208.2
 20
106.538
 10
208.698
 20
106.538
 10
209.195
 20
106.538
 10
209.693
 20
106.538
 10
210.191
 20
106.538
 10
210.688
 20
106.538
 10
211.186
 20
106.538
 10
211.684
 20
106.538
 10
212.181
 20
106.538
 10
212.679
 20
106.538
 10
213.177
 20
106.538
 10
213.674
 20
106.538
 10
214.172
 20
106.538
 10
214.67
 20
106.538
 10
215.167
 20
106.538
 10
215.665
 20
106.538
 10
216.163
 20
106.538
 10
216.66
 20
106.538
 10
217.158
 20
106.538
 10
217.656
 20
106.538
 10
218.112
 20
106.538
 10
218.112
 20
103.938
 10
226.888
 20
103.938
 10
226.888
 20
106.538
 10
227.609
 20
106.538
 10
228.107
 20
106.538
 10
228.605
 20
106.538
 10
229.102
 20
106.538
 10
229.602
 20
106.538
 10
229.907
 20
106.528
 10
230.215
 20
106.518
 10
230.503
 20
106.488
 10
230.791
 20
106.458
 10
231.061
 20
106.408
 10
231.33
 20
106.358
 10
231.58
 20
106.288
 10
231.831
 20
106.218
 10
232.294
 20
106.037
 10
232.718
 20
105.815
 10
233.103
 20
105.552
 10
233.447
 20
105.247
  0
HATCH
  5
AE
330
17
100
AcDbEntity
  8
RASTER
 62
7
100
AcDbHatch
 10
0.0
 20
0.0
 30
0.0
210
0.0
220
0.0
230
1.0
  2
SOLID
 70
1
 71
0
 91
2
 92
3
 72
0
 73
1
 93
389
 10
162.225
 20
98.818
 10
162.266
 20
99.163
 10
162.333
 20
99.517
 10
162.558
 20
100.131
 10
162.853
 20
100.672
 10
163.17
 20
101.133
 10
163.479
 20
101.525
 10
163.766
 20
101.867
 10
164.037
 20
102.179
 10
164.304
 20
102.479
 10
164.59
 20
102.778
 10
164.915
 20
103.074
 10
165.293
 20
103.356
 10
165.732
 20
103.606
 10
166.23
 20
103.807
 10
166.777
 20
103.949
 10
167.362
 20
104.039
 10
167.67
 20
104.065
 10
167.97
 20
104.095
 10
168.557
 20
104.156
 10
169.14
 20
104.248
 10
169.734
 20
104.361
 10
170.343
 20
104.469
 10
170.969
 20
104.531
 10
171.606
 20
104.513
 10
172.24
 20
104.404
 10
172.859
 20
104.222
 10
173.46
 20
104.012
 10
174.039
 20
103.824
 10
174.602
 20
103.696
 10
175.155
 20
103.649
 10
175.714
 20
103.683
 10
176.287
 20
103.779
 10
176.879
 20
103.905
 10
177.485
 20
104.025
 10
178.097
 20
104.113
 10
178.708
 20
104.164
 10
179.309
 20
104.193
 10
179.901
 20
104.22
 10
180.487
 20
104.265
 10
181.076
 20
104.332
 10
181.676
 20
104.406
 10
182.29
 20
104.46
 10
182.918
 20
104.459
 10
183.55
 20
104.38
 10
184.173
 20
104.227
 10
184.781
 20
104.029
 10
185.368
 20
103.833
 10
185.935
 20
103.686
 10
186.488
 20
103.616
 10
187.04
 20
103.635
 10
187.604
 20
103.732
 10
188.187
 20
103.881
 10
188.788
 20
104.041
 10
189.402
 20
104.175
 10
190.022
 20
104.259
 10
190.637
 20
104.293
 10
191.241
 20
104.299
 10
191.834
 20
104.301
 10
192.423
 20
104.316
 10
193.015
 20
104.346
 10
193.618
 20
104.377
 10
194.234
 20
104.38
 10
194.858
 20
104.329
 10
195.482
 20
104.211
 10
196.095
 20
104.042
 10
196.69
 20
103.857
 10
197.265
 20
103.702
 10
197.822
 20
103.613
 10
198.371
 20
103.611
 10
198.928
 20
103.697
 10
199.502
 20
103.852
 10
200.096
 20
104.038
 10
200.708
 20
104.211
 10
201.332
 20
104.333
 10
201.957
 20
104.388
 10
202.574
 20
104.385
 10
203.179
 20
104.352
 10
203.771
 20
104.317
 10
204.36
 20
104.297
 10
204.953
 20
104.292
 10
205.555
 20
104.285
 10
206.169
 20
104.252
 10
206.787
 20
104.172
 10
207.402
 20
104.043
 10
208.004
 20
103.886
 10
208.588
 20
103.738
 10
209.153
 20
103.639
 10
209.705
 20
103.618
 10
210.258
 20
103.683
 10
210.824
 20
103.829
 10
211.411
 20
104.024
 10
212.017
 20
104.224
 10
212.64
 20
104.381
 10
213.273
 20
104.464
 10
213.901
 20
104.467
 10
214.517
 20
104.413
 10
215.118
 20
104.335
 10
215.707
 20
104.264
 10
216.293
 20
104.214
 10
216.883
 20
104.184
 10
217.483
 20
104.156
 10
218.093
 20
104.108
 10
218.705
 20
104.024
 10
219.311
 20
103.909
 10
219.904
 20
103.785
 10
220.479
 20
103.689
 10
221.038
 20
103.653
 10
221.592
 20
103.697
 10
222.154
 20
103.821
 10
222.733
 20
104.008
 10
223.332
 20
104.218
 10
223.951
 20
104.402
 10
224.585
 20
104.515
 10
225.222
 20
104.536
 10
225.849
 20
104.476
 10
226.459
 20
104.367
 10
227.062
 20
104.248
 10
227.364
 20
104.184
 10
227.669
 20
104.128
 10
228.239
 20
104.005
 10
228.774
 20
103.869
 10
229.276
 20
103.703
 10
229.741
 20
103.489
 10
230.159
 20
103.222
 10
230.518
 20
102.907
 10
230.816
 20
102.553
 10
231.058
 20
102.178
 10
231.257
 20
101.792
 10
231.434
 20
101.399
 10
231.613
 20
100.995
 10
231.812
 20
100.561
 10
232.042
 20
100.076
 10
232.291
 20
99.523
 10
232.41
 20
99.211
 10
232.525
 20
98.892
 10
232.693
 20
98.258
 10
232.777
 20
97.615
 10
232.759
 20
96.971
 10
232.656
 20
96.34
 10
232.506
 20
95.728
 10
232.356
 20
95.133
 10
232.237
 20
94.551
 10
232.164
 20
93.973
 10
232.132
 20
93.389
 10
232.122
 20
92.794
 10
232.11
 20
92.19
 10
232.082
 20
91.582
 10
232.039
 20
90.98
 10
232.002
 20
90.39
 10
231.998
 20
89.807
 10
232.008
 20
89.525
 10
232.034
 20
89.243
 10
232.091
 20
88.676
 10
232.145
 20
88.115
 10
232.163
 20
87.544
 10
232.107
 20
86.971
 10
231.95
 20
86.417
 10
231.679
 20
85.909
 10
231.302
 20
85.477
 10
230.839
 20
85.145
 10
230.319
 20
84.919
 10
229.773
 20
84.794
 10
229.222
 20
84.747
 10
228.678
 20
84.747
 10
228.139
 20
84.763
 10
227.581
 20
84.772
 10
227.296
 20
84.776
 10
227.006
 20
84.768
 10
226.411
 20
84.749
 10
225.81
 20
84.723
 10
225.203
 20
84.709
 10
224.599
 20
84.71
 10
224.005
 20
84.713
 10
223.422
 20
84.692
 10
222.846
 20
84.628
 10
222.268
 20
84.512
 10
221.678
 20
84.355
 10
221.07
 20
84.189
 10
220.443
 20
84.058
 10
219.8
 20
84.007
 10
219.155
 20
84.059
 10
218.521
 20
84.203
 10
217.907
 20
84.398
 10
217.314
 20
84.595
 10
216.738
 20
84.749
 10
216.172
 20
84.836
 10
215.605
 20
84.853
 10
215.026
 20
84.816
 10
214.432
 20
84.75
 10
213.827
 20
84.685
 10
213.217
 20
84.641
 10
212.613
 20
84.615
 10
212.02
 20
84.59
 10
211.728
 20
84.562
 10
211.446
 20
84.527
 10
210.925
 20
84.399
 10
210.461
 20
84.213
 10
210.05
 20
83.988
 10
209.687
 20
83.742
 10
209.359
 20
83.492
 10
209.051
 20
83.246
 10
208.748
 20
83.005
 10
208.439
 20
82.759
 10
208.121
 20
82.492
 10
207.799
 20
82.187
 10
207.489
 20
81.828
 10
207.217
 20
81.409
 10
207.011
 20
80.931
 10
206.898
 20
80.401
 10
206.887
 20
80.114
 10
206.894
 20
79.828
 10
206.97
 20
79.246
 10
207.077
 20
78.652
 10
207.181
 20
78.044
 10
207.257
 20
77.43
 10
207.303
 20
76.819
 10
207.334
 20
76.217
 10
207.371
 20
75.625
 10
207.432
 20
75.037
 10
207.519
 20
74.445
 10
207.615
 20
73.841
 10
207.687
 20
73.22
 10
207.699
 20
72.586
 10
207.626
 20
71.947
 10
207.472
 20
71.317
 10
207.269
 20
70.704
 10
207.066
 20
70.112
 10
206.911
 20
69.54
 10
206.834
 20
68.982
 10
206.844
 20
68.425
 10
206.931
 20
67.856
 10
207.066
 20
67.269
 10
207.211
 20
66.663
 10
207.33
 20
66.046
 10
207.405
 20
65.426
 10
207.44
 20
64.806
 10
207.439
 20
64.49
 10
207.436
 20
64.17
 10
207.394
 20
63.574
 10
207.324
 20
63.007
 10
207.219
 20
62.461
 10
207.062
 20
61.936
 10
206.836
 20
61.44
 10
206.531
 20
60.99
 10
206.144
 20
60.609
 10
205.689
 20
60.316
 10
205.185
 20
60.121
 10
204.658
 20
60.02
 10
204.13
 20
59.994
 10
203.612
 20
60.01
 10
203.106
 20
60.029
 10
202.582
 20
60.016
 10
202.323
 20
59.995
 10
202.052
 20
59.951
 10
201.474
 20
59.823
 10
200.882
 20
59.653
 10
200.272
 20
59.481
 10
199.649
 20
59.348
 10
199.022
 20
59.273
 10
198.402
 20
59.254
 10
197.793
 20
59.266
 10
197.195
 20
59.282
 10
196.602
 20
59.285
 10
196.005
 20
59.273
 10
195.398
 20
59.263
 10
194.779
 20
59.281
 10
194.152
 20
59.352
 10
193.529
 20
59.482
 10
192.914
 20
59.652
 10
192.611
 20
59.752
 10
192.324
 20
59.846
 10
191.798
 20
60.026
 10
191.333
 20
60.167
 10
190.899
 20
60.271
 10
190.469
 20
60.355
 10
190.023
 20
60.447
 10
189.563
 20
60.576
 10
189.099
 20
60.773
 10
188.656
 20
61.055
 10
188.262
 20
61.428
 10
187.941
 20
61.886
 10
187.71
 20
62.41
 10
187.57
 20
62.978
 10
187.509
 20
63.573
 10
187.503
 20
64.183
 10
187.517
 20
64.503
 10
187.527
 20
64.809
 10
187.551
 20
65.387
 10
187.568
 20
65.966
 10
187.597
 20
66.554
 10
187.66
 20
67.149
 10
187.764
 20
67.744
 10
187.897
 20
68.329
 10
188.032
 20
68.9
 10
188.132
 20
69.453
 10
188.169
 20
69.991
 10
188.128
 20
70.525
 10
188.009
 20
71.068
 10
187.83
 20
71.628
 10
187.628
 20
72.207
 10
187.448
 20
72.805
 10
187.328
 20
73.416
 10
187.29
 20
74.03
 10
187.326
 20
74.638
 10
187.409
 20
75.23
 10
187.505
 20
75.808
 10
187.588
 20
76.375
 10
187.645
 20
76.94
 10
187.68
 20
77.509
 10
187.71
 20
78.088
 10
187.753
 20
78.675
 10
187.824
 20
79.265
 10
187.919
 20
79.848
 10
187.963
 20
80.152
 10
188.002
 20
80.453
 10
188.014
 20
81.01
 10
187.94
 20
81.52
 10
187.776
 20
81.977
 10
187.532
 20
82.373
 10
187.227
 20
82.703
 10
186.879
 20
82.966
 10
186.509
 20
83.171
 10
186.128
 20
83.333
 10
185.741
 20
83.474
 10
185.344
 20
83.616
 10
184.931
 20
83.776
 10
184.495
 20
83.957
 10
184.024
 20
84.149
 10
183.506
 20
84.329
 10
183.228
 20
84.401
 10
182.944
 20
84.466
 10
182.366
 20
84.551
 10
181.782
 20
84.599
 10
181.188
 20
84.623
 10
180.584
 20
84.646
 10
179.975
 20
84.686
 10
179.37
 20
84.746
 10
178.775
 20
84.809
 10
178.195
 20
84.846
 10
177.626
 20
84.83
 10
177.06
 20
84.746
 10
176.485
 20
84.595
 10
175.892
 20
84.4
 10
175.279
 20
84.205
 10
174.646
 20
84.06
 10
174.001
 20
84.005
 10
173.358
 20
84.055
 10
172.729
 20
84.185
 10
172.121
 20
84.353
 10
171.53
 20
84.514
 10
170.952
 20
84.633
 10
170.377
 20
84.701
 10
169.796
 20
84.722
 10
169.203
 20
84.717
 10
168.599
 20
84.711
 10
167.99
 20
84.72
 10
167.684
 20
84.741
 10
167.383
 20
84.763
 10
166.82
 20
84.839
 10
166.306
 20
84.925
 10
165.822
 20
85.012
 10
165.349
 20
85.104
 10
164.873
 20
85.219
 10
164.392
 20
85.378
 10
163.915
 20
85.607
 10
163.464
 20
85.921
 10
163.069
 20
86.33
 10
162.762
 20
86.828
 10
162.568
 20
87.397
 10
162.5
 20
88.009
 10
162.546
 20
88.636
 10
162.675
 20
89.26
 10
162.761
 20
89.574
 10
162.834
 20
89.868
 10
162.955
 20
90.445
 10
163.009
 20
91.013
 10
163.006
 20
91.589
 10
162.967
 20
92.178
 10
162.92
 20
92.78
 10
162.886
 20
93.388
 10
162.871
 20
93.993
 10
162.859
 20
94.589
 10
162.828
 20
95.174
 10
162.758
 20
95.753
 10
162.643
 20
96.335
 10
162.496
 20
96.929
 10
162.349
 20
97.54
 10
162.245
 20
98.171
 97
0
 92
3
 72
0
 73
1
 93
390
 10
162.826
 20
98.792
 10
162.843
 20
98.229
 10
162.937
 20
97.66
 10
163.079
 20
97.071
 10
163.229
 20
96.465
 10
163.351
 20
95.847
 10
163.426
 20
95.226
 10
163.459
 20
94.611
 10
163.471
 20
94.007
 10
163.486
 20
93.412
 10
163.518
 20
92.82
 10
163.565
 20
92.222
 10
163.605
 20
91.611
 10
163.609
 20
90.987
 10
163.549
 20
90.355
 10
163.419
 20
89.734
 10
163.341
 20
89.423
 10
163.258
 20
89.12
 10
163.142
 20
88.553
 10
163.102
 20
88.02
 10
163.157
 20
87.528
 10
163.308
 20
87.086
 10
163.546
 20
86.701
 10
163.855
 20
86.38
 10
164.218
 20
86.127
 10
164.617
 20
85.936
 10
165.038
 20
85.796
 10
165.477
 20
85.691
 10
165.933
 20
85.601
 10
166.409
 20
85.516
 10
166.91
 20
85.432
 10
167.445
 20
85.36
 10
167.726
 20
85.34
 10
168.015
 20
85.32
 10
168.601
 20
85.311
 10
169.197
 20
85.317
 10
169.804
 20
85.322
 10
170.423
 20
85.299
 10
171.048
 20
85.226
 10
171.67
 20
85.097
 10
172.279
 20
84.932
 10
172.871
 20
84.769
 10
173.442
 20
84.65
 10
173.999
 20
84.607
 10
174.554
 20
84.654
 10
175.121
 20
84.785
 10
175.708
 20
84.971
 10
176.315
 20
85.171
 10
176.94
 20
85.334
 10
177.574
 20
85.429
 10
178.205
 20
85.446
 10
178.825
 20
85.407
 10
179.43
 20
85.343
 10
180.025
 20
85.284
 10
180.616
 20
85.245
 10
181.212
 20
85.223
 10
181.818
 20
85.198
 10
182.434
 20
85.148
 10
183.055
 20
85.056
 10
183.371
 20
84.984
 10
183.68
 20
84.904
 10
184.236
 20
84.71
 10
184.723
 20
84.512
 10
185.155
 20
84.333
 10
185.553
 20
84.179
 10
185.944
 20
84.038
 10
186.349
 20
83.891
 10
186.773
 20
83.711
 10
187.207
 20
83.47
 10
187.631
 20
83.149
 10
188.013
 20
82.738
 10
188.32
 20
82.238
 10
188.525
 20
81.666
 10
188.615
 20
81.046
 10
188.601
 20
80.408
 10
188.557
 20
80.071
 10
188.512
 20
79.757
 10
188.418
 20
79.181
 10
188.351
 20
78.617
 10
188.308
 20
78.05
 10
188.279
 20
77.475
 10
188.243
 20
76.891
 10
188.183
 20
76.302
 10
188.098
 20
75.715
 10
188.003
 20
75.139
 10
187.924
 20
74.578
 10
187.891
 20
74.031
 10
187.925
 20
73.492
 10
188.031
 20
72.949
 10
188.199
 20
72.393
 10
188.399
 20
71.818
 10
188.589
 20
71.224
 10
188.723
 20
70.613
 10
188.771
 20
69.994
 10
188.728
 20
69.378
 10
188.619
 20
68.777
 10
188.482
 20
68.194
 10
188.353
 20
67.625
 10
188.255
 20
67.066
 10
188.196
 20
66.507
 10
188.167
 20
65.942
 10
188.151
 20
65.366
 10
188.127
 20
64.787
 10
188.117
 20
64.479
 10
188.103
 20
64.172
 10
188.109
 20
63.607
 10
188.163
 20
63.081
 10
188.28
 20
62.604
 10
188.466
 20
62.182
 10
188.718
 20
61.822
 10
189.027
 20
61.53
 10
189.379
 20
61.306
 10
189.762
 20
61.144
 10
190.165
 20
61.03
 10
190.586
 20
60.944
 10
191.027
 20
60.858
 10
191.49
 20
60.747
 10
191.982
 20
60.597
 10
192.514
 20
60.415
 10
192.798
 20
60.322
 10
193.089
 20
60.226
 10
193.671
 20
60.065
 10
194.248
 20
59.945
 10
194.821
 20
59.88
 10
195.402
 20
59.863
 10
195.995
 20
59.873
 10
196.598
 20
59.885
 10
197.205
 20
59.882
 10
197.807
 20
59.866
 10
198.398
 20
59.854
 10
198.978
 20
59.872
 10
199.551
 20
59.94
 10
200.128
 20
60.064
 10
200.718
 20
60.23
 10
201.326
 20
60.405
 10
201.939
 20
60.54
 10
202.251
 20
60.591
 10
202.551
 20
60.615
 10
203.109
 20
60.629
 10
203.632
 20
60.61
 10
204.124
 20
60.595
 10
204.587
 20
60.617
 10
205.02
 20
60.7
 10
205.415
 20
60.853
 10
205.767
 20
61.08
 10
206.067
 20
61.376
 10
206.311
 20
61.735
 10
206.499
 20
62.147
 10
206.635
 20
62.604
 10
206.731
 20
63.101
 10
206.797
 20
63.632
 10
206.836
 20
64.194
 10
206.839
 20
64.494
 10
206.84
 20
64.791
 10
206.807
 20
65.374
 10
206.737
 20
65.954
 10
206.625
 20
66.537
 10
206.482
 20
67.131
 10
206.341
 20
67.744
 10
206.245
 20
68.375
 10
206.233
 20
69.018
 10
206.322
 20
69.66
 10
206.492
 20
70.288
 10
206.7
 20
70.896
 10
206.895
 20
71.483
 10
207.034
 20
72.053
 10
207.099
 20
72.614
 10
207.088
 20
73.18
 10
207.02
 20
73.759
 10
206.926
 20
74.355
 10
206.837
 20
74.963
 10
206.773
 20
75.575
 10
206.735
 20
76.183
 10
206.705
 20
76.781
 10
206.66
 20
77.37
 10
206.587
 20
77.956
 10
206.486
 20
78.548
 10
206.377
 20
79.154
 10
206.295
 20
79.781
 10
206.287
 20
80.119
 10
206.301
 20
80.476
 10
206.437
 20
81.114
 10
206.686
 20
81.693
 10
207.009
 20
82.189
 10
207.365
 20
82.601
 10
207.721
 20
82.94
 10
208.059
 20
83.223
 10
208.374
 20
83.474
 10
208.677
 20
83.715
 10
208.99
 20
83.965
 10
209.336
 20
84.23
 10
209.737
 20
84.501
 10
210.205
 20
84.757
 10
210.741
 20
84.971
 10
211.337
 20
85.118
 10
211.662
 20
85.158
 10
211.978
 20
85.189
 10
212.587
 20
85.214
 10
213.183
 20
85.24
 10
213.773
 20
85.283
 10
214.368
 20
85.346
 10
214.974
 20
85.413
 10
215.595
 20
85.454
 10
216.228
 20
85.435
 10
216.862
 20
85.337
 10
217.486
 20
85.17
 10
218.093
 20
84.969
 10
218.679
 20
84.782
 10
219.245
 20
84.654
 10
219.8
 20
84.609
 10
220.357
 20
84.653
 10
220.93
 20
84.773
 10
221.522
 20
84.935
 10
222.132
 20
85.097
 10
222.754
 20
85.221
 10
223.378
 20
85.291
 10
223.995
 20
85.313
 10
224.601
 20
85.31
 10
225.197
 20
85.309
 10
225.79
 20
85.322
 10
226.389
 20
85.349
 10
226.988
 20
85.368
 10
227.292
 20
85.376
 10
227.59
 20
85.372
 10
228.152
 20
85.363
 10
228.687
 20
85.347
 10
229.197
 20
85.347
 10
229.68
 20
85.388
 10
230.132
 20
85.492
 10
230.541
 20
85.669
 10
230.896
 20
85.924
 10
231.182
 20
86.252
 10
231.39
 20
86.642
 10
231.515
 20
87.083
 10
231.562
 20
87.564
 10
231.546
 20
88.077
 10
231.494
 20
88.617
 10
231.437
 20
89.185
 10
231.408
 20
89.488
 10
231.398
 20
89.799
 10
231.402
 20
90.41
 10
231.44
 20
91.02
 10
231.483
 20
91.618
 10
231.51
 20
92.21
 10
231.522
 20
92.806
 10
231.532
 20
93.411
 10
231.566
 20
94.027
 10
231.645
 20
94.649
 10
231.771
 20
95.267
 10
231.924
 20
95.872
 10
232.067
 20
96.46
 10
232.161
 20
97.029
 10
232.176
 20
97.585
 10
232.103
 20
98.142
 10
231.952
 20
98.713
 10
231.848
 20
99.003
 10
231.737
 20
99.293
 10
231.497
 20
99.824
 10
231.268
 20
100.307
 10
231.066
 20
100.748
 10
230.887
 20
101.155
 10
230.717
 20
101.53
 10
230.538
 20
101.877
 10
230.333
 20
102.196
 10
230.089
 20
102.485
 10
229.797
 20
102.741
 10
229.453
 20
102.961
 10
229.056
 20
103.143
 10
228.605
 20
103.293
 10
228.102
 20
103.421
 10
227.551
 20
103.54
 10
227.248
 20
103.596
 10
226.942
 20
103.66
 10
226.349
 20
103.777
 10
225.767
 20
103.881
 10
225.203
 20
103.935
 10
224.648
 20
103.917
 10
224.09
 20
103.817
 10
223.517
 20
103.647
 10
222.924
 20
103.439
 10
222.311
 20
103.241
 10
221.681
 20
103.102
 10
221.042
 20
103.052
 10
220.41
 20
103.092
 10
219.793
 20
103.195
 10
219.194
 20
103.32
 10
218.608
 20
103.432
 10
218.028
 20
103.511
 10
217.446
 20
103.557
 10
216.854
 20
103.585
 10
216.252
 20
103.616
 10
215.646
 20
103.667
 10
215.044
 20
103.74
 10
214.452
 20
103.816
 10
213.876
 20
103.867
 10
213.313
 20
103.864
 10
212.753
 20
103.791
 10
212.185
 20
103.647
 10
211.599
 20
103.454
 10
210.994
 20
103.253
 10
210.368
 20
103.092
 10
209.729
 20
103.016
 10
209.089
 20
103.041
 10
208.463
 20
103.151
 10
207.855
 20
103.305
 10
207.265
 20
103.459
 10
206.687
 20
103.58
 10
206.114
 20
103.654
 10
205.536
 20
103.685
 10
204.946
 20
103.692
 10
204.347
 20
103.697
 10
203.744
 20
103.718
 10
203.145
 20
103.753
 10
202.557
 20
103.785
 10
201.982
 20
103.787
 10
201.416
 20
103.738
 10
200.847
 20
103.627
 10
200.268
 20
103.463
 10
199.67
 20
103.276
 10
199.052
 20
103.109
 10
198.416
 20
103.011
 10
197.774
 20
103.013
 10
197.139
 20
103.114
 10
196.522
 20
103.281
 10
195.926
 20
103.466
 10
195.346
 20
103.626
 10
194.778
 20
103.733
 10
194.211
 20
103.78
 10
193.635
 20
103.777
 10
193.046
 20
103.747
 10
192.446
 20
103.716
 10
191.843
 20
103.701
 10
191.244
 20
103.699
 10
190.656
 20
103.694
 10
190.079
 20
103.661
 10
189.507
 20
103.583
 10
188.929
 20
103.458
 10
188.338
 20
103.3
 10
187.729
 20
103.145
 10
187.101
 20
103.036
 10
186.461
 20
103.015
 10
185.822
 20
103.095
 10
185.198
 20
103.258
 10
184.593
 20
103.459
 10
184.009
 20
103.649
 10
183.44
 20
103.789
 10
182.88
 20
103.859
 10
182.316
 20
103.86
 10
181.739
 20
103.809
 10
181.146
 20
103.736
 10
180.543
 20
103.668
 10
179.938
 20
103.621
 10
179.337
 20
103.593
 10
178.747
 20
103.566
 10
178.165
 20
103.517
 10
177.586
 20
103.433
 10
177.0
 20
103.317
 10
176.399
 20
103.189
 10
175.781
 20
103.086
 10
175.148
 20
103.048
 10
174.509
 20
103.101
 10
173.88
 20
103.245
 10
173.268
 20
103.444
 10
172.676
 20
103.651
 10
172.104
 20
103.818
 10
171.546
 20
103.914
 10
170.99
 20
103.93
 10
170.425
 20
103.874
 10
169.842
 20
103.771
 10
169.244
 20
103.657
 10
168.635
 20
103.561
 10
168.03
 20
103.498
 10
167.726
 20
103.468
 10
167.433
 20
103.443
 10
166.898
 20
103.361
 10
166.419
 20
103.236
 10
165.994
 20
103.064
 10
165.622
 20
102.853
 10
165.297
 20
102.61
 10
165.01
 20
102.348
 10
164.745
 20
102.072
 10
164.487
 20
101.783
 10
164.223
 20
101.477
 10
163.944
 20
101.146
 10
163.653
 20
100.777
 10
163.365
 20
100.358
 10
163.106
 20
99.883
 10
162.913
 20
99.356
 10
162.859
 20
99.071
 10
162.826
 20
98.792
 97
0
 75
0
 76
1
 98
0
  0
HATCH
  5
AF
330
17
100
AcDbEntity
  8
RASTER
 62
7
100
AcDbHatch
 10
0.0
 20
0.0
 30
0.0
210
0.0
220
0.0
230
1.0
  2
SOLID
 70
1
 71
0
 91
2
 92
3
 72
0
 73
1
 93
348
 10
166.01
 20
95.722
 10
165.929
 20
96.011
 10
165.834
 20
96.32
 10
165.694
 20
96.938
 10
165.641
 20
97.555
 10
165.701
 20
98.153
 10
165.874
 20
98.707
 10
166.143
 20
99.2
 10
166.485
 20
99.622
 10
166.875
 20
99.975
 10
167.297
 20
100.265
 10
167.742
 20
100.504
 10
168.208
 20
100.702
 10
168.702
 20
100.864
 10
169.232
 20
100.988
 10
169.805
 20
101.059
 10
170.414
 20
101.058
 10
170.739
 20
101.02
 10
171.053
 20
100.973
 10
171.655
 20
100.85
 10
172.238
 20
100.735
 10
172.805
 20
100.665
 10
173.359
 20
100.666
 10
173.914
 20
100.75
 10
174.483
 20
100.909
 10
175.071
 20
101.115
 10
175.68
 20
101.319
 10
176.308
 20
101.474
 10
176.945
 20
101.542
 10
177.579
 20
101.517
 10
178.198
 20
101.424
 10
178.8
 20
101.302
 10
179.387
 20
101.188
 10
179.967
 20
101.104
 10
180.549
 20
101.053
 10
181.139
 20
101.023
 10
181.739
 20
100.993
 10
182.345
 20
100.943
 10
182.948
 20
100.871
 10
183.54
 20
100.792
 10
184.117
 20
100.736
 10
184.68
 20
100.732
 10
185.239
 20
100.797
 10
185.806
 20
100.934
 10
186.389
 20
101.125
 10
186.992
 20
101.328
 10
187.615
 20
101.496
 10
188.253
 20
101.582
 10
188.894
 20
101.566
 10
189.522
 20
101.461
 10
190.132
 20
101.307
 10
190.723
 20
101.148
 10
191.3
 20
101.021
 10
191.872
 20
100.942
 10
192.449
 20
100.907
 10
193.036
 20
100.901
 10
193.633
 20
100.899
 10
194.236
 20
100.884
 10
194.835
 20
100.854
 10
195.424
 20
100.825
 10
195.999
 20
100.823
 10
196.566
 20
100.871
 10
197.134
 20
100.979
 10
197.713
 20
101.14
 10
198.31
 20
101.326
 10
198.927
 20
101.491
 10
199.562
 20
101.589
 10
200.205
 20
101.586
 10
200.84
 20
101.483
 10
201.456
 20
101.312
 10
202.053
 20
101.122
 10
202.632
 20
100.957
 10
203.198
 20
100.847
 10
203.763
 20
100.801
 10
204.337
 20
100.807
 10
204.924
 20
100.844
 10
205.523
 20
100.885
 10
206.126
 20
100.911
 10
206.725
 20
100.921
 10
207.314
 20
100.933
 10
207.892
 20
100.968
 10
208.466
 20
101.045
 10
209.044
 20
101.166
 10
209.636
 20
101.318
 10
210.245
 20
101.464
 10
210.873
 20
101.563
 10
211.513
 20
101.574
 10
212.151
 20
101.483
 10
212.774
 20
101.312
 10
213.376
 20
101.106
 10
213.959
 20
100.914
 10
214.524
 20
100.777
 10
215.082
 20
100.713
 10
215.644
 20
100.722
 10
216.22
 20
100.786
 10
216.812
 20
100.874
 10
217.415
 20
100.956
 10
218.022
 20
101.014
 10
218.624
 20
101.05
 10
219.216
 20
101.081
 10
219.8
 20
101.128
 10
220.381
 20
101.205
 10
220.968
 20
101.31
 10
221.57
 20
101.423
 10
222.188
 20
101.509
 10
222.821
 20
101.528
 10
223.457
 20
101.457
 10
224.089
 20
101.3
 10
224.411
 20
101.186
 10
224.725
 20
101.065
 10
225.278
 20
100.803
 10
225.757
 20
100.558
 10
226.18
 20
100.348
 10
226.57
 20
100.17
 10
226.95
 20
100.006
 10
227.334
 20
99.831
 10
227.722
 20
99.619
 10
228.104
 20
99.35
 10
228.461
 20
99.011
 10
228.771
 20
98.601
 10
229.02
 20
98.127
 10
229.204
 20
97.603
 10
229.331
 20
97.044
 10
229.419
 20
96.453
 10
229.45
 20
96.14
 10
229.485
 20
95.835
 10
229.55
 20
95.232
 10
229.616
 20
94.625
 10
229.653
 20
94.003
 10
229.628
 20
93.37
 10
229.523
 20
92.732
 10
229.43
 20
92.404
 10
229.323
 20
92.08
 10
229.064
 20
91.511
 10
228.793
 20
91.02
 10
228.546
 20
90.597
 10
228.333
 20
90.221
 10
228.147
 20
89.866
 10
227.968
 20
89.51
 10
227.771
 20
89.138
 10
227.528
 20
88.754
 10
227.219
 20
88.374
 10
226.833
 20
88.021
 10
226.368
 20
87.723
 10
225.836
 20
87.501
 10
225.254
 20
87.362
 10
224.641
 20
87.298
 10
224.315
 20
87.292
 10
224.006
 20
87.287
 10
223.405
 20
87.285
 10
222.809
 20
87.267
 10
222.204
 20
87.248
 10
221.586
 20
87.252
 10
220.959
 20
87.306
 10
220.333
 20
87.424
 10
219.718
 20
87.59
 10
219.12
 20
87.769
 10
218.543
 20
87.915
 10
217.983
 20
87.991
 10
217.43
 20
87.978
 10
216.869
 20
87.876
 10
216.289
 20
87.707
 10
215.688
 20
87.51
 10
215.069
 20
87.333
 10
214.438
 20
87.216
 10
213.805
 20
87.174
 10
213.183
 20
87.193
 10
212.575
 20
87.244
 10
211.978
 20
87.295
 10
211.386
 20
87.33
 10
210.791
 20
87.349
 10
210.185
 20
87.368
 10
209.569
 20
87.411
 10
208.956
 20
87.496
 10
208.645
 20
87.546
 10
208.339
 20
87.603
 10
207.769
 20
87.677
 10
207.233
 20
87.69
 10
206.741
 20
87.623
 10
206.3
 20
87.467
 10
205.919
 20
87.229
 10
205.607
 20
86.92
 10
205.367
 20
86.556
 10
205.195
 20
86.155
 10
205.081
 20
85.731
 10
205.004
 20
85.29
 10
204.94
 20
84.833
 10
204.866
 20
84.356
 10
204.768
 20
83.854
 10
204.65
 20
83.318
 10
204.594
 20
83.034
 10
204.534
 20
82.743
 10
204.439
 20
82.158
 10
204.367
 20
81.571
 10
204.323
 20
80.981
 10
204.291
 20
80.382
 10
204.251
 20
79.774
 10
204.184
 20
79.161
 10
204.09
 20
78.552
 10
203.987
 20
77.955
 10
203.91
 20
77.375
 10
203.889
 20
76.809
 10
203.944
 20
76.249
 10
204.078
 20
75.681
 10
204.27
 20
75.096
 10
204.481
 20
74.49
 10
204.659
 20
73.864
 10
204.758
 20
73.223
 10
204.757
 20
72.579
 10
204.668
 20
71.946
 10
204.531
 20
71.333
 10
204.389
 20
70.737
 10
204.276
 20
70.153
 10
204.204
 20
69.572
 10
204.168
 20
68.986
 10
204.15
 20
68.39
 10
204.127
 20
67.782
 10
204.098
 20
67.473
 10
204.064
 20
67.165
 10
203.95
 20
66.596
 10
203.808
 20
66.085
 10
203.659
 20
65.622
 10
203.512
 20
65.193
 10
203.365
 20
64.777
 10
203.202
 20
64.356
 10
203.003
 20
63.923
 10
202.743
 20
63.486
 10
202.405
 20
63.063
 10
201.977
 20
62.684
 10
201.46
 20
62.384
 10
200.87
 20
62.197
 10
200.231
 20
62.141
 10
199.579
 20
62.213
 10
199.238
 20
62.293
 10
198.923
 20
62.375
 10
198.328
 20
62.544
 10
197.751
 20
62.668
 10
197.178
 20
62.734
 10
196.599
 20
62.751
 10
196.006
 20
62.737
 10
195.704
 20
62.736
 10
195.397
 20
62.737
 10
194.815
 20
62.792
 10
194.278
 20
62.899
 10
193.789
 20
63.045
 10
193.342
 20
63.213
 10
192.925
 20
63.396
 10
192.522
 20
63.596
 10
192.12
 20
63.824
 10
191.717
 20
64.097
 10
191.32
 20
64.432
 10
190.948
 20
64.844
 10
190.632
 20
65.338
 10
190.407
 20
65.911
 10
190.307
 20
66.547
 10
190.348
 20
67.207
 10
190.425
 20
67.559
 10
190.514
 20
67.885
 10
190.717
 20
68.491
 10
190.891
 20
69.073
 10
191.005
 20
69.641
 10
191.048
 20
70.207
 10
191.03
 20
70.781
 10
190.973
 20
71.369
 10
190.907
 20
71.971
 10
190.857
 20
72.58
 10
190.826
 20
73.187
 10
190.804
 20
73.785
 10
190.766
 20
74.372
 10
190.696
 20
74.954
 10
190.587
 20
75.54
 10
190.453
 20
76.137
 10
190.325
 20
76.751
 10
190.248
 20
77.384
 10
190.258
 20
78.027
 10
190.365
 20
78.667
 10
190.549
 20
79.292
 10
190.761
 20
79.896
 10
190.951
 20
80.48
 10
191.079
 20
81.046
 10
191.127
 20
81.605
 10
191.096
 20
82.17
 10
191.009
 20
82.749
 10
190.945
 20
83.047
 10
190.88
 20
83.349
 10
190.728
 20
83.901
 10
190.568
 20
84.409
 10
190.399
 20
84.87
 10
190.212
 20
85.282
 10
189.997
 20
85.644
 10
189.749
 20
85.954
 10
189.466
 20
86.213
 10
189.148
 20
86.422
 10
188.795
 20
86.587
 10
188.409
 20
86.718
 10
187.988
 20
86.833
 10
187.53
 20
86.954
 10
187.033
 20
87.102
 10
186.491
 20
87.288
 10
186.197
 20
87.39
 10
185.898
 20
87.501
 10
185.309
 20
87.706
 10
184.733
 20
87.873
 10
184.174
 20
87.965
 10
183.62
 20
87.969
 10
183.055
 20
87.89
 10
182.471
 20
87.755
 10
181.869
 20
87.602
 10
181.253
 20
87.469
 10
180.631
 20
87.381
 10
180.013
 20
87.34
 10
179.406
 20
87.326
 10
178.809
 20
87.315
 10
178.217
 20
87.289
 10
177.62
 20
87.247
 10
177.013
 20
87.206
 10
176.391
 20
87.196
 10
175.76
 20
87.244
 10
175.131
 20
87.364
 10
174.513
 20
87.539
 10
173.914
 20
87.732
 10
173.335
 20
87.893
 10
172.775
 20
87.986
 10
172.222
 20
87.988
 10
171.662
 20
87.902
 10
171.082
 20
87.746
 10
170.782
 20
87.663
 10
170.463
 20
87.575
 10
169.838
 20
87.471
 10
169.227
 20
87.468
 10
168.65
 20
87.57
 10
168.123
 20
87.763
 10
167.653
 20
88.025
 10
167.239
 20
88.338
 10
166.874
 20
88.69
 10
166.554
 20
89.075
 10
166.272
 20
89.495
 10
166.03
 20
89.956
 10
165.836
 20
90.462
 10
165.709
 20
91.017
 10
165.666
 20
91.615
 10
165.722
 20
92.239
 10
165.791
 20
92.566
 10
165.865
 20
92.875
 10
166.025
 20
93.469
 10
166.143
 20
94.042
 10
166.187
 20
94.6
 10
166.142
 20
95.154
 97
0
 92
3
 72
0
 73
1
 93
349
 10
166.592
 20
95.871
 10
166.736
 20
95.246
 10
166.789
 20
94.6
 10
166.739
 20
93.958
 10
166.609
 20
93.331
 10
166.447
 20
92.728
 10
166.377
 20
92.434
 10
166.316
 20
92.15
 10
166.268
 20
91.61
 10
166.304
 20
91.106
 10
166.412
 20
90.637
 10
166.577
 20
90.203
 10
166.788
 20
89.803
 10
167.034
 20
89.435
 10
167.315
 20
89.099
 10
167.629
 20
88.795
 10
167.982
 20
88.529
 10
168.374
 20
88.31
 10
168.807
 20
88.152
 10
169.278
 20
88.068
 10
169.787
 20
88.071
 10
170.334
 20
88.161
 10
170.622
 20
88.241
 10
170.923
 20
88.325
 10
171.538
 20
88.49
 10
172.178
 20
88.589
 10
172.825
 20
88.585
 10
173.465
 20
88.48
 10
174.086
 20
88.307
 10
174.687
 20
88.114
 10
175.269
 20
87.949
 10
175.84
 20
87.84
 10
176.409
 20
87.796
 10
176.987
 20
87.806
 10
177.58
 20
87.845
 10
178.183
 20
87.888
 10
178.791
 20
87.914
 10
179.394
 20
87.926
 10
179.987
 20
87.94
 10
180.569
 20
87.979
 10
181.147
 20
88.06
 10
181.731
 20
88.186
 10
182.329
 20
88.338
 10
182.945
 20
88.481
 10
183.58
 20
88.569
 10
184.226
 20
88.565
 10
184.867
 20
88.459
 10
185.491
 20
88.278
 10
186.101
 20
88.066
 10
186.401
 20
87.954
 10
186.687
 20
87.855
 10
187.216
 20
87.674
 10
187.692
 20
87.532
 10
188.144
 20
87.413
 10
188.585
 20
87.292
 10
189.02
 20
87.144
 10
189.441
 20
86.947
 10
189.835
 20
86.688
 10
190.188
 20
86.366
 10
190.492
 20
85.986
 10
190.745
 20
85.561
 10
190.955
 20
85.098
 10
191.136
 20
84.602
 10
191.304
 20
84.07
 10
191.462
 20
83.492
 10
191.532
 20
83.174
 10
191.6
 20
82.857
 10
191.694
 20
82.23
 10
191.728
 20
81.595
 10
191.674
 20
80.954
 10
191.53
 20
80.32
 10
191.329
 20
79.704
 10
191.12
 20
79.108
 10
190.951
 20
78.533
 10
190.857
 20
77.973
 10
190.849
 20
77.416
 10
190.918
 20
76.849
 10
191.039
 20
76.263
 10
191.175
 20
75.66
 10
191.289
 20
75.046
 10
191.364
 20
74.428
 10
191.403
 20
73.815
 10
191.426
 20
73.213
 10
191.455
 20
72.62
 10
191.505
 20
72.029
 10
191.57
 20
71.431
 10
191.629
 20
70.819
 10
191.649
 20
70.193
 10
191.601
 20
69.559
 10
191.474
 20
68.927
 10
191.289
 20
68.309
 10
191.088
 20
67.711
 10
191.008
 20
67.416
 10
190.944
 20
67.123
 10
190.91
 20
66.575
 10
190.989
 20
66.07
 10
191.169
 20
65.612
 10
191.427
 20
65.209
 10
191.738
 20
64.865
 10
192.08
 20
64.576
 10
192.437
 20
64.334
 10
192.804
 20
64.126
 10
193.179
 20
63.94
 10
193.568
 20
63.769
 10
193.98
 20
63.614
 10
194.423
 20
63.482
 10
194.902
 20
63.387
 10
195.426
 20
63.337
 10
195.705
 20
63.336
 10
195.999
 20
63.337
 10
196.601
 20
63.351
 10
197.222
 20
63.333
 10
197.849
 20
63.26
 10
198.472
 20
63.126
 10
199.08
 20
62.954
 10
199.382
 20
62.875
 10
199.681
 20
62.805
 10
200.237
 20
62.744
 10
200.752
 20
62.789
 10
201.216
 20
62.936
 10
201.624
 20
63.173
 10
201.968
 20
63.478
 10
202.249
 20
63.828
 10
202.471
 20
64.203
 10
202.65
 20
64.59
 10
202.802
 20
64.985
 10
202.946
 20
65.39
 10
203.09
 20
65.811
 10
203.233
 20
66.257
 10
203.366
 20
66.735
 10
203.47
 20
67.257
 10
203.501
 20
67.534
 10
203.528
 20
67.822
 10
203.551
 20
68.41
 10
203.569
 20
69.014
 10
203.606
 20
69.628
 10
203.683
 20
70.247
 10
203.803
 20
70.863
 10
203.946
 20
71.467
 10
204.077
 20
72.054
 10
204.157
 20
72.621
 10
204.158
 20
73.177
 10
204.072
 20
73.736
 10
203.909
 20
74.31
 10
203.702
 20
74.904
 10
203.5
 20
75.519
 10
203.351
 20
76.151
 10
203.288
 20
76.791
 10
203.311
 20
77.425
 10
203.394
 20
78.045
 10
203.497
 20
78.648
 10
203.589
 20
79.239
 10
203.653
 20
79.826
 10
203.692
 20
80.418
 10
203.724
 20
81.019
 10
203.77
 20
81.629
 10
203.844
 20
82.242
 10
203.943
 20
82.852
 10
204.005
 20
83.153
 10
204.062
 20
83.44
 10
204.18
 20
83.976
 10
204.275
 20
84.46
 10
204.347
 20
84.921
 10
204.412
 20
85.383
 10
204.495
 20
85.861
 10
204.627
 20
86.352
 10
204.836
 20
86.842
 10
205.141
 20
87.302
 10
205.544
 20
87.702
 10
206.038
 20
88.011
 10
206.599
 20
88.209
 10
207.199
 20
88.291
 10
207.815
 20
88.276
 10
208.432
 20
88.196
 10
208.747
 20
88.137
 10
209.044
 20
88.09
 10
209.631
 20
88.009
 10
210.215
 20
87.967
 10
210.809
 20
87.949
 10
211.414
 20
87.93
 10
212.022
 20
87.894
 10
212.625
 20
87.841
 10
213.217
 20
87.792
 10
213.795
 20
87.774
 10
214.362
 20
87.812
 10
214.931
 20
87.918
 10
215.512
 20
88.084
 10
216.111
 20
88.28
 10
216.731
 20
88.461
 10
217.37
 20
88.577
 10
218.017
 20
88.592
 10
218.657
 20
88.505
 10
219.28
 20
88.347
 10
219.882
 20
88.167
 10
220.467
 20
88.009
 10
221.041
 20
87.902
 10
221.614
 20
87.852
 10
222.196
 20
87.848
 10
222.791
 20
87.867
 10
223.395
 20
87.884
 10
223.999
 20
87.887
 10
224.304
 20
87.892
 10
224.605
 20
87.898
 10
225.153
 20
87.955
 10
225.65
 20
88.073
 10
226.089
 20
88.257
 10
226.466
 20
88.499
 10
226.782
 20
88.787
 10
227.04
 20
89.104
 10
227.251
 20
89.44
 10
227.435
 20
89.785
 10
227.613
 20
90.14
 10
227.806
 20
90.508
 10
228.026
 20
90.896
 10
228.272
 20
91.316
 10
228.527
 20
91.781
 10
228.763
 20
92.299
 10
228.857
 20
92.581
 10
228.937
 20
92.863
 10
229.03
 20
93.43
 10
229.052
 20
93.997
 10
229.018
 20
94.575
 10
228.953
 20
95.168
 10
228.889
 20
95.769
 10
228.853
 20
96.076
 10
228.824
 20
96.38
 10
228.741
 20
96.933
 10
228.627
 20
97.437
 10
228.469
 20
97.886
 10
228.263
 20
98.278
 10
228.012
 20
98.61
 10
227.723
 20
98.885
 10
227.405
 20
99.108
 10
227.065
 20
99.293
 10
226.706
 20
99.457
 10
226.326
 20
99.622
 10
225.922
 20
99.806
 10
225.487
 20
100.022
 10
225.012
 20
100.265
 10
224.488
 20
100.513
 10
224.202
 20
100.624
 10
223.916
 20
100.725
 10
223.352
 20
100.865
 10
222.797
 20
100.927
 10
222.239
 20
100.91
 10
221.666
 20
100.831
 10
221.077
 20
100.72
 10
220.473
 20
100.612
 10
219.863
 20
100.531
 10
219.256
 20
100.482
 10
218.657
 20
100.451
 10
218.068
 20
100.416
 10
217.484
 20
100.36
 10
216.896
 20
100.28
 10
216.297
 20
100.191
 10
215.682
 20
100.123
 10
215.053
 20
100.113
 10
214.419
 20
100.185
 10
213.794
 20
100.337
 10
213.185
 20
100.537
 10
212.597
 20
100.739
 10
212.029
 20
100.895
 10
211.476
 20
100.973
 10
210.925
 20
100.963
 10
210.362
 20
100.875
 10
209.78
 20
100.735
 10
209.18
 20
100.582
 10
208.568
 20
100.453
 10
207.95
 20
100.37
 10
207.338
 20
100.333
 10
206.736
 20
100.321
 10
206.144
 20
100.311
 10
205.556
 20
100.286
 10
204.963
 20
100.246
 10
204.359
 20
100.208
 10
203.742
 20
100.201
 10
203.116
 20
100.252
 10
202.492
 20
100.373
 10
201.88
 20
100.547
 10
201.285
 20
100.737
 10
200.711
 20
100.896
 10
200.155
 20
100.986
 10
199.607
 20
100.989
 10
199.051
 20
100.903
 10
198.477
 20
100.749
 10
197.882
 20
100.565
 10
197.271
 20
100.395
 10
196.648
 20
100.276
 10
196.023
 20
100.223
 10
195.408
 20
100.225
 10
194.805
 20
100.255
 10
194.213
 20
100.284
 10
193.625
 20
100.299
 10
193.032
 20
100.301
 10
192.428
 20
100.308
 10
191.813
 20
100.344
 10
191.194
 20
100.43
 10
190.581
 20
100.565
 10
189.981
 20
100.726
 10
189.399
 20
100.873
 10
188.837
 20
100.967
 10
188.286
 20
100.981
 10
187.733
 20
100.906
 10
187.166
 20
100.754
 10
186.578
 20
100.555
 10
185.97
 20
100.357
 10
185.345
 20
100.205
 10
184.713
 20
100.131
 10
184.085
 20
100.136
 10
183.471
 20
100.196
 10
182.873
 20
100.275
 10
182.285
 20
100.346
 10
181.699
 20
100.394
 10
181.108
 20
100.424
 10
180.507
 20
100.455
 10
179.898
 20
100.508
 10
179.287
 20
100.596
 10
178.683
 20
100.713
 10
178.094
 20
100.833
 10
177.522
 20
100.919
 10
176.965
 20
100.941
 10
176.412
 20
100.881
 10
175.848
 20
100.743
 10
175.266
 20
100.547
 10
174.663
 20
100.337
 10
174.041
 20
100.162
 10
173.405
 20
100.066
 10
172.768
 20
100.065
 10
172.144
 20
100.142
 10
171.536
 20
100.261
 10
170.949
 20
100.382
 10
170.66
 20
100.425
 10
170.378
 20
100.458
 10
169.841
 20
100.459
 10
169.338
 20
100.397
 10
168.864
 20
100.286
 10
168.42
 20
100.14
 10
168.001
 20
99.962
 10
167.61
 20
99.752
 10
167.248
 20
99.503
 10
166.922
 20
99.209
 10
166.644
 20
98.865
 10
166.429
 20
98.472
 10
166.292
 20
98.033
 10
166.244
 20
97.551
 10
166.288
 20
97.03
 10
166.414
 20
96.475
 10
166.505
 20
96.181
 10
166.592
 20
95.871
 97
0
 75
0
 76
1
 98
0
  0
HATCH
  5
B0
330
17
100
AcDbEntity
  8
RASTER
 62
7
100
AcDbHatch
 10
0.0
 20
0.0
 30
0.0
210
0.0
220
0.0
230
1.0
  2
SOLID
 70
1
 71
0
 91
1
 92
3
 72
0
 73
1
 93
110
 10
171.94
 20
92.635
 10
171.689
 20
92.569
 10
171.458
 20
92.55
 10
171.247
 20
92.579
 10
171.057
 20
92.654
 10
170.886
 20
92.777
 10
170.736
 20
92.947
 10
170.607
 20
93.165
 10
170.497
 20
93.429
 10
170.681
 20
93.349
 10
170.869
 20
93.276
 10
171.061
 20
93.211
 10
171.258
 20
93.153
 10
171.459
 20
93.103
 10
171.664
 20
93.06
 10
171.873
 20
93.025
 10
172.087
 20
92.998
 10
172.093
 20
93.004
 10
172.098
 20
93.01
 10
172.104
 20
93.016
 10
172.11
 20
93.022
 10
172.116
 20
93.027
 10
172.122
 20
93.033
 10
171.9
 20
93.308
 10
171.712
 20
93.596
 10
171.558
 20
93.896
 10
171.438
 20
94.209
 10
171.353
 20
94.535
 10
171.302
 20
94.873
 10
171.284
 20
95.224
 10
171.301
 20
95.587
 10
171.468
 20
95.298
 10
171.63
 20
95.006
 10
171.786
 20
94.71
 10
171.937
 20
94.411
 10
172.082
 20
94.108
 10
172.222
 20
93.802
 10
172.356
 20
93.493
 10
172.485
 20
93.18
 10
172.49
 20
93.18
 10
172.495
 20
93.18
 10
172.5
 20
93.18
 10
172.505
 20
93.18
 10
172.51
 20
93.18
 10
172.515
 20
93.18
 10
172.644
 20
93.493
 10
172.778
 20
93.802
 10
172.918
 20
94.108
 10
173.063
 20
94.411
 10
173.214
 20
94.71
 10
173.37
 20
95.006
 10
173.532
 20
95.298
 10
173.699
 20
95.587
 10
173.716
 20
95.224
 10
173.698
 20
94.873
 10
173.647
 20
94.535
 10
173.562
 20
94.209
 10
173.442
 20
93.896
 10
173.288
 20
93.596
 10
173.1
 20
93.308
 10
172.878
 20
93.033
 10
172.884
 20
93.027
 10
172.89
 20
93.022
 10
172.896
 20
93.016
 10
172.902
 20
93.01
 10
172.907
 20
93.004
 10
172.913
 20
92.998
 10
173.127
 20
93.025
 10
173.336
 20
93.06
 10
173.541
 20
93.103
 10
173.742
 20
93.153
 10
173.939
 20
93.211
 10
174.131
 20
93.276
 10
174.319
 20
93.349
 10
174.503
 20
93.429
 10
174.393
 20
93.165
 10
174.264
 20
92.947
 10
174.114
 20
92.777
 10
173.943
 20
92.654
 10
173.753
 20
92.579
 10
173.542
 20
92.55
 10
173.311
 20
92.569
 10
173.06
 20
92.635
 10
173.044
 20
92.488
 10
172.991
 20
92.35
 10
172.903
 20
92.231
 10
172.787
 20
92.139
 10
172.651
 20
92.081
 10
172.504
 20
92.06
 10
172.505
 20
92.06
 10
172.505
 20
92.06
 10
172.505
 20
92.06
 10
172.505
 20
92.06
 10
172.504
 20
92.06
 10
172.503
 20
92.06
 10
172.502
 20
92.06
 10
172.5
 20
92.06
 10
172.498
 20
92.06
 10
172.497
 20
92.06
 10
172.496
 20
92.06
 10
172.495
 20
92.06
 10
172.495
 20
92.06
 10
172.495
 20
92.06
 10
172.495
 20
92.06
 10
172.496
 20
92.06
 10
172.349
 20
92.081
 10
172.213
 20
92.139
 10
172.097
 20
92.231
 10
172.009
 20
92.35
 10
171.956
 20
92.488
 97
0
 75
0
 76
1
 98
0
  0
HATCH
  5
B1
330
17
100
AcDbEntity
  8
RASTER
 62
7
100
AcDbHatch
 10
0.0
 20
0.0
 30
0.0
210
0.0
220
0.0
230
1.0
  2
SOLID
 70
1
 71
0
 91
1
 92
3
 72
0
 73
1
 93
73
 10
195.321
 20
95.652
 10
195.366
 20
95.534
 10
195.397
 20
95.418
 10
195.414
 20
95.302
 10
195.417
 20
95.186
 10
195.405
 20
95.072
 10
195.38
 20
94.958
 10
195.34
 20
94.845
 10
195.286
 20
94.733
 10
195.221
 20
94.625
 10
195.149
 20
94.521
 10
195.07
 20
94.424
 10
194.984
 20
94.332
 10
194.891
 20
94.246
 10
194.79
 20
94.165
 10
194.682
 20
94.091
 10
194.567
 20
94.021
 10
194.448
 20
93.962
 10
194.327
 20
93.915
 10
194.205
 20
93.881
 10
194.081
 20
93.861
 10
193.956
 20
93.854
 10
193.829
 20
93.86
 10
193.701
 20
93.879
 10
193.571
 20
93.911
 10
193.443
 20
93.952
 10
193.317
 20
93.999
 10
193.196
 20
94.05
 10
193.077
 20
94.105
 10
192.962
 20
94.166
 10
192.85
 20
94.232
 10
192.742
 20
94.302
 10
192.637
 20
94.377
 10
192.541
 20
94.457
 10
192.46
 20
94.543
 10
192.395
 20
94.633
 10
192.346
 20
94.727
 10
192.311
 20
94.827
 10
192.292
 20
94.932
 10
192.288
 20
95.042
 10
192.299
 20
95.156
 10
192.322
 20
95.271
 10
192.354
 20
95.382
 10
192.393
 20
95.489
 10
192.44
 20
95.592
 10
192.496
 20
95.69
 10
192.559
 20
95.785
 10
192.631
 20
95.875
 10
192.711
 20
95.961
 10
192.798
 20
96.043
 10
192.891
 20
96.119
 10
192.989
 20
96.189
 10
193.094
 20
96.254
 10
193.204
 20
96.313
 10
193.321
 20
96.367
 10
193.443
 20
96.415
 10
193.571
 20
96.457
 10
193.702
 20
96.491
 10
193.832
 20
96.512
 10
193.962
 20
96.52
 10
194.091
 20
96.515
 10
194.22
 20
96.498
 10
194.349
 20
96.468
 10
194.477
 20
96.425
 10
194.604
 20
96.37
 10
194.726
 20
96.305
 10
194.839
 20
96.233
 10
194.943
 20
96.154
 10
195.037
 20
96.067
 10
195.122
 20
95.974
 10
195.198
 20
95.874
 10
195.264
 20
95.766
 10
195.321
 20
95.652
 97
0
 75
0
 76
1
 98
0
  0
HATCH
  5
B2
330
17
100
AcDbEntity
  8
RASTER
 62
7
100
AcDbHatch
 10
0.0
 20
0.0
 30
0.0
210
0.0
220
0.0
230
1.0
  2
SOLID
 70
1
 71
0
 91
1
 92
3
 72
0
 73
1
 93
73
 10
196.886
 20
94.848
 10
196.917
 20
94.781
 10
196.94
 20
94.713
 10
196.954
 20
94.646
 10
196.96
 20
94.578
 10
196.957
 20
94.51
 10
196.945
 20
94.442
 10
196.925
 20
94.373
 10
196.896
 20
94.304
 10
196.861
 20
94.238
 10
196.82
 20
94.176
 10
196.775
 20
94.12
 10
196.724
 20
94.068
 10
196.668
 20
94.021
 10
196.608
 20
93.979
 10
196.542
 20
93.941
 10
196.471
 20
93.909
 10
196.397
 20
93.881
 10
196.323
 20
93.857
 10
196.247
 20
93.838
 10
196.17
 20
93.823
 10
196.092
 20
93.812
 10
196.012
 20
93.805
 10
195.932
 20
93.803
 10
195.851
 20
93.805
 10
195.771
 20
93.812
 10
195.694
 20
93.826
 10
195.62
 20
93.847
 10
195.55
 20
93.874
 10
195.483
 20
93.908
 10
195.419
 20
93.949
 10
195.358
 20
93.996
 10
195.301
 20
94.05
 10
195.249
 20
94.107
 10
195.206
 20
94.167
 10
195.171
 20
94.229
 10
195.144
 20
94.293
 10
195.125
 20
94.359
 10
195.115
 20
94.426
 10
195.113
 20
94.496
 10
195.118
 20
94.567
 10
195.13
 20
94.639
 10
195.146
 20
94.711
 10
195.166
 20
94.782
 10
195.189
 20
94.852
 10
195.216
 20
94.922
 10
195.247
 20
94.992
 10
195.282
 20
95.061
 10
195.321
 20
95.129
 10
195.364
 20
95.193
 10
195.414
 20
95.25
 10
195.469
 20
95.3
 10
195.531
 20
95.342
 10
195.599
 20
95.376
 10
195.673
 20
95.403
 10
195.754
 20
95.423
 10
195.84
 20
95.435
 10
195.928
 20
95.44
 10
196.013
 20
95.439
 10
196.096
 20
95.43
 10
196.176
 20
95.416
 10
196.254
 20
95.395
 10
196.329
 20
95.367
 10
196.401
 20
95.333
 10
196.47
 20
95.292
 10
196.537
 20
95.246
 10
196.599
 20
95.198
 10
196.657
 20
95.147
 10
196.711
 20
95.093
 10
196.761
 20
95.036
 10
196.806
 20
94.976
 10
196.848
 20
94.913
 10
196.886
 20
94.848
 97
0
 75
0
 76
1
 98
0
  0
HATCH
  5
B3
330
17
100
AcDbEntity
  8
RASTER
 62
7
100
AcDbHatch
 10
0.0
 20
0.0
 30
0.0
210
0.0
220
0.0
230
1.0
  2
SOLID
 70
1
 71
0
 91
1
 92
3
 72
0
 73
1
 93
73
 10
197.825
 20
93.987
 10
197.842
 20
93.955
 10
197.854
 20
93.923
 10
197.863
 20
93.891
 10
197.866
 20
93.858
 10
197.865
 20
93.825
 10
197.86
 20
93.792
 10
197.85
 20
93.758
 10
197.836
 20
93.724
 10
197.818
 20
93.691
 10
197.798
 20
93.661
 10
197.775
 20
93.632
 10
197.75
 20
93.605
 10
197.723
 20
93.581
 10
197.693
 20
93.558
 10
197.661
 20
93.538
 10
197.626
 20
93.52
 10
197.59
 20
93.504
 10
197.554
 20
93.492
 10
197.517
 20
93.482
 10
197.48
 20
93.476
 10
197.443
 20
93.474
 10
197.405
 20
93.474
 10
197.367
 20
93.478
 10
197.328
 20
93.485
 10
197.291
 20
93.494
 10
197.255
 20
93.506
 10
197.221
 20
93.52
 10
197.189
 20
93.536
 10
197.159
 20
93.554
 10
197.13
 20
93.575
 10
197.103
 20
93.598
 10
197.078
 20
93.623
 10
197.055
 20
93.649
 10
197.036
 20
93.677
 10
197.018
 20
93.705
 10
197.004
 20
93.735
 10
196.993
 20
93.765
 10
196.984
 20
93.796
 10
196.978
 20
93.829
 10
196.975
 20
93.862
 10
196.975
 20
93.895
 10
196.979
 20
93.927
 10
196.986
 20
93.958
 10
196.996
 20
93.988
 10
197.011
 20
94.016
 10
197.029
 20
94.043
 10
197.05
 20
94.069
 10
197.075
 20
94.094
 10
197.102
 20
94.117
 10
197.131
 20
94.138
 10
197.161
 20
94.157
 10
197.193
 20
94.175
 10
197.225
 20
94.19
 10
197.259
 20
94.203
 10
197.294
 20
94.215
 10
197.331
 20
94.224
 10
197.368
 20
94.231
 10
197.405
 20
94.234
 10
197.441
 20
94.234
 10
197.476
 20
94.231
 10
197.511
 20
94.225
 10
197.546
 20
94.215
 10
197.58
 20
94.202
 10
197.614
 20
94.186
 10
197.646
 20
94.167
 10
197.677
 20
94.147
 10
197.706
 20
94.125
 10
197.733
 20
94.101
 10
197.759
 20
94.075
 10
197.782
 20
94.048
 10
197.804
 20
94.018
 10
197.825
 20
93.987
 97
0
 75
0
 76
1
 98
0
  0
HATCH
  5
B4
330
17
100
AcDbEntity
  8
RASTER
 62
7
100
AcDbHatch
 10
0.0
 20
0.0
 30
0.0
210
0.0
220
0.0
230
1.0
  2
SOLID
 70
1
 71
0
 91
1
 92
3
 72
0
 73
1
 93
110
 10
200.94
 20
90.135
 10
200.689
 20
90.069
 10
200.458
 20
90.05
 10
200.247
 20
90.079
 10
200.057
 20
90.154
 10
199.886
 20
90.277
 10
199.736
 20
90.447
 10
199.607
 20
90.665
 10
199.497
 20
90.929
 10
199.681
 20
90.849
 10
199.869
 20
90.776
 10
200.061
 20
90.711
 10
200.258
 20
90.653
 10
200.459
 20
90.603
 10
200.664
 20
90.56
 10
200.873
 20
90.525
 10
201.087
 20
90.498
 10
201.093
 20
90.504
 10
201.098
 20
90.51
 10
201.104
 20
90.516
 10
201.11
 20
90.522
 10
201.116
 20
90.527
 10
201.122
 20
90.533
 10
200.9
 20
90.808
 10
200.712
 20
91.096
 10
200.558
 20
91.396
 10
200.438
 20
91.709
 10
200.353
 20
92.035
 10
200.302
 20
92.373
 10
200.284
 20
92.724
 10
200.301
 20
93.087
 10
200.468
 20
92.798
 10
200.63
 20
92.506
 10
200.786
 20
92.21
 10
200.937
 20
91.911
 10
201.082
 20
91.608
 10
201.222
 20
91.302
 10
201.356
 20
90.993
 10
201.485
 20
90.68
 10
201.49
 20
90.68
 10
201.495
 20
90.68
 10
201.5
 20
90.68
 10
201.505
 20
90.68
 10
201.51
 20
90.68
 10
201.515
 20
90.68
 10
201.644
 20
90.993
 10
201.778
 20
91.302
 10
201.918
 20
91.608
 10
202.063
 20
91.911
 10
202.214
 20
92.21
 10
202.37
 20
92.506
 10
202.532
 20
92.798
 10
202.699
 20
93.087
 10
202.716
 20
92.724
 10
202.698
 20
92.373
 10
202.647
 20
92.035
 10
202.562
 20
91.709
 10
202.442
 20
91.396
 10
202.288
 20
91.096
 10
202.1
 20
90.808
 10
201.878
 20
90.533
 10
201.884
 20
90.527
 10
201.89
 20
90.522
 10
201.896
 20
90.516
 10
201.902
 20
90.51
 10
201.907
 20
90.504
 10
201.913
 20
90.498
 10
202.127
 20
90.525
 10
202.336
 20
90.56
 10
202.541
 20
90.603
 10
202.742
 20
90.653
 10
202.939
 20
90.711
 10
203.131
 20
90.776
 10
203.319
 20
90.849
 10
203.503
 20
90.929
 10
203.393
 20
90.665
 10
203.264
 20
90.447
 10
203.114
 20
90.277
 10
202.943
 20
90.154
 10
202.753
 20
90.079
 10
202.542
 20
90.05
 10
202.311
 20
90.069
 10
202.06
 20
90.135
 10
202.044
 20
89.988
 10
201.991
 20
89.85
 10
201.903
 20
89.731
 10
201.787
 20
89.639
 10
201.651
 20
89.581
 10
201.504
 20
89.56
 10
201.505
 20
89.56
 10
201.505
 20
89.56
 10
201.505
 20
89.56
 10
201.505
 20
89.56
 10
201.504
 20
89.56
 10
201.503
 20
89.56
 10
201.502
 20
89.56
 10
201.5
 20
89.56
 10
201.498
 20
89.56
 10
201.497
 20
89.56
 10
201.496
 20
89.56
 10
201.495
 20
89.56
 10
201.495
 20
89.56
 10
201.495
 20
89.56
 10
201.495
 20
89.56
 10
201.496
 20
89.56
 10
201.349
 20
89.581
 10
201.213
 20
89.639
 10
201.097
 20
89.731
 10
201.009
 20
89.85
 10
200.956
 20
89.988
 97
0
 75
0
 76
1
 98
0
  0
HATCH
  5
B5
330
17
100
AcDbEntity
  8
RASTER
 62
7
100
AcDbHatch
 10
0.0
 20
0.0
 30
0.0
210
0.0
220
0.0
230
1.0
  2
SOLID
 70
1
 71
0
 91
1
 92
3
 72
0
 73
1
 93
110
 10
221.94
 20
92.635
 10
221.689
 20
92.569
 10
221.458
 20
92.55
 10
221.247
 20
92.579
 10
221.057
 20
92.654
 10
220.886
 20
92.777
 10
220.736
 20
92.947
 10
220.607
 20
93.165
 10
220.497
 20
93.429
 10
220.681
 20
93.349
 10
220.869
 20
93.276
 10
221.061
 20
93.211
 10
221.258
 20
93.153
 10
221.459
 20
93.103
 10
221.664
 20
93.06
 10
221.873
 20
93.025
 10
222.087
 20
92.998
 10
222.093
 20
93.004
 10
222.098
 20
93.01
 10
222.104
 20
93.016
 10
222.11
 20
93.022
 10
222.116
 20
93.027
 10
222.122
 20
93.033
 10
221.9
 20
93.308
 10
221.712
 20
93.596
 10
221.558
 20
93.896
 10
221.438
 20
94.209
 10
221.353
 20
94.535
 10
221.302
 20
94.873
 10
221.284
 20
95.224
 10
221.301
 20
95.587
 10
221.468
 20
95.298
 10
221.63
 20
95.006
 10
221.786
 20
94.71
 10
221.937
 20
94.411
 10
222.082
 20
94.108
 10
222.222
 20
93.802
 10
222.356
 20
93.493
 10
222.485
 20
93.18
 10
222.49
 20
93.18
 10
222.495
 20
93.18
 10
222.5
 20
93.18
 10
222.505
 20
93.18
 10
222.51
 20
93.18
 10
222.515
 20
93.18
 10
222.644
 20
93.493
 10
222.778
 20
93.802
 10
222.918
 20
94.108
 10
223.063
 20
94.411
 10
223.214
 20
94.71
 10
223.37
 20
95.006
 10
223.532
 20
95.298
 10
223.699
 20
95.587
 10
223.716
 20
95.224
 10
223.698
 20
94.873
 10
223.647
 20
94.535
 10
223.562
 20
94.209
 10
223.442
 20
93.896
 10
223.288
 20
93.596
 10
223.1
 20
93.308
 10
222.878
 20
93.033
 10
222.884
 20
93.027
 10
222.89
 20
93.022
 10
222.896
 20
93.016
 10
222.902
 20
93.01
 10
222.907
 20
93.004
 10
222.913
 20
92.998
 10
223.127
 20
93.025
 10
223.336
 20
93.06
 10
223.541
 20
93.103
 10
223.742
 20
93.153
 10
223.939
 20
93.211
 10
224.131
 20
93.276
 10
224.319
 20
93.349
 10
224.503
 20
93.429
 10
224.393
 20
93.165
 10
224.264
 20
92.947
 10
224.114
 20
92.777
 10
223.943
 20
92.654
 10
223.753
 20
92.579
 10
223.542
 20
92.55
 10
223.311
 20
92.569
 10
223.06
 20
92.635
 10
223.044
 20
92.488
 10
222.991
 20
92.35
 10
222.903
 20
92.231
 10
222.787
 20
92.139
 10
222.651
 20
92.081
 10
222.504
 20
92.06
 10
222.505
 20
92.06
 10
222.505
 20
92.06
 10
222.505
 20
92.06
 10
222.505
 20
92.06
 10
222.504
 20
92.06
 10
222.503
 20
92.06
 10
222.502
 20
92.06
 10
222.5
 20
92.06
 10
222.498
 20
92.06
 10
222.497
 20
92.06
 10
222.496
 20
92.06
 10
222.495
 20
92.06
 10
222.495
 20
92.06
 10
222.495
 20
92.06
 10
222.495
 20
92.06
 10
222.496
 20
92.06
 10
222.349
 20
92.081
 10
222.213
 20
92.139
 10
222.097
 20
92.231
 10
222.009
 20
92.35
 10
221.956
 20
92.488
 97
0
 75
0
 76
1
 98
0
  0
HATCH
  5
B6
330
17
100
AcDbEntity
  8
RASTER
 62
7
100
AcDbHatch
 10
0.0
 20
0.0
 30
0.0
210
0.0
220
0.0
230
1.0
  2
SOLID
 70
1
 71
0
 91
1
 92
3
 72
0
 73
1
 93
22
 10
196.446
 20
63.596
 10
196.436
 20
63.611
 10
196.401
 20
63.722
 10
196.367
 20
63.834
 10
196.334
 20
63.946
 10
196.303
 20
64.058
 10
196.273
 20
64.169
 10
196.244
 20
64.281
 10
196.216
 20
64.393
 10
196.19
 20
64.505
 10
196.181
 20
64.519
 10
194.823
 20
64.3
 10
194.823
 20
64.27
 10
194.839
 20
64.14
 10
194.858
 20
64.01
 10
194.877
 20
63.881
 10
194.898
 20
63.751
 10
194.921
 20
63.621
 10
194.945
 20
63.491
 10
194.971
 20
63.361
 10
194.998
 20
63.231
 10
195.0
 20
63.197
 97
0
 75
0
 76
1
 98
0
  0
HATCH
  5
B7
330
17
100
AcDbEntity
  8
RASTER
 62
7
100
AcDbHatch
 10
0.0
 20
0.0
 30
0.0
210
0.0
220
0.0
230
1.0
  2
SOLID
 70
1
 71
0
 91
1
 92
3
 72
0
 73
1
 93
22
 10
196.149
 20
64.716
 10
196.141
 20
64.73
 10
196.119
 20
64.842
 10
196.097
 20
64.955
 10
196.078
 20
65.067
 10
196.059
 20
65.18
 10
196.042
 20
65.293
 10
196.026
 20
65.406
 10
196.011
 20
65.519
 10
195.998
 20
65.632
 10
195.99
 20
65.645
 10
194.741
 20
65.588
 10
194.737
 20
65.56
 10
194.739
 20
65.431
 10
194.742
 20
65.303
 10
194.747
 20
65.174
 10
194.753
 20
65.045
 10
194.761
 20
64.916
 10
194.771
 20
64.787
 10
194.781
 20
64.658
 10
194.794
 20
64.528
 10
194.791
 20
64.498
 97
0
 75
0
 76
1
 98
0
  0
HATCH
  5
B8
330
17
100
AcDbEntity
  8
RASTER
 62
7
100
AcDbHatch
 10
0.0
 20
0.0
 30
0.0
210
0.0
220
0.0
230
1.0
  2
SOLID
 70
1
 71
0
 91
1
 92
3
 72
0
 73
1
 93
22
 10
195.981
 20
65.845
 10
195.975
 20
65.859
 10
195.965
 20
65.972
 10
195.957
 20
66.086
 10
195.95
 20
66.2
 10
195.944
 20
66.314
 10
195.94
 20
66.428
 10
195.937
 20
66.542
 10
195.936
 20
66.657
 10
195.935
 20
66.772
 10
195.929
 20
66.787
 10
194.807
 20
66.864
 10
194.8
 20
66.837
 10
194.787
 20
66.71
 10
194.775
 20
66.583
 10
194.765
 20
66.455
 10
194.757
 20
66.328
 10
194.75
 20
66.2
 10
194.744
 20
66.072
 10
194.74
 20
65.944
 10
194.738
 20
65.816
 10
194.732
 20
65.788
 97
0
 75
0
 76
1
 98
0
  0
HATCH
  5
B9
330
17
100
AcDbEntity
  8
RASTER
 62
7
100
AcDbHatch
 10
0.0
 20
0.0
 30
0.0
210
0.0
220
0.0
230
1.0
  2
SOLID
 70
1
 71
0
 91
1
 92
3
 72
0
 73
1
 93
22
 10
195.943
 20
66.986
 10
195.938
 20
67.001
 10
195.942
 20
67.116
 10
195.947
 20
67.232
 10
195.953
 20
67.347
 10
195.961
 20
67.463
 10
195.97
 20
67.578
 10
195.98
 20
67.694
 10
195.992
 20
67.81
 10
196.005
 20
67.926
 10
196.001
 20
67.945
 10
195.018
 20
68.125
 10
195.007
 20
68.099
 10
194.98
 20
67.973
 10
194.954
 20
67.847
 10
194.93
 20
67.722
 10
194.907
 20
67.596
 10
194.885
 20
67.47
 10
194.865
 20
67.343
 10
194.847
 20
67.217
 10
194.83
 20
67.09
 10
194.821
 20
67.063
 97
0
 75
0
 76
1
 98
0
  0
HATCH
  5
BA
330
17
100
AcDbEntity
  8
RASTER
 62
7
100
AcDbHatch
 10
0.0
 20
0.0
 30
0.0
210
0.0
220
0.0
230
1.0
  2
SOLID
 70
1
 71
0
 91
1
 92
3
 72
0
 73
1
 93
22
 10
196.038
 20
68.141
 10
196.035
 20
68.159
 10
196.052
 20
68.276
 10
196.071
 20
68.393
 10
196.091
 20
68.51
 10
196.112
 20
68.628
 10
196.134
 20
68.745
 10
196.158
 20
68.863
 10
196.184
 20
68.98
 10
196.211
 20
69.098
 10
196.21
 20
69.121
 10
195.372
 20
69.371
 10
195.358
 20
69.343
 10
195.316
 20
69.22
 10
195.276
 20
69.096
 10
195.238
 20
68.972
 10
195.201
 20
68.847
 10
195.165
 20
68.723
 10
195.131
 20
68.599
 10
195.098
 20
68.474
 10
195.066
 20
68.349
 10
195.054
 20
68.322
 97
0
 75
0
 76
1
 98
0
  0
HATCH
  5
BB
330
17
100
AcDbEntity
  8
RASTER
 62
7
100
AcDbHatch
 10
0.0
 20
0.0
 30
0.0
210
0.0
220
0.0
230
1.0
  2
SOLID
 70
1
 71
0
 91
1
 92
3
 72
0
 73
1
 93
22
 10
196.267
 20
69.312
 10
196.268
 20
69.335
 10
196.299
 20
69.453
 10
196.331
 20
69.572
 10
196.365
 20
69.691
 10
196.4
 20
69.809
 10
196.437
 20
69.929
 10
196.474
 20
70.048
 10
196.514
 20
70.167
 10
196.554
 20
70.287
 10
196.558
 20
70.314
 10
195.865
 20
70.601
 10
195.847
 20
70.571
 10
195.792
 20
70.449
 10
195.738
 20
70.327
 10
195.686
 20
70.205
 10
195.635
 20
70.082
 10
195.585
 20
69.959
 10
195.537
 20
69.837
 10
195.49
 20
69.714
 10
195.444
 20
69.59
 10
195.429
 20
69.563
 97
0
 75
0
 76
1
 98
0
  0
HATCH
  5
BC
330
17
100
AcDbEntity
  8
RASTER
 62
7
100
AcDbHatch
 10
0.0
 20
0.0
 30
0.0
210
0.0
220
0.0
230
1.0
  2
SOLID
 70
1
 71
0
 91
1
 92
3
 72
0
 73
1
 93
48
 10
196.812
 20
71.3
 10
196.808
 20
71.227
 10
196.793
 20
71.154
 10
196.77
 20
71.085
 10
196.737
 20
71.019
 10
196.696
 20
70.958
 10
196.648
 20
70.902
 10
196.592
 20
70.854
 10
196.531
 20
70.813
 10
196.465
 20
70.78
 10
196.396
 20
70.757
 10
196.323
 20
70.742
 10
196.25
 20
70.737
 10
196.177
 20
70.742
 10
196.104
 20
70.757
 10
196.035
 20
70.78
 10
195.969
 20
70.813
 10
195.908
 20
70.854
 10
195.852
 20
70.902
 10
195.804
 20
70.958
 10
195.763
 20
71.019
 10
195.73
 20
71.085
 10
195.707
 20
71.154
 10
195.692
 20
71.227
 10
195.687
 20
71.3
 10
195.692
 20
71.373
 10
195.707
 20
71.446
 10
195.73
 20
71.515
 10
195.763
 20
71.581
 10
195.804
 20
71.642
 10
195.852
 20
71.698
 10
195.908
 20
71.746
 10
195.969
 20
71.787
 10
196.035
 20
71.82
 10
196.104
 20
71.843
 10
196.177
 20
71.858
 10
196.25
 20
71.862
 10
196.323
 20
71.858
 10
196.396
 20
71.843
 10
196.465
 20
71.82
 10
196.531
 20
71.787
 10
196.592
 20
71.746
 10
196.648
 20
71.698
 10
196.696
 20
71.642
 10
196.737
 20
71.581
 10
196.77
 20
71.515
 10
196.793
 20
71.446
 10
196.808
 20
71.373
 97
0
 75
0
 76
1
 98
0
  0
HATCH
  5
BD
330
17
100
AcDbEntity
  8
RASTER
 62
7
100
AcDbHatch
 10
0.0
 20
0.0
 30
0.0
210
0.0
220
0.0
230
1.0
  2
SOLID
 70
1
 71
0
 91
1
 92
3
 72
0
 73
1
 93
122
 10
195.914
 20
71.866
 10
195.893
 20
71.97
 10
195.859
 20
72.061
 10
195.817
 20
72.146
 10
195.77
 20
72.226
 10
195.718
 20
72.301
 10
195.661
 20
72.372
 10
195.597
 20
72.438
 10
195.529
 20
72.499
 10
195.454
 20
72.555
 10
195.373
 20
72.604
 10
195.287
 20
72.645
 10
195.196
 20
72.679
 10
195.1
 20
72.704
 10
195.001
 20
72.72
 10
194.899
 20
72.726
 10
194.797
 20
72.722
 10
194.695
 20
72.708
 10
194.595
 20
72.685
 10
194.498
 20
72.653
 10
194.404
 20
72.612
 10
194.315
 20
72.565
 10
194.23
 20
72.511
 10
194.149
 20
72.451
 10
194.073
 20
72.387
 10
194.001
 20
72.317
 10
193.933
 20
72.243
 10
193.869
 20
72.165
 10
193.809
 20
72.083
 10
193.752
 20
71.997
 10
193.698
 20
71.908
 10
193.647
 20
71.815
 10
193.599
 20
71.718
 10
193.553
 20
71.619
 10
193.509
 20
71.515
 10
193.468
 20
71.408
 10
193.428
 20
71.298
 10
193.391
 20
71.184
 10
193.355
 20
71.066
 10
193.321
 20
70.945
 10
193.288
 20
70.82
 10
193.257
 20
70.692
 10
193.227
 20
70.56
 10
193.198
 20
70.424
 10
193.171
 20
70.284
 10
193.145
 20
70.141
 10
193.119
 20
69.994
 10
193.095
 20
69.843
 10
193.072
 20
69.688
 10
193.049
 20
69.53
 10
193.027
 20
69.367
 10
193.006
 20
69.201
 10
192.986
 20
69.031
 10
192.966
 20
68.856
 10
192.947
 20
68.678
 10
192.929
 20
68.496
 10
192.911
 20
68.31
 10
192.893
 20
68.12
 10
192.876
 20
67.926
 10
192.859
 20
67.728
 10
192.843
 20
67.526
 10
193.163
 20
67.47
 10
193.217
 20
67.663
 10
193.272
 20
67.852
 10
193.327
 20
68.036
 10
193.382
 20
68.215
 10
193.438
 20
68.39
 10
193.494
 20
68.561
 10
193.55
 20
68.726
 10
193.607
 20
68.887
 10
193.663
 20
69.043
 10
193.72
 20
69.195
 10
193.698
 20
69.362
 10
193.666
 20
69.529
 10
193.715
 20
69.67
 10
193.857
 20
69.78
 10
194.002
 20
69.882
 10
194.058
 20
70.005
 10
194.113
 20
70.123
 10
194.168
 20
70.237
 10
194.223
 20
70.345
 10
194.277
 20
70.449
 10
194.33
 20
70.547
 10
194.383
 20
70.641
 10
194.434
 20
70.73
 10
194.485
 20
70.813
 10
194.535
 20
70.892
 10
194.515
 20
71.0
 10
194.442
 20
71.136
 10
194.391
 20
71.261
 10
194.556
 20
71.256
 10
194.718
 20
71.237
 10
194.801
 20
71.257
 10
194.838
 20
71.3
 10
194.873
 20
71.338
 10
194.905
 20
71.372
 10
194.934
 20
71.401
 10
194.959
 20
71.426
 10
194.981
 20
71.447
 10
194.999
 20
71.464
 10
195.014
 20
71.479
 10
195.025
 20
71.492
 10
195.023
 20
71.524
 10
194.98
 20
71.666
 10
194.957
 20
71.811
 10
194.993
 20
71.77
 10
195.031
 20
71.65
 10
195.047
 20
71.564
 10
195.054
 20
71.58
 10
195.065
 20
71.596
 10
195.081
 20
71.613
 10
195.102
 20
71.629
 10
195.131
 20
71.644
 10
195.166
 20
71.656
 10
195.207
 20
71.665
 10
195.255
 20
71.671
 10
195.309
 20
71.673
 10
195.37
 20
71.672
 10
195.436
 20
71.666
 10
195.509
 20
71.656
 10
195.589
 20
71.643
 10
195.684
 20
71.636
 97
0
 75
0
 76
1
 98
0
  0
HATCH
  5
BE
330
17
100
AcDbEntity
  8
RASTER
 62
7
100
AcDbHatch
 10
0.0
 20
0.0
 30
0.0
210
0.0
220
0.0
230
1.0
  2
SOLID
 70
1
 71
0
 91
1
 92
3
 72
0
 73
1
 93
122
 10
196.299
 20
71.956
 10
196.34
 20
72.067
 10
196.36
 20
72.175
 10
196.372
 20
72.28
 10
196.377
 20
72.383
 10
196.375
 20
72.484
 10
196.365
 20
72.584
 10
196.348
 20
72.683
 10
196.322
 20
72.78
 10
196.288
 20
72.876
 10
196.243
 20
72.969
 10
196.189
 20
73.059
 10
196.124
 20
73.144
 10
196.049
 20
73.224
 10
195.963
 20
73.296
 10
195.869
 20
73.358
 10
195.767
 20
73.411
 10
195.66
 20
73.451
 10
195.549
 20
73.481
 10
195.437
 20
73.498
 10
195.324
 20
73.505
 10
195.213
 20
73.502
 10
195.103
 20
73.49
 10
194.995
 20
73.469
 10
194.889
 20
73.441
 10
194.784
 20
73.406
 10
194.682
 20
73.364
 10
194.581
 20
73.316
 10
194.481
 20
73.263
 10
194.382
 20
73.204
 10
194.283
 20
73.139
 10
194.186
 20
73.07
 10
194.088
 20
72.995
 10
193.99
 20
72.915
 10
193.892
 20
72.83
 10
193.794
 20
72.741
 10
193.695
 20
72.646
 10
193.596
 20
72.547
 10
193.496
 20
72.442
 10
193.395
 20
72.333
 10
193.292
 20
72.219
 10
193.189
 20
72.1
 10
193.085
 20
71.976
 10
192.979
 20
71.848
 10
192.872
 20
71.714
 10
192.764
 20
71.576
 10
192.654
 20
71.433
 10
192.543
 20
71.285
 10
192.429
 20
71.133
 10
192.315
 20
70.976
 10
192.198
 20
70.813
 10
192.08
 20
70.647
 10
191.96
 20
70.475
 10
191.838
 20
70.299
 10
191.714
 20
70.118
 10
191.588
 20
69.932
 10
191.46
 20
69.741
 10
191.33
 20
69.546
 10
191.198
 20
69.346
 10
191.063
 20
69.142
 10
190.927
 20
68.932
 10
191.185
 20
68.735
 10
191.351
 20
68.919
 10
191.515
 20
69.098
 10
191.677
 20
69.272
 10
191.836
 20
69.441
 10
191.992
 20
69.605
 10
192.147
 20
69.763
 10
192.298
 20
69.917
 10
192.447
 20
70.065
 10
192.594
 20
70.208
 10
192.738
 20
70.346
 10
192.818
 20
70.533
 10
192.888
 20
70.723
 10
193.019
 20
70.852
 10
193.217
 20
70.911
 10
193.415
 20
70.961
 10
193.541
 20
71.068
 10
193.665
 20
71.171
 10
193.785
 20
71.269
 10
193.902
 20
71.361
 10
194.016
 20
71.449
 10
194.126
 20
71.532
 10
194.233
 20
71.609
 10
194.336
 20
71.682
 10
194.435
 20
71.749
 10
194.531
 20
71.812
 10
194.576
 20
71.93
 10
194.584
 20
72.096
 10
194.607
 20
72.241
 10
194.767
 20
72.175
 10
194.918
 20
72.097
 10
195.014
 20
72.086
 10
195.078
 20
72.116
 10
195.136
 20
72.141
 10
195.188
 20
72.161
 10
195.235
 20
72.179
 10
195.275
 20
72.192
 10
195.309
 20
72.203
 10
195.337
 20
72.212
 10
195.358
 20
72.219
 10
195.373
 20
72.225
 10
195.383
 20
72.255
 10
195.409
 20
72.401
 10
195.455
 20
72.539
 10
195.465
 20
72.487
 10
195.434
 20
72.365
 10
195.398
 20
72.286
 10
195.408
 20
72.299
 10
195.422
 20
72.309
 10
195.443
 20
72.316
 10
195.47
 20
72.317
 10
195.503
 20
72.311
 10
195.541
 20
72.298
 10
195.583
 20
72.277
 10
195.629
 20
72.247
 10
195.678
 20
72.209
 10
195.73
 20
72.163
 10
195.784
 20
72.108
 10
195.841
 20
72.046
 10
195.903
 20
71.975
 10
195.979
 20
71.9
 97
0
 75
0
 76
1
 98
0
  0
HATCH
  5
BF
330
17
100
AcDbEntity
  8
RASTER
 62
7
100
AcDbHatch
 10
0.0
 20
0.0
 30
0.0
210
0.0
220
0.0
230
1.0
  2
SOLID
 70
1
 71
0
 91
1
 92
3
 72
0
 73
1
 93
122
 10
196.667
 20
71.809
 10
196.765
 20
71.873
 10
196.848
 20
71.936
 10
196.927
 20
71.994
 10
197.002
 20
72.048
 10
197.074
 20
72.095
 10
197.143
 20
72.138
 10
197.21
 20
72.175
 10
197.274
 20
72.207
 10
197.335
 20
72.234
 10
197.393
 20
72.257
 10
197.448
 20
72.276
 10
197.501
 20
72.291
 10
197.551
 20
72.303
 10
197.599
 20
72.312
 10
197.644
 20
72.319
 10
197.689
 20
72.324
 10
197.732
 20
72.328
 10
197.776
 20
72.331
 10
197.819
 20
72.332
 10
197.864
 20
72.333
 10
197.91
 20
72.333
 10
197.958
 20
72.332
 10
198.009
 20
72.329
 10
198.063
 20
72.325
 10
198.12
 20
72.32
 10
198.181
 20
72.312
 10
198.245
 20
72.303
 10
198.313
 20
72.291
 10
198.386
 20
72.276
 10
198.462
 20
72.258
 10
198.542
 20
72.237
 10
198.626
 20
72.213
 10
198.714
 20
72.185
 10
198.805
 20
72.154
 10
198.9
 20
72.119
 10
198.999
 20
72.08
 10
199.102
 20
72.037
 10
199.207
 20
71.99
 10
199.316
 20
71.938
 10
199.429
 20
71.883
 10
199.544
 20
71.823
 10
199.663
 20
71.759
 10
199.784
 20
71.691
 10
199.909
 20
71.618
 10
200.036
 20
71.541
 10
200.166
 20
71.459
 10
200.298
 20
71.373
 10
200.433
 20
71.282
 10
200.571
 20
71.187
 10
200.711
 20
71.087
 10
200.853
 20
70.983
 10
200.998
 20
70.874
 10
201.145
 20
70.761
 10
201.294
 20
70.643
 10
201.445
 20
70.52
 10
201.599
 20
70.393
 10
201.754
 20
70.261
 10
201.911
 20
70.124
 10
202.071
 20
69.983
 10
202.232
 20
69.837
 10
202.472
 20
70.057
 10
202.337
 20
70.231
 10
202.204
 20
70.401
 10
202.072
 20
70.567
 10
201.942
 20
70.73
 10
201.813
 20
70.888
 10
201.686
 20
71.042
 10
201.56
 20
71.192
 10
201.435
 20
71.337
 10
201.311
 20
71.479
 10
201.189
 20
71.617
 10
201.014
 20
71.69
 10
200.834
 20
71.749
 10
200.711
 20
71.867
 10
200.65
 20
72.055
 10
200.591
 20
72.244
 10
200.474
 20
72.356
 10
200.357
 20
72.465
 10
200.241
 20
72.569
 10
200.126
 20
72.669
 10
200.011
 20
72.765
 10
199.896
 20
72.856
 10
199.781
 20
72.943
 10
199.667
 20
73.025
 10
199.552
 20
73.102
 10
199.438
 20
73.175
 10
199.291
 20
73.175
 10
199.122
 20
73.111
 10
198.97
 20
73.061
 10
198.911
 20
73.239
 10
198.845
 20
73.417
 10
198.745
 20
73.508
 10
198.628
 20
73.545
 10
198.51
 20
73.576
 10
198.392
 20
73.6
 10
198.274
 20
73.618
 10
198.156
 20
73.629
 10
198.037
 20
73.633
 10
197.92
 20
73.63
 10
197.803
 20
73.62
 10
197.687
 20
73.602
 10
197.578
 20
73.553
 10
197.503
 20
73.385
 10
197.445
 20
73.218
 10
197.336
 20
73.23
 10
197.192
 20
73.304
 10
197.054
 20
73.333
 10
196.965
 20
73.263
 10
196.88
 20
73.188
 10
196.802
 20
73.107
 10
196.73
 20
73.021
 10
196.664
 20
72.931
 10
196.605
 20
72.836
 10
196.552
 20
72.737
 10
196.505
 20
72.635
 10
196.464
 20
72.53
 10
196.429
 20
72.421
 10
196.401
 20
72.309
 10
196.38
 20
72.194
 10
196.367
 20
72.074
 10
196.372
 20
71.946
 97
0
 75
0
 76
1
 98
0
  0
HATCH
  5
C0
330
17
100
AcDbEntity
  8
RASTER
 62
7
100
AcDbHatch
 10
0.0
 20
0.0
 30
0.0
210
0.0
220
0.0
230
1.0
  2
SOLID
 70
1
 71
0
 91
1
 92
3
 72
0
 73
1
 93
122
 10
196.883
 20
71.478
 10
197.002
 20
71.475
 10
197.111
 20
71.483
 10
197.215
 20
71.491
 10
197.315
 20
71.498
 10
197.412
 20
71.505
 10
197.506
 20
71.51
 10
197.597
 20
71.513
 10
197.686
 20
71.516
 10
197.772
 20
71.516
 10
197.855
 20
71.516
 10
197.937
 20
71.514
 10
198.016
 20
71.511
 10
198.094
 20
71.507
 10
198.169
 20
71.501
 10
198.243
 20
71.495
 10
198.316
 20
71.488
 10
198.388
 20
71.48
 10
198.459
 20
71.47
 10
198.529
 20
71.46
 10
198.598
 20
71.45
 10
198.667
 20
71.438
 10
198.736
 20
71.425
 10
198.806
 20
71.411
 10
198.875
 20
71.396
 10
198.945
 20
71.38
 10
199.016
 20
71.363
 10
199.087
 20
71.344
 10
199.159
 20
71.324
 10
199.233
 20
71.302
 10
199.307
 20
71.279
 10
199.383
 20
71.253
 10
199.46
 20
71.226
 10
199.538
 20
71.196
 10
199.617
 20
71.164
 10
199.698
 20
71.13
 10
199.781
 20
71.093
 10
199.864
 20
71.054
 10
199.949
 20
71.012
 10
200.036
 20
70.967
 10
200.123
 20
70.919
 10
200.212
 20
70.868
 10
200.302
 20
70.815
 10
200.393
 20
70.758
 10
200.486
 20
70.698
 10
200.579
 20
70.635
 10
200.673
 20
70.568
 10
200.768
 20
70.498
 10
200.864
 20
70.425
 10
200.961
 20
70.349
 10
201.059
 20
70.269
 10
201.157
 20
70.186
 10
201.255
 20
70.099
 10
201.355
 20
70.008
 10
201.454
 20
69.915
 10
201.555
 20
69.817
 10
201.655
 20
69.717
 10
201.756
 20
69.612
 10
201.857
 20
69.505
 10
201.958
 20
69.393
 10
202.059
 20
69.278
 10
202.329
 20
69.459
 10
202.258
 20
69.599
 10
202.186
 20
69.736
 10
202.114
 20
69.871
 10
202.041
 20
70.004
 10
201.968
 20
70.133
 10
201.894
 20
70.26
 10
201.82
 20
70.385
 10
201.745
 20
70.507
 10
201.669
 20
70.626
 10
201.592
 20
70.743
 10
201.455
 20
70.802
 10
201.311
 20
70.849
 10
201.228
 20
70.95
 10
201.211
 20
71.116
 10
201.194
 20
71.286
 10
201.111
 20
71.386
 10
201.027
 20
71.483
 10
200.941
 20
71.578
 10
200.854
 20
71.669
 10
200.766
 20
71.757
 10
200.676
 20
71.843
 10
200.585
 20
71.925
 10
200.492
 20
72.003
 10
200.397
 20
72.078
 10
200.301
 20
72.15
 10
200.167
 20
72.152
 10
200.005
 20
72.093
 10
199.86
 20
72.049
 10
199.822
 20
72.226
 10
199.777
 20
72.405
 10
199.692
 20
72.501
 10
199.585
 20
72.545
 10
199.477
 20
72.585
 10
199.368
 20
72.619
 10
199.257
 20
72.65
 10
199.146
 20
72.675
 10
199.034
 20
72.696
 10
198.922
 20
72.711
 10
198.809
 20
72.721
 10
198.697
 20
72.727
 10
198.583
 20
72.704
 10
198.47
 20
72.559
 10
198.366
 20
72.414
 10
198.261
 20
72.458
 10
198.147
 20
72.575
 10
198.028
 20
72.649
 10
197.92
 20
72.619
 10
197.814
 20
72.583
 10
197.709
 20
72.542
 10
197.606
 20
72.496
 10
197.505
 20
72.445
 10
197.406
 20
72.39
 10
197.31
 20
72.33
 10
197.215
 20
72.265
 10
197.124
 20
72.196
 10
197.035
 20
72.122
 10
196.949
 20
72.043
 10
196.867
 20
71.958
 10
196.789
 20
71.867
 10
196.721
 20
71.759
 97
0
 75
0
 76
1
 98
0
  0
HATCH
  5
C1
330
17
100
AcDbEntity
  8
RASTER
 62
7
100
AcDbHatch
 10
0.0
 20
0.0
 30
0.0
210
0.0
220
0.0
230
1.0
  2
SOLID
 70
1
 71
0
 91
1
 92
3
 72
0
 73
1
 93
122
 10
196.871
 20
71.083
 10
196.954
 20
71.014
 10
197.037
 20
70.96
 10
197.118
 20
70.911
 10
197.197
 20
70.864
 10
197.275
 20
70.819
 10
197.352
 20
70.775
 10
197.428
 20
70.732
 10
197.502
 20
70.691
 10
197.575
 20
70.65
 10
197.646
 20
70.61
 10
197.717
 20
70.571
 10
197.786
 20
70.532
 10
197.855
 20
70.495
 10
197.923
 20
70.457
 10
197.989
 20
70.421
 10
198.056
 20
70.385
 10
198.121
 20
70.349
 10
198.186
 20
70.314
 10
198.25
 20
70.28
 10
198.314
 20
70.245
 10
198.377
 20
70.212
 10
198.44
 20
70.178
 10
198.503
 20
70.144
 10
198.566
 20
70.111
 10
198.628
 20
70.078
 10
198.69
 20
70.045
 10
198.752
 20
70.011
 10
198.815
 20
69.978
 10
198.877
 20
69.944
 10
198.939
 20
69.91
 10
199.002
 20
69.876
 10
199.064
 20
69.841
 10
199.127
 20
69.806
 10
199.19
 20
69.771
 10
199.253
 20
69.734
 10
199.316
 20
69.697
 10
199.379
 20
69.659
 10
199.443
 20
69.621
 10
199.507
 20
69.581
 10
199.571
 20
69.54
 10
199.635
 20
69.498
 10
199.699
 20
69.455
 10
199.764
 20
69.411
 10
199.828
 20
69.366
 10
199.893
 20
69.319
 10
199.958
 20
69.271
 10
200.022
 20
69.222
 10
200.087
 20
69.171
 10
200.152
 20
69.118
 10
200.216
 20
69.064
 10
200.28
 20
69.009
 10
200.345
 20
68.951
 10
200.409
 20
68.892
 10
200.472
 20
68.832
 10
200.536
 20
68.769
 10
200.599
 20
68.705
 10
200.661
 20
68.64
 10
200.723
 20
68.572
 10
200.785
 20
68.503
 10
200.846
 20
68.432
 10
201.132
 20
68.586
 10
201.103
 20
68.679
 10
201.073
 20
68.773
 10
201.041
 20
68.865
 10
201.009
 20
68.957
 10
200.975
 20
69.048
 10
200.94
 20
69.138
 10
200.904
 20
69.227
 10
200.867
 20
69.316
 10
200.828
 20
69.404
 10
200.788
 20
69.491
 10
200.683
 20
69.527
 10
200.569
 20
69.554
 10
200.52
 20
69.631
 10
200.543
 20
69.769
 10
200.566
 20
69.91
 10
200.516
 20
69.991
 10
200.465
 20
70.071
 10
200.413
 20
70.149
 10
200.358
 20
70.226
 10
200.302
 20
70.302
 10
200.245
 20
70.376
 10
200.185
 20
70.449
 10
200.124
 20
70.52
 10
200.061
 20
70.59
 10
199.996
 20
70.658
 10
199.882
 20
70.664
 10
199.732
 20
70.617
 10
199.599
 20
70.584
 10
199.609
 20
70.753
 10
199.616
 20
70.926
 10
199.57
 20
71.025
 10
199.493
 20
71.079
 10
199.414
 20
71.13
 10
199.334
 20
71.179
 10
199.252
 20
71.226
 10
199.169
 20
71.27
 10
199.085
 20
71.312
 10
198.999
 20
71.351
 10
198.912
 20
71.387
 10
198.823
 20
71.421
 10
198.725
 20
71.43
 10
198.584
 20
71.328
 10
198.447
 20
71.225
 10
198.379
 20
71.301
 10
198.333
 20
71.449
 10
198.271
 20
71.561
 10
198.176
 20
71.573
 10
198.08
 20
71.583
 10
197.983
 20
71.589
 10
197.886
 20
71.593
 10
197.789
 20
71.593
 10
197.691
 20
71.589
 10
197.593
 20
71.582
 10
197.494
 20
71.572
 10
197.396
 20
71.558
 10
197.297
 20
71.54
 10
197.198
 20
71.518
 10
197.099
 20
71.491
 10
196.999
 20
71.458
 10
196.899
 20
71.406
 97
0
 75
0
 76
1
 98
0
  0
LWPOLYLINE
  5
C2
330
17
100
AcDbEntity
  8
CUT
100
AcDbPolyline
 90
369
 70
1
 10
4.848
 20
51.703
 10
5.153
 20
52.047
 10
5.497
 20
52.352
 10
5.882
 20
52.615
 10
6.306
 20
52.837
 10
6.769
 20
53.018
 10
7.02
 20
53.088
 10
7.27
 20
53.158
 10
7.539
 20
53.208
 10
7.809
 20
53.258
 10
8.097
 20
53.288
 10
8.385
 20
53.318
 10
8.693
 20
53.328
 10
8.998
 20
53.337
 10
9.498
 20
53.337
 10
9.995
 20
53.337
 10
10.493
 20
53.337
 10
10.991
 20
53.337
 10
11.713
 20
53.337
 10
11.713
 20
50.738
 10
20.488
 20
50.738
 10
20.488
 20
53.337
 10
20.944
 20
53.337
 10
21.442
 20
53.337
 10
21.94
 20
53.337
 10
22.437
 20
53.337
 10
22.935
 20
53.337
 10
23.433
 20
53.337
 10
23.93
 20
53.337
 10
24.428
 20
53.337
 10
24.926
 20
53.337
 10
25.423
 20
53.337
 10
25.921
 20
53.337
 10
26.419
 20
53.337
 10
26.916
 20
53.337
 10
27.414
 20
53.337
 10
27.912
 20
53.337
 10
28.409
 20
53.337
 10
28.907
 20
53.337
 10
29.405
 20
53.337
 10
29.902
 20
53.337
 10
30.4
 20
53.337
 10
30.898
 20
53.337
 10
31.395
 20
53.337
 10
31.893
 20
53.337
 10
32.391
 20
53.337
 10
32.888
 20
53.337
 10
33.386
 20
53.337
 10
33.884
 20
53.337
 10
34.381
 20
53.337
 10
34.879
 20
53.337
 10
35.377
 20
53.337
 10
35.874
 20
53.337
 10
36.372
 20
53.337
 10
36.713
 20
53.337
 10
36.713
 20
50.738
 10
45.488
 20
50.738
 10
45.488
 20
53.337
 10
45.828
 20
53.337
 10
46.326
 20
53.337
 10
46.823
 20
53.337
 10
47.321
 20
53.337
 10
47.819
 20
53.337
 10
48.316
 20
53.337
 10
48.814
 20
53.337
 10
49.312
 20
53.337
 10
49.809
 20
53.337
 10
50.307
 20
53.337
 10
50.805
 20
53.337
 10
51.302
 20
53.337
 10
51.8
 20
53.337
 10
52.298
 20
53.337
 10
52.795
 20
53.337
 10
53.293
 20
53.337
 10
53.791
 20
53.337
 10
54.288
 20
53.337
 10
54.786
 20
53.337
 10
55.284
 20
53.337
 10
55.781
 20
53.337
 10
56.279
 20
53.337
 10
56.777
 20
53.337
 10
57.274
 20
53.337
 10
57.772
 20
53.337
 10
58.27
 20
53.337
 10
58.767
 20
53.337
 10
59.265
 20
53.337
 10
59.763
 20
53.337
 10
60.26
 20
53.337
 10
60.758
 20
53.337
 10
61.256
 20
53.337
 10
61.713
 20
53.337
 10
61.713
 20
50.738
 10
70.488
 20
50.738
 10
70.488
 20
53.337
 10
71.209
 20
53.337
 10
71.707
 20
53.337
 10
72.205
 20
53.337
 10
72.702
 20
53.337
 10
73.202
 20
53.337
 10
73.507
 20
53.328
 10
73.815
 20
53.318
 10
74.103
 20
53.288
 10
74.391
 20
53.258
 10
74.661
 20
53.208
 10
74.93
 20
53.158
 10
75.18
 20
53.088
 10
75.431
 20
53.018
 10
75.894
 20
52.837
 10
76.318
 20
52.615
 10
76.703
 20
52.352
 10
77.047
 20
52.047
 10
77.352
 20
51.703
 10
77.615
 20
51.318
 10
77.837
 20
50.894
 10
78.018
 20
50.431
 10
78.088
 20
50.18
 10
78.158
 20
49.93
 10
78.208
 20
49.661
 10
78.258
 20
49.391
 10
78.288
 20
49.103
 10
78.318
 20
48.815
 10
78.328
 20
48.507
 10
78.337
 20
48.202
 10
78.337
 20
47.704
 10
78.337
 20
47.208
 10
78.337
 20
46.711
 10
78.337
 20
46.215
 10
78.337
 20
45.488
 10
75.738
 20
45.488
 10
75.738
 20
36.712
 10
78.337
 20
36.712
 10
78.337
 20
36.291
 10
78.337
 20
35.795
 10
78.337
 20
35.299
 10
78.337
 20
34.803
 10
78.337
 20
34.306
 10
78.337
 20
33.81
 10
78.337
 20
33.314
 10
78.337
 20
32.818
 10
78.337
 20
32.322
 10
78.337
 20
31.825
 10
78.337
 20
31.329
 10
78.337
 20
30.833
 10
78.337
 20
30.337
 10
78.337
 20
29.841
 10
78.337
 20
29.344
 10
78.337
 20
28.848
 10
78.337
 20
28.352
 10
78.337
 20
27.856
 10
78.337
 20
27.359
 10
78.337
 20
26.863
 10
78.337
 20
26.367
 10
78.337
 20
25.871
 10
78.337
 20
25.375
 10
78.337
 20
24.878
 10
78.337
 20
24.382
 10
78.337
 20
23.886
 10
78.337
 20
23.39
 10
78.337
 20
22.894
 10
78.337
 20
22.397
 10
78.337
 20
21.901
 10
78.337
 20
21.405
 10
78.337
 20
20.909
 10
78.337
 20
20.488
 10
75.738
 20
20.488
 10
75.738
 20
11.712
 10
78.337
 20
11.712
 10
78.337
 20
10.985
 10
78.337
 20
10.489
 10
78.337
 20
9.992
 10
78.337
 20
9.496
 10
78.337
 20
8.998
 10
78.328
 20
8.693
 10
78.318
 20
8.385
 10
78.288
 20
8.097
 10
78.258
 20
7.809
 10
78.208
 20
7.539
 10
78.158
 20
7.27
 10
78.088
 20
7.02
 10
78.018
 20
6.769
 10
77.837
 20
6.306
 10
77.615
 20
5.882
 10
77.352
 20
5.497
 10
77.047
 20
5.153
 10
76.703
 20
4.848
 10
76.318
 20
4.585
 10
75.894
 20
4.363
 10
75.431
 20
4.182
 10
75.18
 20
4.112
 10
74.93
 20
4.042
 10
74.661
 20
3.992
 10
74.391
 20
3.942
 10
74.103
 20
3.912
 10
73.815
 20
3.882
 10
73.507
 20
3.872
 10
73.202
 20
3.863
 10
72.71
 20
3.863
 10
72.221
 20
3.863
 10
71.731
 20
3.863
 10
71.241
 20
3.863
 10
70.488
 20
3.863
 10
70.488
 20
6.463
 10
61.713
 20
6.463
 10
61.713
 20
3.863
 10
60.959
 20
3.863
 10
60.469
 20
3.863
 10
59.979
 20
3.863
 10
59.49
 20
3.863
 10
58.998
 20
3.863
 10
58.693
 20
3.872
 10
58.385
 20
3.882
 10
58.097
 20
3.912
 10
57.809
 20
3.942
 10
57.539
 20
3.992
 10
57.27
 20
4.042
 10
57.02
 20
4.112
 10
56.769
 20
4.182
 10
56.306
 20
4.363
 10
55.882
 20
4.585
 10
55.497
 20
4.848
 10
55.153
 20
5.153
 10
54.848
 20
5.497
 10
54.585
 20
5.882
 10
54.363
 20
6.306
 10
54.182
 20
6.769
 10
54.112
 20
7.02
 10
54.042
 20
7.27
 10
53.992
 20
7.539
 10
53.942
 20
7.809
 10
53.912
 20
8.097
 10
53.882
 20
8.385
 10
53.872
 20
8.693
 10
53.863
 20
8.998
 10
53.863
 20
9.5
 10
53.863
 20
10.0
 10
53.863
 20
10.5
 10
53.863
 20
11.0
 10
53.863
 20
11.712
 10
56.463
 20
11.712
 10
56.463
 20
20.488
 10
53.863
 20
20.488
 10
53.863
 20
21.0
 10
53.863
 20
21.5
 10
53.863
 20
22.0
 10
53.863
 20
22.5
 10
53.863
 20
23.0
 10
53.863
 20
23.5
 10
53.863
 20
23.998
 10
53.853
 20
24.298
 10
53.843
 20
24.596
 10
53.814
 20
24.875
 10
53.786
 20
25.152
 10
53.738
 20
25.411
 10
53.69
 20
25.668
 10
53.623
 20
25.906
 10
53.557
 20
26.144
 10
53.386
 20
26.58
 10
53.179
 20
26.976
 10
52.934
 20
27.333
 10
52.653
 20
27.653
 10
52.333
 20
27.934
 10
51.976
 20
28.179
 10
51.58
 20
28.386
 10
51.144
 20
28.557
 10
50.906
 20
28.623
 10
50.668
 20
28.69
 10
50.411
 20
28.738
 10
50.152
 20
28.786
 10
49.875
 20
28.814
 10
49.596
 20
28.843
 10
49.298
 20
28.853
 10
48.998
 20
28.863
 10
48.5
 20
28.863
 10
48.0
 20
28.863
 10
47.5
 20
28.863
 10
47.0
 20
28.863
 10
46.5
 20
28.863
 10
46.0
 20
28.863
 10
45.488
 20
28.863
 10
45.488
 20
31.463
 10
36.713
 20
31.463
 10
36.713
 20
28.863
 10
36.0
 20
28.863
 10
35.5
 20
28.863
 10
35.0
 20
28.863
 10
34.5
 20
28.863
 10
34.0
 20
28.863
 10
33.5
 20
28.863
 10
33.0
 20
28.863
 10
32.5
 20
28.863
 10
32.0
 20
28.863
 10
31.5
 20
28.863
 10
31.0
 20
28.863
 10
30.5
 20
28.863
 10
30.0
 20
28.863
 10
29.5
 20
28.863
 10
29.0
 20
28.863
 10
28.5
 20
28.863
 10
28.0
 20
28.863
 10
27.5
 20
28.863
 10
27.0
 20
28.863
 10
26.5
 20
28.863
 10
26.0
 20
28.863
 10
25.5
 20
28.863
 10
25.0
 20
28.863
 10
24.5
 20
28.863
 10
24.0
 20
28.863
 10
23.5
 20
28.863
 10
23.0
 20
28.863
 10
22.5
 20
28.863
 10
22.0
 20
28.863
 10
21.5
 20
28.863
 10
21.0
 20
28.863
 10
20.488
 20
28.863
 10
20.488
 20
31.463
 10
11.712
 20
31.463
 10
11.713
 20
28.863
 10
11.0
 20
28.863
 10
10.5
 20
28.863
 10
10.0
 20
28.863
 10
9.5
 20
28.863
 10
8.998
 20
28.863
 10
8.693
 20
28.872
 10
8.385
 20
28.882
 10
8.097
 20
28.912
 10
7.809
 20
28.942
 10
7.539
 20
28.992
 10
7.27
 20
29.042
 10
7.02
 20
29.112
 10
6.769
 20
29.182
 10
6.306
 20
29.363
 10
5.882
 20
29.585
 10
5.497
 20
29.848
 10
5.153
 20
30.153
 10
4.848
 20
30.497
 10
4.585
 20
30.882
 10
4.363
 20
31.306
 10
4.182
 20
31.769
 10
4.112
 20
32.02
 10
4.042
 20
32.27
 10
3.992
 20
32.539
 10
3.942
 20
32.809
 10
3.912
 20
33.097
 10
3.882
 20
33.385
 10
3.872
 20
33.693
 10
3.863
 20
33.998
 10
3.863
 20
34.49
 10
3.863
 20
34.979
 10
3.863
 20
35.469
 10
3.863
 20
35.959
 10
3.863
 20
36.712
 10
6.463
 20
36.712
 10
6.463
 20
45.488
 10
3.863
 20
45.488
 10
3.863
 20
46.241
 10
3.863
 20
46.731
 10
3.863
 20
47.221
 10
3.863
 20
47.71
 10
3.863
 20
48.202
 10
3.872
 20
48.507
 10
3.882
 20
48.815
 10
3.912
 20
49.103
 10
3.942
 20
49.391
 10
3.992
 20
49.661
 10
4.042
 20
49.93
 10
4.112
 20
50.18
 10
4.182
 20
50.431
 10
4.363
 20
50.894
 10
4.585
 20
51.318
  0
HATCH
  5
C3
330
17
100
AcDbEntity
  8
RASTER
 62
7
100
AcDbHatch
 10
0.0
 20
0.0
 30
0.0
210
0.0
220
0.0
230
1.0
  2
SOLID
 70
1
 71
0
 91
2
 92
3
 72
0
 73
1
 93
387
 10
6.456
 20
45.699
 10
6.559
 20
45.989
 10
6.644
 20
46.265
 10
6.788
 20
46.786
 10
6.89
 20
47.263
 10
6.974
 20
47.726
 10
7.069
 20
48.186
 10
7.203
 20
48.641
 10
7.395
 20
49.08
 10
7.657
 20
49.487
 10
7.986
 20
49.85
 10
8.373
 20
50.159
 10
8.806
 20
50.417
 10
9.275
 20
50.633
 10
9.779
 20
50.819
 10
10.322
 20
50.987
 10
10.912
 20
51.134
 10
11.238
 20
51.191
 10
11.563
 20
51.242
 10
12.193
 20
51.286
 10
12.826
 20
51.256
 10
13.458
 20
51.141
 10
14.076
 20
50.957
 10
14.675
 20
50.748
 10
15.252
 20
50.563
 10
15.811
 20
50.446
 10
16.36
 20
50.416
 10
16.915
 20
50.476
 10
17.487
 20
50.604
 10
18.079
 20
50.767
 10
18.688
 20
50.921
 10
19.307
 20
51.032
 10
19.926
 20
51.09
 10
20.536
 20
51.106
 10
21.134
 20
51.105
 10
21.725
 20
51.111
 10
22.316
 20
51.13
 10
22.915
 20
51.156
 10
23.526
 20
51.165
 10
24.148
 20
51.129
 10
24.772
 20
51.029
 10
25.388
 20
50.872
 10
25.987
 20
50.689
 10
26.567
 20
50.526
 10
27.126
 20
50.424
 10
27.675
 20
50.408
 10
28.227
 20
50.484
 10
28.796
 20
50.638
 10
29.387
 20
50.835
 10
29.997
 20
51.026
 10
30.622
 20
51.166
 10
31.252
 20
51.231
 10
31.876
 20
51.226
 10
32.486
 20
51.177
 10
33.082
 20
51.116
 10
33.671
 20
51.068
 10
34.26
 20
51.037
 10
34.857
 20
51.014
 10
35.465
 20
50.977
 10
36.079
 20
50.906
 10
36.691
 20
50.793
 10
37.291
 20
50.657
 10
37.874
 20
50.532
 10
38.439
 20
50.455
 10
38.991
 20
50.454
 10
39.545
 20
50.54
 10
40.114
 20
50.703
 10
40.704
 20
50.913
 10
41.314
 20
51.119
 10
41.943
 20
51.272
 10
42.582
 20
51.336
 10
43.216
 20
51.307
 10
43.835
 20
51.211
 10
44.435
 20
51.09
 10
45.022
 20
50.979
 10
45.603
 20
50.899
 10
46.186
 20
50.85
 10
46.778
 20
50.819
 10
47.38
 20
50.784
 10
47.986
 20
50.729
 10
48.587
 20
50.654
 10
49.176
 20
50.58
 10
49.749
 20
50.535
 10
50.311
 20
50.549
 10
50.871
 20
50.635
 10
51.441
 20
50.79
 10
52.03
 20
50.991
 10
52.64
 20
51.191
 10
53.27
 20
51.339
 10
53.913
 20
51.393
 10
54.553
 20
51.341
 10
55.177
 20
51.206
 10
55.781
 20
51.036
 10
56.367
 20
50.875
 10
56.941
 20
50.757
 10
57.511
 20
50.691
 10
58.088
 20
50.672
 10
58.677
 20
50.678
 10
59.276
 20
50.686
 10
59.878
 20
50.681
 10
60.475
 20
50.665
 10
61.06
 20
50.657
 10
61.634
 20
50.682
 10
62.203
 20
50.758
 10
62.777
 20
50.889
 10
63.366
 20
51.059
 10
63.974
 20
51.231
 10
64.602
 20
51.357
 10
65.244
 20
51.395
 10
65.886
 20
51.324
 10
66.513
 20
51.166
 10
67.119
 20
50.964
 10
67.704
 20
50.771
 10
68.272
 20
50.628
 10
68.833
 20
50.555
 10
69.397
 20
50.551
 10
69.974
 20
50.598
 10
70.567
 20
50.669
 10
70.873
 20
50.694
 10
71.186
 20
50.716
 10
71.779
 20
50.699
 10
72.331
 20
50.625
 10
72.842
 20
50.51
 10
73.319
 20
50.364
 10
73.774
 20
50.192
 10
74.217
 20
49.986
 10
74.65
 20
49.733
 10
75.065
 20
49.418
 10
75.447
 20
49.028
 10
75.767
 20
48.559
 10
75.997
 20
48.015
 10
76.109
 20
47.411
 10
76.092
 20
46.776
 10
75.959
 20
46.136
 10
75.855
 20
45.81
 10
75.756
 20
45.508
 10
75.578
 20
44.931
 10
75.474
 20
44.374
 10
75.455
 20
43.821
 10
75.514
 20
43.259
 10
75.628
 20
42.678
 10
75.759
 20
42.081
 10
75.872
 20
41.47
 10
75.948
 20
40.857
 10
75.99
 20
40.248
 10
76.016
 20
39.65
 10
76.05
 20
39.06
 10
76.102
 20
38.472
 10
76.169
 20
37.877
 10
76.229
 20
37.269
 10
76.249
 20
36.646
 10
76.2
 20
36.014
 10
76.071
 20
35.386
 10
75.884
 20
34.771
 10
75.682
 20
34.176
 10
75.514
 20
33.602
 10
75.419
 20
33.047
 10
75.415
 20
32.499
 10
75.499
 20
31.941
 10
75.65
 20
31.365
 10
75.829
 20
30.769
 10
75.989
 20
30.155
 10
76.098
 20
29.532
 10
76.146
 20
28.91
 10
76.147
 20
28.297
 10
76.128
 20
27.697
 10
76.114
 20
27.105
 10
76.114
 20
26.514
 10
76.121
 20
25.916
 10
76.113
 20
25.305
 10
76.064
 20
24.686
 10
75.958
 20
24.065
 10
75.805
 20
23.452
 10
75.636
 20
22.856
 10
75.494
 20
22.28
 10
75.418
 20
21.723
 10
75.429
 20
21.174
 10
75.53
 20
20.618
 10
75.704
 20
20.044
 10
75.911
 20
19.448
 10
76.101
 20
18.832
 10
76.229
 20
18.202
 10
76.274
 20
17.568
 10
76.245
 20
16.944
 10
76.172
 20
16.334
 10
76.091
 20
15.739
 10
76.026
 20
15.152
 10
75.983
 20
14.564
 10
75.952
 20
13.968
 10
75.912
 20
13.363
 10
75.843
 20
12.751
 10
75.741
 20
12.142
 10
75.621
 20
11.54
 10
75.554
 20
11.245
 10
75.497
 20
10.965
 10
75.392
 20
10.437
 10
75.32
 20
9.957
 10
75.274
 20
9.488
 10
75.231
 20
9.01
 10
75.159
 20
8.513
 10
75.025
 20
8.005
 10
74.802
 20
7.509
 10
74.477
 20
7.055
 10
74.051
 20
6.674
 10
73.543
 20
6.393
 10
72.977
 20
6.225
 10
72.381
 20
6.164
 10
71.777
 20
6.185
 10
71.171
 20
6.254
 10
70.862
 20
6.302
 10
70.566
 20
6.339
 10
69.977
 20
6.399
 10
69.387
 20
6.429
 10
68.787
 20
6.451
 10
68.179
 20
6.483
 10
67.573
 20
6.534
 10
66.977
 20
6.591
 10
66.394
 20
6.627
 10
65.824
 20
6.614
 10
65.258
 20
6.535
 10
64.684
 20
6.388
 10
64.092
 20
6.196
 10
63.48
 20
6.0
 10
62.846
 20
5.854
 10
62.199
 20
5.8
 10
61.549
 20
5.856
 10
61.211
 20
5.933
 10
60.872
 20
6.028
 10
60.283
 20
6.27
 10
59.764
 20
6.536
 10
59.308
 20
6.796
 10
58.9
 20
7.042
 10
58.523
 20
7.282
 10
58.167
 20
7.533
 10
57.829
 20
7.811
 10
57.516
 20
8.131
 10
57.237
 20
8.5
 10
57.003
 20
8.918
 10
56.818
 20
9.379
 10
56.678
 20
9.873
 10
56.565
 20
10.393
 10
56.456
 20
10.948
 10
56.402
 20
11.239
 10
56.335
 20
11.531
 10
56.195
 20
12.102
 10
56.038
 20
12.681
 10
55.899
 20
13.278
 10
55.821
 20
13.892
 10
55.836
 20
14.515
 10
55.947
 20
15.131
 10
56.127
 20
15.731
 10
56.331
 20
16.311
 10
56.512
 20
16.872
 10
56.636
 20
17.417
 10
56.689
 20
17.956
 10
56.673
 20
18.501
 10
56.607
 20
19.06
 10
56.519
 20
19.633
 10
56.437
 20
20.218
 10
56.377
 20
20.806
 10
56.339
 20
21.39
 10
56.307
 20
21.964
 10
56.262
 20
22.531
 10
56.19
 20
23.094
 10
56.093
 20
23.664
 10
55.988
 20
24.245
 10
55.906
 20
24.843
 10
55.883
 20
25.455
 10
55.943
 20
26.072
 10
56.084
 20
26.673
 10
56.173
 20
26.985
 10
56.267
 20
27.284
 10
56.402
 20
27.847
 10
56.455
 20
28.377
 10
56.409
 20
28.865
 10
56.265
 20
29.307
 10
56.034
 20
29.694
 10
55.733
 20
30.021
 10
55.379
 20
30.287
 10
54.989
 20
30.496
 10
54.576
 20
30.658
 10
54.143
 20
30.788
 10
53.691
 20
30.898
 10
53.216
 20
30.991
 10
52.716
 20
31.066
 10
52.181
 20
31.107
 10
51.901
 20
31.105
 10
51.611
 20
31.1
 10
51.025
 20
31.058
 10
50.423
 20
31.012
 10
49.806
 20
30.991
 10
49.179
 20
31.023
 10
48.551
 20
31.128
 10
47.933
 20
31.294
 10
47.332
 20
31.488
 10
46.752
 20
31.662
 10
46.191
 20
31.773
 10
45.642
 20
31.796
 10
45.089
 20
31.726
 10
44.518
 20
31.58
 10
43.927
 20
31.393
 10
43.316
 20
31.211
 10
42.692
 20
31.078
 10
42.064
 20
31.013
 10
41.443
 20
31.01
 10
40.836
 20
31.043
 10
40.24
 20
31.082
 10
39.65
 20
31.108
 10
39.056
 20
31.12
 10
38.453
 20
31.133
 10
37.84
 20
31.171
 10
37.221
 20
31.253
 10
36.607
 20
31.382
 10
36.005
 20
31.536
 10
35.423
 20
31.676
 10
34.86
 20
31.762
 10
34.308
 20
31.767
 10
33.754
 20
31.682
 10
33.184
 20
31.519
 10
32.593
 20
31.31
 10
31.981
 20
31.106
 10
31.351
 20
30.957
 10
30.714
 20
30.893
 10
30.082
 20
30.917
 10
29.465
 20
30.999
 10
28.865
 20
31.101
 10
28.277
 20
31.192
 10
27.693
 20
31.256
 10
27.104
 20
31.296
 10
26.505
 20
31.33
 10
25.898
 20
31.379
 10
25.289
 20
31.455
 10
24.687
 20
31.552
 10
24.1
 20
31.644
 10
23.529
 20
31.698
 10
22.971
 20
31.686
 10
22.412
 20
31.595
 10
21.84
 20
31.431
 10
21.249
 20
31.224
 10
20.637
 20
31.02
 10
20.005
 20
30.872
 10
19.362
 20
30.82
 10
18.722
 20
30.871
 10
18.1
 20
30.997
 10
17.497
 20
31.153
 10
16.91
 20
31.298
 10
16.334
 20
31.402
 10
15.758
 20
31.46
 10
15.175
 20
31.482
 10
14.58
 20
31.489
 10
13.977
 20
31.504
 10
13.375
 20
31.534
 10
12.78
 20
31.57
 10
12.199
 20
31.588
 10
11.624
 20
31.562
 10
11.341
 20
31.535
 10
11.052
 20
31.491
 10
10.471
 20
31.405
 10
9.888
 20
31.338
 10
9.298
 20
31.329
 10
8.716
 20
31.415
 10
8.167
 20
31.616
 10
7.683
 20
31.933
 10
7.29
 20
32.35
 10
7.003
 20
32.837
 10
6.82
 20
33.362
 10
6.724
 20
33.897
 10
6.688
 20
34.424
 10
6.677
 20
34.94
 10
6.664
 20
35.457
 10
6.635
 20
36.003
 10
6.619
 20
36.285
 10
6.593
 20
36.577
 10
6.544
 20
37.176
 10
6.498
 20
37.781
 10
6.468
 20
38.388
 10
6.451
 20
38.99
 10
6.426
 20
39.58
 10
6.373
 20
40.162
 10
6.277
 20
40.742
 10
6.144
 20
41.331
 10
5.997
 20
41.937
 10
5.878
 20
42.561
 10
5.832
 20
43.202
 10
5.886
 20
43.847
 10
6.036
 20
44.482
 10
6.243
 20
45.098
 97
0
 92
3
 72
0
 73
1
 93
388
 10
7.022
 20
45.498
 10
6.81
 20
44.902
 10
6.614
 20
44.318
 10
6.48
 20
43.753
 10
6.434
 20
43.198
 10
6.474
 20
42.639
 10
6.584
 20
42.063
 10
6.728
 20
41.469
 10
6.866
 20
40.858
 10
6.968
 20
40.238
 10
7.025
 20
39.62
 10
7.051
 20
39.01
 10
7.068
 20
38.412
 10
7.097
 20
37.819
 10
7.142
 20
37.224
 10
7.191
 20
36.629
 10
7.218
 20
36.329
 10
7.234
 20
36.036
 10
7.264
 20
35.481
 10
7.277
 20
34.954
 10
7.287
 20
34.451
 10
7.321
 20
33.97
 10
7.402
 20
33.514
 10
7.55
 20
33.09
 10
7.773
 20
32.713
 10
8.071
 20
32.397
 10
8.438
 20
32.156
 10
8.864
 20
32.0
 10
9.338
 20
31.93
 10
9.85
 20
31.937
 10
10.392
 20
32.0
 10
10.963
 20
32.084
 10
11.268
 20
32.131
 10
11.582
 20
32.16
 10
12.195
 20
32.188
 10
12.808
 20
32.169
 10
13.408
 20
32.133
 10
13.999
 20
32.103
 10
14.591
 20
32.089
 10
15.19
 20
32.082
 10
15.8
 20
32.059
 10
16.418
 20
31.997
 10
17.036
 20
31.885
 10
17.644
 20
31.735
 10
18.235
 20
31.581
 10
18.806
 20
31.466
 10
19.361
 20
31.422
 10
19.912
 20
31.467
 10
20.474
 20
31.598
 10
21.055
 20
31.791
 10
21.658
 20
32.003
 10
22.281
 20
32.181
 10
22.916
 20
32.285
 10
23.551
 20
32.298
 10
24.175
 20
32.24
 10
24.781
 20
32.144
 10
25.374
 20
32.049
 10
25.959
 20
31.976
 10
26.546
 20
31.928
 10
27.141
 20
31.895
 10
27.746
 20
31.853
 10
28.356
 20
31.787
 10
28.962
 20
31.693
 10
29.555
 20
31.592
 10
30.133
 20
31.515
 10
30.695
 20
31.495
 10
31.252
 20
31.55
 10
31.816
 20
31.684
 10
32.398
 20
31.878
 10
33.001
 20
32.09
 10
33.625
 20
32.269
 10
34.265
 20
32.367
 10
34.908
 20
32.361
 10
35.538
 20
32.265
 10
36.15
 20
32.119
 10
36.743
 20
31.967
 10
37.322
 20
31.845
 10
37.898
 20
31.768
 10
38.478
 20
31.733
 10
39.069
 20
31.72
 10
39.669
 20
31.708
 10
40.273
 20
31.681
 10
40.872
 20
31.642
 10
41.458
 20
31.61
 10
42.032
 20
31.613
 10
42.598
 20
31.671
 10
43.168
 20
31.793
 10
43.751
 20
31.966
 10
44.353
 20
32.157
 10
44.977
 20
32.317
 10
45.617
 20
32.397
 10
46.262
 20
32.371
 10
46.896
 20
32.245
 10
47.51
 20
32.061
 10
48.103
 20
31.87
 10
48.679
 20
31.715
 10
49.244
 20
31.621
 10
49.811
 20
31.591
 10
50.389
 20
31.612
 10
50.981
 20
31.656
 10
51.584
 20
31.699
 10
51.893
 20
31.705
 10
52.203
 20
31.707
 10
52.783
 20
31.662
 10
53.319
 20
31.583
 10
53.82
 20
31.484
 10
54.3
 20
31.368
 10
54.772
 20
31.226
 10
55.242
 20
31.041
 10
55.703
 20
30.794
 10
56.137
 20
30.468
 10
56.518
 20
30.055
 10
56.815
 20
29.556
 10
57.0
 20
28.988
 10
57.057
 20
28.375
 10
56.995
 20
27.747
 10
56.846
 20
27.124
 10
56.748
 20
26.813
 10
56.665
 20
26.522
 10
56.537
 20
25.974
 10
56.484
 20
25.437
 10
56.504
 20
24.895
 10
56.581
 20
24.339
 10
56.684
 20
23.767
 10
56.784
 20
23.183
 10
56.859
 20
22.592
 10
56.906
 20
22.005
 10
56.938
 20
21.426
 10
56.975
 20
20.856
 10
57.033
 20
20.29
 10
57.113
 20
19.721
 10
57.202
 20
19.14
 10
57.272
 20
18.545
 10
57.29
 20
17.936
 10
57.23
 20
17.321
 10
57.091
 20
16.713
 10
56.9
 20
16.119
 10
56.698
 20
15.546
 10
56.532
 20
14.992
 10
56.435
 20
14.454
 10
56.422
 20
13.923
 10
56.49
 20
13.384
 10
56.62
 20
12.827
 10
56.776
 20
12.252
 10
56.919
 20
11.67
 10
56.989
 20
11.361
 10
57.045
 20
11.061
 10
57.153
 20
10.515
 10
57.26
 20
10.018
 10
57.387
 20
9.573
 10
57.545
 20
9.177
 10
57.74
 20
8.829
 10
57.971
 20
8.523
 10
58.235
 20
8.254
 10
58.531
 20
8.011
 10
58.857
 20
7.781
 10
59.216
 20
7.552
 10
59.612
 20
7.313
 10
60.049
 20
7.064
 10
60.534
 20
6.816
 10
61.068
 20
6.596
 10
61.358
 20
6.515
 10
61.641
 20
6.451
 10
62.201
 20
6.402
 10
62.754
 20
6.448
 10
63.32
 20
6.579
 10
63.908
 20
6.767
 10
64.516
 20
6.965
 10
65.142
 20
7.124
 10
65.776
 20
7.213
 10
66.406
 20
7.228
 10
67.023
 20
7.189
 10
67.627
 20
7.132
 10
68.221
 20
7.082
 10
68.813
 20
7.05
 10
69.413
 20
7.029
 10
70.023
 20
6.998
 10
70.633
 20
6.935
 10
70.944
 20
6.896
 10
71.251
 20
6.849
 10
71.822
 20
6.783
 10
72.361
 20
6.765
 10
72.86
 20
6.816
 10
73.31
 20
6.95
 10
73.702
 20
7.166
 10
74.027
 20
7.458
 10
74.279
 20
7.81
 10
74.457
 20
8.206
 10
74.57
 20
8.633
 10
74.635
 20
9.08
 10
74.677
 20
9.545
 10
74.725
 20
10.03
 10
74.8
 20
10.54
 10
74.909
 20
11.084
 10
74.968
 20
11.371
 10
75.034
 20
11.665
 10
75.151
 20
12.251
 10
75.249
 20
12.835
 10
75.314
 20
13.416
 10
75.354
 20
14.004
 10
75.385
 20
14.601
 10
75.429
 20
15.206
 10
75.496
 20
15.812
 10
75.577
 20
16.41
 10
75.647
 20
16.993
 10
75.673
 20
17.561
 10
75.634
 20
18.121
 10
75.519
 20
18.684
 10
75.341
 20
19.261
 10
75.133
 20
19.858
 10
74.946
 20
20.477
 10
74.83
 20
21.114
 10
74.817
 20
21.758
 10
74.904
 20
22.393
 10
75.056
 20
23.01
 10
75.225
 20
23.607
 10
75.371
 20
24.188
 10
75.468
 20
24.76
 10
75.513
 20
25.333
 10
75.521
 20
25.916
 10
75.514
 20
26.511
 10
75.514
 20
27.112
 10
75.529
 20
27.714
 10
75.547
 20
28.306
 10
75.546
 20
28.887
 10
75.502
 20
29.457
 10
75.403
 20
30.027
 10
75.251
 20
30.607
 10
75.073
 20
31.203
 10
74.911
 20
31.82
 10
74.814
 20
32.456
 10
74.819
 20
33.1
 10
74.928
 20
33.738
 10
75.11
 20
34.357
 10
75.313
 20
34.955
 10
75.489
 20
35.533
 10
75.604
 20
36.098
 10
75.648
 20
36.66
 10
75.63
 20
37.229
 10
75.572
 20
37.814
 10
75.505
 20
38.412
 10
75.451
 20
39.017
 10
75.417
 20
39.62
 10
75.391
 20
40.215
 10
75.351
 20
40.799
 10
75.279
 20
41.379
 10
75.171
 20
41.962
 10
75.04
 20
42.557
 10
74.921
 20
43.169
 10
74.854
 20
43.8
 10
74.876
 20
44.44
 10
74.995
 20
45.076
 10
75.184
 20
45.689
 10
75.284
 20
45.994
 10
75.378
 20
46.289
 10
75.493
 20
46.845
 10
75.508
 20
47.364
 10
75.419
 20
47.841
 10
75.238
 20
48.27
 10
74.981
 20
48.646
 10
74.668
 20
48.966
 10
74.316
 20
49.233
 10
73.938
 20
49.454
 10
73.541
 20
49.639
 10
73.125
 20
49.796
 10
72.688
 20
49.929
 10
72.224
 20
50.034
 10
71.73
 20
50.101
 10
71.199
 20
50.116
 10
70.919
 20
50.096
 10
70.628
 20
50.072
 10
70.034
 20
50.001
 10
69.419
 20
49.951
 10
68.792
 20
49.955
 10
68.16
 20
50.037
 10
67.536
 20
50.195
 10
66.93
 20
50.395
 10
66.344
 20
50.59
 10
65.779
 20
50.733
 10
65.229
 20
50.793
 10
64.679
 20
50.761
 10
64.115
 20
50.647
 10
63.531
 20
50.482
 10
62.928
 20
50.308
 10
62.31
 20
50.167
 10
61.687
 20
50.083
 10
61.069
 20
50.057
 10
60.463
 20
50.065
 10
59.867
 20
50.081
 10
59.277
 20
50.086
 10
58.684
 20
50.078
 10
58.081
 20
50.072
 10
57.467
 20
50.092
 10
56.845
 20
50.164
 10
56.227
 20
50.292
 10
55.621
 20
50.458
 10
55.033
 20
50.624
 10
54.465
 20
50.746
 10
53.913
 20
50.791
 10
53.364
 20
50.745
 10
52.802
 20
50.613
 10
52.22
 20
50.422
 10
51.617
 20
50.217
 10
50.996
 20
50.047
 10
50.364
 20
49.95
 10
49.733
 20
49.935
 10
49.115
 20
49.983
 10
48.512
 20
50.059
 10
47.921
 20
50.133
 10
47.335
 20
50.186
 10
46.745
 20
50.22
 10
46.145
 20
50.252
 10
45.537
 20
50.302
 10
44.925
 20
50.386
 10
44.32
 20
50.501
 10
43.729
 20
50.62
 10
43.156
 20
50.709
 10
42.598
 20
50.735
 10
42.045
 20
50.679
 10
41.482
 20
50.543
 10
40.9
 20
50.346
 10
40.298
 20
50.132
 10
39.675
 20
49.953
 10
39.037
 20
49.854
 10
38.398
 20
49.855
 10
37.77
 20
49.94
 10
37.162
 20
50.071
 10
36.57
 20
50.205
 10
35.99
 20
50.312
 10
35.412
 20
50.379
 10
34.828
 20
50.415
 10
34.233
 20
50.438
 10
33.63
 20
50.469
 10
33.027
 20
50.519
 10
32.431
 20
50.579
 10
31.849
 20
50.626
 10
31.281
 20
50.631
 10
30.719
 20
50.573
 10
30.152
 20
50.445
 10
29.571
 20
50.264
 10
28.969
 20
50.064
 10
28.347
 20
49.895
 10
27.707
 20
49.807
 10
27.064
 20
49.826
 10
26.431
 20
49.941
 10
25.819
 20
50.114
 10
25.226
 20
50.294
 10
24.65
 20
50.441
 10
24.083
 20
50.531
 10
23.513
 20
50.565
 10
22.932
 20
50.556
 10
22.339
 20
50.531
 10
21.738
 20
50.511
 10
21.136
 20
50.505
 10
20.543
 20
50.506
 10
19.961
 20
50.491
 10
19.388
 20
50.437
 10
18.815
 20
50.334
 10
18.232
 20
50.187
 10
17.632
 20
50.022
 10
17.013
 20
49.883
 10
16.376
 20
49.815
 10
15.733
 20
49.849
 10
15.099
 20
49.982
 10
14.485
 20
50.179
 10
13.892
 20
50.386
 10
13.318
 20
50.557
 10
12.758
 20
50.659
 10
12.199
 20
50.685
 10
11.63
 20
50.645
 10
11.336
 20
50.599
 10
11.036
 20
50.547
 10
10.484
 20
50.409
 10
9.972
 20
50.251
 10
9.505
 20
50.078
 10
9.085
 20
49.885
 10
8.715
 20
49.665
 10
8.398
 20
49.411
 10
8.135
 20
49.121
 10
7.926
 20
48.795
 10
7.767
 20
48.435
 10
7.652
 20
48.04
 10
7.563
 20
47.612
 10
7.479
 20
47.147
 10
7.371
 20
46.643
 10
7.22
 20
46.097
 10
7.128
 20
45.801
 10
7.022
 20
45.498
 97
0
 75
0
 76
1
 98
0
  0
HATCH
  5
C4
330
17
100
AcDbEntity
  8
RASTER
 62
7
100
AcDbHatch
 10
0.0
 20
0.0
 30
0.0
210
0.0
220
0.0
230
1.0
  2
SOLID
 70
1
 71
0
 91
2
 92
3
 72
0
 73
1
 93
346
 10
9.098
 20
42.659
 10
9.16
 20
42.965
 10
9.217
 20
43.273
 10
9.343
 20
43.847
 10
9.48
 20
44.385
 10
9.648
 20
44.892
 10
9.863
 20
45.363
 10
10.134
 20
45.786
 10
10.459
 20
46.15
 10
10.826
 20
46.448
 10
11.219
 20
46.682
 10
11.622
 20
46.866
 10
12.027
 20
47.021
 10
12.437
 20
47.172
 10
12.868
 20
47.344
 10
13.343
 20
47.551
 10
13.885
 20
47.79
 10
14.188
 20
47.909
 10
14.502
 20
48.028
 10
15.125
 20
48.216
 10
15.759
 20
48.332
 10
16.397
 20
48.353
 10
17.026
 20
48.287
 10
17.638
 20
48.168
 10
18.232
 20
48.04
 10
18.813
 20
47.934
 10
19.391
 20
47.866
 10
19.975
 20
47.829
 10
20.57
 20
47.806
 10
21.174
 20
47.771
 10
21.78
 20
47.712
 10
22.38
 20
47.633
 10
22.966
 20
47.558
 10
23.536
 20
47.519
 10
24.095
 20
47.543
 10
24.656
 20
47.642
 10
25.229
 20
47.808
 10
25.821
 20
48.011
 10
26.434
 20
48.205
 10
27.065
 20
48.339
 10
27.706
 20
48.378
 10
28.34
 20
48.321
 10
28.958
 20
48.195
 10
29.557
 20
48.046
 10
30.14
 20
47.915
 10
30.715
 20
47.823
 10
31.292
 20
47.774
 10
31.878
 20
47.754
 10
32.476
 20
47.74
 10
33.081
 20
47.709
 10
33.684
 20
47.658
 10
34.276
 20
47.6
 10
34.853
 20
47.563
 10
35.418
 20
47.576
 10
35.98
 20
47.655
 10
36.55
 20
47.801
 10
37.137
 20
47.993
 10
37.744
 20
48.187
 10
38.372
 20
48.335
 10
39.012
 20
48.393
 10
39.651
 20
48.349
 10
40.276
 20
48.223
 10
40.88
 20
48.06
 10
41.466
 20
47.904
 10
42.04
 20
47.787
 10
42.611
 20
47.722
 10
43.19
 20
47.7
 10
43.78
 20
47.7
 10
44.381
 20
47.698
 10
44.985
 20
47.676
 10
45.583
 20
47.641
 10
46.168
 20
47.611
 10
46.74
 20
47.617
 10
47.304
 20
47.678
 10
47.873
 20
47.803
 10
48.456
 20
47.977
 10
49.058
 20
48.166
 10
49.68
 20
48.321
 10
50.319
 20
48.397
 10
50.961
 20
48.37
 10
51.59
 20
48.25
 10
52.201
 20
48.078
 10
52.791
 20
47.901
 10
53.366
 20
47.761
 10
53.933
 20
47.677
 10
54.504
 20
47.647
 10
55.087
 20
47.656
 10
55.682
 20
47.677
 10
56.285
 20
47.686
 10
56.887
 20
47.677
 10
57.479
 20
47.662
 10
58.059
 20
47.665
 10
58.629
 20
47.711
 10
59.198
 20
47.813
 10
59.778
 20
47.965
 10
60.374
 20
48.142
 10
60.991
 20
48.3
 10
61.626
 20
48.39
 10
62.268
 20
48.381
 10
62.902
 20
48.273
 10
63.518
 20
48.098
 10
64.114
 20
47.907
 10
64.691
 20
47.744
 10
65.256
 20
47.639
 10
65.821
 20
47.598
 10
66.396
 20
47.609
 10
66.985
 20
47.648
 10
67.586
 20
47.686
 10
67.896
 20
47.69
 10
68.206
 20
47.688
 10
68.785
 20
47.632
 10
69.317
 20
47.539
 10
69.809
 20
47.426
 10
70.276
 20
47.301
 10
70.733
 20
47.157
 10
71.189
 20
46.98
 10
71.644
 20
46.749
 10
72.084
 20
46.444
 10
72.483
 20
46.055
 10
72.812
 20
45.578
 10
73.038
 20
45.023
 10
73.14
 20
44.413
 10
73.113
 20
43.777
 10
72.984
 20
43.142
 10
72.888
 20
42.819
 10
72.801
 20
42.519
 10
72.65
 20
41.944
 10
72.567
 20
41.383
 10
72.552
 20
40.819
 10
72.591
 20
40.243
 10
72.654
 20
39.652
 10
72.712
 20
39.049
 10
72.748
 20
38.443
 10
72.767
 20
37.844
 10
72.787
 20
37.255
 10
72.833
 20
36.677
 10
72.92
 20
36.101
 10
73.047
 20
35.518
 10
73.191
 20
34.92
 10
73.315
 20
34.303
 10
73.373
 20
33.669
 10
73.337
 20
33.029
 10
73.205
 20
32.396
 10
73.011
 20
31.782
 10
72.806
 20
31.189
 10
72.637
 20
30.616
 10
72.535
 20
30.055
 10
72.51
 20
29.497
 10
72.549
 20
28.928
 10
72.628
 20
28.343
 10
72.713
 20
27.744
 10
72.779
 20
27.137
 10
72.818
 20
26.531
 10
72.843
 20
25.934
 10
72.878
 20
25.349
 10
72.942
 20
24.77
 10
73.042
 20
24.188
 10
73.165
 20
23.595
 10
73.281
 20
22.984
 10
73.347
 20
22.356
 10
73.327
 20
21.718
 10
73.213
 20
21.083
 10
73.028
 20
20.465
 10
72.818
 20
19.866
 10
72.634
 20
19.289
 10
72.514
 20
18.728
 10
72.473
 20
18.173
 10
72.509
 20
17.611
 10
72.597
 20
17.033
 10
72.706
 20
16.437
 10
72.801
 20
15.83
 10
72.865
 20
15.22
 10
72.901
 20
14.611
 10
72.905
 20
14.301
 10
72.91
 20
13.99
 10
72.893
 20
13.404
 10
72.856
 20
12.842
 10
72.791
 20
12.294
 10
72.676
 20
11.756
 10
72.49
 20
11.236
 10
72.215
 20
10.753
 10
71.847
 20
10.334
 10
71.395
 20
10.004
 10
70.88
 20
9.78
 10
70.332
 20
9.664
 10
69.776
 20
9.639
 10
69.229
 20
9.674
 10
68.698
 20
9.727
 10
68.159
 20
9.76
 10
67.895
 20
9.765
 10
67.623
 20
9.748
 10
67.049
 20
9.676
 10
66.461
 20
9.557
 10
65.856
 20
9.428
 10
65.241
 20
9.323
 10
64.62
 20
9.257
 10
64.302
 20
9.248
 10
63.981
 20
9.244
 10
63.386
 20
9.282
 10
62.826
 20
9.351
 10
62.291
 20
9.447
 10
61.773
 20
9.58
 10
61.271
 20
9.766
 10
60.796
 20
10.024
 10
60.369
 20
10.364
 10
60.015
 20
10.788
 10
59.756
 20
11.282
 10
59.604
 20
11.825
 10
59.557
 20
12.391
 10
59.591
 20
12.957
 10
59.668
 20
13.51
 10
59.744
 20
14.064
 10
59.773
 20
14.331
 10
59.778
 20
14.598
 10
59.739
 20
15.162
 10
59.631
 20
15.736
 10
59.485
 20
16.33
 10
59.342
 20
16.941
 10
59.237
 20
17.561
 10
59.179
 20
18.18
 10
59.156
 20
18.791
 10
59.142
 20
19.39
 10
59.115
 20
19.981
 10
59.066
 20
20.573
 10
59.007
 20
21.175
 10
58.964
 20
21.792
 10
58.973
 20
22.422
 10
59.058
 20
23.056
 10
59.215
 20
23.683
 10
59.412
 20
24.292
 10
59.602
 20
24.881
 10
59.738
 20
25.45
 10
59.791
 20
26.005
 10
59.755
 20
26.561
 10
59.64
 20
27.131
 10
59.481
 20
27.722
 10
59.319
 20
28.332
 10
59.193
 20
28.953
 10
59.124
 20
29.569
 10
59.098
 20
29.876
 10
59.082
 20
30.166
 10
59.027
 20
30.7
 10
58.936
 20
31.181
 10
58.802
 20
31.611
 10
58.626
 20
31.995
 10
58.416
 20
32.339
 10
58.181
 20
32.651
 10
57.925
 20
32.944
 10
57.65
 20
33.231
 10
57.349
 20
33.52
 10
57.015
 20
33.817
 10
56.637
 20
34.113
 10
56.206
 20
34.39
 10
55.722
 20
34.619
 10
55.19
 20
34.763
 10
54.904
 20
34.789
 10
54.625
 20
34.791
 10
54.062
 20
34.712
 10
53.487
 20
34.563
 10
52.891
 20
34.384
 10
52.278
 20
34.218
 10
51.655
 20
34.104
 10
51.031
 20
34.052
 10
50.416
 20
34.05
 10
49.815
 20
34.07
 10
49.224
 20
34.085
 10
48.635
 20
34.082
 10
48.038
 20
34.066
 10
47.429
 20
34.06
 10
46.809
 20
34.092
 10
46.185
 20
34.184
 10
45.568
 20
34.332
 10
44.966
 20
34.509
 10
44.383
 20
34.67
 10
43.821
 20
34.774
 10
43.27
 20
34.794
 10
42.716
 20
34.724
 10
42.145
 20
34.579
 10
41.554
 20
34.39
 10
40.944
 20
34.206
 10
40.32
 20
34.07
 10
39.691
 20
34.004
 10
39.069
 20
34.002
 10
38.462
 20
34.037
 10
37.867
 20
34.078
 10
37.278
 20
34.103
 10
36.687
 20
34.11
 10
36.085
 20
34.114
 10
35.472
 20
34.14
 10
34.851
 20
34.212
 10
34.234
 20
34.337
 10
33.628
 20
34.495
 10
33.041
 20
34.649
 10
32.474
 20
34.757
 10
31.921
 20
34.788
 10
31.368
 20
34.73
 10
30.802
 20
34.591
 10
30.215
 20
34.399
 10
29.608
 20
34.201
 10
28.985
 20
34.045
 10
28.353
 20
33.961
 10
27.725
 20
33.955
 10
27.11
 20
34.001
 10
26.51
 20
34.065
 10
25.921
 20
34.12
 10
25.334
 20
34.152
 10
24.739
 20
34.169
 10
24.133
 20
34.193
 10
23.518
 20
34.248
 10
22.901
 20
34.347
 10
22.293
 20
34.484
 10
21.701
 20
34.625
 10
21.129
 20
34.733
 10
20.572
 20
34.773
 10
20.019
 20
34.727
 10
19.456
 20
34.598
 10
18.874
 20
34.408
 10
18.271
 20
34.201
 10
17.649
 20
34.028
 10
17.015
 20
33.927
 10
16.382
 20
33.912
 10
15.761
 20
33.964
 10
15.156
 20
34.049
 10
14.556
 20
34.132
 10
14.254
 20
34.175
 10
13.944
 20
34.212
 10
13.36
 20
34.307
 10
12.806
 20
34.433
 10
12.287
 20
34.611
 10
11.815
 20
34.852
 10
11.403
 20
35.153
 10
11.061
 20
35.502
 10
10.787
 20
35.879
 10
10.572
 20
36.264
 10
10.392
 20
36.646
 10
10.225
 20
37.026
 10
10.044
 20
37.416
 10
9.832
 20
37.84
 10
9.585
 20
38.321
 10
9.323
 20
38.875
 10
9.203
 20
39.19
 10
9.09
 20
39.513
 10
8.938
 20
40.15
 10
8.874
 20
40.791
 10
8.899
 20
41.427
 10
8.987
 20
42.048
 97
0
 92
3
 72
0
 73
1
 93
347
 10
9.687
 20
42.545
 10
9.579
 20
41.952
 10
9.497
 20
41.373
 10
9.475
 20
40.809
 10
9.531
 20
40.25
 10
9.667
 20
39.682
 10
9.766
 20
39.396
 10
9.875
 20
39.111
 10
10.123
 20
38.586
 10
10.367
 20
38.111
 10
10.584
 20
37.677
 10
10.771
 20
37.273
 10
10.938
 20
36.895
 10
11.106
 20
36.538
 10
11.294
 20
36.203
 10
11.52
 20
35.891
 10
11.797
 20
35.609
 10
12.13
 20
35.365
 10
12.522
 20
35.165
 10
12.971
 20
35.011
 10
13.475
 20
34.896
 10
14.028
 20
34.806
 10
14.332
 20
34.77
 10
14.64
 20
34.726
 10
15.238
 20
34.643
 10
15.828
 20
34.561
 10
16.4
 20
34.512
 10
16.961
 20
34.526
 10
17.521
 20
34.615
 10
18.093
 20
34.775
 10
18.684
 20
34.977
 10
19.296
 20
35.176
 10
19.927
 20
35.321
 10
20.568
 20
35.374
 10
21.206
 20
35.329
 10
21.827
 20
35.212
 10
22.429
 20
35.068
 10
23.015
 20
34.937
 10
23.593
 20
34.843
 10
24.171
 20
34.792
 10
24.759
 20
34.769
 10
25.359
 20
34.752
 10
25.965
 20
34.718
 10
26.57
 20
34.662
 10
27.165
 20
34.598
 10
27.744
 20
34.555
 10
28.31
 20
34.561
 10
28.872
 20
34.635
 10
29.442
 20
34.778
 10
30.029
 20
34.969
 10
30.637
 20
35.168
 10
31.265
 20
35.322
 10
31.906
 20
35.39
 10
32.547
 20
35.354
 10
33.174
 20
35.235
 10
33.781
 20
35.076
 10
34.369
 20
34.922
 10
34.946
 20
34.805
 10
35.519
 20
34.739
 10
36.1
 20
34.714
 10
36.692
 20
34.71
 10
37.295
 20
34.703
 10
37.9
 20
34.677
 10
38.5
 20
34.635
 10
39.086
 20
34.602
 10
39.658
 20
34.603
 10
40.224
 20
34.663
 10
40.793
 20
34.788
 10
41.377
 20
34.963
 10
41.98
 20
35.155
 10
42.604
 20
35.315
 10
43.243
 20
35.395
 10
43.887
 20
35.372
 10
44.518
 20
35.255
 10
45.13
 20
35.086
 10
45.722
 20
34.912
 10
46.299
 20
34.774
 10
46.869
 20
34.69
 10
47.442
 20
34.66
 10
48.027
 20
34.666
 10
48.625
 20
34.682
 10
49.23
 20
34.685
 10
49.833
 20
34.67
 10
50.425
 20
34.65
 10
51.005
 20
34.652
 10
51.575
 20
34.699
 10
52.146
 20
34.804
 10
52.727
 20
34.961
 10
53.325
 20
35.141
 10
53.944
 20
35.301
 10
54.585
 20
35.391
 10
54.933
 20
35.389
 10
55.296
 20
35.356
 10
55.93
 20
35.184
 10
56.498
 20
34.916
 10
56.985
 20
34.603
 10
57.4
 20
34.278
 10
57.757
 20
33.961
 10
58.074
 20
33.655
 10
58.368
 20
33.349
 10
58.647
 20
33.029
 10
58.913
 20
32.676
 10
59.157
 20
32.278
 10
59.363
 20
31.827
 10
59.52
 20
31.327
 10
59.621
 20
30.787
 10
59.68
 20
30.213
 10
59.696
 20
29.917
 10
59.721
 20
29.628
 10
59.786
 20
29.047
 10
59.903
 20
28.468
 10
60.06
 20
27.878
 10
60.225
 20
27.269
 10
60.351
 20
26.639
 10
60.393
 20
25.995
 10
60.331
 20
25.35
 10
60.18
 20
24.719
 10
59.983
 20
24.108
 10
59.792
 20
23.517
 10
59.648
 20
22.944
 10
59.573
 20
22.378
 10
59.564
 20
21.808
 10
59.605
 20
21.225
 10
59.664
 20
20.627
 10
59.714
 20
20.019
 10
59.742
 20
19.41
 10
59.756
 20
18.809
 10
59.778
 20
18.22
 10
59.832
 20
17.639
 10
59.931
 20
17.059
 10
60.068
 20
16.47
 10
60.217
 20
15.864
 10
60.336
 20
15.238
 10
60.378
 20
14.613
 10
60.372
 20
14.293
 10
60.339
 20
13.991
 10
60.263
 20
13.428
 10
60.189
 20
12.897
 10
60.158
 20
12.398
 10
60.197
 20
11.931
 10
60.317
 20
11.504
 10
60.516
 20
11.123
 10
60.791
 20
10.796
 10
61.129
 20
10.526
 10
61.52
 20
10.314
 10
61.952
 20
10.153
 10
62.419
 20
10.034
 10
62.916
 20
9.944
 10
63.442
 20
9.879
 10
63.996
 20
9.844
 10
64.289
 20
9.848
 10
64.579
 20
9.857
 10
65.159
 20
9.918
 10
65.744
 20
10.017
 10
66.339
 20
10.144
 10
66.951
 20
10.268
 10
67.567
 20
10.346
 10
67.881
 20
10.366
 10
68.183
 20
10.36
 10
68.746
 20
10.325
 10
69.278
 20
10.272
 10
69.781
 20
10.24
 10
70.256
 20
10.261
 10
70.696
 20
10.354
 10
71.094
 20
10.528
 10
71.439
 20
10.78
 10
71.724
 20
11.103
 10
71.943
 20
11.487
 10
72.098
 20
11.92
 10
72.198
 20
12.393
 10
72.259
 20
12.898
 10
72.293
 20
13.432
 10
72.31
 20
13.994
 10
72.305
 20
14.292
 10
72.301
 20
14.589
 10
72.267
 20
15.171
 10
72.206
 20
15.753
 10
72.114
 20
16.337
 10
72.006
 20
16.933
 10
71.911
 20
17.547
 10
71.872
 20
18.176
 10
71.918
 20
18.813
 10
72.053
 20
19.443
 10
72.249
 20
20.057
 10
72.457
 20
20.65
 10
72.628
 20
21.223
 10
72.729
 20
21.78
 10
72.746
 20
22.334
 10
72.687
 20
22.897
 10
72.577
 20
23.478
 10
72.453
 20
24.076
 10
72.348
 20
24.686
 10
72.28
 20
25.298
 10
72.244
 20
25.904
 10
72.219
 20
26.499
 10
72.181
 20
27.085
 10
72.118
 20
27.669
 10
72.033
 20
28.261
 10
71.952
 20
28.867
 10
71.909
 20
29.49
 10
71.938
 20
30.123
 10
72.053
 20
30.755
 10
72.235
 20
31.372
 10
72.442
 20
31.971
 10
72.623
 20
32.548
 10
72.74
 20
33.108
 10
72.772
 20
33.659
 10
72.72
 20
34.216
 10
72.605
 20
34.791
 10
72.462
 20
35.384
 10
72.33
 20
35.993
 10
72.237
 20
36.608
 10
72.188
 20
37.221
 10
72.167
 20
37.824
 10
72.149
 20
38.416
 10
72.113
 20
39.002
 10
72.057
 20
39.591
 10
71.993
 20
40.191
 10
71.952
 20
40.807
 10
71.968
 20
41.434
 10
72.061
 20
42.065
 10
72.223
 20
42.679
 10
72.312
 20
42.987
 10
72.401
 20
43.287
 10
72.516
 20
43.85
 10
72.538
 20
44.376
 10
72.457
 20
44.859
 10
72.281
 20
45.291
 10
72.023
 20
45.666
 10
71.701
 20
45.98
 10
71.336
 20
46.232
 10
70.944
 20
46.431
 10
70.534
 20
46.591
 10
70.108
 20
46.725
 10
69.664
 20
46.844
 10
69.198
 20
46.951
 10
68.705
 20
47.037
 10
68.175
 20
47.088
 10
67.897
 20
47.09
 10
67.609
 20
47.087
 10
67.024
 20
47.049
 10
66.422
 20
47.009
 10
65.806
 20
46.997
 10
65.18
 20
47.043
 10
64.554
 20
47.159
 10
63.94
 20
47.332
 10
63.345
 20
47.524
 10
62.77
 20
47.687
 10
62.213
 20
47.782
 10
61.664
 20
47.79
 10
61.108
 20
47.71
 10
60.534
 20
47.564
 10
59.939
 20
47.387
 10
59.328
 20
47.226
 10
58.706
 20
47.115
 10
58.085
 20
47.065
 10
57.473
 20
47.062
 10
56.875
 20
47.077
 10
56.285
 20
47.086
 10
55.697
 20
47.077
 10
55.102
 20
47.056
 10
54.493
 20
47.047
 10
53.874
 20
47.079
 10
53.25
 20
47.172
 10
52.634
 20
47.322
 10
52.033
 20
47.501
 10
51.452
 20
47.665
 10
50.891
 20
47.772
 10
50.342
 20
47.796
 10
49.789
 20
47.73
 10
49.221
 20
47.588
 10
48.632
 20
47.403
 10
48.023
 20
47.221
 10
47.401
 20
47.085
 10
46.775
 20
47.017
 10
46.156
 20
47.011
 10
45.55
 20
47.042
 10
44.957
 20
47.077
 10
44.369
 20
47.098
 10
43.779
 20
47.1
 10
43.179
 20
47.1
 10
42.566
 20
47.124
 10
41.946
 20
47.194
 10
41.329
 20
47.319
 10
40.725
 20
47.48
 10
40.138
 20
47.639
 10
39.571
 20
47.753
 10
39.019
 20
47.791
 10
38.468
 20
47.741
 10
37.905
 20
47.609
 10
37.321
 20
47.422
 10
36.718
 20
47.225
 10
36.097
 20
47.066
 10
35.467
 20
46.977
 10
34.841
 20
46.963
 10
34.227
 20
47.002
 10
33.629
 20
47.061
 10
33.04
 20
47.111
 10
32.454
 20
47.14
 10
31.861
 20
47.154
 10
31.256
 20
47.175
 10
30.642
 20
47.227
 10
30.026
 20
47.325
 10
29.418
 20
47.463
 10
28.826
 20
47.61
 10
28.253
 20
47.726
 10
27.697
 20
47.777
 10
27.146
 20
47.743
 10
26.587
 20
47.624
 10
26.009
 20
47.441
 10
25.41
 20
47.235
 10
24.792
 20
47.056
 10
24.161
 20
46.945
 10
23.529
 20
46.918
 10
22.908
 20
46.96
 10
22.303
 20
47.038
 10
21.712
 20
47.116
 10
21.127
 20
47.173
 10
20.541
 20
47.206
 10
19.944
 20
47.23
 10
19.337
 20
47.268
 10
18.724
 20
47.341
 10
18.115
 20
47.451
 10
17.517
 20
47.58
 10
16.938
 20
47.693
 10
16.376
 20
47.752
 10
15.823
 20
47.734
 10
15.266
 20
47.632
 10
14.695
 20
47.46
 10
14.404
 20
47.349
 10
14.115
 20
47.236
 10
13.584
 20
47.001
 10
13.099
 20
46.79
 10
12.652
 20
46.612
 10
12.238
 20
46.459
 10
11.854
 20
46.312
 10
11.498
 20
46.15
 10
11.171
 20
45.955
 10
10.874
 20
45.715
 10
10.613
 20
45.423
 10
10.391
 20
45.075
 10
10.207
 20
44.673
 10
10.056
 20
44.217
 10
9.927
 20
43.709
 10
9.805
 20
43.155
 10
9.749
 20
42.85
 10
9.687
 20
42.545
 97
0
 75
0
 76
1
 98
0
  0
HATCH
  5
C5
330
17
100
AcDbEntity
  8
RASTER
 62
7
100
AcDbHatch
 10
0.0
 20
0.0
 30
0.0
210
0.0
220
0.0
230
1.0
  2
SOLID
 70
1
 71
0
 91
1
 92
3
 72
0
 73
1
 93
110
 10
15.54
 20
39.435
 10
15.289
 20
39.369
 10
15.058
 20
39.35
 10
14.847
 20
39.379
 10
14.657
 20
39.454
 10
14.486
 20
39.577
 10
14.336
 20
39.747
 10
14.207
 20
39.965
 10
14.097
 20
40.229
 10
14.281
 20
40.149
 10
14.469
 20
40.076
 10
14.661
 20
40.011
 10
14.858
 20
39.953
 10
15.059
 20
39.903
 10
15.264
 20
39.86
 10
15.473
 20
39.825
 10
15.687
 20
39.798
 10
15.693
 20
39.804
 10
15.698
 20
39.81
 10
15.704
 20
39.816
 10
15.71
 20
39.822
 10
15.716
 20
39.827
 10
15.722
 20
39.833
 10
15.5
 20
40.108
 10
15.312
 20
40.396
 10
15.158
 20
40.696
 10
15.038
 20
41.009
 10
14.953
 20
41.335
 10
14.902
 20
41.673
 10
14.884
 20
42.024
 10
14.901
 20
42.387
 10
15.068
 20
42.098
 10
15.23
 20
41.806
 10
15.386
 20
41.51
 10
15.537
 20
41.211
 10
15.682
 20
40.908
 10
15.822
 20
40.602
 10
15.956
 20
40.293
 10
16.085
 20
39.98
 10
16.09
 20
39.98
 10
16.095
 20
39.98
 10
16.1
 20
39.98
 10
16.105
 20
39.98
 10
16.11
 20
39.98
 10
16.115
 20
39.98
 10
16.244
 20
40.293
 10
16.378
 20
40.602
 10
16.518
 20
40.908
 10
16.663
 20
41.211
 10
16.814
 20
41.51
 10
16.97
 20
41.806
 10
17.132
 20
42.098
 10
17.299
 20
42.387
 10
17.316
 20
42.024
 10
17.298
 20
41.673
 10
17.247
 20
41.335
 10
17.162
 20
41.009
 10
17.042
 20
40.696
 10
16.888
 20
40.396
 10
16.7
 20
40.108
 10
16.478
 20
39.833
 10
16.484
 20
39.827
 10
16.49
 20
39.822
 10
16.496
 20
39.816
 10
16.502
 20
39.81
 10
16.507
 20
39.804
 10
16.513
 20
39.798
 10
16.727
 20
39.825
 10
16.936
 20
39.86
 10
17.141
 20
39.903
 10
17.342
 20
39.953
 10
17.539
 20
40.011
 10
17.731
 20
40.076
 10
17.919
 20
40.149
 10
18.103
 20
40.229
 10
17.993
 20
39.965
 10
17.864
 20
39.747
 10
17.714
 20
39.577
 10
17.543
 20
39.454
 10
17.353
 20
39.379
 10
17.142
 20
39.35
 10
16.911
 20
39.369
 10
16.66
 20
39.435
 10
16.644
 20
39.288
 10
16.591
 20
39.15
 10
16.503
 20
39.031
 10
16.387
 20
38.939
 10
16.251
 20
38.881
 10
16.104
 20
38.86
 10
16.105
 20
38.86
 10
16.105
 20
38.86
 10
16.105
 20
38.86
 10
16.105
 20
38.86
 10
16.104
 20
38.86
 10
16.103
 20
38.86
 10
16.102
 20
38.86
 10
16.1
 20
38.86
 10
16.098
 20
38.86
 10
16.097
 20
38.86
 10
16.096
 20
38.86
 10
16.095
 20
38.86
 10
16.095
 20
38.86
 10
16.095
 20
38.86
 10
16.095
 20
38.86
 10
16.096
 20
38.86
 10
15.949
 20
38.881
 10
15.813
 20
38.939
 10
15.697
 20
39.031
 10
15.609
 20
39.15
 10
15.556
 20
39.288
 97
0
 75
0
 76
1
 98
0
  0
HATCH
  5
C6
330
17
100
AcDbEntity
  8
RASTER
 62
7
100
AcDbHatch
 10
0.0
 20
0.0
 30
0.0
210
0.0
220
0.0
230
1.0
  2
SOLID
 70
1
 71
0
 91
1
 92
3
 72
0
 73
1
 93
73
 10
38.921
 20
42.452
 10
38.966
 20
42.334
 10
38.997
 20
42.218
 10
39.014
 20
42.102
 10
39.017
 20
41.986
 10
39.005
 20
41.872
 10
38.98
 20
41.758
 10
38.94
 20
41.645
 10
38.886
 20
41.533
 10
38.821
 20
41.425
 10
38.749
 20
41.321
 10
38.67
 20
41.224
 10
38.584
 20
41.132
 10
38.491
 20
41.046
 10
38.39
 20
40.965
 10
38.282
 20
40.891
 10
38.167
 20
40.821
 10
38.048
 20
40.762
 10
37.927
 20
40.715
 10
37.805
 20
40.681
 10
37.681
 20
40.661
 10
37.556
 20
40.654
 10
37.429
 20
40.66
 10
37.301
 20
40.679
 10
37.171
 20
40.711
 10
37.043
 20
40.752
 10
36.917
 20
40.799
 10
36.796
 20
40.85
 10
36.677
 20
40.905
 10
36.562
 20
40.966
 10
36.45
 20
41.032
 10
36.342
 20
41.102
 10
36.237
 20
41.177
 10
36.141
 20
41.257
 10
36.06
 20
41.343
 10
35.995
 20
41.433
 10
35.946
 20
41.527
 10
35.911
 20
41.627
 10
35.892
 20
41.732
 10
35.888
 20
41.842
 10
35.899
 20
41.956
 10
35.922
 20
42.071
 10
35.954
 20
42.182
 10
35.993
 20
42.289
 10
36.04
 20
42.392
 10
36.096
 20
42.49
 10
36.159
 20
42.585
 10
36.231
 20
42.675
 10
36.311
 20
42.761
 10
36.398
 20
42.843
 10
36.491
 20
42.919
 10
36.589
 20
42.989
 10
36.694
 20
43.054
 10
36.804
 20
43.113
 10
36.921
 20
43.167
 10
37.043
 20
43.215
 10
37.171
 20
43.257
 10
37.302
 20
43.291
 10
37.432
 20
43.312
 10
37.562
 20
43.32
 10
37.691
 20
43.315
 10
37.82
 20
43.298
 10
37.949
 20
43.268
 10
38.077
 20
43.225
 10
38.204
 20
43.17
 10
38.326
 20
43.105
 10
38.439
 20
43.033
 10
38.543
 20
42.954
 10
38.637
 20
42.867
 10
38.722
 20
42.774
 10
38.798
 20
42.674
 10
38.864
 20
42.566
 10
38.921
 20
42.452
 97
0
 75
0
 76
1
 98
0
  0
HATCH
  5
C7
330
17
100
AcDbEntity
  8
RASTER
 62
7
100
AcDbHatch
 10
0.0
 20
0.0
 30
0.0
210
0.0
220
0.0
230
1.0
  2
SOLID
 70
1
 71
0
 91
1
 92
3
 72
0
 73
1
 93
73
 10
40.486
 20
41.648
 10
40.517
 20
41.581
 10
40.54
 20
41.513
 10
40.554
 20
41.446
 10
40.56
 20
41.378
 10
40.557
 20
41.31
 10
40.545
 20
41.242
 10
40.525
 20
41.173
 10
40.496
 20
41.104
 10
40.461
 20
41.038
 10
40.42
 20
40.976
 10
40.375
 20
40.92
 10
40.324
 20
40.868
 10
40.268
 20
40.821
 10
40.208
 20
40.779
 10
40.142
 20
40.741
 10
40.071
 20
40.709
 10
39.997
 20
40.681
 10
39.923
 20
40.657
 10
39.847
 20
40.638
 10
39.77
 20
40.623
 10
39.692
 20
40.612
 10
39.612
 20
40.605
 10
39.532
 20
40.603
 10
39.451
 20
40.605
 10
39.371
 20
40.612
 10
39.294
 20
40.626
 10
39.22
 20
40.647
 10
39.15
 20
40.674
 10
39.083
 20
40.708
 10
39.019
 20
40.749
 10
38.958
 20
40.796
 10
38.901
 20
40.85
 10
38.849
 20
40.907
 10
38.806
 20
40.967
 10
38.771
 20
41.029
 10
38.744
 20
41.093
 10
38.725
 20
41.159
 10
38.715
 20
41.226
 10
38.713
 20
41.296
 10
38.718
 20
41.367
 10
38.73
 20
41.439
 10
38.746
 20
41.511
 10
38.766
 20
41.582
 10
38.789
 20
41.652
 10
38.816
 20
41.722
 10
38.847
 20
41.792
 10
38.882
 20
41.861
 10
38.921
 20
41.929
 10
38.964
 20
41.993
 10
39.014
 20
42.05
 10
39.069
 20
42.1
 10
39.131
 20
42.142
 10
39.199
 20
42.176
 10
39.273
 20
42.203
 10
39.354
 20
42.223
 10
39.44
 20
42.235
 10
39.528
 20
42.24
 10
39.613
 20
42.239
 10
39.696
 20
42.23
 10
39.776
 20
42.216
 10
39.854
 20
42.195
 10
39.929
 20
42.167
 10
40.001
 20
42.133
 10
40.07
 20
42.092
 10
40.137
 20
42.046
 10
40.199
 20
41.998
 10
40.257
 20
41.947
 10
40.311
 20
41.893
 10
40.361
 20
41.836
 10
40.406
 20
41.776
 10
40.448
 20
41.713
 10
40.486
 20
41.648
 97
0
 75
0
 76
1
 98
0
  0
HATCH
  5
C8
330
17
100
AcDbEntity
  8
RASTER
 62
7
100
AcDbHatch
 10
0.0
 20
0.0
 30
0.0
210
0.0
220
0.0
230
1.0
  2
SOLID
 70
1
 71
0
 91
1
 92
3
 72
0
 73
1
 93
73
 10
41.425
 20
40.787
 10
41.442
 20
40.755
 10
41.454
 20
40.723
 10
41.463
 20
40.691
 10
41.466
 20
40.658
 10
41.465
 20
40.625
 10
41.46
 20
40.592
 10
41.45
 20
40.558
 10
41.436
 20
40.524
 10
41.418
 20
40.491
 10
41.398
 20
40.461
 10
41.375
 20
40.432
 10
41.35
 20
40.405
 10
41.323
 20
40.381
 10
41.293
 20
40.358
 10
41.261
 20
40.338
 10
41.226
 20
40.32
 10
41.19
 20
40.304
 10
41.154
 20
40.292
 10
41.117
 20
40.282
 10
41.08
 20
40.276
 10
41.043
 20
40.274
 10
41.005
 20
40.274
 10
40.967
 20
40.278
 10
40.928
 20
40.285
 10
40.891
 20
40.294
 10
40.855
 20
40.306
 10
40.821
 20
40.32
 10
40.789
 20
40.336
 10
40.759
 20
40.354
 10
40.73
 20
40.375
 10
40.703
 20
40.398
 10
40.678
 20
40.423
 10
40.655
 20
40.449
 10
40.636
 20
40.477
 10
40.618
 20
40.505
 10
40.604
 20
40.535
 10
40.593
 20
40.565
 10
40.584
 20
40.596
 10
40.578
 20
40.629
 10
40.575
 20
40.662
 10
40.575
 20
40.695
 10
40.579
 20
40.727
 10
40.586
 20
40.758
 10
40.596
 20
40.788
 10
40.611
 20
40.816
 10
40.629
 20
40.843
 10
40.65
 20
40.869
 10
40.675
 20
40.894
 10
40.702
 20
40.917
 10
40.731
 20
40.938
 10
40.761
 20
40.957
 10
40.793
 20
40.975
 10
40.825
 20
40.99
 10
40.859
 20
41.003
 10
40.894
 20
41.015
 10
40.931
 20
41.024
 10
40.968
 20
41.031
 10
41.005
 20
41.034
 10
41.041
 20
41.034
 10
41.076
 20
41.031
 10
41.111
 20
41.025
 10
41.146
 20
41.015
 10
41.18
 20
41.002
 10
41.214
 20
40.986
 10
41.246
 20
40.967
 10
41.277
 20
40.947
 10
41.306
 20
40.925
 10
41.333
 20
40.901
 10
41.359
 20
40.875
 10
41.382
 20
40.848
 10
41.404
 20
40.818
 10
41.425
 20
40.787
 97
0
 75
0
 76
1
 98
0
  0
HATCH
  5
C9
330
17
100
AcDbEntity
  8
RASTER
 62
7
100
AcDbHatch
 10
0.0
 20
0.0
 30
0.0
210
0.0
220
0.0
230
1.0
  2
SOLID
 70
1
 71
0
 91
1
 92
3
 72
0
 73
1
 93
110
 10
44.54
 20
36.935
 10
44.289
 20
36.869
 10
44.058
 20
36.85
 10
43.847
 20
36.879
 10
43.657
 20
36.954
 10
43.486
 20
37.077
 10
43.336
 20
37.247
 10
43.207
 20
37.465
 10
43.097
 20
37.729
 10
43.281
 20
37.649
 10
43.469
 20
37.576
 10
43.661
 20
37.511
 10
43.858
 20
37.453
 10
44.059
 20
37.403
 10
44.264
 20
37.36
 10
44.473
 20
37.325
 10
44.687
 20
37.298
 10
44.693
 20
37.304
 10
44.698
 20
37.31
 10
44.704
 20
37.316
 10
44.71
 20
37.322
 10
44.716
 20
37.327
 10
44.722
 20
37.333
 10
44.5
 20
37.608
 10
44.312
 20
37.896
 10
44.158
 20
38.196
 10
44.038
 20
38.509
 10
43.953
 20
38.835
 10
43.902
 20
39.173
 10
43.884
 20
39.524
 10
43.901
 20
39.887
 10
44.068
 20
39.598
 10
44.23
 20
39.306
 10
44.386
 20
39.01
 10
44.537
 20
38.711
 10
44.682
 20
38.408
 10
44.822
 20
38.102
 10
44.956
 20
37.793
 10
45.085
 20
37.48
 10
45.09
 20
37.48
 10
45.095
 20
37.48
 10
45.1
 20
37.48
 10
45.105
 20
37.48
 10
45.11
 20
37.48
 10
45.115
 20
37.48
 10
45.244
 20
37.793
 10
45.378
 20
38.102
 10
45.518
 20
38.408
 10
45.663
 20
38.711
 10
45.814
 20
39.01
 10
45.97
 20
39.306
 10
46.132
 20
39.598
 10
46.299
 20
39.887
 10
46.316
 20
39.524
 10
46.298
 20
39.173
 10
46.247
 20
38.835
 10
46.162
 20
38.509
 10
46.042
 20
38.196
 10
45.888
 20
37.896
 10
45.7
 20
37.608
 10
45.478
 20
37.333
 10
45.484
 20
37.327
 10
45.49
 20
37.322
 10
45.496
 20
37.316
 10
45.502
 20
37.31
 10
45.507
 20
37.304
 10
45.513
 20
37.298
 10
45.727
 20
37.325
 10
45.936
 20
37.36
 10
46.141
 20
37.403
 10
46.342
 20
37.453
 10
46.539
 20
37.511
 10
46.731
 20
37.576
 10
46.919
 20
37.649
 10
47.103
 20
37.729
 10
46.993
 20
37.465
 10
46.864
 20
37.247
 10
46.714
 20
37.077
 10
46.543
 20
36.954
 10
46.353
 20
36.879
 10
46.142
 20
36.85
 10
45.911
 20
36.869
 10
45.66
 20
36.935
 10
45.644
 20
36.788
 10
45.591
 20
36.65
 10
45.503
 20
36.531
 10
45.387
 20
36.439
 10
45.251
 20
36.381
 10
45.104
 20
36.36
 10
45.105
 20
36.36
 10
45.105
 20
36.36
 10
45.105
 20
36.36
 10
45.105
 20
36.36
 10
45.104
 20
36.36
 10
45.103
 20
36.36
 10
45.102
 20
36.36
 10
45.1
 20
36.36
 10
45.098
 20
36.36
 10
45.097
 20
36.36
 10
45.096
 20
36.36
 10
45.095
 20
36.36
 10
45.095
 20
36.36
 10
45.095
 20
36.36
 10
45.095
 20
36.36
 10
45.096
 20
36.36
 10
44.949
 20
36.381
 10
44.813
 20
36.439
 10
44.697
 20
36.531
 10
44.609
 20
36.65
 10
44.556
 20
36.788
 97
0
 75
0
 76
1
 98
0
  0
HATCH
  5
CA
330
17
100
AcDbEntity
  8
RASTER
 62
7
100
AcDbHatch
 10
0.0
 20
0.0
 30
0.0
210
0.0
220
0.0
230
1.0
  2
SOLID
 70
1
 71
0
 91
1
 92
3
 72
0
 73
1
 93
110
 10
65.54
 20
39.435
 10
65.289
 20
39.369
 10
65.058
 20
39.35
 10
64.847
 20
39.379
 10
64.657
 20
39.454
 10
64.486
 20
39.577
 10
64.336
 20
39.747
 10
64.207
 20
39.965
 10
64.097
 20
40.229
 10
64.281
 20
40.149
 10
64.469
 20
40.076
 10
64.661
 20
40.011
 10
64.858
 20
39.953
 10
65.059
 20
39.903
 10
65.264
 20
39.86
 10
65.473
 20
39.825
 10
65.687
 20
39.798
 10
65.693
 20
39.804
 10
65.698
 20
39.81
 10
65.704
 20
39.816
 10
65.71
 20
39.822
 10
65.716
 20
39.827
 10
65.722
 20
39.833
 10
65.5
 20
40.108
 10
65.312
 20
40.396
 10
65.158
 20
40.696
 10
65.038
 20
41.009
 10
64.953
 20
41.335
 10
64.902
 20
41.673
 10
64.884
 20
42.024
 10
64.901
 20
42.387
 10
65.068
 20
42.098
 10
65.23
 20
41.806
 10
65.386
 20
41.51
 10
65.537
 20
41.211
 10
65.682
 20
40.908
 10
65.822
 20
40.602
 10
65.956
 20
40.293
 10
66.085
 20
39.98
 10
66.09
 20
39.98
 10
66.095
 20
39.98
 10
66.1
 20
39.98
 10
66.105
 20
39.98
 10
66.11
 20
39.98
 10
66.115
 20
39.98
 10
66.244
 20
40.293
 10
66.378
 20
40.602
 10
66.518
 20
40.908
 10
66.663
 20
41.211
 10
66.814
 20
41.51
 10
66.97
 20
41.806
 10
67.132
 20
42.098
 10
67.299
 20
42.387
 10
67.316
 20
42.024
 10
67.298
 20
41.673
 10
67.247
 20
41.335
 10
67.162
 20
41.009
 10
67.042
 20
40.696
 10
66.888
 20
40.396
 10
66.7
 20
40.108
 10
66.478
 20
39.833
 10
66.484
 20
39.827
 10
66.49
 20
39.822
 10
66.496
 20
39.816
 10
66.502
 20
39.81
 10
66.507
 20
39.804
 10
66.513
 20
39.798
 10
66.727
 20
39.825
 10
66.936
 20
39.86
 10
67.141
 20
39.903
 10
67.342
 20
39.953
 10
67.539
 20
40.011
 10
67.731
 20
40.076
 10
67.919
 20
40.149
 10
68.103
 20
40.229
 10
67.993
 20
39.965
 10
67.864
 20
39.747
 10
67.714
 20
39.577
 10
67.543
 20
39.454
 10
67.353
 20
39.379
 10
67.142
 20
39.35
 10
66.911
 20
39.369
 10
66.66
 20
39.435
 10
66.644
 20
39.288
 10
66.591
 20
39.15
 10
66.503
 20
39.031
 10
66.387
 20
38.939
 10
66.251
 20
38.881
 10
66.104
 20
38.86
 10
66.105
 20
38.86
 10
66.105
 20
38.86
 10
66.105
 20
38.86
 10
66.105
 20
38.86
 10
66.104
 20
38.86
 10
66.103
 20
38.86
 10
66.102
 20
38.86
 10
66.1
 20
38.86
 10
66.098
 20
38.86
 10
66.097
 20
38.86
 10
66.096
 20
38.86
 10
66.095
 20
38.86
 10
66.095
 20
38.86
 10
66.095
 20
38.86
 10
66.095
 20
38.86
 10
66.096
 20
38.86
 10
65.949
 20
38.881
 10
65.813
 20
38.939
 10
65.697
 20
39.031
 10
65.609
 20
39.15
 10
65.556
 20
39.288
 97
0
 75
0
 76
1
 98
0
  0
HATCH
  5
CB
330
17
100
AcDbEntity
  8
RASTER
 62
7
100
AcDbHatch
 10
0.0
 20
0.0
 30
0.0
210
0.0
220
0.0
230
1.0
  2
SOLID
 70
1
 71
0
 91
1
 92
3
 72
0
 73
1
 93
22
 10
65.046
 20
10.396
 10
65.036
 20
10.411
 10
65.001
 20
10.522
 10
64.967
 20
10.634
 10
64.934
 20
10.746
 10
64.903
 20
10.858
 10
64.873
 20
10.969
 10
64.844
 20
11.081
 10
64.816
 20
11.193
 10
64.79
 20
11.305
 10
64.781
 20
11.319
 10
63.423
 20
11.1
 10
63.423
 20
11.07
 10
63.439
 20
10.94
 10
63.458
 20
10.81
 10
63.477
 20
10.681
 10
63.498
 20
10.551
 10
63.521
 20
10.421
 10
63.545
 20
10.291
 10
63.571
 20
10.161
 10
63.598
 20
10.031
 10
63.6
 20
9.997
 97
0
 75
0
 76
1
 98
0
  0
HATCH
  5
CC
330
17
100
AcDbEntity
  8
RASTER
 62
7
100
AcDbHatch
 10
0.0
 20
0.0
 30
0.0
210
0.0
220
0.0
230
1.0
  2
SOLID
 70
1
 71
0
 91
1
 92
3
 72
0
 73
1
 93
22
 10
64.749
 20
11.516
 10
64.741
 20
11.53
 10
64.719
 20
11.642
 10
64.697
 20
11.755
 10
64.678
 20
11.867
 10
64.659
 20
11.98
 10
64.642
 20
12.093
 10
64.626
 20
12.206
 10
64.611
 20
12.319
 10
64.598
 20
12.432
 10
64.59
 20
12.445
 10
63.341
 20
12.388
 10
63.337
 20
12.36
 10
63.339
 20
12.231
 10
63.342
 20
12.103
 10
63.347
 20
11.974
 10
63.353
 20
11.845
 10
63.361
 20
11.716
 10
63.371
 20
11.587
 10
63.381
 20
11.458
 10
63.394
 20
11.328
 10
63.391
 20
11.298
 97
0
 75
0
 76
1
 98
0
  0
HATCH
  5
CD
330
17
100
AcDbEntity
  8
RASTER
 62
7
100
AcDbHatch
 10
0.0
 20
0.0
 30
0.0
210
0.0
220
0.0
230
1.0
  2
SOLID
 70
1
 71
0
 91
1
 92
3
 72
0
 73
1
 93
22
 10
64.581
 20
12.645
 10
64.575
 20
12.659
 10
64.565
 20
12.772
 10
64.557
 20
12.886
 10
64.55
 20
13.0
 10
64.544
 20
13.114
 10
64.54
 20
13.228
 10
64.537
 20
13.342
 10
64.536
 20
13.457
 10
64.535
 20
13.572
 10
64.529
 20
13.587
 10
63.407
 20
13.664
 10
63.4
 20
13.637
 10
63.387
 20
13.51
 10
63.375
 20
13.383
 10
63.365
 20
13.255
 10
63.357
 20
13.128
 10
63.35
 20
13.0
 10
63.344
 20
12.872
 10
63.34
 20
12.744
 10
63.338
 20
12.616
 10
63.332
 20
12.588
 97
0
 75
0
 76
1
 98
0
  0
HATCH
  5
CE
330
17
100
AcDbEntity
  8
RASTER
 62
7
100
AcDbHatch
 10
0.0
 20
0.0
 30
0.0
210
0.0
220
0.0
230
1.0
  2
SOLID
 70
1
 71
0
 91
1
 92
3
 72
0
 73
1
 93
22
 10
64.543
 20
13.786
 10
64.538
 20
13.801
 10
64.542
 20
13.916
 10
64.547
 20
14.032
 10
64.553
 20
14.147
 10
64.561
 20
14.263
 10
64.57
 20
14.378
 10
64.58
 20
14.494
 10
64.592
 20
14.61
 10
64.605
 20
14.726
 10
64.601
 20
14.745
 10
63.618
 20
14.925
 10
63.607
 20
14.899
 10
63.58
 20
14.773
 10
63.554
 20
14.647
 10
63.53
 20
14.522
 10
63.507
 20
14.396
 10
63.485
 20
14.27
 10
63.465
 20
14.143
 10
63.447
 20
14.017
 10
63.43
 20
13.89
 10
63.421
 20
13.863
 97
0
 75
0
 76
1
 98
0
  0
HATCH
  5
CF
330
17
100
AcDbEntity
  8
RASTER
 62
7
100
AcDbHatch
 10
0.0
 20
0.0
 30
0.0
210
0.0
220
0.0
230
1.0
  2
SOLID
 70
1
 71
0
 91
1
 92
3
 72
0
 73
1
 93
22
 10
64.638
 20
14.941
 10
64.635
 20
14.959
 10
64.652
 20
15.076
 10
64.671
 20
15.193
 10
64.691
 20
15.31
 10
64.712
 20
15.428
 10
64.734
 20
15.545
 10
64.758
 20
15.663
 10
64.784
 20
15.78
 10
64.811
 20
15.898
 10
64.81
 20
15.921
 10
63.972
 20
16.171
 10
63.958
 20
16.143
 10
63.916
 20
16.02
 10
63.876
 20
15.896
 10
63.838
 20
15.772
 10
63.801
 20
15.647
 10
63.765
 20
15.523
 10
63.731
 20
15.399
 10
63.698
 20
15.274
 10
63.666
 20
15.149
 10
63.654
 20
15.122
 97
0
 75
0
 76
1
 98
0
  0
HATCH
  5
D0
330
17
100
AcDbEntity
  8
RASTER
 62
7
100
AcDbHatch
 10
0.0
 20
0.0
 30
0.0
210
0.0
220
0.0
230
1.0
  2
SOLID
 70
1
 71
0
 91
1
 92
3
 72
0
 73
1
 93
22
 10
64.867
 20
16.112
 10
64.868
 20
16.135
 10
64.899
 20
16.253
 10
64.931
 20
16.372
 10
64.965
 20
16.491
 10
65.0
 20
16.609
 10
65.037
 20
16.729
 10
65.074
 20
16.848
 10
65.114
 20
16.967
 10
65.154
 20
17.087
 10
65.158
 20
17.114
 10
64.465
 20
17.401
 10
64.447
 20
17.371
 10
64.392
 20
17.249
 10
64.338
 20
17.127
 10
64.286
 20
17.005
 10
64.235
 20
16.882
 10
64.185
 20
16.759
 10
64.137
 20
16.637
 10
64.09
 20
16.514
 10
64.044
 20
16.39
 10
64.029
 20
16.363
 97
0
 75
0
 76
1
 98
0
  0
HATCH
  5
D1
330
17
100
AcDbEntity
  8
RASTER
 62
7
100
AcDbHatch
 10
0.0
 20
0.0
 30
0.0
210
0.0
220
0.0
230
1.0
  2
SOLID
 70
1
 71
0
 91
1
 92
3
 72
0
 73
1
 93
48
 10
65.412
 20
18.1
 10
65.408
 20
18.027
 10
65.393
 20
17.954
 10
65.37
 20
17.885
 10
65.337
 20
17.819
 10
65.296
 20
17.758
 10
65.248
 20
17.702
 10
65.192
 20
17.654
 10
65.131
 20
17.613
 10
65.065
 20
17.58
 10
64.996
 20
17.557
 10
64.923
 20
17.542
 10
64.85
 20
17.537
 10
64.777
 20
17.542
 10
64.704
 20
17.557
 10
64.635
 20
17.58
 10
64.569
 20
17.613
 10
64.508
 20
17.654
 10
64.452
 20
17.702
 10
64.404
 20
17.758
 10
64.363
 20
17.819
 10
64.33
 20
17.885
 10
64.307
 20
17.954
 10
64.292
 20
18.027
 10
64.287
 20
18.1
 10
64.292
 20
18.173
 10
64.307
 20
18.246
 10
64.33
 20
18.315
 10
64.363
 20
18.381
 10
64.404
 20
18.442
 10
64.452
 20
18.498
 10
64.508
 20
18.546
 10
64.569
 20
18.587
 10
64.635
 20
18.62
 10
64.704
 20
18.643
 10
64.777
 20
18.658
 10
64.85
 20
18.662
 10
64.923
 20
18.658
 10
64.996
 20
18.643
 10
65.065
 20
18.62
 10
65.131
 20
18.587
 10
65.192
 20
18.546
 10
65.248
 20
18.498
 10
65.296
 20
18.442
 10
65.337
 20
18.381
 10
65.37
 20
18.315
 10
65.393
 20
18.246
 10
65.408
 20
18.173
 97
0
 75
0
 76
1
 98
0
  0
HATCH
  5
D2
330
17
100
AcDbEntity
  8
RASTER
 62
7
100
AcDbHatch
 10
0.0
 20
0.0
 30
0.0
210
0.0
220
0.0
230
1.0
  2
SOLID
 70
1
 71
0
 91
1
 92
3
 72
0
 73
1
 93
122
 10
64.514
 20
18.666
 10
64.493
 20
18.77
 10
64.459
 20
18.861
 10
64.417
 20
18.946
 10
64.37
 20
19.026
 10
64.318
 20
19.101
 10
64.261
 20
19.172
 10
64.197
 20
19.238
 10
64.129
 20
19.299
 10
64.054
 20
19.355
 10
63.973
 20
19.404
 10
63.887
 20
19.445
 10
63.796
 20
19.479
 10
63.7
 20
19.504
 10
63.601
 20
19.52
 10
63.499
 20
19.526
 10
63.397
 20
19.522
 10
63.295
 20
19.508
 10
63.195
 20
19.485
 10
63.098
 20
19.453
 10
63.004
 20
19.412
 10
62.915
 20
19.365
 10
62.83
 20
19.311
 10
62.749
 20
19.251
 10
62.673
 20
19.187
 10
62.601
 20
19.117
 10
62.533
 20
19.043
 10
62.469
 20
18.965
 10
62.409
 20
18.883
 10
62.352
 20
18.797
 10
62.298
 20
18.708
 10
62.247
 20
18.615
 10
62.199
 20
18.518
 10
62.153
 20
18.419
 10
62.109
 20
18.315
 10
62.068
 20
18.208
 10
62.028
 20
18.098
 10
61.991
 20
17.984
 10
61.955
 20
17.866
 10
61.921
 20
17.745
 10
61.888
 20
17.62
 10
61.857
 20
17.492
 10
61.827
 20
17.36
 10
61.798
 20
17.224
 10
61.771
 20
17.084
 10
61.745
 20
16.941
 10
61.719
 20
16.794
 10
61.695
 20
16.643
 10
61.672
 20
16.488
 10
61.649
 20
16.33
 10
61.627
 20
16.167
 10
61.606
 20
16.001
 10
61.586
 20
15.831
 10
61.566
 20
15.656
 10
61.547
 20
15.478
 10
61.529
 20
15.296
 10
61.511
 20
15.11
 10
61.493
 20
14.92
 10
61.476
 20
14.726
 10
61.459
 20
14.528
 10
61.443
 20
14.326
 10
61.763
 20
14.27
 10
61.817
 20
14.463
 10
61.872
 20
14.652
 10
61.927
 20
14.836
 10
61.982
 20
15.015
 10
62.038
 20
15.19
 10
62.094
 20
15.361
 10
62.15
 20
15.526
 10
62.207
 20
15.687
 10
62.263
 20
15.843
 10
62.32
 20
15.995
 10
62.298
 20
16.162
 10
62.266
 20
16.329
 10
62.315
 20
16.47
 10
62.457
 20
16.58
 10
62.602
 20
16.682
 10
62.658
 20
16.805
 10
62.713
 20
16.923
 10
62.768
 20
17.037
 10
62.823
 20
17.145
 10
62.877
 20
17.249
 10
62.93
 20
17.347
 10
62.983
 20
17.441
 10
63.034
 20
17.53
 10
63.085
 20
17.613
 10
63.135
 20
17.692
 10
63.115
 20
17.8
 10
63.042
 20
17.936
 10
62.991
 20
18.061
 10
63.156
 20
18.056
 10
63.318
 20
18.037
 10
63.401
 20
18.057
 10
63.438
 20
18.1
 10
63.473
 20
18.138
 10
63.505
 20
18.172
 10
63.534
 20
18.201
 10
63.559
 20
18.226
 10
63.581
 20
18.247
 10
63.599
 20
18.264
 10
63.614
 20
18.279
 10
63.625
 20
18.292
 10
63.623
 20
18.324
 10
63.58
 20
18.466
 10
63.557
 20
18.611
 10
63.593
 20
18.57
 10
63.631
 20
18.45
 10
63.647
 20
18.364
 10
63.654
 20
18.38
 10
63.665
 20
18.396
 10
63.681
 20
18.413
 10
63.702
 20
18.429
 10
63.731
 20
18.444
 10
63.766
 20
18.456
 10
63.807
 20
18.465
 10
63.855
 20
18.471
 10
63.909
 20
18.473
 10
63.97
 20
18.472
 10
64.036
 20
18.466
 10
64.109
 20
18.456
 10
64.189
 20
18.443
 10
64.284
 20
18.436
 97
0
 75
0
 76
1
 98
0
  0
HATCH
  5
D3
330
17
100
AcDbEntity
  8
RASTER
 62
7
100
AcDbHatch
 10
0.0
 20
0.0
 30
0.0
210
0.0
220
0.0
230
1.0
  2
SOLID
 70
1
 71
0
 91
1
 92
3
 72
0
 73
1
 93
122
 10
64.899
 20
18.756
 10
64.94
 20
18.867
 10
64.96
 20
18.975
 10
64.972
 20
19.08
 10
64.977
 20
19.183
 10
64.975
 20
19.284
 10
64.965
 20
19.384
 10
64.948
 20
19.483
 10
64.922
 20
19.58
 10
64.888
 20
19.676
 10
64.843
 20
19.769
 10
64.789
 20
19.859
 10
64.724
 20
19.944
 10
64.649
 20
20.024
 10
64.563
 20
20.096
 10
64.469
 20
20.158
 10
64.367
 20
20.211
 10
64.26
 20
20.251
 10
64.149
 20
20.281
 10
64.037
 20
20.298
 10
63.924
 20
20.305
 10
63.813
 20
20.302
 10
63.703
 20
20.29
 10
63.595
 20
20.269
 10
63.489
 20
20.241
 10
63.384
 20
20.206
 10
63.282
 20
20.164
 10
63.181
 20
20.116
 10
63.081
 20
20.063
 10
62.982
 20
20.004
 10
62.883
 20
19.939
 10
62.786
 20
19.87
 10
62.688
 20
19.795
 10
62.59
 20
19.715
 10
62.492
 20
19.63
 10
62.394
 20
19.541
 10
62.295
 20
19.446
 10
62.196
 20
19.347
 10
62.096
 20
19.242
 10
61.995
 20
19.133
 10
61.892
 20
19.019
 10
61.789
 20
18.9
 10
61.685
 20
18.776
 10
61.579
 20
18.648
 10
61.472
 20
18.514
 10
61.364
 20
18.376
 10
61.254
 20
18.233
 10
61.143
 20
18.085
 10
61.029
 20
17.933
 10
60.915
 20
17.776
 10
60.798
 20
17.613
 10
60.68
 20
17.447
 10
60.56
 20
17.275
 10
60.438
 20
17.099
 10
60.314
 20
16.918
 10
60.188
 20
16.732
 10
60.06
 20
16.541
 10
59.93
 20
16.346
 10
59.798
 20
16.146
 10
59.663
 20
15.942
 10
59.527
 20
15.732
 10
59.785
 20
15.535
 10
59.951
 20
15.719
 10
60.115
 20
15.898
 10
60.277
 20
16.072
 10
60.436
 20
16.241
 10
60.592
 20
16.405
 10
60.747
 20
16.563
 10
60.898
 20
16.717
 10
61.047
 20
16.865
 10
61.194
 20
17.008
 10
61.338
 20
17.146
 10
61.418
 20
17.333
 10
61.488
 20
17.523
 10
61.619
 20
17.652
 10
61.817
 20
17.711
 10
62.015
 20
17.761
 10
62.141
 20
17.868
 10
62.265
 20
17.971
 10
62.385
 20
18.069
 10
62.502
 20
18.161
 10
62.616
 20
18.249
 10
62.726
 20
18.332
 10
62.833
 20
18.409
 10
62.936
 20
18.482
 10
63.035
 20
18.549
 10
63.131
 20
18.612
 10
63.176
 20
18.73
 10
63.184
 20
18.896
 10
63.207
 20
19.041
 10
63.367
 20
18.975
 10
63.518
 20
18.897
 10
63.614
 20
18.886
 10
63.678
 20
18.916
 10
63.736
 20
18.941
 10
63.788
 20
18.961
 10
63.835
 20
18.979
 10
63.875
 20
18.992
 10
63.909
 20
19.003
 10
63.937
 20
19.012
 10
63.958
 20
19.019
 10
63.973
 20
19.025
 10
63.983
 20
19.055
 10
64.009
 20
19.201
 10
64.055
 20
19.339
 10
64.065
 20
19.287
 10
64.034
 20
19.165
 10
63.998
 20
19.086
 10
64.008
 20
19.099
 10
64.022
 20
19.109
 10
64.043
 20
19.116
 10
64.07
 20
19.117
 10
64.103
 20
19.111
 10
64.141
 20
19.098
 10
64.183
 20
19.077
 10
64.229
 20
19.047
 10
64.278
 20
19.009
 10
64.33
 20
18.963
 10
64.384
 20
18.908
 10
64.441
 20
18.846
 10
64.503
 20
18.775
 10
64.579
 20
18.7
 97
0
 75
0
 76
1
 98
0
  0
HATCH
  5
D4
330
17
100
AcDbEntity
  8
RASTER
 62
7
100
AcDbHatch
 10
0.0
 20
0.0
 30
0.0
210
0.0
220
0.0
230
1.0
  2
SOLID
 70
1
 71
0
 91
1
 92
3
 72
0
 73
1
 93
122
 10
65.267
 20
18.609
 10
65.365
 20
18.673
 10
65.448
 20
18.736
 10
65.527
 20
18.794
 10
65.602
 20
18.848
 10
65.674
 20
18.895
 10
65.743
 20
18.938
 10
65.81
 20
18.975
 10
65.874
 20
19.007
 10
65.935
 20
19.034
 10
65.993
 20
19.057
 10
66.048
 20
19.076
 10
66.101
 20
19.091
 10
66.151
 20
19.103
 10
66.199
 20
19.112
 10
66.244
 20
19.119
 10
66.289
 20
19.124
 10
66.332
 20
19.128
 10
66.376
 20
19.131
 10
66.419
 20
19.132
 10
66.464
 20
19.133
 10
66.51
 20
19.133
 10
66.558
 20
19.132
 10
66.609
 20
19.129
 10
66.663
 20
19.125
 10
66.72
 20
19.12
 10
66.781
 20
19.112
 10
66.845
 20
19.103
 10
66.913
 20
19.091
 10
66.986
 20
19.076
 10
67.062
 20
19.058
 10
67.142
 20
19.037
 10
67.226
 20
19.013
 10
67.314
 20
18.985
 10
67.405
 20
18.954
 10
67.5
 20
18.919
 10
67.599
 20
18.88
 10
67.702
 20
18.837
 10
67.807
 20
18.79
 10
67.916
 20
18.738
 10
68.029
 20
18.683
 10
68.144
 20
18.623
 10
68.263
 20
18.559
 10
68.384
 20
18.491
 10
68.509
 20
18.418
 10
68.636
 20
18.341
 10
68.766
 20
18.259
 10
68.898
 20
18.173
 10
69.033
 20
18.082
 10
69.171
 20
17.987
 10
69.311
 20
17.887
 10
69.453
 20
17.783
 10
69.598
 20
17.674
 10
69.745
 20
17.561
 10
69.894
 20
17.443
 10
70.045
 20
17.32
 10
70.199
 20
17.193
 10
70.354
 20
17.061
 10
70.511
 20
16.924
 10
70.671
 20
16.783
 10
70.832
 20
16.637
 10
71.072
 20
16.857
 10
70.937
 20
17.031
 10
70.804
 20
17.201
 10
70.672
 20
17.367
 10
70.542
 20
17.53
 10
70.413
 20
17.688
 10
70.286
 20
17.842
 10
70.16
 20
17.992
 10
70.035
 20
18.137
 10
69.911
 20
18.279
 10
69.789
 20
18.417
 10
69.614
 20
18.49
 10
69.434
 20
18.549
 10
69.311
 20
18.667
 10
69.25
 20
18.855
 10
69.191
 20
19.044
 10
69.074
 20
19.156
 10
68.957
 20
19.265
 10
68.841
 20
19.369
 10
68.726
 20
19.469
 10
68.611
 20
19.565
 10
68.496
 20
19.656
 10
68.381
 20
19.743
 10
68.267
 20
19.825
 10
68.152
 20
19.902
 10
68.038
 20
19.975
 10
67.891
 20
19.975
 10
67.722
 20
19.911
 10
67.57
 20
19.861
 10
67.511
 20
20.039
 10
67.445
 20
20.217
 10
67.345
 20
20.308
 10
67.228
 20
20.345
 10
67.11
 20
20.376
 10
66.992
 20
20.4
 10
66.874
 20
20.418
 10
66.756
 20
20.429
 10
66.637
 20
20.433
 10
66.52
 20
20.43
 10
66.403
 20
20.42
 10
66.287
 20
20.402
 10
66.178
 20
20.353
 10
66.103
 20
20.185
 10
66.045
 20
20.018
 10
65.936
 20
20.03
 10
65.792
 20
20.104
 10
65.654
 20
20.133
 10
65.565
 20
20.063
 10
65.48
 20
19.988
 10
65.402
 20
19.907
 10
65.33
 20
19.821
 10
65.264
 20
19.731
 10
65.205
 20
19.636
 10
65.152
 20
19.537
 10
65.105
 20
19.435
 10
65.064
 20
19.33
 10
65.029
 20
19.221
 10
65.001
 20
19.109
 10
64.98
 20
18.994
 10
64.967
 20
18.874
 10
64.972
 20
18.746
 97
0
 75
0
 76
1
 98
0
  0
HATCH
  5
D5
330
17
100
AcDbEntity
  8
RASTER
 62
7
100
AcDbHatch
 10
0.0
 20
0.0
 30
0.0
210
0.0
220
0.0
230
1.0
  2
SOLID
 70
1
 71
0
 91
1
 92
3
 72
0
 73
1
 93
122
 10
65.483
 20
18.278
 10
65.602
 20
18.275
 10
65.711
 20
18.283
 10
65.815
 20
18.291
 10
65.915
 20
18.298
 10
66.012
 20
18.305
 10
66.106
 20
18.31
 10
66.197
 20
18.313
 10
66.286
 20
18.316
 10
66.372
 20
18.316
 10
66.455
 20
18.316
 10
66.537
 20
18.314
 10
66.616
 20
18.311
 10
66.694
 20
18.307
 10
66.769
 20
18.301
 10
66.843
 20
18.295
 10
66.916
 20
18.288
 10
66.988
 20
18.28
 10
67.059
 20
18.27
 10
67.129
 20
18.26
 10
67.198
 20
18.25
 10
67.267
 20
18.238
 10
67.336
 20
18.225
 10
67.406
 20
18.211
 10
67.475
 20
18.196
 10
67.545
 20
18.18
 10
67.616
 20
18.163
 10
67.687
 20
18.144
 10
67.759
 20
18.124
 10
67.833
 20
18.102
 10
67.907
 20
18.079
 10
67.983
 20
18.053
 10
68.06
 20
18.026
 10
68.138
 20
17.996
 10
68.217
 20
17.964
 10
68.298
 20
17.93
 10
68.381
 20
17.893
 10
68.464
 20
17.854
 10
68.549
 20
17.812
 10
68.636
 20
17.767
 10
68.723
 20
17.719
 10
68.812
 20
17.668
 10
68.902
 20
17.615
 10
68.993
 20
17.558
 10
69.086
 20
17.498
 10
69.179
 20
17.435
 10
69.273
 20
17.368
 10
69.368
 20
17.298
 10
69.464
 20
17.225
 10
69.561
 20
17.149
 10
69.659
 20
17.069
 10
69.757
 20
16.986
 10
69.855
 20
16.899
 10
69.955
 20
16.808
 10
70.054
 20
16.715
 10
70.155
 20
16.617
 10
70.255
 20
16.517
 10
70.356
 20
16.412
 10
70.457
 20
16.305
 10
70.558
 20
16.193
 10
70.659
 20
16.078
 10
70.929
 20
16.259
 10
70.858
 20
16.399
 10
70.786
 20
16.536
 10
70.714
 20
16.671
 10
70.641
 20
16.804
 10
70.568
 20
16.933
 10
70.494
 20
17.06
 10
70.42
 20
17.185
 10
70.345
 20
17.307
 10
70.269
 20
17.426
 10
70.192
 20
17.543
 10
70.055
 20
17.602
 10
69.911
 20
17.649
 10
69.828
 20
17.75
 10
69.811
 20
17.916
 10
69.794
 20
18.086
 10
69.711
 20
18.186
 10
69.627
 20
18.283
 10
69.541
 20
18.378
 10
69.454
 20
18.469
 10
69.366
 20
18.557
 10
69.276
 20
18.643
 10
69.185
 20
18.725
 10
69.092
 20
18.803
 10
68.997
 20
18.878
 10
68.901
 20
18.95
 10
68.767
 20
18.952
 10
68.605
 20
18.893
 10
68.46
 20
18.849
 10
68.422
 20
19.026
 10
68.377
 20
19.205
 10
68.292
 20
19.301
 10
68.185
 20
19.345
 10
68.077
 20
19.385
 10
67.968
 20
19.419
 10
67.857
 20
19.45
 10
67.746
 20
19.475
 10
67.634
 20
19.496
 10
67.522
 20
19.511
 10
67.409
 20
19.521
 10
67.297
 20
19.527
 10
67.183
 20
19.504
 10
67.07
 20
19.359
 10
66.966
 20
19.214
 10
66.861
 20
19.258
 10
66.747
 20
19.375
 10
66.628
 20
19.449
 10
66.52
 20
19.419
 10
66.414
 20
19.383
 10
66.309
 20
19.342
 10
66.206
 20
19.296
 10
66.105
 20
19.245
 10
66.006
 20
19.19
 10
65.91
 20
19.13
 10
65.815
 20
19.065
 10
65.724
 20
18.996
 10
65.635
 20
18.922
 10
65.549
 20
18.843
 10
65.467
 20
18.758
 10
65.389
 20
18.667
 10
65.321
 20
18.559
 97
0
 75
0
 76
1
 98
0
  0
HATCH
  5
D6
330
17
100
AcDbEntity
  8
RASTER
 62
7
100
AcDbHatch
 10
0.0
 20
0.0
 30
0.0
210
0.0
220
0.0
230
1.0
  2
SOLID
 70
1
 71
0
 91
1
 92
3
 72
0
 73
1
 93
122
 10
65.471
 20
17.883
 10
65.554
 20
17.814
 10
65.637
 20
17.76
 10
65.718
 20
17.711
 10
65.797
 20
17.664
 10
65.875
 20
17.619
 10
65.952
 20
17.575
 10
66.028
 20
17.532
 10
66.102
 20
17.491
 10
66.175
 20
17.45
 10
66.246
 20
17.41
 10
66.317
 20
17.371
 10
66.386
 20
17.332
 10
66.455
 20
17.295
 10
66.523
 20
17.257
 10
66.589
 20
17.221
 10
66.656
 20
17.185
 10
66.721
 20
17.149
 10
66.786
 20
17.114
 10
66.85
 20
17.08
 10
66.914
 20
17.045
 10
66.977
 20
17.012
 10
67.04
 20
16.978
 10
67.103
 20
16.944
 10
67.166
 20
16.911
 10
67.228
 20
16.878
 10
67.29
 20
16.845
 10
67.352
 20
16.811
 10
67.415
 20
16.778
 10
67.477
 20
16.744
 10
67.539
 20
16.71
 10
67.602
 20
16.676
 10
67.664
 20
16.641
 10
67.727
 20
16.606
 10
67.79
 20
16.571
 10
67.853
 20
16.534
 10
67.916
 20
16.497
 10
67.979
 20
16.459
 10
68.043
 20
16.421
 10
68.107
 20
16.381
 10
68.171
 20
16.34
 10
68.235
 20
16.298
 10
68.299
 20
16.255
 10
68.364
 20
16.211
 10
68.428
 20
16.166
 10
68.493
 20
16.119
 10
68.558
 20
16.071
 10
68.622
 20
16.022
 10
68.687
 20
15.971
 10
68.752
 20
15.918
 10
68.816
 20
15.864
 10
68.88
 20
15.809
 10
68.945
 20
15.751
 10
69.009
 20
15.692
 10
69.072
 20
15.632
 10
69.136
 20
15.569
 10
69.199
 20
15.505
 10
69.261
 20
15.44
 10
69.323
 20
15.372
 10
69.385
 20
15.303
 10
69.446
 20
15.232
 10
69.732
 20
15.386
 10
69.703
 20
15.479
 10
69.673
 20
15.573
 10
69.641
 20
15.665
 10
69.609
 20
15.757
 10
69.575
 20
15.848
 10
69.54
 20
15.938
 10
69.504
 20
16.027
 10
69.467
 20
16.116
 10
69.428
 20
16.204
 10
69.388
 20
16.291
 10
69.283
 20
16.327
 10
69.169
 20
16.354
 10
69.12
 20
16.431
 10
69.143
 20
16.569
 10
69.166
 20
16.71
 10
69.116
 20
16.791
 10
69.065
 20
16.871
 10
69.013
 20
16.949
 10
68.958
 20
17.026
 10
68.902
 20
17.102
 10
68.845
 20
17.176
 10
68.785
 20
17.249
 10
68.724
 20
17.32
 10
68.661
 20
17.39
 10
68.596
 20
17.458
 10
68.482
 20
17.464
 10
68.332
 20
17.417
 10
68.199
 20
17.384
 10
68.209
 20
17.553
 10
68.216
 20
17.726
 10
68.17
 20
17.825
 10
68.093
 20
17.879
 10
68.014
 20
17.93
 10
67.934
 20
17.979
 10
67.852
 20
18.026
 10
67.769
 20
18.07
 10
67.685
 20
18.112
 10
67.599
 20
18.151
 10
67.512
 20
18.187
 10
67.423
 20
18.221
 10
67.325
 20
18.23
 10
67.184
 20
18.128
 10
67.047
 20
18.025
 10
66.979
 20
18.101
 10
66.933
 20
18.249
 10
66.871
 20
18.361
 10
66.776
 20
18.373
 10
66.68
 20
18.383
 10
66.583
 20
18.389
 10
66.486
 20
18.393
 10
66.389
 20
18.393
 10
66.291
 20
18.389
 10
66.193
 20
18.382
 10
66.094
 20
18.372
 10
65.996
 20
18.358
 10
65.897
 20
18.34
 10
65.798
 20
18.318
 10
65.699
 20
18.291
 10
65.599
 20
18.258
 10
65.499
 20
18.206
 97
0
 75
0
 76
1
 98
0
  0
LWPOLYLINE
  5
D7
330
17
100
AcDbEntity
  8
CUT
100
AcDbPolyline
 90
376
 70
1
 10
154.903
 20
52.352
 10
155.247
 20
52.047
 10
155.552
 20
51.703
 10
155.815
 20
51.318
 10
156.037
 20
50.894
 10
156.218
 20
50.431
 10
156.288
 20
50.18
 10
156.358
 20
49.93
 10
156.408
 20
49.661
 10
156.458
 20
49.391
 10
156.488
 20
49.103
 10
156.518
 20
48.815
 10
156.528
 20
48.507
 10
156.537
 20
48.202
 10
156.537
 20
47.71
 10
156.537
 20
47.221
 10
156.537
 20
46.731
 10
156.537
 20
46.241
 10
156.537
 20
45.488
 10
153.937
 20
45.488
 10
153.937
 20
36.712
 10
156.537
 20
36.712
 10
156.537
 20
35.959
 10
156.537
 20
35.469
 10
156.537
 20
34.979
 10
156.537
 20
34.49
 10
156.537
 20
33.998
 10
156.528
 20
33.693
 10
156.518
 20
33.385
 10
156.488
 20
33.097
 10
156.458
 20
32.809
 10
156.408
 20
32.539
 10
156.358
 20
32.27
 10
156.288
 20
32.02
 10
156.218
 20
31.769
 10
156.037
 20
31.306
 10
155.815
 20
30.882
 10
155.552
 20
30.497
 10
155.247
 20
30.153
 10
154.903
 20
29.848
 10
154.518
 20
29.585
 10
154.094
 20
29.363
 10
153.631
 20
29.182
 10
153.38
 20
29.112
 10
153.13
 20
29.042
 10
152.861
 20
28.992
 10
152.591
 20
28.942
 10
152.303
 20
28.912
 10
152.015
 20
28.882
 10
151.707
 20
28.872
 10
151.402
 20
28.863
 10
150.9
 20
28.863
 10
150.4
 20
28.863
 10
149.9
 20
28.863
 10
149.4
 20
28.863
 10
148.688
 20
28.863
 10
148.688
 20
31.463
 10
139.912
 20
31.463
 10
139.912
 20
28.863
 10
139.4
 20
28.863
 10
138.9
 20
28.863
 10
138.4
 20
28.863
 10
137.9
 20
28.863
 10
137.4
 20
28.863
 10
136.9
 20
28.863
 10
136.402
 20
28.863
 10
136.102
 20
28.853
 10
135.804
 20
28.843
 10
135.525
 20
28.814
 10
135.248
 20
28.786
 10
134.989
 20
28.738
 10
134.732
 20
28.69
 10
134.494
 20
28.623
 10
134.256
 20
28.557
 10
133.82
 20
28.386
 10
133.424
 20
28.179
 10
133.067
 20
27.934
 10
132.747
 20
27.653
 10
132.466
 20
27.333
 10
132.221
 20
26.976
 10
132.014
 20
26.58
 10
131.843
 20
26.144
 10
131.777
 20
25.906
 10
131.71
 20
25.668
 10
131.662
 20
25.411
 10
131.614
 20
25.152
 10
131.586
 20
24.875
 10
131.557
 20
24.596
 10
131.547
 20
24.298
 10
131.537
 20
23.998
 10
131.537
 20
23.5
 10
131.537
 20
23.0
 10
131.537
 20
22.5
 10
131.537
 20
22.0
 10
131.537
 20
21.5
 10
131.537
 20
21.0
 10
131.537
 20
20.488
 10
128.937
 20
20.488
 10
128.937
 20
11.712
 10
131.537
 20
11.712
 10
131.537
 20
11.0
 10
131.537
 20
10.5
 10
131.537
 20
10.0
 10
131.537
 20
9.5
 10
131.537
 20
8.998
 10
131.528
 20
8.693
 10
131.518
 20
8.385
 10
131.488
 20
8.097
 10
131.458
 20
7.809
 10
131.408
 20
7.539
 10
131.358
 20
7.27
 10
131.288
 20
7.02
 10
131.218
 20
6.769
 10
131.037
 20
6.306
 10
130.815
 20
5.882
 10
130.552
 20
5.497
 10
130.247
 20
5.153
 10
129.903
 20
4.848
 10
129.518
 20
4.585
 10
129.094
 20
4.363
 10
128.631
 20
4.182
 10
128.38
 20
4.112
 10
128.13
 20
4.042
 10
127.861
 20
3.992
 10
127.591
 20
3.942
 10
127.303
 20
3.912
 10
127.015
 20
3.882
 10
126.707
 20
3.872
 10
126.402
 20
3.863
 10
125.904
 20
3.863
 10
125.408
 20
3.863
 10
124.911
 20
3.863
 10
124.415
 20
3.863
 10
123.687
 20
3.863
 10
123.687
 20
6.463
 10
114.912
 20
6.463
 10
114.912
 20
3.863
 10
114.491
 20
3.863
 10
113.995
 20
3.863
 10
113.499
 20
3.863
 10
113.003
 20
3.863
 10
112.506
 20
3.863
 10
112.01
 20
3.863
 10
111.514
 20
3.863
 10
111.018
 20
3.863
 10
110.522
 20
3.863
 10
110.025
 20
3.863
 10
109.529
 20
3.863
 10
109.033
 20
3.863
 10
108.537
 20
3.863
 10
108.041
 20
3.863
 10
107.544
 20
3.863
 10
107.048
 20
3.863
 10
106.552
 20
3.863
 10
106.056
 20
3.863
 10
105.559
 20
3.863
 10
105.063
 20
3.863
 10
104.567
 20
3.863
 10
104.071
 20
3.863
 10
103.575
 20
3.863
 10
103.078
 20
3.863
 10
102.582
 20
3.863
 10
102.086
 20
3.863
 10
101.59
 20
3.863
 10
101.094
 20
3.863
 10
100.597
 20
3.863
 10
100.101
 20
3.863
 10
99.605
 20
3.863
 10
99.109
 20
3.863
 10
98.687
 20
3.863
 10
98.687
 20
6.463
 10
89.912
 20
6.463
 10
89.912
 20
3.863
 10
89.185
 20
3.863
 10
88.689
 20
3.863
 10
88.192
 20
3.863
 10
87.696
 20
3.863
 10
87.198
 20
3.863
 10
86.893
 20
3.872
 10
86.585
 20
3.882
 10
86.297
 20
3.912
 10
86.009
 20
3.942
 10
85.739
 20
3.992
 10
85.47
 20
4.042
 10
85.22
 20
4.112
 10
84.969
 20
4.182
 10
84.506
 20
4.363
 10
84.082
 20
4.585
 10
83.697
 20
4.848
 10
83.353
 20
5.153
 10
83.048
 20
5.497
 10
82.785
 20
5.882
 10
82.563
 20
6.306
 10
82.382
 20
6.769
 10
82.312
 20
7.02
 10
82.242
 20
7.27
 10
82.192
 20
7.539
 10
82.142
 20
7.809
 10
82.112
 20
8.097
 10
82.082
 20
8.385
 10
82.072
 20
8.693
 10
82.062
 20
8.998
 10
82.062
 20
9.49
 10
82.062
 20
9.979
 10
82.062
 20
10.469
 10
82.062
 20
10.959
 10
82.062
 20
11.712
 10
84.662
 20
11.712
 10
84.662
 20
20.488
 10
82.062
 20
20.488
 10
82.062
 20
21.241
 10
82.062
 20
21.731
 10
82.062
 20
22.221
 10
82.062
 20
22.71
 10
82.062
 20
23.202
 10
82.072
 20
23.507
 10
82.082
 20
23.815
 10
82.112
 20
24.103
 10
82.142
 20
24.391
 10
82.192
 20
24.661
 10
82.242
 20
24.93
 10
82.312
 20
25.18
 10
82.382
 20
25.431
 10
82.563
 20
25.894
 10
82.785
 20
26.318
 10
83.048
 20
26.703
 10
83.353
 20
27.047
 10
83.697
 20
27.352
 10
84.082
 20
27.615
 10
84.506
 20
27.837
 10
84.969
 20
28.018
 10
85.22
 20
28.088
 10
85.47
 20
28.158
 10
85.739
 20
28.208
 10
86.009
 20
28.258
 10
86.297
 20
28.288
 10
86.585
 20
28.318
 10
86.893
 20
28.328
 10
87.198
 20
28.337
 10
87.7
 20
28.337
 10
88.2
 20
28.337
 10
88.7
 20
28.337
 10
89.2
 20
28.337
 10
89.912
 20
28.337
 10
89.912
 20
25.737
 10
98.687
 20
25.737
 10
98.687
 20
28.337
 10
99.2
 20
28.337
 10
99.7
 20
28.337
 10
100.2
 20
28.337
 10
100.7
 20
28.337
 10
101.2
 20
28.337
 10
101.7
 20
28.337
 10
102.198
 20
28.337
 10
102.498
 20
28.347
 10
102.796
 20
28.357
 10
103.075
 20
28.386
 10
103.352
 20
28.414
 10
103.611
 20
28.462
 10
103.868
 20
28.51
 10
104.106
 20
28.577
 10
104.344
 20
28.643
 10
104.78
 20
28.814
 10
105.176
 20
29.021
 10
105.533
 20
29.266
 10
105.853
 20
29.547
 10
106.134
 20
29.867
 10
106.379
 20
30.224
 10
106.586
 20
30.62
 10
106.757
 20
31.056
 10
106.823
 20
31.294
 10
106.89
 20
31.532
 10
106.938
 20
31.789
 10
106.986
 20
32.048
 10
107.014
 20
32.325
 10
107.043
 20
32.604
 10
107.053
 20
32.902
 10
107.062
 20
33.202
 10
107.062
 20
33.7
 10
107.062
 20
34.2
 10
107.062
 20
34.7
 10
107.062
 20
35.2
 10
107.062
 20
35.7
 10
107.062
 20
36.2
 10
107.062
 20
36.712
 10
109.662
 20
36.712
 10
109.662
 20
45.488
 10
107.062
 20
45.488
 10
107.062
 20
46.2
 10
107.062
 20
46.7
 10
107.062
 20
47.2
 10
107.062
 20
47.7
 10
107.062
 20
48.202
 10
107.072
 20
48.507
 10
107.082
 20
48.815
 10
107.112
 20
49.103
 10
107.142
 20
49.391
 10
107.192
 20
49.661
 10
107.242
 20
49.93
 10
107.312
 20
50.18
 10
107.382
 20
50.431
 10
107.563
 20
50.894
 10
107.785
 20
51.318
 10
108.048
 20
51.703
 10
108.353
 20
52.047
 10
108.697
 20
52.352
 10
109.082
 20
52.615
 10
109.506
 20
52.837
 10
109.969
 20
53.018
 10
110.22
 20
53.088
 10
110.47
 20
53.158
 10
110.739
 20
53.208
 10
111.009
 20
53.258
 10
111.297
 20
53.288
 10
111.585
 20
53.318
 10
111.893
 20
53.328
 10
112.198
 20
53.337
 10
112.696
 20
53.337
 10
113.192
 20
53.337
 10
113.689
 20
53.337
 10
114.185
 20
53.337
 10
114.912
 20
53.337
 10
114.912
 20
50.738
 10
123.687
 20
50.738
 10
123.687
 20
53.337
 10
124.109
 20
53.337
 10
124.605
 20
53.337
 10
125.101
 20
53.337
 10
125.597
 20
53.337
 10
126.094
 20
53.337
 10
126.59
 20
53.337
 10
127.086
 20
53.337
 10
127.582
 20
53.337
 10
128.078
 20
53.337
 10
128.575
 20
53.337
 10
129.071
 20
53.337
 10
129.567
 20
53.337
 10
130.063
 20
53.337
 10
130.559
 20
53.337
 10
131.056
 20
53.337
 10
131.552
 20
53.337
 10
132.048
 20
53.337
 10
132.544
 20
53.337
 10
133.041
 20
53.337
 10
133.537
 20
53.337
 10
134.033
 20
53.337
 10
134.529
 20
53.337
 10
135.025
 20
53.337
 10
135.522
 20
53.337
 10
136.018
 20
53.337
 10
136.514
 20
53.337
 10
137.01
 20
53.337
 10
137.506
 20
53.337
 10
138.003
 20
53.337
 10
138.499
 20
53.337
 10
138.995
 20
53.337
 10
139.491
 20
53.337
 10
139.912
 20
53.337
 10
139.912
 20
50.738
 10
148.688
 20
50.738
 10
148.688
 20
53.337
 10
149.415
 20
53.337
 10
149.911
 20
53.337
 10
150.408
 20
53.337
 10
150.904
 20
53.337
 10
151.402
 20
53.337
 10
151.707
 20
53.328
 10
152.015
 20
53.318
 10
152.303
 20
53.288
 10
152.591
 20
53.258
 10
152.861
 20
53.208
 10
153.13
 20
53.158
 10
153.38
 20
53.088
 10
153.631
 20
53.018
 10
154.094
 20
52.837
 10
154.518
 20
52.615
  0
HATCH
  5
D8
330
17
100
AcDbEntity
  8
RASTER
 62
7
100
AcDbHatch
 10
0.0
 20
0.0
 30
0.0
210
0.0
220
0.0
230
1.0
  2
SOLID
 70
1
 71
0
 91
2
 92
3
 72
0
 73
1
 93
389
 10
109.889
 20
45.563
 10
109.851
 20
45.847
 10
109.802
 20
46.143
 10
109.742
 20
46.734
 10
109.744
 20
47.306
 10
109.823
 20
47.851
 10
109.974
 20
48.358
 10
110.186
 20
48.82
 10
110.447
 20
49.24
 10
110.747
 20
49.623
 10
111.085
 20
49.976
 10
111.466
 20
50.305
 10
111.896
 20
50.607
 10
112.384
 20
50.872
 10
112.936
 20
51.078
 10
113.547
 20
51.195
 10
114.195
 20
51.193
 10
114.547
 20
51.136
 10
114.878
 20
51.06
 10
115.491
 20
50.863
 10
116.081
 20
50.662
 10
116.651
 20
50.506
 10
117.206
 20
50.425
 10
117.758
 20
50.432
 10
118.321
 20
50.519
 10
118.903
 20
50.659
 10
119.503
 20
50.814
 10
120.116
 20
50.946
 10
120.735
 20
51.032
 10
121.349
 20
51.071
 10
121.953
 20
51.082
 10
122.547
 20
51.09
 10
123.136
 20
51.112
 10
123.728
 20
51.15
 10
124.332
 20
51.189
 10
124.948
 20
51.2
 10
125.575
 20
51.155
 10
126.2
 20
51.041
 10
126.815
 20
50.871
 10
127.413
 20
50.681
 10
127.99
 20
50.518
 10
128.549
 20
50.419
 10
129.099
 20
50.407
 10
129.655
 20
50.483
 10
130.228
 20
50.63
 10
130.821
 20
50.811
 10
131.432
 20
50.983
 10
132.055
 20
51.107
 10
132.679
 20
51.167
 10
133.296
 20
51.171
 10
133.901
 20
51.146
 10
134.494
 20
51.119
 10
135.084
 20
51.106
 10
135.677
 20
51.107
 10
136.281
 20
51.106
 10
136.896
 20
51.076
 10
137.517
 20
50.998
 10
138.133
 20
50.867
 10
138.737
 20
50.704
 10
139.323
 20
50.549
 10
139.889
 20
50.442
 10
140.442
 20
50.411
 10
140.994
 20
50.469
 10
141.56
 20
50.608
 10
142.145
 20
50.799
 10
142.751
 20
50.998
 10
143.373
 20
51.157
 10
144.005
 20
51.245
 10
144.633
 20
51.256
 10
145.25
 20
51.21
 10
145.851
 20
51.14
 10
146.441
 20
51.076
 10
147.028
 20
51.032
 10
147.62
 20
51.006
 10
148.222
 20
50.98
 10
148.836
 20
50.931
 10
149.155
 20
50.88
 10
149.475
 20
50.818
 10
150.053
 20
50.637
 10
150.563
 20
50.416
 10
151.008
 20
50.187
 10
151.398
 20
49.969
 10
151.757
 20
49.771
 10
152.108
 20
49.582
 10
152.473
 20
49.383
 10
152.858
 20
49.15
 10
153.257
 20
48.859
 10
153.648
 20
48.49
 10
153.999
 20
48.034
 10
154.275
 20
47.493
 10
154.442
 20
46.882
 10
154.485
 20
46.235
 10
154.457
 20
45.884
 10
154.417
 20
45.558
 10
154.305
 20
44.947
 10
154.203
 20
44.356
 10
154.13
 20
43.77
 10
154.087
 20
43.181
 10
154.057
 20
42.583
 10
154.018
 20
41.975
 10
153.955
 20
41.363
 10
153.867
 20
40.756
 10
153.776
 20
40.161
 10
153.713
 20
39.582
 10
153.707
 20
39.017
 10
153.777
 20
38.455
 10
153.921
 20
37.884
 10
154.118
 20
37.295
 10
154.325
 20
36.682
 10
154.408
 20
36.351
 10
154.474
 20
35.994
 10
154.487
 20
35.335
 10
154.362
 20
34.708
 10
154.126
 20
34.148
 10
153.815
 20
33.664
 10
153.462
 20
33.255
 10
153.089
 20
32.911
 10
152.708
 20
32.62
 10
152.32
 20
32.368
 10
151.918
 20
32.144
 10
151.49
 20
31.946
 10
151.025
 20
31.777
 10
150.516
 20
31.649
 10
149.967
 20
31.577
 10
149.381
 20
31.563
 10
149.078
 20
31.581
 10
148.783
 20
31.596
 10
148.2
 20
31.622
 10
147.63
 20
31.598
 10
147.062
 20
31.508
 10
146.484
 20
31.356
 10
145.89
 20
31.165
 10
145.275
 20
30.977
 10
144.641
 20
30.843
 10
143.995
 20
30.802
 10
143.352
 20
30.865
 10
142.725
 20
31.008
 10
142.117
 20
31.185
 10
141.529
 20
31.351
 10
140.952
 20
31.472
 10
140.379
 20
31.536
 10
139.8
 20
31.551
 10
139.208
 20
31.536
 10
138.605
 20
31.518
 10
137.998
 20
31.514
 10
137.396
 20
31.524
 10
136.803
 20
31.532
 10
136.223
 20
31.511
 10
135.649
 20
31.443
 10
135.071
 20
31.32
 10
134.481
 20
31.157
 10
133.884
 20
30.989
 10
133.584
 20
30.906
 10
133.291
 20
30.839
 10
132.743
 20
30.735
 10
132.229
 20
30.678
 10
131.745
 20
30.649
 10
131.287
 20
30.616
 10
130.852
 20
30.549
 10
130.444
 20
30.427
 10
130.071
 20
30.238
 10
129.742
 20
29.978
 10
129.469
 20
29.648
 10
129.257
 20
29.257
 10
129.108
 20
28.811
 10
129.017
 20
28.318
 10
128.969
 20
27.784
 10
128.952
 20
27.216
 10
128.957
 20
26.911
 10
128.958
 20
26.607
 10
128.976
 20
26.013
 10
129.011
 20
25.426
 10
129.079
 20
24.845
 10
129.189
 20
24.262
 10
129.327
 20
23.666
 10
129.462
 20
23.054
 10
129.553
 20
22.423
 10
129.559
 20
21.78
 10
129.466
 20
21.138
 10
129.293
 20
20.511
 10
129.084
 20
19.904
 10
128.89
 20
19.317
 10
128.752
 20
18.748
 10
128.691
 20
18.188
 10
128.706
 20
17.623
 10
128.779
 20
17.044
 10
128.879
 20
16.448
 10
128.974
 20
15.84
 10
129.042
 20
15.227
 10
129.083
 20
14.618
 10
129.113
 20
14.018
 10
129.155
 20
13.428
 10
129.224
 20
12.841
 10
129.32
 20
12.249
 10
129.423
 20
11.637
 10
129.458
 20
11.311
 10
129.48
 20
10.96
 10
129.426
 20
10.315
 10
129.25
 20
9.708
 10
128.969
 20
9.173
 10
128.617
 20
8.722
 10
128.229
 20
8.358
 10
127.835
 20
8.069
 10
127.457
 20
7.837
 10
127.101
 20
7.636
 10
126.757
 20
7.442
 10
126.403
 20
7.235
 10
126.015
 20
7.009
 10
125.571
 20
6.771
 10
125.058
 20
6.542
 10
124.478
 20
6.356
 10
124.156
 20
6.293
 10
123.836
 20
6.242
 10
123.221
 20
6.193
 10
122.618
 20
6.17
 10
122.025
 20
6.149
 10
121.438
 20
6.111
 10
120.847
 20
6.055
 10
120.245
 20
5.994
 10
119.629
 20
5.958
 10
119.001
 20
5.977
 10
118.371
 20
6.072
 10
117.75
 20
6.235
 10
117.147
 20
6.432
 10
116.563
 20
6.617
 10
115.999
 20
6.747
 10
115.448
 20
6.794
 10
114.895
 20
6.752
 10
114.327
 20
6.634
 10
113.74
 20
6.471
 10
113.134
 20
6.304
 10
112.516
 20
6.173
 10
111.894
 20
6.097
 10
111.278
 20
6.073
 10
110.674
 20
6.078
 10
110.08
 20
6.087
 10
109.49
 20
6.082
 10
108.897
 20
6.063
 10
108.293
 20
6.046
 10
107.676
 20
6.057
 10
107.053
 20
6.122
 10
106.432
 20
6.248
 10
105.822
 20
6.417
 10
105.231
 20
6.593
 10
104.66
 20
6.73
 10
104.105
 20
6.795
 10
103.554
 20
6.771
 10
102.994
 20
6.663
 10
102.415
 20
6.491
 10
101.816
 20
6.298
 10
101.199
 20
6.128
 10
100.572
 20
6.019
 10
99.945
 20
5.981
 10
99.327
 20
6.001
 10
98.724
 20
6.048
 10
98.132
 20
6.094
 10
97.543
 20
6.123
 10
96.95
 20
6.138
 10
96.347
 20
6.154
 10
95.734
 20
6.196
 10
95.117
 20
6.282
 10
94.505
 20
6.411
 10
93.906
 20
6.56
 10
93.326
 20
6.691
 10
92.763
 20
6.767
 10
92.211
 20
6.763
 10
91.655
 20
6.672
 10
91.083
 20
6.508
 10
90.491
 20
6.304
 10
89.876
 20
6.107
 10
89.543
 20
6.035
 10
89.189
 20
5.981
 10
88.54
 20
5.988
 10
87.929
 20
6.115
 10
87.38
 20
6.33
 10
86.896
 20
6.602
 10
86.47
 20
6.909
 10
86.095
 20
7.24
 10
85.761
 20
7.594
 10
85.465
 20
7.976
 10
85.208
 20
8.394
 10
84.998
 20
8.853
 10
84.847
 20
9.356
 10
84.767
 20
9.898
 10
84.76
 20
10.466
 10
84.812
 20
11.053
 10
84.857
 20
11.348
 10
84.89
 20
11.632
 10
84.93
 20
12.201
 10
84.894
 20
12.76
 10
84.776
 20
13.324
 10
84.594
 20
13.905
 10
84.383
 20
14.507
 10
84.193
 20
15.128
 10
84.073
 20
15.766
 10
84.047
 20
16.409
 10
84.111
 20
17.043
 10
84.229
 20
17.66
 10
84.359
 20
18.26
 10
84.469
 20
18.846
 10
84.542
 20
19.429
 10
84.583
 20
20.016
 10
84.608
 20
20.617
 10
84.632
 20
20.924
 10
84.66
 20
21.237
 10
84.772
 20
21.819
 10
84.937
 20
22.346
 10
85.134
 20
22.815
 10
85.344
 20
23.231
 10
85.553
 20
23.609
 10
85.763
 20
23.967
 10
85.983
 20
24.327
 10
86.232
 20
24.699
 10
86.532
 20
25.084
 10
86.901
 20
25.467
 10
87.353
 20
25.823
 10
87.89
 20
26.113
 10
88.504
 20
26.299
 10
89.16
 20
26.349
 10
89.521
 20
26.315
 10
89.857
 20
26.261
 10
90.453
 20
26.11
 10
91.027
 20
25.954
 10
91.587
 20
25.826
 10
92.141
 20
25.743
 10
92.697
 20
25.704
 10
93.263
 20
25.696
 10
93.84
 20
25.697
 10
94.423
 20
25.689
 10
95.006
 20
25.666
 10
95.581
 20
25.636
 10
96.144
 20
25.622
 10
96.696
 20
25.645
 10
97.244
 20
25.722
 10
97.799
 20
25.854
 10
98.368
 20
26.024
 10
98.954
 20
26.2
 10
99.559
 20
26.339
 10
100.178
 20
26.4
 10
100.8
 20
26.364
 10
101.41
 20
26.242
 10
102.003
 20
26.068
 10
102.576
 20
25.888
 10
103.134
 20
25.738
 10
103.682
 20
25.643
 10
104.231
 20
25.605
 10
104.788
 20
25.614
 10
105.084
 20
25.639
 10
105.386
 20
25.669
 10
105.945
 20
25.761
 10
106.468
 20
25.877
 10
106.948
 20
26.018
 10
107.383
 20
26.193
 10
107.766
 20
26.408
 10
108.094
 20
26.668
 10
108.361
 20
26.972
 10
108.565
 20
27.317
 10
108.708
 20
27.698
 10
108.798
 20
28.111
 10
108.849
 20
28.555
 10
108.888
 20
29.031
 10
108.945
 20
29.541
 10
109.05
 20
30.092
 10
109.12
 20
30.387
 10
109.211
 20
30.692
 10
109.405
 20
31.294
 10
109.607
 20
31.888
 10
109.767
 20
32.464
 10
109.858
 20
33.029
 10
109.876
 20
33.594
 10
109.834
 20
34.17
 10
109.757
 20
34.761
 10
109.679
 20
35.366
 10
109.62
 20
35.977
 10
109.584
 20
36.584
 10
109.556
 20
37.183
 10
109.515
 20
37.771
 10
109.444
 20
38.355
 10
109.338
 20
38.943
 10
109.215
 20
39.544
 10
109.107
 20
40.162
 10
109.055
 20
40.797
 10
109.092
 20
41.439
 10
109.222
 20
42.075
 10
109.416
 20
42.695
 10
109.627
 20
43.294
 10
109.805
 20
43.873
 10
109.914
 20
44.436
 10
109.94
 20
44.994
 97
0
 92
3
 72
0
 73
1
 93
390
 10
110.486
 20
45.629
 10
110.541
 20
45.006
 10
110.511
 20
44.364
 10
110.388
 20
43.727
 10
110.197
 20
43.106
 10
109.985
 20
42.505
 10
109.804
 20
41.925
 10
109.689
 20
41.361
 10
109.657
 20
40.803
 10
109.703
 20
40.238
 10
109.804
 20
39.656
 10
109.927
 20
39.057
 10
110.037
 20
38.445
 10
110.113
 20
37.829
 10
110.155
 20
37.217
 10
110.183
 20
36.616
 10
110.218
 20
36.023
 10
110.275
 20
35.434
 10
110.352
 20
34.839
 10
110.431
 20
34.23
 10
110.477
 20
33.606
 10
110.457
 20
32.971
 10
110.354
 20
32.336
 10
110.18
 20
31.712
 10
109.975
 20
31.106
 10
109.784
 20
30.514
 10
109.7
 20
30.232
 10
109.636
 20
29.966
 10
109.539
 20
29.452
 10
109.485
 20
28.973
 10
109.446
 20
28.496
 10
109.39
 20
28.013
 10
109.285
 20
27.528
 10
109.108
 20
27.057
 10
108.849
 20
26.618
 10
108.509
 20
26.232
 10
108.102
 20
25.908
 10
107.642
 20
25.65
 10
107.145
 20
25.451
 10
106.618
 20
25.296
 10
106.059
 20
25.171
 10
105.464
 20
25.073
 10
105.139
 20
25.042
 10
104.819
 20
25.014
 10
104.215
 20
25.004
 10
103.61
 20
25.046
 10
103.005
 20
25.152
 10
102.408
 20
25.311
 10
101.828
 20
25.494
 10
101.267
 20
25.658
 10
100.723
 20
25.767
 10
100.191
 20
25.798
 10
99.656
 20
25.745
 10
99.107
 20
25.62
 10
98.54
 20
25.45
 10
97.955
 20
25.274
 10
97.356
 20
25.132
 10
96.75
 20
25.047
 10
96.149
 20
25.021
 10
95.558
 20
25.037
 10
94.979
 20
25.067
 10
94.407
 20
25.09
 10
93.837
 20
25.097
 10
93.26
 20
25.096
 10
92.672
 20
25.104
 10
92.075
 20
25.146
 10
91.475
 20
25.236
 10
90.881
 20
25.372
 10
90.301
 20
25.53
 10
89.735
 20
25.673
 10
89.446
 20
25.72
 10
89.155
 20
25.747
 10
88.615
 20
25.706
 10
88.122
 20
25.557
 10
87.683
 20
25.319
 10
87.305
 20
25.021
 10
86.986
 20
24.69
 10
86.719
 20
24.347
 10
86.488
 20
24.003
 10
86.278
 20
23.659
 10
86.075
 20
23.312
 10
85.874
 20
22.951
 10
85.679
 20
22.564
 10
85.501
 20
22.14
 10
85.355
 20
21.672
 10
85.255
 20
21.152
 10
85.229
 20
20.873
 10
85.207
 20
20.581
 10
85.182
 20
19.984
 10
85.14
 20
19.371
 10
85.062
 20
18.754
 10
84.947
 20
18.14
 10
84.817
 20
17.54
 10
84.705
 20
16.957
 10
84.649
 20
16.391
 10
84.671
 20
15.834
 10
84.777
 20
15.272
 10
84.953
 20
14.693
 10
85.163
 20
14.095
 10
85.358
 20
13.476
 10
85.49
 20
12.84
 10
85.531
 20
12.199
 10
85.488
 20
11.576
 10
85.452
 20
11.269
 10
85.408
 20
10.982
 10
85.36
 20
10.443
 10
85.366
 20
9.946
 10
85.434
 20
9.488
 10
85.561
 20
9.065
 10
85.739
 20
8.677
 10
85.959
 20
8.318
 10
86.218
 20
7.985
 10
86.512
 20
7.672
 10
86.845
 20
7.378
 10
87.219
 20
7.109
 10
87.638
 20
6.874
 10
88.101
 20
6.693
 10
88.605
 20
6.588
 10
89.147
 20
6.581
 10
89.434
 20
6.625
 10
89.72
 20
6.688
 10
90.302
 20
6.874
 10
90.903
 20
7.081
 10
91.524
 20
7.259
 10
92.161
 20
7.363
 10
92.801
 20
7.367
 10
93.432
 20
7.283
 10
94.045
 20
7.144
 10
94.639
 20
6.996
 10
95.22
 20
6.873
 10
95.796
 20
6.793
 10
96.376
 20
6.753
 10
96.965
 20
6.737
 10
97.565
 20
6.723
 10
98.17
 20
6.693
 10
98.771
 20
6.646
 10
99.36
 20
6.6
 10
99.936
 20
6.582
 10
100.502
 20
6.616
 10
101.068
 20
6.714
 10
101.644
 20
6.873
 10
102.238
 20
7.064
 10
102.851
 20
7.246
 10
103.484
 20
7.369
 10
104.127
 20
7.396
 10
104.765
 20
7.322
 10
105.386
 20
7.172
 10
105.988
 20
6.994
 10
106.572
 20
6.832
 10
107.144
 20
6.716
 10
107.713
 20
6.656
 10
108.29
 20
6.646
 10
108.879
 20
6.663
 10
109.478
 20
6.682
 10
110.082
 20
6.687
 10
110.681
 20
6.678
 10
111.269
 20
6.673
 10
111.846
 20
6.696
 10
112.417
 20
6.765
 10
112.992
 20
6.888
 10
113.58
 20
7.049
 10
114.185
 20
7.218
 10
114.811
 20
7.347
 10
115.451
 20
7.396
 10
116.092
 20
7.341
 10
116.721
 20
7.197
 10
117.331
 20
7.004
 10
117.92
 20
6.811
 10
118.492
 20
6.661
 10
119.055
 20
6.576
 10
119.62
 20
6.558
 10
120.197
 20
6.592
 10
120.788
 20
6.652
 10
121.39
 20
6.71
 10
121.996
 20
6.748
 10
122.596
 20
6.77
 10
123.186
 20
6.793
 10
123.765
 20
6.838
 10
124.051
 20
6.884
 10
124.328
 20
6.938
 10
124.844
 20
7.103
 10
125.306
 20
7.309
 10
125.721
 20
7.533
 10
126.101
 20
7.754
 10
126.458
 20
7.962
 10
126.806
 20
8.158
 10
127.152
 20
8.354
 10
127.5
 20
8.568
 10
127.844
 20
8.821
 10
128.173
 20
9.129
 10
128.463
 20
9.5
 10
128.691
 20
9.933
 10
128.833
 20
10.425
 10
128.879
 20
10.966
 10
128.86
 20
11.26
 10
128.829
 20
11.556
 10
128.728
 20
12.151
 10
128.63
 20
12.759
 10
128.558
 20
13.372
 10
128.514
 20
13.982
 10
128.484
 20
14.582
 10
128.444
 20
15.173
 10
128.379
 20
15.76
 10
128.287
 20
16.352
 10
128.185
 20
16.956
 10
128.107
 20
17.577
 10
128.09
 20
18.212
 10
128.159
 20
18.852
 10
128.312
 20
19.483
 10
128.515
 20
20.096
 10
128.72
 20
20.689
 10
128.878
 20
21.262
 10
128.959
 20
21.82
 10
128.953
 20
22.377
 10
128.872
 20
22.946
 10
128.742
 20
23.534
 10
128.601
 20
24.138
 10
128.486
 20
24.755
 10
128.413
 20
25.374
 10
128.377
 20
25.987
 10
128.358
 20
26.596
 10
128.357
 20
26.905
 10
128.352
 20
27.221
 10
128.37
 20
27.819
 10
128.422
 20
28.399
 10
128.526
 20
28.961
 10
128.704
 20
29.496
 10
128.969
 20
29.986
 10
129.321
 20
30.409
 10
129.746
 20
30.746
 10
130.221
 20
30.986
 10
130.72
 20
31.136
 10
131.219
 20
31.213
 10
131.706
 20
31.248
 10
132.179
 20
31.276
 10
132.654
 20
31.328
 10
133.168
 20
31.426
 10
133.436
 20
31.487
 10
133.723
 20
31.567
 10
134.319
 20
31.735
 10
134.929
 20
31.904
 10
135.551
 20
32.035
 10
136.177
 20
32.11
 10
136.797
 20
32.132
 10
137.404
 20
32.124
 10
138.002
 20
32.114
 10
138.595
 20
32.118
 10
139.192
 20
32.136
 10
139.8
 20
32.151
 10
140.421
 20
32.135
 10
141.048
 20
32.065
 10
141.671
 20
31.934
 10
142.283
 20
31.762
 10
142.875
 20
31.589
 10
143.448
 20
31.458
 10
144.005
 20
31.404
 10
144.559
 20
31.439
 10
145.125
 20
31.558
 10
145.71
 20
31.737
 10
146.316
 20
31.932
 10
146.938
 20
32.096
 10
147.57
 20
32.196
 10
148.2
 20
32.223
 10
148.811
 20
32.195
 10
149.11
 20
32.18
 10
149.392
 20
32.164
 10
149.92
 20
32.176
 10
150.404
 20
32.24
 10
150.849
 20
32.351
 10
151.261
 20
32.501
 10
151.645
 20
32.679
 10
152.01
 20
32.882
 10
152.361
 20
33.111
 10
152.702
 20
33.371
 10
153.03
 20
33.673
 10
153.333
 20
34.024
 10
153.593
 20
34.429
 10
153.785
 20
34.886
 10
153.886
 20
35.389
 10
153.876
 20
35.933
 10
153.822
 20
36.223
 10
153.749
 20
36.513
 10
153.549
 20
37.105
 10
153.345
 20
37.716
 10
153.186
 20
38.345
 10
153.107
 20
38.983
 10
153.113
 20
39.618
 10
153.181
 20
40.239
 10
153.274
 20
40.844
 10
153.359
 20
41.437
 10
153.42
 20
42.025
 10
153.458
 20
42.617
 10
153.488
 20
43.219
 10
153.533
 20
43.83
 10
153.609
 20
44.444
 10
153.714
 20
45.053
 10
153.824
 20
45.649
 10
153.86
 20
45.945
 10
153.883
 20
46.239
 10
153.847
 20
46.782
 10
153.712
 20
47.276
 10
153.49
 20
47.712
 10
153.202
 20
48.086
 10
152.873
 20
48.397
 10
152.526
 20
48.65
 10
152.174
 20
48.863
 10
151.823
 20
49.054
 10
151.47
 20
49.244
 10
151.107
 20
49.445
 10
150.724
 20
49.658
 10
150.306
 20
49.874
 10
149.844
 20
50.074
 10
149.328
 20
50.235
 10
149.05
 20
50.289
 10
148.765
 20
50.334
 10
148.185
 20
50.381
 10
147.594
 20
50.407
 10
146.993
 20
50.433
 10
146.387
 20
50.478
 10
145.784
 20
50.544
 10
145.193
 20
50.612
 10
144.616
 20
50.656
 10
144.051
 20
50.646
 10
143.49
 20
50.568
 10
142.919
 20
50.421
 10
142.332
 20
50.229
 10
141.724
 20
50.03
 10
141.097
 20
49.877
 10
140.457
 20
49.81
 10
139.816
 20
49.845
 10
139.19
 20
49.964
 10
138.582
 20
50.125
 10
137.993
 20
50.283
 10
137.417
 20
50.406
 10
136.844
 20
50.478
 10
136.266
 20
50.506
 10
135.677
 20
50.507
 10
135.078
 20
50.506
 10
134.474
 20
50.519
 10
133.875
 20
50.546
 10
133.286
 20
50.571
 10
132.71
 20
50.567
 10
132.142
 20
50.513
 10
131.572
 20
50.399
 10
130.99
 20
50.236
 10
130.39
 20
50.052
 10
129.77
 20
49.894
 10
129.133
 20
49.807
 10
128.49
 20
49.821
 10
127.856
 20
49.932
 10
127.24
 20
50.106
 10
126.644
 20
50.295
 10
126.066
 20
50.455
 10
125.499
 20
50.559
 10
124.932
 20
50.599
 10
124.356
 20
50.589
 10
123.767
 20
50.551
 10
123.166
 20
50.513
 10
122.562
 20
50.49
 10
121.963
 20
50.482
 10
121.374
 20
50.471
 10
120.795
 20
50.435
 10
120.221
 20
50.355
 10
119.641
 20
50.23
 10
119.048
 20
50.077
 10
118.437
 20
49.93
 10
117.807
 20
49.833
 10
117.166
 20
49.825
 10
116.528
 20
49.917
 10
115.905
 20
50.088
 10
115.302
 20
50.293
 10
114.719
 20
50.481
 10
114.432
 20
50.547
 10
114.145
 20
50.593
 10
113.603
 20
50.595
 10
113.098
 20
50.498
 10
112.634
 20
50.324
 10
112.213
 20
50.096
 10
111.835
 20
49.831
 10
111.499
 20
49.541
 10
111.201
 20
49.229
 10
110.939
 20
48.896
 10
110.716
 20
48.536
 10
110.537
 20
48.146
 10
110.41
 20
47.722
 10
110.344
 20
47.261
 10
110.342
 20
46.763
 10
110.397
 20
46.224
 10
110.445
 20
45.937
 10
110.486
 20
45.629
 97
0
 75
0
 76
1
 98
0
  0
HATCH
  5
D9
330
17
100
AcDbEntity
  8
RASTER
 62
7
100
AcDbHatch
 10
0.0
 20
0.0
 30
0.0
210
0.0
220
0.0
230
1.0
  2
SOLID
 70
1
 71
0
 91
2
 92
3
 72
0
 73
1
 93
348
 10
112.761
 20
42.633
 10
112.804
 20
42.933
 10
112.84
 20
43.222
 10
112.923
 20
43.766
 10
112.99
 20
44.264
 10
113.045
 20
44.745
 10
113.103
 20
45.23
 10
113.191
 20
45.727
 10
113.338
 20
46.231
 10
113.57
 20
46.724
 10
113.901
 20
47.177
 10
114.331
 20
47.558
 10
114.846
 20
47.838
 10
115.422
 20
48.0
 10
116.027
 20
48.046
 10
116.64
 20
47.997
 10
117.25
 20
47.892
 10
117.557
 20
47.827
 10
117.848
 20
47.775
 10
118.424
 20
47.696
 10
118.998
 20
47.667
 10
119.583
 20
47.671
 10
120.18
 20
47.684
 10
120.782
 20
47.684
 10
121.382
 20
47.67
 10
121.972
 20
47.655
 10
122.55
 20
47.664
 10
123.119
 20
47.717
 10
123.69
 20
47.827
 10
124.272
 20
47.984
 10
124.871
 20
48.16
 10
125.49
 20
48.312
 10
126.126
 20
48.393
 10
126.769
 20
48.372
 10
127.402
 20
48.254
 10
128.017
 20
48.071
 10
128.612
 20
47.875
 10
129.188
 20
47.709
 10
129.753
 20
47.604
 10
130.316
 20
47.566
 10
130.888
 20
47.585
 10
131.475
 20
47.637
 10
132.074
 20
47.694
 10
132.678
 20
47.734
 10
133.279
 20
47.757
 10
133.87
 20
47.777
 10
134.451
 20
47.816
 10
135.028
 20
47.891
 10
135.609
 20
48.006
 10
136.202
 20
48.146
 10
136.813
 20
48.278
 10
137.442
 20
48.359
 10
138.082
 20
48.352
 10
138.718
 20
48.246
 10
139.338
 20
48.066
 10
139.939
 20
47.856
 10
140.519
 20
47.666
 10
141.082
 20
47.537
 10
141.637
 20
47.485
 10
142.199
 20
47.508
 10
142.775
 20
47.588
 10
143.368
 20
47.692
 10
143.973
 20
47.788
 10
144.582
 20
47.856
 10
145.186
 20
47.897
 10
145.788
 20
47.928
 10
146.092
 20
47.938
 10
146.402
 20
47.953
 10
146.995
 20
47.96
 10
147.572
 20
47.94
 10
148.139
 20
47.873
 10
148.689
 20
47.735
 10
149.205
 20
47.506
 10
149.662
 20
47.181
 10
150.035
 20
46.768
 10
150.309
 20
46.288
 10
150.479
 20
45.77
 10
150.559
 20
45.241
 10
150.577
 20
44.72
 10
150.569
 20
44.216
 10
150.572
 20
43.72
 10
150.613
 20
43.199
 10
150.646
 20
42.935
 10
150.699
 20
42.656
 10
150.827
 20
42.068
 10
150.975
 20
41.467
 10
151.105
 20
40.852
 10
151.193
 20
40.232
 10
151.238
 20
39.61
 10
151.239
 20
39.292
 10
151.236
 20
38.97
 10
151.191
 20
38.373
 10
151.115
 20
37.806
 10
151.006
 20
37.264
 10
150.849
 20
36.742
 10
150.629
 20
36.248
 10
150.332
 20
35.796
 10
149.954
 20
35.408
 10
149.506
 20
35.105
 10
149.004
 20
34.899
 10
148.475
 20
34.79
 10
147.939
 20
34.762
 10
147.414
 20
34.783
 10
146.9
 20
34.814
 10
146.374
 20
34.815
 10
146.115
 20
34.802
 10
145.846
 20
34.765
 10
145.272
 20
34.647
 10
144.684
 20
34.478
 10
144.077
 20
34.298
 10
143.455
 20
34.152
 10
142.827
 20
34.066
 10
142.203
 20
34.04
 10
141.591
 20
34.053
 10
140.991
 20
34.076
 10
140.398
 20
34.089
 10
139.802
 20
34.086
 10
139.197
 20
34.08
 10
138.581
 20
34.097
 10
137.956
 20
34.16
 10
137.333
 20
34.281
 10
136.721
 20
34.442
 10
136.127
 20
34.608
 10
135.553
 20
34.736
 10
134.995
 20
34.791
 10
134.441
 20
34.756
 10
133.877
 20
34.635
 10
133.293
 20
34.451
 10
132.688
 20
34.248
 10
132.065
 20
34.075
 10
131.431
 20
33.969
 10
130.809
 20
33.944
 10
130.499
 20
33.946
 10
130.21
 20
33.962
 10
129.673
 20
33.968
 10
129.182
 20
33.936
 10
128.734
 20
33.853
 10
128.324
 20
33.721
 10
127.95
 20
33.544
 10
127.603
 20
33.33
 10
127.279
 20
33.082
 10
126.969
 20
32.802
 10
126.67
 20
32.485
 10
126.383
 20
32.128
 10
126.117
 20
31.723
 10
125.893
 20
31.271
 10
125.736
 20
30.772
 10
125.675
 20
30.233
 10
125.692
 20
29.946
 10
125.732
 20
29.664
 10
125.889
 20
29.089
 10
126.094
 20
28.497
 10
126.301
 20
27.885
 10
126.459
 20
27.253
 10
126.531
 20
26.612
 10
126.511
 20
25.974
 10
126.423
 20
25.351
 10
126.307
 20
24.745
 10
126.199
 20
24.153
 10
126.121
 20
23.568
 10
126.073
 20
22.98
 10
126.043
 20
22.384
 10
126.007
 20
21.777
 10
125.949
 20
21.166
 10
125.867
 20
20.559
 10
125.781
 20
19.963
 10
125.722
 20
19.384
 10
125.72
 20
18.818
 10
125.792
 20
18.256
 10
125.937
 20
17.685
 10
126.134
 20
17.096
 10
126.34
 20
16.486
 10
126.503
 20
15.856
 10
126.58
 20
15.212
 10
126.554
 20
14.563
 10
126.494
 20
14.225
 10
126.416
 20
13.883
 10
126.204
 20
13.286
 10
125.959
 20
12.753
 10
125.71
 20
12.28
 10
125.462
 20
11.854
 10
125.208
 20
11.463
 10
124.935
 20
11.099
 10
124.63
 20
10.764
 10
124.282
 20
10.465
 10
123.888
 20
10.211
 10
123.452
 20
10.011
 10
122.983
 20
9.864
 10
122.49
 20
9.759
 10
121.978
 20
9.676
 10
121.435
 20
9.586
 10
121.155
 20
9.537
 10
120.871
 20
9.471
 10
120.288
 20
9.316
 10
119.696
 20
9.129
 10
119.083
 20
8.95
 10
118.452
 20
8.829
 10
117.809
 20
8.803
 10
117.171
 20
8.88
 10
116.549
 20
9.035
 10
115.947
 20
9.222
 10
115.365
 20
9.393
 10
114.795
 20
9.515
 10
114.229
 20
9.576
 10
113.656
 20
9.583
 10
113.071
 20
9.556
 10
112.473
 20
9.522
 10
111.871
 20
9.501
 10
111.271
 20
9.495
 10
110.68
 20
9.49
 10
110.101
 20
9.464
 10
109.528
 20
9.396
 10
108.952
 20
9.28
 10
108.365
 20
9.127
 10
107.759
 20
8.97
 10
107.135
 20
8.851
 10
106.496
 20
8.814
 10
105.855
 20
8.879
 10
105.228
 20
9.033
 10
104.62
 20
9.234
 10
104.033
 20
9.431
 10
103.463
 20
9.583
 10
102.904
 20
9.665
 10
102.342
 20
9.674
 10
101.769
 20
9.625
 10
101.179
 20
9.547
 10
100.578
 20
9.469
 10
99.972
 20
9.412
 10
99.369
 20
9.377
 10
98.776
 20
9.348
 10
98.192
 20
9.304
 10
97.612
 20
9.229
 10
97.027
 20
9.122
 10
96.429
 20
9.001
 10
95.813
 20
8.9
 10
95.181
 20
8.859
 10
94.544
 20
8.907
 10
93.913
 20
9.046
 10
93.3
 20
9.244
 10
92.7
 20
9.456
 10
92.407
 20
9.562
 10
92.13
 20
9.652
 10
91.611
 20
9.808
 10
91.139
 20
9.918
 10
90.684
 20
10.004
 10
90.23
 20
10.093
 10
89.776
 20
10.216
 10
89.332
 20
10.395
 10
88.913
 20
10.644
 10
88.537
 20
10.967
 10
88.216
 20
11.354
 10
87.952
 20
11.794
 10
87.74
 20
12.273
 10
87.568
 20
12.786
 10
87.42
 20
13.333
 10
87.291
 20
13.921
 10
87.24
 20
14.243
 10
87.192
 20
14.561
 10
87.139
 20
15.189
 10
87.144
 20
15.821
 10
87.229
 20
16.457
 10
87.389
 20
17.084
 10
87.593
 20
17.7
 10
87.708
 20
18.002
 10
87.814
 20
18.288
 10
88.01
 20
18.812
 10
88.16
 20
19.274
 10
88.271
 20
19.707
 10
88.366
 20
20.136
 10
88.471
 20
20.575
 10
88.618
 20
21.022
 10
88.831
 20
21.463
 10
89.123
 20
21.877
 10
89.497
 20
22.241
 10
89.943
 20
22.539
 10
90.445
 20
22.763
 10
90.986
 20
22.919
 10
91.555
 20
23.022
 10
92.151
 20
23.091
 10
92.469
 20
23.111
 10
92.779
 20
23.134
 10
93.391
 20
23.163
 10
94.008
 20
23.171
 10
94.634
 20
23.131
 10
95.263
 20
23.026
 10
95.882
 20
22.864
 10
96.484
 20
22.68
 10
97.066
 20
22.518
 10
97.629
 20
22.42
 10
98.182
 20
22.408
 10
98.74
 20
22.487
 10
99.315
 20
22.641
 10
99.911
 20
22.832
 10
100.527
 20
23.014
 10
101.155
 20
23.146
 10
101.787
 20
23.206
 10
102.411
 20
23.202
 10
103.021
 20
23.163
 10
103.619
 20
23.117
 10
104.212
 20
23.086
 10
104.807
 20
23.071
 10
105.412
 20
23.058
 10
106.027
 20
23.022
 10
106.649
 20
22.944
 10
107.266
 20
22.819
 10
107.87
 20
22.669
 10
108.17
 20
22.606
 10
108.468
 20
22.552
 10
109.02
 20
22.527
 10
109.528
 20
22.605
 10
109.982
 20
22.781
 10
110.377
 20
23.04
 10
110.707
 20
23.359
 10
110.972
 20
23.714
 10
111.184
 20
24.086
 10
111.359
 20
24.465
 10
111.516
 20
24.848
 10
111.674
 20
25.24
 10
111.841
 20
25.648
 10
112.014
 20
26.082
 10
112.179
 20
26.553
 10
112.316
 20
27.071
 10
112.363
 20
27.348
 10
112.404
 20
27.634
 10
112.449
 20
28.219
 10
112.48
 20
28.817
 10
112.518
 20
29.425
 10
112.584
 20
30.039
 10
112.68
 20
30.651
 10
112.791
 20
31.251
 10
112.883
 20
31.834
 10
112.924
 20
32.401
 10
112.889
 20
32.96
 10
112.774
 20
33.525
 10
112.592
 20
34.105
 10
112.379
 20
34.706
 10
112.188
 20
35.327
 10
112.066
 20
35.966
 10
112.041
 20
36.61
 10
112.107
 20
37.245
 10
112.231
 20
37.863
 10
112.369
 20
38.463
 10
112.485
 20
39.049
 10
112.563
 20
39.631
 10
112.605
 20
40.216
 10
112.628
 20
40.812
 10
112.654
 20
41.418
 10
112.699
 20
42.026
 97
0
 92
3
 72
0
 73
1
 93
349
 10
113.357
 20
42.561
 10
113.297
 20
41.974
 10
113.253
 20
41.382
 10
113.227
 20
40.788
 10
113.204
 20
40.184
 10
113.16
 20
39.569
 10
113.077
 20
38.951
 10
112.955
 20
38.337
 10
112.818
 20
37.737
 10
112.701
 20
37.155
 10
112.642
 20
36.59
 10
112.664
 20
36.034
 10
112.771
 20
35.473
 10
112.949
 20
34.894
 10
113.161
 20
34.295
 10
113.355
 20
33.675
 10
113.485
 20
33.04
 10
113.525
 20
32.399
 10
113.48
 20
31.766
 10
113.382
 20
31.149
 10
113.272
 20
30.549
 10
113.179
 20
29.961
 10
113.116
 20
29.375
 10
113.079
 20
28.783
 10
113.048
 20
28.181
 10
113.0
 20
27.568
 10
112.956
 20
27.255
 10
112.903
 20
26.945
 10
112.753
 20
26.376
 10
112.576
 20
25.872
 10
112.397
 20
25.423
 10
112.23
 20
25.014
 10
112.072
 20
24.622
 10
111.909
 20
24.225
 10
111.718
 20
23.812
 10
111.475
 20
23.385
 10
111.158
 20
22.961
 10
110.754
 20
22.57
 10
110.259
 20
22.245
 10
109.684
 20
22.022
 10
109.053
 20
21.925
 10
108.401
 20
21.955
 10
108.055
 20
22.017
 10
107.735
 20
22.085
 10
107.134
 20
22.234
 10
106.551
 20
22.352
 10
105.973
 20
22.425
 10
105.388
 20
22.458
 10
104.793
 20
22.471
 10
104.188
 20
22.486
 10
103.581
 20
22.518
 10
102.979
 20
22.564
 10
102.389
 20
22.603
 10
101.813
 20
22.606
 10
101.245
 20
22.552
 10
100.673
 20
22.432
 10
100.089
 20
22.259
 10
99.485
 20
22.065
 10
98.86
 20
21.898
 10
98.218
 20
21.807
 10
97.571
 20
21.821
 10
96.934
 20
21.932
 10
96.316
 20
22.104
 10
95.718
 20
22.287
 10
95.137
 20
22.438
 10
94.566
 20
22.534
 10
93.992
 20
22.571
 10
93.409
 20
22.563
 10
92.816
 20
22.535
 10
92.511
 20
22.512
 10
92.205
 20
22.493
 10
91.643
 20
22.428
 10
91.123
 20
22.334
 10
90.651
 20
22.198
 10
90.234
 20
22.012
 10
89.877
 20
21.773
 10
89.582
 20
21.485
 10
89.349
 20
21.157
 10
89.176
 20
20.797
 10
89.049
 20
20.411
 10
88.95
 20
20.001
 10
88.855
 20
19.568
 10
88.737
 20
19.106
 10
88.577
 20
18.614
 10
88.376
 20
18.079
 10
88.27
 20
17.792
 10
88.159
 20
17.499
 10
87.966
 20
16.916
 10
87.819
 20
16.343
 10
87.744
 20
15.779
 10
87.739
 20
15.211
 10
87.788
 20
14.632
 10
87.833
 20
14.334
 10
87.881
 20
14.032
 10
88.003
 20
13.476
 10
88.142
 20
12.96
 10
88.3
 20
12.491
 10
88.486
 20
12.07
 10
88.707
 20
11.702
 10
88.966
 20
11.389
 10
89.265
 20
11.134
 10
89.599
 20
10.934
 10
89.967
 20
10.786
 10
90.367
 20
10.678
 10
90.798
 20
10.593
 10
91.263
 20
10.505
 10
91.765
 20
10.388
 10
92.309
 20
10.225
 10
92.602
 20
10.13
 10
92.903
 20
10.021
 10
93.492
 20
9.812
 10
94.07
 20
9.625
 10
94.631
 20
9.502
 10
95.185
 20
9.46
 10
95.745
 20
9.497
 10
96.32
 20
9.591
 10
96.913
 20
9.711
 10
97.52
 20
9.822
 10
98.131
 20
9.901
 10
98.739
 20
9.947
 10
99.337
 20
9.976
 10
99.926
 20
10.01
 10
100.511
 20
10.065
 10
101.101
 20
10.142
 10
101.704
 20
10.222
 10
102.322
 20
10.274
 10
102.952
 20
10.264
 10
103.584
 20
10.172
 10
104.206
 20
10.006
 10
104.81
 20
9.803
 10
105.394
 20
9.61
 10
105.957
 20
9.472
 10
106.509
 20
9.416
 10
107.061
 20
9.448
 10
107.628
 20
9.555
 10
108.214
 20
9.708
 10
108.818
 20
9.864
 10
109.433
 20
9.989
 10
110.052
 20
10.062
 10
110.664
 20
10.09
 10
111.265
 20
10.095
 10
111.857
 20
10.101
 10
112.446
 20
10.122
 10
113.04
 20
10.156
 10
113.646
 20
10.183
 10
114.265
 20
10.176
 10
114.89
 20
10.108
 10
115.512
 20
9.975
 10
116.121
 20
9.796
 10
116.711
 20
9.614
 10
117.28
 20
9.471
 10
117.833
 20
9.404
 10
118.382
 20
9.426
 10
118.942
 20
9.534
 10
119.521
 20
9.703
 10
120.12
 20
9.892
 10
120.726
 20
10.054
 10
121.036
 20
10.125
 10
121.334
 20
10.178
 10
121.881
 20
10.268
 10
122.38
 20
10.349
 10
122.831
 20
10.445
 10
123.236
 20
10.572
 10
123.599
 20
10.739
 10
123.922
 20
10.947
 10
124.211
 20
11.195
 10
124.472
 20
11.482
 10
124.715
 20
11.806
 10
124.95
 20
12.169
 10
125.185
 20
12.571
 10
125.421
 20
13.018
 10
125.647
 20
13.512
 10
125.839
 20
14.051
 10
125.906
 20
14.343
 10
125.956
 20
14.627
 10
125.979
 20
15.188
 10
125.912
 20
15.744
 10
125.764
 20
16.314
 10
125.565
 20
16.904
 10
125.361
 20
17.515
 10
125.201
 20
18.144
 10
125.12
 20
18.782
 10
125.122
 20
19.416
 10
125.186
 20
20.037
 10
125.273
 20
20.641
 10
125.352
 20
21.234
 10
125.409
 20
21.823
 10
125.444
 20
22.416
 10
125.474
 20
23.02
 10
125.524
 20
23.632
 10
125.606
 20
24.247
 10
125.717
 20
24.855
 10
125.831
 20
25.449
 10
125.912
 20
26.026
 10
125.93
 20
26.588
 10
125.867
 20
27.147
 10
125.725
 20
27.715
 10
125.526
 20
28.303
 10
125.315
 20
28.911
 10
125.143
 20
29.543
 10
125.095
 20
29.886
 10
125.073
 20
30.248
 10
125.146
 20
30.897
 10
125.334
 20
31.495
 10
125.596
 20
32.022
 10
125.897
 20
32.481
 10
126.217
 20
32.88
 10
126.549
 20
33.231
 10
126.895
 20
33.544
 10
127.263
 20
33.825
 10
127.663
 20
34.073
 10
128.103
 20
34.28
 10
128.587
 20
34.436
 10
129.108
 20
34.532
 10
129.656
 20
34.568
 10
130.229
 20
34.562
 10
130.518
 20
34.546
 10
130.799
 20
34.544
 10
131.369
 20
34.567
 10
131.935
 20
34.661
 10
132.512
 20
34.822
 10
133.107
 20
35.022
 10
133.723
 20
35.216
 10
134.359
 20
35.352
 10
135.005
 20
35.392
 10
135.647
 20
35.329
 10
136.273
 20
35.19
 10
136.879
 20
35.021
 10
137.467
 20
34.866
 10
138.044
 20
34.755
 10
138.619
 20
34.696
 10
139.203
 20
34.68
 10
139.798
 20
34.686
 10
140.402
 20
34.689
 10
141.009
 20
34.676
 10
141.609
 20
34.653
 10
142.197
 20
34.64
 10
142.773
 20
34.664
 10
143.345
 20
34.743
 10
143.923
 20
34.879
 10
144.516
 20
35.054
 10
145.128
 20
35.23
 10
145.744
 20
35.357
 10
146.059
 20
35.4
 10
146.359
 20
35.416
 10
146.919
 20
35.414
 10
147.443
 20
35.382
 10
147.936
 20
35.363
 10
148.398
 20
35.387
 10
148.829
 20
35.475
 10
149.221
 20
35.636
 10
149.567
 20
35.871
 10
149.862
 20
36.173
 10
150.101
 20
36.537
 10
150.286
 20
36.952
 10
150.423
 20
37.41
 10
150.523
 20
37.905
 10
150.594
 20
38.435
 10
150.636
 20
38.995
 10
150.639
 20
39.293
 10
150.638
 20
39.587
 10
150.596
 20
40.168
 10
150.514
 20
40.748
 10
150.39
 20
41.333
 10
150.243
 20
41.932
 10
150.111
 20
42.536
 10
150.053
 20
42.842
 10
150.016
 20
43.138
 10
149.972
 20
43.695
 10
149.969
 20
44.219
 10
149.977
 20
44.714
 10
149.961
 20
45.185
 10
149.893
 20
45.631
 10
149.758
 20
46.044
 10
149.546
 20
46.414
 10
149.26
 20
46.73
 10
148.906
 20
46.982
 10
148.492
 20
47.166
 10
148.03
 20
47.282
 10
147.527
 20
47.341
 10
146.988
 20
47.36
 10
146.42
 20
47.353
 10
146.116
 20
47.338
 10
145.813
 20
47.329
 10
145.222
 20
47.298
 10
144.635
 20
47.258
 10
144.053
 20
47.193
 10
143.466
 20
47.1
 10
142.868
 20
46.995
 10
142.252
 20
46.91
 10
141.622
 20
46.884
 10
140.986
 20
46.943
 10
140.358
 20
47.088
 10
139.746
 20
47.287
 10
139.155
 20
47.494
 10
138.584
 20
47.66
 10
138.029
 20
47.752
 10
137.477
 20
47.758
 10
136.915
 20
47.686
 10
136.334
 20
47.561
 10
135.736
 20
47.42
 10
135.125
 20
47.299
 10
134.51
 20
47.218
 10
133.9
 20
47.178
 10
133.3
 20
47.158
 10
132.709
 20
47.135
 10
132.122
 20
47.096
 10
131.529
 20
47.04
 10
130.925
 20
46.986
 10
130.306
 20
46.965
 10
129.677
 20
47.007
 10
129.05
 20
47.125
 10
128.435
 20
47.301
 10
127.838
 20
47.499
 10
127.261
 20
47.67
 10
126.704
 20
47.774
 10
126.155
 20
47.792
 10
125.6
 20
47.721
 10
125.027
 20
47.581
 10
124.435
 20
47.406
 10
123.825
 20
47.242
 10
123.204
 20
47.123
 10
122.582
 20
47.064
 10
121.969
 20
47.055
 10
121.367
 20
47.07
 10
120.775
 20
47.084
 10
120.186
 20
47.084
 10
119.591
 20
47.072
 10
118.985
 20
47.067
 10
118.368
 20
47.098
 10
117.755
 20
47.182
 10
117.442
 20
47.238
 10
117.136
 20
47.303
 10
116.566
 20
47.401
 10
116.026
 20
47.444
 10
115.526
 20
47.406
 10
115.074
 20
47.279
 10
114.678
 20
47.064
 10
114.348
 20
46.771
 10
114.089
 20
46.417
 10
113.901
 20
46.018
 10
113.776
 20
45.59
 10
113.697
 20
45.142
 10
113.641
 20
44.676
 10
113.586
 20
44.19
 10
113.517
 20
43.68
 10
113.435
 20
43.139
 10
113.398
 20
42.853
 10
113.357
 20
42.561
 97
0
 75
0
 76
1
 98
0
  0
HATCH
  5
DA
330
17
100
AcDbEntity
  8
RASTER
 62
7
100
AcDbHatch
 10
0.0
 20
0.0
 30
0.0
210
0.0
220
0.0
230
1.0
  2
SOLID
 70
1
 71
0
 91
1
 92
3
 72
0
 73
1
 93
73
 10
117.121
 20
42.452
 10
117.166
 20
42.334
 10
117.197
 20
42.218
 10
117.214
 20
42.102
 10
117.217
 20
41.986
 10
117.205
 20
41.872
 10
117.18
 20
41.758
 10
117.14
 20
41.645
 10
117.086
 20
41.533
 10
117.021
 20
41.425
 10
116.949
 20
41.321
 10
116.87
 20
41.224
 10
116.784
 20
41.132
 10
116.691
 20
41.046
 10
116.59
 20
40.965
 10
116.482
 20
40.891
 10
116.367
 20
40.821
 10
116.248
 20
40.762
 10
116.127
 20
40.715
 10
116.005
 20
40.681
 10
115.881
 20
40.661
 10
115.756
 20
40.654
 10
115.629
 20
40.66
 10
115.501
 20
40.679
 10
115.371
 20
40.711
 10
115.243
 20
40.752
 10
115.117
 20
40.799
 10
114.996
 20
40.85
 10
114.877
 20
40.905
 10
114.762
 20
40.966
 10
114.65
 20
41.032
 10
114.542
 20
41.102
 10
114.437
 20
41.177
 10
114.341
 20
41.257
 10
114.26
 20
41.343
 10
114.195
 20
41.433
 10
114.146
 20
41.527
 10
114.111
 20
41.627
 10
114.092
 20
41.732
 10
114.088
 20
41.842
 10
114.099
 20
41.956
 10
114.122
 20
42.071
 10
114.154
 20
42.182
 10
114.193
 20
42.289
 10
114.24
 20
42.392
 10
114.296
 20
42.49
 10
114.359
 20
42.585
 10
114.431
 20
42.675
 10
114.511
 20
42.761
 10
114.598
 20
42.843
 10
114.691
 20
42.919
 10
114.789
 20
42.989
 10
114.894
 20
43.054
 10
115.004
 20
43.113
 10
115.121
 20
43.167
 10
115.243
 20
43.215
 10
115.371
 20
43.257
 10
115.502
 20
43.291
 10
115.632
 20
43.312
 10
115.762
 20
43.32
 10
115.891
 20
43.315
 10
116.02
 20
43.298
 10
116.149
 20
43.268
 10
116.277
 20
43.225
 10
116.404
 20
43.17
 10
116.526
 20
43.105
 10
116.639
 20
43.033
 10
116.743
 20
42.954
 10
116.837
 20
42.867
 10
116.922
 20
42.774
 10
116.998
 20
42.674
 10
117.064
 20
42.566
 10
117.121
 20
42.452
 97
0
 75
0
 76
1
 98
0
  0
HATCH
  5
DB
330
17
100
AcDbEntity
  8
RASTER
 62
7
100
AcDbHatch
 10
0.0
 20
0.0
 30
0.0
210
0.0
220
0.0
230
1.0
  2
SOLID
 70
1
 71
0
 91
1
 92
3
 72
0
 73
1
 93
73
 10
118.686
 20
41.648
 10
118.717
 20
41.581
 10
118.74
 20
41.513
 10
118.754
 20
41.446
 10
118.76
 20
41.378
 10
118.757
 20
41.31
 10
118.745
 20
41.242
 10
118.725
 20
41.173
 10
118.696
 20
41.104
 10
118.661
 20
41.038
 10
118.62
 20
40.976
 10
118.575
 20
40.92
 10
118.524
 20
40.868
 10
118.468
 20
40.821
 10
118.408
 20
40.779
 10
118.342
 20
40.741
 10
118.271
 20
40.709
 10
118.197
 20
40.681
 10
118.123
 20
40.657
 10
118.047
 20
40.638
 10
117.97
 20
40.623
 10
117.892
 20
40.612
 10
117.812
 20
40.605
 10
117.732
 20
40.603
 10
117.651
 20
40.605
 10
117.571
 20
40.612
 10
117.494
 20
40.626
 10
117.42
 20
40.647
 10
117.35
 20
40.674
 10
117.283
 20
40.708
 10
117.219
 20
40.749
 10
117.158
 20
40.796
 10
117.101
 20
40.85
 10
117.049
 20
40.907
 10
117.006
 20
40.967
 10
116.971
 20
41.029
 10
116.944
 20
41.093
 10
116.925
 20
41.159
 10
116.915
 20
41.226
 10
116.913
 20
41.296
 10
116.918
 20
41.367
 10
116.93
 20
41.439
 10
116.946
 20
41.511
 10
116.966
 20
41.582
 10
116.989
 20
41.652
 10
117.016
 20
41.722
 10
117.047
 20
41.792
 10
117.082
 20
41.861
 10
117.121
 20
41.929
 10
117.164
 20
41.993
 10
117.214
 20
42.05
 10
117.269
 20
42.1
 10
117.331
 20
42.142
 10
117.399
 20
42.176
 10
117.473
 20
42.203
 10
117.554
 20
42.223
 10
117.64
 20
42.235
 10
117.728
 20
42.24
 10
117.813
 20
42.239
 10
117.896
 20
42.23
 10
117.976
 20
42.216
 10
118.054
 20
42.195
 10
118.129
 20
42.167
 10
118.201
 20
42.133
 10
118.27
 20
42.092
 10
118.337
 20
42.046
 10
118.399
 20
41.998
 10
118.457
 20
41.947
 10
118.511
 20
41.893
 10
118.561
 20
41.836
 10
118.606
 20
41.776
 10
118.648
 20
41.713
 10
118.686
 20
41.648
 97
0
 75
0
 76
1
 98
0
  0
HATCH
  5
DC
330
17
100
AcDbEntity
  8
RASTER
 62
7
100
AcDbHatch
 10
0.0
 20
0.0
 30
0.0
210
0.0
220
0.0
230
1.0
  2
SOLID
 70
1
 71
0
 91
1
 92
3
 72
0
 73
1
 93
73
 10
119.625
 20
40.787
 10
119.642
 20
40.755
 10
119.654
 20
40.723
 10
119.663
 20
40.691
 10
119.666
 20
40.658
 10
119.665
 20
40.625
 10
119.66
 20
40.592
 10
119.65
 20
40.558
 10
119.636
 20
40.524
 10
119.618
 20
40.491
 10
119.598
 20
40.461
 10
119.575
 20
40.432
 10
119.55
 20
40.405
 10
119.523
 20
40.381
 10
119.493
 20
40.358
 10
119.461
 20
40.338
 10
119.426
 20
40.32
 10
119.39
 20
40.304
 10
119.354
 20
40.292
 10
119.317
 20
40.282
 10
119.28
 20
40.276
 10
119.243
 20
40.274
 10
119.205
 20
40.274
 10
119.167
 20
40.278
 10
119.128
 20
40.285
 10
119.091
 20
40.294
 10
119.055
 20
40.306
 10
119.021
 20
40.32
 10
118.989
 20
40.336
 10
118.959
 20
40.354
 10
118.93
 20
40.375
 10
118.903
 20
40.398
 10
118.878
 20
40.423
 10
118.855
 20
40.449
 10
118.836
 20
40.477
 10
118.818
 20
40.505
 10
118.804
 20
40.535
 10
118.793
 20
40.565
 10
118.784
 20
40.596
 10
118.778
 20
40.629
 10
118.775
 20
40.662
 10
118.775
 20
40.695
 10
118.779
 20
40.727
 10
118.786
 20
40.758
 10
118.796
 20
40.788
 10
118.811
 20
40.816
 10
118.829
 20
40.843
 10
118.85
 20
40.869
 10
118.875
 20
40.894
 10
118.902
 20
40.917
 10
118.931
 20
40.938
 10
118.961
 20
40.957
 10
118.993
 20
40.975
 10
119.025
 20
40.99
 10
119.059
 20
41.003
 10
119.094
 20
41.015
 10
119.131
 20
41.024
 10
119.168
 20
41.031
 10
119.205
 20
41.034
 10
119.241
 20
41.034
 10
119.276
 20
41.031
 10
119.311
 20
41.025
 10
119.346
 20
41.015
 10
119.38
 20
41.002
 10
119.414
 20
40.986
 10
119.446
 20
40.967
 10
119.477
 20
40.947
 10
119.506
 20
40.925
 10
119.533
 20
40.901
 10
119.559
 20
40.875
 10
119.582
 20
40.848
 10
119.604
 20
40.818
 10
119.625
 20
40.787
 97
0
 75
0
 76
1
 98
0
  0
HATCH
  5
DD
330
17
100
AcDbEntity
  8
RASTER
 62
7
100
AcDbHatch
 10
0.0
 20
0.0
 30
0.0
210
0.0
220
0.0
230
1.0
  2
SOLID
 70
1
 71
0
 91
1
 92
3
 72
0
 73
1
 93
110
 10
122.74
 20
36.935
 10
122.489
 20
36.869
 10
122.258
 20
36.85
 10
122.047
 20
36.879
 10
121.857
 20
36.954
 10
121.686
 20
37.077
 10
121.536
 20
37.247
 10
121.407
 20
37.465
 10
121.297
 20
37.729
 10
121.481
 20
37.649
 10
121.669
 20
37.576
 10
121.861
 20
37.511
 10
122.058
 20
37.453
 10
122.259
 20
37.403
 10
122.464
 20
37.36
 10
122.673
 20
37.325
 10
122.887
 20
37.298
 10
122.893
 20
37.304
 10
122.898
 20
37.31
 10
122.904
 20
37.316
 10
122.91
 20
37.322
 10
122.916
 20
37.327
 10
122.922
 20
37.333
 10
122.7
 20
37.608
 10
122.512
 20
37.896
 10
122.358
 20
38.196
 10
122.238
 20
38.509
 10
122.153
 20
38.835
 10
122.102
 20
39.173
 10
122.084
 20
39.524
 10
122.101
 20
39.887
 10
122.268
 20
39.598
 10
122.43
 20
39.306
 10
122.586
 20
39.01
 10
122.737
 20
38.711
 10
122.882
 20
38.408
 10
123.022
 20
38.102
 10
123.156
 20
37.793
 10
123.285
 20
37.48
 10
123.29
 20
37.48
 10
123.295
 20
37.48
 10
123.3
 20
37.48
 10
123.305
 20
37.48
 10
123.31
 20
37.48
 10
123.315
 20
37.48
 10
123.444
 20
37.793
 10
123.578
 20
38.102
 10
123.718
 20
38.408
 10
123.863
 20
38.711
 10
124.014
 20
39.01
 10
124.17
 20
39.306
 10
124.332
 20
39.598
 10
124.499
 20
39.887
 10
124.516
 20
39.524
 10
124.498
 20
39.173
 10
124.447
 20
38.835
 10
124.362
 20
38.509
 10
124.242
 20
38.196
 10
124.088
 20
37.896
 10
123.9
 20
37.608
 10
123.678
 20
37.333
 10
123.684
 20
37.327
 10
123.69
 20
37.322
 10
123.696
 20
37.316
 10
123.702
 20
37.31
 10
123.707
 20
37.304
 10
123.713
 20
37.298
 10
123.927
 20
37.325
 10
124.136
 20
37.36
 10
124.341
 20
37.403
 10
124.542
 20
37.453
 10
124.739
 20
37.511
 10
124.931
 20
37.576
 10
125.119
 20
37.649
 10
125.303
 20
37.729
 10
125.193
 20
37.465
 10
125.064
 20
37.247
 10
124.914
 20
37.077
 10
124.743
 20
36.954
 10
124.553
 20
36.879
 10
124.342
 20
36.85
 10
124.111
 20
36.869
 10
123.86
 20
36.935
 10
123.844
 20
36.788
 10
123.791
 20
36.65
 10
123.703
 20
36.531
 10
123.587
 20
36.439
 10
123.451
 20
36.381
 10
123.304
 20
36.36
 10
123.305
 20
36.36
 10
123.305
 20
36.36
 10
123.305
 20
36.36
 10
123.305
 20
36.36
 10
123.304
 20
36.36
 10
123.303
 20
36.36
 10
123.302
 20
36.36
 10
123.3
 20
36.36
 10
123.298
 20
36.36
 10
123.297
 20
36.36
 10
123.296
 20
36.36
 10
123.295
 20
36.36
 10
123.295
 20
36.36
 10
123.295
 20
36.36
 10
123.295
 20
36.36
 10
123.296
 20
36.36
 10
123.149
 20
36.381
 10
123.013
 20
36.439
 10
122.897
 20
36.531
 10
122.809
 20
36.65
 10
122.756
 20
36.788
 97
0
 75
0
 76
1
 98
0
  0
HATCH
  5
DE
330
17
100
AcDbEntity
  8
RASTER
 62
7
100
AcDbHatch
 10
0.0
 20
0.0
 30
0.0
210
0.0
220
0.0
230
1.0
  2
SOLID
 70
1
 71
0
 91
1
 92
3
 72
0
 73
1
 93
110
 10
143.74
 20
39.435
 10
143.489
 20
39.369
 10
143.258
 20
39.35
 10
143.047
 20
39.379
 10
142.857
 20
39.454
 10
142.686
 20
39.577
 10
142.536
 20
39.747
 10
142.407
 20
39.965
 10
142.297
 20
40.229
 10
142.481
 20
40.149
 10
142.669
 20
40.076
 10
142.861
 20
40.011
 10
143.058
 20
39.953
 10
143.259
 20
39.903
 10
143.464
 20
39.86
 10
143.673
 20
39.825
 10
143.887
 20
39.798
 10
143.893
 20
39.804
 10
143.898
 20
39.81
 10
143.904
 20
39.816
 10
143.91
 20
39.822
 10
143.916
 20
39.827
 10
143.922
 20
39.833
 10
143.7
 20
40.108
 10
143.512
 20
40.396
 10
143.358
 20
40.696
 10
143.238
 20
41.009
 10
143.153
 20
41.335
 10
143.102
 20
41.673
 10
143.084
 20
42.024
 10
143.101
 20
42.387
 10
143.268
 20
42.098
 10
143.43
 20
41.806
 10
143.586
 20
41.51
 10
143.737
 20
41.211
 10
143.882
 20
40.908
 10
144.022
 20
40.602
 10
144.156
 20
40.293
 10
144.285
 20
39.98
 10
144.29
 20
39.98
 10
144.295
 20
39.98
 10
144.3
 20
39.98
 10
144.305
 20
39.98
 10
144.31
 20
39.98
 10
144.315
 20
39.98
 10
144.444
 20
40.293
 10
144.578
 20
40.602
 10
144.718
 20
40.908
 10
144.863
 20
41.211
 10
145.014
 20
41.51
 10
145.17
 20
41.806
 10
145.332
 20
42.098
 10
145.499
 20
42.387
 10
145.516
 20
42.024
 10
145.498
 20
41.673
 10
145.447
 20
41.335
 10
145.362
 20
41.009
 10
145.242
 20
40.696
 10
145.088
 20
40.396
 10
144.9
 20
40.108
 10
144.678
 20
39.833
 10
144.684
 20
39.827
 10
144.69
 20
39.822
 10
144.696
 20
39.816
 10
144.702
 20
39.81
 10
144.707
 20
39.804
 10
144.713
 20
39.798
 10
144.927
 20
39.825
 10
145.136
 20
39.86
 10
145.341
 20
39.903
 10
145.542
 20
39.953
 10
145.739
 20
40.011
 10
145.931
 20
40.076
 10
146.119
 20
40.149
 10
146.303
 20
40.229
 10
146.193
 20
39.965
 10
146.064
 20
39.747
 10
145.914
 20
39.577
 10
145.743
 20
39.454
 10
145.553
 20
39.379
 10
145.342
 20
39.35
 10
145.111
 20
39.369
 10
144.86
 20
39.435
 10
144.844
 20
39.288
 10
144.791
 20
39.15
 10
144.703
 20
39.031
 10
144.587
 20
38.939
 10
144.451
 20
38.881
 10
144.304
 20
38.86
 10
144.305
 20
38.86
 10
144.305
 20
38.86
 10
144.305
 20
38.86
 10
144.305
 20
38.86
 10
144.304
 20
38.86
 10
144.303
 20
38.86
 10
144.302
 20
38.86
 10
144.3
 20
38.86
 10
144.298
 20
38.86
 10
144.297
 20
38.86
 10
144.296
 20
38.86
 10
144.295
 20
38.86
 10
144.295
 20
38.86
 10
144.295
 20
38.86
 10
144.295
 20
38.86
 10
144.296
 20
38.86
 10
144.149
 20
38.881
 10
144.013
 20
38.939
 10
143.897
 20
39.031
 10
143.809
 20
39.15
 10
143.756
 20
39.288
 97
0
 75
0
 76
1
 98
0
  0
HATCH
  5
DF
330
17
100
AcDbEntity
  8
RASTER
 62
7
100
AcDbHatch
 10
0.0
 20
0.0
 30
0.0
210
0.0
220
0.0
230
1.0
  2
SOLID
 70
1
 71
0
 91
1
 92
3
 72
0
 73
1
 93
22
 10
93.246
 20
10.396
 10
93.236
 20
10.411
 10
93.201
 20
10.522
 10
93.167
 20
10.634
 10
93.134
 20
10.746
 10
93.103
 20
10.858
 10
93.073
 20
10.969
 10
93.044
 20
11.081
 10
93.016
 20
11.193
 10
92.99
 20
11.305
 10
92.981
 20
11.319
 10
91.623
 20
11.1
 10
91.623
 20
11.07
 10
91.639
 20
10.94
 10
91.658
 20
10.81
 10
91.677
 20
10.681
 10
91.698
 20
10.551
 10
91.721
 20
10.421
 10
91.745
 20
10.291
 10
91.771
 20
10.161
 10
91.798
 20
10.031
 10
91.8
 20
9.997
 97
0
 75
0
 76
1
 98
0
  0
HATCH
  5
E0
330
17
100
AcDbEntity
  8
RASTER
 62
7
100
AcDbHatch
 10
0.0
 20
0.0
 30
0.0
210
0.0
220
0.0
230
1.0
  2
SOLID
 70
1
 71
0
 91
1
 92
3
 72
0
 73
1
 93
22
 10
92.949
 20
11.516
 10
92.941
 20
11.53
 10
92.919
 20
11.642
 10
92.897
 20
11.755
 10
92.878
 20
11.867
 10
92.859
 20
11.98
 10
92.842
 20
12.093
 10
92.826
 20
12.206
 10
92.811
 20
12.319
 10
92.798
 20
12.432
 10
92.79
 20
12.445
 10
91.541
 20
12.388
 10
91.537
 20
12.36
 10
91.539
 20
12.231
 10
91.542
 20
12.103
 10
91.547
 20
11.974
 10
91.553
 20
11.845
 10
91.561
 20
11.716
 10
91.571
 20
11.587
 10
91.581
 20
11.458
 10
91.594
 20
11.328
 10
91.591
 20
11.298
 97
0
 75
0
 76
1
 98
0
  0
HATCH
  5
E1
330
17
100
AcDbEntity
  8
RASTER
 62
7
100
AcDbHatch
 10
0.0
 20
0.0
 30
0.0
210
0.0
220
0.0
230
1.0
  2
SOLID
 70
1
 71
0
 91
1
 92
3
 72
0
 73
1
 93
22
 10
92.781
 20
12.645
 10
92.775
 20
12.659
 10
92.765
 20
12.772
 10
92.757
 20
12.886
 10
92.75
 20
13.0
 10
92.744
 20
13.114
 10
92.74
 20
13.228
 10
92.737
 20
13.342
 10
92.736
 20
13.457
 10
92.735
 20
13.572
 10
92.729
 20
13.587
 10
91.607
 20
13.664
 10
91.6
 20
13.637
 10
91.587
 20
13.51
 10
91.575
 20
13.383
 10
91.565
 20
13.255
 10
91.557
 20
13.128
 10
91.55
 20
13.0
 10
91.544
 20
12.872
 10
91.54
 20
12.744
 10
91.538
 20
12.616
 10
91.532
 20
12.588
 97
0
 75
0
 76
1
 98
0
  0
HATCH
  5
E2
330
17
100
AcDbEntity
  8
RASTER
 62
7
100
AcDbHatch
 10
0.0
 20
0.0
 30
0.0
210
0.0
220
0.0
230
1.0
  2
SOLID
 70
1
 71
0
 91
1
 92
3
 72
0
 73
1
 93
22
 10
92.743
 20
13.786
 10
92.738
 20
13.801
 10
92.742
 20
13.916
 10
92.747
 20
14.032
 10
92.753
 20
14.147
 10
92.761
 20
14.263
 10
92.77
 20
14.378
 10
92.78
 20
14.494
 10
92.792
 20
14.61
 10
92.805
 20
14.726
 10
92.801
 20
14.745
 10
91.818
 20
14.925
 10
91.807
 20
14.899
 10
91.78
 20
14.773
 10
91.754
 20
14.647
 10
91.73
 20
14.522
 10
91.707
 20
14.396
 10
91.685
 20
14.27
 10
91.665
 20
14.143
 10
91.647
 20
14.017
 10
91.63
 20
13.89
 10
91.621
 20
13.863
 97
0
 75
0
 76
1
 98
0
  0
HATCH
  5
E3
330
17
100
AcDbEntity
  8
RASTER
 62
7
100
AcDbHatch
 10
0.0
 20
0.0
 30
0.0
210
0.0
220
0.0
230
1.0
  2
SOLID
 70
1
 71
0
 91
1
 92
3
 72
0
 73
1
 93
22
 10
92.838
 20
14.941
 10
92.835
 20
14.959
 10
92.852
 20
15.076
 10
92.871
 20
15.193
 10
92.891
 20
15.31
 10
92.912
 20
15.428
 10
92.934
 20
15.545
 10
92.958
 20
15.663
 10
92.984
 20
15.78
 10
93.011
 20
15.898
 10
93.01
 20
15.921
 10
92.172
 20
16.171
 10
92.158
 20
16.143
 10
92.116
 20
16.02
 10
92.076
 20
15.896
 10
92.038
 20
15.772
 10
92.001
 20
15.647
 10
91.965
 20
15.523
 10
91.931
 20
15.399
 10
91.898
 20
15.274
 10
91.866
 20
15.149
 10
91.854
 20
15.122
 97
0
 75
0
 76
1
 98
0
  0
HATCH
  5
E4
330
17
100
AcDbEntity
  8
RASTER
 62
7
100
AcDbHatch
 10
0.0
 20
0.0
 30
0.0
210
0.0
220
0.0
230
1.0
  2
SOLID
 70
1
 71
0
 91
1
 92
3
 72
0
 73
1
 93
22
 10
93.067
 20
16.112
 10
93.068
 20
16.135
 10
93.099
 20
16.253
 10
93.131
 20
16.372
 10
93.165
 20
16.491
 10
93.2
 20
16.609
 10
93.237
 20
16.729
 10
93.274
 20
16.848
 10
93.314
 20
16.967
 10
93.354
 20
17.087
 10
93.358
 20
17.114
 10
92.665
 20
17.401
 10
92.647
 20
17.371
 10
92.592
 20
17.249
 10
92.538
 20
17.127
 10
92.486
 20
17.005
 10
92.435
 20
16.882
 10
92.385
 20
16.759
 10
92.337
 20
16.637
 10
92.29
 20
16.514
 10
92.244
 20
16.39
 10
92.229
 20
16.363
 97
0
 75
0
 76
1
 98
0
  0
HATCH
  5
E5
330
17
100
AcDbEntity
  8
RASTER
 62
7
100
AcDbHatch
 10
0.0
 20
0.0
 30
0.0
210
0.0
220
0.0
230
1.0
  2
SOLID
 70
1
 71
0
 91
1
 92
3
 72
0
 73
1
 93
48
 10
93.612
 20
18.1
 10
93.608
 20
18.027
 10
93.593
 20
17.954
 10
93.57
 20
17.885
 10
93.537
 20
17.819
 10
93.496
 20
17.758
 10
93.448
 20
17.702
 10
93.392
 20
17.654
 10
93.331
 20
17.613
 10
93.265
 20
17.58
 10
93.196
 20
17.557
 10
93.123
 20
17.542
 10
93.05
 20
17.537
 10
92.977
 20
17.542
 10
92.904
 20
17.557
 10
92.835
 20
17.58
 10
92.769
 20
17.613
 10
92.708
 20
17.654
 10
92.652
 20
17.702
 10
92.604
 20
17.758
 10
92.563
 20
17.819
 10
92.53
 20
17.885
 10
92.507
 20
17.954
 10
92.492
 20
18.027
 10
92.487
 20
18.1
 10
92.492
 20
18.173
 10
92.507
 20
18.246
 10
92.53
 20
18.315
 10
92.563
 20
18.381
 10
92.604
 20
18.442
 10
92.652
 20
18.498
 10
92.708
 20
18.546
 10
92.769
 20
18.587
 10
92.835
 20
18.62
 10
92.904
 20
18.643
 10
92.977
 20
18.658
 10
93.05
 20
18.662
 10
93.123
 20
18.658
 10
93.196
 20
18.643
 10
93.265
 20
18.62
 10
93.331
 20
18.587
 10
93.392
 20
18.546
 10
93.448
 20
18.498
 10
93.496
 20
18.442
 10
93.537
 20
18.381
 10
93.57
 20
18.315
 10
93.593
 20
18.246
 10
93.608
 20
18.173
 97
0
 75
0
 76
1
 98
0
  0
HATCH
  5
E6
330
17
100
AcDbEntity
  8
RASTER
 62
7
100
AcDbHatch
 10
0.0
 20
0.0
 30
0.0
210
0.0
220
0.0
230
1.0
  2
SOLID
 70
1
 71
0
 91
1
 92
3
 72
0
 73
1
 93
122
 10
92.714
 20
18.666
 10
92.693
 20
18.77
 10
92.659
 20
18.861
 10
92.617
 20
18.946
 10
92.57
 20
19.026
 10
92.518
 20
19.101
 10
92.461
 20
19.172
 10
92.397
 20
19.238
 10
92.329
 20
19.299
 10
92.254
 20
19.355
 10
92.173
 20
19.404
 10
92.087
 20
19.445
 10
91.996
 20
19.479
 10
91.9
 20
19.504
 10
91.801
 20
19.52
 10
91.699
 20
19.526
 10
91.597
 20
19.522
 10
91.495
 20
19.508
 10
91.395
 20
19.485
 10
91.298
 20
19.453
 10
91.204
 20
19.412
 10
91.115
 20
19.365
 10
91.03
 20
19.311
 10
90.949
 20
19.251
 10
90.873
 20
19.187
 10
90.801
 20
19.117
 10
90.733
 20
19.043
 10
90.669
 20
18.965
 10
90.609
 20
18.883
 10
90.552
 20
18.797
 10
90.498
 20
18.708
 10
90.447
 20
18.615
 10
90.399
 20
18.518
 10
90.353
 20
18.419
 10
90.309
 20
18.315
 10
90.268
 20
18.208
 10
90.228
 20
18.098
 10
90.191
 20
17.984
 10
90.155
 20
17.866
 10
90.121
 20
17.745
 10
90.088
 20
17.62
 10
90.057
 20
17.492
 10
90.027
 20
17.36
 10
89.998
 20
17.224
 10
89.971
 20
17.084
 10
89.945
 20
16.941
 10
89.919
 20
16.794
 10
89.895
 20
16.643
 10
89.872
 20
16.488
 10
89.849
 20
16.33
 10
89.827
 20
16.167
 10
89.806
 20
16.001
 10
89.786
 20
15.831
 10
89.766
 20
15.656
 10
89.747
 20
15.478
 10
89.729
 20
15.296
 10
89.711
 20
15.11
 10
89.693
 20
14.92
 10
89.676
 20
14.726
 10
89.659
 20
14.528
 10
89.643
 20
14.326
 10
89.963
 20
14.27
 10
90.017
 20
14.463
 10
90.072
 20
14.652
 10
90.127
 20
14.836
 10
90.182
 20
15.015
 10
90.238
 20
15.19
 10
90.294
 20
15.361
 10
90.35
 20
15.526
 10
90.407
 20
15.687
 10
90.463
 20
15.843
 10
90.52
 20
15.995
 10
90.498
 20
16.162
 10
90.466
 20
16.329
 10
90.515
 20
16.47
 10
90.657
 20
16.58
 10
90.802
 20
16.682
 10
90.858
 20
16.805
 10
90.913
 20
16.923
 10
90.968
 20
17.037
 10
91.023
 20
17.145
 10
91.077
 20
17.249
 10
91.13
 20
17.347
 10
91.183
 20
17.441
 10
91.234
 20
17.53
 10
91.285
 20
17.613
 10
91.335
 20
17.692
 10
91.315
 20
17.8
 10
91.242
 20
17.936
 10
91.191
 20
18.061
 10
91.356
 20
18.056
 10
91.518
 20
18.037
 10
91.601
 20
18.057
 10
91.638
 20
18.1
 10
91.673
 20
18.138
 10
91.705
 20
18.172
 10
91.734
 20
18.201
 10
91.759
 20
18.226
 10
91.781
 20
18.247
 10
91.799
 20
18.264
 10
91.814
 20
18.279
 10
91.825
 20
18.292
 10
91.823
 20
18.324
 10
91.78
 20
18.466
 10
91.757
 20
18.611
 10
91.793
 20
18.57
 10
91.831
 20
18.45
 10
91.847
 20
18.364
 10
91.854
 20
18.38
 10
91.865
 20
18.396
 10
91.881
 20
18.413
 10
91.902
 20
18.429
 10
91.931
 20
18.444
 10
91.966
 20
18.456
 10
92.007
 20
18.465
 10
92.055
 20
18.471
 10
92.109
 20
18.473
 10
92.17
 20
18.472
 10
92.236
 20
18.466
 10
92.309
 20
18.456
 10
92.389
 20
18.443
 10
92.484
 20
18.436
 97
0
 75
0
 76
1
 98
0
  0
HATCH
  5
E7
330
17
100
AcDbEntity
  8
RASTER
 62
7
100
AcDbHatch
 10
0.0
 20
0.0
 30
0.0
210
0.0
220
0.0
230
1.0
  2
SOLID
 70
1
 71
0
 91
1
 92
3
 72
0
 73
1
 93
122
 10
93.099
 20
18.756
 10
93.14
 20
18.867
 10
93.16
 20
18.975
 10
93.172
 20
19.08
 10
93.177
 20
19.183
 10
93.175
 20
19.284
 10
93.165
 20
19.384
 10
93.148
 20
19.483
 10
93.122
 20
19.58
 10
93.088
 20
19.676
 10
93.043
 20
19.769
 10
92.989
 20
19.859
 10
92.924
 20
19.944
 10
92.849
 20
20.024
 10
92.763
 20
20.096
 10
92.669
 20
20.158
 10
92.567
 20
20.211
 10
92.46
 20
20.251
 10
92.349
 20
20.281
 10
92.237
 20
20.298
 10
92.124
 20
20.305
 10
92.013
 20
20.302
 10
91.903
 20
20.29
 10
91.795
 20
20.269
 10
91.689
 20
20.241
 10
91.584
 20
20.206
 10
91.482
 20
20.164
 10
91.381
 20
20.116
 10
91.281
 20
20.063
 10
91.182
 20
20.004
 10
91.083
 20
19.939
 10
90.986
 20
19.87
 10
90.888
 20
19.795
 10
90.79
 20
19.715
 10
90.692
 20
19.63
 10
90.594
 20
19.541
 10
90.495
 20
19.446
 10
90.396
 20
19.347
 10
90.296
 20
19.242
 10
90.195
 20
19.133
 10
90.092
 20
19.019
 10
89.989
 20
18.9
 10
89.885
 20
18.776
 10
89.779
 20
18.648
 10
89.672
 20
18.514
 10
89.564
 20
18.376
 10
89.454
 20
18.233
 10
89.343
 20
18.085
 10
89.229
 20
17.933
 10
89.115
 20
17.776
 10
88.998
 20
17.613
 10
88.88
 20
17.447
 10
88.76
 20
17.275
 10
88.638
 20
17.099
 10
88.514
 20
16.918
 10
88.388
 20
16.732
 10
88.26
 20
16.541
 10
88.13
 20
16.346
 10
87.998
 20
16.146
 10
87.863
 20
15.942
 10
87.727
 20
15.732
 10
87.985
 20
15.535
 10
88.151
 20
15.719
 10
88.315
 20
15.898
 10
88.477
 20
16.072
 10
88.636
 20
16.241
 10
88.792
 20
16.405
 10
88.947
 20
16.563
 10
89.098
 20
16.717
 10
89.247
 20
16.865
 10
89.394
 20
17.008
 10
89.538
 20
17.146
 10
89.618
 20
17.333
 10
89.688
 20
17.523
 10
89.819
 20
17.652
 10
90.017
 20
17.711
 10
90.215
 20
17.761
 10
90.341
 20
17.868
 10
90.465
 20
17.971
 10
90.585
 20
18.069
 10
90.702
 20
18.161
 10
90.816
 20
18.249
 10
90.926
 20
18.332
 10
91.033
 20
18.409
 10
91.136
 20
18.482
 10
91.235
 20
18.549
 10
91.331
 20
18.612
 10
91.376
 20
18.73
 10
91.384
 20
18.896
 10
91.407
 20
19.041
 10
91.567
 20
18.975
 10
91.718
 20
18.897
 10
91.814
 20
18.886
 10
91.878
 20
18.916
 10
91.936
 20
18.941
 10
91.988
 20
18.961
 10
92.035
 20
18.979
 10
92.075
 20
18.992
 10
92.109
 20
19.003
 10
92.137
 20
19.012
 10
92.158
 20
19.019
 10
92.173
 20
19.025
 10
92.183
 20
19.055
 10
92.209
 20
19.201
 10
92.255
 20
19.339
 10
92.265
 20
19.287
 10
92.234
 20
19.165
 10
92.198
 20
19.086
 10
92.208
 20
19.099
 10
92.222
 20
19.109
 10
92.243
 20
19.116
 10
92.27
 20
19.117
 10
92.303
 20
19.111
 10
92.341
 20
19.098
 10
92.383
 20
19.077
 10
92.429
 20
19.047
 10
92.478
 20
19.009
 10
92.53
 20
18.963
 10
92.584
 20
18.908
 10
92.641
 20
18.846
 10
92.703
 20
18.775
 10
92.779
 20
18.7
 97
0
 75
0
 76
1
 98
0
  0
HATCH
  5
E8
330
17
100
AcDbEntity
  8
RASTER
 62
7
100
AcDbHatch
 10
0.0
 20
0.0
 30
0.0
210
0.0
220
0.0
230
1.0
  2
SOLID
 70
1
 71
0
 91
1
 92
3
 72
0
 73
1
 93
122
 10
93.467
 20
18.609
 10
93.565
 20
18.673
 10
93.648
 20
18.736
 10
93.727
 20
18.794
 10
93.802
 20
18.848
 10
93.874
 20
18.895
 10
93.943
 20
18.938
 10
94.01
 20
18.975
 10
94.074
 20
19.007
 10
94.135
 20
19.034
 10
94.193
 20
19.057
 10
94.248
 20
19.076
 10
94.301
 20
19.091
 10
94.351
 20
19.103
 10
94.399
 20
19.112
 10
94.444
 20
19.119
 10
94.489
 20
19.124
 10
94.532
 20
19.128
 10
94.576
 20
19.131
 10
94.619
 20
19.132
 10
94.664
 20
19.133
 10
94.71
 20
19.133
 10
94.758
 20
19.132
 10
94.809
 20
19.129
 10
94.863
 20
19.125
 10
94.92
 20
19.12
 10
94.981
 20
19.112
 10
95.045
 20
19.103
 10
95.113
 20
19.091
 10
95.186
 20
19.076
 10
95.262
 20
19.058
 10
95.342
 20
19.037
 10
95.426
 20
19.013
 10
95.514
 20
18.985
 10
95.605
 20
18.954
 10
95.7
 20
18.919
 10
95.799
 20
18.88
 10
95.902
 20
18.837
 10
96.007
 20
18.79
 10
96.116
 20
18.738
 10
96.229
 20
18.683
 10
96.344
 20
18.623
 10
96.463
 20
18.559
 10
96.584
 20
18.491
 10
96.709
 20
18.418
 10
96.836
 20
18.341
 10
96.966
 20
18.259
 10
97.098
 20
18.173
 10
97.233
 20
18.082
 10
97.371
 20
17.987
 10
97.511
 20
17.887
 10
97.653
 20
17.783
 10
97.798
 20
17.674
 10
97.945
 20
17.561
 10
98.094
 20
17.443
 10
98.245
 20
17.32
 10
98.399
 20
17.193
 10
98.554
 20
17.061
 10
98.711
 20
16.924
 10
98.871
 20
16.783
 10
99.032
 20
16.637
 10
99.272
 20
16.857
 10
99.137
 20
17.031
 10
99.004
 20
17.201
 10
98.872
 20
17.367
 10
98.742
 20
17.53
 10
98.613
 20
17.688
 10
98.486
 20
17.842
 10
98.36
 20
17.992
 10
98.235
 20
18.137
 10
98.111
 20
18.279
 10
97.989
 20
18.417
 10
97.814
 20
18.49
 10
97.634
 20
18.549
 10
97.511
 20
18.667
 10
97.45
 20
18.855
 10
97.391
 20
19.044
 10
97.274
 20
19.156
 10
97.157
 20
19.265
 10
97.041
 20
19.369
 10
96.926
 20
19.469
 10
96.811
 20
19.565
 10
96.696
 20
19.656
 10
96.581
 20
19.743
 10
96.467
 20
19.825
 10
96.352
 20
19.902
 10
96.238
 20
19.975
 10
96.091
 20
19.975
 10
95.922
 20
19.911
 10
95.77
 20
19.861
 10
95.711
 20
20.039
 10
95.645
 20
20.217
 10
95.545
 20
20.308
 10
95.428
 20
20.345
 10
95.31
 20
20.376
 10
95.192
 20
20.4
 10
95.074
 20
20.418
 10
94.956
 20
20.429
 10
94.837
 20
20.433
 10
94.72
 20
20.43
 10
94.603
 20
20.42
 10
94.487
 20
20.402
 10
94.378
 20
20.353
 10
94.303
 20
20.185
 10
94.245
 20
20.018
 10
94.136
 20
20.03
 10
93.992
 20
20.104
 10
93.854
 20
20.133
 10
93.765
 20
20.063
 10
93.68
 20
19.988
 10
93.602
 20
19.907
 10
93.53
 20
19.821
 10
93.464
 20
19.731
 10
93.405
 20
19.636
 10
93.352
 20
19.537
 10
93.305
 20
19.435
 10
93.264
 20
19.33
 10
93.229
 20
19.221
 10
93.201
 20
19.109
 10
93.18
 20
18.994
 10
93.167
 20
18.874
 10
93.172
 20
18.746
 97
0
 75
0
 76
1
 98
0
  0
HATCH
  5
E9
330
17
100
AcDbEntity
  8
RASTER
 62
7
100
AcDbHatch
 10
0.0
 20
0.0
 30
0.0
210
0.0
220
0.0
230
1.0
  2
SOLID
 70
1
 71
0
 91
1
 92
3
 72
0
 73
1
 93
122
 10
93.683
 20
18.278
 10
93.802
 20
18.275
 10
93.911
 20
18.283
 10
94.015
 20
18.291
 10
94.115
 20
18.298
 10
94.212
 20
18.305
 10
94.306
 20
18.31
 10
94.397
 20
18.313
 10
94.486
 20
18.316
 10
94.572
 20
18.316
 10
94.655
 20
18.316
 10
94.737
 20
18.314
 10
94.816
 20
18.311
 10
94.894
 20
18.307
 10
94.969
 20
18.301
 10
95.043
 20
18.295
 10
95.116
 20
18.288
 10
95.188
 20
18.28
 10
95.259
 20
18.27
 10
95.329
 20
18.26
 10
95.398
 20
18.25
 10
95.467
 20
18.238
 10
95.536
 20
18.225
 10
95.606
 20
18.211
 10
95.675
 20
18.196
 10
95.745
 20
18.18
 10
95.816
 20
18.163
 10
95.887
 20
18.144
 10
95.959
 20
18.124
 10
96.033
 20
18.102
 10
96.107
 20
18.079
 10
96.183
 20
18.053
 10
96.26
 20
18.026
 10
96.338
 20
17.996
 10
96.417
 20
17.964
 10
96.498
 20
17.93
 10
96.581
 20
17.893
 10
96.664
 20
17.854
 10
96.749
 20
17.812
 10
96.836
 20
17.767
 10
96.923
 20
17.719
 10
97.012
 20
17.668
 10
97.102
 20
17.615
 10
97.193
 20
17.558
 10
97.286
 20
17.498
 10
97.379
 20
17.435
 10
97.473
 20
17.368
 10
97.568
 20
17.298
 10
97.664
 20
17.225
 10
97.761
 20
17.149
 10
97.859
 20
17.069
 10
97.957
 20
16.986
 10
98.055
 20
16.899
 10
98.155
 20
16.808
 10
98.254
 20
16.715
 10
98.355
 20
16.617
 10
98.455
 20
16.517
 10
98.556
 20
16.412
 10
98.657
 20
16.305
 10
98.758
 20
16.193
 10
98.859
 20
16.078
 10
99.129
 20
16.259
 10
99.058
 20
16.399
 10
98.986
 20
16.536
 10
98.914
 20
16.671
 10
98.841
 20
16.804
 10
98.768
 20
16.933
 10
98.694
 20
17.06
 10
98.62
 20
17.185
 10
98.545
 20
17.307
 10
98.469
 20
17.426
 10
98.392
 20
17.543
 10
98.255
 20
17.602
 10
98.111
 20
17.649
 10
98.028
 20
17.75
 10
98.011
 20
17.916
 10
97.994
 20
18.086
 10
97.911
 20
18.186
 10
97.827
 20
18.283
 10
97.741
 20
18.378
 10
97.654
 20
18.469
 10
97.566
 20
18.557
 10
97.476
 20
18.643
 10
97.385
 20
18.725
 10
97.292
 20
18.803
 10
97.197
 20
18.878
 10
97.101
 20
18.95
 10
96.967
 20
18.952
 10
96.805
 20
18.893
 10
96.66
 20
18.849
 10
96.622
 20
19.026
 10
96.577
 20
19.205
 10
96.492
 20
19.301
 10
96.385
 20
19.345
 10
96.277
 20
19.385
 10
96.168
 20
19.419
 10
96.057
 20
19.45
 10
95.946
 20
19.475
 10
95.834
 20
19.496
 10
95.722
 20
19.511
 10
95.609
 20
19.521
 10
95.497
 20
19.527
 10
95.383
 20
19.504
 10
95.27
 20
19.359
 10
95.166
 20
19.214
 10
95.061
 20
19.258
 10
94.947
 20
19.375
 10
94.828
 20
19.449
 10
94.72
 20
19.419
 10
94.614
 20
19.383
 10
94.509
 20
19.342
 10
94.406
 20
19.296
 10
94.305
 20
19.245
 10
94.206
 20
19.19
 10
94.11
 20
19.13
 10
94.015
 20
19.065
 10
93.924
 20
18.996
 10
93.835
 20
18.922
 10
93.749
 20
18.843
 10
93.667
 20
18.758
 10
93.589
 20
18.667
 10
93.521
 20
18.559
 97
0
 75
0
 76
1
 98
0
  0
HATCH
  5
EA
330
17
100
AcDbEntity
  8
RASTER
 62
7
100
AcDbHatch
 10
0.0
 20
0.0
 30
0.0
210
0.0
220
0.0
230
1.0
  2
SOLID
 70
1
 71
0
 91
1
 92
3
 72
0
 73
1
 93
122
 10
93.671
 20
17.883
 10
93.754
 20
17.814
 10
93.837
 20
17.76
 10
93.918
 20
17.711
 10
93.997
 20
17.664
 10
94.075
 20
17.619
 10
94.152
 20
17.575
 10
94.228
 20
17.532
 10
94.302
 20
17.491
 10
94.375
 20
17.45
 10
94.446
 20
17.41
 10
94.517
 20
17.371
 10
94.586
 20
17.332
 10
94.655
 20
17.295
 10
94.723
 20
17.257
 10
94.789
 20
17.221
 10
94.856
 20
17.185
 10
94.921
 20
17.149
 10
94.986
 20
17.114
 10
95.05
 20
17.08
 10
95.114
 20
17.045
 10
95.177
 20
17.012
 10
95.24
 20
16.978
 10
95.303
 20
16.944
 10
95.366
 20
16.911
 10
95.428
 20
16.878
 10
95.49
 20
16.845
 10
95.552
 20
16.811
 10
95.615
 20
16.778
 10
95.677
 20
16.744
 10
95.739
 20
16.71
 10
95.802
 20
16.676
 10
95.864
 20
16.641
 10
95.927
 20
16.606
 10
95.99
 20
16.571
 10
96.053
 20
16.534
 10
96.116
 20
16.497
 10
96.179
 20
16.459
 10
96.243
 20
16.421
 10
96.307
 20
16.381
 10
96.371
 20
16.34
 10
96.435
 20
16.298
 10
96.499
 20
16.255
 10
96.564
 20
16.211
 10
96.628
 20
16.166
 10
96.693
 20
16.119
 10
96.758
 20
16.071
 10
96.822
 20
16.022
 10
96.887
 20
15.971
 10
96.952
 20
15.918
 10
97.016
 20
15.864
 10
97.08
 20
15.809
 10
97.145
 20
15.751
 10
97.209
 20
15.692
 10
97.272
 20
15.632
 10
97.336
 20
15.569
 10
97.399
 20
15.505
 10
97.461
 20
15.44
 10
97.523
 20
15.372
 10
97.585
 20
15.303
 10
97.646
 20
15.232
 10
97.932
 20
15.386
 10
97.903
 20
15.479
 10
97.873
 20
15.573
 10
97.841
 20
15.665
 10
97.809
 20
15.757
 10
97.775
 20
15.848
 10
97.74
 20
15.938
 10
97.704
 20
16.027
 10
97.667
 20
16.116
 10
97.628
 20
16.204
 10
97.588
 20
16.291
 10
97.483
 20
16.327
 10
97.369
 20
16.354
 10
97.32
 20
16.431
 10
97.343
 20
16.569
 10
97.366
 20
16.71
 10
97.316
 20
16.791
 10
97.265
 20
16.871
 10
97.213
 20
16.949
 10
97.158
 20
17.026
 10
97.102
 20
17.102
 10
97.045
 20
17.176
 10
96.985
 20
17.249
 10
96.924
 20
17.32
 10
96.861
 20
17.39
 10
96.796
 20
17.458
 10
96.682
 20
17.464
 10
96.532
 20
17.417
 10
96.399
 20
17.384
 10
96.409
 20
17.553
 10
96.416
 20
17.726
 10
96.37
 20
17.825
 10
96.293
 20
17.879
 10
96.214
 20
17.93
 10
96.134
 20
17.979
 10
96.052
 20
18.026
 10
95.969
 20
18.07
 10
95.885
 20
18.112
 10
95.799
 20
18.151
 10
95.712
 20
18.187
 10
95.623
 20
18.221
 10
95.525
 20
18.23
 10
95.384
 20
18.128
 10
95.247
 20
18.025
 10
95.179
 20
18.101
 10
95.133
 20
18.249
 10
95.071
 20
18.361
 10
94.976
 20
18.373
 10
94.88
 20
18.383
 10
94.783
 20
18.389
 10
94.686
 20
18.393
 10
94.589
 20
18.393
 10
94.491
 20
18.389
 10
94.393
 20
18.382
 10
94.294
 20
18.372
 10
94.196
 20
18.358
 10
94.097
 20
18.34
 10
93.998
 20
18.318
 10
93.899
 20
18.291
 10
93.799
 20
18.258
 10
93.699
 20
18.206
 97
0
 75
0
 76
1
 98
0
  0
HATCH
  5
EB
330
17
100
AcDbEntity
  8
RASTER
 62
7
100
AcDbHatch
 10
0.0
 20
0.0
 30
0.0
210
0.0
220
0.0
230
1.0
  2
SOLID
 70
1
 71
0
 91
1
 92
3
 72
0
 73
1
 93
110
 10
118.74
 20
14.435
 10
118.489
 20
14.369
 10
118.258
 20
14.35
 10
118.047
 20
14.379
 10
117.857
 20
14.454
 10
117.686
 20
14.577
 10
117.536
 20
14.747
 10
117.407
 20
14.965
 10
117.297
 20
15.229
 10
117.481
 20
15.149
 10
117.669
 20
15.076
 10
117.861
 20
15.011
 10
118.058
 20
14.953
 10
118.259
 20
14.903
 10
118.464
 20
14.86
 10
118.673
 20
14.825
 10
118.887
 20
14.798
 10
118.893
 20
14.804
 10
118.898
 20
14.81
 10
118.904
 20
14.816
 10
118.91
 20
14.822
 10
118.916
 20
14.827
 10
118.922
 20
14.833
 10
118.7
 20
15.108
 10
118.512
 20
15.396
 10
118.358
 20
15.696
 10
118.238
 20
16.009
 10
118.153
 20
16.335
 10
118.102
 20
16.673
 10
118.084
 20
17.024
 10
118.101
 20
17.387
 10
118.268
 20
17.098
 10
118.43
 20
16.806
 10
118.586
 20
16.51
 10
118.737
 20
16.211
 10
118.882
 20
15.908
 10
119.022
 20
15.602
 10
119.156
 20
15.293
 10
119.285
 20
14.98
 10
119.29
 20
14.98
 10
119.295
 20
14.98
 10
119.3
 20
14.98
 10
119.305
 20
14.98
 10
119.31
 20
14.98
 10
119.315
 20
14.98
 10
119.444
 20
15.293
 10
119.578
 20
15.602
 10
119.718
 20
15.908
 10
119.863
 20
16.211
 10
120.014
 20
16.51
 10
120.17
 20
16.806
 10
120.332
 20
17.098
 10
120.499
 20
17.387
 10
120.516
 20
17.024
 10
120.498
 20
16.673
 10
120.447
 20
16.335
 10
120.362
 20
16.009
 10
120.242
 20
15.696
 10
120.088
 20
15.396
 10
119.9
 20
15.108
 10
119.678
 20
14.833
 10
119.684
 20
14.827
 10
119.69
 20
14.822
 10
119.696
 20
14.816
 10
119.702
 20
14.81
 10
119.707
 20
14.804
 10
119.713
 20
14.798
 10
119.927
 20
14.825
 10
120.136
 20
14.86
 10
120.341
 20
14.903
 10
120.542
 20
14.953
 10
120.739
 20
15.011
 10
120.931
 20
15.076
 10
121.119
 20
15.149
 10
121.303
 20
15.229
 10
121.193
 20
14.965
 10
121.064
 20
14.747
 10
120.914
 20
14.577
 10
120.743
 20
14.454
 10
120.553
 20
14.379
 10
120.342
 20
14.35
 10
120.111
 20
14.369
 10
119.86
 20
14.435
 10
119.844
 20
14.288
 10
119.791
 20
14.15
 10
119.703
 20
14.031
 10
119.587
 20
13.939
 10
119.451
 20
13.881
 10
119.304
 20
13.86
 10
119.305
 20
13.86
 10
119.305
 20
13.86
 10
119.305
 20
13.86
 10
119.305
 20
13.86
 10
119.304
 20
13.86
 10
119.303
 20
13.86
 10
119.302
 20
13.86
 10
119.3
 20
13.86
 10
119.298
 20
13.86
 10
119.297
 20
13.86
 10
119.296
 20
13.86
 10
119.295
 20
13.86
 10
119.295
 20
13.86
 10
119.295
 20
13.86
 10
119.295
 20
13.86
 10
119.296
 20
13.86
 10
119.149
 20
13.881
 10
119.013
 20
13.939
 10
118.897
 20
14.031
 10
118.809
 20
14.15
 10
118.756
 20
14.288
 97
0
 75
0
 76
1
 98
0
  0
ENDSEC
  0
SECTION
  2
OBJECTS
  0
DICTIONARY
  5
A
330
0
100
AcDbDictionary
281
1
  3
ACAD_COLOR
350
B
  3
ACAD_GROUP
350
C
  3
ACAD_LAYOUT
350
D
  3
ACAD_MATERIAL
350
E
  3
ACAD_MLEADERSTYLE
350
F
  3
ACAD_MLINESTYLE
350
10
  3
ACAD_PLOTSETTINGS
350
11
  3
ACAD_PLOTSTYLENAME
350
12
  3
ACAD_SCALELIST
350
14
  3
ACAD_TABLESTYLE
350
15
  3
ACAD_VISUALSTYLE
350
16
  3
EZDXF_META
350
2D
  0
DICTIONARY
  5
B
330
A
100
AcDbDictionary
281
1
  0
DICTIONARY
  5
C
330
A
100
AcDbDictionary
281
1
  0
DICTIONARY
  5
D
330
A
100
AcDbDictionary
281
1
  3
Model
350
1A
  3
Layout1
350
1E
  0
DICTIONARY
  5
E
330
A
100
AcDbDictionary
281
1
  3
ByBlock
350
1F
  3
ByLayer
350
20
  3
Global
350
21
  0
DICTIONARY
  5
F
330
A
100
AcDbDictionary
281
1
  3
Standard
350
2C
  0
DICTIONARY
  5
10
330
A
100
AcDbDictionary
281
1
  3
Standard
350
22
  0
DICTIONARY
  5
11
330
A
100
AcDbDictionary
281
1
  0
ACDBDICTIONARYWDFLT
  5
12
330
A
100
AcDbDictionary
281
1
  3
Normal
350
13
100
AcDbDictionaryWithDefault
340
13
  0
ACDBPLACEHOLDER
  5
13
330
12
  0
DICTIONARY
  5
14
330
A
100
AcDbDictionary
281
1
  0
DICTIONARY
  5
15
330
A
100
AcDbDictionary
281
1
  0
DICTIONARY
  5
16
330
A
100
AcDbDictionary
281
1
  0
LAYOUT
  5
1A
330
D
100
AcDbPlotSettings
  1

  4
A3
  6

 40
7.5
 41
20.0
 42
7.5
 43
20.0
 44
420.0
 45
297.0
 46
0.0
 47
0.0
 48
0.0
 49
0.0
140
0.0
141
0.0
142
1.0
143
1.0
 70
1024
 72
1
 73
0
 74
5
  7

 75
16
 76
0
 77
2
 78
300
147
1.0
148
0.0
149
0.0
100
AcDbLayout
  1
Model
 70
1
 71
0
 10
0.0
 20
0.0
 11
420.0
 21
297.0
 12
0.0
 22
0.0
 32
0.0
 14
1e+20
 24
1e+20
 34
1e+20
 15
-1e+20
 25
-1e+20
 35
-1e+20
146
0.0
 13
0.0
 23
0.0
 33
0.0
 16
1.0
 26
0.0
 36
0.0
 17
0.0
 27
1.0
 37
0.0
 76
1
330
17
  0
LAYOUT
  5
1E
330
D
100
AcDbPlotSettings
  1

  4
A3
  6

 40
7.5
 41
20.0
 42
7.5
 43
20.0
 44
420.0
 45
297.0
 46
0.0
 47
0.0
 48
0.0
 49
0.0
140
0.0
141
0.0
142
1.0
143
1.0
 70
0
 72
1
 73
0
 74
5
  7

 75
16
 76
0
 77
2
 78
300
147
1.0
148
0.0
149
0.0
100
AcDbLayout
  1
Layout1
 70
1
 71
1
 10
0.0
 20
0.0
 11
420.0
 21
297.0
 12
0.0
 22
0.0
 32
0.0
 14
1e+20
 24
1e+20
 34
1e+20
 15
-1e+20
 25
-1e+20
 35
-1e+20
146
0.0
 13
0.0
 23
0.0
 33
0.0
 16
1.0
 26
0.0
 36
0.0
 17
0.0
 27
1.0
 37
0.0
 76
1
330
1B
  0
MATERIAL
  5
1F
102
{ACAD_REACTORS
330
E
102
}
330
E
100
AcDbMaterial
  1
ByBlock
  2

 70
0
 40
1.0
 71
1
 41
1.0
 91
-1023410177
 42
1.0
 72
1
  3

 73
1
 74
1
 75
1
 44
0.5
 73
0
 45
1.0
 46
1.0
 77
1
  4

 78
1
 79
1
170
1
 48
1.0
171
1
  6

172
1
173
1
174
1
140
1.0
141
1.0
175
1
  7

176
1
177
1
178
1
143
1.0
179
1
  8

270
1
271
1
272
1
145
1.0
146
1.0
273
1
  9

274
1
275
1
276
1
 42
1.0
 72
1
  3

 73
1
 74
1
 75
1
 94
63
  0
MATERIAL
  5
20
102
{ACAD_REACTORS
330
E
102
}
330
E
100
AcDbMaterial
  1
ByLayer
  2

 70
0
 40
1.0
 71
1
 41
1.0
 91
-1023410177
 42
1.0
 72
1
  3

 73
1
 74
1
 75
1
 44
0.5
 73
0
 45
1.0
 46
1.0
 77
1
  4

 78
1
 79
1
170
1
 48
1.0
171
1
  6

172
1
173
1
174
1
140
1.0
141
1.0
175
1
  7

176
1
177
1
178
1
143
1.0
179
1
  8

270
1
271
1
272
1
145
1.0
146
1.0
273
1
  9

274
1
275
1
276
1
 42
1.0
 72
1
  3

 73
1
 74
1
 75
1
 94
63
  0
MATERIAL
  5
21
102
{ACAD_REACTORS
330
E
102
}
330
E
100
AcDbMaterial
  1
Global
  2

 70
0
 40
1.0
 71
1
 41
1.0
 91
-1023410177
 42
1.0
 72
1
  3

 73
1
 74
1
 75
1
 44
0.5
 73
0
 45
1.0
 46
1.0
 77
1
  4

 78
1
 79
1
170
1
 48
1.0
171
1
  6

172
1
173
1
174
1
140
1.0
141
1.0
175
1
  7

176
1
177
1
178
1
143
1.0
179
1
  8

270
1
271
1
272
1
145
1.0
146
1.0
273
1
  9

274
1
275
1
276
1
 42
1.0
 72
1
  3

 73
1
 74
1
 75
1
 94
63
  0
MLINESTYLE
  5
22
102
{ACAD_REACTORS
330
10
102
}
330
10
100
AcDbMlineStyle
  2
Standard
 70
0
  3

 62
256
 51
90.0
 52
90.0
 71
2
 49
0.5
 62
256
  6
BYLAYER
 49
-0.5
 62
256
  6
BYLAYER
  0
MLEADERSTYLE
  5
2C
102
{ACAD_REACTORS
330
F
102
}
330
F
100
AcDbMLeaderStyle
179
2
170
2
171
1
172
0
 90
2
 40
0.0
 41
0.0
173
1
 91
-1056964608
 92
-2
290
1
 42
2.0
291
1
 43
8.0
  3
Standard
 44
4.0
300

342
29
174
1
175
1
176
0
178
1
 93
-1056964608
 45
4.0
292
0
297
0
 46
4.0
 94
-1056964608
 47
1.0
 49
1.0
140
1.0
294
1
141
0.0
177
0
142
1.0
295
0
296
0
143
3.75
271
0
272
9
273
9
  0
DICTIONARY
  5
2D
330
A
100
AcDbDictionary
280
1
281
1
  3
CREATED_BY_EZDXF
350
2E
  3
WRITTEN_BY_EZDXF
350
EE
  0
DICTIONARYVAR
  5
2E
330
2D
100
DictionaryVariables
280
0
  1
1.4.2 @ 2026-08-25T23:57:12.330593+00:00
  0
DICTIONARYVAR
  5
EE
330
2D
100
DictionaryVariables
280
0
  1
1.4.2 @ 2026-08-25T23:57:12.399824+00:00
  0
ENDSEC
  0
EOF
