  0
SECTION
  2
HEADER
  9
$ACADVER
  1
AC1015
  9
$ACADMAINTVER
 70
6
  9
$DWGCODEPAGE
  3
ANSI_1252
  9
$INSBASE
 10
0.0
 20
0.0
 30
0.0
  9
$EXTMIN
 10
1e+20
 20
1e+20
 30
1e+20
  9
$EXTMAX
 10
-1e+20
 20
-1e+20
 30
-1e+20
  9
$LIMMIN
 10
0.0
 20
0.0
  9
$LIMMAX
 10
420.0
 20
297.0
  9
$ORTHOMODE
 70
0
  9
$REGENMODE
 70
1
  9
$FILLMODE
 70
1
  9
$QTEXTMODE
 70
0
  9
$MIRRTEXT
 70
1
  9
$LTSCALE
 40
1.0
  9
$ATTMODE
 70
1
  9
$TEXTSIZE
 40
2.5
  9
$TRACEWID
 40
1.0
  9
$TEXTSTYLE
  7
Standard
  9
$CLAYER
  8
0
  9
$CELTYPE
  6
ByLayer
  9
$CECOLOR
 62
256
  9
$CELTSCALE
 40
1.0
  9
$DISPSILH
 70
0
  9
$DIMSCALE
 40
1.0
  9
$DIMASZ
 40
2.5
  9
$DIMEXO
 40
0.625
  9
$DIMDLI
 40
3.75
  9
$DIMRND
 40
0.0
  9
$DIMDLE
 40
0.0
  9
$DIMEXE
 40
1.25
  9
$DIMTP
 40
0.0
  9
$DIMTM
 40
0.0
  9
$DIMTXT
 40
2.5
  9
$DIMCEN
 40
2.5
  9
$DIMTSZ
 40
0.0
  9
$DIMTOL
 70
0
  9
$DIMLIM
 70
0
  9
$DIMTIH
 70
0
  9
$DIMTOH
 70
0
  9
$DIMSE1
 70
0
  9
$DIMSE2
 70
0
  9
$DIMTAD
 70
1
  9
$DIMZIN
 70
8
  9
$DIMBLK
  1

  9
$DIMASO
 70
1
  9
$DIMSHO
 70
1
  9
$DIMPOST
  1

  9
$DIMAPOST
  1

  9
$DIMALT
 70
0
  9
$DIMALTD
 70
3
  9
$DIMALTF
 40
0.03937007874
  9
$DIMLFAC
 40
1.0
  9
$DIMTOFL
 70
1
  9
$DIMTVP
 40
0.0
  9
$DIMTIX
 70
0
  9
$DIMSOXD
 70
0
  9
$DIMSAH
 70
0
  9
$DIMBLK1
  1

  9
$DIMBLK2
  1

  9
$DIMSTYLE
  2
ISO-25
  9
$DIMCLRD
 70
0
  9
$DIMCLRE
 70
0
  9
$DIMCLRT
 70
0
  9
$DIMTFAC
 40
1.0
  9
$DIMGAP
 40
0.625
  9
$DIMJUST
 70
0
  9
$DIMSD1
 70
0
  9
$DIMSD2
 70
0
  9
$DIMTOLJ
 70
0
  9
$DIMTZIN
 70
8
  9
$DIMALTZ
 70
0
  9
$DIMALTTZ
 70
0
  9
$DIMUPT
 70
0
  9
$DIMDEC
 70
2
  9
$DIMTDEC
 70
2
  9
$DIMALTU
 70
2
  9
$DIMALTTD
 70
3
  9
$DIMTXSTY
  7
Standard
  9
$DIMAUNIT
 70
0
  9
$DIMADEC
 70
0
  9
$DIMALTRND
 40
0.0
  9
$DIMAZIN
 70
0
  9
$DIMDSEP
 70
44
  9
$DIMATFIT
 70
3
  9
$DIMFRAC
 70
0
  9
$DIMLDRBLK
  1

  9
$DIMLUNIT
 70
2
  9
$DIMLWD
 70
-2
  9
$DIMLWE
 70
-2
  9
$DIMTMOVE
 70
0
  9
$LUNITS
 70
2
  9
$LUPREC
 70
4
  9
$SKETCHINC
 40
1.0
  9
$FILLETRAD
 40
10.0
  9
$AUNITS
 70
0
  9
$AUPREC
 70
2
  9
$MENU
  1
.
  9
$ELEVATION
 40
0.0
  9
$PELEVATION
 40
0.0
  9
$THICKNESS
 40
0.0
  9
$LIMCHECK
 70
0
  9
$CHAMFERA
 40
0.0
  9
$CHAMFERB
 40
0.0
  9
$CHAMFERC
 40
0.0
  9
$CHAMFERD
 40
0.0
  9
$SKPOLY
 70
0
  9
$TDCREATE
 40
2461278.831377315
  9
$TDUCREATE
 40
2458532.153996898
  9
$TDUPDATE
 40
2461278.831377315
  9
$TDUUPDATE
 40
2458532.1544311
  9
$TDINDWG
 40
0.0
  9
$TDUSRTIMER
 40
0.0
  9
$USRTIMER
 70
1
  9
$ANGBASE
 50
0.0
  9
$ANGDIR
 70
0
  9
$PDMODE
 70
0
  9
$PDSIZE
 40
0.0
  9
$PLINEWID
 40
0.0
  9
$SPLFRAME
 70
0
  9
$SPLINETYPE
 70
6
  9
$SPLINESEGS
 70
8
  9
$HANDSEED
  5
1FA
  9
$SURFTAB1
 70
6
  9
$SURFTAB2
 70
6
  9
$SURFTYPE
 70
6
  9
$SURFU
 70
6
  9
$SURFV
 70
6
  9
$UCSBASE
  2

  9
$UCSNAME
  2

  9
$UCSORG
 10
0.0
 20
0.0
 30
0.0
  9
$UCSXDIR
 10
1.0
 20
0.0
 30
0.0
  9
$UCSYDIR
 10
0.0
 20
1.0
 30
0.0
  9
$UCSORTHOREF
  2

  9
$UCSORTHOVIEW
 70
0
  9
$UCSORGTOP
 10
0.0
 20
0.0
 30
0.0
  9
$UCSORGBOTTOM
 10
0.0
 20
0.0
 30
0.0
  9
$UCSORGLEFT
 10
0.0
 20
0.0
 30
0.0
  9
$UCSORGRIGHT
 10
0.0
 20
0.0
 30
0.0
  9
$UCSORGFRONT
 10
0.0
 20
0.0
 30
0.0
  9
$UCSORGBACK
 10
0.0
 20
0.0
 30
0.0
  9
$PUCSBASE
  2

  9
$PUCSNAME
  2

  9
$PUCSORG
 10
0.0
 20
0.0
 30
0.0
  9
$PUCSXDIR
 10
1.0
 20
0.0
 30
0.0
  9
$PUCSYDIR
 10
0.0
 20
1.0
 30
0.0
  9
$PUCSORTHOREF
  2

  9
$PUCSORTHOVIEW
 70
0
  9
$PUCSORGTOP
 10
0.0
 20
0.0
 30
0.0
  9
$PUCSORGBOTTOM
 10
0.0
 20
0.0
 30
0.0
  9
$PUCSORGLEFT
 10
0.0
 20
0.0
 30
0.0
  9
$PUCSORGRIGHT
 10
0.0
 20
0.0
 30
0.0
  9
$PUCSORGFRONT
 10
0.0
 20
0.0
 30
0.0
  9
$PUCSORGBACK
 10
0.0
 20
0.0
 30
0.0
  9
$USERI1
 70
0
  9
$USERI2
 70
0
  9
$USERI3
 70
0
  9
$USERI4
 70
0
  9
$USERI5
 70
0
  9
$USERR1
 40
0.0
  9
$USERR2
 40
0.0
  9
$USERR3
 40
0.0
  9
$USERR4
 40
0.0
  9
$USERR5
 40
0.0
  9
$WORLDVIEW
 70
1
  9
$SHADEDGE
 70
3
  9
$SHADEDIF
 70
70
  9
$TILEMODE
 70
1
  9
$MAXACTVP
 70
64
  9
$PINSBASE
 10
0.0
 20
0.0
 30
0.0
  9
$PLIMCHECK
 70
0
  9
$PEXTMIN
 10
1e+20
 20
1e+20
 30
1e+20
  9
$PEXTMAX
 10
-1e+20
 20
-1e+20
 30
-1e+20
  9
$PLIMMIN
 10
0.0
 20
0.0
  9
$PLIMMAX
 10
420.0
 20
297.0
  9
$UNITMODE
 70
0
  9
$VISRETAIN
 70
1
  9
$PLINEGEN
 70
0
  9
$PSLTSCALE
 70
1
  9
$TREEDEPTH
 70
3020
  9
$CMLSTYLE
  2
Standard
  9
$CMLJUST
 70
0
  9
$CMLSCALE
 40
20.0
  9
$PROXYGRAPHICS
 70
1
  9
$MEASUREMENT
 70
1
  9
$CELWEIGHT
370
-1
  9
$ENDCAPS
280
0
  9
$JOINSTYLE
280
0
  9
$LWDISPLAY
290
0
  9
$INSUNITS
 70
4
  9
$HYPERLINKBASE
  1

  9
$STYLESHEET
  1

  9
$XEDIT
290
1
  9
$CEPSNTYPE
380
0
  9
$PSTYLEMODE
290
1
  9
$FINGERPRINTGUID
  2
{FF068CD3-92A9-458E-A054-B1A59BBC7A43}
  9
$VERSIONGUID
  2
{793CDDBA-A5D1-4A16-B6FC-20A29A66039D}
  9
$EXTNAMES
290
1
  9
$PSVPSCALE
 40
0.0
  9
$OLESTARTUP
290
0
  0
ENDSEC
  0
SECTION
  2
CLASSES
  0
CLASS
  1
ACDBDICTIONARYWDFLT
  2
AcDbDictionaryWithDefault
  3
ObjectDBX Classes
 90
0
280
0
281
0
  0
CLASS
  1
SUN
  2
AcDbSun
  3
SCENEOE
 90
1153
280
0
281
0
  0
CLASS
  1
VISUALSTYLE
  2
AcDbVisualStyle
  3
ObjectDBX Classes
 90
4095
280
0
281
0
  0
CLASS
  1
MATERIAL
  2
AcDbMaterial
  3
ObjectDBX Classes
 90
1153
280
0
281
0
  0
CLASS
  1
SCALE
  2
AcDbScale
  3
ObjectDBX Classes
 90
1153
280
0
281
0
  0
CLASS
  1
TABLESTYLE
  2
AcDbTableStyle
  3
ObjectDBX Classes
 90
4095
280
0
281
0
  0
CLASS
  1
MLEADERSTYLE
  2
AcDbMLeaderStyle
  3
ACDB_MLEADERSTYLE_CLASS
 90
4095
280
0
281
0
  0
CLASS
  1
DICTIONARYVAR
  2
AcDbDictionaryVar
  3
ObjectDBX Classes
 90
0
280
0
281
0
  0
CLASS
  1
CELLSTYLEMAP
  2
AcDbCellStyleMap
  3
ObjectDBX Classes
 90
1152
280
0
281
0
  0
CLASS
  1
MENTALRAYRENDERSETTINGS
  2
AcDbMentalRayRenderSettings
  3
SCENEOE
 90
1024
280
0
281
0
  0
CLASS
  1
ACDBDETAILVIEWSTYLE
  2
AcDbDetailViewStyle
  3
ObjectDBX Classes
 90
1025
280
0
281
0
  0
CLASS
  1
ACDBSECTIONVIEWSTYLE
  2
AcDbSectionViewStyle
  3
ObjectDBX Classes
 90
1025
280
0
281
0
  0
CLASS
  1
RASTERVARIABLES
  2
AcDbRasterVariables
  3
ISM
 90
0
280
0
281
0
  0
CLASS
  1
ACDBPLACEHOLDER
  2
AcDbPlaceHolder
  3
ObjectDBX Classes
 90
0
280
0
281
0
  0
CLASS
  1
LAYOUT
  2
AcDbLayout
  3
ObjectDBX Classes
 90
0
280
0
281
0
  0
ENDSEC
  0
SECTION
  2
TABLES
  0
TABLE
  2
VPORT
  5
8
330
0
100
AcDbSymbolTable
 70
1
  0
VPORT
  5
23
330
8
100
AcDbSymbolTableRecord
100
AcDbViewportTableRecord
  2
*Active
 70
0
 10
0.0
 20
0.0
 11
1.0
 21
1.0
 12
0.0
 22
0.0
 13
0.0
 23
0.0
 14
0.5
 24
0.5
 15
0.5
 25
0.5
 16
0.0
 26
0.0
 36
1.0
 17
0.0
 27
0.0
 37
0.0
 40
1000.0
 41
1.34
 42
50.0
 43
0.0
 44
0.0
 50
0.0
 51
0.0
 71
0
 72
1000
 73
1
 74
3
 75
0
 76
0
 77
0
 78
0
281
0
 65
0
146
0.0
  0
ENDTAB
  0
TABLE
  2
LTYPE
  5
2
330
0
100
AcDbSymbolTable
 70
3
  0
LTYPE
  5
24
330
2
100
AcDbSymbolTableRecord
100
AcDbLinetypeTableRecord
  2
ByBlock
 70
0
  3

 72
65
 73
0
 40
0.0
  0
LTYPE
  5
25
330
2
100
AcDbSymbolTableRecord
100
AcDbLinetypeTableRecord
  2
ByLayer
 70
0
  3

 72
65
 73
0
 40
0.0
  0
LTYPE
  5
26
330
2
100
AcDbSymbolTableRecord
100
AcDbLinetypeTableRecord
  2
Continuous
 70
0
  3

 72
65
 73
0
 40
0.0
  0
ENDTAB
  0
TABLE
  2
LAYER
  5
1
330
0
100
AcDbSymbolTable
 70
4
  0
LAYER
  5
27
330
1
100
AcDbSymbolTableRecord
100
AcDbLayerTableRecord
  2
0
 70
0
 62
7
  6
Continuous
370
-3
390
13
  0
LAYER
  5
28
330
1
100
AcDbSymbolTableRecord
100
AcDbLayerTableRecord
  2
Defpoints
 70
0
 62
7
  6
Continuous
290
0
370
-3
390
13
  0
LAYER
  5
2F
330
1
100
AcDbSymbolTableRecord
100
AcDbLayerTableRecord
  2
CUT
 70
0
 62
1
  6
Continuous
370
-3
390
13
  0
LAYER
  5
30
330
1
100
AcDbSymbolTableRecord
100
AcDbLayerTableRecord
  2
RASTER
 70
0
 62
7
  6
Continuous
370
-3
390
13
  0
ENDTAB
  0
TABLE
  2
STYLE
  5
5
330
0
100
AcDbSymbolTable
 70
1
  0
STYLE
  5
29
330
5
100
AcDbSymbolTableRecord
100
AcDbTextStyleTableRecord
  2
Standard
 70
0
 40
0.0
 41
1.0
 50
0.0
 71
0
 42
2.5
  3
txt
  4

  0
ENDTAB
  0
TABLE
  2
VIEW
  5
7
330
0
100
AcDbSymbolTable
 70
0
  0
ENDTAB
  0
TABLE
  2
UCS
  5
6
330
0
100
AcDbSymbolTable
 70
0
  0
ENDTAB
  0
TABLE
  2
APPID
  5
3
330
0
100
AcDbSymbolTable
 70
3
  0
APPID
  5
2A
330
3
100
AcDbSymbolTableRecord
100
AcDbRegAppTableRecord
  2
ACAD
 70
0
  0
APPID
  5
1F7
330
3
100
AcDbSymbolTableRecord
100
AcDbRegAppTableRecord
  2
HATCHBACKGROUNDCOLOR
 70
0
  0
APPID
  5
1F8
330
3
100
AcDbSymbolTableRecord
100
AcDbRegAppTableRecord
  2
EZDXF
 70
0
  0
ENDTAB
  0
TABLE
  2
DIMSTYLE
  5
4
330
0
100
AcDbSymbolTable
 70
1
100
AcDbDimStyleTable
  0
DIMSTYLE
105
2B
330
4
100
AcDbSymbolTableRecord
100
AcDbDimStyleTableRecord
  2
Standard
 70
0
  3

  4

 40
1.0
 41
2.5
 42
0.625
 43
3.75
 44
1.25
 45
0.0
 46
0.0
 47
0.0
 48
0.0
140
2.5
141
2.5
142
0.0
143
0.03937007874
144
1.0
145
0.0
146
1.0
147
0.625
148
0.0
 71
0
 72
0
 73
0
 74
0
 75
0
 76
0
 77
1
 78
8
 79
3
170
0
171
3
172
1
173
0
174
0
175
0
176
0
177
0
178
0
179
2
271
2
272
2
273
2
274
3
275
0
276
0
277
2
278
44
279
0
280
0
281
0
282
0
283
0
284
8
285
0
286
0
288
0
289
3
371
-2
372
-2
  0
ENDTAB
  0
TABLE
  2
BLOCK_RECORD
  5
9
330
0
100
AcDbSymbolTable
 70
2
  0
BLOCK_RECORD
  5
17
330
9
100
AcDbSymbolTableRecord
100
AcDbBlockTableRecord
  2
*Model_Space
340
1A
  0
BLOCK_RECORD
  5
1B
330
9
100
AcDbSymbolTableRecord
100
AcDbBlockTableRecord
  2
*Paper_Space
340
1E
  0
ENDTAB
  0
ENDSEC
  0
SECTION
  2
BLOCKS
  0
BLOCK
  5
18
330
17
100
AcDbEntity
  8
0
100
AcDbBlockBegin
  2
*Model_Space
 70
0
 10
0.0
 20
0.0
 30
0.0
  3
*Model_Space
  1

  0
ENDBLK
  5
19
330
17
100
AcDbEntity
  8
0
100
AcDbBlockEnd
  0
BLOCK
  5
1C
330
1B
100
AcDbEntity
  8
0
100
AcDbBlockBegin
  2
*Paper_Space
 70
0
 10
0.0
 20
0.0
 30
0.0
  3
*Paper_Space
  1

  0
ENDBLK
  5
1D
330
1B
100
AcDbEntity
  8
0
100
AcDbBlockEnd
  0
ENDSEC
  0
SECTION
  2
ENTITIES
  0
LWPOLYLINE
  5
31
330
17
100
AcDbEntity
  8
CUT
100
AcDbPolyline
 90
221
 70
1
 10
5.853
 20
201.728
 10
6.112
 20
205.439
 10
6.424
 20
209.0
 10
6.798
 20
212.554
 10
7.233
 20
216.101
 10
7.731
 20
219.641
 10
8.29
 20
223.171
 10
8.911
 20
226.69
 10
9.593
 20
230.199
 10
10.336
 20
233.695
 10
11.14
 20
237.177
 10
12.005
 20
240.645
 10
12.93
 20
244.097
 10
13.915
 20
247.533
 10
14.96
 20
250.95
 10
16.065
 20
254.35
 10
17.229
 20
257.729
 10
18.451
 20
261.087
 10
19.732
 20
264.424
 10
21.071
 20
267.738
 10
22.468
 20
271.027
 10
23.921
 20
274.292
 10
25.432
 20
277.532
 10
26.999
 20
280.744
 10
28.621
 20
283.928
 10
30.299
 20
287.084
 10
32.032
 20
290.21
 10
33.819
 20
293.305
 10
35.66
 20
296.368
 10
37.554
 20
299.399
 10
39.501
 20
302.397
 10
41.5
 20
305.36
 10
43.55
 20
308.287
 10
45.651
 20
311.179
 10
47.802
 20
314.033
 10
50.002
 20
316.849
 10
52.251
 20
319.627
 10
54.549
 20
322.365
 10
56.894
 20
325.062
 10
59.285
 20
327.718
 10
61.723
 20
330.332
 10
64.206
 20
332.902
 10
66.733
 20
335.43
 10
69.304
 20
337.912
 10
71.918
 20
340.35
 10
74.574
 20
342.741
 10
77.272
 20
345.086
 10
80.01
 20
347.383
 10
82.787
 20
349.632
 10
85.604
 20
351.832
 10
88.458
 20
353.983
 10
91.35
 20
356.084
 10
94.277
 20
358.134
 10
97.24
 20
360.132
 10
100.238
 20
362.079
 10
103.269
 20
363.973
 10
106.333
 20
365.813
 10
109.428
 20
367.6
 10
112.554
 20
369.333
 10
115.71
 20
371.011
 10
118.894
 20
372.633
 10
122.106
 20
374.2
 10
125.346
 20
375.71
 10
128.611
 20
377.164
 10
131.901
 20
378.56
 10
135.215
 20
379.899
 10
138.551
 20
381.179
 10
141.91
 20
382.402
 10
145.289
 20
383.565
 10
148.688
 20
384.669
 10
152.106
 20
385.714
 10
155.542
 20
386.699
 10
158.994
 20
387.624
 10
162.462
 20
388.489
 10
165.944
 20
389.293
 10
169.44
 20
390.036
 10
172.949
 20
390.717
 10
176.469
 20
391.338
 10
179.999
 20
391.897
 10
183.538
 20
392.394
 10
187.085
 20
392.83
 10
190.64
 20
393.203
 10
194.2
 20
393.515
 10
197.766
 20
393.764
 10
201.335
 20
393.951
 10
204.907
 20
394.075
 10
208.48
 20
394.138
 10
212.054
 20
394.137
 10
215.628
 20
394.075
 10
219.199
 20
393.95
 10
222.898
 20
393.756
 10
222.898
 20
343.503
 10
226.941
 20
343.503
 10
228.067
 20
344.32
 10
229.424
 20
344.843
 10
230.869
 20
345.003
 10
232.307
 20
344.788
 10
233.642
 20
344.212
 10
234.786
 20
343.314
 10
235.661
 20
342.153
 10
236.211
 20
340.807
 10
236.399
 20
339.365
 10
236.211
 20
337.924
 10
235.661
 20
336.578
 10
234.786
 20
335.417
 10
233.642
 20
334.519
 10
232.307
 20
333.943
 10
230.869
 20
333.728
 10
229.424
 20
333.887
 10
228.067
 20
334.411
 10
226.941
 20
335.228
 10
222.898
 20
335.228
 10
222.898
 20
293.278
 10
218.461
 20
293.278
 10
217.279
 20
294.128
 10
215.978
 20
294.626
 10
214.593
 20
294.775
 10
213.215
 20
294.566
 10
211.937
 20
294.012
 10
210.843
 20
293.15
 10
210.004
 20
292.037
 10
209.478
 20
290.747
 10
209.299
 20
289.365
 10
209.478
 20
287.984
 10
210.004
 20
286.694
 10
210.843
 20
285.581
 10
211.937
 20
284.719
 10
213.215
 20
284.165
 10
214.593
 20
283.955
 10
215.978
 20
284.105
 10
217.279
 20
284.603
 10
218.461
 20
285.453
 10
222.898
 20
285.453
 10
222.898
 20
243.503
 10
226.941
 20
243.503
 10
228.067
 20
244.32
 10
229.424
 20
244.843
 10
230.869
 20
245.003
 10
232.307
 20
244.788
 10
233.642
 20
244.212
 10
234.786
 20
243.314
 10
235.661
 20
242.153
 10
236.211
 20
240.807
 10
236.399
 20
239.365
 10
236.211
 20
237.924
 10
235.661
 20
236.578
 10
234.786
 20
235.417
 10
233.642
 20
234.519
 10
232.307
 20
233.943
 10
230.869
 20
233.728
 10
229.424
 20
233.887
 10
228.067
 20
234.411
 10
226.941
 20
235.228
 10
222.898
 20
235.228
 10
222.898
 20
201.865
 10
222.898
 20
176.728
 10
197.623
 20
176.728
 10
197.623
 20
201.728
 10
164.173
 20
201.728
 10
164.173
 20
206.165
 10
165.023
 20
207.346
 10
165.521
 20
208.647
 10
165.67
 20
210.033
 10
165.461
 20
211.41
 10
164.907
 20
212.689
 10
164.045
 20
213.783
 10
162.932
 20
214.621
 10
161.642
 20
215.147
 10
160.26
 20
215.327
 10
158.879
 20
215.147
 10
157.589
 20
214.621
 10
156.476
 20
213.783
 10
155.613
 20
212.689
 10
155.059
 20
211.41
 10
154.85
 20
210.033
 10
155.0
 20
208.647
 10
155.498
 20
207.346
 10
156.348
 20
206.165
 10
156.348
 20
201.728
 10
114.398
 20
201.728
 10
114.398
 20
197.685
 10
115.214
 20
196.558
 10
115.738
 20
195.202
 10
115.898
 20
193.757
 10
115.683
 20
192.319
 10
115.107
 20
190.983
 10
114.209
 20
189.84
 10
113.048
 20
188.964
 10
111.702
 20
188.414
 10
110.26
 20
188.227
 10
108.818
 20
188.414
 10
107.472
 20
188.964
 10
106.312
 20
189.84
 10
105.414
 20
190.983
 10
104.838
 20
192.319
 10
104.623
 20
193.757
 10
104.782
 20
195.202
 10
105.306
 20
196.558
 10
106.123
 20
197.685
 10
106.123
 20
201.728
 10
64.173
 20
201.728
 10
64.173
 20
206.165
 10
65.023
 20
207.346
 10
65.521
 20
208.647
 10
65.67
 20
210.033
 10
65.461
 20
211.41
 10
64.907
 20
212.689
 10
64.045
 20
213.783
 10
62.932
 20
214.621
 10
61.642
 20
215.147
 10
60.26
 20
215.327
 10
58.879
 20
215.147
 10
57.589
 20
214.621
 10
56.476
 20
213.783
 10
55.613
 20
212.689
 10
55.059
 20
211.41
 10
54.85
 20
210.033
 10
55.0
 20
208.647
 10
55.498
 20
207.346
 10
56.348
 20
206.165
 10
56.348
 20
201.728
  0
HATCH
  5
32
330
17
100
AcDbEntity
  8
RASTER
 62
7
100
AcDbHatch
 10
0.0
 20
0.0
 30
0.0
210
0.0
220
0.0
230
1.0
  2
SOLID
 70
1
 71
0
 91
1
 92
3
 72
0
 73
1
 93
54
 10
27.915
 20
236.296
 10
27.764
 20
236.221
 10
27.641
 20
236.181
 10
27.544
 20
236.175
 10
27.474
 20
236.203
 10
27.432
 20
236.264
 10
27.416
 20
236.36
 10
27.427
 20
236.489
 10
27.465
 20
236.653
 10
28.221
 20
239.297
 10
28.279
 20
239.471
 10
28.352
 20
239.635
 10
28.438
 20
239.787
 10
28.539
 20
239.929
 10
28.654
 20
240.059
 10
28.782
 20
240.178
 10
28.925
 20
240.285
 10
29.082
 20
240.382
 10
36.116
 20
244.29
 10
36.275
 20
244.365
 10
36.425
 20
244.408
 10
36.566
 20
244.419
 10
36.698
 20
244.399
 10
36.821
 20
244.346
 10
36.935
 20
244.262
 10
37.04
 20
244.146
 10
37.135
 20
243.998
 10
41.043
 20
236.965
 10
41.125
 20
236.8
 10
41.189
 20
236.633
 10
41.236
 20
236.464
 10
41.265
 20
236.293
 10
41.275
 20
236.12
 10
41.268
 20
235.944
 10
41.244
 20
235.767
 10
41.201
 20
235.588
 10
40.446
 20
232.944
 10
40.392
 20
232.785
 10
40.333
 20
232.669
 10
40.269
 20
232.597
 10
40.2
 20
232.567
 10
40.126
 20
232.58
 10
40.048
 20
232.636
 10
39.964
 20
232.736
 10
39.875
 20
232.878
 10
35.968
 20
239.912
 10
35.872
 20
240.06
 10
35.768
 20
240.176
 10
35.654
 20
240.26
 10
35.531
 20
240.312
 10
35.399
 20
240.333
 10
35.258
 20
240.321
 10
35.107
 20
240.278
 10
34.948
 20
240.203
 97
0
 75
0
 76
1
 98
0
  0
HATCH
  5
33
330
17
100
AcDbEntity
  8
RASTER
 62
7
100
AcDbHatch
 10
0.0
 20
0.0
 30
0.0
210
0.0
220
0.0
230
1.0
  2
SOLID
 70
1
 71
0
 91
1
 92
3
 72
0
 73
1
 93
54
 10
28.4
 20
210.325
 10
28.261
 20
210.231
 10
28.144
 20
210.175
 10
28.05
 20
210.155
 10
27.977
 20
210.173
 10
27.926
 20
210.229
 10
27.897
 20
210.321
 10
27.891
 20
210.451
 10
27.906
 20
210.618
 10
28.295
 20
213.34
 10
28.329
 20
213.521
 10
28.379
 20
213.693
 10
28.444
 20
213.856
 10
28.525
 20
214.009
 10
28.621
 20
214.154
 10
28.732
 20
214.289
 10
28.859
 20
214.415
 10
29.001
 20
214.533
 10
35.438
 20
219.36
 10
35.586
 20
219.456
 10
35.729
 20
219.519
 10
35.867
 20
219.55
 10
36.001
 20
219.548
 10
36.129
 20
219.512
 10
36.254
 20
219.444
 10
36.373
 20
219.344
 10
36.488
 20
219.21
 10
41.316
 20
212.773
 10
41.419
 20
212.621
 10
41.506
 20
212.464
 10
41.575
 20
212.303
 10
41.627
 20
212.138
 10
41.661
 20
211.968
 10
41.678
 20
211.793
 10
41.677
 20
211.614
 10
41.66
 20
211.431
 10
41.271
 20
208.709
 10
41.239
 20
208.544
 10
41.196
 20
208.421
 10
41.143
 20
208.34
 10
41.079
 20
208.302
 10
41.004
 20
208.305
 10
40.918
 20
208.35
 10
40.822
 20
208.437
 10
40.715
 20
208.566
 10
35.887
 20
215.003
 10
35.772
 20
215.136
 10
35.653
 20
215.237
 10
35.528
 20
215.305
 10
35.4
 20
215.34
 10
35.266
 20
215.343
 10
35.128
 20
215.312
 10
34.985
 20
215.249
 10
34.837
 20
215.153
 97
0
 75
0
 76
1
 98
0
  0
HATCH
  5
34
330
17
100
AcDbEntity
  8
RASTER
 62
7
100
AcDbHatch
 10
0.0
 20
0.0
 30
0.0
210
0.0
220
0.0
230
1.0
  2
SOLID
 70
1
 71
0
 91
1
 92
3
 72
0
 73
1
 93
54
 10
52.328
 20
288.68
 10
52.163
 20
288.656
 10
52.033
 20
288.655
 10
51.939
 20
288.679
 10
51.881
 20
288.726
 10
51.859
 20
288.798
 10
51.873
 20
288.894
 10
51.923
 20
289.013
 10
52.009
 20
289.157
 10
53.534
 20
291.446
 10
53.643
 20
291.594
 10
53.762
 20
291.728
 10
53.891
 20
291.846
 10
54.03
 20
291.95
 10
54.179
 20
292.039
 10
54.338
 20
292.113
 10
54.507
 20
292.172
 10
54.686
 20
292.217
 10
62.576
 20
293.795
 10
62.75
 20
293.818
 10
62.907
 20
293.813
 10
63.044
 20
293.781
 10
63.164
 20
293.721
 10
63.265
 20
293.634
 10
63.348
 20
293.519
 10
63.412
 20
293.376
 10
63.458
 20
293.206
 10
65.036
 20
285.317
 10
65.064
 20
285.134
 10
65.074
 20
284.956
 10
65.067
 20
284.781
 10
65.042
 20
284.609
 10
65.0
 20
284.441
 10
64.94
 20
284.276
 10
64.862
 20
284.115
 10
64.767
 20
283.957
 10
63.242
 20
281.669
 10
63.142
 20
281.534
 10
63.051
 20
281.442
 10
62.968
 20
281.392
 10
62.893
 20
281.385
 10
62.827
 20
281.42
 10
62.769
 20
281.498
 10
62.72
 20
281.618
 10
62.679
 20
281.78
 10
61.101
 20
289.67
 10
61.055
 20
289.84
 10
60.99
 20
289.983
 10
60.908
 20
290.097
 10
60.807
 20
290.185
 10
60.687
 20
290.245
 10
60.549
 20
290.277
 10
60.393
 20
290.281
 10
60.218
 20
290.258
 97
0
 75
0
 76
1
 98
0
  0
HATCH
  5
35
330
17
100
AcDbEntity
  8
RASTER
 62
7
100
AcDbHatch
 10
0.0
 20
0.0
 30
0.0
210
0.0
220
0.0
230
1.0
  2
SOLID
 70
1
 71
0
 91
1
 92
3
 72
0
 73
1
 93
54
 10
52.475
 20
262.702
 10
52.313
 20
262.657
 10
52.184
 20
262.64
 10
52.088
 20
262.652
 10
52.025
 20
262.692
 10
51.994
 20
262.76
 10
51.996
 20
262.857
 10
52.031
 20
262.982
 10
52.099
 20
263.136
 10
53.328
 20
265.595
 10
53.418
 20
265.756
 10
53.52
 20
265.904
 10
53.633
 20
266.037
 10
53.758
 20
266.158
 10
53.895
 20
266.264
 10
54.043
 20
266.358
 10
54.203
 20
266.437
 10
54.375
 20
266.503
 10
62.008
 20
269.048
 10
62.179
 20
269.092
 10
62.335
 20
269.107
 10
62.475
 20
269.092
 10
62.601
 20
269.048
 10
62.712
 20
268.973
 10
62.809
 20
268.87
 10
62.89
 20
268.736
 10
62.957
 20
268.573
 10
65.501
 20
260.94
 10
65.552
 20
260.763
 10
65.584
 20
260.587
 10
65.599
 20
260.412
 10
65.595
 20
260.239
 10
65.574
 20
260.067
 10
65.535
 20
259.896
 10
65.478
 20
259.726
 10
65.403
 20
259.558
 10
64.173
 20
257.098
 10
64.091
 20
256.952
 10
64.012
 20
256.849
 10
63.936
 20
256.789
 10
63.863
 20
256.773
 10
63.792
 20
256.8
 10
63.725
 20
256.869
 10
63.662
 20
256.983
 10
63.601
 20
257.139
 10
61.056
 20
264.772
 10
60.99
 20
264.935
 10
60.908
 20
265.068
 10
60.812
 20
265.172
 10
60.701
 20
265.246
 10
60.575
 20
265.291
 10
60.434
 20
265.306
 10
60.278
 20
265.291
 10
60.108
 20
265.246
 97
0
 75
0
 76
1
 98
0
  0
HATCH
  5
36
330
17
100
AcDbEntity
  8
RASTER
 62
7
100
AcDbHatch
 10
0.0
 20
0.0
 30
0.0
210
0.0
220
0.0
230
1.0
  2
SOLID
 70
1
 71
0
 91
1
 92
3
 72
0
 73
1
 93
54
 10
77.348
 20
315.249
 10
77.181
 20
315.258
 10
77.053
 20
315.282
 10
76.966
 20
315.324
 10
76.918
 20
315.382
 10
76.911
 20
315.456
 10
76.943
 20
315.548
 10
77.016
 20
315.655
 10
77.129
 20
315.78
 10
79.073
 20
317.724
 10
79.209
 20
317.848
 10
79.352
 20
317.956
 10
79.502
 20
318.047
 10
79.658
 20
318.122
 10
79.822
 20
318.18
 10
79.992
 20
318.221
 10
80.169
 20
318.246
 10
80.353
 20
318.254
 10
88.399
 20
318.254
 10
88.575
 20
318.243
 10
88.727
 20
318.208
 10
88.856
 20
318.149
 10
88.962
 20
318.067
 10
89.044
 20
317.961
 10
89.102
 20
317.833
 10
89.138
 20
317.68
 10
89.149
 20
317.504
 10
89.149
 20
309.459
 10
89.141
 20
309.274
 10
89.116
 20
309.097
 10
89.075
 20
308.927
 10
89.017
 20
308.763
 10
88.942
 20
308.607
 10
88.851
 20
308.457
 10
88.743
 20
308.314
 10
88.619
 20
308.178
 10
86.674
 20
306.234
 10
86.55
 20
306.121
 10
86.442
 20
306.049
 10
86.351
 20
306.016
 10
86.277
 20
306.023
 10
86.219
 20
306.071
 10
86.177
 20
306.158
 10
86.152
 20
306.286
 10
86.144
 20
306.453
 10
86.144
 20
314.499
 10
86.132
 20
314.675
 10
86.097
 20
314.827
 10
86.039
 20
314.956
 10
85.957
 20
315.062
 10
85.851
 20
315.144
 10
85.722
 20
315.202
 10
85.57
 20
315.238
 10
85.394
 20
315.249
 97
0
 75
0
 76
1
 98
0
  0
HATCH
  5
37
330
17
100
AcDbEntity
  8
RASTER
 62
7
100
AcDbHatch
 10
0.0
 20
0.0
 30
0.0
210
0.0
220
0.0
230
1.0
  2
SOLID
 70
1
 71
0
 91
1
 92
3
 72
0
 73
1
 93
54
 10
102.675
 20
341.784
 10
102.513
 20
341.825
 10
102.392
 20
341.874
 10
102.315
 20
341.932
 10
102.28
 20
341.998
 10
102.287
 20
342.073
 10
102.337
 20
342.156
 10
102.429
 20
342.247
 10
102.564
 20
342.347
 10
104.852
 20
343.872
 10
105.01
 20
343.968
 10
105.171
 20
344.045
 10
105.336
 20
344.105
 10
105.504
 20
344.148
 10
105.675
 20
344.172
 10
105.851
 20
344.18
 10
106.029
 20
344.169
 10
106.211
 20
344.141
 10
114.101
 20
342.563
 10
114.271
 20
342.517
 10
114.414
 20
342.453
 10
114.529
 20
342.37
 10
114.616
 20
342.269
 10
114.676
 20
342.15
 10
114.708
 20
342.012
 10
114.712
 20
341.855
 10
114.689
 20
341.681
 10
113.111
 20
333.791
 10
113.067
 20
333.612
 10
113.008
 20
333.443
 10
112.934
 20
333.284
 10
112.845
 20
333.136
 10
112.741
 20
332.997
 10
112.623
 20
332.868
 10
112.489
 20
332.749
 10
112.34
 20
332.64
 10
110.052
 20
331.114
 10
109.908
 20
331.028
 10
109.788
 20
330.978
 10
109.693
 20
330.964
 10
109.621
 20
330.986
 10
109.573
 20
331.044
 10
109.55
 20
331.138
 10
109.551
 20
331.268
 10
109.575
 20
331.434
 10
111.153
 20
339.323
 10
111.176
 20
339.498
 10
111.172
 20
339.654
 10
111.139
 20
339.792
 10
111.08
 20
339.912
 10
110.992
 20
340.013
 10
110.877
 20
340.096
 10
110.735
 20
340.16
 10
110.565
 20
340.206
 97
0
 75
0
 76
1
 98
0
  0
HATCH
  5
38
330
17
100
AcDbEntity
  8
RASTER
 62
7
100
AcDbHatch
 10
0.0
 20
0.0
 30
0.0
210
0.0
220
0.0
230
1.0
  2
SOLID
 70
1
 71
0
 91
1
 92
3
 72
0
 73
1
 93
54
 10
128.034
 20
342.706
 10
127.877
 20
342.767
 10
127.764
 20
342.831
 10
127.694
 20
342.898
 10
127.668
 20
342.968
 10
127.684
 20
343.041
 10
127.744
 20
343.117
 10
127.847
 20
343.196
 10
127.993
 20
343.278
 10
130.453
 20
344.508
 10
130.621
 20
344.583
 10
130.791
 20
344.64
 10
130.962
 20
344.679
 10
131.134
 20
344.701
 10
131.307
 20
344.704
 10
131.482
 20
344.689
 10
131.658
 20
344.657
 10
131.835
 20
344.607
 10
139.468
 20
342.062
 10
139.631
 20
341.996
 10
139.765
 20
341.914
 10
139.868
 20
341.818
 10
139.942
 20
341.706
 10
139.987
 20
341.58
 10
140.002
 20
341.44
 10
139.987
 20
341.284
 10
139.942
 20
341.114
 10
137.398
 20
333.48
 10
137.332
 20
333.308
 10
137.252
 20
333.148
 10
137.159
 20
333.0
 10
137.052
 20
332.863
 10
136.932
 20
332.738
 10
136.798
 20
332.625
 10
136.651
 20
332.523
 10
136.49
 20
332.434
 10
134.03
 20
331.204
 10
133.877
 20
331.136
 10
133.752
 20
331.101
 10
133.655
 20
331.099
 10
133.587
 20
331.13
 10
133.547
 20
331.193
 10
133.535
 20
331.29
 10
133.552
 20
331.418
 10
133.597
 20
331.58
 10
136.141
 20
339.213
 10
136.186
 20
339.383
 10
136.2
 20
339.539
 10
136.186
 20
339.68
 10
136.141
 20
339.806
 10
136.067
 20
339.917
 10
135.963
 20
340.013
 10
135.83
 20
340.095
 10
135.667
 20
340.162
 97
0
 75
0
 76
1
 98
0
  0
HATCH
  5
39
330
17
100
AcDbEntity
  8
RASTER
 62
7
100
AcDbHatch
 10
0.0
 20
0.0
 30
0.0
210
0.0
220
0.0
230
1.0
  2
SOLID
 70
1
 71
0
 91
1
 92
3
 72
0
 73
1
 93
54
 10
153.773
 20
368.98
 10
153.631
 20
369.069
 10
153.531
 20
369.153
 10
153.475
 20
369.231
 10
153.462
 20
369.305
 10
153.491
 20
369.374
 10
153.564
 20
369.438
 10
153.68
 20
369.497
 10
153.839
 20
369.551
 10
156.483
 20
370.306
 10
156.662
 20
370.349
 10
156.839
 20
370.374
 10
157.014
 20
370.381
 10
157.188
 20
370.37
 10
157.359
 20
370.341
 10
157.528
 20
370.295
 10
157.695
 20
370.23
 10
157.86
 20
370.148
 10
164.893
 20
366.241
 10
165.041
 20
366.145
 10
165.157
 20
366.04
 10
165.241
 20
365.926
 10
165.294
 20
365.803
 10
165.314
 20
365.671
 10
165.303
 20
365.53
 10
165.26
 20
365.38
 10
165.184
 20
365.221
 10
161.277
 20
358.187
 10
161.18
 20
358.03
 10
161.073
 20
357.888
 10
160.954
 20
357.759
 10
160.823
 20
357.644
 10
160.682
 20
357.543
 10
160.53
 20
357.457
 10
160.366
 20
357.384
 10
160.192
 20
357.326
 10
157.547
 20
356.57
 10
157.384
 20
356.532
 10
157.255
 20
356.521
 10
157.159
 20
356.537
 10
157.098
 20
356.58
 10
157.07
 20
356.649
 10
157.076
 20
356.746
 10
157.116
 20
356.869
 10
157.19
 20
357.02
 10
161.098
 20
364.053
 10
161.173
 20
364.213
 10
161.216
 20
364.363
 10
161.228
 20
364.504
 10
161.207
 20
364.636
 10
161.155
 20
364.759
 10
161.071
 20
364.873
 10
160.954
 20
364.977
 10
160.807
 20
365.073
 97
0
 75
0
 76
1
 98
0
  0
HATCH
  5
3A
330
17
100
AcDbEntity
  8
RASTER
 62
7
100
AcDbHatch
 10
0.0
 20
0.0
 30
0.0
210
0.0
220
0.0
230
1.0
  2
SOLID
 70
1
 71
0
 91
1
 92
3
 72
0
 73
1
 93
54
 10
179.461
 20
369.82
 10
179.332
 20
369.927
 10
179.245
 20
370.023
 10
179.2
 20
370.109
 10
179.197
 20
370.184
 10
179.235
 20
370.248
 10
179.316
 20
370.301
 10
179.439
 20
370.344
 10
179.603
 20
370.376
 10
182.326
 20
370.765
 10
182.509
 20
370.783
 10
182.688
 20
370.783
 10
182.863
 20
370.766
 10
183.033
 20
370.732
 10
183.198
 20
370.68
 10
183.359
 20
370.611
 10
183.516
 20
370.525
 10
183.668
 20
370.421
 10
190.105
 20
365.593
 10
190.239
 20
365.478
 10
190.339
 20
365.359
 10
190.407
 20
365.235
 10
190.442
 20
365.106
 10
190.445
 20
364.972
 10
190.414
 20
364.834
 10
190.351
 20
364.691
 10
190.255
 20
364.543
 10
185.427
 20
358.106
 10
185.31
 20
357.964
 10
185.184
 20
357.837
 10
185.049
 20
357.726
 10
184.904
 20
357.63
 10
184.751
 20
357.549
 10
184.588
 20
357.484
 10
184.416
 20
357.435
 10
184.235
 20
357.4
 10
181.513
 20
357.011
 10
181.346
 20
356.996
 10
181.216
 20
357.003
 10
181.123
 20
357.031
 10
181.068
 20
357.082
 10
181.05
 20
357.155
 10
181.07
 20
357.25
 10
181.126
 20
357.366
 10
181.22
 20
357.505
 10
186.048
 20
363.942
 10
186.144
 20
364.09
 10
186.207
 20
364.233
 10
186.238
 20
364.371
 10
186.235
 20
364.505
 10
186.2
 20
364.634
 10
186.132
 20
364.758
 10
186.031
 20
364.877
 10
185.898
 20
364.992
 97
0
 75
0
 76
1
 98
0
  0
HATCH
  5
3B
330
17
100
AcDbEntity
  8
RASTER
 62
7
100
AcDbHatch
 10
0.0
 20
0.0
 30
0.0
210
0.0
220
0.0
230
1.0
  2
SOLID
 70
1
 71
0
 91
1
 92
3
 72
0
 73
1
 93
54
 10
205.291
 20
370.585
 10
205.178
 20
370.709
 10
205.105
 20
370.817
 10
205.073
 20
370.908
 10
205.08
 20
370.983
 10
205.128
 20
371.041
 10
205.215
 20
371.082
 10
205.343
 20
371.107
 10
205.51
 20
371.115
 10
208.26
 20
371.115
 10
208.444
 20
371.107
 10
208.622
 20
371.082
 10
208.792
 20
371.041
 10
208.955
 20
370.983
 10
209.112
 20
370.908
 10
209.262
 20
370.817
 10
209.405
 20
370.709
 10
209.541
 20
370.585
 10
215.23
 20
364.896
 10
215.346
 20
364.763
 10
215.429
 20
364.631
 10
215.478
 20
364.498
 10
215.495
 20
364.365
 10
215.478
 20
364.233
 10
215.429
 20
364.1
 10
215.346
 20
363.968
 10
215.23
 20
363.835
 10
209.541
 20
358.146
 10
209.405
 20
358.021
 10
209.262
 20
357.914
 10
209.112
 20
357.823
 10
208.955
 20
357.748
 10
208.792
 20
357.69
 10
208.622
 20
357.649
 10
208.444
 20
357.624
 10
208.26
 20
357.615
 10
205.51
 20
357.615
 10
205.343
 20
357.624
 10
205.215
 20
357.649
 10
205.128
 20
357.69
 10
205.08
 20
357.748
 10
205.073
 20
357.823
 10
205.105
 20
357.914
 10
205.178
 20
358.021
 10
205.291
 20
358.146
 10
210.98
 20
363.835
 10
211.096
 20
363.968
 10
211.179
 20
364.1
 10
211.228
 20
364.233
 10
211.245
 20
364.365
 10
211.228
 20
364.498
 10
211.179
 20
364.631
 10
211.096
 20
364.763
 10
210.98
 20
364.896
 97
0
 75
0
 76
1
 98
0
  0
HATCH
  5
3C
330
17
100
AcDbEntity
  8
RASTER
 62
7
100
AcDbHatch
 10
0.0
 20
0.0
 30
0.0
210
0.0
220
0.0
230
1.0
  2
SOLID
 70
1
 71
0
 91
1
 92
3
 72
0
 73
1
 93
4
 10
222.993
 20
184.998
 10
222.21
 20
184.112
 10
222.51
 20
183.847
 10
223.293
 20
184.733
 97
0
 75
0
 76
1
 98
0
  0
HATCH
  5
3D
330
17
100
AcDbEntity
  8
RASTER
 62
7
100
AcDbHatch
 10
0.0
 20
0.0
 30
0.0
210
0.0
220
0.0
230
1.0
  2
SOLID
 70
1
 71
0
 91
1
 92
3
 72
0
 73
1
 93
4
 10
222.161
 20
182.286
 10
221.986
 20
180.587
 10
222.383
 20
180.546
 10
222.559
 20
182.245
 97
0
 75
0
 76
1
 98
0
  0
HATCH
  5
3E
330
17
100
AcDbEntity
  8
RASTER
 62
7
100
AcDbHatch
 10
0.0
 20
0.0
 30
0.0
210
0.0
220
0.0
230
1.0
  2
SOLID
 70
1
 71
0
 91
1
 92
3
 72
0
 73
1
 93
4
 10
221.28
 20
179.005
 10
219.874
 20
177.912
 10
220.12
 20
177.596
 10
221.526
 20
178.69
 97
0
 75
0
 76
1
 98
0
  0
HATCH
  5
3F
330
17
100
AcDbEntity
  8
RASTER
 62
7
100
AcDbHatch
 10
0.0
 20
0.0
 30
0.0
210
0.0
220
0.0
230
1.0
  2
SOLID
 70
1
 71
0
 91
1
 92
3
 72
0
 73
1
 93
4
 10
218.243
 20
177.514
 10
216.62
 20
177.465
 10
216.632
 20
177.065
 10
218.255
 20
177.114
 97
0
 75
0
 76
1
 98
0
  0
HATCH
  5
40
330
17
100
AcDbEntity
  8
RASTER
 62
7
100
AcDbHatch
 10
0.0
 20
0.0
 30
0.0
210
0.0
220
0.0
230
1.0
  2
SOLID
 70
1
 71
0
 91
1
 92
3
 72
0
 73
1
 93
4
 10
205.44
 20
177.465
 10
203.65
 20
177.465
 10
203.65
 20
177.065
 10
205.44
 20
177.065
 97
0
 75
0
 76
1
 98
0
  0
HATCH
  5
41
330
17
100
AcDbEntity
  8
RASTER
 62
7
100
AcDbHatch
 10
0.0
 20
0.0
 30
0.0
210
0.0
220
0.0
230
1.0
  2
SOLID
 70
1
 71
0
 91
1
 92
3
 72
0
 73
1
 93
4
 10
202.048
 20
177.535
 10
200.378
 20
178.052
 10
200.259
 20
177.67
 10
201.929
 20
177.152
 97
0
 75
0
 76
1
 98
0
  0
HATCH
  5
42
330
17
100
AcDbEntity
  8
RASTER
 62
7
100
AcDbHatch
 10
0.0
 20
0.0
 30
0.0
210
0.0
220
0.0
230
1.0
  2
SOLID
 70
1
 71
0
 91
1
 92
3
 72
0
 73
1
 93
4
 10
199.052
 20
179.286
 10
198.476
 20
180.897
 10
198.099
 20
180.762
 10
198.675
 20
179.151
 97
0
 75
0
 76
1
 98
0
  0
HATCH
  5
43
330
17
100
AcDbEntity
  8
RASTER
 62
7
100
AcDbHatch
 10
0.0
 20
0.0
 30
0.0
210
0.0
220
0.0
230
1.0
  2
SOLID
 70
1
 71
0
 91
1
 92
3
 72
0
 73
1
 93
4
 10
198.36
 20
182.51
 10
198.36
 20
184.224
 10
197.96
 20
184.224
 10
197.96
 20
182.51
 97
0
 75
0
 76
1
 98
0
  0
HATCH
  5
44
330
17
100
AcDbEntity
  8
RASTER
 62
7
100
AcDbHatch
 10
0.0
 20
0.0
 30
0.0
210
0.0
220
0.0
230
1.0
  2
SOLID
 70
1
 71
0
 91
1
 92
3
 72
0
 73
1
 93
4
 10
198.36
 20
195.484
 10
198.38
 20
197.068
 10
197.98
 20
197.073
 10
197.96
 20
195.489
 97
0
 75
0
 76
1
 98
0
  0
HATCH
  5
45
330
17
100
AcDbEntity
  8
RASTER
 62
7
100
AcDbHatch
 10
0.0
 20
0.0
 30
0.0
210
0.0
220
0.0
230
1.0
  2
SOLID
 70
1
 71
0
 91
1
 92
3
 72
0
 73
1
 93
4
 10
198.726
 20
198.765
 10
199.741
 20
200.249
 10
199.411
 20
200.475
 10
198.396
 20
198.99
 97
0
 75
0
 76
1
 98
0
  0
HATCH
  5
46
330
17
100
AcDbEntity
  8
RASTER
 62
7
100
AcDbHatch
 10
0.0
 20
0.0
 30
0.0
210
0.0
220
0.0
230
1.0
  2
SOLID
 70
1
 71
0
 91
1
 92
3
 72
0
 73
1
 93
4
 10
201.245
 20
201.023
 10
202.886
 20
201.258
 10
202.829
 20
201.654
 10
201.189
 20
201.419
 97
0
 75
0
 76
1
 98
0
  0
HATCH
  5
47
330
17
100
AcDbEntity
  8
RASTER
 62
7
100
AcDbHatch
 10
0.0
 20
0.0
 30
0.0
210
0.0
220
0.0
230
1.0
  2
SOLID
 70
1
 71
0
 91
1
 92
3
 72
0
 73
1
 93
4
 10
204.743
 20
201.301
 10
205.874
 20
202.084
 10
205.646
 20
202.412
 10
204.515
 20
201.63
 97
0
 75
0
 76
1
 98
0
  0
HATCH
  5
48
330
17
100
AcDbEntity
  8
RASTER
 62
7
100
AcDbHatch
 10
0.0
 20
0.0
 30
0.0
210
0.0
220
0.0
230
1.0
  2
SOLID
 70
1
 71
0
 91
1
 92
3
 72
0
 73
1
 93
4
 10
205.96
 20
204.205
 10
205.96
 20
205.77
 10
205.56
 20
205.77
 10
205.56
 20
204.205
 97
0
 75
0
 76
1
 98
0
  0
HATCH
  5
49
330
17
100
AcDbEntity
  8
RASTER
 62
7
100
AcDbHatch
 10
0.0
 20
0.0
 30
0.0
210
0.0
220
0.0
230
1.0
  2
SOLID
 70
1
 71
0
 91
1
 92
3
 72
0
 73
1
 93
4
 10
205.96
 20
207.726
 10
205.96
 20
209.291
 10
205.56
 20
209.291
 10
205.56
 20
207.726
 97
0
 75
0
 76
1
 98
0
  0
HATCH
  5
4A
330
17
100
AcDbEntity
  8
RASTER
 62
7
100
AcDbHatch
 10
0.0
 20
0.0
 30
0.0
210
0.0
220
0.0
230
1.0
  2
SOLID
 70
1
 71
0
 91
1
 92
3
 72
0
 73
1
 93
4
 10
204.982
 20
210.665
 10
203.427
 20
210.665
 10
203.427
 20
210.265
 10
204.982
 20
210.265
 97
0
 75
0
 76
1
 98
0
  0
HATCH
  5
4B
330
17
100
AcDbEntity
  8
RASTER
 62
7
100
AcDbHatch
 10
0.0
 20
0.0
 30
0.0
210
0.0
220
0.0
230
1.0
  2
SOLID
 70
1
 71
0
 91
1
 92
3
 72
0
 73
1
 93
4
 10
201.751
 20
210.79
 10
201.458
 20
212.622
 10
201.063
 20
212.559
 10
201.356
 20
210.727
 97
0
 75
0
 76
1
 98
0
  0
HATCH
  5
4C
330
17
100
AcDbEntity
  8
RASTER
 62
7
100
AcDbHatch
 10
0.0
 20
0.0
 30
0.0
210
0.0
220
0.0
230
1.0
  2
SOLID
 70
1
 71
0
 91
1
 92
3
 72
0
 73
1
 93
4
 10
202.26
 20
213.765
 10
203.86
 20
213.765
 10
203.86
 20
214.165
 10
202.26
 20
214.165
 97
0
 75
0
 76
1
 98
0
  0
HATCH
  5
4D
330
17
100
AcDbEntity
  8
RASTER
 62
7
100
AcDbHatch
 10
0.0
 20
0.0
 30
0.0
210
0.0
220
0.0
230
1.0
  2
SOLID
 70
1
 71
0
 91
1
 92
3
 72
0
 73
1
 93
4
 10
205.86
 20
213.765
 10
207.46
 20
213.765
 10
207.46
 20
214.165
 10
205.86
 20
214.165
 97
0
 75
0
 76
1
 98
0
  0
HATCH
  5
4E
330
17
100
AcDbEntity
  8
RASTER
 62
7
100
AcDbHatch
 10
0.0
 20
0.0
 30
0.0
210
0.0
220
0.0
230
1.0
  2
SOLID
 70
1
 71
0
 91
1
 92
3
 72
0
 73
1
 93
4
 10
209.46
 20
213.765
 10
211.06
 20
213.765
 10
211.06
 20
214.165
 10
209.46
 20
214.165
 97
0
 75
0
 76
1
 98
0
  0
HATCH
  5
4F
330
17
100
AcDbEntity
  8
RASTER
 62
7
100
AcDbHatch
 10
0.0
 20
0.0
 30
0.0
210
0.0
220
0.0
230
1.0
  2
SOLID
 70
1
 71
0
 91
1
 92
3
 72
0
 73
1
 93
4
 10
213.06
 20
213.765
 10
214.66
 20
213.765
 10
214.66
 20
214.165
 10
213.06
 20
214.165
 97
0
 75
0
 76
1
 98
0
  0
HATCH
  5
50
330
17
100
AcDbEntity
  8
RASTER
 62
7
100
AcDbHatch
 10
0.0
 20
0.0
 30
0.0
210
0.0
220
0.0
230
1.0
  2
SOLID
 70
1
 71
0
 91
1
 92
3
 72
0
 73
1
 93
4
 10
216.66
 20
213.765
 10
218.26
 20
213.765
 10
218.26
 20
214.165
 10
216.66
 20
214.165
 97
0
 75
0
 76
1
 98
0
  0
HATCH
  5
51
330
17
100
AcDbEntity
  8
RASTER
 62
7
100
AcDbHatch
 10
0.0
 20
0.0
 30
0.0
210
0.0
220
0.0
230
1.0
  2
SOLID
 70
1
 71
0
 91
1
 92
3
 72
0
 73
1
 93
4
 10
219.06
 20
212.6
 10
218.984
 20
211.093
 10
219.384
 20
211.073
 10
219.46
 20
212.58
 97
0
 75
0
 76
1
 98
0
  0
HATCH
  5
52
330
17
100
AcDbEntity
  8
RASTER
 62
7
100
AcDbHatch
 10
0.0
 20
0.0
 30
0.0
210
0.0
220
0.0
230
1.0
  2
SOLID
 70
1
 71
0
 91
1
 92
3
 72
0
 73
1
 93
4
 10
217.482
 20
210.665
 10
215.927
 20
210.665
 10
215.927
 20
210.265
 10
217.482
 20
210.265
 97
0
 75
0
 76
1
 98
0
  0
HATCH
  5
53
330
17
100
AcDbEntity
  8
RASTER
 62
7
100
AcDbHatch
 10
0.0
 20
0.0
 30
0.0
210
0.0
220
0.0
230
1.0
  2
SOLID
 70
1
 71
0
 91
1
 92
3
 72
0
 73
1
 93
4
 10
214.56
 20
209.291
 10
214.56
 20
207.726
 10
214.96
 20
207.726
 10
214.96
 20
209.291
 97
0
 75
0
 76
1
 98
0
  0
HATCH
  5
54
330
17
100
AcDbEntity
  8
RASTER
 62
7
100
AcDbHatch
 10
0.0
 20
0.0
 30
0.0
210
0.0
220
0.0
230
1.0
  2
SOLID
 70
1
 71
0
 91
1
 92
3
 72
0
 73
1
 93
4
 10
214.56
 20
205.77
 10
214.56
 20
204.205
 10
214.96
 20
204.205
 10
214.96
 20
205.77
 97
0
 75
0
 76
1
 98
0
  0
HATCH
  5
55
330
17
100
AcDbEntity
  8
RASTER
 62
7
100
AcDbHatch
 10
0.0
 20
0.0
 30
0.0
210
0.0
220
0.0
230
1.0
  2
SOLID
 70
1
 71
0
 91
1
 92
3
 72
0
 73
1
 93
4
 10
214.628
 20
202.098
 10
215.514
 20
201.315
 10
215.779
 20
201.615
 10
214.893
 20
202.398
 97
0
 75
0
 76
1
 98
0
  0
HATCH
  5
56
330
17
100
AcDbEntity
  8
RASTER
 62
7
100
AcDbHatch
 10
0.0
 20
0.0
 30
0.0
210
0.0
220
0.0
230
1.0
  2
SOLID
 70
1
 71
0
 91
1
 92
3
 72
0
 73
1
 93
4
 10
217.635
 20
201.258
 10
219.275
 20
201.023
 10
219.332
 20
201.419
 10
217.691
 20
201.654
 97
0
 75
0
 76
1
 98
0
  0
HATCH
  5
57
330
17
100
AcDbEntity
  8
RASTER
 62
7
100
AcDbHatch
 10
0.0
 20
0.0
 30
0.0
210
0.0
220
0.0
230
1.0
  2
SOLID
 70
1
 71
0
 91
1
 92
3
 72
0
 73
1
 93
4
 10
220.783
 20
200.243
 10
221.711
 20
198.983
 10
222.033
 20
199.221
 10
221.105
 20
200.48
 97
0
 75
0
 76
1
 98
0
  0
HATCH
  5
58
330
17
100
AcDbEntity
  8
RASTER
 62
7
100
AcDbHatch
 10
0.0
 20
0.0
 30
0.0
210
0.0
220
0.0
230
1.0
  2
SOLID
 70
1
 71
0
 91
1
 92
3
 72
0
 73
1
 93
4
 10
222.111
 20
197.349
 10
222.16
 20
195.481
 10
222.56
 20
195.491
 10
222.511
 20
197.359
 97
0
 75
0
 76
1
 98
0
  0
HATCH
  5
59
330
17
100
AcDbEntity
  8
RASTER
 62
7
100
AcDbHatch
 10
0.0
 20
0.0
 30
0.0
210
0.0
220
0.0
230
1.0
  2
SOLID
 70
1
 71
0
 91
1
 92
3
 72
0
 73
1
 93
32
 10
182.72
 20
206.646
 10
183.679
 20
208.162
 10
185.317
 20
209.152
 10
187.213
 20
209.816
 10
188.875
 20
210.559
 10
190.039
 20
211.746
 10
190.802
 20
213.447
 10
191.528
 20
215.358
 10
192.597
 20
216.963
 10
194.173
 20
217.845
 10
196.126
 20
217.962
 10
198.154
 20
217.689
 10
199.989
 20
217.61
 10
201.555
 20
218.154
 10
202.976
 20
219.326
 10
204.453
 20
220.682
 10
204.456
 20
220.663
 10
203.004
 20
219.211
 10
201.616
 20
217.952
 10
200.091
 20
217.33
 10
198.3
 20
217.348
 10
196.316
 20
217.578
 10
194.403
 20
217.438
 10
192.861
 20
216.551
 10
191.814
 20
214.961
 10
191.096
 20
213.083
 10
190.326
 20
211.429
 10
189.139
 20
210.299
 10
187.436
 20
209.619
 10
185.483
 20
209.021
 10
183.776
 20
208.094
 10
182.737
 20
206.635
 97
0
 75
0
 76
1
 98
0
  0
HATCH
  5
5A
330
17
100
AcDbEntity
  8
RASTER
 62
7
100
AcDbHatch
 10
0.0
 20
0.0
 30
0.0
210
0.0
220
0.0
230
1.0
  2
SOLID
 70
1
 71
0
 91
1
 92
3
 72
0
 73
1
 93
16
 10
213.589
 20
217.384
 10
215.057
 20
216.926
 10
216.661
 20
217.148
 10
218.342
 20
217.416
 10
219.847
 20
216.939
 10
221.082
 20
215.791
 10
222.313
 20
214.783
 10
222.76
 20
214.672
 10
222.76
 20
214.22
 10
222.121
 20
214.377
 10
220.922
 20
215.398
 10
219.724
 20
216.584
 10
218.257
 20
217.121
 10
216.611
 20
216.932
 10
215.036
 20
216.804
 10
213.586
 20
217.364
 97
0
 75
0
 76
1
 98
0
  0
HATCH
  5
5B
330
17
100
AcDbEntity
  8
RASTER
 62
7
100
AcDbHatch
 10
0.0
 20
0.0
 30
0.0
210
0.0
220
0.0
230
1.0
  2
SOLID
 70
1
 71
0
 91
1
 92
3
 72
0
 73
1
 93
28
 10
186.334
 20
217.704
 10
187.102
 20
219.316
 10
187.896
 20
221.011
 10
189.087
 20
222.237
 10
190.738
 20
222.743
 10
192.59
 20
222.795
 10
194.299
 20
222.984
 10
195.706
 20
223.763
 10
196.931
 20
225.07
 10
198.235
 20
226.359
 10
199.786
 20
227.019
 10
201.546
 20
226.864
 10
203.337
 20
226.291
 10
205.013
 20
225.976
 10
205.016
 20
225.956
 10
203.359
 20
226.174
 10
201.594
 20
226.659
 10
199.864
 20
226.738
 10
198.345
 20
226.018
 10
197.073
 20
224.691
 10
195.873
 20
223.369
 10
194.483
 20
222.598
 10
192.779
 20
222.437
 10
190.919
 20
222.434
 10
189.246
 20
221.991
 10
188.018
 20
220.838
 10
187.174
 20
219.223
 10
186.346
 20
217.689
 97
0
 75
0
 76
1
 98
0
  0
HATCH
  5
5C
330
17
100
AcDbEntity
  8
RASTER
 62
7
100
AcDbHatch
 10
0.0
 20
0.0
 30
0.0
210
0.0
220
0.0
230
1.0
  2
SOLID
 70
1
 71
0
 91
1
 92
3
 72
0
 73
1
 93
14
 10
217.533
 20
223.526
 10
218.719
 20
222.876
 10
219.897
 20
222.291
 10
221.128
 20
221.916
 10
222.437
 20
221.743
 10
223.791
 20
221.62
 10
225.105
 20
221.337
 10
225.096
 20
221.318
 10
223.716
 20
221.442
 10
222.324
 20
221.444
 10
221.012
 20
221.569
 10
219.808
 20
221.984
 10
218.672
 20
222.689
 10
217.529
 20
223.506
 97
0
 75
0
 76
1
 98
0
  0
HATCH
  5
5D
330
17
100
AcDbEntity
  8
RASTER
 62
7
100
AcDbHatch
 10
0.0
 20
0.0
 30
0.0
210
0.0
220
0.0
230
1.0
  2
SOLID
 70
1
 71
0
 91
1
 92
3
 72
0
 73
1
 93
30
 10
192.621
 20
231.246
 10
194.343
 20
231.408
 10
196.153
 20
231.204
 10
197.858
 20
231.152
 10
199.383
 20
231.642
 10
200.798
 20
232.672
 10
202.241
 20
233.838
 10
203.807
 20
234.596
 10
205.491
 20
234.618
 10
207.206
 20
234.013
 10
208.873
 20
233.255
 10
210.482
 20
232.878
 10
212.09
 20
233.121
 10
213.754
 20
233.773
 10
215.462
 20
234.315
 10
215.46
 20
234.295
 10
213.744
 20
233.652
 10
212.081
 20
232.903
 10
210.481
 20
232.574
 10
208.885
 20
232.879
 10
207.235
 20
233.584
 10
205.54
 20
234.157
 10
203.875
 20
234.125
 10
202.323
 20
233.381
 10
200.89
 20
232.251
 10
199.477
 20
231.278
 10
197.944
 20
230.861
 10
196.222
 20
230.998
 10
194.386
 20
231.295
 10
192.629
 20
231.228
 97
0
 75
0
 76
1
 98
0
  0
HATCH
  5
5E
330
17
100
AcDbEntity
  8
RASTER
 62
7
100
AcDbHatch
 10
0.0
 20
0.0
 30
0.0
210
0.0
220
0.0
230
1.0
  2
SOLID
 70
1
 71
0
 91
1
 92
3
 72
0
 73
1
 93
22
 10
170.645
 20
204.561
 10
171.622
 20
205.799
 10
172.43
 20
207.083
 10
172.994
 20
208.477
 10
173.351
 20
209.998
 10
173.638
 20
211.598
 10
174.03
 20
213.178
 10
174.683
 20
214.621
 10
175.667
 20
215.838
 10
176.95
 20
216.805
 10
178.407
 20
217.581
 10
178.422
 20
217.568
 10
177.067
 20
216.708
 10
175.883
 20
215.673
 10
174.982
 20
214.409
 10
174.388
 20
212.943
 10
174.021
 20
211.365
 10
173.725
 20
209.789
 10
173.32
 20
208.31
 10
172.676
 20
206.968
 10
171.762
 20
205.739
 10
170.664
 20
204.554
 97
0
 75
0
 76
1
 98
0
  0
HATCH
  5
5F
330
17
100
AcDbEntity
  8
RASTER
 62
7
100
AcDbHatch
 10
0.0
 20
0.0
 30
0.0
210
0.0
220
0.0
230
1.0
  2
SOLID
 70
1
 71
0
 91
1
 92
3
 72
0
 73
1
 93
16
 10
183.96
 20
220.837
 10
185.212
 20
221.647
 10
185.802
 20
223.362
 10
186.49
 20
225.066
 10
187.904
 20
225.732
 10
189.81
 20
225.503
 10
191.475
 20
225.561
 10
192.571
 20
226.696
 10
192.58
 20
226.678
 10
191.545
 20
225.425
 10
189.938
 20
225.277
 10
188.071
 20
225.461
 10
186.667
 20
224.8
 10
185.953
 20
223.152
 10
185.306
 20
221.526
 10
183.973
 20
220.822
 97
0
 75
0
 76
1
 98
0
  0
HATCH
  5
60
330
17
100
AcDbEntity
  8
RASTER
 62
7
100
AcDbHatch
 10
0.0
 20
0.0
 30
0.0
210
0.0
220
0.0
230
1.0
  2
SOLID
 70
1
 71
0
 91
1
 92
3
 72
0
 73
1
 93
32
 10
164.44
 20
213.85
 10
165.555
 20
215.111
 10
167.342
 20
215.931
 10
168.842
 20
216.858
 10
169.452
 20
218.361
 10
169.476
 20
220.338
 10
169.804
 20
222.165
 10
171.041
 20
223.281
 10
172.95
 20
223.761
 10
174.715
 20
224.285
 10
175.743
 20
225.499
 10
176.206
 20
227.359
 10
176.829
 20
229.135
 10
178.175
 20
230.093
 10
180.12
 20
230.227
 10
182.025
 20
230.305
 10
182.036
 20
230.289
 10
180.176
 20
230.152
 10
178.277
 20
229.963
 10
176.977
 20
228.959
 10
176.396
 20
227.147
 10
175.97
 20
225.261
 10
174.971
 20
224.033
 10
173.225
 20
223.507
 10
171.325
 20
223.036
 10
170.083
 20
221.939
 10
169.738
 20
220.139
 10
169.684
 20
218.196
 10
169.034
 20
216.731
 10
167.482
 20
215.844
 10
165.637
 20
215.064
 10
164.457
 20
213.84
 97
0
 75
0
 76
1
 98
0
  0
HATCH
  5
61
330
17
100
AcDbEntity
  8
RASTER
 62
7
100
AcDbHatch
 10
0.0
 20
0.0
 30
0.0
210
0.0
220
0.0
230
1.0
  2
SOLID
 70
1
 71
0
 91
1
 92
3
 72
0
 73
1
 93
24
 10
194.323
 20
238.074
 10
196.025
 20
237.863
 10
197.641
 20
237.817
 10
199.123
 20
238.232
 10
200.519
 20
239.115
 10
201.924
 20
240.167
 10
203.414
 20
240.955
 10
205.0
 20
241.158
 10
206.631
 20
240.751
 10
208.243
 20
240.023
 10
209.806
 20
239.417
 10
211.34
 20
239.271
 10
211.34
 20
239.251
 10
209.807
 20
239.271
 10
208.254
 20
239.763
 10
206.656
 20
240.395
 10
205.043
 20
240.735
 10
203.475
 20
240.498
 10
201.998
 20
239.712
 10
200.601
 20
238.697
 10
199.203
 20
237.885
 10
197.707
 20
237.564
 10
196.066
 20
237.724
 10
194.329
 20
238.055
 97
0
 75
0
 76
1
 98
0
  0
HATCH
  5
62
330
17
100
AcDbEntity
  8
RASTER
 62
7
100
AcDbHatch
 10
0.0
 20
0.0
 30
0.0
210
0.0
220
0.0
230
1.0
  2
SOLID
 70
1
 71
0
 91
1
 92
3
 72
0
 73
1
 93
6
 10
155.402
 20
201.865
 10
156.288
 20
203.095
 10
156.995
 20
204.522
 10
157.014
 20
204.517
 10
156.4
 20
203.067
 10
155.618
 20
201.865
 97
0
 75
0
 76
1
 98
0
  0
HATCH
  5
63
330
17
100
AcDbEntity
  8
RASTER
 62
7
100
AcDbHatch
 10
0.0
 20
0.0
 30
0.0
210
0.0
220
0.0
230
1.0
  2
SOLID
 70
1
 71
0
 91
1
 92
3
 72
0
 73
1
 93
14
 10
157.843
 20
217.891
 10
157.807
 20
219.733
 10
157.696
 20
221.68
 10
158.062
 20
223.386
 10
159.185
 20
224.61
 10
160.907
 20
225.382
 10
162.744
 20
226.003
 10
162.759
 20
225.991
 10
161.053
 20
225.275
 10
159.431
 20
224.44
 10
158.348
 20
223.199
 10
157.95
 20
221.523
 10
157.964
 20
219.642
 10
157.86
 20
217.881
 97
0
 75
0
 76
1
 98
0
  0
HATCH
  5
64
330
17
100
AcDbEntity
  8
RASTER
 62
7
100
AcDbHatch
 10
0.0
 20
0.0
 30
0.0
210
0.0
220
0.0
230
1.0
  2
SOLID
 70
1
 71
0
 91
1
 92
3
 72
0
 73
1
 93
34
 10
168.852
 20
228.609
 10
170.19
 20
229.411
 10
171.021
 20
230.719
 10
171.561
 20
232.379
 10
172.278
 20
233.904
 10
173.493
 20
234.871
 10
175.133
 20
235.281
 10
176.811
 20
235.579
 10
178.158
 20
236.29
 10
179.121
 20
237.578
 10
179.983
 20
239.089
 10
181.106
 20
240.237
 10
182.631
 20
240.684
 10
184.385
 20
240.64
 10
186.043
 20
240.698
 10
187.402
 20
241.346
 10
188.535
 20
242.557
 10
188.543
 20
242.538
 10
187.446
 20
241.246
 10
186.126
 20
240.522
 10
184.509
 20
240.396
 10
182.794
 20
240.382
 10
181.304
 20
239.89
 10
180.213
 20
238.712
 10
179.375
 20
237.185
 10
178.427
 20
235.897
 10
177.085
 20
235.2
 10
175.402
 20
234.93
 10
173.744
 20
234.56
 10
172.5
 20
233.644
 10
171.744
 20
232.176
 10
171.155
 20
230.577
 10
170.268
 20
229.334
 10
168.866
 20
228.595
 97
0
 75
0
 76
1
 98
0
  0
HATCH
  5
65
330
17
100
AcDbEntity
  8
RASTER
 62
7
100
AcDbHatch
 10
0.0
 20
0.0
 30
0.0
210
0.0
220
0.0
230
1.0
  2
SOLID
 70
1
 71
0
 91
1
 92
3
 72
0
 73
1
 93
30
 10
198.21
 20
244.655
 10
199.759
 20
244.842
 10
201.267
 20
245.249
 10
202.758
 20
245.857
 10
204.258
 20
246.583
 10
205.79
 20
247.308
 10
207.362
 20
247.896
 10
208.968
 20
248.233
 10
210.588
 20
248.254
 10
212.2
 20
247.954
 10
213.782
 20
247.396
 10
215.325
 20
246.69
 10
216.836
 20
245.971
 10
218.333
 20
245.363
 10
219.842
 20
244.952
 10
219.838
 20
244.933
 10
218.315
 20
245.24
 10
216.81
 20
245.749
 10
215.298
 20
246.38
 10
213.758
 20
247.011
 10
212.185
 20
247.513
 10
210.586
 20
247.778
 10
208.978
 20
247.745
 10
207.386
 20
247.42
 10
205.824
 20
246.867
 10
204.299
 20
246.2
 10
202.799
 20
245.548
 10
201.303
 20
245.029
 10
199.782
 20
244.72
 10
198.214
 20
244.636
 97
0
 75
0
 76
1
 98
0
  0
HATCH
  5
66
330
17
100
AcDbEntity
  8
RASTER
 62
7
100
AcDbHatch
 10
0.0
 20
0.0
 30
0.0
210
0.0
220
0.0
230
1.0
  2
SOLID
 70
1
 71
0
 91
1
 92
3
 72
0
 73
1
 93
20
 10
143.734
 20
202.355
 10
144.776
 20
203.805
 10
145.618
 20
205.269
 10
146.04
 20
206.824
 10
146.03
 20
208.508
 10
145.786
 20
210.292
 10
145.633
 20
212.085
 10
145.872
 20
213.768
 10
146.65
 20
215.25
 10
147.896
 20
216.52
 10
147.915
 20
216.512
 10
146.79
 20
215.193
 10
146.12
 20
213.673
 10
145.964
 20
211.969
 10
146.163
 20
210.17
 10
146.41
 20
208.395
 10
146.379
 20
206.732
 10
145.876
 20
205.206
 10
144.923
 20
203.773
 10
143.754
 20
202.351
 97
0
 75
0
 76
1
 98
0
  0
HATCH
  5
67
330
17
100
AcDbEntity
  8
RASTER
 62
7
100
AcDbHatch
 10
0.0
 20
0.0
 30
0.0
210
0.0
220
0.0
230
1.0
  2
SOLID
 70
1
 71
0
 91
1
 92
3
 72
0
 73
1
 93
14
 10
153.345
 20
220.463
 10
154.149
 20
221.885
 10
154.908
 20
223.336
 10
155.643
 20
224.808
 10
156.385
 20
226.288
 10
157.163
 20
227.755
 10
158.004
 20
229.189
 10
158.02
 20
229.177
 10
157.313
 20
227.647
 10
156.637
 20
226.115
 10
155.937
 20
224.618
 10
155.169
 20
223.176
 10
154.309
 20
221.792
 10
153.362
 20
220.454
 97
0
 75
0
 76
1
 98
0
  0
HATCH
  5
68
330
17
100
AcDbEntity
  8
RASTER
 62
7
100
AcDbHatch
 10
0.0
 20
0.0
 30
0.0
210
0.0
220
0.0
230
1.0
  2
SOLID
 70
1
 71
0
 91
1
 92
3
 72
0
 73
1
 93
20
 10
165.486
 20
238.263
 10
166.909
 20
239.197
 10
168.369
 20
240.067
 10
169.836
 20
240.908
 10
171.281
 20
241.756
 10
172.689
 20
242.641
 10
174.055
 20
243.581
 10
175.385
 20
244.58
 10
176.696
 20
245.624
 10
178.011
 20
246.685
 10
178.021
 20
246.668
 10
176.775
 20
245.493
 10
175.529
 20
244.352
 10
174.252
 20
243.286
 10
172.92
 20
242.313
 10
171.521
 20
241.434
 10
170.055
 20
240.628
 10
168.541
 20
239.859
 10
167.009
 20
239.082
 10
165.5
 20
238.249
 97
0
 75
0
 76
1
 98
0
  0
HATCH
  5
69
330
17
100
AcDbEntity
  8
RASTER
 62
7
100
AcDbHatch
 10
0.0
 20
0.0
 30
0.0
210
0.0
220
0.0
230
1.0
  2
SOLID
 70
1
 71
0
 91
1
 92
3
 72
0
 73
1
 93
34
 10
188.182
 20
255.453
 10
189.839
 20
255.932
 10
191.659
 20
255.823
 10
193.51
 20
255.473
 10
195.269
 20
255.351
 10
196.892
 20
255.772
 10
198.429
 20
256.717
 10
199.972
 20
257.838
 10
201.597
 20
258.653
 10
203.316
 20
258.828
 10
205.084
 20
258.367
 10
206.836
 20
257.61
 10
208.543
 20
257.044
 10
210.218
 20
257.018
 10
211.906
 20
257.546
 10
213.633
 20
258.297
 10
215.382
 20
258.788
 10
215.38
 20
258.768
 10
213.628
 20
258.207
 10
211.902
 20
257.389
 10
210.218
 20
256.799
 10
208.55
 20
256.771
 10
206.852
 20
257.293
 10
205.11
 20
258.017
 10
203.353
 20
258.459
 10
201.644
 20
258.278
 10
200.027
 20
257.471
 10
198.489
 20
256.372
 10
196.955
 20
255.461
 10
195.329
 20
255.084
 10
193.564
 20
255.261
 10
191.702
 20
255.671
 10
189.866
 20
255.846
 10
188.189
 20
255.434
 97
0
 75
0
 76
1
 98
0
  0
HATCH
  5
6A
330
17
100
AcDbEntity
  8
RASTER
 62
7
100
AcDbHatch
 10
0.0
 20
0.0
 30
0.0
210
0.0
220
0.0
230
1.0
  2
SOLID
 70
1
 71
0
 91
1
 92
3
 72
0
 73
1
 93
24
 10
147.705
 20
225.61
 10
148.414
 20
227.058
 10
149.068
 20
228.548
 10
149.709
 20
230.061
 10
150.391
 20
231.562
 10
151.164
 20
233.013
 10
152.066
 20
234.378
 10
153.109
 20
235.634
 10
154.284
 20
236.779
 10
155.556
 20
237.828
 10
156.878
 20
238.815
 10
158.199
 20
239.785
 10
158.213
 20
239.771
 10
156.985
 20
238.715
 10
155.753
 20
237.653
 10
154.559
 20
236.546
 10
153.443
 20
235.364
 10
152.434
 20
234.093
 10
151.539
 20
232.736
 10
150.742
 20
231.315
 10
150.008
 20
229.86
 10
149.289
 20
228.406
 10
148.539
 20
226.981
 10
147.722
 20
225.6
 97
0
 75
0
 76
1
 98
0
  0
HATCH
  5
6B
330
17
100
AcDbEntity
  8
RASTER
 62
7
100
AcDbHatch
 10
0.0
 20
0.0
 30
0.0
210
0.0
220
0.0
230
1.0
  2
SOLID
 70
1
 71
0
 91
1
 92
3
 72
0
 73
1
 93
24
 10
163.894
 20
245.357
 10
164.999
 20
246.536
 10
166.284
 20
247.495
 10
167.725
 20
248.236
 10
169.266
 20
248.813
 10
170.835
 20
249.315
 10
172.365
 20
249.844
 10
173.807
 20
250.489
 10
175.147
 20
251.297
 10
176.403
 20
252.265
 10
177.619
 20
253.337
 10
178.85
 20
254.418
 10
178.859
 20
254.4
 10
177.683
 20
253.212
 10
176.522
 20
252.044
 10
175.316
 20
250.999
 10
174.017
 20
250.138
 10
172.6
 20
249.469
 10
171.079
 20
248.945
 10
169.498
 20
248.476
 10
167.926
 20
247.958
 10
166.435
 20
247.295
 10
165.086
 20
246.426
 10
163.907
 20
245.342
 97
0
 75
0
 76
1
 98
0
  0
HATCH
  5
6C
330
17
100
AcDbEntity
  8
RASTER
 62
7
100
AcDbHatch
 10
0.0
 20
0.0
 30
0.0
210
0.0
220
0.0
230
1.0
  2
SOLID
 70
1
 71
0
 91
1
 92
3
 72
0
 73
1
 93
16
 10
190.266
 20
257.784
 10
191.584
 20
258.711
 10
192.965
 20
259.476
 10
194.421
 20
259.986
 10
195.945
 20
260.201
 10
197.515
 20
260.142
 10
199.1
 20
259.889
 10
200.674
 20
259.562
 10
200.677
 20
259.542
 10
199.13
 20
259.701
 10
197.572
 20
259.821
 10
196.025
 20
259.807
 10
194.509
 20
259.594
 10
193.043
 20
259.159
 10
191.633
 20
258.528
 10
190.272
 20
257.765
 97
0
 75
0
 76
1
 98
0
  0
HATCH
  5
6D
330
17
100
AcDbEntity
  8
RASTER
 62
7
100
AcDbHatch
 10
0.0
 20
0.0
 30
0.0
210
0.0
220
0.0
230
1.0
  2
SOLID
 70
1
 71
0
 91
1
 92
3
 72
0
 73
1
 93
9
 10
217.759
 20
264.379
 10
219.42
 20
264.593
 10
221.091
 20
264.748
 10
222.76
 20
264.796
 10
222.76
 20
264.585
 10
222.726
 20
264.588
 10
221.069
 20
264.597
 10
219.409
 20
264.506
 10
217.757
 20
264.359
 97
0
 75
0
 76
1
 98
0
  0
HATCH
  5
6E
330
17
100
AcDbEntity
  8
RASTER
 62
7
100
AcDbHatch
 10
0.0
 20
0.0
 30
0.0
210
0.0
220
0.0
230
1.0
  2
SOLID
 70
1
 71
0
 91
1
 92
3
 72
0
 73
1
 93
20
 10
135.681
 20
201.865
 10
135.648
 20
201.994
 10
135.507
 20
203.707
 10
135.85
 20
205.337
 10
136.668
 20
206.854
 10
137.771
 20
208.277
 10
138.87
 20
209.668
 10
139.697
 20
211.113
 10
140.12
 20
212.675
 10
140.193
 20
214.366
 10
140.212
 20
214.359
 10
140.23
 20
212.638
 10
139.895
 20
211.052
 10
139.148
 20
209.589
 10
138.117
 20
208.186
 10
137.066
 20
206.759
 10
136.281
 20
205.244
 10
135.951
 20
203.622
 10
136.083
 20
201.92
 10
136.096
 20
201.865
 97
0
 75
0
 76
1
 98
0
  0
HATCH
  5
6F
330
17
100
AcDbEntity
  8
RASTER
 62
7
100
AcDbHatch
 10
0.0
 20
0.0
 30
0.0
210
0.0
220
0.0
230
1.0
  2
SOLID
 70
1
 71
0
 91
1
 92
3
 72
0
 73
1
 93
16
 10
131.224
 20
199.387
 10
131.723
 20
200.937
 10
132.508
 20
202.428
 10
133.426
 20
203.873
 10
134.299
 20
205.3
 10
134.973
 20
206.751
 10
135.361
 20
208.259
 10
135.468
 20
209.845
 10
135.487
 20
209.839
 10
135.545
 20
208.213
 10
135.29
 20
206.677
 10
134.692
 20
205.218
 10
133.821
 20
203.798
 10
132.83
 20
202.374
 10
131.911
 20
200.91
 10
131.244
 20
199.385
 97
0
 75
0
 76
1
 98
0
  0
HATCH
  5
70
330
17
100
AcDbEntity
  8
RASTER
 62
7
100
AcDbHatch
 10
0.0
 20
0.0
 30
0.0
210
0.0
220
0.0
230
1.0
  2
SOLID
 70
1
 71
0
 91
1
 92
3
 72
0
 73
1
 93
28
 10
135.717
 20
221.593
 10
136.585
 20
222.977
 10
137.437
 20
224.36
 10
138.26
 20
225.75
 10
139.043
 20
227.156
 10
139.785
 20
228.584
 10
140.488
 20
230.036
 10
141.164
 20
231.511
 10
141.826
 20
233.003
 10
142.494
 20
234.504
 10
143.186
 20
236.001
 10
143.923
 20
237.479
 10
144.723
 20
238.923
 10
145.6
 20
240.319
 10
145.616
 20
240.307
 10
144.802
 20
238.864
 10
144.062
 20
237.378
 10
143.38
 20
235.866
 10
142.734
 20
234.344
 10
142.1
 20
232.828
 10
141.458
 20
231.332
 10
140.785
 20
229.863
 10
140.069
 20
228.426
 10
139.298
 20
227.021
 10
138.471
 20
225.644
 10
137.592
 20
224.286
 10
136.674
 20
222.937
 10
135.735
 20
221.585
 97
0
 75
0
 76
1
 98
0
  0
HATCH
  5
71
330
17
100
AcDbEntity
  8
RASTER
 62
7
100
AcDbHatch
 10
0.0
 20
0.0
 30
0.0
210
0.0
220
0.0
230
1.0
  2
SOLID
 70
1
 71
0
 91
1
 92
3
 72
0
 73
1
 93
32
 10
152.139
 20
242.721
 10
152.664
 20
244.297
 10
153.048
 20
246.053
 10
153.573
 20
247.716
 10
154.464
 20
249.033
 10
155.79
 20
249.888
 10
157.441
 20
250.352
 10
159.183
 20
250.664
 10
160.764
 20
251.124
 10
162.022
 20
251.962
 10
162.954
 20
253.236
 10
163.703
 20
254.795
 10
164.496
 20
256.348
 10
165.537
 20
257.581
 10
166.919
 20
258.304
 10
168.593
 20
258.533
 10
168.604
 20
258.516
 10
166.984
 20
258.201
 10
165.658
 20
257.397
 10
164.671
 20
256.092
 10
163.927
 20
254.481
 10
163.22
 20
252.876
 10
162.321
 20
251.575
 10
161.083
 20
250.726
 10
159.51
 20
250.272
 10
157.761
 20
249.983
 10
156.089
 20
249.555
 10
154.728
 20
248.751
 10
153.789
 20
247.494
 10
153.204
 20
245.898
 10
152.753
 20
244.213
 10
152.153
 20
242.707
 97
0
 75
0
 76
1
 98
0
  0
HATCH
  5
72
330
17
100
AcDbEntity
  8
RASTER
 62
7
100
AcDbHatch
 10
0.0
 20
0.0
 30
0.0
210
0.0
220
0.0
230
1.0
  2
SOLID
 70
1
 71
0
 91
1
 92
3
 72
0
 73
1
 93
22
 10
177.107
 20
261.161
 10
178.444
 20
262.068
 10
179.869
 20
262.793
 10
181.379
 20
263.316
 10
182.95
 20
263.662
 10
184.549
 20
263.903
 10
186.141
 20
264.128
 10
187.701
 20
264.418
 10
189.223
 20
264.823
 10
190.713
 20
265.344
 10
192.192
 20
265.937
 10
192.197
 20
265.917
 10
190.756
 20
265.179
 10
189.305
 20
264.529
 10
187.82
 20
264.023
 10
186.289
 20
263.67
 10
184.714
 20
263.426
 10
183.116
 20
263.211
 10
181.529
 20
262.931
 10
179.986
 20
262.511
 10
178.512
 20
261.912
 10
177.115
 20
261.143
 97
0
 75
0
 76
1
 98
0
  0
HATCH
  5
73
330
17
100
AcDbEntity
  8
RASTER
 62
7
100
AcDbHatch
 10
0.0
 20
0.0
 30
0.0
210
0.0
220
0.0
230
1.0
  2
SOLID
 70
1
 71
0
 91
1
 92
3
 72
0
 73
1
 93
32
 10
200.175
 20
271.005
 10
201.697
 20
271.708
 10
203.235
 20
272.466
 10
204.801
 20
273.16
 10
206.399
 20
273.676
 10
208.02
 20
273.929
 10
209.651
 20
273.883
 10
211.277
 20
273.555
 10
212.885
 20
273.014
 10
214.468
 20
272.365
 10
216.03
 20
271.727
 10
217.582
 20
271.21
 10
219.141
 20
270.889
 10
220.723
 20
270.794
 10
222.339
 20
270.898
 10
222.76
 20
270.956
 10
222.76
 20
270.88
 10
222.324
 20
270.8
 10
220.701
 20
270.621
 10
219.115
 20
270.647
 10
217.555
 20
270.908
 10
216.005
 20
271.378
 10
214.449
 20
271.984
 10
212.872
 20
272.616
 10
211.273
 20
273.157
 10
209.654
 20
273.501
 10
208.029
 20
273.58
 10
206.412
 20
273.373
 10
204.817
 20
272.917
 10
203.25
 20
272.292
 10
201.707
 20
271.609
 10
200.178
 20
270.985
 97
0
 75
0
 76
1
 98
0
  0
HATCH
  5
74
330
17
100
AcDbEntity
  8
RASTER
 62
7
100
AcDbHatch
 10
0.0
 20
0.0
 30
0.0
210
0.0
220
0.0
230
1.0
  2
SOLID
 70
1
 71
0
 91
1
 92
3
 72
0
 73
1
 93
34
 10
121.165
 20
205.781
 10
121.43
 20
207.352
 10
121.914
 20
208.876
 10
122.588
 20
210.35
 10
123.4
 20
211.776
 10
124.282
 20
213.168
 10
125.16
 20
214.543
 10
125.967
 20
215.924
 10
126.652
 20
217.332
 10
127.186
 20
218.787
 10
127.569
 20
220.297
 10
127.826
 20
221.863
 10
128.007
 20
223.474
 10
128.175
 20
225.108
 10
128.398
 20
226.735
 10
128.742
 20
228.323
 10
129.254
 20
229.842
 10
129.272
 20
229.833
 10
128.834
 20
228.28
 10
128.562
 20
226.66
 10
128.407
 20
225.007
 10
128.299
 20
223.353
 10
128.169
 20
221.728
 10
127.951
 20
220.154
 10
127.593
 20
218.643
 10
127.069
 20
217.193
 10
126.379
 20
215.794
 10
125.551
 20
214.427
 10
124.637
 20
213.069
 10
123.707
 20
211.697
 10
122.835
 20
210.291
 10
122.09
 20
208.837
 10
121.53
 20
207.332
 10
121.185
 20
205.778
 97
0
 75
0
 76
1
 98
0
  0
HATCH
  5
75
330
17
100
AcDbEntity
  8
RASTER
 62
7
100
AcDbHatch
 10
0.0
 20
0.0
 30
0.0
210
0.0
220
0.0
230
1.0
  2
SOLID
 70
1
 71
0
 91
1
 92
3
 72
0
 73
1
 93
28
 10
137.968
 20
242.773
 10
138.821
 20
244.177
 10
139.714
 20
245.557
 10
140.655
 20
246.907
 10
141.646
 20
248.218
 10
142.692
 20
249.487
 10
143.792
 20
250.708
 10
144.945
 20
251.88
 10
146.147
 20
253.002
 10
147.392
 20
254.076
 10
148.675
 20
255.106
 10
149.986
 20
256.096
 10
151.319
 20
257.054
 10
152.666
 20
257.987
 10
152.678
 20
257.972
 10
151.387
 20
256.976
 10
150.108
 20
255.962
 10
148.846
 20
254.923
 10
147.606
 20
253.857
 10
146.392
 20
252.759
 10
145.209
 20
251.628
 10
144.061
 20
250.461
 10
142.95
 20
249.258
 10
141.879
 20
248.019
 10
140.848
 20
246.747
 10
139.856
 20
245.444
 10
138.903
 20
244.114
 10
137.984
 20
242.761
 97
0
 75
0
 76
1
 98
0
  0
HATCH
  5
76
330
17
100
AcDbEntity
  8
RASTER
 62
7
100
AcDbHatch
 10
0.0
 20
0.0
 30
0.0
210
0.0
220
0.0
230
1.0
  2
SOLID
 70
1
 71
0
 91
1
 92
3
 72
0
 73
1
 93
32
 10
164.48
 20
269.647
 10
165.904
 20
270.55
 10
167.45
 20
271.225
 10
169.094
 20
271.698
 10
170.791
 20
272.031
 10
172.497
 20
272.308
 10
174.168
 20
272.623
 10
175.776
 20
273.055
 10
177.312
 20
273.652
 10
178.783
 20
274.422
 10
180.214
 20
275.328
 10
181.639
 20
276.3
 10
183.092
 20
277.242
 10
184.598
 20
278.059
 10
186.173
 20
278.673
 10
187.816
 20
279.04
 10
187.821
 20
279.021
 10
186.2
 20
278.572
 10
184.649
 20
277.881
 10
183.168
 20
276.995
 10
181.74
 20
275.995
 10
180.337
 20
274.978
 10
178.924
 20
274.042
 10
177.465
 20
273.258
 10
175.937
 20
272.664
 10
174.329
 20
272.252
 10
172.65
 20
271.971
 10
170.93
 20
271.741
 10
169.209
 20
271.467
 10
167.536
 20
271.061
 10
165.954
 20
270.458
 10
164.49
 20
269.63
 97
0
 75
0
 76
1
 98
0
  0
HATCH
  5
77
330
17
100
AcDbEntity
  8
RASTER
 62
7
100
AcDbHatch
 10
0.0
 20
0.0
 30
0.0
210
0.0
220
0.0
230
1.0
  2
SOLID
 70
1
 71
0
 91
1
 92
3
 72
0
 73
1
 93
32
 10
199.653
 20
276.639
 10
201.183
 20
277.202
 10
202.737
 20
277.66
 10
204.312
 20
277.98
 10
205.902
 20
278.143
 10
207.5
 20
278.143
 10
209.099
 20
277.988
 10
210.69
 20
277.701
 10
212.27
 20
277.314
 10
213.834
 20
276.865
 10
215.383
 20
276.399
 10
216.92
 20
275.956
 10
218.452
 20
275.57
 10
219.984
 20
275.268
 10
221.524
 20
275.06
 10
222.76
 20
274.97
 10
222.76
 20
274.854
 10
221.5
 20
274.882
 10
219.955
 20
275.018
 10
218.422
 20
275.257
 10
216.892
 20
275.591
 10
215.359
 20
275.995
 10
213.816
 20
276.438
 10
212.26
 20
276.878
 10
210.688
 20
277.273
 10
209.104
 20
277.584
 10
207.512
 20
277.777
 10
205.917
 20
277.829
 10
204.329
 20
277.729
 10
202.752
 20
277.481
 10
201.194
 20
277.102
 10
199.655
 20
276.619
 97
0
 75
0
 76
1
 98
0
  0
HATCH
  5
78
330
17
100
AcDbEntity
  8
RASTER
 62
7
100
AcDbHatch
 10
0.0
 20
0.0
 30
0.0
210
0.0
220
0.0
230
1.0
  2
SOLID
 70
1
 71
0
 91
1
 92
3
 72
0
 73
1
 93
28
 10
114.534
 20
209.289
 10
115.06
 20
210.787
 10
115.588
 20
212.279
 10
116.096
 20
213.77
 10
116.567
 20
215.268
 10
116.99
 20
216.778
 10
117.366
 20
218.304
 10
117.706
 20
219.844
 10
118.027
 20
221.397
 10
118.352
 20
222.954
 10
118.71
 20
224.508
 10
119.125
 20
226.046
 10
119.619
 20
227.558
 10
120.207
 20
229.032
 10
120.225
 20
229.024
 10
119.72
 20
227.515
 10
119.305
 20
225.974
 10
118.96
 20
224.412
 10
118.66
 20
222.842
 10
118.375
 20
221.276
 10
118.077
 20
219.722
 10
117.739
 20
218.187
 10
117.344
 20
216.674
 10
116.882
 20
215.181
 10
116.355
 20
213.703
 10
115.776
 20
212.233
 10
115.167
 20
210.763
 10
114.554
 20
209.284
 97
0
 75
0
 76
1
 98
0
  0
HATCH
  5
79
330
17
100
AcDbEntity
  8
RASTER
 62
7
100
AcDbHatch
 10
0.0
 20
0.0
 30
0.0
210
0.0
220
0.0
230
1.0
  2
SOLID
 70
1
 71
0
 91
1
 92
3
 72
0
 73
1
 93
14
 10
128.033
 20
239.801
 10
128.852
 20
240.778
 10
129.553
 20
241.827
 10
130.141
 20
242.951
 10
130.639
 20
244.141
 10
131.081
 20
245.379
 10
131.509
 20
246.639
 10
131.526
 20
246.627
 10
131.262
 20
245.251
 10
130.942
 20
243.932
 10
130.492
 20
242.716
 10
129.862
 20
241.626
 10
129.039
 20
240.659
 10
128.05
 20
239.79
 97
0
 75
0
 76
1
 98
0
  0
HATCH
  5
7A
330
17
100
AcDbEntity
  8
RASTER
 62
7
100
AcDbHatch
 10
0.0
 20
0.0
 30
0.0
210
0.0
220
0.0
230
1.0
  2
SOLID
 70
1
 71
0
 91
1
 92
3
 72
0
 73
1
 93
20
 10
143.688
 20
259.218
 10
145.149
 20
260.044
 10
146.704
 20
260.746
 10
148.272
 20
261.405
 10
149.781
 20
262.109
 10
151.174
 20
262.933
 10
152.429
 20
263.924
 10
153.555
 20
265.087
 10
154.593
 20
266.386
 10
155.606
 20
267.749
 10
155.617
 20
267.732
 10
154.671
 20
266.279
 10
153.693
 20
264.903
 10
152.615
 20
263.684
 10
151.388
 20
262.667
 10
150.0
 20
261.846
 10
148.47
 20
261.175
 10
146.857
 20
260.574
 10
145.238
 20
259.947
 10
143.701
 20
259.203
 97
0
 75
0
 76
1
 98
0
  0
HATCH
  5
7B
330
17
100
AcDbEntity
  8
RASTER
 62
7
100
AcDbHatch
 10
0.0
 20
0.0
 30
0.0
210
0.0
220
0.0
230
1.0
  2
SOLID
 70
1
 71
0
 91
1
 92
3
 72
0
 73
1
 93
20
 10
167.198
 20
274.932
 10
168.444
 20
276.069
 10
169.814
 20
276.98
 10
171.312
 20
277.619
 10
172.923
 20
277.991
 10
174.61
 20
278.146
 10
176.329
 20
278.172
 10
178.034
 20
278.178
 10
179.689
 20
278.271
 10
181.271
 20
278.535
 10
181.278
 20
278.516
 10
179.74
 20
278.122
 10
178.129
 20
277.916
 10
176.46
 20
277.828
 10
174.765
 20
277.76
 10
173.084
 20
277.607
 10
171.461
 20
277.282
 10
169.931
 20
276.727
 10
168.513
 20
275.927
 10
167.207
 20
274.914
 97
0
 75
0
 76
1
 98
0
  0
HATCH
  5
7C
330
17
100
AcDbEntity
  8
RASTER
 62
7
100
AcDbHatch
 10
0.0
 20
0.0
 30
0.0
210
0.0
220
0.0
230
1.0
  2
SOLID
 70
1
 71
0
 91
1
 92
3
 72
0
 73
1
 93
28
 10
185.482
 20
283.195
 10
187.201
 20
283.136
 10
188.867
 20
283.238
 10
190.467
 20
283.61
 10
192.016
 20
284.259
 10
193.545
 20
285.085
 10
195.092
 20
285.917
 10
196.684
 20
286.568
 10
198.331
 20
286.899
 10
200.019
 20
286.866
 10
201.727
 20
286.535
 10
203.429
 20
286.065
 10
205.107
 20
285.647
 10
206.76
 20
285.447
 10
206.761
 20
285.427
 10
205.113
 20
285.534
 10
203.443
 20
285.864
 10
201.752
 20
286.257
 10
200.055
 20
286.526
 10
198.377
 20
286.516
 10
196.741
 20
286.164
 10
195.155
 20
285.514
 10
193.611
 20
284.705
 10
192.08
 20
283.923
 10
190.525
 20
283.337
 10
188.912
 20
283.042
 10
187.228
 20
283.026
 10
185.487
 20
283.176
 97
0
 75
0
 76
1
 98
0
  0
HATCH
  5
7D
330
17
100
AcDbEntity
  8
RASTER
 62
7
100
AcDbHatch
 10
0.0
 20
0.0
 30
0.0
210
0.0
220
0.0
230
1.0
  2
SOLID
 70
1
 71
0
 91
1
 92
3
 72
0
 73
1
 93
10
 10
217.203
 20
285.942
 10
218.807
 20
286.42
 10
220.422
 20
286.811
 10
222.033
 20
287.013
 10
222.76
 20
286.986
 10
222.76
 20
286.63
 10
221.993
 20
286.685
 10
220.397
 20
286.567
 10
218.795
 20
286.282
 10
217.201
 20
285.922
 97
0
 75
0
 76
1
 98
0
  0
HATCH
  5
7E
330
17
100
AcDbEntity
  8
RASTER
 62
7
100
AcDbHatch
 10
0.0
 20
0.0
 30
0.0
210
0.0
220
0.0
230
1.0
  2
SOLID
 70
1
 71
0
 91
1
 92
3
 72
0
 73
1
 93
28
 10
201.252
 20
290.047
 10
202.746
 20
290.441
 10
204.245
 20
290.891
 10
205.754
 20
291.359
 10
207.276
 20
291.797
 10
208.811
 20
292.161
 10
210.356
 20
292.411
 10
211.906
 20
292.517
 10
213.455
 20
292.466
 10
214.997
 20
292.258
 10
216.526
 20
291.91
 10
218.04
 20
291.453
 10
219.537
 20
290.929
 10
221.02
 20
290.383
 10
221.018
 20
290.363
 10
219.525
 20
290.799
 10
218.022
 20
291.219
 10
216.507
 20
291.584
 10
214.979
 20
291.858
 10
213.441
 20
292.014
 10
211.898
 20
292.038
 10
210.355
 20
291.931
 10
208.817
 20
291.708
 10
207.287
 20
291.396
 10
205.768
 20
291.032
 10
204.259
 20
290.657
 10
202.756
 20
290.311
 10
201.254
 20
290.027
 97
0
 75
0
 76
1
 98
0
  0
HATCH
  5
7F
330
17
100
AcDbEntity
  8
RASTER
 62
7
100
AcDbHatch
 10
0.0
 20
0.0
 30
0.0
210
0.0
220
0.0
230
1.0
  2
SOLID
 70
1
 71
0
 91
1
 92
3
 72
0
 73
1
 93
24
 10
106.36
 20
201.865
 10
106.238
 20
202.922
 10
106.128
 20
204.598
 10
106.144
 20
206.265
 10
106.316
 20
207.912
 10
106.656
 20
209.53
 10
107.16
 20
211.113
 10
107.805
 20
212.658
 10
108.553
 20
214.169
 10
109.357
 20
215.654
 10
110.167
 20
217.124
 10
110.935
 20
218.593
 10
110.954
 20
218.587
 10
110.254
 20
217.1
 10
109.509
 20
215.614
 10
108.766
 20
214.117
 10
108.072
 20
212.598
 10
107.473
 20
211.047
 10
107.002
 20
209.463
 10
106.683
 20
207.847
 10
106.519
 20
206.204
 10
106.497
 20
204.544
 10
106.587
 20
202.877
 10
106.685
 20
201.865
 97
0
 75
0
 76
1
 98
0
  0
HATCH
  5
80
330
17
100
AcDbEntity
  8
RASTER
 62
7
100
AcDbHatch
 10
0.0
 20
0.0
 30
0.0
210
0.0
220
0.0
230
1.0
  2
SOLID
 70
1
 71
0
 91
1
 92
3
 72
0
 73
1
 93
28
 10
114.678
 20
229.763
 10
115.411
 20
231.172
 10
116.187
 20
232.558
 10
116.997
 20
233.923
 10
117.827
 20
235.274
 10
118.667
 20
236.614
 10
119.506
 20
237.95
 10
120.337
 20
239.287
 10
121.153
 20
240.63
 10
121.953
 20
241.981
 10
122.737
 20
243.342
 10
123.509
 20
244.713
 10
124.275
 20
246.091
 10
125.043
 20
247.471
 10
125.059
 20
247.46
 10
124.374
 20
246.025
 10
123.689
 20
244.598
 10
122.989
 20
243.187
 10
122.264
 20
241.796
 10
121.507
 20
240.427
 10
120.714
 20
239.078
 10
119.887
 20
237.746
 10
119.029
 20
236.427
 10
118.151
 20
235.113
 10
117.263
 20
233.796
 10
116.381
 20
232.469
 10
115.52
 20
231.124
 10
114.697
 20
229.755
 97
0
 75
0
 76
1
 98
0
  0
HATCH
  5
81
330
17
100
AcDbEntity
  8
RASTER
 62
7
100
AcDbHatch
 10
0.0
 20
0.0
 30
0.0
210
0.0
220
0.0
230
1.0
  2
SOLID
 70
1
 71
0
 91
1
 92
3
 72
0
 73
1
 93
18
 10
128.106
 20
250.845
 10
129.052
 20
252.071
 10
130.101
 20
253.215
 10
131.246
 20
254.276
 10
132.474
 20
255.258
 10
133.763
 20
256.174
 10
135.09
 20
257.042
 10
136.425
 20
257.885
 10
137.742
 20
258.73
 10
137.756
 20
258.716
 10
136.566
 20
257.755
 10
135.341
 20
256.816
 10
134.091
 20
255.888
 10
132.832
 20
254.955
 10
131.582
 20
253.999
 10
130.365
 20
253.005
 10
129.204
 20
251.954
 10
128.122
 20
250.833
 97
0
 75
0
 76
1
 98
0
  0
HATCH
  5
82
330
17
100
AcDbEntity
  8
RASTER
 62
7
100
AcDbHatch
 10
0.0
 20
0.0
 30
0.0
210
0.0
220
0.0
230
1.0
  2
SOLID
 70
1
 71
0
 91
1
 92
3
 72
0
 73
1
 93
26
 10
145.926
 20
267.303
 10
146.88
 20
268.545
 10
147.9
 20
269.722
 10
149.011
 20
270.791
 10
150.226
 20
271.728
 10
151.541
 20
272.527
 10
152.934
 20
273.204
 10
154.376
 20
273.794
 10
155.833
 20
274.346
 10
157.271
 20
274.91
 10
158.665
 20
275.53
 10
160.003
 20
276.235
 10
161.287
 20
277.035
 10
161.296
 20
277.018
 10
160.07
 20
276.12
 10
158.787
 20
275.325
 10
157.444
 20
274.63
 10
156.048
 20
274.011
 10
154.62
 20
273.426
 10
153.192
 20
272.827
 10
151.795
 20
272.166
 10
150.461
 20
271.406
 10
149.209
 20
270.529
 10
148.046
 20
269.533
 10
146.964
 20
268.441
 10
145.939
 20
267.288
 97
0
 75
0
 76
1
 98
0
  0
HATCH
  5
83
330
17
100
AcDbEntity
  8
RASTER
 62
7
100
AcDbHatch
 10
0.0
 20
0.0
 30
0.0
210
0.0
220
0.0
230
1.0
  2
SOLID
 70
1
 71
0
 91
1
 92
3
 72
0
 73
1
 93
18
 10
167.283
 20
281.0
 10
168.685
 20
281.559
 10
170.156
 20
281.956
 10
171.662
 20
282.251
 10
173.166
 20
282.524
 10
174.639
 20
282.854
 10
176.064
 20
283.298
 10
177.441
 20
283.873
 10
178.786
 20
284.555
 10
178.792
 20
284.536
 10
177.497
 20
283.712
 10
176.166
 20
283.019
 10
174.775
 20
282.498
 10
173.318
 20
282.141
 10
171.808
 20
281.898
 10
170.274
 20
281.683
 10
168.755
 20
281.404
 10
167.292
 20
280.982
 97
0
 75
0
 76
1
 98
0
  0
HATCH
  5
84
330
17
100
AcDbEntity
  8
RASTER
 62
7
100
AcDbHatch
 10
0.0
 20
0.0
 30
0.0
210
0.0
220
0.0
230
1.0
  2
SOLID
 70
1
 71
0
 91
1
 92
3
 72
0
 73
1
 93
26
 10
201.509
 20
303.905
 10
203.233
 20
303.605
 10
204.945
 20
303.304
 10
206.643
 20
303.097
 10
208.33
 20
303.049
 10
210.015
 20
303.184
 10
211.705
 20
303.477
 10
213.408
 20
303.863
 10
215.123
 20
304.247
 10
216.846
 20
304.527
 10
218.566
 20
304.619
 10
220.272
 20
304.473
 10
221.954
 20
304.087
 10
221.952
 20
304.067
 10
220.264
 20
304.376
 10
218.554
 20
304.449
 10
216.832
 20
304.295
 10
215.111
 20
303.967
 10
213.399
 20
303.553
 10
211.701
 20
303.157
 10
210.015
 20
302.873
 10
208.335
 20
302.768
 10
206.65
 20
302.864
 10
204.953
 20
303.134
 10
203.239
 20
303.507
 10
201.51
 20
303.885
 97
0
 75
0
 76
1
 98
0
  0
HATCH
  5
85
330
17
100
AcDbEntity
  8
RASTER
 62
7
100
AcDbHatch
 10
0.0
 20
0.0
 30
0.0
210
0.0
220
0.0
230
1.0
  2
SOLID
 70
1
 71
0
 91
1
 92
3
 72
0
 73
1
 93
4
 10
95.494
 20
201.865
 10
95.781
 20
202.863
 10
95.801
 20
202.86
 10
95.576
 20
201.865
 97
0
 75
0
 76
1
 98
0
  0
HATCH
  5
86
330
17
100
AcDbEntity
  8
RASTER
 62
7
100
AcDbHatch
 10
0.0
 20
0.0
 30
0.0
210
0.0
220
0.0
230
1.0
  2
SOLID
 70
1
 71
0
 91
1
 92
3
 72
0
 73
1
 93
14
 10
103.419
 20
215.914
 10
103.519
 20
217.298
 10
103.681
 20
218.672
 10
103.931
 20
220.026
 10
104.281
 20
221.353
 10
104.729
 20
222.651
 10
105.255
 20
223.922
 10
105.274
 20
223.915
 10
104.934
 20
222.586
 10
104.625
 20
221.249
 10
104.326
 20
219.912
 10
104.027
 20
218.577
 10
103.727
 20
217.244
 10
103.438
 20
215.909
 97
0
 75
0
 76
1
 98
0
  0
HATCH
  5
87
330
17
100
AcDbEntity
  8
RASTER
 62
7
100
AcDbHatch
 10
0.0
 20
0.0
 30
0.0
210
0.0
220
0.0
230
1.0
  2
SOLID
 70
1
 71
0
 91
1
 92
3
 72
0
 73
1
 93
30
 10
108.21
 20
236.404
 10
108.97
 20
237.804
 10
109.663
 20
239.235
 10
110.289
 20
240.701
 10
110.856
 20
242.202
 10
111.378
 20
243.734
 10
111.874
 20
245.29
 10
112.369
 20
246.857
 10
112.888
 20
248.423
 10
113.454
 20
249.971
 10
114.091
 20
251.485
 10
114.816
 20
252.949
 10
115.642
 20
254.352
 10
116.574
 20
255.684
 10
117.61
 20
256.94
 10
117.626
 20
256.928
 10
116.679
 20
255.609
 10
115.834
 20
254.22
 10
115.088
 20
252.769
 10
114.43
 20
251.265
 10
113.846
 20
249.725
 10
113.314
 20
248.164
 10
112.81
 20
246.598
 10
112.308
 20
245.043
 10
111.783
 20
243.511
 10
111.212
 20
242.012
 10
110.579
 20
240.552
 10
109.872
 20
239.132
 10
109.087
 20
237.749
 10
108.228
 20
236.396
 97
0
 75
0
 76
1
 98
0
  0
HATCH
  5
88
330
17
100
AcDbEntity
  8
RASTER
 62
7
100
AcDbHatch
 10
0.0
 20
0.0
 30
0.0
210
0.0
220
0.0
230
1.0
  2
SOLID
 70
1
 71
0
 91
1
 92
3
 72
0
 73
1
 93
36
 10
126.516
 20
267.01
 10
127.613
 20
268.206
 10
128.855
 20
269.261
 10
130.212
 20
270.194
 10
131.637
 20
271.043
 10
133.078
 20
271.861
 10
134.481
 20
272.704
 10
135.807
 20
273.62
 10
137.034
 20
274.643
 10
138.163
 20
275.783
 10
139.215
 20
277.024
 10
140.228
 20
278.329
 10
141.25
 20
279.641
 10
142.327
 20
280.898
 10
143.497
 20
282.044
 10
144.783
 20
283.037
 10
146.188
 20
283.858
 10
147.696
 20
284.517
 10
147.707
 20
284.5
 10
146.24
 20
283.781
 10
144.876
 20
282.904
 10
143.63
 20
281.86
 10
142.497
 20
280.669
 10
141.453
 20
279.375
 10
140.458
 20
278.036
 10
139.465
 20
276.715
 10
138.426
 20
275.467
 10
137.302
 20
274.331
 10
136.071
 20
273.321
 10
134.731
 20
272.428
 10
133.306
 20
271.617
 10
131.835
 20
270.838
 10
130.372
 20
270.032
 10
128.971
 20
269.147
 10
127.68
 20
268.142
 10
126.531
 20
266.996
 97
0
 75
0
 76
1
 98
0
  0
HATCH
  5
89
330
17
100
AcDbEntity
  8
RASTER
 62
7
100
AcDbHatch
 10
0.0
 20
0.0
 30
0.0
210
0.0
220
0.0
230
1.0
  2
SOLID
 70
1
 71
0
 91
1
 92
3
 72
0
 73
1
 93
34
 10
158.792
 20
291.29
 10
160.027
 20
292.461
 10
161.333
 20
293.512
 10
162.741
 20
294.369
 10
164.255
 20
294.993
 10
165.863
 20
295.393
 10
167.531
 20
295.624
 10
169.218
 20
295.772
 10
170.884
 20
295.939
 10
172.499
 20
296.217
 10
174.046
 20
296.668
 10
175.53
 20
297.31
 10
176.97
 20
298.112
 10
178.394
 20
299.003
 10
179.835
 20
299.882
 10
181.32
 20
300.647
 10
182.863
 20
301.215
 10
182.868
 20
301.195
 10
181.34
 20
300.569
 10
179.872
 20
299.748
 10
178.448
 20
298.817
 10
177.04
 20
297.883
 10
175.616
 20
297.044
 10
174.145
 20
296.376
 10
172.607
 20
295.91
 10
170.999
 20
295.628
 10
169.335
 20
295.468
 10
167.646
 20
295.338
 10
165.971
 20
295.136
 10
164.351
 20
294.773
 10
162.82
 20
294.193
 10
161.393
 20
293.387
 10
160.062
 20
292.388
 10
158.801
 20
291.272
 97
0
 75
0
 76
1
 98
0
  0
HATCH
  5
8A
330
17
100
AcDbEntity
  8
RASTER
 62
7
100
AcDbHatch
 10
0.0
 20
0.0
 30
0.0
210
0.0
220
0.0
230
1.0
  2
SOLID
 70
1
 71
0
 91
1
 92
3
 72
0
 73
1
 93
18
 10
91.962
 20
199.902
 10
92.252
 20
201.551
 10
92.544
 20
203.197
 10
92.839
 20
204.84
 10
93.139
 20
206.479
 10
93.441
 20
208.117
 10
93.741
 20
209.754
 10
94.036
 20
211.391
 10
94.321
 20
213.031
 10
94.341
 20
213.027
 10
94.171
 20
211.366
 10
93.974
 20
209.713
 10
93.74
 20
208.069
 10
93.462
 20
206.432
 10
93.14
 20
204.8
 10
92.779
 20
203.169
 10
92.388
 20
201.537
 10
91.982
 20
199.9
 97
0
 75
0
 76
1
 98
0
  0
HATCH
  5
8B
330
17
100
AcDbEntity
  8
RASTER
 62
7
100
AcDbHatch
 10
0.0
 20
0.0
 30
0.0
210
0.0
220
0.0
230
1.0
  2
SOLID
 70
1
 71
0
 91
1
 92
3
 72
0
 73
1
 93
26
 10
99.901
 20
229.701
 10
100.352
 20
231.201
 10
100.775
 20
232.715
 10
101.187
 20
234.238
 10
101.604
 20
235.765
 10
102.046
 20
237.286
 10
102.532
 20
238.794
 10
103.079
 20
240.279
 10
103.697
 20
241.732
 10
104.396
 20
243.148
 10
105.173
 20
244.522
 10
106.025
 20
245.855
 10
106.938
 20
247.15
 10
106.956
 20
247.14
 10
106.12
 20
245.804
 10
105.342
 20
244.434
 10
104.629
 20
243.03
 10
103.981
 20
241.593
 10
103.394
 20
240.129
 10
102.861
 20
238.644
 10
102.366
 20
237.145
 10
101.894
 20
235.641
 10
101.429
 20
234.139
 10
100.953
 20
232.645
 10
100.453
 20
231.163
 10
99.92
 20
229.694
 97
0
 75
0
 76
1
 98
0
  0
HATCH
  5
8C
330
17
100
AcDbEntity
  8
RASTER
 62
7
100
AcDbHatch
 10
0.0
 20
0.0
 30
0.0
210
0.0
220
0.0
230
1.0
  2
SOLID
 70
1
 71
0
 91
1
 92
3
 72
0
 73
1
 93
30
 10
110.843
 20
256.355
 10
111.756
 20
257.671
 10
112.709
 20
258.96
 10
113.698
 20
260.22
 10
114.721
 20
261.453
 10
115.773
 20
262.661
 10
116.849
 20
263.847
 10
117.943
 20
265.015
 10
119.051
 20
266.167
 10
120.166
 20
267.309
 10
121.286
 20
268.444
 10
122.405
 20
269.576
 10
123.522
 20
270.708
 10
124.635
 20
271.843
 10
125.744
 20
272.98
 10
125.759
 20
272.966
 10
124.71
 20
271.771
 10
123.655
 20
270.584
 10
122.592
 20
269.406
 10
121.519
 20
268.237
 10
120.436
 20
267.076
 10
119.344
 20
265.92
 10
118.248
 20
264.765
 10
117.149
 20
263.608
 10
116.055
 20
262.443
 10
114.97
 20
261.265
 10
113.902
 20
260.07
 10
112.857
 20
258.854
 10
111.841
 20
257.613
 10
110.86
 20
256.344
 97
0
 75
0
 76
1
 98
0
  0
HATCH
  5
8D
330
17
100
AcDbEntity
  8
RASTER
 62
7
100
AcDbHatch
 10
0.0
 20
0.0
 30
0.0
210
0.0
220
0.0
230
1.0
  2
SOLID
 70
1
 71
0
 91
1
 92
3
 72
0
 73
1
 93
30
 10
129.832
 20
275.392
 10
131.052
 20
276.385
 10
132.312
 20
277.329
 10
133.598
 20
278.238
 10
134.893
 20
279.129
 10
136.184
 20
280.02
 10
137.46
 20
280.924
 10
138.712
 20
281.854
 10
139.941
 20
282.815
 10
141.148
 20
283.807
 10
142.342
 20
284.82
 10
143.534
 20
285.843
 10
144.736
 20
286.859
 10
145.962
 20
287.848
 10
147.22
 20
288.792
 10
147.231
 20
288.775
 10
146.027
 20
287.747
 10
144.857
 20
286.68
 10
143.706
 20
285.595
 10
142.559
 20
284.516
 10
141.4
 20
283.462
 10
140.218
 20
282.448
 10
139.001
 20
281.481
 10
137.746
 20
280.564
 10
136.454
 20
279.689
 10
135.133
 20
278.844
 10
133.795
 20
278.01
 10
132.455
 20
277.167
 10
131.133
 20
276.296
 10
129.846
 20
275.377
 97
0
 75
0
 76
1
 98
0
  0
HATCH
  5
8E
330
17
100
AcDbEntity
  8
RASTER
 62
7
100
AcDbHatch
 10
0.0
 20
0.0
 30
0.0
210
0.0
220
0.0
230
1.0
  2
SOLID
 70
1
 71
0
 91
1
 92
3
 72
0
 73
1
 93
34
 10
149.215
 20
293.348
 10
150.58
 20
294.221
 10
151.917
 20
295.149
 10
153.233
 20
296.126
 10
154.538
 20
297.139
 10
155.843
 20
298.17
 10
157.158
 20
299.201
 10
158.494
 20
300.209
 10
159.861
 20
301.171
 10
161.266
 20
302.067
 10
162.714
 20
302.88
 10
164.206
 20
303.595
 10
165.742
 20
304.205
 10
167.319
 20
304.707
 10
168.931
 20
305.104
 10
170.57
 20
305.408
 10
172.228
 20
305.633
 10
172.234
 20
305.614
 10
170.599
 20
305.325
 10
168.982
 20
304.961
 10
167.393
 20
304.508
 10
165.838
 20
303.958
 10
164.321
 20
303.31
 10
162.845
 20
302.567
 10
161.409
 20
301.738
 10
160.011
 20
300.838
 10
158.646
 20
299.883
 10
157.305
 20
298.896
 10
155.98
 20
297.895
 10
154.66
 20
296.904
 10
153.333
 20
295.939
 10
151.991
 20
295.016
 10
150.623
 20
294.145
 10
149.225
 20
293.331
 97
0
 75
0
 76
1
 98
0
  0
HATCH
  5
8F
330
17
100
AcDbEntity
  8
RASTER
 62
7
100
AcDbHatch
 10
0.0
 20
0.0
 30
0.0
210
0.0
220
0.0
230
1.0
  2
SOLID
 70
1
 71
0
 91
1
 92
3
 72
0
 73
1
 93
18
 10
187.565
 20
306.291
 10
189.127
 20
306.502
 10
190.678
 20
306.767
 10
192.22
 20
307.087
 10
193.758
 20
307.452
 10
195.298
 20
307.838
 10
196.844
 20
308.213
 10
198.4
 20
308.542
 10
199.967
 20
308.794
 10
199.969
 20
308.774
 10
198.415
 20
308.393
 10
196.873
 20
307.955
 10
195.34
 20
307.507
 10
193.808
 20
307.096
 10
192.271
 20
306.757
 10
190.72
 20
306.51
 10
189.153
 20
306.355
 10
187.569
 20
306.272
 97
0
 75
0
 76
1
 98
0
  0
HATCH
  5
90
330
17
100
AcDbEntity
  8
RASTER
 62
7
100
AcDbHatch
 10
0.0
 20
0.0
 30
0.0
210
0.0
220
0.0
230
1.0
  2
SOLID
 70
1
 71
0
 91
1
 92
3
 72
0
 73
1
 93
26
 10
204.063
 20
308.963
 10
205.651
 20
309.024
 10
207.24
 20
309.011
 10
208.829
 20
308.935
 10
210.415
 20
308.809
 10
211.997
 20
308.648
 10
213.575
 20
308.47
 10
215.15
 20
308.29
 10
216.722
 20
308.121
 10
218.293
 20
307.974
 10
219.865
 20
307.852
 10
221.44
 20
307.755
 10
222.76
 20
307.688
 10
222.76
 20
307.449
 10
221.41
 20
307.441
 10
219.834
 20
307.463
 10
218.263
 20
307.528
 10
216.696
 20
307.64
 10
215.129
 20
307.796
 10
213.562
 20
307.988
 10
211.991
 20
308.201
 10
210.414
 20
308.418
 10
208.833
 20
308.62
 10
207.246
 20
308.786
 10
205.656
 20
308.898
 10
204.064
 20
308.943
 97
0
 75
0
 76
1
 98
0
  0
HATCH
  5
91
330
17
100
AcDbEntity
  8
RASTER
 62
7
100
AcDbHatch
 10
0.0
 20
0.0
 30
0.0
210
0.0
220
0.0
230
1.0
  2
SOLID
 70
1
 71
0
 91
1
 92
3
 72
0
 73
1
 93
30
 10
188.154
 20
315.138
 10
189.701
 20
315.536
 10
191.264
 20
315.85
 10
192.841
 20
316.074
 10
194.429
 20
316.211
 10
196.025
 20
316.271
 10
197.623
 20
316.269
 10
199.221
 20
316.226
 10
200.817
 20
316.161
 10
202.407
 20
316.097
 10
203.993
 20
316.052
 10
205.575
 20
316.038
 10
207.153
 20
316.062
 10
208.731
 20
316.124
 10
210.31
 20
316.218
 10
210.31
 20
316.198
 10
208.733
 20
315.996
 10
207.159
 20
315.831
 10
205.587
 20
315.714
 10
204.013
 20
315.652
 10
202.436
 20
315.64
 10
200.853
 20
315.668
 10
199.265
 20
315.721
 10
197.672
 20
315.777
 10
196.076
 20
315.815
 10
194.479
 20
315.813
 10
192.885
 20
315.753
 10
191.298
 20
315.621
 10
189.721
 20
315.409
 10
188.157
 20
315.118
 97
0
 75
0
 76
1
 98
0
  0
HATCH
  5
92
330
17
100
AcDbEntity
  8
RASTER
 62
7
100
AcDbHatch
 10
0.0
 20
0.0
 30
0.0
210
0.0
220
0.0
230
1.0
  2
SOLID
 70
1
 71
0
 91
1
 92
3
 72
0
 73
1
 93
22
 10
85.151
 20
203.921
 10
85.36
 20
205.546
 10
85.7
 20
207.153
 10
86.156
 20
208.74
 10
86.702
 20
210.305
 10
87.308
 20
211.852
 10
87.937
 20
213.386
 10
88.552
 20
214.914
 10
89.122
 20
216.445
 10
89.624
 20
217.986
 10
90.042
 20
219.545
 10
90.062
 20
219.54
 10
89.78
 20
217.949
 10
89.403
 20
216.382
 10
88.932
 20
214.835
 10
88.381
 20
213.299
 10
87.775
 20
211.766
 10
87.149
 20
210.229
 10
86.539
 20
208.68
 10
85.984
 20
207.113
 10
85.519
 20
205.526
 10
85.171
 20
203.919
 97
0
 75
0
 76
1
 98
0
  0
HATCH
  5
93
330
17
100
AcDbEntity
  8
RASTER
 62
7
100
AcDbHatch
 10
0.0
 20
0.0
 30
0.0
210
0.0
220
0.0
230
1.0
  2
SOLID
 70
1
 71
0
 91
1
 92
3
 72
0
 73
1
 93
22
 10
90.678
 20
223.681
 10
91.281
 20
225.226
 10
91.88
 20
226.768
 10
92.464
 20
228.313
 10
93.023
 20
229.863
 10
93.557
 20
231.423
 10
94.066
 20
232.992
 10
94.557
 20
234.571
 10
95.042
 20
236.155
 10
95.534
 20
237.741
 10
96.048
 20
239.321
 10
96.066
 20
239.313
 10
95.689
 20
237.675
 10
95.323
 20
236.041
 10
94.939
 20
234.421
 10
94.514
 20
232.824
 10
94.03
 20
231.252
 10
93.476
 20
229.707
 10
92.853
 20
228.184
 10
92.17
 20
226.677
 10
91.443
 20
225.177
 10
90.698
 20
223.676
 97
0
 75
0
 76
1
 98
0
  0
HATCH
  5
94
330
17
100
AcDbEntity
  8
RASTER
 62
7
100
AcDbHatch
 10
0.0
 20
0.0
 30
0.0
210
0.0
220
0.0
230
1.0
  2
SOLID
 70
1
 71
0
 91
1
 92
3
 72
0
 73
1
 93
24
 10
101.312
 20
255.366
 10
102.057
 20
256.876
 10
102.814
 20
258.384
 10
103.592
 20
259.883
 10
104.397
 20
261.37
 10
105.236
 20
262.837
 10
106.116
 20
264.282
 10
107.038
 20
265.698
 10
108.007
 20
267.083
 10
109.021
 20
268.434
 10
110.081
 20
269.75
 10
111.183
 20
271.031
 10
111.199
 20
271.018
 10
110.165
 20
269.682
 10
109.17
 20
268.318
 10
108.211
 20
266.928
 10
107.283
 20
265.517
 10
106.383
 20
264.089
 10
105.507
 20
262.649
 10
104.649
 20
261.198
 10
103.806
 20
259.742
 10
102.973
 20
258.282
 10
102.149
 20
256.819
 10
101.329
 20
255.356
 97
0
 75
0
 76
1
 98
0
  0
HATCH
  5
95
330
17
100
AcDbEntity
  8
RASTER
 62
7
100
AcDbHatch
 10
0.0
 20
0.0
 30
0.0
210
0.0
220
0.0
230
1.0
  2
SOLID
 70
1
 71
0
 91
1
 92
3
 72
0
 73
1
 93
28
 10
119.611
 20
273.606
 10
120.331
 20
275.023
 10
121.211
 20
276.297
 10
122.274
 20
277.399
 10
123.51
 20
278.323
 10
124.887
 20
279.092
 10
126.354
 20
279.751
 10
127.848
 20
280.36
 10
129.308
 20
280.987
 10
130.682
 20
281.696
 10
131.937
 20
282.533
 10
133.062
 20
283.521
 10
134.071
 20
284.657
 10
134.997
 20
285.909
 10
135.009
 20
285.893
 10
134.155
 20
284.552
 10
133.216
 20
283.333
 10
132.155
 20
282.274
 10
130.953
 20
281.382
 10
129.619
 20
280.636
 10
128.181
 20
279.992
 10
126.692
 20
279.387
 10
125.21
 20
278.753
 10
123.799
 20
278.027
 10
122.513
 20
277.16
 10
121.385
 20
276.127
 10
120.428
 20
274.93
 10
119.626
 20
273.593
 97
0
 75
0
 76
1
 98
0
  0
HATCH
  5
96
330
17
100
AcDbEntity
  8
RASTER
 62
7
100
AcDbHatch
 10
0.0
 20
0.0
 30
0.0
210
0.0
220
0.0
230
1.0
  2
SOLID
 70
1
 71
0
 91
1
 92
3
 72
0
 73
1
 93
18
 10
136.63
 20
294.339
 10
138.147
 20
295.158
 10
139.641
 20
296.004
 10
141.11
 20
296.88
 10
142.557
 20
297.791
 10
143.983
 20
298.737
 10
145.391
 20
299.716
 10
146.787
 20
300.723
 10
148.177
 20
301.753
 10
148.186
 20
301.735
 10
146.881
 20
300.558
 10
145.56
 20
299.428
 10
144.205
 20
298.37
 10
142.802
 20
297.399
 10
141.343
 20
296.519
 10
139.824
 20
295.726
 10
138.253
 20
295.002
 10
136.642
 20
294.322
 97
0
 75
0
 76
1
 98
0
  0
HATCH
  5
97
330
17
100
AcDbEntity
  8
RASTER
 62
7
100
AcDbHatch
 10
0.0
 20
0.0
 30
0.0
210
0.0
220
0.0
230
1.0
  2
SOLID
 70
1
 71
0
 91
1
 92
3
 72
0
 73
1
 93
18
 10
161.485
 20
303.224
 10
162.875
 20
304.191
 10
164.289
 20
305.125
 10
165.735
 20
306.003
 10
167.217
 20
306.804
 10
168.738
 20
307.515
 10
170.295
 20
308.131
 10
171.886
 20
308.652
 10
173.504
 20
309.084
 10
173.51
 20
309.065
 10
171.95
 20
308.452
 10
170.413
 20
307.78
 10
168.896
 20
307.064
 10
167.395
 20
306.319
 10
165.906
 20
305.556
 10
164.426
 20
304.781
 10
162.955
 20
303.997
 10
161.493
 20
303.205
 97
0
 75
0
 76
1
 98
0
  0
HATCH
  5
98
330
17
100
AcDbEntity
  8
RASTER
 62
7
100
AcDbHatch
 10
0.0
 20
0.0
 30
0.0
210
0.0
220
0.0
230
1.0
  2
SOLID
 70
1
 71
0
 91
1
 92
3
 72
0
 73
1
 93
20
 10
85.416
 20
235.408
 10
85.604
 20
237.048
 10
85.794
 20
238.697
 10
86.032
 20
240.338
 10
86.36
 20
241.951
 10
86.811
 20
243.519
 10
87.407
 20
245.027
 10
88.152
 20
246.468
 10
89.035
 20
247.84
 10
90.034
 20
249.149
 10
90.052
 20
249.14
 10
89.151
 20
247.784
 10
88.354
 20
246.373
 10
87.675
 20
244.906
 10
87.115
 20
243.386
 10
86.666
 20
241.822
 10
86.304
 20
240.226
 10
86.002
 20
238.615
 10
85.724
 20
237.002
 10
85.435
 20
235.401
 97
0
 75
0
 76
1
 98
0
  0
HATCH
  5
99
330
17
100
AcDbEntity
  8
RASTER
 62
7
100
AcDbHatch
 10
0.0
 20
0.0
 30
0.0
210
0.0
220
0.0
230
1.0
  2
SOLID
 70
1
 71
0
 91
1
 92
3
 72
0
 73
1
 93
16
 10
93.492
 20
257.307
 10
94.251
 20
258.646
 10
94.946
 20
260.024
 10
95.594
 20
261.436
 10
96.217
 20
262.869
 10
96.839
 20
264.31
 10
97.481
 20
265.745
 10
98.164
 20
267.159
 10
98.18
 20
267.148
 10
97.622
 20
265.649
 10
97.082
 20
264.15
 10
96.518
 20
262.675
 10
95.897
 20
261.246
 10
95.194
 20
259.873
 10
94.397
 20
258.558
 10
93.509
 20
257.297
 97
0
 75
0
 76
1
 98
0
  0
HATCH
  5
9A
330
17
100
AcDbEntity
  8
RASTER
 62
7
100
AcDbHatch
 10
0.0
 20
0.0
 30
0.0
210
0.0
220
0.0
230
1.0
  2
SOLID
 70
1
 71
0
 91
1
 92
3
 72
0
 73
1
 93
26
 10
105.851
 20
276.577
 10
107.169
 20
277.652
 10
108.431
 20
278.766
 10
109.617
 20
279.942
 10
110.718
 20
281.192
 10
111.741
 20
282.519
 10
112.699
 20
283.914
 10
113.619
 20
285.356
 10
114.533
 20
286.817
 10
115.474
 20
288.265
 10
116.474
 20
289.663
 10
117.56
 20
290.98
 10
118.748
 20
292.19
 10
118.761
 20
292.175
 10
117.644
 20
290.887
 10
116.626
 20
289.5
 10
115.686
 20
288.043
 10
114.793
 20
286.552
 10
113.912
 20
285.065
 10
113.005
 20
283.617
 10
112.04
 20
282.236
 10
110.991
 20
280.941
 10
109.845
 20
279.737
 10
108.598
 20
278.619
 10
107.264
 20
277.571
 10
105.866
 20
276.564
 97
0
 75
0
 76
1
 98
0
  0
HATCH
  5
9B
330
17
100
AcDbEntity
  8
RASTER
 62
7
100
AcDbHatch
 10
0.0
 20
0.0
 30
0.0
210
0.0
220
0.0
230
1.0
  2
SOLID
 70
1
 71
0
 91
1
 92
3
 72
0
 73
1
 93
30
 10
126.121
 20
294.97
 10
127.324
 20
296.03
 10
128.495
 20
297.136
 10
129.647
 20
298.275
 10
130.798
 20
299.424
 10
131.967
 20
300.559
 10
133.172
 20
301.651
 10
134.428
 20
302.678
 10
135.743
 20
303.62
 10
137.12
 20
304.468
 10
138.553
 20
305.222
 10
140.034
 20
305.894
 10
141.546
 20
306.504
 10
143.072
 20
307.078
 10
144.594
 20
307.645
 10
144.604
 20
307.627
 10
143.131
 20
306.973
 10
141.655
 20
306.318
 10
140.19
 20
305.636
 10
138.75
 20
304.905
 10
137.349
 20
304.107
 10
135.994
 20
303.234
 10
134.69
 20
302.286
 10
133.433
 20
301.272
 10
132.213
 20
300.209
 10
131.017
 20
299.121
 10
129.827
 20
298.032
 10
128.625
 20
296.964
 10
127.398
 20
295.935
 10
126.134
 20
294.954
 97
0
 75
0
 76
1
 98
0
  0
HATCH
  5
9C
330
17
100
AcDbEntity
  8
RASTER
 62
7
100
AcDbHatch
 10
0.0
 20
0.0
 30
0.0
210
0.0
220
0.0
230
1.0
  2
SOLID
 70
1
 71
0
 91
1
 92
3
 72
0
 73
1
 93
22
 10
151.453
 20
307.102
 10
152.843
 20
307.885
 10
154.226
 20
308.69
 10
155.607
 20
309.508
 10
156.989
 20
310.333
 10
158.377
 20
311.158
 10
159.773
 20
311.975
 10
161.181
 20
312.778
 10
162.602
 20
313.562
 10
164.038
 20
314.322
 10
165.489
 20
315.055
 10
165.495
 20
315.036
 10
164.085
 20
314.195
 10
162.688
 20
313.338
 10
161.301
 20
312.478
 10
159.917
 20
311.627
 10
158.532
 20
310.795
 10
157.141
 20
309.989
 10
155.741
 20
309.214
 10
154.328
 20
308.472
 10
152.902
 20
307.763
 10
151.461
 20
307.084
 97
0
 75
0
 76
1
 98
0
  0
HATCH
  5
9D
330
17
100
AcDbEntity
  8
RASTER
 62
7
100
AcDbHatch
 10
0.0
 20
0.0
 30
0.0
210
0.0
220
0.0
230
1.0
  2
SOLID
 70
1
 71
0
 91
1
 92
3
 72
0
 73
1
 93
24
 10
175.073
 20
319.039
 10
176.539
 20
319.865
 10
177.988
 20
320.802
 10
179.445
 20
321.764
 10
180.933
 20
322.658
 10
182.466
 20
323.397
 10
184.052
 20
323.916
 10
185.69
 20
324.18
 10
187.369
 20
324.194
 10
189.074
 20
324.001
 10
190.788
 20
323.672
 10
192.494
 20
323.299
 10
192.497
 20
323.279
 10
190.805
 20
323.559
 10
189.106
 20
323.802
 10
187.415
 20
323.925
 10
185.748
 20
323.86
 10
184.119
 20
323.57
 10
182.537
 20
323.052
 10
181.002
 20
322.34
 10
179.507
 20
321.497
 10
178.036
 20
320.606
 10
176.567
 20
319.754
 10
175.078
 20
319.02
 97
0
 75
0
 76
1
 98
0
  0
HATCH
  5
9E
330
17
100
AcDbEntity
  8
RASTER
 62
7
100
AcDbHatch
 10
0.0
 20
0.0
 30
0.0
210
0.0
220
0.0
230
1.0
  2
SOLID
 70
1
 71
0
 91
1
 92
3
 72
0
 73
1
 93
20
 10
206.32
 20
319.603
 10
207.966
 20
319.42
 10
209.607
 20
319.256
 10
211.244
 20
319.116
 10
212.878
 20
319.007
 10
214.511
 20
318.931
 10
216.145
 20
318.891
 10
217.783
 20
318.887
 10
219.425
 20
318.916
 10
221.073
 20
318.975
 10
221.071
 20
318.955
 10
219.414
 20
318.766
 10
217.767
 20
318.621
 10
216.13
 20
318.54
 10
214.498
 20
318.534
 10
212.87
 20
318.61
 10
211.241
 20
318.764
 10
209.608
 20
318.989
 10
207.969
 20
319.269
 10
206.32
 20
319.583
 97
0
 75
0
 76
1
 98
0
  0
HATCH
  5
9F
330
17
100
AcDbEntity
  8
RASTER
 62
7
100
AcDbHatch
 10
0.0
 20
0.0
 30
0.0
210
0.0
220
0.0
230
1.0
  2
SOLID
 70
1
 71
0
 91
1
 92
3
 72
0
 73
1
 93
24
 10
78.249
 20
210.84
 10
78.589
 20
212.336
 10
79.009
 20
213.815
 10
79.501
 20
215.277
 10
80.055
 20
216.721
 10
80.658
 20
218.148
 10
81.293
 20
219.561
 10
81.945
 20
220.963
 10
82.597
 20
222.358
 10
83.231
 20
223.752
 10
83.832
 20
225.148
 10
84.39
 20
226.553
 10
84.409
 20
226.547
 10
83.977
 20
225.107
 10
83.492
 20
223.681
 10
82.956
 20
222.266
 10
82.375
 20
220.858
 10
81.76
 20
219.452
 10
81.126
 20
218.044
 10
80.488
 20
216.63
 10
79.864
 20
215.205
 10
79.275
 20
213.766
 10
78.737
 20
212.31
 10
78.269
 20
210.837
 97
0
 75
0
 76
1
 98
0
  0
HATCH
  5
A0
330
17
100
AcDbEntity
  8
RASTER
 62
7
100
AcDbHatch
 10
0.0
 20
0.0
 30
0.0
210
0.0
220
0.0
230
1.0
  2
SOLID
 70
1
 71
0
 91
1
 92
3
 72
0
 73
1
 93
14
 10
68.154
 20
201.865
 10
68.226
 20
202.816
 10
68.437
 20
204.399
 10
68.737
 20
205.971
 10
69.119
 20
207.53
 10
69.57
 20
209.074
 10
70.077
 20
210.606
 10
70.097
 20
210.603
 10
69.691
 20
209.058
 10
69.334
 20
207.502
 10
69.034
 20
205.936
 10
68.796
 20
204.361
 10
68.624
 20
202.778
 10
68.564
 20
201.865
 97
0
 75
0
 76
1
 98
0
  0
HATCH
  5
A1
330
17
100
AcDbEntity
  8
RASTER
 62
7
100
AcDbHatch
 10
0.0
 20
0.0
 30
0.0
210
0.0
220
0.0
230
1.0
  2
SOLID
 70
1
 71
0
 91
1
 92
3
 72
0
 73
1
 93
22
 10
70.719
 20
220.434
 10
70.733
 20
222.016
 10
70.756
 20
223.603
 10
70.814
 20
225.189
 10
70.931
 20
226.767
 10
71.128
 20
228.329
 10
71.42
 20
229.868
 10
71.816
 20
231.379
 10
72.318
 20
232.859
 10
72.92
 20
234.304
 10
73.613
 20
235.717
 10
73.631
 20
235.71
 10
73.063
 20
234.258
 10
72.573
 20
232.778
 10
72.162
 20
231.274
 10
71.825
 20
229.75
 10
71.554
 20
228.209
 10
71.338
 20
226.657
 10
71.164
 20
225.099
 10
71.016
 20
223.539
 10
70.879
 20
221.981
 10
70.739
 20
220.43
 97
0
 75
0
 76
1
 98
0
  0
HATCH
  5
A2
330
17
100
AcDbEntity
  8
RASTER
 62
7
100
AcDbHatch
 10
0.0
 20
0.0
 30
0.0
210
0.0
220
0.0
230
1.0
  2
SOLID
 70
1
 71
0
 91
1
 92
3
 72
0
 73
1
 93
34
 10
79.562
 20
251.121
 10
80.413
 20
252.528
 10
81.273
 20
253.926
 10
82.133
 20
255.321
 10
82.983
 20
256.718
 10
83.816
 20
258.121
 10
84.628
 20
259.535
 10
85.418
 20
260.961
 10
86.186
 20
262.4
 10
86.937
 20
263.851
 10
87.677
 20
265.312
 10
88.415
 20
266.778
 10
89.161
 20
268.244
 10
89.924
 20
269.702
 10
90.716
 20
271.146
 10
91.545
 20
272.568
 10
92.419
 20
273.962
 10
92.435
 20
273.95
 10
91.611
 20
272.521
 10
90.831
 20
271.067
 10
90.085
 20
269.594
 10
89.363
 20
268.112
 10
88.651
 20
266.628
 10
87.939
 20
265.149
 10
87.216
 20
263.682
 10
86.472
 20
262.231
 10
85.701
 20
260.798
 10
84.898
 20
259.384
 10
84.062
 20
257.987
 10
83.196
 20
256.605
 10
82.305
 20
255.232
 10
81.398
 20
253.864
 10
80.486
 20
252.493
 10
79.581
 20
251.113
 97
0
 75
0
 76
1
 98
0
  0
HATCH
  5
A3
330
17
100
AcDbEntity
  8
RASTER
 62
7
100
AcDbHatch
 10
0.0
 20
0.0
 30
0.0
210
0.0
220
0.0
230
1.0
  2
SOLID
 70
1
 71
0
 91
1
 92
3
 72
0
 73
1
 93
18
 10
105.213
 20
283.922
 10
106.17
 20
285.105
 10
107.247
 20
286.18
 10
108.435
 20
287.146
 10
109.715
 20
288.016
 10
111.056
 20
288.815
 10
112.424
 20
289.575
 10
113.781
 20
290.334
 10
115.093
 20
291.129
 10
115.106
 20
291.114
 10
113.88
 20
290.231
 10
112.597
 20
289.398
 10
111.28
 20
288.591
 10
109.958
 20
287.777
 10
108.663
 20
286.927
 10
107.427
 20
286.011
 10
106.275
 20
285.009
 10
105.228
 20
283.909
 97
0
 75
0
 76
1
 98
0
  0
HATCH
  5
A4
330
17
100
AcDbEntity
  8
RASTER
 62
7
100
AcDbHatch
 10
0.0
 20
0.0
 30
0.0
210
0.0
220
0.0
230
1.0
  2
SOLID
 70
1
 71
0
 91
1
 92
3
 72
0
 73
1
 93
22
 10
127.784
 20
299.056
 10
129.066
 20
299.996
 10
130.342
 20
300.945
 10
131.615
 20
301.899
 10
132.888
 20
302.854
 10
134.164
 20
303.809
 10
135.445
 20
304.76
 10
136.731
 20
305.706
 10
138.024
 20
306.646
 10
139.324
 20
307.581
 10
140.63
 20
308.511
 10
140.64
 20
308.494
 10
139.399
 20
307.457
 10
138.16
 20
306.427
 10
136.917
 20
305.412
 10
135.665
 20
304.42
 10
134.399
 20
303.455
 10
133.116
 20
302.519
 10
131.814
 20
301.614
 10
130.492
 20
300.735
 10
129.152
 20
299.879
 10
127.796
 20
299.04
 97
0
 75
0
 76
1
 98
0
  0
HATCH
  5
A5
330
17
100
AcDbEntity
  8
RASTER
 62
7
100
AcDbHatch
 10
0.0
 20
0.0
 30
0.0
210
0.0
220
0.0
230
1.0
  2
SOLID
 70
1
 71
0
 91
1
 92
3
 72
0
 73
1
 93
20
 10
146.594
 20
311.976
 10
147.947
 20
312.928
 10
149.324
 20
313.841
 10
150.732
 20
314.701
 10
152.175
 20
315.497
 10
153.652
 20
316.22
 10
155.164
 20
316.867
 10
156.707
 20
317.441
 10
158.276
 20
317.946
 10
159.864
 20
318.395
 10
159.871
 20
318.376
 10
158.347
 20
317.771
 10
156.838
 20
317.128
 10
155.342
 20
316.455
 10
153.859
 20
315.756
 10
152.387
 20
315.035
 10
150.925
 20
314.295
 10
149.473
 20
313.537
 10
148.032
 20
312.759
 10
146.604
 20
311.959
 97
0
 75
0
 76
1
 98
0
  0
HATCH
  5
A6
330
17
100
AcDbEntity
  8
RASTER
 62
7
100
AcDbHatch
 10
0.0
 20
0.0
 30
0.0
210
0.0
220
0.0
230
1.0
  2
SOLID
 70
1
 71
0
 91
1
 92
3
 72
0
 73
1
 93
32
 10
164.485
 20
321.826
 10
166.066
 20
322.054
 10
167.641
 20
322.276
 10
169.203
 20
322.524
 10
170.744
 20
322.822
 10
172.262
 20
323.191
 10
173.756
 20
323.639
 10
175.232
 20
324.165
 10
176.694
 20
324.756
 10
178.151
 20
325.393
 10
179.611
 20
326.045
 10
181.082
 20
326.68
 10
182.57
 20
327.265
 10
184.08
 20
327.769
 10
185.613
 20
328.169
 10
187.169
 20
328.449
 10
187.172
 20
328.43
 10
185.631
 20
328.069
 10
184.113
 20
327.593
 10
182.619
 20
327.019
 10
181.147
 20
326.375
 10
179.69
 20
325.693
 10
178.242
 20
325.009
 10
176.793
 20
324.358
 10
175.335
 20
323.767
 10
173.86
 20
323.259
 10
172.36
 20
322.845
 10
170.832
 20
322.523
 10
169.277
 20
322.284
 10
167.696
 20
322.105
 10
166.098
 20
321.957
 10
164.492
 20
321.807
 97
0
 75
0
 76
1
 98
0
  0
HATCH
  5
A7
330
17
100
AcDbEntity
  8
RASTER
 62
7
100
AcDbHatch
 10
0.0
 20
0.0
 30
0.0
210
0.0
220
0.0
230
1.0
  2
SOLID
 70
1
 71
0
 91
1
 92
3
 72
0
 73
1
 93
14
 10
204.365
 20
326.669
 10
205.556
 20
326.675
 10
206.746
 20
326.721
 10
207.935
 20
326.793
 10
209.125
 20
326.884
 10
210.316
 20
326.992
 10
211.509
 20
327.121
 10
211.509
 20
327.101
 10
210.316
 20
326.79
 10
209.127
 20
326.548
 10
207.941
 20
326.408
 10
206.754
 20
326.384
 10
205.563
 20
326.472
 10
204.366
 20
326.649
 97
0
 75
0
 76
1
 98
0
  0
HATCH
  5
A8
330
17
100
AcDbEntity
  8
RASTER
 62
7
100
AcDbHatch
 10
0.0
 20
0.0
 30
0.0
210
0.0
220
0.0
230
1.0
  2
SOLID
 70
1
 71
0
 91
1
 92
3
 72
0
 73
1
 93
22
 10
60.98
 20
201.865
 10
61.18
 20
203.081
 10
61.426
 20
204.715
 10
61.642
 20
206.35
 10
61.826
 20
207.99
 10
61.979
 20
209.634
 10
62.108
 20
211.283
 10
62.22
 20
212.937
 10
62.329
 20
214.595
 10
62.448
 20
216.255
 10
62.593
 20
217.915
 10
62.612
 20
217.911
 10
62.562
 20
216.235
 10
62.534
 20
214.56
 10
62.509
 20
212.891
 10
62.47
 20
211.229
 10
62.403
 20
209.576
 10
62.295
 20
207.931
 10
62.139
 20
206.294
 10
61.933
 20
204.662
 10
61.678
 20
203.035
 10
61.465
 20
201.865
 97
0
 75
0
 76
1
 98
0
  0
HATCH
  5
A9
330
17
100
AcDbEntity
  8
RASTER
 62
7
100
AcDbHatch
 10
0.0
 20
0.0
 30
0.0
210
0.0
220
0.0
230
1.0
  2
SOLID
 70
1
 71
0
 91
1
 92
3
 72
0
 73
1
 93
14
 10
68.801
 20
224.61
 10
68.979
 20
226.159
 10
69.132
 20
227.72
 10
69.297
 20
229.284
 10
69.504
 20
230.841
 10
69.773
 20
232.385
 10
70.109
 20
233.911
 10
70.128
 20
233.905
 10
69.987
 20
232.319
 10
69.862
 20
230.736
 10
69.709
 20
229.167
 10
69.492
 20
227.623
 10
69.196
 20
226.103
 10
68.82
 20
224.605
 97
0
 75
0
 76
1
 98
0
  0
HATCH
  5
AA
330
17
100
AcDbEntity
  8
RASTER
 62
7
100
AcDbHatch
 10
0.0
 20
0.0
 30
0.0
210
0.0
220
0.0
230
1.0
  2
SOLID
 70
1
 71
0
 91
1
 92
3
 72
0
 73
1
 93
36
 10
67.98
 20
240.93
 10
68.502
 20
242.448
 10
69.085
 20
243.943
 10
69.728
 20
245.414
 10
70.426
 20
246.862
 10
71.176
 20
248.285
 10
71.971
 20
249.685
 10
72.805
 20
251.064
 10
73.669
 20
252.424
 10
74.556
 20
253.769
 10
75.456
 20
255.102
 10
76.361
 20
256.427
 10
77.263
 20
257.748
 10
78.155
 20
259.07
 10
79.032
 20
260.397
 10
79.888
 20
261.731
 10
80.72
 20
263.076
 10
81.527
 20
264.434
 10
81.544
 20
264.424
 10
80.799
 20
263.031
 10
80.026
 20
261.654
 10
79.227
 20
260.291
 10
78.402
 20
258.94
 10
77.553
 20
257.599
 10
76.686
 20
256.264
 10
75.806
 20
254.931
 10
74.919
 20
253.596
 10
74.035
 20
252.255
 10
73.16
 20
250.904
 10
72.305
 20
249.539
 10
71.476
 20
248.157
 10
70.684
 20
246.756
 10
69.934
 20
245.332
 10
69.234
 20
243.886
 10
68.587
 20
242.416
 10
67.999
 20
240.923
 97
0
 75
0
 76
1
 98
0
  0
HATCH
  5
AB
330
17
100
AcDbEntity
  8
RASTER
 62
7
100
AcDbHatch
 10
0.0
 20
0.0
 30
0.0
210
0.0
220
0.0
230
1.0
  2
SOLID
 70
1
 71
0
 91
1
 92
3
 72
0
 73
1
 93
16
 10
88.401
 20
268.102
 10
89.377
 20
269.319
 10
90.282
 20
270.579
 10
91.12
 20
271.885
 10
91.899
 20
273.233
 10
92.632
 20
274.619
 10
93.335
 20
276.033
 10
94.026
 20
277.464
 10
94.042
 20
277.452
 10
93.489
 20
275.919
 10
92.898
 20
274.427
 10
92.229
 20
273.0
 10
91.452
 20
271.655
 10
90.553
 20
270.395
 10
89.536
 20
269.213
 10
88.418
 20
268.092
 97
0
 75
0
 76
1
 98
0
  0
HATCH
  5
AC
330
17
100
AcDbEntity
  8
RASTER
 62
7
100
AcDbHatch
 10
0.0
 20
0.0
 30
0.0
210
0.0
220
0.0
230
1.0
  2
SOLID
 70
1
 71
0
 91
1
 92
3
 72
0
 73
1
 93
20
 10
103.976
 20
290.214
 10
105.144
 20
291.31
 10
106.349
 20
292.367
 10
107.587
 20
293.387
 10
108.852
 20
294.375
 10
110.136
 20
295.337
 10
111.43
 20
296.282
 10
112.726
 20
297.22
 10
114.013
 20
298.161
 10
115.284
 20
299.117
 10
115.297
 20
299.101
 10
114.111
 20
298.051
 10
112.9
 20
297.027
 10
111.663
 20
296.03
 10
110.402
 20
295.056
 10
109.121
 20
294.096
 10
107.828
 20
293.143
 10
106.534
 20
292.184
 10
105.25
 20
291.207
 10
103.99
 20
290.201
 97
0
 75
0
 76
1
 98
0
  0
HATCH
  5
AD
330
17
100
AcDbEntity
  8
RASTER
 62
7
100
AcDbHatch
 10
0.0
 20
0.0
 30
0.0
210
0.0
220
0.0
230
1.0
  2
SOLID
 70
1
 71
0
 91
1
 92
3
 72
0
 73
1
 93
28
 10
119.859
 20
303.672
 10
120.968
 20
304.727
 10
122.085
 20
305.778
 10
123.213
 20
306.819
 10
124.357
 20
307.844
 10
125.519
 20
308.849
 10
126.702
 20
309.83
 10
127.908
 20
310.782
 10
129.138
 20
311.701
 10
130.393
 20
312.585
 10
131.673
 20
313.432
 10
132.976
 20
314.242
 10
134.302
 20
315.015
 10
135.649
 20
315.752
 10
135.659
 20
315.735
 10
134.355
 20
314.928
 10
133.071
 20
314.09
 10
131.805
 20
313.223
 10
130.557
 20
312.331
 10
129.326
 20
311.417
 10
128.11
 20
310.484
 10
126.907
 20
309.534
 10
125.716
 20
308.572
 10
124.534
 20
307.6
 10
123.36
 20
306.62
 10
122.193
 20
305.635
 10
121.03
 20
304.647
 10
119.872
 20
303.656
 97
0
 75
0
 76
1
 98
0
  0
HATCH
  5
AE
330
17
100
AcDbEntity
  8
RASTER
 62
7
100
AcDbHatch
 10
0.0
 20
0.0
 30
0.0
210
0.0
220
0.0
230
1.0
  2
SOLID
 70
1
 71
0
 91
1
 92
3
 72
0
 73
1
 93
22
 10
143.713
 20
322.174
 10
145.098
 20
322.939
 10
146.476
 20
323.726
 10
147.849
 20
324.526
 10
149.223
 20
325.333
 10
150.602
 20
326.139
 10
151.99
 20
326.935
 10
153.388
 20
327.713
 10
154.801
 20
328.467
 10
156.23
 20
329.19
 10
157.675
 20
329.879
 10
157.682
 20
329.86
 10
156.276
 20
329.071
 10
154.884
 20
328.258
 10
153.503
 20
327.434
 10
152.126
 20
326.612
 10
150.749
 20
325.802
 10
149.367
 20
325.014
 10
147.975
 20
324.253
 10
146.572
 20
323.523
 10
145.154
 20
322.825
 10
143.722
 20
322.156
 97
0
 75
0
 76
1
 98
0
  0
HATCH
  5
AF
330
17
100
AcDbEntity
  8
RASTER
 62
7
100
AcDbHatch
 10
0.0
 20
0.0
 30
0.0
210
0.0
220
0.0
230
1.0
  2
SOLID
 70
1
 71
0
 91
1
 92
3
 72
0
 73
1
 93
18
 10
173.262
 20
334.718
 10
174.709
 20
335.237
 10
176.154
 20
335.773
 10
177.604
 20
336.307
 10
179.062
 20
336.822
 10
180.532
 20
337.3
 10
182.016
 20
337.728
 10
183.512
 20
338.099
 10
185.021
 20
338.408
 10
185.024
 20
338.389
 10
183.54
 20
337.942
 10
182.067
 20
337.455
 10
180.603
 20
336.95
 10
179.142
 20
336.445
 10
177.681
 20
335.959
 10
176.217
 20
335.502
 10
174.746
 20
335.082
 10
173.267
 20
334.699
 97
0
 75
0
 76
1
 98
0
  0
HATCH
  5
B0
330
17
100
AcDbEntity
  8
RASTER
 62
7
100
AcDbHatch
 10
0.0
 20
0.0
 30
0.0
210
0.0
220
0.0
230
1.0
  2
SOLID
 70
1
 71
0
 91
1
 92
3
 72
0
 73
1
 93
34
 10
198.517
 20
333.882
 10
200.042
 20
334.302
 10
201.569
 20
334.795
 10
203.102
 20
335.323
 10
204.646
 20
335.842
 10
206.202
 20
336.303
 10
207.768
 20
336.667
 10
209.342
 20
336.897
 10
210.919
 20
336.973
 10
212.497
 20
336.887
 10
214.069
 20
336.646
 10
215.631
 20
336.272
 10
217.183
 20
335.798
 10
218.722
 20
335.266
 10
220.251
 20
334.723
 10
221.774
 20
334.214
 10
222.76
 20
333.931
 10
222.76
 20
333.884
 10
221.766
 20
334.118
 10
220.24
 20
334.554
 10
218.708
 20
335.03
 10
217.169
 20
335.502
 10
215.619
 20
335.928
 10
214.059
 20
336.266
 10
212.491
 20
336.485
 10
210.918
 20
336.564
 10
209.344
 20
336.495
 10
207.774
 20
336.286
 10
206.211
 20
335.959
 10
204.658
 20
335.546
 10
203.114
 20
335.087
 10
201.579
 20
334.626
 10
200.048
 20
334.206
 10
198.519
 20
333.862
 97
0
 75
0
 76
1
 98
0
  0
HATCH
  5
B1
330
17
100
AcDbEntity
  8
RASTER
 62
7
100
AcDbHatch
 10
0.0
 20
0.0
 30
0.0
210
0.0
220
0.0
230
1.0
  2
SOLID
 70
1
 71
0
 91
2
 92
3
 72
0
 73
1
 93
15
 10
10.237
 20
201.865
 10
11.136
 20
215.581
 10
16.261
 20
241.347
 10
24.706
 20
266.224
 10
36.326
 20
289.787
 10
50.921
 20
311.63
 10
68.243
 20
331.382
 10
87.995
 20
348.704
 10
109.839
 20
363.3
 10
133.401
 20
374.92
 10
158.278
 20
383.364
 10
184.045
 20
388.489
 10
210.26
 20
390.208
 10
222.76
 20
389.388
 10
222.76
 20
201.865
 97
0
 92
3
 72
0
 73
1
 93
15
 10
222.76
 20
388.688
 10
210.26
 20
389.508
 10
184.136
 20
387.795
 10
158.46
 20
382.688
 10
133.669
 20
374.273
 10
110.189
 20
362.694
 10
88.421
 20
348.149
 10
68.738
 20
330.887
 10
51.477
 20
311.204
 10
36.932
 20
289.437
 10
25.353
 20
265.957
 10
16.938
 20
241.166
 10
11.83
 20
215.489
 10
10.937
 20
201.865
 10
222.76
 20
201.865
 97
0
 75
0
 76
1
 98
0
  0
HATCH
  5
B2
330
17
100
AcDbEntity
  8
RASTER
 62
7
100
AcDbHatch
 10
0.0
 20
0.0
 30
0.0
210
0.0
220
0.0
230
1.0
  2
SOLID
 70
1
 71
0
 91
2
 92
3
 72
0
 73
1
 93
15
 10
11.537
 20
201.865
 10
12.425
 20
215.411
 10
17.517
 20
241.011
 10
25.907
 20
265.727
 10
37.451
 20
289.137
 10
51.953
 20
310.839
 10
69.162
 20
330.463
 10
88.787
 20
347.673
 10
110.489
 20
362.174
 10
133.899
 20
373.718
 10
158.615
 20
382.108
 10
184.215
 20
387.201
 10
210.26
 20
388.908
 10
222.76
 20
388.088
 10
222.76
 20
201.865
 97
0
 92
3
 72
0
 73
1
 93
15
 10
222.76
 20
387.588
 10
210.26
 20
388.408
 10
184.28
 20
386.705
 10
158.744
 20
381.626
 10
134.09
 20
373.257
 10
110.739
 20
361.741
 10
89.091
 20
347.276
 10
69.516
 20
330.11
 10
52.349
 20
310.535
 10
37.884
 20
288.887
 10
26.369
 20
265.536
 10
18.0
 20
240.881
 10
12.921
 20
215.346
 10
12.037
 20
201.865
 10
222.76
 20
201.865
 97
0
 75
0
 76
1
 98
0
  0
HATCH
  5
B3
330
17
100
AcDbEntity
  8
RASTER
 62
7
100
AcDbHatch
 10
0.0
 20
0.0
 30
0.0
210
0.0
220
0.0
230
1.0
  2
SOLID
 70
1
 71
0
 91
1
 92
3
 72
0
 73
1
 93
4
 10
22.585
 20
252.04
 10
47.935
 20
252.04
 10
47.935
 20
251.69
 10
22.585
 20
251.69
 97
0
 75
0
 76
1
 98
0
  0
HATCH
  5
B4
330
17
100
AcDbEntity
  8
RASTER
 62
7
100
AcDbHatch
 10
0.0
 20
0.0
 30
0.0
210
0.0
220
0.0
230
1.0
  2
SOLID
 70
1
 71
0
 91
1
 92
3
 72
0
 73
1
 93
4
 10
22.585
 20
227.04
 10
47.935
 20
227.04
 10
47.935
 20
226.69
 10
22.585
 20
226.69
 97
0
 75
0
 76
1
 98
0
  0
HATCH
  5
B5
330
17
100
AcDbEntity
  8
RASTER
 62
7
100
AcDbHatch
 10
0.0
 20
0.0
 30
0.0
210
0.0
220
0.0
230
1.0
  2
SOLID
 70
1
 71
0
 91
1
 92
3
 72
0
 73
1
 93
4
 10
47.585
 20
302.04
 10
72.935
 20
302.04
 10
72.935
 20
301.69
 10
47.585
 20
301.69
 97
0
 75
0
 76
1
 98
0
  0
HATCH
  5
B6
330
17
100
AcDbEntity
  8
RASTER
 62
7
100
AcDbHatch
 10
0.0
 20
0.0
 30
0.0
210
0.0
220
0.0
230
1.0
  2
SOLID
 70
1
 71
0
 91
1
 92
3
 72
0
 73
1
 93
4
 10
47.585
 20
277.04
 10
72.935
 20
277.04
 10
72.935
 20
276.69
 10
47.585
 20
276.69
 97
0
 75
0
 76
1
 98
0
  0
HATCH
  5
B7
330
17
100
AcDbEntity
  8
RASTER
 62
7
100
AcDbHatch
 10
0.0
 20
0.0
 30
0.0
210
0.0
220
0.0
230
1.0
  2
SOLID
 70
1
 71
0
 91
1
 92
3
 72
0
 73
1
 93
4
 10
47.585
 20
252.04
 10
72.935
 20
252.04
 10
72.935
 20
251.69
 10
47.585
 20
251.69
 97
0
 75
0
 76
1
 98
0
  0
HATCH
  5
B8
330
17
100
AcDbEntity
  8
RASTER
 62
7
100
AcDbHatch
 10
0.0
 20
0.0
 30
0.0
210
0.0
220
0.0
230
1.0
  2
SOLID
 70
1
 71
0
 91
1
 92
3
 72
0
 73
1
 93
4
 10
47.585
 20
227.04
 10
72.935
 20
227.04
 10
72.935
 20
226.69
 10
47.585
 20
226.69
 97
0
 75
0
 76
1
 98
0
  0
HATCH
  5
B9
330
17
100
AcDbEntity
  8
RASTER
 62
7
100
AcDbHatch
 10
0.0
 20
0.0
 30
0.0
210
0.0
220
0.0
230
1.0
  2
SOLID
 70
1
 71
0
 91
1
 92
3
 72
0
 73
1
 93
4
 10
72.585
 20
327.04
 10
97.935
 20
327.04
 10
97.935
 20
326.69
 10
72.585
 20
326.69
 97
0
 75
0
 76
1
 98
0
  0
HATCH
  5
BA
330
17
100
AcDbEntity
  8
RASTER
 62
7
100
AcDbHatch
 10
0.0
 20
0.0
 30
0.0
210
0.0
220
0.0
230
1.0
  2
SOLID
 70
1
 71
0
 91
1
 92
3
 72
0
 73
1
 93
4
 10
72.585
 20
302.04
 10
97.935
 20
302.04
 10
97.935
 20
301.69
 10
72.585
 20
301.69
 97
0
 75
0
 76
1
 98
0
  0
HATCH
  5
BB
330
17
100
AcDbEntity
  8
RASTER
 62
7
100
AcDbHatch
 10
0.0
 20
0.0
 30
0.0
210
0.0
220
0.0
230
1.0
  2
SOLID
 70
1
 71
0
 91
1
 92
3
 72
0
 73
1
 93
4
 10
72.585
 20
277.04
 10
97.935
 20
277.04
 10
97.935
 20
276.69
 10
72.585
 20
276.69
 97
0
 75
0
 76
1
 98
0
  0
HATCH
  5
BC
330
17
100
AcDbEntity
  8
RASTER
 62
7
100
AcDbHatch
 10
0.0
 20
0.0
 30
0.0
210
0.0
220
0.0
230
1.0
  2
SOLID
 70
1
 71
0
 91
1
 92
3
 72
0
 73
1
 93
4
 10
72.585
 20
252.04
 10
97.935
 20
252.04
 10
97.935
 20
251.69
 10
72.585
 20
251.69
 97
0
 75
0
 76
1
 98
0
  0
HATCH
  5
BD
330
17
100
AcDbEntity
  8
RASTER
 62
7
100
AcDbHatch
 10
0.0
 20
0.0
 30
0.0
210
0.0
220
0.0
230
1.0
  2
SOLID
 70
1
 71
0
 91
1
 92
3
 72
0
 73
1
 93
4
 10
72.585
 20
227.04
 10
97.935
 20
227.04
 10
97.935
 20
226.69
 10
72.585
 20
226.69
 97
0
 75
0
 76
1
 98
0
  0
HATCH
  5
BE
330
17
100
AcDbEntity
  8
RASTER
 62
7
100
AcDbHatch
 10
0.0
 20
0.0
 30
0.0
210
0.0
220
0.0
230
1.0
  2
SOLID
 70
1
 71
0
 91
1
 92
3
 72
0
 73
1
 93
4
 10
97.585
 20
352.04
 10
122.935
 20
352.04
 10
122.935
 20
351.69
 10
97.585
 20
351.69
 97
0
 75
0
 76
1
 98
0
  0
HATCH
  5
BF
330
17
100
AcDbEntity
  8
RASTER
 62
7
100
AcDbHatch
 10
0.0
 20
0.0
 30
0.0
210
0.0
220
0.0
230
1.0
  2
SOLID
 70
1
 71
0
 91
1
 92
3
 72
0
 73
1
 93
4
 10
97.585
 20
327.04
 10
122.935
 20
327.04
 10
122.935
 20
326.69
 10
97.585
 20
326.69
 97
0
 75
0
 76
1
 98
0
  0
HATCH
  5
C0
330
17
100
AcDbEntity
  8
RASTER
 62
7
100
AcDbHatch
 10
0.0
 20
0.0
 30
0.0
210
0.0
220
0.0
230
1.0
  2
SOLID
 70
1
 71
0
 91
1
 92
3
 72
0
 73
1
 93
4
 10
97.585
 20
302.04
 10
122.935
 20
302.04
 10
122.935
 20
301.69
 10
97.585
 20
301.69
 97
0
 75
0
 76
1
 98
0
  0
HATCH
  5
C1
330
17
100
AcDbEntity
  8
RASTER
 62
7
100
AcDbHatch
 10
0.0
 20
0.0
 30
0.0
210
0.0
220
0.0
230
1.0
  2
SOLID
 70
1
 71
0
 91
1
 92
3
 72
0
 73
1
 93
4
 10
97.585
 20
277.04
 10
122.935
 20
277.04
 10
122.935
 20
276.69
 10
97.585
 20
276.69
 97
0
 75
0
 76
1
 98
0
  0
HATCH
  5
C2
330
17
100
AcDbEntity
  8
RASTER
 62
7
100
AcDbHatch
 10
0.0
 20
0.0
 30
0.0
210
0.0
220
0.0
230
1.0
  2
SOLID
 70
1
 71
0
 91
1
 92
3
 72
0
 73
1
 93
4
 10
97.585
 20
252.04
 10
122.935
 20
252.04
 10
122.935
 20
251.69
 10
97.585
 20
251.69
 97
0
 75
0
 76
1
 98
0
  0
HATCH
  5
C3
330
17
100
AcDbEntity
  8
RASTER
 62
7
100
AcDbHatch
 10
0.0
 20
0.0
 30
0.0
210
0.0
220
0.0
230
1.0
  2
SOLID
 70
1
 71
0
 91
1
 92
3
 72
0
 73
1
 93
4
 10
97.585
 20
227.04
 10
122.935
 20
227.04
 10
122.935
 20
226.69
 10
97.585
 20
226.69
 97
0
 75
0
 76
1
 98
0
  0
HATCH
  5
C4
330
17
100
AcDbEntity
  8
RASTER
 62
7
100
AcDbHatch
 10
0.0
 20
0.0
 30
0.0
210
0.0
220
0.0
230
1.0
  2
SOLID
 70
1
 71
0
 91
1
 92
3
 72
0
 73
1
 93
4
 10
106.585
 20
202.04
 10
114.085
 20
202.04
 10
114.085
 20
201.69
 10
106.585
 20
201.69
 97
0
 75
0
 76
1
 98
0
  0
HATCH
  5
C5
330
17
100
AcDbEntity
  8
RASTER
 62
7
100
AcDbHatch
 10
0.0
 20
0.0
 30
0.0
210
0.0
220
0.0
230
1.0
  2
SOLID
 70
1
 71
0
 91
1
 92
3
 72
0
 73
1
 93
4
 10
122.585
 20
352.04
 10
147.935
 20
352.04
 10
147.935
 20
351.69
 10
122.585
 20
351.69
 97
0
 75
0
 76
1
 98
0
  0
HATCH
  5
C6
330
17
100
AcDbEntity
  8
RASTER
 62
7
100
AcDbHatch
 10
0.0
 20
0.0
 30
0.0
210
0.0
220
0.0
230
1.0
  2
SOLID
 70
1
 71
0
 91
1
 92
3
 72
0
 73
1
 93
4
 10
122.585
 20
327.04
 10
147.935
 20
327.04
 10
147.935
 20
326.69
 10
122.585
 20
326.69
 97
0
 75
0
 76
1
 98
0
  0
HATCH
  5
C7
330
17
100
AcDbEntity
  8
RASTER
 62
7
100
AcDbHatch
 10
0.0
 20
0.0
 30
0.0
210
0.0
220
0.0
230
1.0
  2
SOLID
 70
1
 71
0
 91
1
 92
3
 72
0
 73
1
 93
4
 10
122.585
 20
302.04
 10
147.935
 20
302.04
 10
147.935
 20
301.69
 10
122.585
 20
301.69
 97
0
 75
0
 76
1
 98
0
  0
HATCH
  5
C8
330
17
100
AcDbEntity
  8
RASTER
 62
7
100
AcDbHatch
 10
0.0
 20
0.0
 30
0.0
210
0.0
220
0.0
230
1.0
  2
SOLID
 70
1
 71
0
 91
1
 92
3
 72
0
 73
1
 93
4
 10
122.585
 20
277.04
 10
147.935
 20
277.04
 10
147.935
 20
276.69
 10
122.585
 20
276.69
 97
0
 75
0
 76
1
 98
0
  0
HATCH
  5
C9
330
17
100
AcDbEntity
  8
RASTER
 62
7
100
AcDbHatch
 10
0.0
 20
0.0
 30
0.0
210
0.0
220
0.0
230
1.0
  2
SOLID
 70
1
 71
0
 91
1
 92
3
 72
0
 73
1
 93
4
 10
122.585
 20
252.04
 10
147.935
 20
252.04
 10
147.935
 20
251.69
 10
122.585
 20
251.69
 97
0
 75
0
 76
1
 98
0
  0
HATCH
  5
CA
330
17
100
AcDbEntity
  8
RASTER
 62
7
100
AcDbHatch
 10
0.0
 20
0.0
 30
0.0
210
0.0
220
0.0
230
1.0
  2
SOLID
 70
1
 71
0
 91
1
 92
3
 72
0
 73
1
 93
4
 10
122.585
 20
227.04
 10
147.935
 20
227.04
 10
147.935
 20
226.69
 10
122.585
 20
226.69
 97
0
 75
0
 76
1
 98
0
  0
HATCH
  5
CB
330
17
100
AcDbEntity
  8
RASTER
 62
7
100
AcDbHatch
 10
0.0
 20
0.0
 30
0.0
210
0.0
220
0.0
230
1.0
  2
SOLID
 70
1
 71
0
 91
1
 92
3
 72
0
 73
1
 93
4
 10
147.585
 20
377.04
 10
172.935
 20
377.04
 10
172.935
 20
376.69
 10
147.585
 20
376.69
 97
0
 75
0
 76
1
 98
0
  0
HATCH
  5
CC
330
17
100
AcDbEntity
  8
RASTER
 62
7
100
AcDbHatch
 10
0.0
 20
0.0
 30
0.0
210
0.0
220
0.0
230
1.0
  2
SOLID
 70
1
 71
0
 91
1
 92
3
 72
0
 73
1
 93
4
 10
147.585
 20
352.04
 10
172.935
 20
352.04
 10
172.935
 20
351.69
 10
147.585
 20
351.69
 97
0
 75
0
 76
1
 98
0
  0
HATCH
  5
CD
330
17
100
AcDbEntity
  8
RASTER
 62
7
100
AcDbHatch
 10
0.0
 20
0.0
 30
0.0
210
0.0
220
0.0
230
1.0
  2
SOLID
 70
1
 71
0
 91
1
 92
3
 72
0
 73
1
 93
4
 10
147.585
 20
327.04
 10
172.935
 20
327.04
 10
172.935
 20
326.69
 10
147.585
 20
326.69
 97
0
 75
0
 76
1
 98
0
  0
HATCH
  5
CE
330
17
100
AcDbEntity
  8
RASTER
 62
7
100
AcDbHatch
 10
0.0
 20
0.0
 30
0.0
210
0.0
220
0.0
230
1.0
  2
SOLID
 70
1
 71
0
 91
1
 92
3
 72
0
 73
1
 93
4
 10
147.585
 20
302.04
 10
172.935
 20
302.04
 10
172.935
 20
301.69
 10
147.585
 20
301.69
 97
0
 75
0
 76
1
 98
0
  0
HATCH
  5
CF
330
17
100
AcDbEntity
  8
RASTER
 62
7
100
AcDbHatch
 10
0.0
 20
0.0
 30
0.0
210
0.0
220
0.0
230
1.0
  2
SOLID
 70
1
 71
0
 91
1
 92
3
 72
0
 73
1
 93
4
 10
147.585
 20
277.04
 10
172.935
 20
277.04
 10
172.935
 20
276.69
 10
147.585
 20
276.69
 97
0
 75
0
 76
1
 98
0
  0
HATCH
  5
D0
330
17
100
AcDbEntity
  8
RASTER
 62
7
100
AcDbHatch
 10
0.0
 20
0.0
 30
0.0
210
0.0
220
0.0
230
1.0
  2
SOLID
 70
1
 71
0
 91
1
 92
3
 72
0
 73
1
 93
4
 10
147.585
 20
252.04
 10
172.935
 20
252.04
 10
172.935
 20
251.69
 10
147.585
 20
251.69
 97
0
 75
0
 76
1
 98
0
  0
HATCH
  5
D1
330
17
100
AcDbEntity
  8
RASTER
 62
7
100
AcDbHatch
 10
0.0
 20
0.0
 30
0.0
210
0.0
220
0.0
230
1.0
  2
SOLID
 70
1
 71
0
 91
1
 92
3
 72
0
 73
1
 93
4
 10
147.585
 20
227.04
 10
172.935
 20
227.04
 10
172.935
 20
226.69
 10
147.585
 20
226.69
 97
0
 75
0
 76
1
 98
0
  0
HATCH
  5
D2
330
17
100
AcDbEntity
  8
RASTER
 62
7
100
AcDbHatch
 10
0.0
 20
0.0
 30
0.0
210
0.0
220
0.0
230
1.0
  2
SOLID
 70
1
 71
0
 91
1
 92
3
 72
0
 73
1
 93
4
 10
172.585
 20
377.04
 10
197.935
 20
377.04
 10
197.935
 20
376.69
 10
172.585
 20
376.69
 97
0
 75
0
 76
1
 98
0
  0
HATCH
  5
D3
330
17
100
AcDbEntity
  8
RASTER
 62
7
100
AcDbHatch
 10
0.0
 20
0.0
 30
0.0
210
0.0
220
0.0
230
1.0
  2
SOLID
 70
1
 71
0
 91
1
 92
3
 72
0
 73
1
 93
4
 10
172.585
 20
352.04
 10
197.935
 20
352.04
 10
197.935
 20
351.69
 10
172.585
 20
351.69
 97
0
 75
0
 76
1
 98
0
  0
HATCH
  5
D4
330
17
100
AcDbEntity
  8
RASTER
 62
7
100
AcDbHatch
 10
0.0
 20
0.0
 30
0.0
210
0.0
220
0.0
230
1.0
  2
SOLID
 70
1
 71
0
 91
1
 92
3
 72
0
 73
1
 93
4
 10
172.585
 20
327.04
 10
197.935
 20
327.04
 10
197.935
 20
326.69
 10
172.585
 20
326.69
 97
0
 75
0
 76
1
 98
0
  0
HATCH
  5
D5
330
17
100
AcDbEntity
  8
RASTER
 62
7
100
AcDbHatch
 10
0.0
 20
0.0
 30
0.0
210
0.0
220
0.0
230
1.0
  2
SOLID
 70
1
 71
0
 91
1
 92
3
 72
0
 73
1
 93
4
 10
172.585
 20
302.04
 10
197.935
 20
302.04
 10
197.935
 20
301.69
 10
172.585
 20
301.69
 97
0
 75
0
 76
1
 98
0
  0
HATCH
  5
D6
330
17
100
AcDbEntity
  8
RASTER
 62
7
100
AcDbHatch
 10
0.0
 20
0.0
 30
0.0
210
0.0
220
0.0
230
1.0
  2
SOLID
 70
1
 71
0
 91
1
 92
3
 72
0
 73
1
 93
4
 10
172.585
 20
277.04
 10
197.935
 20
277.04
 10
197.935
 20
276.69
 10
172.585
 20
276.69
 97
0
 75
0
 76
1
 98
0
  0
HATCH
  5
D7
330
17
100
AcDbEntity
  8
RASTER
 62
7
100
AcDbHatch
 10
0.0
 20
0.0
 30
0.0
210
0.0
220
0.0
230
1.0
  2
SOLID
 70
1
 71
0
 91
1
 92
3
 72
0
 73
1
 93
4
 10
172.585
 20
252.04
 10
197.935
 20
252.04
 10
197.935
 20
251.69
 10
172.585
 20
251.69
 97
0
 75
0
 76
1
 98
0
  0
HATCH
  5
D8
330
17
100
AcDbEntity
  8
RASTER
 62
7
100
AcDbHatch
 10
0.0
 20
0.0
 30
0.0
210
0.0
220
0.0
230
1.0
  2
SOLID
 70
1
 71
0
 91
1
 92
3
 72
0
 73
1
 93
4
 10
172.585
 20
227.04
 10
197.935
 20
227.04
 10
197.935
 20
226.69
 10
172.585
 20
226.69
 97
0
 75
0
 76
1
 98
0
  0
HATCH
  5
D9
330
17
100
AcDbEntity
  8
RASTER
 62
7
100
AcDbHatch
 10
0.0
 20
0.0
 30
0.0
210
0.0
220
0.0
230
1.0
  2
SOLID
 70
1
 71
0
 91
1
 92
3
 72
0
 73
1
 93
4
 10
197.585
 20
377.04
 10
222.585
 20
377.04
 10
222.585
 20
376.69
 10
197.585
 20
376.69
 97
0
 75
0
 76
1
 98
0
  0
HATCH
  5
DA
330
17
100
AcDbEntity
  8
RASTER
 62
7
100
AcDbHatch
 10
0.0
 20
0.0
 30
0.0
210
0.0
220
0.0
230
1.0
  2
SOLID
 70
1
 71
0
 91
1
 92
3
 72
0
 73
1
 93
4
 10
197.585
 20
352.04
 10
222.585
 20
352.04
 10
222.585
 20
351.69
 10
197.585
 20
351.69
 97
0
 75
0
 76
1
 98
0
  0
HATCH
  5
DB
330
17
100
AcDbEntity
  8
RASTER
 62
7
100
AcDbHatch
 10
0.0
 20
0.0
 30
0.0
210
0.0
220
0.0
230
1.0
  2
SOLID
 70
1
 71
0
 91
1
 92
3
 72
0
 73
1
 93
4
 10
197.585
 20
327.04
 10
222.585
 20
327.04
 10
222.585
 20
326.69
 10
197.585
 20
326.69
 97
0
 75
0
 76
1
 98
0
  0
HATCH
  5
DC
330
17
100
AcDbEntity
  8
RASTER
 62
7
100
AcDbHatch
 10
0.0
 20
0.0
 30
0.0
210
0.0
220
0.0
230
1.0
  2
SOLID
 70
1
 71
0
 91
1
 92
3
 72
0
 73
1
 93
4
 10
197.585
 20
302.04
 10
222.585
 20
302.04
 10
222.585
 20
301.69
 10
197.585
 20
301.69
 97
0
 75
0
 76
1
 98
0
  0
HATCH
  5
DD
330
17
100
AcDbEntity
  8
RASTER
 62
7
100
AcDbHatch
 10
0.0
 20
0.0
 30
0.0
210
0.0
220
0.0
230
1.0
  2
SOLID
 70
1
 71
0
 91
1
 92
3
 72
0
 73
1
 93
4
 10
197.585
 20
277.04
 10
222.585
 20
277.04
 10
222.585
 20
276.69
 10
197.585
 20
276.69
 97
0
 75
0
 76
1
 98
0
  0
HATCH
  5
DE
330
17
100
AcDbEntity
  8
RASTER
 62
7
100
AcDbHatch
 10
0.0
 20
0.0
 30
0.0
210
0.0
220
0.0
230
1.0
  2
SOLID
 70
1
 71
0
 91
1
 92
3
 72
0
 73
1
 93
4
 10
197.585
 20
252.04
 10
222.585
 20
252.04
 10
222.585
 20
251.69
 10
197.585
 20
251.69
 97
0
 75
0
 76
1
 98
0
  0
HATCH
  5
DF
330
17
100
AcDbEntity
  8
RASTER
 62
7
100
AcDbHatch
 10
0.0
 20
0.0
 30
0.0
210
0.0
220
0.0
230
1.0
  2
SOLID
 70
1
 71
0
 91
1
 92
3
 72
0
 73
1
 93
4
 10
197.585
 20
227.04
 10
222.585
 20
227.04
 10
222.585
 20
226.69
 10
197.585
 20
226.69
 97
0
 75
0
 76
1
 98
0
  0
HATCH
  5
E0
330
17
100
AcDbEntity
  8
RASTER
 62
7
100
AcDbHatch
 10
0.0
 20
0.0
 30
0.0
210
0.0
220
0.0
230
1.0
  2
SOLID
 70
1
 71
0
 91
1
 92
3
 72
0
 73
1
 93
4
 10
198.085
 20
202.04
 10
222.585
 20
202.04
 10
222.585
 20
201.69
 10
198.085
 20
201.69
 97
0
 75
0
 76
1
 98
0
  0
HATCH
  5
E1
330
17
100
AcDbEntity
  8
RASTER
 62
7
100
AcDbHatch
 10
0.0
 20
0.0
 30
0.0
210
0.0
220
0.0
230
1.0
  2
SOLID
 70
1
 71
0
 91
1
 92
3
 72
0
 73
1
 93
4
 10
22.585
 20
251.69
 10
22.935
 20
251.69
 10
22.935
 20
227.04
 10
22.585
 20
227.04
 97
0
 75
0
 76
1
 98
0
  0
HATCH
  5
E2
330
17
100
AcDbEntity
  8
RASTER
 62
7
100
AcDbHatch
 10
0.0
 20
0.0
 30
0.0
210
0.0
220
0.0
230
1.0
  2
SOLID
 70
1
 71
0
 91
1
 92
3
 72
0
 73
1
 93
4
 10
47.585
 20
251.69
 10
47.935
 20
251.69
 10
47.935
 20
227.04
 10
47.585
 20
227.04
 97
0
 75
0
 76
1
 98
0
  0
HATCH
  5
E3
330
17
100
AcDbEntity
  8
RASTER
 62
7
100
AcDbHatch
 10
0.0
 20
0.0
 30
0.0
210
0.0
220
0.0
230
1.0
  2
SOLID
 70
1
 71
0
 91
1
 92
3
 72
0
 73
1
 93
4
 10
22.585
 20
226.69
 10
22.935
 20
226.69
 10
22.935
 20
202.04
 10
22.585
 20
202.04
 97
0
 75
0
 76
1
 98
0
  0
HATCH
  5
E4
330
17
100
AcDbEntity
  8
RASTER
 62
7
100
AcDbHatch
 10
0.0
 20
0.0
 30
0.0
210
0.0
220
0.0
230
1.0
  2
SOLID
 70
1
 71
0
 91
1
 92
3
 72
0
 73
1
 93
4
 10
47.585
 20
226.69
 10
47.935
 20
226.69
 10
47.935
 20
202.04
 10
47.585
 20
202.04
 97
0
 75
0
 76
1
 98
0
  0
HATCH
  5
E5
330
17
100
AcDbEntity
  8
RASTER
 62
7
100
AcDbHatch
 10
0.0
 20
0.0
 30
0.0
210
0.0
220
0.0
230
1.0
  2
SOLID
 70
1
 71
0
 91
1
 92
3
 72
0
 73
1
 93
4
 10
47.585
 20
301.69
 10
47.935
 20
301.69
 10
47.935
 20
277.04
 10
47.585
 20
277.04
 97
0
 75
0
 76
1
 98
0
  0
HATCH
  5
E6
330
17
100
AcDbEntity
  8
RASTER
 62
7
100
AcDbHatch
 10
0.0
 20
0.0
 30
0.0
210
0.0
220
0.0
230
1.0
  2
SOLID
 70
1
 71
0
 91
1
 92
3
 72
0
 73
1
 93
4
 10
72.585
 20
301.69
 10
72.935
 20
301.69
 10
72.935
 20
277.04
 10
72.585
 20
277.04
 97
0
 75
0
 76
1
 98
0
  0
HATCH
  5
E7
330
17
100
AcDbEntity
  8
RASTER
 62
7
100
AcDbHatch
 10
0.0
 20
0.0
 30
0.0
210
0.0
220
0.0
230
1.0
  2
SOLID
 70
1
 71
0
 91
1
 92
3
 72
0
 73
1
 93
4
 10
47.585
 20
276.69
 10
47.935
 20
276.69
 10
47.935
 20
252.04
 10
47.585
 20
252.04
 97
0
 75
0
 76
1
 98
0
  0
HATCH
  5
E8
330
17
100
AcDbEntity
  8
RASTER
 62
7
100
AcDbHatch
 10
0.0
 20
0.0
 30
0.0
210
0.0
220
0.0
230
1.0
  2
SOLID
 70
1
 71
0
 91
1
 92
3
 72
0
 73
1
 93
4
 10
72.585
 20
276.69
 10
72.935
 20
276.69
 10
72.935
 20
252.04
 10
72.585
 20
252.04
 97
0
 75
0
 76
1
 98
0
  0
HATCH
  5
E9
330
17
100
AcDbEntity
  8
RASTER
 62
7
100
AcDbHatch
 10
0.0
 20
0.0
 30
0.0
210
0.0
220
0.0
230
1.0
  2
SOLID
 70
1
 71
0
 91
1
 92
3
 72
0
 73
1
 93
4
 10
72.585
 20
251.69
 10
72.935
 20
251.69
 10
72.935
 20
227.04
 10
72.585
 20
227.04
 97
0
 75
0
 76
1
 98
0
  0
HATCH
  5
EA
330
17
100
AcDbEntity
  8
RASTER
 62
7
100
AcDbHatch
 10
0.0
 20
0.0
 30
0.0
210
0.0
220
0.0
230
1.0
  2
SOLID
 70
1
 71
0
 91
1
 92
3
 72
0
 73
1
 93
4
 10
72.585
 20
226.69
 10
72.935
 20
226.69
 10
72.935
 20
202.04
 10
72.585
 20
202.04
 97
0
 75
0
 76
1
 98
0
  0
HATCH
  5
EB
330
17
100
AcDbEntity
  8
RASTER
 62
7
100
AcDbHatch
 10
0.0
 20
0.0
 30
0.0
210
0.0
220
0.0
230
1.0
  2
SOLID
 70
1
 71
0
 91
1
 92
3
 72
0
 73
1
 93
4
 10
72.585
 20
326.69
 10
72.935
 20
326.69
 10
72.935
 20
302.04
 10
72.585
 20
302.04
 97
0
 75
0
 76
1
 98
0
  0
HATCH
  5
EC
330
17
100
AcDbEntity
  8
RASTER
 62
7
100
AcDbHatch
 10
0.0
 20
0.0
 30
0.0
210
0.0
220
0.0
230
1.0
  2
SOLID
 70
1
 71
0
 91
1
 92
3
 72
0
 73
1
 93
4
 10
97.585
 20
326.69
 10
97.935
 20
326.69
 10
97.935
 20
302.04
 10
97.585
 20
302.04
 97
0
 75
0
 76
1
 98
0
  0
HATCH
  5
ED
330
17
100
AcDbEntity
  8
RASTER
 62
7
100
AcDbHatch
 10
0.0
 20
0.0
 30
0.0
210
0.0
220
0.0
230
1.0
  2
SOLID
 70
1
 71
0
 91
1
 92
3
 72
0
 73
1
 93
4
 10
97.585
 20
301.69
 10
97.935
 20
301.69
 10
97.935
 20
277.04
 10
97.585
 20
277.04
 97
0
 75
0
 76
1
 98
0
  0
HATCH
  5
EE
330
17
100
AcDbEntity
  8
RASTER
 62
7
100
AcDbHatch
 10
0.0
 20
0.0
 30
0.0
210
0.0
220
0.0
230
1.0
  2
SOLID
 70
1
 71
0
 91
1
 92
3
 72
0
 73
1
 93
4
 10
97.585
 20
276.69
 10
97.935
 20
276.69
 10
97.935
 20
252.04
 10
97.585
 20
252.04
 97
0
 75
0
 76
1
 98
0
  0
HATCH
  5
EF
330
17
100
AcDbEntity
  8
RASTER
 62
7
100
AcDbHatch
 10
0.0
 20
0.0
 30
0.0
210
0.0
220
0.0
230
1.0
  2
SOLID
 70
1
 71
0
 91
1
 92
3
 72
0
 73
1
 93
4
 10
97.585
 20
251.69
 10
97.935
 20
251.69
 10
97.935
 20
227.04
 10
97.585
 20
227.04
 97
0
 75
0
 76
1
 98
0
  0
HATCH
  5
F0
330
17
100
AcDbEntity
  8
RASTER
 62
7
100
AcDbHatch
 10
0.0
 20
0.0
 30
0.0
210
0.0
220
0.0
230
1.0
  2
SOLID
 70
1
 71
0
 91
1
 92
3
 72
0
 73
1
 93
4
 10
97.585
 20
226.69
 10
97.935
 20
226.69
 10
97.935
 20
202.04
 10
97.585
 20
202.04
 97
0
 75
0
 76
1
 98
0
  0
HATCH
  5
F1
330
17
100
AcDbEntity
  8
RASTER
 62
7
100
AcDbHatch
 10
0.0
 20
0.0
 30
0.0
210
0.0
220
0.0
230
1.0
  2
SOLID
 70
1
 71
0
 91
1
 92
3
 72
0
 73
1
 93
4
 10
97.585
 20
351.69
 10
97.935
 20
351.69
 10
97.935
 20
327.04
 10
97.585
 20
327.04
 97
0
 75
0
 76
1
 98
0
  0
HATCH
  5
F2
330
17
100
AcDbEntity
  8
RASTER
 62
7
100
AcDbHatch
 10
0.0
 20
0.0
 30
0.0
210
0.0
220
0.0
230
1.0
  2
SOLID
 70
1
 71
0
 91
1
 92
3
 72
0
 73
1
 93
4
 10
122.585
 20
351.69
 10
122.935
 20
351.69
 10
122.935
 20
327.04
 10
122.585
 20
327.04
 97
0
 75
0
 76
1
 98
0
  0
HATCH
  5
F3
330
17
100
AcDbEntity
  8
RASTER
 62
7
100
AcDbHatch
 10
0.0
 20
0.0
 30
0.0
210
0.0
220
0.0
230
1.0
  2
SOLID
 70
1
 71
0
 91
1
 92
3
 72
0
 73
1
 93
4
 10
122.585
 20
326.69
 10
122.935
 20
326.69
 10
122.935
 20
302.04
 10
122.585
 20
302.04
 97
0
 75
0
 76
1
 98
0
  0
HATCH
  5
F4
330
17
100
AcDbEntity
  8
RASTER
 62
7
100
AcDbHatch
 10
0.0
 20
0.0
 30
0.0
210
0.0
220
0.0
230
1.0
  2
SOLID
 70
1
 71
0
 91
1
 92
3
 72
0
 73
1
 93
4
 10
122.585
 20
301.69
 10
122.935
 20
301.69
 10
122.935
 20
277.04
 10
122.585
 20
277.04
 97
0
 75
0
 76
1
 98
0
  0
HATCH
  5
F5
330
17
100
AcDbEntity
  8
RASTER
 62
7
100
AcDbHatch
 10
0.0
 20
0.0
 30
0.0
210
0.0
220
0.0
230
1.0
  2
SOLID
 70
1
 71
0
 91
1
 92
3
 72
0
 73
1
 93
4
 10
122.585
 20
276.69
 10
122.935
 20
276.69
 10
122.935
 20
252.04
 10
122.585
 20
252.04
 97
0
 75
0
 76
1
 98
0
  0
HATCH
  5
F6
330
17
100
AcDbEntity
  8
RASTER
 62
7
100
AcDbHatch
 10
0.0
 20
0.0
 30
0.0
210
0.0
220
0.0
230
1.0
  2
SOLID
 70
1
 71
0
 91
1
 92
3
 72
0
 73
1
 93
4
 10
122.585
 20
251.69
 10
122.935
 20
251.69
 10
122.935
 20
227.04
 10
122.585
 20
227.04
 97
0
 75
0
 76
1
 98
0
  0
HATCH
  5
F7
330
17
100
AcDbEntity
  8
RASTER
 62
7
100
AcDbHatch
 10
0.0
 20
0.0
 30
0.0
210
0.0
220
0.0
230
1.0
  2
SOLID
 70
1
 71
0
 91
1
 92
3
 72
0
 73
1
 93
4
 10
122.585
 20
226.69
 10
122.935
 20
226.69
 10
122.935
 20
202.04
 10
122.585
 20
202.04
 97
0
 75
0
 76
1
 98
0
  0
HATCH
  5
F8
330
17
100
AcDbEntity
  8
RASTER
 62
7
100
AcDbHatch
 10
0.0
 20
0.0
 30
0.0
210
0.0
220
0.0
230
1.0
  2
SOLID
 70
1
 71
0
 91
1
 92
3
 72
0
 73
1
 93
4
 10
147.585
 20
351.69
 10
147.935
 20
351.69
 10
147.935
 20
327.04
 10
147.585
 20
327.04
 97
0
 75
0
 76
1
 98
0
  0
HATCH
  5
F9
330
17
100
AcDbEntity
  8
RASTER
 62
7
100
AcDbHatch
 10
0.0
 20
0.0
 30
0.0
210
0.0
220
0.0
230
1.0
  2
SOLID
 70
1
 71
0
 91
1
 92
3
 72
0
 73
1
 93
4
 10
147.585
 20
326.69
 10
147.935
 20
326.69
 10
147.935
 20
302.04
 10
147.585
 20
302.04
 97
0
 75
0
 76
1
 98
0
  0
HATCH
  5
FA
330
17
100
AcDbEntity
  8
RASTER
 62
7
100
AcDbHatch
 10
0.0
 20
0.0
 30
0.0
210
0.0
220
0.0
230
1.0
  2
SOLID
 70
1
 71
0
 91
1
 92
3
 72
0
 73
1
 93
4
 10
147.585
 20
301.69
 10
147.935
 20
301.69
 10
147.935
 20
277.04
 10
147.585
 20
277.04
 97
0
 75
0
 76
1
 98
0
  0
HATCH
  5
FB
330
17
100
AcDbEntity
  8
RASTER
 62
7
100
AcDbHatch
 10
0.0
 20
0.0
 30
0.0
210
0.0
220
0.0
230
1.0
  2
SOLID
 70
1
 71
0
 91
1
 92
3
 72
0
 73
1
 93
4
 10
147.585
 20
276.69
 10
147.935
 20
276.69
 10
147.935
 20
252.04
 10
147.585
 20
252.04
 97
0
 75
0
 76
1
 98
0
  0
HATCH
  5
FC
330
17
100
AcDbEntity
  8
RASTER
 62
7
100
AcDbHatch
 10
0.0
 20
0.0
 30
0.0
210
0.0
220
0.0
230
1.0
  2
SOLID
 70
1
 71
0
 91
1
 92
3
 72
0
 73
1
 93
4
 10
147.585
 20
251.69
 10
147.935
 20
251.69
 10
147.935
 20
227.04
 10
147.585
 20
227.04
 97
0
 75
0
 76
1
 98
0
  0
HATCH
  5
FD
330
17
100
AcDbEntity
  8
RASTER
 62
7
100
AcDbHatch
 10
0.0
 20
0.0
 30
0.0
210
0.0
220
0.0
230
1.0
  2
SOLID
 70
1
 71
0
 91
1
 92
3
 72
0
 73
1
 93
4
 10
147.585
 20
226.69
 10
147.935
 20
226.69
 10
147.935
 20
202.04
 10
147.585
 20
202.04
 97
0
 75
0
 76
1
 98
0
  0
HATCH
  5
FE
330
17
100
AcDbEntity
  8
RASTER
 62
7
100
AcDbHatch
 10
0.0
 20
0.0
 30
0.0
210
0.0
220
0.0
230
1.0
  2
SOLID
 70
1
 71
0
 91
1
 92
3
 72
0
 73
1
 93
4
 10
147.585
 20
376.69
 10
147.935
 20
376.69
 10
147.935
 20
352.04
 10
147.585
 20
352.04
 97
0
 75
0
 76
1
 98
0
  0
HATCH
  5
FF
330
17
100
AcDbEntity
  8
RASTER
 62
7
100
AcDbHatch
 10
0.0
 20
0.0
 30
0.0
210
0.0
220
0.0
230
1.0
  2
SOLID
 70
1
 71
0
 91
1
 92
3
 72
0
 73
1
 93
4
 10
172.585
 20
376.69
 10
172.935
 20
376.69
 10
172.935
 20
352.04
 10
172.585
 20
352.04
 97
0
 75
0
 76
1
 98
0
  0
HATCH
  5
100
330
17
100
AcDbEntity
  8
RASTER
 62
7
100
AcDbHatch
 10
0.0
 20
0.0
 30
0.0
210
0.0
220
0.0
230
1.0
  2
SOLID
 70
1
 71
0
 91
1
 92
3
 72
0
 73
1
 93
4
 10
172.585
 20
351.69
 10
172.935
 20
351.69
 10
172.935
 20
327.04
 10
172.585
 20
327.04
 97
0
 75
0
 76
1
 98
0
  0
HATCH
  5
101
330
17
100
AcDbEntity
  8
RASTER
 62
7
100
AcDbHatch
 10
0.0
 20
0.0
 30
0.0
210
0.0
220
0.0
230
1.0
  2
SOLID
 70
1
 71
0
 91
1
 92
3
 72
0
 73
1
 93
4
 10
172.585
 20
326.69
 10
172.935
 20
326.69
 10
172.935
 20
302.04
 10
172.585
 20
302.04
 97
0
 75
0
 76
1
 98
0
  0
HATCH
  5
102
330
17
100
AcDbEntity
  8
RASTER
 62
7
100
AcDbHatch
 10
0.0
 20
0.0
 30
0.0
210
0.0
220
0.0
230
1.0
  2
SOLID
 70
1
 71
0
 91
1
 92
3
 72
0
 73
1
 93
4
 10
172.585
 20
301.69
 10
172.935
 20
301.69
 10
172.935
 20
277.04
 10
172.585
 20
277.04
 97
0
 75
0
 76
1
 98
0
  0
HATCH
  5
103
330
17
100
AcDbEntity
  8
RASTER
 62
7
100
AcDbHatch
 10
0.0
 20
0.0
 30
0.0
210
0.0
220
0.0
230
1.0
  2
SOLID
 70
1
 71
0
 91
1
 92
3
 72
0
 73
1
 93
4
 10
172.585
 20
276.69
 10
172.935
 20
276.69
 10
172.935
 20
252.04
 10
172.585
 20
252.04
 97
0
 75
0
 76
1
 98
0
  0
HATCH
  5
104
330
17
100
AcDbEntity
  8
RASTER
 62
7
100
AcDbHatch
 10
0.0
 20
0.0
 30
0.0
210
0.0
220
0.0
230
1.0
  2
SOLID
 70
1
 71
0
 91
1
 92
3
 72
0
 73
1
 93
4
 10
172.585
 20
251.69
 10
172.935
 20
251.69
 10
172.935
 20
227.04
 10
172.585
 20
227.04
 97
0
 75
0
 76
1
 98
0
  0
HATCH
  5
105
330
17
100
AcDbEntity
  8
RASTER
 62
7
100
AcDbHatch
 10
0.0
 20
0.0
 30
0.0
210
0.0
220
0.0
230
1.0
  2
SOLID
 70
1
 71
0
 91
1
 92
3
 72
0
 73
1
 93
4
 10
172.585
 20
226.69
 10
172.935
 20
226.69
 10
172.935
 20
202.04
 10
172.585
 20
202.04
 97
0
 75
0
 76
1
 98
0
  0
HATCH
  5
106
330
17
100
AcDbEntity
  8
RASTER
 62
7
100
AcDbHatch
 10
0.0
 20
0.0
 30
0.0
210
0.0
220
0.0
230
1.0
  2
SOLID
 70
1
 71
0
 91
1
 92
3
 72
0
 73
1
 93
4
 10
197.585
 20
376.69
 10
197.935
 20
376.69
 10
197.935
 20
352.04
 10
197.585
 20
352.04
 97
0
 75
0
 76
1
 98
0
  0
HATCH
  5
107
330
17
100
AcDbEntity
  8
RASTER
 62
7
100
AcDbHatch
 10
0.0
 20
0.0
 30
0.0
210
0.0
220
0.0
230
1.0
  2
SOLID
 70
1
 71
0
 91
1
 92
3
 72
0
 73
1
 93
4
 10
197.585
 20
351.69
 10
197.935
 20
351.69
 10
197.935
 20
327.04
 10
197.585
 20
327.04
 97
0
 75
0
 76
1
 98
0
  0
HATCH
  5
108
330
17
100
AcDbEntity
  8
RASTER
 62
7
100
AcDbHatch
 10
0.0
 20
0.0
 30
0.0
210
0.0
220
0.0
230
1.0
  2
SOLID
 70
1
 71
0
 91
1
 92
3
 72
0
 73
1
 93
4
 10
197.585
 20
326.69
 10
197.935
 20
326.69
 10
197.935
 20
302.04
 10
197.585
 20
302.04
 97
0
 75
0
 76
1
 98
0
  0
HATCH
  5
109
330
17
100
AcDbEntity
  8
RASTER
 62
7
100
AcDbHatch
 10
0.0
 20
0.0
 30
0.0
210
0.0
220
0.0
230
1.0
  2
SOLID
 70
1
 71
0
 91
1
 92
3
 72
0
 73
1
 93
4
 10
197.585
 20
301.69
 10
197.935
 20
301.69
 10
197.935
 20
277.04
 10
197.585
 20
277.04
 97
0
 75
0
 76
1
 98
0
  0
HATCH
  5
10A
330
17
100
AcDbEntity
  8
RASTER
 62
7
100
AcDbHatch
 10
0.0
 20
0.0
 30
0.0
210
0.0
220
0.0
230
1.0
  2
SOLID
 70
1
 71
0
 91
1
 92
3
 72
0
 73
1
 93
4
 10
197.585
 20
276.69
 10
197.935
 20
276.69
 10
197.935
 20
252.04
 10
197.585
 20
252.04
 97
0
 75
0
 76
1
 98
0
  0
HATCH
  5
10B
330
17
100
AcDbEntity
  8
RASTER
 62
7
100
AcDbHatch
 10
0.0
 20
0.0
 30
0.0
210
0.0
220
0.0
230
1.0
  2
SOLID
 70
1
 71
0
 91
1
 92
3
 72
0
 73
1
 93
4
 10
197.585
 20
251.69
 10
197.935
 20
251.69
 10
197.935
 20
227.04
 10
197.585
 20
227.04
 97
0
 75
0
 76
1
 98
0
  0
HATCH
  5
10C
330
17
100
AcDbEntity
  8
RASTER
 62
7
100
AcDbHatch
 10
0.0
 20
0.0
 30
0.0
210
0.0
220
0.0
230
1.0
  2
SOLID
 70
1
 71
0
 91
1
 92
3
 72
0
 73
1
 93
4
 10
197.585
 20
226.69
 10
197.935
 20
226.69
 10
197.935
 20
202.04
 10
197.585
 20
202.04
 97
0
 75
0
 76
1
 98
0
  0
HATCH
  5
10D
330
17
100
AcDbEntity
  8
RASTER
 62
7
100
AcDbHatch
 10
0.0
 20
0.0
 30
0.0
210
0.0
220
0.0
230
1.0
  2
SOLID
 70
1
 71
0
 91
1
 92
3
 72
0
 73
1
 93
4
 10
222.585
 20
343.19
 10
222.935
 20
343.19
 10
222.935
 20
335.69
 10
222.585
 20
335.69
 97
0
 75
0
 76
1
 98
0
  0
HATCH
  5
10E
330
17
100
AcDbEntity
  8
RASTER
 62
7
100
AcDbHatch
 10
0.0
 20
0.0
 30
0.0
210
0.0
220
0.0
230
1.0
  2
SOLID
 70
1
 71
0
 91
1
 92
3
 72
0
 73
1
 93
4
 10
222.585
 20
243.19
 10
222.935
 20
243.19
 10
222.935
 20
235.69
 10
222.585
 20
235.69
 97
0
 75
0
 76
1
 98
0
  0
LWPOLYLINE
  5
10F
330
17
100
AcDbEntity
  8
CUT
100
AcDbPolyline
 90
218
 70
1
 10
470.668
 20
380.638
 10
470.408
 20
376.926
 10
470.097
 20
373.366
 10
469.723
 20
369.811
 10
469.287
 20
366.264
 10
468.79
 20
362.725
 10
468.231
 20
359.195
 10
467.61
 20
355.675
 10
466.928
 20
352.167
 10
466.184
 20
348.671
 10
465.38
 20
345.188
 10
464.516
 20
341.721
 10
463.59
 20
338.268
 10
462.605
 20
334.833
 10
461.56
 20
331.415
 10
460.456
 20
328.016
 10
459.292
 20
324.637
 10
458.069
 20
321.278
 10
456.788
 20
317.942
 10
455.45
 20
314.628
 10
454.053
 20
311.338
 10
452.599
 20
308.073
 10
451.089
 20
304.834
 10
449.522
 20
301.621
 10
447.899
 20
298.437
 10
446.221
 20
295.281
 10
444.488
 20
292.156
 10
442.701
 20
289.06
 10
440.86
 20
285.997
 10
438.966
 20
282.966
 10
437.019
 20
279.969
 10
435.021
 20
277.006
 10
432.971
 20
274.078
 10
430.87
 20
271.187
 10
428.719
 20
268.332
 10
426.518
 20
265.516
 10
424.269
 20
262.739
 10
421.972
 20
260.001
 10
419.627
 20
257.304
 10
417.235
 20
254.648
 10
414.798
 20
252.034
 10
412.315
 20
249.463
 10
409.787
 20
246.936
 10
407.216
 20
244.453
 10
404.602
 20
242.016
 10
401.946
 20
239.624
 10
399.249
 20
237.28
 10
396.511
 20
234.982
 10
393.733
 20
232.733
 10
390.917
 20
230.533
 10
388.062
 20
228.382
 10
385.171
 20
226.282
 10
382.243
 20
224.232
 10
379.28
 20
222.233
 10
376.283
 20
220.287
 10
373.252
 20
218.393
 10
370.188
 20
216.552
 10
367.093
 20
214.765
 10
363.967
 20
213.033
 10
360.811
 20
211.355
 10
357.626
 20
209.732
 10
354.414
 20
208.166
 10
351.175
 20
206.655
 10
347.91
 20
205.202
 10
344.62
 20
203.805
 10
341.306
 20
202.467
 10
337.969
 20
201.186
 10
334.611
 20
199.964
 10
331.231
 20
198.8
 10
327.832
 20
197.696
 10
324.414
 20
196.651
 10
320.979
 20
195.666
 10
317.526
 20
194.741
 10
314.058
 20
193.877
 10
310.576
 20
193.073
 10
307.08
 20
192.33
 10
303.572
 20
191.648
 10
300.052
 20
191.027
 10
296.522
 20
190.468
 10
292.983
 20
189.971
 10
289.435
 20
189.536
 10
285.881
 20
189.162
 10
282.32
 20
188.851
 10
278.755
 20
188.602
 10
275.186
 20
188.415
 10
271.614
 20
188.29
 10
268.04
 20
188.228
 10
264.466
 20
188.228
 10
260.893
 20
188.29
 10
257.321
 20
188.415
 10
253.623
 20
188.609
 10
253.623
 20
238.863
 10
249.58
 20
238.863
 10
248.453
 20
238.046
 10
247.097
 20
237.522
 10
245.651
 20
237.362
 10
244.213
 20
237.578
 10
242.878
 20
238.153
 10
241.735
 20
239.052
 10
240.859
 20
240.212
 10
240.309
 20
241.558
 10
240.122
 20
243.0
 10
240.309
 20
244.442
 10
240.859
 20
245.788
 10
241.735
 20
246.948
 10
242.878
 20
247.847
 10
244.213
 20
248.422
 10
245.651
 20
248.638
 10
247.097
 20
248.478
 10
248.453
 20
247.954
 10
249.58
 20
247.138
 10
253.623
 20
247.138
 10
253.623
 20
289.088
 10
258.06
 20
289.088
 10
259.241
 20
288.237
 10
260.542
 20
287.739
 10
261.928
 20
287.59
 10
263.305
 20
287.799
 10
264.583
 20
288.353
 10
265.678
 20
289.215
 10
266.516
 20
290.328
 10
267.042
 20
291.618
 10
267.222
 20
293.0
 10
267.042
 20
294.382
 10
266.516
 20
295.672
 10
265.678
 20
296.785
 10
264.583
 20
297.647
 10
263.305
 20
298.201
 10
261.928
 20
298.41
 10
260.542
 20
298.261
 10
259.241
 20
297.763
 10
258.06
 20
296.913
 10
253.623
 20
296.913
 10
253.623
 20
338.863
 10
249.58
 20
338.863
 10
248.453
 20
338.046
 10
247.097
 20
337.522
 10
245.651
 20
337.362
 10
244.213
 20
337.578
 10
242.878
 20
338.153
 10
241.735
 20
339.052
 10
240.859
 20
340.212
 10
240.309
 20
341.558
 10
240.122
 20
343.0
 10
240.309
 20
344.442
 10
240.859
 20
345.788
 10
241.735
 20
346.948
 10
242.878
 20
347.847
 10
244.213
 20
348.422
 10
245.651
 20
348.638
 10
247.097
 20
348.478
 10
248.453
 20
347.954
 10
249.58
 20
347.138
 10
253.623
 20
347.138
 10
253.623
 20
380.638
 10
312.348
 20
380.638
 10
312.348
 20
376.2
 10
311.498
 20
375.019
 10
311.0
 20
373.718
 10
310.85
 20
372.333
 10
311.059
 20
370.955
 10
311.613
 20
369.677
 10
312.476
 20
368.582
 10
313.589
 20
367.744
 10
314.879
 20
367.218
 10
316.26
 20
367.039
 10
317.642
 20
367.218
 10
318.932
 20
367.744
 10
320.045
 20
368.582
 10
320.907
 20
369.677
 10
321.461
 20
370.955
 10
321.67
 20
372.333
 10
321.521
 20
373.718
 10
321.023
 20
375.019
 10
320.173
 20
376.2
 10
320.173
 20
380.638
 10
362.123
 20
380.638
 10
362.123
 20
384.68
 10
361.306
 20
385.807
 10
360.782
 20
387.164
 10
360.623
 20
388.609
 10
360.838
 20
390.047
 10
361.414
 20
391.382
 10
362.312
 20
392.525
 10
363.472
 20
393.401
 10
364.818
 20
393.951
 10
366.26
 20
394.139
 10
367.702
 20
393.951
 10
369.048
 20
393.401
 10
370.209
 20
392.525
 10
371.107
 20
391.382
 10
371.683
 20
390.047
 10
371.898
 20
388.609
 10
371.738
 20
387.164
 10
371.214
 20
385.807
 10
370.398
 20
384.68
 10
370.398
 20
380.638
 10
412.348
 20
380.638
 10
412.348
 20
376.2
 10
411.498
 20
375.019
 10
411.0
 20
373.718
 10
410.85
 20
372.333
 10
411.059
 20
370.955
 10
411.613
 20
369.677
 10
412.476
 20
368.582
 10
413.589
 20
367.744
 10
414.879
 20
367.218
 10
416.26
 20
367.039
 10
417.642
 20
367.218
 10
418.932
 20
367.744
 10
420.045
 20
368.582
 10
420.907
 20
369.677
 10
421.461
 20
370.955
 10
421.67
 20
372.333
 10
421.521
 20
373.718
 10
421.023
 20
375.019
 10
420.173
 20
376.2
 10
420.173
 20
380.638
  0
HATCH
  5
110
330
17
100
AcDbEntity
  8
RASTER
 62
7
100
AcDbHatch
 10
0.0
 20
0.0
 30
0.0
210
0.0
220
0.0
230
1.0
  2
SOLID
 70
1
 71
0
 91
1
 92
3
 72
0
 73
1
 93
54
 10
271.23
 20
211.78
 10
271.342
 20
211.656
 10
271.415
 20
211.548
 10
271.448
 20
211.457
 10
271.44
 20
211.383
 10
271.393
 20
211.325
 10
271.305
 20
211.283
 10
271.178
 20
211.258
 10
271.01
 20
211.25
 10
268.26
 20
211.25
 10
268.076
 20
211.258
 10
267.899
 20
211.283
 10
267.729
 20
211.325
 10
267.565
 20
211.383
 10
267.409
 20
211.457
 10
267.259
 20
211.548
 10
267.116
 20
211.656
 10
266.98
 20
211.78
 10
261.291
 20
217.47
 10
261.175
 20
217.602
 10
261.092
 20
217.735
 10
261.042
 20
217.867
 10
261.025
 20
218.0
 10
261.042
 20
218.133
 10
261.092
 20
218.265
 10
261.175
 20
218.398
 10
261.291
 20
218.53
 10
266.98
 20
224.22
 10
267.116
 20
224.344
 10
267.259
 20
224.452
 10
267.409
 20
224.543
 10
267.565
 20
224.617
 10
267.729
 20
224.675
 10
267.899
 20
224.717
 10
268.076
 20
224.742
 10
268.26
 20
224.75
 10
271.01
 20
224.75
 10
271.178
 20
224.742
 10
271.305
 20
224.717
 10
271.393
 20
224.675
 10
271.44
 20
224.617
 10
271.448
 20
224.543
 10
271.415
 20
224.452
 10
271.342
 20
224.344
 10
271.23
 20
224.22
 10
265.541
 20
218.53
 10
265.425
 20
218.398
 10
265.342
 20
218.265
 10
265.292
 20
218.133
 10
265.275
 20
218.0
 10
265.292
 20
217.867
 10
265.342
 20
217.735
 10
265.425
 20
217.602
 10
265.541
 20
217.47
 97
0
 75
0
 76
1
 98
0
  0
HATCH
  5
111
330
17
100
AcDbEntity
  8
RASTER
 62
7
100
AcDbHatch
 10
0.0
 20
0.0
 30
0.0
210
0.0
220
0.0
230
1.0
  2
SOLID
 70
1
 71
0
 91
1
 92
3
 72
0
 73
1
 93
54
 10
297.06
 20
212.546
 10
297.189
 20
212.439
 10
297.276
 20
212.342
 10
297.321
 20
212.257
 10
297.324
 20
212.182
 10
297.285
 20
212.118
 10
297.204
 20
212.064
 10
297.082
 20
212.021
 10
296.917
 20
211.99
 10
294.195
 20
211.601
 10
294.011
 20
211.583
 10
293.832
 20
211.582
 10
293.658
 20
211.599
 10
293.488
 20
211.634
 10
293.322
 20
211.685
 10
293.161
 20
211.754
 10
293.004
 20
211.841
 10
292.852
 20
211.945
 10
286.416
 20
216.772
 10
286.282
 20
216.887
 10
286.181
 20
217.007
 10
286.113
 20
217.131
 10
286.078
 20
217.26
 10
286.076
 20
217.393
 10
286.106
 20
217.532
 10
286.169
 20
217.675
 10
286.266
 20
217.822
 10
291.093
 20
224.259
 10
291.21
 20
224.401
 10
291.336
 20
224.528
 10
291.472
 20
224.639
 10
291.616
 20
224.735
 10
291.77
 20
224.816
 10
291.933
 20
224.881
 10
292.104
 20
224.931
 10
292.286
 20
224.965
 10
295.008
 20
225.354
 10
295.175
 20
225.369
 10
295.305
 20
225.363
 10
295.397
 20
225.334
 10
295.452
 20
225.283
 10
295.47
 20
225.211
 10
295.451
 20
225.116
 10
295.394
 20
224.999
 10
295.3
 20
224.86
 10
290.473
 20
218.423
 10
290.377
 20
218.276
 10
290.313
 20
218.133
 10
290.283
 20
217.994
 10
290.285
 20
217.861
 10
290.32
 20
217.732
 10
290.388
 20
217.608
 10
290.489
 20
217.488
 10
290.623
 20
217.373
 97
0
 75
0
 76
1
 98
0
  0
HATCH
  5
112
330
17
100
AcDbEntity
  8
RASTER
 62
7
100
AcDbHatch
 10
0.0
 20
0.0
 30
0.0
210
0.0
220
0.0
230
1.0
  2
SOLID
 70
1
 71
0
 91
1
 92
3
 72
0
 73
1
 93
54
 10
322.747
 20
213.385
 10
322.89
 20
213.296
 10
322.989
 20
213.213
 10
323.045
 20
213.134
 10
323.059
 20
213.06
 10
323.029
 20
212.991
 10
322.956
 20
212.928
 10
322.841
 20
212.869
 10
322.682
 20
212.815
 10
320.038
 20
212.059
 10
319.858
 20
212.017
 10
319.681
 20
211.992
 10
319.506
 20
211.985
 10
319.333
 20
211.996
 10
319.162
 20
212.024
 10
318.993
 20
212.071
 10
318.826
 20
212.135
 10
318.661
 20
212.217
 10
311.627
 20
216.125
 10
311.48
 20
216.22
 10
311.363
 20
216.325
 10
311.279
 20
216.439
 10
311.227
 20
216.562
 10
311.206
 20
216.694
 10
311.218
 20
216.835
 10
311.261
 20
216.985
 10
311.336
 20
217.145
 10
315.244
 20
224.178
 10
315.34
 20
224.335
 10
315.448
 20
224.478
 10
315.567
 20
224.607
 10
315.697
 20
224.721
 10
315.838
 20
224.822
 10
315.991
 20
224.909
 10
316.154
 20
224.981
 10
316.329
 20
225.04
 10
318.973
 20
225.795
 10
319.136
 20
225.833
 10
319.266
 20
225.844
 10
319.361
 20
225.829
 10
319.423
 20
225.786
 10
319.451
 20
225.716
 10
319.444
 20
225.62
 10
319.404
 20
225.496
 10
319.33
 20
225.346
 10
315.423
 20
218.312
 10
315.347
 20
218.153
 10
315.304
 20
218.003
 10
315.293
 20
217.861
 10
315.313
 20
217.729
 10
315.366
 20
217.607
 10
315.45
 20
217.493
 10
315.566
 20
217.388
 10
315.714
 20
217.292
 97
0
 75
0
 76
1
 98
0
  0
HATCH
  5
113
330
17
100
AcDbEntity
  8
RASTER
 62
7
100
AcDbHatch
 10
0.0
 20
0.0
 30
0.0
210
0.0
220
0.0
230
1.0
  2
SOLID
 70
1
 71
0
 91
1
 92
3
 72
0
 73
1
 93
54
 10
348.487
 20
239.659
 10
348.643
 20
239.599
 10
348.756
 20
239.535
 10
348.826
 20
239.468
 10
348.853
 20
239.398
 10
348.836
 20
239.325
 10
348.776
 20
239.248
 10
348.674
 20
239.169
 10
348.527
 20
239.087
 10
346.068
 20
237.857
 10
345.899
 20
237.782
 10
345.73
 20
237.725
 10
345.559
 20
237.686
 10
345.387
 20
237.665
 10
345.213
 20
237.661
 10
345.039
 20
237.676
 10
344.863
 20
237.708
 10
344.685
 20
237.759
 10
337.052
 20
240.303
 10
336.889
 20
240.37
 10
336.756
 20
240.451
 10
336.652
 20
240.548
 10
336.578
 20
240.659
 10
336.534
 20
240.785
 10
336.519
 20
240.926
 10
336.534
 20
241.081
 10
336.578
 20
241.252
 10
339.122
 20
248.885
 10
339.188
 20
249.057
 10
339.268
 20
249.217
 10
339.361
 20
249.366
 10
339.468
 20
249.502
 10
339.588
 20
249.627
 10
339.722
 20
249.741
 10
339.869
 20
249.842
 10
340.03
 20
249.932
 10
342.49
 20
251.162
 10
342.644
 20
251.229
 10
342.769
 20
251.264
 10
342.865
 20
251.266
 10
342.934
 20
251.235
 10
342.974
 20
251.172
 10
342.986
 20
251.076
 10
342.969
 20
250.947
 10
342.924
 20
250.786
 10
340.379
 20
243.152
 10
340.335
 20
242.982
 10
340.32
 20
242.826
 10
340.335
 20
242.686
 10
340.379
 20
242.56
 10
340.453
 20
242.448
 10
340.557
 20
242.352
 10
340.691
 20
242.271
 10
340.854
 20
242.204
 97
0
 75
0
 76
1
 98
0
  0
HATCH
  5
114
330
17
100
AcDbEntity
  8
RASTER
 62
7
100
AcDbHatch
 10
0.0
 20
0.0
 30
0.0
210
0.0
220
0.0
230
1.0
  2
SOLID
 70
1
 71
0
 91
1
 92
3
 72
0
 73
1
 93
54
 10
373.845
 20
240.582
 10
374.008
 20
240.541
 10
374.128
 20
240.491
 10
374.206
 20
240.433
 10
374.241
 20
240.367
 10
374.234
 20
240.293
 10
374.184
 20
240.21
 10
374.091
 20
240.118
 10
373.957
 20
240.018
 10
371.669
 20
238.493
 10
371.511
 20
238.398
 10
371.35
 20
238.32
 10
371.185
 20
238.26
 10
371.017
 20
238.218
 10
370.845
 20
238.193
 10
370.67
 20
238.186
 10
370.491
 20
238.196
 10
370.309
 20
238.224
 10
362.419
 20
239.802
 10
362.249
 20
239.848
 10
362.107
 20
239.912
 10
361.992
 20
239.995
 10
361.905
 20
240.096
 10
361.845
 20
240.216
 10
361.813
 20
240.354
 10
361.808
 20
240.51
 10
361.831
 20
240.685
 10
363.409
 20
248.574
 10
363.453
 20
248.753
 10
363.512
 20
248.922
 10
363.586
 20
249.081
 10
363.675
 20
249.23
 10
363.779
 20
249.369
 10
363.898
 20
249.498
 10
364.032
 20
249.617
 10
364.18
 20
249.726
 10
366.468
 20
251.251
 10
366.612
 20
251.337
 10
366.732
 20
251.387
 10
366.828
 20
251.401
 10
366.9
 20
251.379
 10
366.947
 20
251.321
 10
366.971
 20
251.228
 10
366.97
 20
251.098
 10
366.945
 20
250.932
 10
365.367
 20
243.042
 10
365.344
 20
242.867
 10
365.349
 20
242.711
 10
365.381
 20
242.573
 10
365.441
 20
242.454
 10
365.528
 20
242.353
 10
365.643
 20
242.27
 10
365.786
 20
242.206
 10
365.956
 20
242.16
 97
0
 75
0
 76
1
 98
0
  0
HATCH
  5
115
330
17
100
AcDbEntity
  8
RASTER
 62
7
100
AcDbHatch
 10
0.0
 20
0.0
 30
0.0
210
0.0
220
0.0
230
1.0
  2
SOLID
 70
1
 71
0
 91
1
 92
3
 72
0
 73
1
 93
54
 10
399.172
 20
267.116
 10
399.34
 20
267.108
 10
399.467
 20
267.083
 10
399.555
 20
267.042
 10
399.602
 20
266.984
 10
399.61
 20
266.909
 10
399.577
 20
266.818
 10
399.505
 20
266.71
 10
399.392
 20
266.586
 10
397.447
 20
264.641
 10
397.311
 20
264.517
 10
397.169
 20
264.409
 10
397.019
 20
264.318
 10
396.862
 20
264.243
 10
396.699
 20
264.185
 10
396.528
 20
264.144
 10
396.351
 20
264.119
 10
396.167
 20
264.111
 10
388.121
 20
264.111
 10
387.945
 20
264.123
 10
387.793
 20
264.158
 10
387.664
 20
264.216
 10
387.559
 20
264.298
 10
387.477
 20
264.404
 10
387.418
 20
264.533
 10
387.383
 20
264.685
 10
387.371
 20
264.861
 10
387.371
 20
272.907
 10
387.379
 20
273.091
 10
387.404
 20
273.268
 10
387.446
 20
273.438
 10
387.504
 20
273.602
 10
387.578
 20
273.759
 10
387.669
 20
273.908
 10
387.777
 20
274.051
 10
387.901
 20
274.187
 10
389.846
 20
276.132
 10
389.97
 20
276.244
 10
390.078
 20
276.317
 10
390.169
 20
276.349
 10
390.244
 20
276.342
 10
390.302
 20
276.295
 10
390.343
 20
276.207
 10
390.368
 20
276.08
 10
390.376
 20
275.912
 10
390.376
 20
267.866
 10
390.388
 20
267.69
 10
390.423
 20
267.538
 10
390.482
 20
267.409
 10
390.564
 20
267.304
 10
390.669
 20
267.222
 10
390.798
 20
267.163
 10
390.951
 20
267.128
 10
391.126
 20
267.116
 97
0
 75
0
 76
1
 98
0
  0
HATCH
  5
116
330
17
100
AcDbEntity
  8
RASTER
 62
7
100
AcDbHatch
 10
0.0
 20
0.0
 30
0.0
210
0.0
220
0.0
230
1.0
  2
SOLID
 70
1
 71
0
 91
1
 92
3
 72
0
 73
1
 93
54
 10
424.046
 20
319.663
 10
424.207
 20
319.709
 10
424.336
 20
319.725
 10
424.432
 20
319.714
 10
424.496
 20
319.674
 10
424.526
 20
319.605
 10
424.524
 20
319.508
 10
424.489
 20
319.383
 10
424.422
 20
319.23
 10
423.192
 20
316.77
 10
423.102
 20
316.609
 10
423.001
 20
316.462
 10
422.888
 20
316.328
 10
422.763
 20
316.208
 10
422.626
 20
316.101
 10
422.477
 20
316.008
 10
422.317
 20
315.928
 10
422.145
 20
315.862
 10
414.512
 20
313.318
 10
414.342
 20
313.273
 10
414.186
 20
313.259
 10
414.045
 20
313.273
 10
413.919
 20
313.318
 10
413.808
 20
313.392
 10
413.712
 20
313.496
 10
413.63
 20
313.629
 10
413.563
 20
313.792
 10
411.019
 20
321.425
 10
410.969
 20
321.602
 10
410.936
 20
321.778
 10
410.922
 20
321.953
 10
410.925
 20
322.127
 10
410.946
 20
322.299
 10
410.985
 20
322.47
 10
411.042
 20
322.639
 10
411.117
 20
322.808
 10
412.347
 20
325.267
 10
412.429
 20
325.413
 10
412.509
 20
325.516
 10
412.585
 20
325.576
 10
412.658
 20
325.592
 10
412.728
 20
325.566
 10
412.795
 20
325.496
 10
412.859
 20
325.383
 10
412.92
 20
325.227
 10
415.464
 20
317.593
 10
415.531
 20
317.43
 10
415.612
 20
317.297
 10
415.709
 20
317.193
 10
415.82
 20
317.119
 10
415.946
 20
317.075
 10
416.087
 20
317.06
 10
416.242
 20
317.075
 10
416.413
 20
317.119
 97
0
 75
0
 76
1
 98
0
  0
HATCH
  5
117
330
17
100
AcDbEntity
  8
RASTER
 62
7
100
AcDbHatch
 10
0.0
 20
0.0
 30
0.0
210
0.0
220
0.0
230
1.0
  2
SOLID
 70
1
 71
0
 91
1
 92
3
 72
0
 73
1
 93
54
 10
424.192
 20
293.685
 10
424.358
 20
293.71
 10
424.488
 20
293.71
 10
424.582
 20
293.687
 10
424.64
 20
293.639
 10
424.661
 20
293.568
 10
424.647
 20
293.472
 10
424.597
 20
293.352
 10
424.511
 20
293.208
 10
422.986
 20
290.92
 10
422.877
 20
290.771
 10
422.758
 20
290.638
 10
422.629
 20
290.519
 10
422.49
 20
290.415
 10
422.341
 20
290.326
 10
422.182
 20
290.252
 10
422.013
 20
290.193
 10
421.835
 20
290.149
 10
413.945
 20
288.571
 10
413.77
 20
288.548
 10
413.614
 20
288.552
 10
413.476
 20
288.585
 10
413.356
 20
288.644
 10
413.255
 20
288.732
 10
413.173
 20
288.847
 10
413.108
 20
288.989
 10
413.062
 20
289.159
 10
411.484
 20
297.049
 10
411.456
 20
297.231
 10
411.446
 20
297.41
 10
411.453
 20
297.585
 10
411.478
 20
297.756
 10
411.52
 20
297.925
 10
411.58
 20
298.089
 10
411.658
 20
298.251
 10
411.753
 20
298.408
 10
413.279
 20
300.696
 10
413.379
 20
300.831
 10
413.47
 20
300.924
 10
413.553
 20
300.973
 10
413.628
 20
300.981
 10
413.694
 20
300.945
 10
413.751
 20
300.868
 10
413.801
 20
300.748
 10
413.842
 20
300.585
 10
415.42
 20
292.695
 10
415.466
 20
292.525
 10
415.53
 20
292.383
 10
415.613
 20
292.268
 10
415.714
 20
292.181
 10
415.833
 20
292.121
 10
415.971
 20
292.089
 10
416.128
 20
292.084
 10
416.302
 20
292.107
 97
0
 75
0
 76
1
 98
0
  0
HATCH
  5
118
330
17
100
AcDbEntity
  8
RASTER
 62
7
100
AcDbHatch
 10
0.0
 20
0.0
 30
0.0
210
0.0
220
0.0
230
1.0
  2
SOLID
 70
1
 71
0
 91
1
 92
3
 72
0
 73
1
 93
54
 10
448.12
 20
372.04
 10
448.259
 20
372.134
 10
448.376
 20
372.191
 10
448.471
 20
372.21
 10
448.544
 20
372.192
 10
448.594
 20
372.137
 10
448.623
 20
372.044
 10
448.63
 20
371.915
 10
448.614
 20
371.748
 10
448.225
 20
369.025
 10
448.191
 20
368.844
 10
448.141
 20
368.672
 10
448.076
 20
368.51
 10
447.996
 20
368.356
 10
447.9
 20
368.211
 10
447.788
 20
368.076
 10
447.661
 20
367.95
 10
447.519
 20
367.833
 10
441.082
 20
363.005
 10
440.935
 20
362.909
 10
440.792
 20
362.846
 10
440.654
 20
362.815
 10
440.52
 20
362.818
 10
440.391
 20
362.853
 10
440.267
 20
362.921
 10
440.147
 20
363.022
 10
440.032
 20
363.155
 10
435.205
 20
369.592
 10
435.101
 20
369.744
 10
435.015
 20
369.901
 10
434.946
 20
370.062
 10
434.894
 20
370.228
 10
434.86
 20
370.398
 10
434.843
 20
370.572
 10
434.843
 20
370.751
 10
434.861
 20
370.934
 10
435.25
 20
373.657
 10
435.282
 20
373.821
 10
435.324
 20
373.944
 10
435.378
 20
374.025
 10
435.442
 20
374.064
 10
435.517
 20
374.061
 10
435.602
 20
374.015
 10
435.699
 20
373.928
 10
435.806
 20
373.799
 10
440.633
 20
367.363
 10
440.748
 20
367.229
 10
440.868
 20
367.128
 10
440.992
 20
367.06
 10
441.121
 20
367.025
 10
441.255
 20
367.023
 10
441.393
 20
367.053
 10
441.536
 20
367.116
 10
441.683
 20
367.213
 97
0
 75
0
 76
1
 98
0
  0
HATCH
  5
119
330
17
100
AcDbEntity
  8
RASTER
 62
7
100
AcDbHatch
 10
0.0
 20
0.0
 30
0.0
210
0.0
220
0.0
230
1.0
  2
SOLID
 70
1
 71
0
 91
1
 92
3
 72
0
 73
1
 93
54
 10
448.606
 20
346.07
 10
448.756
 20
346.144
 10
448.88
 20
346.184
 10
448.976
 20
346.19
 10
449.046
 20
346.163
 10
449.089
 20
346.101
 10
449.105
 20
346.006
 10
449.093
 20
345.876
 10
449.055
 20
345.713
 10
448.3
 20
343.069
 10
448.241
 20
342.894
 10
448.169
 20
342.73
 10
448.082
 20
342.578
 10
447.982
 20
342.437
 10
447.867
 20
342.307
 10
447.738
 20
342.188
 10
447.595
 20
342.08
 10
447.438
 20
341.983
 10
440.405
 20
338.076
 10
440.246
 20
338.001
 10
440.095
 20
337.957
 10
439.954
 20
337.946
 10
439.822
 20
337.967
 10
439.699
 20
338.019
 10
439.585
 20
338.103
 10
439.481
 20
338.219
 10
439.385
 20
338.367
 10
435.478
 20
345.401
 10
435.395
 20
345.566
 10
435.331
 20
345.733
 10
435.285
 20
345.902
 10
435.256
 20
346.073
 10
435.245
 20
346.246
 10
435.252
 20
346.421
 10
435.277
 20
346.598
 10
435.319
 20
346.777
 10
436.075
 20
349.422
 10
436.129
 20
349.58
 10
436.188
 20
349.696
 10
436.252
 20
349.769
 10
436.32
 20
349.799
 10
436.394
 20
349.785
 10
436.473
 20
349.729
 10
436.557
 20
349.63
 10
436.645
 20
349.487
 10
440.553
 20
342.454
 10
440.648
 20
342.306
 10
440.753
 20
342.19
 10
440.867
 20
342.105
 10
440.99
 20
342.053
 10
441.122
 20
342.033
 10
441.263
 20
342.044
 10
441.413
 20
342.087
 10
441.572
 20
342.162
 97
0
 75
0
 76
1
 98
0
  0
HATCH
  5
11A
330
17
100
AcDbEntity
  8
RASTER
 62
7
100
AcDbHatch
 10
0.0
 20
0.0
 30
0.0
210
0.0
220
0.0
230
1.0
  2
SOLID
 70
1
 71
0
 91
1
 92
3
 72
0
 73
1
 93
4
 10
270.56
 20
380.9
 10
270.56
 20
378.943
 10
270.96
 20
378.943
 10
270.96
 20
380.9
 97
0
 75
0
 76
1
 98
0
  0
HATCH
  5
11B
330
17
100
AcDbEntity
  8
RASTER
 62
7
100
AcDbHatch
 10
0.0
 20
0.0
 30
0.0
210
0.0
220
0.0
230
1.0
  2
SOLID
 70
1
 71
0
 91
1
 92
3
 72
0
 73
1
 93
4
 10
270.56
 20
376.987
 10
270.56
 20
375.422
 10
270.96
 20
375.422
 10
270.96
 20
376.987
 97
0
 75
0
 76
1
 98
0
  0
HATCH
  5
11C
330
17
100
AcDbEntity
  8
RASTER
 62
7
100
AcDbHatch
 10
0.0
 20
0.0
 30
0.0
210
0.0
220
0.0
230
1.0
  2
SOLID
 70
1
 71
0
 91
1
 92
3
 72
0
 73
1
 93
4
 10
270.56
 20
373.465
 10
270.56
 20
371.9
 10
270.96
 20
371.9
 10
270.96
 20
373.465
 97
0
 75
0
 76
1
 98
0
  0
HATCH
  5
11D
330
17
100
AcDbEntity
  8
RASTER
 62
7
100
AcDbHatch
 10
0.0
 20
0.0
 30
0.0
210
0.0
220
0.0
230
1.0
  2
SOLID
 70
1
 71
0
 91
1
 92
3
 72
0
 73
1
 93
4
 10
272.705
 20
371.7
 10
274.26
 20
371.7
 10
274.26
 20
372.1
 10
272.705
 20
372.1
 97
0
 75
0
 76
1
 98
0
  0
HATCH
  5
11E
330
17
100
AcDbEntity
  8
RASTER
 62
7
100
AcDbHatch
 10
0.0
 20
0.0
 30
0.0
210
0.0
220
0.0
230
1.0
  2
SOLID
 70
1
 71
0
 91
1
 92
3
 72
0
 73
1
 93
4
 10
275.063
 20
370.557
 10
274.77
 20
368.724
 10
275.165
 20
368.661
 10
275.458
 20
370.493
 97
0
 75
0
 76
1
 98
0
  0
HATCH
  5
11F
330
17
100
AcDbEntity
  8
RASTER
 62
7
100
AcDbHatch
 10
0.0
 20
0.0
 30
0.0
210
0.0
220
0.0
230
1.0
  2
SOLID
 70
1
 71
0
 91
1
 92
3
 72
0
 73
1
 93
4
 10
273.06
 20
368.6
 10
271.46
 20
368.6
 10
271.46
 20
368.2
 10
273.06
 20
368.2
 97
0
 75
0
 76
1
 98
0
  0
HATCH
  5
120
330
17
100
AcDbEntity
  8
RASTER
 62
7
100
AcDbHatch
 10
0.0
 20
0.0
 30
0.0
210
0.0
220
0.0
230
1.0
  2
SOLID
 70
1
 71
0
 91
1
 92
3
 72
0
 73
1
 93
4
 10
269.46
 20
368.6
 10
267.86
 20
368.6
 10
267.86
 20
368.2
 10
269.46
 20
368.2
 97
0
 75
0
 76
1
 98
0
  0
HATCH
  5
121
330
17
100
AcDbEntity
  8
RASTER
 62
7
100
AcDbHatch
 10
0.0
 20
0.0
 30
0.0
210
0.0
220
0.0
230
1.0
  2
SOLID
 70
1
 71
0
 91
1
 92
3
 72
0
 73
1
 93
4
 10
265.86
 20
368.6
 10
264.26
 20
368.6
 10
264.26
 20
368.2
 10
265.86
 20
368.2
 97
0
 75
0
 76
1
 98
0
  0
HATCH
  5
122
330
17
100
AcDbEntity
  8
RASTER
 62
7
100
AcDbHatch
 10
0.0
 20
0.0
 30
0.0
210
0.0
220
0.0
230
1.0
  2
SOLID
 70
1
 71
0
 91
1
 92
3
 72
0
 73
1
 93
4
 10
262.26
 20
368.6
 10
260.66
 20
368.6
 10
260.66
 20
368.2
 10
262.26
 20
368.2
 97
0
 75
0
 76
1
 98
0
  0
HATCH
  5
123
330
17
100
AcDbEntity
  8
RASTER
 62
7
100
AcDbHatch
 10
0.0
 20
0.0
 30
0.0
210
0.0
220
0.0
230
1.0
  2
SOLID
 70
1
 71
0
 91
1
 92
3
 72
0
 73
1
 93
4
 10
258.745
 20
368.581
 10
257.421
 20
369.199
 10
257.252
 20
368.836
 10
258.576
 20
368.219
 97
0
 75
0
 76
1
 98
0
  0
HATCH
  5
124
330
17
100
AcDbEntity
  8
RASTER
 62
7
100
AcDbHatch
 10
0.0
 20
0.0
 30
0.0
210
0.0
220
0.0
230
1.0
  2
SOLID
 70
1
 71
0
 91
1
 92
3
 72
0
 73
1
 93
4
 10
257.402
 20
370.759
 10
258.402
 20
371.759
 10
258.119
 20
372.041
 10
257.119
 20
371.041
 97
0
 75
0
 76
1
 98
0
  0
HATCH
  5
125
330
17
100
AcDbEntity
  8
RASTER
 62
7
100
AcDbHatch
 10
0.0
 20
0.0
 30
0.0
210
0.0
220
0.0
230
1.0
  2
SOLID
 70
1
 71
0
 91
1
 92
3
 72
0
 73
1
 93
4
 10
260.205
 20
371.7
 10
261.76
 20
371.7
 10
261.76
 20
372.1
 10
260.205
 20
372.1
 97
0
 75
0
 76
1
 98
0
  0
HATCH
  5
126
330
17
100
AcDbEntity
  8
RASTER
 62
7
100
AcDbHatch
 10
0.0
 20
0.0
 30
0.0
210
0.0
220
0.0
230
1.0
  2
SOLID
 70
1
 71
0
 91
1
 92
3
 72
0
 73
1
 93
4
 10
261.96
 20
373.857
 10
261.96
 20
375.813
 10
261.56
 20
375.813
 10
261.56
 20
373.857
 97
0
 75
0
 76
1
 98
0
  0
HATCH
  5
127
330
17
100
AcDbEntity
  8
RASTER
 62
7
100
AcDbHatch
 10
0.0
 20
0.0
 30
0.0
210
0.0
220
0.0
230
1.0
  2
SOLID
 70
1
 71
0
 91
1
 92
3
 72
0
 73
1
 93
4
 10
261.96
 20
377.77
 10
261.96
 20
379.335
 10
261.56
 20
379.335
 10
261.56
 20
377.77
 97
0
 75
0
 76
1
 98
0
  0
HATCH
  5
128
330
17
100
AcDbEntity
  8
RASTER
 62
7
100
AcDbHatch
 10
0.0
 20
0.0
 30
0.0
210
0.0
220
0.0
230
1.0
  2
SOLID
 70
1
 71
0
 91
1
 92
3
 72
0
 73
1
 93
4
 10
294.243
 20
380.5
 10
294.175
 20
379.381
 10
294.157
 20
379.389
 10
294.162
 20
380.5
 97
0
 75
0
 76
1
 98
0
  0
HATCH
  5
129
330
17
100
AcDbEntity
  8
RASTER
 62
7
100
AcDbHatch
 10
0.0
 20
0.0
 30
0.0
210
0.0
220
0.0
230
1.0
  2
SOLID
 70
1
 71
0
 91
1
 92
3
 72
0
 73
1
 93
32
 10
288.36
 20
370.627
 10
286.642
 20
369.946
 10
284.978
 20
369.307
 10
284.027
 20
367.758
 10
283.009
 20
366.166
 10
281.267
 20
365.703
 10
279.394
 20
365.625
 10
278.012
 20
364.574
 10
276.709
 20
363.148
 10
274.971
 20
362.865
 10
273.083
 20
363.334
 10
271.445
 20
362.929
 10
269.876
 20
361.809
 10
268.145
 20
361.66
 10
266.405
 20
362.571
 10
264.734
 20
362.847
 10
264.735
 20
362.867
 10
266.405
 20
362.694
 10
268.132
 20
361.882
 10
269.84
 20
362.118
 10
271.379
 20
363.313
 10
272.982
 20
363.773
 10
274.834
 20
363.338
 10
276.539
 20
363.633
 10
277.816
 20
365.049
 10
279.181
 20
366.068
 10
281.05
 20
366.098
 10
282.803
 20
366.496
 10
283.847
 20
368.013
 10
284.84
 20
369.482
 10
286.561
 20
370.038
 10
288.346
 20
370.642
 97
0
 75
0
 76
1
 98
0
  0
HATCH
  5
12A
330
17
100
AcDbEntity
  8
RASTER
 62
7
100
AcDbHatch
 10
0.0
 20
0.0
 30
0.0
210
0.0
220
0.0
230
1.0
  2
SOLID
 70
1
 71
0
 91
1
 92
3
 72
0
 73
1
 93
4
 10
255.068
 20
367.603
 10
253.76
 20
368.172
 10
253.76
 20
368.294
 10
255.076
 20
367.621
 97
0
 75
0
 76
1
 98
0
  0
HATCH
  5
12B
330
17
100
AcDbEntity
  8
RASTER
 62
7
100
AcDbHatch
 10
0.0
 20
0.0
 30
0.0
210
0.0
220
0.0
230
1.0
  2
SOLID
 70
1
 71
0
 91
1
 92
3
 72
0
 73
1
 93
24
 10
297.417
 20
375.929
 10
296.317
 20
374.78
 10
295.046
 20
373.782
 10
293.961
 20
372.702
 10
293.219
 20
371.372
 10
292.683
 20
369.834
 10
292.031
 20
368.332
 10
291.004
 20
367.15
 10
289.583
 20
366.399
 10
287.988
 20
365.916
 10
286.506
 20
365.37
 10
285.287
 20
364.501
 10
285.276
 20
364.517
 10
286.414
 20
365.496
 10
287.812
 20
366.135
 10
289.329
 20
366.688
 10
290.687
 20
367.481
 10
291.673
 20
368.675
 10
292.31
 20
370.161
 10
292.862
 20
371.659
 10
293.651
 20
372.929
 10
294.813
 20
373.937
 10
296.184
 20
374.861
 10
297.399
 20
375.939
 97
0
 75
0
 76
1
 98
0
  0
HATCH
  5
12C
330
17
100
AcDbEntity
  8
RASTER
 62
7
100
AcDbHatch
 10
0.0
 20
0.0
 30
0.0
210
0.0
220
0.0
230
1.0
  2
SOLID
 70
1
 71
0
 91
1
 92
3
 72
0
 73
1
 93
22
 10
269.942
 20
355.177
 10
268.276
 20
354.322
 10
266.537
 20
354.095
 10
264.81
 20
354.681
 10
263.126
 20
355.222
 10
261.386
 20
355.047
 10
259.567
 20
354.627
 10
257.835
 20
354.898
 10
256.295
 20
355.925
 10
254.771
 20
356.827
 10
253.76
 20
356.949
 10
253.76
 20
357.4
 10
254.918
 20
357.29
 10
256.427
 20
356.416
 10
257.944
 20
355.394
 10
259.651
 20
355.106
 10
261.443
 20
355.488
 10
263.158
 20
355.605
 10
264.822
 20
354.989
 10
266.536
 20
354.315
 10
268.27
 20
354.444
 10
269.94
 20
355.196
 97
0
 75
0
 76
1
 98
0
  0
HATCH
  5
12D
330
17
100
AcDbEntity
  8
RASTER
 62
7
100
AcDbHatch
 10
0.0
 20
0.0
 30
0.0
210
0.0
220
0.0
230
1.0
  2
SOLID
 70
1
 71
0
 91
1
 92
3
 72
0
 73
1
 93
32
 10
303.225
 20
371.737
 10
303.17
 20
369.891
 10
302.845
 20
368.144
 10
301.52
 20
367.066
 10
299.835
 20
366.315
 10
298.829
 20
365.066
 10
298.445
 20
363.236
 10
297.683
 20
361.682
 10
296.065
 20
360.986
 10
294.276
 20
360.556
 10
293.121
 20
359.434
 10
292.393
 20
357.717
 10
291.251
 20
356.479
 10
289.457
 20
356.224
 10
287.647
 20
356.104
 10
286.368
 20
355.113
 10
286.359
 20
355.131
 10
287.59
 20
356.203
 10
289.347
 20
356.397
 10
291.09
 20
356.716
 10
292.18
 20
358.004
 10
292.863
 20
359.756
 10
293.981
 20
360.897
 10
295.744
 20
361.331
 10
297.349
 20
362.014
 10
298.114
 20
363.542
 10
298.515
 20
365.335
 10
299.556
 20
366.537
 10
301.289
 20
367.236
 10
302.676
 20
368.259
 10
303.073
 20
369.952
 10
303.208
 20
371.747
 97
0
 75
0
 76
1
 98
0
  0
HATCH
  5
12E
330
17
100
AcDbEntity
  8
RASTER
 62
7
100
AcDbHatch
 10
0.0
 20
0.0
 30
0.0
210
0.0
220
0.0
230
1.0
  2
SOLID
 70
1
 71
0
 91
1
 92
3
 72
0
 73
1
 93
32
 10
279.651
 20
347.325
 10
277.947
 20
346.813
 10
276.018
 20
347.321
 10
274.223
 20
347.455
 10
272.616
 20
346.462
 10
270.959
 20
345.381
 10
269.161
 20
345.497
 10
267.361
 20
346.412
 10
265.623
 20
346.631
 10
263.846
 20
345.81
 10
262.026
 20
345.267
 10
260.315
 20
346.008
 10
258.722
 20
347.221
 10
257.01
 20
347.501
 10
255.092
 20
346.953
 10
253.76
 20
346.995
 10
253.76
 20
347.091
 10
255.126
 20
347.092
 10
257.05
 20
347.695
 10
258.762
 20
347.465
 10
260.352
 20
346.293
 10
262.054
 20
345.583
 10
263.864
 20
346.145
 10
265.628
 20
346.973
 10
267.353
 20
346.747
 10
269.142
 20
345.814
 10
270.931
 20
345.667
 10
272.582
 20
346.707
 10
274.189
 20
347.65
 10
275.988
 20
347.461
 10
277.927
 20
346.893
 10
279.646
 20
347.345
 97
0
 75
0
 76
1
 98
0
  0
HATCH
  5
12F
330
17
100
AcDbEntity
  8
RASTER
 62
7
100
AcDbHatch
 10
0.0
 20
0.0
 30
0.0
210
0.0
220
0.0
230
1.0
  2
SOLID
 70
1
 71
0
 91
1
 92
3
 72
0
 73
1
 93
26
 10
310.874
 20
375.416
 10
310.829
 20
373.866
 10
310.642
 20
372.345
 10
310.174
 20
370.934
 10
309.382
 20
369.683
 10
308.333
 20
368.588
 10
307.173
 20
367.587
 10
306.069
 20
366.582
 10
305.139
 20
365.481
 10
304.412
 20
364.236
 10
303.818
 20
362.872
 10
303.221
 20
361.478
 10
302.48
 20
360.179
 10
302.465
 20
360.193
 10
303.113
 20
361.571
 10
303.618
 20
363.032
 10
304.129
 20
364.449
 10
304.789
 20
365.729
 10
305.672
 20
366.845
 10
306.755
 20
367.847
 10
307.921
 20
368.827
 10
309.005
 20
369.886
 10
309.858
 20
371.092
 10
310.41
 20
372.453
 10
310.698
 20
373.922
 10
310.855
 20
375.423
 97
0
 75
0
 76
1
 98
0
  0
HATCH
  5
130
330
17
100
AcDbEntity
  8
RASTER
 62
7
100
AcDbHatch
 10
0.0
 20
0.0
 30
0.0
210
0.0
220
0.0
230
1.0
  2
SOLID
 70
1
 71
0
 91
1
 92
3
 72
0
 73
1
 93
34
 10
294.427
 20
350.176
 10
292.801
 20
349.677
 10
291.019
 20
349.506
 10
289.294
 20
349.331
 10
287.772
 20
348.832
 10
286.473
 20
347.87
 10
285.292
 20
346.563
 10
284.066
 20
345.232
 10
282.669
 20
344.249
 10
281.065
 20
343.842
 10
279.321
 20
343.982
 10
277.552
 20
344.391
 10
275.861
 20
344.675
 10
274.28
 20
344.53
 10
272.773
 20
343.888
 10
271.266
 20
342.961
 10
269.702
 20
342.132
 10
269.701
 20
342.152
 10
271.257
 20
343.046
 10
272.753
 20
344.036
 10
274.246
 20
344.735
 10
275.81
 20
344.93
 10
277.484
 20
344.685
 10
279.235
 20
344.305
 10
280.964
 20
344.18
 10
282.555
 20
344.589
 10
283.943
 20
345.563
 10
285.165
 20
346.871
 10
286.349
 20
348.146
 10
287.658
 20
349.066
 10
289.197
 20
349.515
 10
290.945
 20
349.636
 10
292.756
 20
349.75
 10
294.416
 20
350.192
 97
0
 75
0
 76
1
 98
0
  0
HATCH
  5
131
330
17
100
AcDbEntity
  8
RASTER
 62
7
100
AcDbHatch
 10
0.0
 20
0.0
 30
0.0
210
0.0
220
0.0
230
1.0
  2
SOLID
 70
1
 71
0
 91
1
 92
3
 72
0
 73
1
 93
22
 10
308.553
 20
350.283
 10
307.668
 20
348.814
 10
306.746
 20
347.348
 10
305.567
 20
346.146
 10
304.099
 20
345.294
 10
302.508
 20
344.629
 10
301.018
 20
343.862
 10
299.728
 20
342.817
 10
298.55
 20
341.579
 10
297.287
 20
340.438
 10
295.808
 20
339.65
 10
295.798
 20
339.668
 10
297.226
 20
340.542
 10
298.437
 20
341.76
 10
299.57
 20
343.054
 10
300.826
 20
344.134
 10
302.299
 20
344.908
 10
303.893
 20
345.554
 10
305.384
 20
346.364
 10
306.604
 20
347.507
 10
307.585
 20
348.903
 10
308.539
 20
350.298
 97
0
 75
0
 76
1
 98
0
  0
HATCH
  5
132
330
17
100
AcDbEntity
  8
RASTER
 62
7
100
AcDbHatch
 10
0.0
 20
0.0
 30
0.0
210
0.0
220
0.0
230
1.0
  2
SOLID
 70
1
 71
0
 91
1
 92
3
 72
0
 73
1
 93
22
 10
287.748
 20
340.692
 10
285.997
 20
341.127
 10
284.458
 20
341.116
 10
283.206
 20
340.301
 10
282.111
 20
338.873
 10
280.955
 20
337.463
 10
279.58
 20
336.73
 10
277.989
 20
336.933
 10
276.313
 20
337.751
 10
274.709
 20
338.489
 10
273.245
 20
338.529
 10
273.243
 20
338.549
 10
274.69
 20
338.61
 10
276.275
 20
337.962
 10
277.93
 20
337.215
 10
279.503
 20
337.056
 10
280.865
 20
337.803
 10
282.017
 20
339.195
 10
283.118
 20
340.575
 10
284.387
 20
341.319
 10
285.953
 20
341.241
 10
287.741
 20
340.711
 97
0
 75
0
 76
1
 98
0
  0
HATCH
  5
133
330
17
100
AcDbEntity
  8
RASTER
 62
7
100
AcDbHatch
 10
0.0
 20
0.0
 30
0.0
210
0.0
220
0.0
230
1.0
  2
SOLID
 70
1
 71
0
 91
1
 92
3
 72
0
 73
1
 93
18
 10
326.71
 20
375.741
 10
326.231
 20
374.197
 10
325.364
 20
372.785
 10
324.261
 20
371.48
 10
323.14
 20
370.214
 10
322.198
 20
368.904
 10
321.545
 20
367.479
 10
321.168
 20
365.919
 10
320.935
 20
364.262
 10
320.917
 20
364.271
 10
320.992
 20
366.005
 10
321.232
 20
367.624
 10
321.79
 20
369.08
 10
322.695
 20
370.393
 10
323.845
 20
371.634
 10
325.038
 20
372.896
 10
326.044
 20
374.255
 10
326.691
 20
375.747
 97
0
 75
0
 76
1
 98
0
  0
HATCH
  5
134
330
17
100
AcDbEntity
  8
RASTER
 62
7
100
AcDbHatch
 10
0.0
 20
0.0
 30
0.0
210
0.0
220
0.0
230
1.0
  2
SOLID
 70
1
 71
0
 91
1
 92
3
 72
0
 73
1
 93
14
 10
318.775
 20
356.218
 10
317.846
 20
355.415
 10
316.9
 20
354.637
 10
315.948
 20
353.878
 10
315.008
 20
353.122
 10
314.099
 20
352.353
 10
313.242
 20
351.546
 10
313.227
 20
351.56
 10
313.946
 20
352.482
 10
314.751
 20
353.332
 10
315.65
 20
354.113
 10
316.635
 20
354.838
 10
317.684
 20
355.532
 10
318.758
 20
356.229
 97
0
 75
0
 76
1
 98
0
  0
HATCH
  5
135
330
17
100
AcDbEntity
  8
RASTER
 62
7
100
AcDbHatch
 10
0.0
 20
0.0
 30
0.0
210
0.0
220
0.0
230
1.0
  2
SOLID
 70
1
 71
0
 91
1
 92
3
 72
0
 73
1
 93
22
 10
312.168
 20
346.664
 10
310.922
 20
345.651
 10
309.225
 20
345.149
 10
307.453
 20
344.792
 10
305.985
 20
344.13
 10
304.971
 20
342.914
 10
304.252
 20
341.267
 10
303.478
 20
339.622
 10
302.332
 20
338.458
 10
300.73
 20
337.991
 10
298.855
 20
338.029
 10
298.844
 20
338.046
 10
300.64
 20
338.135
 10
302.163
 20
338.713
 10
303.241
 20
339.962
 10
303.966
 20
341.656
 10
304.661
 20
343.315
 10
305.68
 20
344.505
 10
307.184
 20
345.107
 10
309.021
 20
345.377
 10
310.805
 20
345.775
 10
312.154
 20
346.679
 97
0
 75
0
 76
1
 98
0
  0
HATCH
  5
136
330
17
100
AcDbEntity
  8
RASTER
 62
7
100
AcDbHatch
 10
0.0
 20
0.0
 30
0.0
210
0.0
220
0.0
230
1.0
  2
SOLID
 70
1
 71
0
 91
1
 92
3
 72
0
 73
1
 93
16
 10
290.935
 20
332.071
 10
289.507
 20
331.319
 10
288.123
 20
330.413
 10
286.73
 20
329.469
 10
285.281
 20
328.636
 10
283.747
 20
328.044
 10
282.13
 20
327.759
 10
280.458
 20
327.754
 10
280.453
 20
327.773
 10
282.082
 20
327.959
 10
283.655
 20
328.387
 10
285.157
 20
329.055
 10
286.596
 20
329.885
 10
288.006
 20
330.748
 10
289.435
 20
331.511
 10
290.927
 20
332.09
 97
0
 75
0
 76
1
 98
0
  0
HATCH
  5
137
330
17
100
AcDbEntity
  8
RASTER
 62
7
100
AcDbHatch
 10
0.0
 20
0.0
 30
0.0
210
0.0
220
0.0
230
1.0
  2
SOLID
 70
1
 71
0
 91
1
 92
3
 72
0
 73
1
 93
22
 10
273.279
 20
330.092
 10
271.719
 20
329.68
 10
270.148
 20
329.237
 10
268.557
 20
328.836
 10
266.948
 20
328.555
 10
265.328
 20
328.45
 10
263.709
 20
328.549
 10
262.105
 20
328.838
 10
260.523
 20
329.269
 10
258.963
 20
329.77
 10
257.419
 20
330.264
 10
257.421
 20
330.284
 10
258.982
 20
329.936
 10
260.55
 20
329.568
 10
262.131
 20
329.242
 10
263.728
 20
329.021
 10
265.335
 20
328.946
 10
266.943
 20
329.027
 10
268.542
 20
329.241
 10
270.129
 20
329.536
 10
271.705
 20
329.847
 10
273.277
 20
330.112
 97
0
 75
0
 76
1
 98
0
  0
HATCH
  5
138
330
17
100
AcDbEntity
  8
RASTER
 62
7
100
AcDbHatch
 10
0.0
 20
0.0
 30
0.0
210
0.0
220
0.0
230
1.0
  2
SOLID
 70
1
 71
0
 91
1
 92
3
 72
0
 73
1
 93
15
 10
331.438
 20
380.5
 10
331.419
 20
380.463
 10
330.554
 20
378.98
 10
329.978
 20
377.452
 10
329.817
 20
375.823
 10
329.868
 20
374.117
 10
329.749
 20
372.438
 10
329.173
 20
370.898
 10
329.155
 20
370.905
 10
329.617
 20
372.481
 10
329.627
 20
374.188
 10
329.479
 20
375.914
 10
329.56
 20
377.554
 10
330.079
 20
379.083
 10
330.88
 20
380.5
 97
0
 75
0
 76
1
 98
0
  0
HATCH
  5
139
330
17
100
AcDbEntity
  8
RASTER
 62
7
100
AcDbHatch
 10
0.0
 20
0.0
 30
0.0
210
0.0
220
0.0
230
1.0
  2
SOLID
 70
1
 71
0
 91
1
 92
3
 72
0
 73
1
 93
24
 10
336.689
 20
367.7
 10
336.368
 20
366.13
 10
335.9
 20
364.609
 10
335.277
 20
363.147
 10
334.504
 20
361.754
 10
333.601
 20
360.43
 10
332.597
 20
359.168
 10
331.527
 20
357.957
 10
330.431
 20
356.779
 10
329.346
 20
355.613
 10
328.303
 20
354.437
 10
327.325
 20
353.233
 10
327.308
 20
353.244
 10
328.166
 20
354.522
 10
329.096
 20
355.761
 10
330.085
 20
356.974
 10
331.11
 20
358.181
 10
332.139
 20
359.402
 10
333.139
 20
360.653
 10
334.074
 20
361.951
 10
334.912
 20
363.305
 10
335.632
 20
364.718
 10
336.218
 20
366.188
 10
336.67
 20
367.707
 97
0
 75
0
 76
1
 98
0
  0
HATCH
  5
13A
330
17
100
AcDbEntity
  8
RASTER
 62
7
100
AcDbHatch
 10
0.0
 20
0.0
 30
0.0
210
0.0
220
0.0
230
1.0
  2
SOLID
 70
1
 71
0
 91
1
 92
3
 72
0
 73
1
 93
22
 10
318.802
 20
344.02
 10
317.897
 20
342.675
 10
317.167
 20
341.134
 10
316.478
 20
339.51
 10
315.677
 20
337.963
 10
314.645
 20
336.645
 10
313.332
 20
335.645
 10
311.773
 20
334.963
 10
310.073
 20
334.502
 10
308.367
 20
334.098
 10
306.776
 20
333.577
 10
306.765
 20
333.593
 10
308.277
 20
334.223
 10
309.908
 20
334.722
 10
311.544
 20
335.255
 10
313.058
 20
335.979
 10
314.349
 20
336.989
 10
315.388
 20
338.285
 10
316.224
 20
339.78
 10
316.974
 20
341.33
 10
317.786
 20
342.783
 10
318.787
 20
344.033
 97
0
 75
0
 76
1
 98
0
  0
HATCH
  5
13B
330
17
100
AcDbEntity
  8
RASTER
 62
7
100
AcDbHatch
 10
0.0
 20
0.0
 30
0.0
210
0.0
220
0.0
230
1.0
  2
SOLID
 70
1
 71
0
 91
1
 92
3
 72
0
 73
1
 93
18
 10
298.029
 20
330.242
 10
296.727
 20
329.457
 10
295.44
 20
328.625
 10
294.15
 20
327.775
 10
292.841
 20
326.939
 10
291.499
 20
326.157
 10
290.114
 20
325.463
 10
288.682
 20
324.884
 10
287.207
 20
324.433
 10
287.201
 20
324.452
 10
288.632
 20
325.036
 10
290.021
 20
325.726
 10
291.372
 20
326.493
 10
292.697
 20
327.298
 10
294.009
 20
328.104
 10
295.324
 20
328.88
 10
296.658
 20
329.601
 10
298.02
 20
330.259
 97
0
 75
0
 76
1
 98
0
  0
HATCH
  5
13C
330
17
100
AcDbEntity
  8
RASTER
 62
7
100
AcDbHatch
 10
0.0
 20
0.0
 30
0.0
210
0.0
220
0.0
230
1.0
  2
SOLID
 70
1
 71
0
 91
1
 92
3
 72
0
 73
1
 93
16
 10
278.223
 20
317.836
 10
276.6
 20
317.897
 10
274.985
 20
317.988
 10
273.384
 20
318.065
 10
271.795
 20
318.092
 10
270.217
 20
318.042
 10
268.643
 20
317.907
 10
267.066
 20
317.694
 10
267.066
 20
317.714
 10
268.638
 20
318.058
 10
270.203
 20
318.298
 10
271.772
 20
318.405
 10
273.354
 20
318.378
 10
274.956
 20
318.243
 10
276.579
 20
318.047
 10
278.22
 20
317.855
 97
0
 75
0
 76
1
 98
0
  0
HATCH
  5
13D
330
17
100
AcDbEntity
  8
RASTER
 62
7
100
AcDbHatch
 10
0.0
 20
0.0
 30
0.0
210
0.0
220
0.0
230
1.0
  2
SOLID
 70
1
 71
0
 91
1
 92
3
 72
0
 73
1
 93
6
 10
255.707
 20
318.242
 10
254.204
 20
318.914
 10
253.76
 20
319.12
 10
253.76
 20
319.286
 10
254.224
 20
319.037
 10
255.71
 20
318.262
 97
0
 75
0
 76
1
 98
0
  0
HATCH
  5
13E
330
17
100
AcDbEntity
  8
RASTER
 62
7
100
AcDbHatch
 10
0.0
 20
0.0
 30
0.0
210
0.0
220
0.0
230
1.0
  2
SOLID
 70
1
 71
0
 91
1
 92
3
 72
0
 73
1
 93
16
 10
348.979
 20
380.5
 10
348.887
 20
380.066
 10
348.052
 20
378.578
 10
346.965
 20
377.161
 10
345.971
 20
375.756
 10
345.351
 20
374.288
 10
345.206
 20
372.709
 10
345.406
 20
371.024
 10
345.387
 20
371.03
 10
345.084
 20
372.74
 10
345.131
 20
374.34
 10
345.661
 20
375.822
 10
346.58
 20
377.237
 10
347.61
 20
378.656
 10
348.409
 20
380.141
 10
348.482
 20
380.5
 97
0
 75
0
 76
1
 98
0
  0
HATCH
  5
13F
330
17
100
AcDbEntity
  8
RASTER
 62
7
100
AcDbHatch
 10
0.0
 20
0.0
 30
0.0
210
0.0
220
0.0
230
1.0
  2
SOLID
 70
1
 71
0
 91
1
 92
3
 72
0
 73
1
 93
16
 10
343.087
 20
363.847
 10
342.736
 20
362.257
 10
342.365
 20
360.665
 10
341.938
 20
359.085
 10
341.427
 20
357.535
 10
340.811
 20
356.027
 10
340.086
 20
354.572
 10
339.257
 20
353.171
 10
339.239
 20
353.181
 10
339.896
 20
354.67
 10
340.48
 20
356.192
 10
341.014
 20
357.73
 10
341.522
 20
359.272
 10
342.024
 20
360.81
 10
342.537
 20
362.337
 10
343.068
 20
363.854
 97
0
 75
0
 76
1
 98
0
  0
HATCH
  5
140
330
17
100
AcDbEntity
  8
RASTER
 62
7
100
AcDbHatch
 10
0.0
 20
0.0
 30
0.0
210
0.0
220
0.0
230
1.0
  2
SOLID
 70
1
 71
0
 91
1
 92
3
 72
0
 73
1
 93
14
 10
326.448
 20
342.066
 10
325.444
 20
341.222
 10
324.332
 20
340.486
 10
323.154
 20
339.825
 10
321.964
 20
339.195
 10
320.816
 20
338.542
 10
319.755
 20
337.817
 10
319.741
 20
337.831
 10
320.693
 20
338.665
 10
321.758
 20
339.394
 10
322.914
 20
340.049
 10
324.119
 20
340.678
 10
325.313
 20
341.337
 10
326.433
 20
342.078
 97
0
 75
0
 76
1
 98
0
  0
HATCH
  5
141
330
17
100
AcDbEntity
  8
RASTER
 62
7
100
AcDbHatch
 10
0.0
 20
0.0
 30
0.0
210
0.0
220
0.0
230
1.0
  2
SOLID
 70
1
 71
0
 91
1
 92
3
 72
0
 73
1
 93
32
 10
315.536
 20
326.717
 10
314.355
 20
325.6
 10
313.194
 20
324.437
 10
312.025
 20
323.263
 10
310.821
 20
322.122
 10
309.557
 20
321.056
 10
308.217
 20
320.101
 10
306.795
 20
319.281
 10
305.299
 20
318.601
 10
303.744
 20
318.047
 10
302.151
 20
317.591
 10
300.545
 20
317.189
 10
298.947
 20
316.797
 10
297.374
 20
316.372
 10
295.834
 20
315.883
 10
294.326
 20
315.316
 10
294.319
 20
315.335
 10
295.791
 20
315.995
 10
297.294
 20
316.571
 10
298.829
 20
317.073
 10
300.39
 20
317.53
 10
301.965
 20
317.982
 10
303.532
 20
318.471
 10
305.07
 20
319.038
 10
306.557
 20
319.714
 10
307.981
 20
320.511
 10
309.334
 20
321.426
 10
310.622
 20
322.439
 10
311.861
 20
323.514
 10
313.073
 20
324.613
 10
314.286
 20
325.697
 10
315.524
 20
326.734
 97
0
 75
0
 76
1
 98
0
  0
HATCH
  5
142
330
17
100
AcDbEntity
  8
RASTER
 62
7
100
AcDbHatch
 10
0.0
 20
0.0
 30
0.0
210
0.0
220
0.0
230
1.0
  2
SOLID
 70
1
 71
0
 91
1
 92
3
 72
0
 73
1
 93
20
 10
287.368
 20
315.34
 10
286.001
 20
314.578
 10
284.528
 20
314.209
 10
282.971
 20
314.228
 10
281.38
 20
314.493
 10
279.806
 20
314.781
 10
278.283
 20
314.877
 10
276.815
 20
314.653
 10
275.381
 20
314.125
 10
273.95
 20
313.437
 10
273.948
 20
313.457
 10
275.363
 20
314.279
 10
276.778
 20
314.925
 10
278.227
 20
315.235
 10
279.736
 20
315.185
 10
281.302
 20
314.895
 10
282.895
 20
314.583
 10
284.466
 20
314.476
 10
285.963
 20
314.728
 10
287.363
 20
315.359
 97
0
 75
0
 76
1
 98
0
  0
HATCH
  5
143
330
17
100
AcDbEntity
  8
RASTER
 62
7
100
AcDbHatch
 10
0.0
 20
0.0
 30
0.0
210
0.0
220
0.0
230
1.0
  2
SOLID
 70
1
 71
0
 91
1
 92
3
 72
0
 73
1
 93
22
 10
269.767
 20
309.493
 10
268.101
 20
309.813
 10
266.45
 20
310.157
 10
264.811
 20
310.426
 10
263.176
 20
310.546
 10
261.533
 20
310.494
 10
259.874
 20
310.304
 10
258.196
 20
310.056
 10
256.508
 20
309.854
 10
254.825
 20
309.802
 10
253.76
 20
309.913
 10
253.76
 20
309.968
 10
254.841
 20
309.919
 10
256.532
 20
310.059
 10
258.223
 20
310.331
 10
259.899
 20
310.626
 10
261.552
 20
310.832
 10
263.188
 20
310.868
 10
264.816
 20
310.703
 10
266.449
 20
310.364
 10
268.099
 20
309.931
 10
269.766
 20
309.513
 97
0
 75
0
 76
1
 98
0
  0
HATCH
  5
144
330
17
100
AcDbEntity
  8
RASTER
 62
7
100
AcDbHatch
 10
0.0
 20
0.0
 30
0.0
210
0.0
220
0.0
230
1.0
  2
SOLID
 70
1
 71
0
 91
1
 92
3
 72
0
 73
1
 93
20
 10
354.897
 20
380.5
 10
354.71
 20
379.421
 10
354.284
 20
377.938
 10
353.733
 20
376.485
 10
353.114
 20
375.055
 10
352.49
 20
373.637
 10
351.916
 20
372.217
 10
351.433
 20
370.782
 10
351.057
 20
369.321
 10
350.776
 20
367.83
 10
350.757
 20
367.836
 10
350.902
 20
369.364
 10
351.156
 20
370.855
 10
351.54
 20
372.309
 10
352.049
 20
373.736
 10
352.65
 20
375.151
 10
353.289
 20
376.568
 10
353.903
 20
378.004
 10
354.427
 20
379.465
 10
354.695
 20
380.5
 97
0
 75
0
 76
1
 98
0
  0
HATCH
  5
145
330
17
100
AcDbEntity
  8
RASTER
 62
7
100
AcDbHatch
 10
0.0
 20
0.0
 30
0.0
210
0.0
220
0.0
230
1.0
  2
SOLID
 70
1
 71
0
 91
1
 92
3
 72
0
 73
1
 93
16
 10
347.253
 20
360.108
 10
346.53
 20
358.68
 10
345.725
 20
357.293
 10
344.857
 20
355.942
 10
343.956
 20
354.617
 10
343.053
 20
353.301
 10
342.176
 20
351.98
 10
341.349
 20
350.636
 10
341.332
 20
350.646
 10
341.975
 20
352.089
 10
342.7
 20
353.484
 10
343.517
 20
354.834
 10
344.414
 20
356.151
 10
345.362
 20
357.456
 10
346.319
 20
358.77
 10
347.234
 20
360.115
 97
0
 75
0
 76
1
 98
0
  0
HATCH
  5
146
330
17
100
AcDbEntity
  8
RASTER
 62
7
100
AcDbHatch
 10
0.0
 20
0.0
 30
0.0
210
0.0
220
0.0
230
1.0
  2
SOLID
 70
1
 71
0
 91
1
 92
3
 72
0
 73
1
 93
14
 10
335.627
 20
340.903
 10
335.024
 20
339.813
 10
334.334
 20
338.787
 10
333.545
 20
337.837
 10
332.659
 20
336.97
 10
331.687
 20
336.182
 10
330.649
 20
335.462
 10
330.634
 20
335.475
 10
331.557
 20
336.295
 10
332.443
 20
337.153
 10
333.295
 20
338.042
 10
334.113
 20
338.963
 10
334.889
 20
339.918
 10
335.611
 20
340.915
 97
0
 75
0
 76
1
 98
0
  0
HATCH
  5
147
330
17
100
AcDbEntity
  8
RASTER
 62
7
100
AcDbHatch
 10
0.0
 20
0.0
 30
0.0
210
0.0
220
0.0
230
1.0
  2
SOLID
 70
1
 71
0
 91
1
 92
3
 72
0
 73
1
 93
20
 10
321.817
 20
325.549
 10
320.775
 20
324.25
 10
319.702
 20
322.969
 10
318.562
 20
321.756
 10
317.329
 20
320.654
 10
315.994
 20
319.693
 10
314.558
 20
318.881
 10
313.04
 20
318.207
 10
311.47
 20
317.639
 10
309.88
 20
317.128
 10
309.87
 20
317.146
 10
311.376
 20
317.796
 10
312.867
 20
318.485
 10
314.321
 20
319.245
 10
315.718
 20
320.099
 10
317.046
 20
321.055
 10
318.305
 20
322.106
 10
319.503
 20
323.229
 10
320.661
 20
324.394
 10
321.804
 20
325.565
 97
0
 75
0
 76
1
 98
0
  0
HATCH
  5
148
330
17
100
AcDbEntity
  8
RASTER
 62
7
100
AcDbHatch
 10
0.0
 20
0.0
 30
0.0
210
0.0
220
0.0
230
1.0
  2
SOLID
 70
1
 71
0
 91
1
 92
3
 72
0
 73
1
 93
30
 10
301.008
 20
308.461
 10
299.589
 20
307.496
 10
298.157
 20
306.526
 10
296.695
 20
305.599
 10
295.187
 20
304.762
 10
293.627
 20
304.055
 10
292.014
 20
303.504
 10
290.352
 20
303.12
 10
288.654
 20
302.895
 10
286.932
 20
302.803
 10
285.202
 20
302.804
 10
283.476
 20
302.852
 10
281.765
 20
302.896
 10
280.073
 20
302.892
 10
278.401
 20
302.806
 10
278.399
 20
302.826
 10
280.057
 20
302.997
 10
281.733
 20
303.081
 10
283.427
 20
303.108
 10
285.136
 20
303.119
 10
286.85
 20
303.161
 10
288.558
 20
303.279
 10
290.247
 20
303.512
 10
291.904
 20
303.885
 10
293.519
 20
304.406
 10
295.087
 20
305.067
 10
296.609
 20
305.845
 10
298.093
 20
306.702
 10
299.551
 20
307.595
 10
301.001
 20
308.479
 97
0
 75
0
 76
1
 98
0
  0
HATCH
  5
149
330
17
100
AcDbEntity
  8
RASTER
 62
7
100
AcDbHatch
 10
0.0
 20
0.0
 30
0.0
210
0.0
220
0.0
230
1.0
  2
SOLID
 70
1
 71
0
 91
1
 92
3
 72
0
 73
1
 93
14
 10
265.45
 20
305.954
 10
264.077
 20
306.176
 10
262.699
 20
306.135
 10
261.304
 20
305.856
 10
259.889
 20
305.445
 10
258.459
 20
305.059
 10
257.032
 20
304.852
 10
257.035
 20
304.872
 10
258.476
 20
305.248
 10
259.912
 20
305.758
 10
261.325
 20
306.214
 10
262.712
 20
306.448
 10
264.081
 20
306.365
 10
265.45
 20
305.974
 97
0
 75
0
 76
1
 98
0
  0
HATCH
  5
14A
330
17
100
AcDbEntity
  8
RASTER
 62
7
100
AcDbHatch
 10
0.0
 20
0.0
 30
0.0
210
0.0
220
0.0
230
1.0
  2
SOLID
 70
1
 71
0
 91
1
 92
3
 72
0
 73
1
 93
28
 10
355.416
 20
366.657
 10
355.289
 20
365.129
 10
355.171
 20
363.586
 10
355.015
 20
362.043
 10
354.776
 20
360.519
 10
354.417
 20
359.031
 10
353.915
 20
357.593
 10
353.266
 20
356.215
 10
352.483
 20
354.899
 10
351.593
 20
353.638
 10
350.638
 20
352.419
 10
349.661
 20
351.222
 10
348.707
 20
350.026
 10
347.812
 20
348.809
 10
347.794
 20
348.818
 10
348.588
 20
350.088
 10
349.445
 20
351.33
 10
350.334
 20
352.565
 10
351.218
 20
353.811
 10
352.055
 20
355.088
 10
352.81
 20
356.408
 10
353.456
 20
357.779
 10
353.981
 20
359.199
 10
354.388
 20
360.662
 10
354.697
 20
362.154
 10
354.941
 20
363.662
 10
355.161
 20
365.169
 10
355.397
 20
366.663
 97
0
 75
0
 76
1
 98
0
  0
HATCH
  5
14B
330
17
100
AcDbEntity
  8
RASTER
 62
7
100
AcDbHatch
 10
0.0
 20
0.0
 30
0.0
210
0.0
220
0.0
230
1.0
  2
SOLID
 70
1
 71
0
 91
1
 92
3
 72
0
 73
1
 93
22
 10
343.276
 20
334.419
 10
342.002
 20
333.442
 10
340.783
 20
332.439
 10
339.664
 20
331.363
 10
338.668
 20
330.188
 10
337.792
 20
328.906
 10
337.003
 20
327.534
 10
336.251
 20
326.11
 10
335.477
 20
324.688
 10
334.623
 20
323.327
 10
333.642
 20
322.083
 10
333.629
 20
322.097
 10
334.535
 20
323.417
 10
335.32
 20
324.843
 10
336.037
 20
326.314
 10
336.749
 20
327.768
 10
337.522
 20
329.147
 10
338.408
 20
330.414
 10
339.437
 20
331.554
 10
340.612
 20
332.578
 10
341.904
 20
333.52
 10
343.26
 20
334.431
 97
0
 75
0
 76
1
 98
0
  0
HATCH
  5
14C
330
17
100
AcDbEntity
  8
RASTER
 62
7
100
AcDbHatch
 10
0.0
 20
0.0
 30
0.0
210
0.0
220
0.0
230
1.0
  2
SOLID
 70
1
 71
0
 91
1
 92
3
 72
0
 73
1
 93
16
 10
327.46
 20
319.963
 10
325.876
 20
319.356
 10
324.228
 20
318.859
 10
322.662
 20
318.289
 10
321.278
 20
317.497
 10
320.103
 20
316.419
 10
319.078
 20
315.106
 10
318.092
 20
313.703
 10
318.081
 20
313.72
 10
318.954
 20
315.289
 10
319.882
 20
316.733
 10
321.0
 20
317.879
 10
322.377
 20
318.666
 10
323.992
 20
319.16
 10
325.737
 20
319.528
 10
327.447
 20
319.978
 97
0
 75
0
 76
1
 98
0
  0
HATCH
  5
14D
330
17
100
AcDbEntity
  8
RASTER
 62
7
100
AcDbHatch
 10
0.0
 20
0.0
 30
0.0
210
0.0
220
0.0
230
1.0
  2
SOLID
 70
1
 71
0
 91
1
 92
3
 72
0
 73
1
 93
20
 10
311.909
 20
310.432
 10
310.709
 20
309.169
 10
309.442
 20
307.995
 10
308.084
 20
306.968
 10
306.626
 20
306.131
 10
305.069
 20
305.504
 10
303.428
 20
305.083
 10
301.725
 20
304.837
 10
299.99
 20
304.717
 10
298.251
 20
304.659
 10
298.244
 20
304.678
 10
299.935
 20
304.859
 10
301.625
 20
305.086
 10
303.29
 20
305.409
 10
304.907
 20
305.87
 10
306.458
 20
306.494
 10
307.93
 20
307.287
 10
309.32
 20
308.234
 10
310.638
 20
309.303
 10
311.899
 20
310.45
 97
0
 75
0
 76
1
 98
0
  0
HATCH
  5
14E
330
17
100
AcDbEntity
  8
RASTER
 62
7
100
AcDbHatch
 10
0.0
 20
0.0
 30
0.0
210
0.0
220
0.0
230
1.0
  2
SOLID
 70
1
 71
0
 91
1
 92
3
 72
0
 73
1
 93
34
 10
284.248
 20
296.966
 10
282.703
 20
296.469
 10
281.171
 20
295.838
 10
279.634
 20
295.151
 10
278.076
 20
294.501
 10
276.49
 20
293.983
 10
274.874
 20
293.668
 10
273.236
 20
293.59
 10
271.588
 20
293.737
 10
269.94
 20
294.054
 10
268.304
 20
294.456
 10
266.681
 20
294.845
 10
265.071
 20
295.133
 10
263.464
 20
295.262
 10
261.853
 20
295.216
 10
260.229
 20
295.022
 10
258.588
 20
294.75
 10
258.59
 20
294.769
 10
260.234
 20
295.105
 10
261.859
 20
295.36
 10
263.47
 20
295.462
 10
265.074
 20
295.382
 10
266.68
 20
295.134
 10
268.297
 20
294.775
 10
269.928
 20
294.391
 10
271.569
 20
294.08
 10
273.213
 20
293.927
 10
274.847
 20
293.986
 10
276.46
 20
294.27
 10
278.047
 20
294.748
 10
279.607
 20
295.348
 10
281.149
 20
295.98
 10
282.689
 20
296.551
 10
284.245
 20
296.986
 97
0
 75
0
 76
1
 98
0
  0
HATCH
  5
14F
330
17
100
AcDbEntity
  8
RASTER
 62
7
100
AcDbHatch
 10
0.0
 20
0.0
 30
0.0
210
0.0
220
0.0
230
1.0
  2
SOLID
 70
1
 71
0
 91
1
 92
3
 72
0
 73
1
 93
16
 10
369.237
 20
380.5
 10
369.156
 20
379.223
 10
368.926
 20
377.635
 10
368.566
 20
376.069
 10
368.092
 20
374.526
 10
367.537
 20
373.006
 10
366.942
 20
371.501
 10
366.352
 20
370.005
 10
366.333
 20
370.009
 10
366.829
 20
371.526
 10
367.332
 20
373.046
 10
367.803
 20
374.579
 10
368.202
 20
376.129
 10
368.501
 20
377.699
 10
368.685
 20
379.286
 10
368.741
 20
380.5
 97
0
 75
0
 76
1
 98
0
  0
HATCH
  5
150
330
17
100
AcDbEntity
  8
RASTER
 62
7
100
AcDbHatch
 10
0.0
 20
0.0
 30
0.0
210
0.0
220
0.0
230
1.0
  2
SOLID
 70
1
 71
0
 91
1
 92
3
 72
0
 73
1
 93
34
 10
361.559
 20
359.969
 10
360.604
 20
358.615
 10
359.705
 20
357.253
 10
358.926
 20
355.856
 10
358.305
 20
354.399
 10
357.847
 20
352.871
 10
357.519
 20
351.277
 10
357.265
 20
349.634
 10
357.009
 20
347.976
 10
356.672
 20
346.342
 10
356.185
 20
344.772
 10
355.503
 20
343.299
 10
354.612
 20
341.942
 10
353.531
 20
340.703
 10
352.307
 20
339.563
 10
351.01
 20
338.488
 10
349.714
 20
337.43
 10
349.698
 20
337.441
 10
350.933
 20
338.537
 10
352.171
 20
339.648
 10
353.339
 20
340.818
 10
354.37
 20
342.082
 10
355.219
 20
343.457
 10
355.869
 20
344.942
 10
356.335
 20
346.516
 10
356.663
 20
348.148
 10
356.923
 20
349.798
 10
357.193
 20
351.426
 10
357.549
 20
353.001
 10
358.048
 20
354.507
 10
358.718
 20
355.939
 10
359.555
 20
357.31
 10
360.518
 20
358.646
 10
361.541
 20
359.976
 97
0
 75
0
 76
1
 98
0
  0
HATCH
  5
151
330
17
100
AcDbEntity
  8
RASTER
 62
7
100
AcDbHatch
 10
0.0
 20
0.0
 30
0.0
210
0.0
220
0.0
230
1.0
  2
SOLID
 70
1
 71
0
 91
1
 92
3
 72
0
 73
1
 93
14
 10
347.016
 20
325.13
 10
346.267
 20
323.68
 10
345.384
 20
322.335
 10
344.345
 20
321.123
 10
343.149
 20
320.058
 10
341.816
 20
319.133
 10
340.383
 20
318.321
 10
340.369
 20
318.335
 10
341.643
 20
319.301
 10
342.857
 20
320.335
 10
344.005
 20
321.436
 10
345.084
 20
322.603
 10
346.085
 20
323.838
 10
347.001
 20
325.143
 97
0
 75
0
 76
1
 98
0
  0
HATCH
  5
152
330
17
100
AcDbEntity
  8
RASTER
 62
7
100
AcDbHatch
 10
0.0
 20
0.0
 30
0.0
210
0.0
220
0.0
230
1.0
  2
SOLID
 70
1
 71
0
 91
1
 92
3
 72
0
 73
1
 93
28
 10
327.56
 20
309.316
 10
326.545
 20
308.052
 10
325.408
 20
306.941
 10
324.13
 20
306.028
 10
322.718
 20
305.32
 10
321.203
 20
304.786
 10
319.634
 20
304.364
 10
318.063
 20
303.97
 10
316.539
 20
303.521
 10
315.094
 20
302.949
 10
313.739
 20
302.217
 10
312.463
 20
301.327
 10
311.236
 20
300.32
 10
310.018
 20
299.267
 10
310.01
 20
299.285
 10
311.184
 20
300.427
 10
312.367
 20
301.517
 10
313.602
 20
302.479
 10
314.921
 20
303.268
 10
316.339
 20
303.878
 10
317.846
 20
304.344
 10
319.41
 20
304.735
 10
320.987
 20
305.134
 10
322.522
 20
305.625
 10
323.966
 20
306.275
 10
325.287
 20
307.117
 10
326.476
 20
308.149
 10
327.549
 20
309.332
 97
0
 75
0
 76
1
 98
0
  0
HATCH
  5
153
330
17
100
AcDbEntity
  8
RASTER
 62
7
100
AcDbHatch
 10
0.0
 20
0.0
 30
0.0
210
0.0
220
0.0
230
1.0
  2
SOLID
 70
1
 71
0
 91
1
 92
3
 72
0
 73
1
 93
30
 10
303.084
 20
291.245
 10
301.462
 20
290.748
 10
299.809
 20
290.351
 10
298.134
 20
290.042
 10
296.443
 20
289.806
 10
294.746
 20
289.624
 10
293.049
 20
289.474
 10
291.358
 20
289.336
 10
289.679
 20
289.187
 10
288.012
 20
289.011
 10
286.359
 20
288.793
 10
284.717
 20
288.525
 10
283.085
 20
288.205
 10
281.458
 20
287.837
 10
279.832
 20
287.43
 10
279.829
 20
287.449
 10
281.442
 20
287.948
 10
283.054
 20
288.402
 10
284.669
 20
288.798
 10
286.294
 20
289.129
 10
287.932
 20
289.394
 10
289.586
 20
289.599
 10
291.257
 20
289.756
 10
292.943
 20
289.883
 10
294.642
 20
290.001
 10
296.347
 20
290.134
 10
298.052
 20
290.306
 10
299.747
 20
290.54
 10
301.426
 20
290.854
 10
303.077
 20
291.264
 97
0
 75
0
 76
1
 98
0
  0
HATCH
  5
154
330
17
100
AcDbEntity
  8
RASTER
 62
7
100
AcDbHatch
 10
0.0
 20
0.0
 30
0.0
210
0.0
220
0.0
230
1.0
  2
SOLID
 70
1
 71
0
 91
1
 92
3
 72
0
 73
1
 93
20
 10
267.605
 20
291.818
 10
266.009
 20
291.532
 10
264.405
 20
291.281
 10
262.794
 20
291.098
 10
261.18
 20
291.011
 10
259.568
 20
291.039
 10
257.964
 20
291.189
 10
256.372
 20
291.455
 10
254.794
 20
291.819
 10
253.76
 20
292.108
 10
253.76
 20
292.5
 10
254.841
 20
292.231
 10
256.415
 20
291.892
 10
258.0
 20
291.627
 10
259.595
 20
291.453
 10
261.198
 20
291.378
 10
262.804
 20
291.398
 10
264.409
 20
291.497
 10
266.01
 20
291.653
 10
267.605
 20
291.838
 97
0
 75
0
 76
1
 98
0
  0
HATCH
  5
155
330
17
100
AcDbEntity
  8
RASTER
 62
7
100
AcDbHatch
 10
0.0
 20
0.0
 30
0.0
210
0.0
220
0.0
230
1.0
  2
SOLID
 70
1
 71
0
 91
1
 92
3
 72
0
 73
1
 93
28
 10
377.03
 20
380.409
 10
377.052
 20
378.741
 10
376.984
 20
377.078
 10
376.816
 20
375.426
 10
376.542
 20
373.79
 10
376.163
 20
372.174
 10
375.688
 20
370.579
 10
375.13
 20
369.007
 10
374.504
 20
367.458
 10
373.833
 20
365.927
 10
373.138
 20
364.412
 10
372.441
 20
362.905
 10
371.761
 20
361.402
 10
371.115
 20
359.894
 10
371.096
 20
359.9
 10
371.659
 20
361.432
 10
372.26
 20
362.956
 10
372.888
 20
364.479
 10
373.525
 20
366.005
 10
374.156
 20
367.54
 10
374.759
 20
369.089
 10
375.317
 20
370.655
 10
375.812
 20
372.24
 10
376.229
 20
373.845
 10
376.559
 20
375.467
 10
376.798
 20
377.105
 10
376.946
 20
378.754
 10
377.01
 20
380.411
 97
0
 75
0
 76
1
 98
0
  0
HATCH
  5
156
330
17
100
AcDbEntity
  8
RASTER
 62
7
100
AcDbHatch
 10
0.0
 20
0.0
 30
0.0
210
0.0
220
0.0
230
1.0
  2
SOLID
 70
1
 71
0
 91
1
 92
3
 72
0
 73
1
 93
26
 10
368.092
 20
351.924
 10
367.707
 20
350.308
 10
367.239
 20
348.719
 10
366.68
 20
347.166
 10
366.023
 20
345.654
 10
365.268
 20
344.189
 10
364.418
 20
342.773
 10
363.482
 20
341.407
 10
362.472
 20
340.088
 10
361.403
 20
338.811
 10
360.292
 20
337.568
 10
359.159
 20
336.351
 10
358.021
 20
335.149
 10
358.004
 20
335.16
 10
359.042
 20
336.423
 10
360.081
 20
337.693
 10
361.108
 20
338.979
 10
362.112
 20
340.286
 10
363.079
 20
341.621
 10
363.998
 20
342.988
 10
364.858
 20
344.391
 10
365.651
 20
345.83
 10
366.371
 20
347.307
 10
367.014
 20
348.818
 10
367.581
 20
350.361
 10
368.074
 20
351.931
 97
0
 75
0
 76
1
 98
0
  0
HATCH
  5
157
330
17
100
AcDbEntity
  8
RASTER
 62
7
100
AcDbHatch
 10
0.0
 20
0.0
 30
0.0
210
0.0
220
0.0
230
1.0
  2
SOLID
 70
1
 71
0
 91
1
 92
3
 72
0
 73
1
 93
18
 10
351.962
 20
324.713
 10
351.167
 20
323.384
 10
350.371
 20
322.047
 10
349.557
 20
320.716
 10
348.708
 20
319.407
 10
347.81
 20
318.134
 10
346.855
 20
316.907
 10
345.84
 20
315.733
 10
344.766
 20
314.613
 10
344.752
 20
314.628
 10
345.702
 20
315.867
 10
346.609
 20
317.139
 10
347.489
 20
318.429
 10
348.357
 20
319.72
 10
349.228
 20
321.002
 10
350.113
 20
322.265
 10
351.018
 20
323.506
 10
351.947
 20
324.725
 97
0
 75
0
 76
1
 98
0
  0
HATCH
  5
158
330
17
100
AcDbEntity
  8
RASTER
 62
7
100
AcDbHatch
 10
0.0
 20
0.0
 30
0.0
210
0.0
220
0.0
230
1.0
  2
SOLID
 70
1
 71
0
 91
1
 92
3
 72
0
 73
1
 93
32
 10
337.101
 20
307.624
 10
336.011
 20
306.517
 10
334.859
 20
305.481
 10
333.644
 20
304.522
 10
332.37
 20
303.643
 10
331.042
 20
302.842
 10
329.667
 20
302.114
 10
328.254
 20
301.451
 10
326.815
 20
300.84
 10
325.36
 20
300.268
 10
323.901
 20
299.719
 10
322.447
 20
299.177
 10
321.008
 20
298.628
 10
319.588
 20
298.055
 10
318.193
 20
297.449
 10
316.825
 20
296.801
 10
316.816
 20
296.819
 10
318.151
 20
297.528
 10
319.512
 20
298.191
 10
320.899
 20
298.815
 10
322.31
 20
299.407
 10
323.739
 20
299.982
 10
325.179
 20
300.552
 10
326.622
 20
301.134
 10
328.057
 20
301.742
 10
329.474
 20
302.391
 10
330.862
 20
303.093
 10
332.211
 20
303.858
 10
333.513
 20
304.694
 10
334.763
 20
305.604
 10
335.954
 20
306.587
 10
337.088
 20
307.639
 97
0
 75
0
 76
1
 98
0
  0
HATCH
  5
159
330
17
100
AcDbEntity
  8
RASTER
 62
7
100
AcDbHatch
 10
0.0
 20
0.0
 30
0.0
210
0.0
220
0.0
230
1.0
  2
SOLID
 70
1
 71
0
 91
1
 92
3
 72
0
 73
1
 93
30
 10
300.973
 20
289.484
 10
299.491
 20
288.836
 10
298.007
 20
288.178
 10
296.515
 20
287.526
 10
295.01
 20
286.899
 10
293.487
 20
286.317
 10
291.943
 20
285.796
 10
290.379
 20
285.351
 10
288.793
 20
284.99
 10
287.191
 20
284.715
 10
285.574
 20
284.524
 10
283.948
 20
284.406
 10
282.318
 20
284.347
 10
280.688
 20
284.329
 10
279.061
 20
284.333
 10
279.059
 20
284.353
 10
280.676
 20
284.418
 10
282.296
 20
284.501
 10
283.914
 20
284.618
 10
285.528
 20
284.784
 10
287.133
 20
285.012
 10
288.727
 20
285.308
 10
290.306
 20
285.676
 10
291.868
 20
286.113
 10
293.412
 20
286.61
 10
294.941
 20
287.155
 10
296.456
 20
287.733
 10
297.962
 20
288.327
 10
299.464
 20
288.921
 10
300.967
 20
289.503
 97
0
 75
0
 76
1
 98
0
  0
HATCH
  5
15A
330
17
100
AcDbEntity
  8
RASTER
 62
7
100
AcDbHatch
 10
0.0
 20
0.0
 30
0.0
210
0.0
220
0.0
230
1.0
  2
SOLID
 70
1
 71
0
 91
1
 92
3
 72
0
 73
1
 93
14
 10
271.822
 20
282.049
 10
270.439
 20
281.344
 10
269.036
 20
280.78
 10
267.616
 20
280.448
 10
266.189
 20
280.398
 10
264.764
 20
280.634
 10
263.351
 20
281.111
 10
263.352
 20
281.131
 10
264.768
 20
280.899
 10
266.189
 20
280.842
 10
267.61
 20
280.957
 10
269.025
 20
281.223
 10
270.429
 20
281.608
 10
271.821
 20
282.069
 97
0
 75
0
 76
1
 98
0
  0
HATCH
  5
15B
330
17
100
AcDbEntity
  8
RASTER
 62
7
100
AcDbHatch
 10
0.0
 20
0.0
 30
0.0
210
0.0
220
0.0
230
1.0
  2
SOLID
 70
1
 71
0
 91
1
 92
3
 72
0
 73
1
 93
14
 10
386.912
 20
372.116
 10
386.845
 20
370.715
 10
386.616
 20
369.341
 10
386.213
 20
368.002
 10
385.648
 20
366.702
 10
384.96
 20
365.437
 10
384.212
 20
364.195
 10
384.192
 20
364.2
 10
384.728
 20
365.491
 10
385.259
 20
366.788
 10
385.766
 20
368.096
 10
386.226
 20
369.418
 10
386.611
 20
370.758
 10
386.892
 20
372.12
 97
0
 75
0
 76
1
 98
0
  0
HATCH
  5
15C
330
17
100
AcDbEntity
  8
RASTER
 62
7
100
AcDbHatch
 10
0.0
 20
0.0
 30
0.0
210
0.0
220
0.0
230
1.0
  2
SOLID
 70
1
 71
0
 91
1
 92
3
 72
0
 73
1
 93
32
 10
375.66
 20
352.664
 10
375.322
 20
351.085
 10
374.955
 20
349.51
 10
374.543
 20
347.947
 10
374.072
 20
346.403
 10
373.53
 20
344.885
 10
372.912
 20
343.399
 10
372.215
 20
341.949
 10
371.441
 20
340.537
 10
370.597
 20
339.164
 10
369.693
 20
337.825
 10
368.744
 20
336.518
 10
367.763
 20
335.234
 10
366.768
 20
333.965
 10
365.773
 20
332.704
 10
364.791
 20
331.441
 10
364.774
 20
331.452
 10
365.671
 20
332.766
 10
366.583
 20
334.074
 10
367.501
 20
335.383
 10
368.414
 20
336.699
 10
369.309
 20
338.03
 10
370.173
 20
339.382
 10
370.996
 20
340.759
 10
371.767
 20
342.165
 10
372.48
 20
343.6
 10
373.133
 20
345.063
 10
373.726
 20
346.553
 10
374.264
 20
348.063
 10
374.755
 20
349.59
 10
375.21
 20
351.128
 10
375.641
 20
352.671
 97
0
 75
0
 76
1
 98
0
  0
HATCH
  5
15D
330
17
100
AcDbEntity
  8
RASTER
 62
7
100
AcDbHatch
 10
0.0
 20
0.0
 30
0.0
210
0.0
220
0.0
230
1.0
  2
SOLID
 70
1
 71
0
 91
1
 92
3
 72
0
 73
1
 93
28
 10
358.363
 20
315.309
 10
357.272
 20
314.063
 10
356.08
 20
312.908
 10
354.811
 20
311.828
 10
353.502
 20
310.794
 10
352.188
 20
309.773
 10
350.904
 20
308.731
 10
349.673
 20
307.643
 10
348.503
 20
306.493
 10
347.39
 20
305.281
 10
346.312
 20
304.024
 10
345.241
 20
302.75
 10
344.144
 20
301.496
 10
342.991
 20
300.3
 10
342.978
 20
300.315
 10
344.061
 20
301.594
 10
345.09
 20
302.923
 10
346.098
 20
304.261
 10
347.124
 20
305.568
 10
348.199
 20
306.813
 10
349.346
 20
307.977
 10
350.573
 20
309.061
 10
351.871
 20
310.08
 10
353.217
 20
311.062
 10
354.576
 20
312.043
 10
355.909
 20
313.061
 10
357.176
 20
314.147
 10
358.348
 20
315.322
 97
0
 75
0
 76
1
 98
0
  0
HATCH
  5
15E
330
17
100
AcDbEntity
  8
RASTER
 62
7
100
AcDbHatch
 10
0.0
 20
0.0
 30
0.0
210
0.0
220
0.0
230
1.0
  2
SOLID
 70
1
 71
0
 91
1
 92
3
 72
0
 73
1
 93
32
 10
334.802
 20
297.159
 10
333.531
 20
296.123
 10
332.168
 20
295.217
 10
330.721
 20
294.441
 10
329.207
 20
293.777
 10
327.65
 20
293.196
 10
326.075
 20
292.662
 10
324.509
 20
292.133
 10
322.973
 20
291.569
 10
321.482
 20
290.937
 10
320.041
 20
290.217
 10
318.649
 20
289.403
 10
317.295
 20
288.504
 10
315.963
 20
287.546
 10
314.633
 20
286.563
 10
313.284
 20
285.598
 10
313.276
 20
285.616
 10
314.595
 20
286.646
 10
315.895
 20
287.691
 10
317.197
 20
288.705
 10
318.524
 20
289.65
 10
319.893
 20
290.499
 10
321.316
 20
291.243
 10
322.796
 20
291.886
 10
324.328
 20
292.448
 10
325.897
 20
292.961
 10
327.483
 20
293.468
 10
329.059
 20
294.01
 10
330.599
 20
294.627
 10
332.079
 20
295.35
 10
333.479
 20
296.198
 10
334.791
 20
297.175
 97
0
 75
0
 76
1
 98
0
  0
HATCH
  5
15F
330
17
100
AcDbEntity
  8
RASTER
 62
7
100
AcDbHatch
 10
0.0
 20
0.0
 30
0.0
210
0.0
220
0.0
230
1.0
  2
SOLID
 70
1
 71
0
 91
1
 92
3
 72
0
 73
1
 93
18
 10
307.026
 20
281.266
 10
305.459
 20
280.768
 10
303.881
 20
280.307
 10
302.294
 20
279.884
 10
300.696
 20
279.5
 10
299.092
 20
279.15
 10
297.483
 20
278.828
 10
295.872
 20
278.525
 10
294.263
 20
278.229
 10
294.258
 20
278.248
 10
295.835
 20
278.669
 10
297.414
 20
279.078
 10
299.0
 20
279.469
 10
300.592
 20
279.842
 10
302.193
 20
280.2
 10
303.8
 20
280.552
 10
305.41
 20
280.909
 10
307.019
 20
281.284
 97
0
 75
0
 76
1
 98
0
  0
HATCH
  5
160
330
17
100
AcDbEntity
  8
RASTER
 62
7
100
AcDbHatch
 10
0.0
 20
0.0
 30
0.0
210
0.0
220
0.0
230
1.0
  2
SOLID
 70
1
 71
0
 91
1
 92
3
 72
0
 73
1
 93
14
 10
284.614
 20
272.452
 10
283.271
 20
272.257
 10
281.916
 20
272.157
 10
280.55
 20
272.166
 10
279.176
 20
272.281
 10
277.8
 20
272.482
 10
276.427
 20
272.732
 10
276.425
 20
272.752
 10
277.776
 20
272.732
 10
279.131
 20
272.698
 10
280.493
 20
272.643
 10
281.862
 20
272.572
 10
283.236
 20
272.504
 10
284.611
 20
272.472
 97
0
 75
0
 76
1
 98
0
  0
HATCH
  5
161
330
17
100
AcDbEntity
  8
RASTER
 62
7
100
AcDbHatch
 10
0.0
 20
0.0
 30
0.0
210
0.0
220
0.0
230
1.0
  2
SOLID
 70
1
 71
0
 91
1
 92
3
 72
0
 73
1
 93
9
 10
258.351
 20
275.43
 10
256.821
 20
275.559
 10
255.29
 20
275.672
 10
253.76
 20
275.77
 10
253.76
 20
276.043
 10
253.785
 20
276.04
 10
255.308
 20
275.867
 10
256.83
 20
275.669
 10
258.353
 20
275.45
 97
0
 75
0
 76
1
 98
0
  0
HATCH
  5
162
330
17
100
AcDbEntity
  8
RASTER
 62
7
100
AcDbHatch
 10
0.0
 20
0.0
 30
0.0
210
0.0
220
0.0
230
1.0
  2
SOLID
 70
1
 71
0
 91
1
 92
3
 72
0
 73
1
 93
26
 10
388.757
 20
379.292
 10
388.959
 20
377.649
 10
389.12
 20
376.001
 10
389.2
 20
374.356
 10
389.171
 20
372.719
 10
389.009
 20
371.101
 10
388.706
 20
369.506
 10
388.262
 20
367.94
 10
387.692
 20
366.404
 10
387.02
 20
364.899
 10
386.279
 20
363.418
 10
385.506
 20
361.956
 10
384.739
 20
360.503
 10
384.72
 20
360.508
 10
385.395
 20
361.985
 10
386.081
 20
363.467
 10
386.747
 20
364.962
 10
387.36
 20
366.477
 10
387.893
 20
368.015
 10
388.324
 20
369.579
 10
388.639
 20
371.167
 10
388.836
 20
372.775
 10
388.923
 20
374.398
 10
388.917
 20
376.029
 10
388.845
 20
377.663
 10
388.737
 20
379.294
 97
0
 75
0
 76
1
 98
0
  0
HATCH
  5
163
330
17
100
AcDbEntity
  8
RASTER
 62
7
100
AcDbHatch
 10
0.0
 20
0.0
 30
0.0
210
0.0
220
0.0
230
1.0
  2
SOLID
 70
1
 71
0
 91
1
 92
3
 72
0
 73
1
 93
34
 10
386.947
 20
349.0
 10
386.112
 20
347.56
 10
385.321
 20
346.109
 10
384.593
 20
344.639
 10
383.939
 20
343.14
 10
383.362
 20
341.609
 10
382.855
 20
340.043
 10
382.402
 20
338.446
 10
381.983
 20
336.825
 10
381.571
 20
335.191
 10
381.138
 20
333.558
 10
380.653
 20
331.942
 10
380.093
 20
330.357
 10
379.435
 20
328.82
 10
378.668
 20
327.341
 10
377.786
 20
325.929
 10
376.792
 20
324.587
 10
376.775
 20
324.597
 10
377.698
 20
325.981
 10
378.512
 20
327.432
 10
379.215
 20
328.945
 10
379.815
 20
330.51
 10
380.328
 20
332.116
 10
380.775
 20
333.746
 10
381.185
 20
335.385
 10
381.588
 20
337.017
 10
382.011
 20
338.63
 10
382.483
 20
340.212
 10
383.024
 20
341.757
 10
383.648
 20
343.264
 10
384.359
 20
344.735
 10
385.153
 20
346.175
 10
386.017
 20
347.596
 10
386.928
 20
349.007
 97
0
 75
0
 76
1
 98
0
  0
HATCH
  5
164
330
17
100
AcDbEntity
  8
RASTER
 62
7
100
AcDbHatch
 10
0.0
 20
0.0
 30
0.0
210
0.0
220
0.0
230
1.0
  2
SOLID
 70
1
 71
0
 91
1
 92
3
 72
0
 73
1
 93
16
 10
369.624
 20
318.669
 10
368.925
 20
317.173
 10
368.199
 20
315.688
 10
367.424
 20
314.23
 10
366.583
 20
312.815
 10
365.67
 20
311.453
 10
364.684
 20
310.146
 10
363.633
 20
308.892
 10
363.618
 20
308.905
 10
364.504
 20
310.297
 10
365.356
 20
311.71
 10
366.192
 20
313.128
 10
367.028
 20
314.538
 10
367.876
 20
315.933
 10
368.737
 20
317.313
 10
369.608
 20
318.681
 97
0
 75
0
 76
1
 98
0
  0
HATCH
  5
165
330
17
100
AcDbEntity
  8
RASTER
 62
7
100
AcDbHatch
 10
0.0
 20
0.0
 30
0.0
210
0.0
220
0.0
230
1.0
  2
SOLID
 70
1
 71
0
 91
1
 92
3
 72
0
 73
1
 93
14
 10
351.119
 20
296.638
 10
349.951
 20
295.389
 10
348.675
 20
294.261
 10
347.286
 20
293.271
 10
345.796
 20
292.413
 10
344.232
 20
291.662
 10
342.632
 20
290.975
 10
342.62
 20
290.991
 10
344.1
 20
291.834
 10
345.572
 20
292.697
 10
347.025
 20
293.593
 10
348.443
 20
294.539
 10
349.81
 20
295.554
 10
351.106
 20
296.653
 97
0
 75
0
 76
1
 98
0
  0
HATCH
  5
166
330
17
100
AcDbEntity
  8
RASTER
 62
7
100
AcDbHatch
 10
0.0
 20
0.0
 30
0.0
210
0.0
220
0.0
230
1.0
  2
SOLID
 70
1
 71
0
 91
1
 92
3
 72
0
 73
1
 93
18
 10
329.701
 20
280.941
 10
328.105
 20
280.379
 10
326.506
 20
279.841
 10
324.91
 20
279.31
 10
323.328
 20
278.768
 10
321.765
 20
278.199
 10
320.227
 20
277.587
 10
318.716
 20
276.921
 10
317.233
 20
276.193
 10
317.225
 20
276.211
 10
318.643
 20
277.083
 10
320.095
 20
277.869
 10
321.591
 20
278.559
 10
323.135
 20
279.154
 10
324.727
 20
279.665
 10
326.36
 20
280.116
 10
328.02
 20
280.535
 10
329.691
 20
280.958
 97
0
 75
0
 76
1
 98
0
  0
HATCH
  5
167
330
17
100
AcDbEntity
  8
RASTER
 62
7
100
AcDbHatch
 10
0.0
 20
0.0
 30
0.0
210
0.0
220
0.0
230
1.0
  2
SOLID
 70
1
 71
0
 91
1
 92
3
 72
0
 73
1
 93
18
 10
312.042
 20
274.524
 10
310.588
 20
274.014
 10
309.083
 20
273.649
 10
307.541
 20
273.402
 10
305.981
 20
273.23
 10
304.422
 20
273.082
 10
302.881
 20
272.902
 10
301.369
 20
272.646
 10
299.891
 20
272.284
 10
299.886
 20
272.304
 10
301.31
 20
272.848
 10
302.773
 20
273.257
 10
304.277
 20
273.538
 10
305.818
 20
273.721
 10
307.385
 20
273.854
 10
308.958
 20
273.998
 10
310.515
 20
274.21
 10
312.035
 20
274.542
 97
0
 75
0
 76
1
 98
0
  0
HATCH
  5
168
330
17
100
AcDbEntity
  8
RASTER
 62
7
100
AcDbHatch
 10
0.0
 20
0.0
 30
0.0
210
0.0
220
0.0
230
1.0
  2
SOLID
 70
1
 71
0
 91
1
 92
3
 72
0
 73
1
 93
14
 10
283.511
 20
268.395
 10
282.147
 20
268.18
 10
280.772
 20
268.062
 10
279.387
 20
268.046
 10
277.996
 20
268.121
 10
276.604
 20
268.26
 10
275.216
 20
268.422
 10
275.215
 20
268.441
 10
276.587
 20
268.462
 10
277.964
 20
268.457
 10
279.346
 20
268.43
 10
280.733
 20
268.397
 10
282.122
 20
268.382
 10
283.508
 20
268.415
 97
0
 75
0
 76
1
 98
0
  0
HATCH
  5
169
330
17
100
AcDbEntity
  8
RASTER
 62
7
100
AcDbHatch
 10
0.0
 20
0.0
 30
0.0
210
0.0
220
0.0
230
1.0
  2
SOLID
 70
1
 71
0
 91
1
 92
3
 72
0
 73
1
 93
10
 10
259.405
 20
264.631
 10
257.827
 20
264.728
 10
256.242
 20
264.743
 10
254.648
 20
264.688
 10
253.76
 20
264.631
 10
253.76
 20
264.962
 10
254.676
 20
265.0
 10
256.26
 20
264.98
 10
257.836
 20
264.863
 10
259.407
 20
264.651
 97
0
 75
0
 76
1
 98
0
  0
HATCH
  5
16A
330
17
100
AcDbEntity
  8
RASTER
 62
7
100
AcDbHatch
 10
0.0
 20
0.0
 30
0.0
210
0.0
220
0.0
230
1.0
  2
SOLID
 70
1
 71
0
 91
1
 92
3
 72
0
 73
1
 93
20
 10
397.922
 20
369.92
 10
397.673
 20
368.328
 10
397.568
 20
366.705
 10
397.581
 20
365.051
 10
397.668
 20
363.373
 10
397.772
 20
361.679
 10
397.833
 20
359.983
 10
397.793
 20
358.303
 10
397.604
 20
356.653
 10
397.238
 20
355.049
 10
397.219
 20
355.054
 10
397.423
 20
356.703
 10
397.467
 20
358.388
 10
397.4
 20
360.092
 10
397.281
 20
361.796
 10
397.175
 20
363.484
 10
397.144
 20
365.144
 10
397.238
 20
366.771
 10
397.487
 20
368.362
 10
397.902
 20
369.924
 97
0
 75
0
 76
1
 98
0
  0
HATCH
  5
16B
330
17
100
AcDbEntity
  8
RASTER
 62
7
100
AcDbHatch
 10
0.0
 20
0.0
 30
0.0
210
0.0
220
0.0
230
1.0
  2
SOLID
 70
1
 71
0
 91
1
 92
3
 72
0
 73
1
 93
26
 10
391.979
 20
350.249
 10
391.399
 20
348.801
 10
390.743
 20
347.383
 10
390.023
 20
345.993
 10
389.254
 20
344.627
 10
388.455
 20
343.278
 10
387.644
 20
341.94
 10
386.84
 20
340.605
 10
386.058
 20
339.265
 10
385.311
 20
337.913
 10
384.607
 20
336.544
 10
383.948
 20
335.154
 10
383.333
 20
333.741
 10
383.315
 20
333.75
 10
383.853
 20
335.2
 10
384.439
 20
336.624
 10
385.08
 20
338.02
 10
385.778
 20
339.391
 10
386.527
 20
340.74
 10
387.32
 20
342.076
 10
388.14
 20
343.406
 10
388.968
 20
344.739
 10
389.785
 20
346.083
 10
390.569
 20
347.447
 10
391.3
 20
348.836
 10
391.96
 20
350.255
 97
0
 75
0
 76
1
 98
0
  0
HATCH
  5
16C
330
17
100
AcDbEntity
  8
RASTER
 62
7
100
AcDbHatch
 10
0.0
 20
0.0
 30
0.0
210
0.0
220
0.0
230
1.0
  2
SOLID
 70
1
 71
0
 91
1
 92
3
 72
0
 73
1
 93
34
 10
379.223
 20
320.073
 10
378.457
 20
318.651
 10
377.714
 20
317.209
 10
376.979
 20
315.755
 10
376.234
 20
314.302
 10
375.462
 20
312.863
 10
374.644
 20
311.45
 10
373.767
 20
310.077
 10
372.822
 20
308.753
 10
371.805
 20
307.486
 10
370.717
 20
306.277
 10
369.566
 20
305.124
 10
368.363
 20
304.02
 10
367.125
 20
302.953
 10
365.867
 20
301.911
 10
364.608
 20
300.878
 10
363.361
 20
299.84
 10
363.347
 20
299.854
 10
364.54
 20
300.942
 10
365.747
 20
302.021
 10
366.955
 20
303.105
 10
368.149
 20
304.207
 10
369.313
 20
305.339
 10
370.435
 20
306.511
 10
371.504
 20
307.73
 10
372.512
 20
308.998
 10
373.46
 20
310.313
 10
374.351
 20
311.67
 10
375.194
 20
313.059
 10
376.003
 20
314.468
 10
376.792
 20
315.886
 10
377.579
 20
317.3
 10
378.379
 20
318.702
 10
379.206
 20
320.084
 97
0
 75
0
 76
1
 98
0
  0
HATCH
  5
16D
330
17
100
AcDbEntity
  8
RASTER
 62
7
100
AcDbHatch
 10
0.0
 20
0.0
 30
0.0
210
0.0
220
0.0
230
1.0
  2
SOLID
 70
1
 71
0
 91
1
 92
3
 72
0
 73
1
 93
20
 10
347.607
 20
290.718
 10
346.716
 20
289.357
 10
345.866
 20
287.922
 10
344.992
 20
286.494
 10
344.032
 20
285.16
 10
342.939
 20
283.993
 10
341.688
 20
283.044
 10
340.28
 20
282.327
 10
338.738
 20
281.822
 10
337.109
 20
281.474
 10
337.098
 20
281.491
 10
338.644
 20
281.966
 10
340.109
 20
282.582
 10
341.459
 20
283.378
 10
342.675
 20
284.368
 10
343.764
 20
285.532
 10
344.75
 20
286.82
 10
345.681
 20
288.166
 10
346.61
 20
289.493
 10
347.594
 20
290.733
 97
0
 75
0
 76
1
 98
0
  0
HATCH
  5
16E
330
17
100
AcDbEntity
  8
RASTER
 62
7
100
AcDbHatch
 10
0.0
 20
0.0
 30
0.0
210
0.0
220
0.0
230
1.0
  2
SOLID
 70
1
 71
0
 91
1
 92
3
 72
0
 73
1
 93
36
 10
325.922
 20
273.289
 10
324.589
 20
272.4
 10
323.256
 20
271.498
 10
321.918
 20
270.594
 10
320.568
 20
269.7
 10
319.201
 20
268.828
 10
317.813
 20
267.992
 10
316.4
 20
267.204
 10
314.96
 20
266.473
 10
313.49
 20
265.808
 10
311.992
 20
265.216
 10
310.467
 20
264.699
 10
308.917
 20
264.258
 10
307.345
 20
263.889
 10
305.756
 20
263.588
 10
304.154
 20
263.345
 10
302.544
 20
263.15
 10
300.931
 20
262.991
 10
300.926
 20
263.01
 10
302.515
 20
263.255
 10
304.099
 20
263.532
 10
305.676
 20
263.85
 10
307.24
 20
264.218
 10
308.789
 20
264.642
 10
310.32
 20
265.126
 10
311.829
 20
265.671
 10
313.316
 20
266.277
 10
314.78
 20
266.939
 10
316.221
 20
267.653
 10
317.641
 20
268.41
 10
319.043
 20
269.201
 10
320.429
 20
270.015
 10
321.804
 20
270.843
 10
323.174
 20
271.674
 10
324.542
 20
272.498
 10
325.913
 20
273.307
 97
0
 75
0
 76
1
 98
0
  0
HATCH
  5
16F
330
17
100
AcDbEntity
  8
RASTER
 62
7
100
AcDbHatch
 10
0.0
 20
0.0
 30
0.0
210
0.0
220
0.0
230
1.0
  2
SOLID
 70
1
 71
0
 91
1
 92
3
 72
0
 73
1
 93
32
 10
289.955
 20
263.166
 10
288.292
 20
263.288
 10
286.635
 20
263.431
 10
284.993
 20
263.537
 10
283.371
 20
263.556
 10
281.769
 20
263.453
 10
280.184
 20
263.213
 10
278.611
 20
262.84
 10
277.04
 20
262.363
 10
275.465
 20
261.825
 10
273.88
 20
261.283
 10
272.281
 20
260.796
 10
270.668
 20
260.421
 10
269.044
 20
260.203
 10
267.414
 20
260.167
 10
265.784
 20
260.319
 10
265.785
 20
260.339
 10
267.413
 20
260.269
 10
269.04
 20
260.383
 10
270.66
 20
260.672
 10
272.267
 20
261.108
 10
273.859
 20
261.643
 10
275.437
 20
262.218
 10
277.006
 20
262.773
 10
278.572
 20
263.25
 10
280.142
 20
263.605
 10
281.726
 20
263.811
 10
283.33
 20
263.866
 10
284.957
 20
263.786
 10
286.607
 20
263.609
 10
288.275
 20
263.389
 10
289.952
 20
263.186
 97
0
 75
0
 76
1
 98
0
  0
HATCH
  5
170
330
17
100
AcDbEntity
  8
RASTER
 62
7
100
AcDbHatch
 10
0.0
 20
0.0
 30
0.0
210
0.0
220
0.0
230
1.0
  2
SOLID
 70
1
 71
0
 91
1
 92
3
 72
0
 73
1
 93
12
 10
261.597
 20
263.405
 10
260.0
 20
263.41
 10
258.4
 20
263.386
 10
256.795
 20
263.34
 10
255.185
 20
263.282
 10
253.76
 20
263.23
 10
253.76
 20
263.733
 10
255.225
 20
263.751
 10
256.824
 20
263.733
 10
258.417
 20
263.673
 10
260.008
 20
263.569
 10
261.598
 20
263.425
 97
0
 75
0
 76
1
 98
0
  0
HATCH
  5
171
330
17
100
AcDbEntity
  8
RASTER
 62
7
100
AcDbHatch
 10
0.0
 20
0.0
 30
0.0
210
0.0
220
0.0
230
1.0
  2
SOLID
 70
1
 71
0
 91
1
 92
3
 72
0
 73
1
 93
24
 10
401.772
 20
366.281
 10
401.516
 20
364.73
 10
401.288
 20
363.172
 10
401.08
 20
361.606
 10
400.885
 20
360.034
 10
400.692
 20
358.457
 10
400.492
 20
356.877
 10
400.276
 20
355.296
 10
400.034
 20
353.718
 10
399.757
 20
352.145
 10
399.439
 20
350.581
 10
399.074
 20
349.028
 10
399.055
 20
349.035
 10
399.322
 20
350.618
 10
399.549
 20
352.209
 10
399.749
 20
353.802
 10
399.937
 20
355.392
 10
400.123
 20
356.976
 10
400.322
 20
358.552
 10
400.542
 20
360.118
 10
400.792
 20
361.674
 10
401.076
 20
363.219
 10
401.396
 20
364.755
 10
401.752
 20
366.285
 97
0
 75
0
 76
1
 98
0
  0
HATCH
  5
172
330
17
100
AcDbEntity
  8
RASTER
 62
7
100
AcDbHatch
 10
0.0
 20
0.0
 30
0.0
210
0.0
220
0.0
230
1.0
  2
SOLID
 70
1
 71
0
 91
1
 92
3
 72
0
 73
1
 93
18
 10
397.21
 20
334.675
 10
396.344
 20
333.259
 10
395.464
 20
331.854
 10
394.575
 20
330.459
 10
393.685
 20
329.069
 10
392.8
 20
327.681
 10
391.93
 20
326.289
 10
391.084
 20
324.887
 10
390.271
 20
323.468
 10
390.254
 20
323.478
 10
390.938
 20
324.967
 10
391.673
 20
326.426
 10
392.467
 20
327.853
 10
393.324
 20
329.251
 10
394.238
 20
330.623
 10
395.2
 20
331.979
 10
396.192
 20
333.329
 10
397.192
 20
334.683
 97
0
 75
0
 76
1
 98
0
  0
HATCH
  5
173
330
17
100
AcDbEntity
  8
RASTER
 62
7
100
AcDbHatch
 10
0.0
 20
0.0
 30
0.0
210
0.0
220
0.0
230
1.0
  2
SOLID
 70
1
 71
0
 91
1
 92
3
 72
0
 73
1
 93
28
 10
379.036
 20
311.166
 10
378.28
 20
309.781
 10
377.523
 20
308.389
 10
376.752
 20
307.003
 10
375.951
 20
305.633
 10
375.108
 20
304.291
 10
374.211
 20
302.988
 10
373.253
 20
301.733
 10
372.231
 20
300.531
 10
371.145
 20
299.386
 10
370.0
 20
298.296
 10
368.805
 20
297.257
 10
367.569
 20
296.261
 10
366.307
 20
295.297
 10
366.293
 20
295.311
 10
367.473
 20
296.352
 10
368.63
 20
297.42
 10
369.755
 20
298.52
 10
370.842
 20
299.657
 10
371.885
 20
300.834
 10
372.883
 20
302.049
 10
373.837
 20
303.3
 10
374.751
 20
304.582
 10
375.633
 20
305.887
 10
376.49
 20
307.207
 10
377.333
 20
308.534
 10
378.173
 20
309.86
 10
379.02
 20
311.178
 97
0
 75
0
 76
1
 98
0
  0
HATCH
  5
174
330
17
100
AcDbEntity
  8
RASTER
 62
7
100
AcDbHatch
 10
0.0
 20
0.0
 30
0.0
210
0.0
220
0.0
230
1.0
  2
SOLID
 70
1
 71
0
 91
1
 92
3
 72
0
 73
1
 93
20
 10
359.829
 20
283.74
 10
358.778
 20
282.362
 10
357.688
 20
281.017
 10
356.533
 20
279.741
 10
355.294
 20
278.563
 10
353.961
 20
277.501
 10
352.536
 20
276.562
 10
351.032
 20
275.737
 10
349.467
 20
275.007
 10
347.867
 20
274.339
 10
347.856
 20
274.355
 10
349.394
 20
275.109
 10
350.903
 20
275.915
 10
352.365
 20
276.793
 10
353.765
 20
277.76
 10
355.095
 20
278.819
 10
356.354
 20
279.966
 10
357.55
 20
281.187
 10
358.697
 20
282.458
 10
359.816
 20
283.755
 97
0
 75
0
 76
1
 98
0
  0
HATCH
  5
175
330
17
100
AcDbEntity
  8
RASTER
 62
7
100
AcDbHatch
 10
0.0
 20
0.0
 30
0.0
210
0.0
220
0.0
230
1.0
  2
SOLID
 70
1
 71
0
 91
1
 92
3
 72
0
 73
1
 93
30
 10
343.779
 20
271.73
 10
342.359
 20
270.817
 10
340.913
 20
269.946
 10
339.444
 20
269.114
 10
337.953
 20
268.322
 10
336.443
 20
267.566
 10
334.917
 20
266.843
 10
333.379
 20
266.147
 10
331.832
 20
265.475
 10
330.279
 20
264.82
 10
328.724
 20
264.177
 10
327.167
 20
263.541
 10
325.612
 20
262.907
 10
324.06
 20
262.27
 10
322.511
 20
261.629
 10
322.503
 20
261.647
 10
324.016
 20
262.369
 10
325.533
 20
263.081
 10
327.054
 20
263.783
 10
328.58
 20
264.474
 10
330.111
 20
265.158
 10
331.646
 20
265.837
 10
333.185
 20
266.515
 10
334.723
 20
267.2
 10
336.259
 20
267.895
 10
337.788
 20
268.608
 10
339.308
 20
269.344
 10
340.814
 20
270.11
 10
342.302
 20
270.909
 10
343.769
 20
271.747
 97
0
 75
0
 76
1
 98
0
  0
HATCH
  5
176
330
17
100
AcDbEntity
  8
RASTER
 62
7
100
AcDbHatch
 10
0.0
 20
0.0
 30
0.0
210
0.0
220
0.0
230
1.0
  2
SOLID
 70
1
 71
0
 91
1
 92
3
 72
0
 73
1
 93
30
 10
317.645
 20
262.35
 10
316.244
 20
261.653
 10
314.841
 20
260.953
 10
313.433
 20
260.255
 10
312.018
 20
259.563
 10
310.594
 20
258.884
 10
309.161
 20
258.223
 10
307.716
 20
257.584
 10
306.258
 20
256.973
 10
304.788
 20
256.394
 10
303.304
 20
255.85
 10
301.807
 20
255.345
 10
300.298
 20
254.881
 10
298.776
 20
254.46
 10
297.243
 20
254.083
 10
297.239
 20
254.102
 10
298.755
 20
254.547
 10
300.26
 20
255.032
 10
301.754
 20
255.553
 10
303.235
 20
256.105
 10
304.706
 20
256.684
 10
306.167
 20
257.285
 10
307.618
 20
257.903
 10
309.062
 20
258.533
 10
310.5
 20
259.171
 10
311.932
 20
259.814
 10
313.361
 20
260.457
 10
314.787
 20
261.099
 10
316.212
 20
261.736
 10
317.637
 20
262.369
 97
0
 75
0
 76
1
 98
0
  0
HATCH
  5
177
330
17
100
AcDbEntity
  8
RASTER
 62
7
100
AcDbHatch
 10
0.0
 20
0.0
 30
0.0
210
0.0
220
0.0
230
1.0
  2
SOLID
 70
1
 71
0
 91
1
 92
3
 72
0
 73
1
 93
14
 10
281.359
 20
254.379
 10
279.827
 20
254.161
 10
278.273
 20
254.195
 10
276.704
 20
254.463
 10
275.132
 20
254.907
 10
273.568
 20
255.44
 10
272.019
 20
255.954
 10
272.018
 20
255.974
 10
273.556
 20
255.67
 10
275.108
 20
255.292
 10
276.671
 20
254.904
 10
278.239
 20
254.579
 10
279.805
 20
254.391
 10
281.357
 20
254.399
 97
0
 75
0
 76
1
 98
0
  0
HATCH
  5
178
330
17
100
AcDbEntity
  8
RASTER
 62
7
100
AcDbHatch
 10
0.0
 20
0.0
 30
0.0
210
0.0
220
0.0
230
1.0
  2
SOLID
 70
1
 71
0
 91
1
 92
3
 72
0
 73
1
 93
6
 10
256.735
 20
250.43
 10
255.029
 20
250.042
 10
253.76
 20
249.822
 10
253.76
 20
249.994
 10
255.037
 20
250.153
 10
256.736
 20
250.45
 97
0
 75
0
 76
1
 98
0
  0
HATCH
  5
179
330
17
100
AcDbEntity
  8
RASTER
 62
7
100
AcDbHatch
 10
0.0
 20
0.0
 30
0.0
210
0.0
220
0.0
230
1.0
  2
SOLID
 70
1
 71
0
 91
1
 92
3
 72
0
 73
1
 93
22
 10
412.723
 20
373.226
 10
412.642
 20
371.63
 10
412.403
 20
370.055
 10
412.01
 20
368.506
 10
411.481
 20
366.984
 10
410.855
 20
365.486
 10
410.177
 20
364.006
 10
409.499
 20
362.534
 10
408.868
 20
361.06
 10
408.322
 20
359.572
 10
407.885
 20
358.062
 10
407.866
 20
358.066
 10
408.209
 20
359.599
 10
408.671
 20
361.104
 10
409.235
 20
362.591
 10
409.87
 20
364.068
 10
410.533
 20
365.548
 10
411.173
 20
367.039
 10
411.744
 20
368.551
 10
412.205
 20
370.086
 10
412.528
 20
371.646
 10
412.703
 20
373.229
 97
0
 75
0
 76
1
 98
0
  0
HATCH
  5
17A
330
17
100
AcDbEntity
  8
RASTER
 62
7
100
AcDbHatch
 10
0.0
 20
0.0
 30
0.0
210
0.0
220
0.0
230
1.0
  2
SOLID
 70
1
 71
0
 91
1
 92
3
 72
0
 73
1
 93
24
 10
407.329
 20
340.503
 10
406.625
 20
339.081
 10
405.906
 20
337.668
 10
405.177
 20
336.262
 10
404.442
 20
334.862
 10
403.705
 20
333.467
 10
402.971
 20
332.072
 10
402.244
 20
330.677
 10
401.527
 20
329.279
 10
400.824
 20
327.876
 10
400.136
 20
326.465
 10
399.465
 20
325.046
 10
399.447
 20
325.055
 10
400.023
 20
326.522
 10
400.622
 20
327.974
 10
401.251
 20
329.409
 10
401.914
 20
330.829
 10
402.612
 20
332.233
 10
403.344
 20
333.623
 10
404.107
 20
335.003
 10
404.895
 20
336.377
 10
405.698
 20
337.75
 10
406.507
 20
339.126
 10
407.31
 20
340.51
 97
0
 75
0
 76
1
 98
0
  0
HATCH
  5
17B
330
17
100
AcDbEntity
  8
RASTER
 62
7
100
AcDbHatch
 10
0.0
 20
0.0
 30
0.0
210
0.0
220
0.0
230
1.0
  2
SOLID
 70
1
 71
0
 91
1
 92
3
 72
0
 73
1
 93
30
 10
392.572
 20
311.207
 10
391.529
 20
309.89
 10
390.471
 20
308.588
 10
389.408
 20
307.293
 10
388.349
 20
305.998
 10
387.303
 20
304.697
 10
386.274
 20
303.386
 10
385.266
 20
302.059
 10
384.278
 20
300.718
 10
383.306
 20
299.361
 10
382.346
 20
297.993
 10
381.388
 20
296.619
 10
380.425
 20
295.245
 10
379.446
 20
293.88
 10
378.443
 20
292.532
 10
378.428
 20
292.545
 10
379.381
 20
293.937
 10
380.31
 20
295.343
 10
381.228
 20
296.752
 10
382.147
 20
298.155
 10
383.078
 20
299.544
 10
384.03
 20
300.912
 10
385.01
 20
302.255
 10
386.022
 20
303.574
 10
387.067
 20
304.87
 10
388.14
 20
306.147
 10
389.236
 20
307.412
 10
390.346
 20
308.673
 10
391.456
 20
309.938
 10
392.555
 20
311.218
 97
0
 75
0
 76
1
 98
0
  0
HATCH
  5
17C
330
17
100
AcDbEntity
  8
RASTER
 62
7
100
AcDbHatch
 10
0.0
 20
0.0
 30
0.0
210
0.0
220
0.0
230
1.0
  2
SOLID
 70
1
 71
0
 91
1
 92
3
 72
0
 73
1
 93
22
 10
368.499
 20
289.032
 10
367.222
 20
288.072
 10
365.933
 20
287.133
 10
364.642
 20
286.201
 10
363.359
 20
285.267
 10
362.093
 20
284.319
 10
360.851
 20
283.348
 10
359.635
 20
282.347
 10
358.447
 20
281.315
 10
357.283
 20
280.251
 10
356.138
 20
279.159
 10
356.126
 20
279.174
 10
357.209
 20
280.342
 10
358.317
 20
281.473
 10
359.459
 20
282.557
 10
360.643
 20
283.589
 10
361.873
 20
284.569
 10
363.146
 20
285.503
 10
364.457
 20
286.403
 10
365.793
 20
287.281
 10
367.141
 20
288.157
 10
368.485
 20
289.046
 97
0
 75
0
 76
1
 98
0
  0
HATCH
  5
17D
330
17
100
AcDbEntity
  8
RASTER
 62
7
100
AcDbHatch
 10
0.0
 20
0.0
 30
0.0
210
0.0
220
0.0
230
1.0
  2
SOLID
 70
1
 71
0
 91
1
 92
3
 72
0
 73
1
 93
30
 10
345.239
 20
268.958
 10
343.821
 20
268.242
 10
342.404
 20
267.532
 10
340.988
 20
266.825
 10
339.573
 20
266.119
 10
338.162
 20
265.413
 10
336.753
 20
264.706
 10
335.347
 20
263.995
 10
333.945
 20
263.281
 10
332.545
 20
262.561
 10
331.148
 20
261.835
 10
329.753
 20
261.104
 10
328.36
 20
260.367
 10
326.967
 20
259.623
 10
325.574
 20
258.875
 10
325.566
 20
258.893
 10
326.919
 20
259.729
 10
328.272
 20
260.554
 10
329.628
 20
261.365
 10
330.989
 20
262.156
 10
332.36
 20
262.925
 10
333.741
 20
263.671
 10
335.134
 20
264.393
 10
336.541
 20
265.092
 10
337.961
 20
265.77
 10
339.395
 20
266.429
 10
340.84
 20
267.074
 10
342.296
 20
267.709
 10
343.76
 20
268.341
 10
345.228
 20
268.975
 97
0
 75
0
 76
1
 98
0
  0
HATCH
  5
17E
330
17
100
AcDbEntity
  8
RASTER
 62
7
100
AcDbHatch
 10
0.0
 20
0.0
 30
0.0
210
0.0
220
0.0
230
1.0
  2
SOLID
 70
1
 71
0
 91
1
 92
3
 72
0
 73
1
 93
26
 10
317.006
 20
249.445
 10
315.399
 20
249.119
 10
313.782
 20
248.839
 10
312.165
 20
248.572
 10
310.56
 20
248.286
 10
308.973
 20
247.952
 10
307.408
 20
247.551
 10
305.864
 20
247.075
 10
304.336
 20
246.532
 10
302.818
 20
245.937
 10
301.302
 20
245.318
 10
299.777
 20
244.708
 10
298.238
 20
244.143
 10
298.233
 20
244.163
 10
299.744
 20
244.854
 10
301.239
 20
245.58
 10
302.729
 20
246.298
 10
304.223
 20
246.969
 10
305.732
 20
247.56
 10
307.267
 20
248.05
 10
308.831
 20
248.433
 10
310.427
 20
248.718
 10
312.052
 20
248.928
 10
313.697
 20
249.095
 10
315.351
 20
249.26
 10
317.0
 20
249.464
 97
0
 75
0
 76
1
 98
0
  0
HATCH
  5
17F
330
17
100
AcDbEntity
  8
RASTER
 62
7
100
AcDbHatch
 10
0.0
 20
0.0
 30
0.0
210
0.0
220
0.0
230
1.0
  2
SOLID
 70
1
 71
0
 91
1
 92
3
 72
0
 73
1
 93
16
 10
288.958
 20
248.163
 10
287.477
 20
247.601
 10
285.988
 20
247.039
 10
284.485
 20
246.53
 10
282.964
 20
246.12
 10
281.424
 20
245.842
 10
279.869
 20
245.71
 10
278.302
 20
245.716
 10
278.301
 20
245.736
 10
279.848
 20
245.933
 10
281.385
 20
246.229
 10
282.91
 20
246.596
 10
284.426
 20
247.005
 10
285.936
 20
247.424
 10
287.444
 20
247.823
 10
288.955
 20
248.183
 97
0
 75
0
 76
1
 98
0
  0
HATCH
  5
180
330
17
100
AcDbEntity
  8
RASTER
 62
7
100
AcDbHatch
 10
0.0
 20
0.0
 30
0.0
210
0.0
220
0.0
230
1.0
  2
SOLID
 70
1
 71
0
 91
1
 92
3
 72
0
 73
1
 93
12
 10
260.981
 20
247.242
 10
259.363
 20
247.426
 10
257.748
 20
247.609
 10
256.134
 20
247.786
 10
254.521
 20
247.955
 10
253.76
 20
248.029
 10
253.76
 20
248.474
 10
254.554
 20
248.369
 10
256.157
 20
248.124
 10
257.762
 20
247.852
 10
259.37
 20
247.561
 10
260.982
 20
247.262
 97
0
 75
0
 76
1
 98
0
  0
HATCH
  5
181
330
17
100
AcDbEntity
  8
RASTER
 62
7
100
AcDbHatch
 10
0.0
 20
0.0
 30
0.0
210
0.0
220
0.0
230
1.0
  2
SOLID
 70
1
 71
0
 91
2
 92
3
 72
0
 73
1
 93
15
 10
466.283
 20
380.5
 10
465.384
 20
366.785
 10
460.259
 20
341.018
 10
451.814
 20
316.141
 10
440.195
 20
292.579
 10
425.599
 20
270.735
 10
408.277
 20
250.983
 10
388.525
 20
233.661
 10
366.681
 20
219.065
 10
343.119
 20
207.446
 10
318.242
 20
199.001
 10
292.475
 20
193.876
 10
266.26
 20
192.158
 10
253.76
 20
192.977
 10
253.76
 20
380.5
 97
0
 92
3
 72
0
 73
1
 93
15
 10
253.76
 20
380.5
 10
253.76
 20
193.677
 10
266.26
 20
192.858
 10
292.384
 20
194.57
 10
318.061
 20
199.677
 10
342.851
 20
208.093
 10
366.331
 20
219.672
 10
388.099
 20
234.216
 10
407.782
 20
251.478
 10
425.044
 20
271.161
 10
439.589
 20
292.929
 10
451.168
 20
316.409
 10
459.583
 20
341.199
 10
464.69
 20
366.876
 10
465.583
 20
380.5
 97
0
 75
0
 76
1
 98
0
  0
HATCH
  5
182
330
17
100
AcDbEntity
  8
RASTER
 62
7
100
AcDbHatch
 10
0.0
 20
0.0
 30
0.0
210
0.0
220
0.0
230
1.0
  2
SOLID
 70
1
 71
0
 91
2
 92
3
 72
0
 73
1
 93
15
 10
464.983
 20
380.5
 10
464.095
 20
366.954
 10
459.003
 20
341.355
 10
450.613
 20
316.638
 10
439.069
 20
293.229
 10
424.568
 20
271.526
 10
407.358
 20
251.902
 10
387.734
 20
234.692
 10
366.031
 20
220.191
 10
342.622
 20
208.647
 10
317.906
 20
200.257
 10
292.306
 20
195.165
 10
266.26
 20
193.458
 10
253.76
 20
194.277
 10
253.76
 20
380.5
 97
0
 92
3
 72
0
 73
1
 93
15
 10
253.76
 20
380.5
 10
253.76
 20
194.777
 10
266.26
 20
193.958
 10
292.24
 20
195.66
 10
317.776
 20
200.74
 10
342.43
 20
209.109
 10
365.781
 20
220.624
 10
387.43
 20
235.089
 10
407.004
 20
252.256
 10
424.171
 20
271.831
 10
438.636
 20
293.479
 10
450.151
 20
316.83
 10
458.52
 20
341.484
 10
463.6
 20
367.02
 10
464.483
 20
380.5
 97
0
 75
0
 76
1
 98
0
  0
HATCH
  5
183
330
17
100
AcDbEntity
  8
RASTER
 62
7
100
AcDbHatch
 10
0.0
 20
0.0
 30
0.0
210
0.0
220
0.0
230
1.0
  2
SOLID
 70
1
 71
0
 91
1
 92
3
 72
0
 73
1
 93
4
 10
254.085
 20
355.675
 10
278.935
 20
355.675
 10
278.935
 20
355.325
 10
254.085
 20
355.325
 97
0
 75
0
 76
1
 98
0
  0
HATCH
  5
184
330
17
100
AcDbEntity
  8
RASTER
 62
7
100
AcDbHatch
 10
0.0
 20
0.0
 30
0.0
210
0.0
220
0.0
230
1.0
  2
SOLID
 70
1
 71
0
 91
1
 92
3
 72
0
 73
1
 93
4
 10
254.085
 20
330.675
 10
278.935
 20
330.675
 10
278.935
 20
330.325
 10
254.085
 20
330.325
 97
0
 75
0
 76
1
 98
0
  0
HATCH
  5
185
330
17
100
AcDbEntity
  8
RASTER
 62
7
100
AcDbHatch
 10
0.0
 20
0.0
 30
0.0
210
0.0
220
0.0
230
1.0
  2
SOLID
 70
1
 71
0
 91
1
 92
3
 72
0
 73
1
 93
4
 10
254.085
 20
305.675
 10
278.935
 20
305.675
 10
278.935
 20
305.325
 10
254.085
 20
305.325
 97
0
 75
0
 76
1
 98
0
  0
HATCH
  5
186
330
17
100
AcDbEntity
  8
RASTER
 62
7
100
AcDbHatch
 10
0.0
 20
0.0
 30
0.0
210
0.0
220
0.0
230
1.0
  2
SOLID
 70
1
 71
0
 91
1
 92
3
 72
0
 73
1
 93
4
 10
254.085
 20
280.675
 10
278.935
 20
280.675
 10
278.935
 20
280.325
 10
254.085
 20
280.325
 97
0
 75
0
 76
1
 98
0
  0
HATCH
  5
187
330
17
100
AcDbEntity
  8
RASTER
 62
7
100
AcDbHatch
 10
0.0
 20
0.0
 30
0.0
210
0.0
220
0.0
230
1.0
  2
SOLID
 70
1
 71
0
 91
1
 92
3
 72
0
 73
1
 93
4
 10
254.085
 20
255.675
 10
278.935
 20
255.675
 10
278.935
 20
255.325
 10
254.085
 20
255.325
 97
0
 75
0
 76
1
 98
0
  0
HATCH
  5
188
330
17
100
AcDbEntity
  8
RASTER
 62
7
100
AcDbHatch
 10
0.0
 20
0.0
 30
0.0
210
0.0
220
0.0
230
1.0
  2
SOLID
 70
1
 71
0
 91
1
 92
3
 72
0
 73
1
 93
4
 10
254.085
 20
230.675
 10
278.935
 20
230.675
 10
278.935
 20
230.325
 10
254.085
 20
230.325
 97
0
 75
0
 76
1
 98
0
  0
HATCH
  5
189
330
17
100
AcDbEntity
  8
RASTER
 62
7
100
AcDbHatch
 10
0.0
 20
0.0
 30
0.0
210
0.0
220
0.0
230
1.0
  2
SOLID
 70
1
 71
0
 91
1
 92
3
 72
0
 73
1
 93
4
 10
254.085
 20
205.675
 10
278.935
 20
205.675
 10
278.935
 20
205.325
 10
254.085
 20
205.325
 97
0
 75
0
 76
1
 98
0
  0
HATCH
  5
18A
330
17
100
AcDbEntity
  8
RASTER
 62
7
100
AcDbHatch
 10
0.0
 20
0.0
 30
0.0
210
0.0
220
0.0
230
1.0
  2
SOLID
 70
1
 71
0
 91
1
 92
3
 72
0
 73
1
 93
4
 10
278.585
 20
355.675
 10
303.935
 20
355.675
 10
303.935
 20
355.325
 10
278.585
 20
355.325
 97
0
 75
0
 76
1
 98
0
  0
HATCH
  5
18B
330
17
100
AcDbEntity
  8
RASTER
 62
7
100
AcDbHatch
 10
0.0
 20
0.0
 30
0.0
210
0.0
220
0.0
230
1.0
  2
SOLID
 70
1
 71
0
 91
1
 92
3
 72
0
 73
1
 93
4
 10
278.585
 20
330.675
 10
303.935
 20
330.675
 10
303.935
 20
330.325
 10
278.585
 20
330.325
 97
0
 75
0
 76
1
 98
0
  0
HATCH
  5
18C
330
17
100
AcDbEntity
  8
RASTER
 62
7
100
AcDbHatch
 10
0.0
 20
0.0
 30
0.0
210
0.0
220
0.0
230
1.0
  2
SOLID
 70
1
 71
0
 91
1
 92
3
 72
0
 73
1
 93
4
 10
278.585
 20
305.675
 10
303.935
 20
305.675
 10
303.935
 20
305.325
 10
278.585
 20
305.325
 97
0
 75
0
 76
1
 98
0
  0
HATCH
  5
18D
330
17
100
AcDbEntity
  8
RASTER
 62
7
100
AcDbHatch
 10
0.0
 20
0.0
 30
0.0
210
0.0
220
0.0
230
1.0
  2
SOLID
 70
1
 71
0
 91
1
 92
3
 72
0
 73
1
 93
4
 10
278.585
 20
280.675
 10
303.935
 20
280.675
 10
303.935
 20
280.325
 10
278.585
 20
280.325
 97
0
 75
0
 76
1
 98
0
  0
HATCH
  5
18E
330
17
100
AcDbEntity
  8
RASTER
 62
7
100
AcDbHatch
 10
0.0
 20
0.0
 30
0.0
210
0.0
220
0.0
230
1.0
  2
SOLID
 70
1
 71
0
 91
1
 92
3
 72
0
 73
1
 93
4
 10
278.585
 20
255.675
 10
303.935
 20
255.675
 10
303.935
 20
255.325
 10
278.585
 20
255.325
 97
0
 75
0
 76
1
 98
0
  0
HATCH
  5
18F
330
17
100
AcDbEntity
  8
RASTER
 62
7
100
AcDbHatch
 10
0.0
 20
0.0
 30
0.0
210
0.0
220
0.0
230
1.0
  2
SOLID
 70
1
 71
0
 91
1
 92
3
 72
0
 73
1
 93
4
 10
278.585
 20
230.675
 10
303.935
 20
230.675
 10
303.935
 20
230.325
 10
278.585
 20
230.325
 97
0
 75
0
 76
1
 98
0
  0
HATCH
  5
190
330
17
100
AcDbEntity
  8
RASTER
 62
7
100
AcDbHatch
 10
0.0
 20
0.0
 30
0.0
210
0.0
220
0.0
230
1.0
  2
SOLID
 70
1
 71
0
 91
1
 92
3
 72
0
 73
1
 93
4
 10
278.585
 20
205.675
 10
303.935
 20
205.675
 10
303.935
 20
205.325
 10
278.585
 20
205.325
 97
0
 75
0
 76
1
 98
0
  0
HATCH
  5
191
330
17
100
AcDbEntity
  8
RASTER
 62
7
100
AcDbHatch
 10
0.0
 20
0.0
 30
0.0
210
0.0
220
0.0
230
1.0
  2
SOLID
 70
1
 71
0
 91
1
 92
3
 72
0
 73
1
 93
4
 10
303.585
 20
355.675
 10
328.935
 20
355.675
 10
328.935
 20
355.325
 10
303.585
 20
355.325
 97
0
 75
0
 76
1
 98
0
  0
HATCH
  5
192
330
17
100
AcDbEntity
  8
RASTER
 62
7
100
AcDbHatch
 10
0.0
 20
0.0
 30
0.0
210
0.0
220
0.0
230
1.0
  2
SOLID
 70
1
 71
0
 91
1
 92
3
 72
0
 73
1
 93
4
 10
303.585
 20
330.675
 10
328.935
 20
330.675
 10
328.935
 20
330.325
 10
303.585
 20
330.325
 97
0
 75
0
 76
1
 98
0
  0
HATCH
  5
193
330
17
100
AcDbEntity
  8
RASTER
 62
7
100
AcDbHatch
 10
0.0
 20
0.0
 30
0.0
210
0.0
220
0.0
230
1.0
  2
SOLID
 70
1
 71
0
 91
1
 92
3
 72
0
 73
1
 93
4
 10
303.585
 20
305.675
 10
328.935
 20
305.675
 10
328.935
 20
305.325
 10
303.585
 20
305.325
 97
0
 75
0
 76
1
 98
0
  0
HATCH
  5
194
330
17
100
AcDbEntity
  8
RASTER
 62
7
100
AcDbHatch
 10
0.0
 20
0.0
 30
0.0
210
0.0
220
0.0
230
1.0
  2
SOLID
 70
1
 71
0
 91
1
 92
3
 72
0
 73
1
 93
4
 10
303.585
 20
280.675
 10
328.935
 20
280.675
 10
328.935
 20
280.325
 10
303.585
 20
280.325
 97
0
 75
0
 76
1
 98
0
  0
HATCH
  5
195
330
17
100
AcDbEntity
  8
RASTER
 62
7
100
AcDbHatch
 10
0.0
 20
0.0
 30
0.0
210
0.0
220
0.0
230
1.0
  2
SOLID
 70
1
 71
0
 91
1
 92
3
 72
0
 73
1
 93
4
 10
303.585
 20
255.675
 10
328.935
 20
255.675
 10
328.935
 20
255.325
 10
303.585
 20
255.325
 97
0
 75
0
 76
1
 98
0
  0
HATCH
  5
196
330
17
100
AcDbEntity
  8
RASTER
 62
7
100
AcDbHatch
 10
0.0
 20
0.0
 30
0.0
210
0.0
220
0.0
230
1.0
  2
SOLID
 70
1
 71
0
 91
1
 92
3
 72
0
 73
1
 93
4
 10
303.585
 20
230.675
 10
328.935
 20
230.675
 10
328.935
 20
230.325
 10
303.585
 20
230.325
 97
0
 75
0
 76
1
 98
0
  0
HATCH
  5
197
330
17
100
AcDbEntity
  8
RASTER
 62
7
100
AcDbHatch
 10
0.0
 20
0.0
 30
0.0
210
0.0
220
0.0
230
1.0
  2
SOLID
 70
1
 71
0
 91
1
 92
3
 72
0
 73
1
 93
4
 10
303.585
 20
205.675
 10
328.935
 20
205.675
 10
328.935
 20
205.325
 10
303.585
 20
205.325
 97
0
 75
0
 76
1
 98
0
  0
HATCH
  5
198
330
17
100
AcDbEntity
  8
RASTER
 62
7
100
AcDbHatch
 10
0.0
 20
0.0
 30
0.0
210
0.0
220
0.0
230
1.0
  2
SOLID
 70
1
 71
0
 91
1
 92
3
 72
0
 73
1
 93
4
 10
328.585
 20
355.675
 10
353.935
 20
355.675
 10
353.935
 20
355.325
 10
328.585
 20
355.325
 97
0
 75
0
 76
1
 98
0
  0
HATCH
  5
199
330
17
100
AcDbEntity
  8
RASTER
 62
7
100
AcDbHatch
 10
0.0
 20
0.0
 30
0.0
210
0.0
220
0.0
230
1.0
  2
SOLID
 70
1
 71
0
 91
1
 92
3
 72
0
 73
1
 93
4
 10
328.585
 20
330.675
 10
353.935
 20
330.675
 10
353.935
 20
330.325
 10
328.585
 20
330.325
 97
0
 75
0
 76
1
 98
0
  0
HATCH
  5
19A
330
17
100
AcDbEntity
  8
RASTER
 62
7
100
AcDbHatch
 10
0.0
 20
0.0
 30
0.0
210
0.0
220
0.0
230
1.0
  2
SOLID
 70
1
 71
0
 91
1
 92
3
 72
0
 73
1
 93
4
 10
328.585
 20
305.675
 10
353.935
 20
305.675
 10
353.935
 20
305.325
 10
328.585
 20
305.325
 97
0
 75
0
 76
1
 98
0
  0
HATCH
  5
19B
330
17
100
AcDbEntity
  8
RASTER
 62
7
100
AcDbHatch
 10
0.0
 20
0.0
 30
0.0
210
0.0
220
0.0
230
1.0
  2
SOLID
 70
1
 71
0
 91
1
 92
3
 72
0
 73
1
 93
4
 10
328.585
 20
280.675
 10
353.935
 20
280.675
 10
353.935
 20
280.325
 10
328.585
 20
280.325
 97
0
 75
0
 76
1
 98
0
  0
HATCH
  5
19C
330
17
100
AcDbEntity
  8
RASTER
 62
7
100
AcDbHatch
 10
0.0
 20
0.0
 30
0.0
210
0.0
220
0.0
230
1.0
  2
SOLID
 70
1
 71
0
 91
1
 92
3
 72
0
 73
1
 93
4
 10
328.585
 20
255.675
 10
353.935
 20
255.675
 10
353.935
 20
255.325
 10
328.585
 20
255.325
 97
0
 75
0
 76
1
 98
0
  0
HATCH
  5
19D
330
17
100
AcDbEntity
  8
RASTER
 62
7
100
AcDbHatch
 10
0.0
 20
0.0
 30
0.0
210
0.0
220
0.0
230
1.0
  2
SOLID
 70
1
 71
0
 91
1
 92
3
 72
0
 73
1
 93
4
 10
328.585
 20
230.675
 10
353.935
 20
230.675
 10
353.935
 20
230.325
 10
328.585
 20
230.325
 97
0
 75
0
 76
1
 98
0
  0
HATCH
  5
19E
330
17
100
AcDbEntity
  8
RASTER
 62
7
100
AcDbHatch
 10
0.0
 20
0.0
 30
0.0
210
0.0
220
0.0
230
1.0
  2
SOLID
 70
1
 71
0
 91
1
 92
3
 72
0
 73
1
 93
4
 10
362.585
 20
380.675
 10
370.085
 20
380.675
 10
370.085
 20
380.325
 10
362.585
 20
380.325
 97
0
 75
0
 76
1
 98
0
  0
HATCH
  5
19F
330
17
100
AcDbEntity
  8
RASTER
 62
7
100
AcDbHatch
 10
0.0
 20
0.0
 30
0.0
210
0.0
220
0.0
230
1.0
  2
SOLID
 70
1
 71
0
 91
1
 92
3
 72
0
 73
1
 93
4
 10
353.585
 20
355.675
 10
378.935
 20
355.675
 10
378.935
 20
355.325
 10
353.585
 20
355.325
 97
0
 75
0
 76
1
 98
0
  0
HATCH
  5
1A0
330
17
100
AcDbEntity
  8
RASTER
 62
7
100
AcDbHatch
 10
0.0
 20
0.0
 30
0.0
210
0.0
220
0.0
230
1.0
  2
SOLID
 70
1
 71
0
 91
1
 92
3
 72
0
 73
1
 93
4
 10
353.585
 20
330.675
 10
378.935
 20
330.675
 10
378.935
 20
330.325
 10
353.585
 20
330.325
 97
0
 75
0
 76
1
 98
0
  0
HATCH
  5
1A1
330
17
100
AcDbEntity
  8
RASTER
 62
7
100
AcDbHatch
 10
0.0
 20
0.0
 30
0.0
210
0.0
220
0.0
230
1.0
  2
SOLID
 70
1
 71
0
 91
1
 92
3
 72
0
 73
1
 93
4
 10
353.585
 20
305.675
 10
378.935
 20
305.675
 10
378.935
 20
305.325
 10
353.585
 20
305.325
 97
0
 75
0
 76
1
 98
0
  0
HATCH
  5
1A2
330
17
100
AcDbEntity
  8
RASTER
 62
7
100
AcDbHatch
 10
0.0
 20
0.0
 30
0.0
210
0.0
220
0.0
230
1.0
  2
SOLID
 70
1
 71
0
 91
1
 92
3
 72
0
 73
1
 93
4
 10
353.585
 20
280.675
 10
378.935
 20
280.675
 10
378.935
 20
280.325
 10
353.585
 20
280.325
 97
0
 75
0
 76
1
 98
0
  0
HATCH
  5
1A3
330
17
100
AcDbEntity
  8
RASTER
 62
7
100
AcDbHatch
 10
0.0
 20
0.0
 30
0.0
210
0.0
220
0.0
230
1.0
  2
SOLID
 70
1
 71
0
 91
1
 92
3
 72
0
 73
1
 93
4
 10
353.585
 20
255.675
 10
378.935
 20
255.675
 10
378.935
 20
255.325
 10
353.585
 20
255.325
 97
0
 75
0
 76
1
 98
0
  0
HATCH
  5
1A4
330
17
100
AcDbEntity
  8
RASTER
 62
7
100
AcDbHatch
 10
0.0
 20
0.0
 30
0.0
210
0.0
220
0.0
230
1.0
  2
SOLID
 70
1
 71
0
 91
1
 92
3
 72
0
 73
1
 93
4
 10
353.585
 20
230.675
 10
378.935
 20
230.675
 10
378.935
 20
230.325
 10
353.585
 20
230.325
 97
0
 75
0
 76
1
 98
0
  0
HATCH
  5
1A5
330
17
100
AcDbEntity
  8
RASTER
 62
7
100
AcDbHatch
 10
0.0
 20
0.0
 30
0.0
210
0.0
220
0.0
230
1.0
  2
SOLID
 70
1
 71
0
 91
1
 92
3
 72
0
 73
1
 93
4
 10
378.585
 20
355.675
 10
403.935
 20
355.675
 10
403.935
 20
355.325
 10
378.585
 20
355.325
 97
0
 75
0
 76
1
 98
0
  0
HATCH
  5
1A6
330
17
100
AcDbEntity
  8
RASTER
 62
7
100
AcDbHatch
 10
0.0
 20
0.0
 30
0.0
210
0.0
220
0.0
230
1.0
  2
SOLID
 70
1
 71
0
 91
1
 92
3
 72
0
 73
1
 93
4
 10
378.585
 20
330.675
 10
403.935
 20
330.675
 10
403.935
 20
330.325
 10
378.585
 20
330.325
 97
0
 75
0
 76
1
 98
0
  0
HATCH
  5
1A7
330
17
100
AcDbEntity
  8
RASTER
 62
7
100
AcDbHatch
 10
0.0
 20
0.0
 30
0.0
210
0.0
220
0.0
230
1.0
  2
SOLID
 70
1
 71
0
 91
1
 92
3
 72
0
 73
1
 93
4
 10
378.585
 20
305.675
 10
403.935
 20
305.675
 10
403.935
 20
305.325
 10
378.585
 20
305.325
 97
0
 75
0
 76
1
 98
0
  0
HATCH
  5
1A8
330
17
100
AcDbEntity
  8
RASTER
 62
7
100
AcDbHatch
 10
0.0
 20
0.0
 30
0.0
210
0.0
220
0.0
230
1.0
  2
SOLID
 70
1
 71
0
 91
1
 92
3
 72
0
 73
1
 93
4
 10
378.585
 20
280.675
 10
403.935
 20
280.675
 10
403.935
 20
280.325
 10
378.585
 20
280.325
 97
0
 75
0
 76
1
 98
0
  0
HATCH
  5
1A9
330
17
100
AcDbEntity
  8
RASTER
 62
7
100
AcDbHatch
 10
0.0
 20
0.0
 30
0.0
210
0.0
220
0.0
230
1.0
  2
SOLID
 70
1
 71
0
 91
1
 92
3
 72
0
 73
1
 93
4
 10
378.585
 20
255.675
 10
403.935
 20
255.675
 10
403.935
 20
255.325
 10
378.585
 20
255.325
 97
0
 75
0
 76
1
 98
0
  0
HATCH
  5
1AA
330
17
100
AcDbEntity
  8
RASTER
 62
7
100
AcDbHatch
 10
0.0
 20
0.0
 30
0.0
210
0.0
220
0.0
230
1.0
  2
SOLID
 70
1
 71
0
 91
1
 92
3
 72
0
 73
1
 93
4
 10
403.585
 20
355.675
 10
428.935
 20
355.675
 10
428.935
 20
355.325
 10
403.585
 20
355.325
 97
0
 75
0
 76
1
 98
0
  0
HATCH
  5
1AB
330
17
100
AcDbEntity
  8
RASTER
 62
7
100
AcDbHatch
 10
0.0
 20
0.0
 30
0.0
210
0.0
220
0.0
230
1.0
  2
SOLID
 70
1
 71
0
 91
1
 92
3
 72
0
 73
1
 93
4
 10
403.585
 20
330.675
 10
428.935
 20
330.675
 10
428.935
 20
330.325
 10
403.585
 20
330.325
 97
0
 75
0
 76
1
 98
0
  0
HATCH
  5
1AC
330
17
100
AcDbEntity
  8
RASTER
 62
7
100
AcDbHatch
 10
0.0
 20
0.0
 30
0.0
210
0.0
220
0.0
230
1.0
  2
SOLID
 70
1
 71
0
 91
1
 92
3
 72
0
 73
1
 93
4
 10
403.585
 20
305.675
 10
428.935
 20
305.675
 10
428.935
 20
305.325
 10
403.585
 20
305.325
 97
0
 75
0
 76
1
 98
0
  0
HATCH
  5
1AD
330
17
100
AcDbEntity
  8
RASTER
 62
7
100
AcDbHatch
 10
0.0
 20
0.0
 30
0.0
210
0.0
220
0.0
230
1.0
  2
SOLID
 70
1
 71
0
 91
1
 92
3
 72
0
 73
1
 93
4
 10
403.585
 20
280.675
 10
428.935
 20
280.675
 10
428.935
 20
280.325
 10
403.585
 20
280.325
 97
0
 75
0
 76
1
 98
0
  0
HATCH
  5
1AE
330
17
100
AcDbEntity
  8
RASTER
 62
7
100
AcDbHatch
 10
0.0
 20
0.0
 30
0.0
210
0.0
220
0.0
230
1.0
  2
SOLID
 70
1
 71
0
 91
1
 92
3
 72
0
 73
1
 93
4
 10
428.585
 20
355.675
 10
453.935
 20
355.675
 10
453.935
 20
355.325
 10
428.585
 20
355.325
 97
0
 75
0
 76
1
 98
0
  0
HATCH
  5
1AF
330
17
100
AcDbEntity
  8
RASTER
 62
7
100
AcDbHatch
 10
0.0
 20
0.0
 30
0.0
210
0.0
220
0.0
230
1.0
  2
SOLID
 70
1
 71
0
 91
1
 92
3
 72
0
 73
1
 93
4
 10
428.585
 20
330.675
 10
453.935
 20
330.675
 10
453.935
 20
330.325
 10
428.585
 20
330.325
 97
0
 75
0
 76
1
 98
0
  0
HATCH
  5
1B0
330
17
100
AcDbEntity
  8
RASTER
 62
7
100
AcDbHatch
 10
0.0
 20
0.0
 30
0.0
210
0.0
220
0.0
230
1.0
  2
SOLID
 70
1
 71
0
 91
1
 92
3
 72
0
 73
1
 93
4
 10
253.585
 20
346.825
 10
253.935
 20
346.825
 10
253.935
 20
339.325
 10
253.585
 20
339.325
 97
0
 75
0
 76
1
 98
0
  0
HATCH
  5
1B1
330
17
100
AcDbEntity
  8
RASTER
 62
7
100
AcDbHatch
 10
0.0
 20
0.0
 30
0.0
210
0.0
220
0.0
230
1.0
  2
SOLID
 70
1
 71
0
 91
1
 92
3
 72
0
 73
1
 93
4
 10
253.585
 20
246.825
 10
253.935
 20
246.825
 10
253.935
 20
239.325
 10
253.585
 20
239.325
 97
0
 75
0
 76
1
 98
0
  0
HATCH
  5
1B2
330
17
100
AcDbEntity
  8
RASTER
 62
7
100
AcDbHatch
 10
0.0
 20
0.0
 30
0.0
210
0.0
220
0.0
230
1.0
  2
SOLID
 70
1
 71
0
 91
1
 92
3
 72
0
 73
1
 93
4
 10
278.585
 20
380.325
 10
278.935
 20
380.325
 10
278.935
 20
355.675
 10
278.585
 20
355.675
 97
0
 75
0
 76
1
 98
0
  0
HATCH
  5
1B3
330
17
100
AcDbEntity
  8
RASTER
 62
7
100
AcDbHatch
 10
0.0
 20
0.0
 30
0.0
210
0.0
220
0.0
230
1.0
  2
SOLID
 70
1
 71
0
 91
1
 92
3
 72
0
 73
1
 93
4
 10
278.585
 20
355.325
 10
278.935
 20
355.325
 10
278.935
 20
330.675
 10
278.585
 20
330.675
 97
0
 75
0
 76
1
 98
0
  0
HATCH
  5
1B4
330
17
100
AcDbEntity
  8
RASTER
 62
7
100
AcDbHatch
 10
0.0
 20
0.0
 30
0.0
210
0.0
220
0.0
230
1.0
  2
SOLID
 70
1
 71
0
 91
1
 92
3
 72
0
 73
1
 93
4
 10
278.585
 20
330.325
 10
278.935
 20
330.325
 10
278.935
 20
305.675
 10
278.585
 20
305.675
 97
0
 75
0
 76
1
 98
0
  0
HATCH
  5
1B5
330
17
100
AcDbEntity
  8
RASTER
 62
7
100
AcDbHatch
 10
0.0
 20
0.0
 30
0.0
210
0.0
220
0.0
230
1.0
  2
SOLID
 70
1
 71
0
 91
1
 92
3
 72
0
 73
1
 93
4
 10
278.585
 20
305.325
 10
278.935
 20
305.325
 10
278.935
 20
280.675
 10
278.585
 20
280.675
 97
0
 75
0
 76
1
 98
0
  0
HATCH
  5
1B6
330
17
100
AcDbEntity
  8
RASTER
 62
7
100
AcDbHatch
 10
0.0
 20
0.0
 30
0.0
210
0.0
220
0.0
230
1.0
  2
SOLID
 70
1
 71
0
 91
1
 92
3
 72
0
 73
1
 93
4
 10
278.585
 20
280.325
 10
278.935
 20
280.325
 10
278.935
 20
255.675
 10
278.585
 20
255.675
 97
0
 75
0
 76
1
 98
0
  0
HATCH
  5
1B7
330
17
100
AcDbEntity
  8
RASTER
 62
7
100
AcDbHatch
 10
0.0
 20
0.0
 30
0.0
210
0.0
220
0.0
230
1.0
  2
SOLID
 70
1
 71
0
 91
1
 92
3
 72
0
 73
1
 93
4
 10
278.585
 20
255.325
 10
278.935
 20
255.325
 10
278.935
 20
230.675
 10
278.585
 20
230.675
 97
0
 75
0
 76
1
 98
0
  0
HATCH
  5
1B8
330
17
100
AcDbEntity
  8
RASTER
 62
7
100
AcDbHatch
 10
0.0
 20
0.0
 30
0.0
210
0.0
220
0.0
230
1.0
  2
SOLID
 70
1
 71
0
 91
1
 92
3
 72
0
 73
1
 93
4
 10
278.585
 20
230.325
 10
278.935
 20
230.325
 10
278.935
 20
205.675
 10
278.585
 20
205.675
 97
0
 75
0
 76
1
 98
0
  0
HATCH
  5
1B9
330
17
100
AcDbEntity
  8
RASTER
 62
7
100
AcDbHatch
 10
0.0
 20
0.0
 30
0.0
210
0.0
220
0.0
230
1.0
  2
SOLID
 70
1
 71
0
 91
1
 92
3
 72
0
 73
1
 93
4
 10
303.585
 20
380.325
 10
303.935
 20
380.325
 10
303.935
 20
355.675
 10
303.585
 20
355.675
 97
0
 75
0
 76
1
 98
0
  0
HATCH
  5
1BA
330
17
100
AcDbEntity
  8
RASTER
 62
7
100
AcDbHatch
 10
0.0
 20
0.0
 30
0.0
210
0.0
220
0.0
230
1.0
  2
SOLID
 70
1
 71
0
 91
1
 92
3
 72
0
 73
1
 93
4
 10
303.585
 20
355.325
 10
303.935
 20
355.325
 10
303.935
 20
330.675
 10
303.585
 20
330.675
 97
0
 75
0
 76
1
 98
0
  0
HATCH
  5
1BB
330
17
100
AcDbEntity
  8
RASTER
 62
7
100
AcDbHatch
 10
0.0
 20
0.0
 30
0.0
210
0.0
220
0.0
230
1.0
  2
SOLID
 70
1
 71
0
 91
1
 92
3
 72
0
 73
1
 93
4
 10
303.585
 20
330.325
 10
303.935
 20
330.325
 10
303.935
 20
305.675
 10
303.585
 20
305.675
 97
0
 75
0
 76
1
 98
0
  0
HATCH
  5
1BC
330
17
100
AcDbEntity
  8
RASTER
 62
7
100
AcDbHatch
 10
0.0
 20
0.0
 30
0.0
210
0.0
220
0.0
230
1.0
  2
SOLID
 70
1
 71
0
 91
1
 92
3
 72
0
 73
1
 93
4
 10
303.585
 20
305.325
 10
303.935
 20
305.325
 10
303.935
 20
280.675
 10
303.585
 20
280.675
 97
0
 75
0
 76
1
 98
0
  0
HATCH
  5
1BD
330
17
100
AcDbEntity
  8
RASTER
 62
7
100
AcDbHatch
 10
0.0
 20
0.0
 30
0.0
210
0.0
220
0.0
230
1.0
  2
SOLID
 70
1
 71
0
 91
1
 92
3
 72
0
 73
1
 93
4
 10
303.585
 20
280.325
 10
303.935
 20
280.325
 10
303.935
 20
255.675
 10
303.585
 20
255.675
 97
0
 75
0
 76
1
 98
0
  0
HATCH
  5
1BE
330
17
100
AcDbEntity
  8
RASTER
 62
7
100
AcDbHatch
 10
0.0
 20
0.0
 30
0.0
210
0.0
220
0.0
230
1.0
  2
SOLID
 70
1
 71
0
 91
1
 92
3
 72
0
 73
1
 93
4
 10
303.585
 20
255.325
 10
303.935
 20
255.325
 10
303.935
 20
230.675
 10
303.585
 20
230.675
 97
0
 75
0
 76
1
 98
0
  0
HATCH
  5
1BF
330
17
100
AcDbEntity
  8
RASTER
 62
7
100
AcDbHatch
 10
0.0
 20
0.0
 30
0.0
210
0.0
220
0.0
230
1.0
  2
SOLID
 70
1
 71
0
 91
1
 92
3
 72
0
 73
1
 93
4
 10
303.585
 20
230.325
 10
303.935
 20
230.325
 10
303.935
 20
205.675
 10
303.585
 20
205.675
 97
0
 75
0
 76
1
 98
0
  0
HATCH
  5
1C0
330
17
100
AcDbEntity
  8
RASTER
 62
7
100
AcDbHatch
 10
0.0
 20
0.0
 30
0.0
210
0.0
220
0.0
230
1.0
  2
SOLID
 70
1
 71
0
 91
1
 92
3
 72
0
 73
1
 93
4
 10
328.585
 20
380.325
 10
328.935
 20
380.325
 10
328.935
 20
355.675
 10
328.585
 20
355.675
 97
0
 75
0
 76
1
 98
0
  0
HATCH
  5
1C1
330
17
100
AcDbEntity
  8
RASTER
 62
7
100
AcDbHatch
 10
0.0
 20
0.0
 30
0.0
210
0.0
220
0.0
230
1.0
  2
SOLID
 70
1
 71
0
 91
1
 92
3
 72
0
 73
1
 93
4
 10
328.585
 20
355.325
 10
328.935
 20
355.325
 10
328.935
 20
330.675
 10
328.585
 20
330.675
 97
0
 75
0
 76
1
 98
0
  0
HATCH
  5
1C2
330
17
100
AcDbEntity
  8
RASTER
 62
7
100
AcDbHatch
 10
0.0
 20
0.0
 30
0.0
210
0.0
220
0.0
230
1.0
  2
SOLID
 70
1
 71
0
 91
1
 92
3
 72
0
 73
1
 93
4
 10
328.585
 20
330.325
 10
328.935
 20
330.325
 10
328.935
 20
305.675
 10
328.585
 20
305.675
 97
0
 75
0
 76
1
 98
0
  0
HATCH
  5
1C3
330
17
100
AcDbEntity
  8
RASTER
 62
7
100
AcDbHatch
 10
0.0
 20
0.0
 30
0.0
210
0.0
220
0.0
230
1.0
  2
SOLID
 70
1
 71
0
 91
1
 92
3
 72
0
 73
1
 93
4
 10
328.585
 20
305.325
 10
328.935
 20
305.325
 10
328.935
 20
280.675
 10
328.585
 20
280.675
 97
0
 75
0
 76
1
 98
0
  0
HATCH
  5
1C4
330
17
100
AcDbEntity
  8
RASTER
 62
7
100
AcDbHatch
 10
0.0
 20
0.0
 30
0.0
210
0.0
220
0.0
230
1.0
  2
SOLID
 70
1
 71
0
 91
1
 92
3
 72
0
 73
1
 93
4
 10
328.585
 20
280.325
 10
328.935
 20
280.325
 10
328.935
 20
255.675
 10
328.585
 20
255.675
 97
0
 75
0
 76
1
 98
0
  0
HATCH
  5
1C5
330
17
100
AcDbEntity
  8
RASTER
 62
7
100
AcDbHatch
 10
0.0
 20
0.0
 30
0.0
210
0.0
220
0.0
230
1.0
  2
SOLID
 70
1
 71
0
 91
1
 92
3
 72
0
 73
1
 93
4
 10
328.585
 20
255.325
 10
328.935
 20
255.325
 10
328.935
 20
230.675
 10
328.585
 20
230.675
 97
0
 75
0
 76
1
 98
0
  0
HATCH
  5
1C6
330
17
100
AcDbEntity
  8
RASTER
 62
7
100
AcDbHatch
 10
0.0
 20
0.0
 30
0.0
210
0.0
220
0.0
230
1.0
  2
SOLID
 70
1
 71
0
 91
1
 92
3
 72
0
 73
1
 93
4
 10
328.585
 20
230.325
 10
328.935
 20
230.325
 10
328.935
 20
205.675
 10
328.585
 20
205.675
 97
0
 75
0
 76
1
 98
0
  0
HATCH
  5
1C7
330
17
100
AcDbEntity
  8
RASTER
 62
7
100
AcDbHatch
 10
0.0
 20
0.0
 30
0.0
210
0.0
220
0.0
230
1.0
  2
SOLID
 70
1
 71
0
 91
1
 92
3
 72
0
 73
1
 93
4
 10
353.585
 20
380.325
 10
353.935
 20
380.325
 10
353.935
 20
355.675
 10
353.585
 20
355.675
 97
0
 75
0
 76
1
 98
0
  0
HATCH
  5
1C8
330
17
100
AcDbEntity
  8
RASTER
 62
7
100
AcDbHatch
 10
0.0
 20
0.0
 30
0.0
210
0.0
220
0.0
230
1.0
  2
SOLID
 70
1
 71
0
 91
1
 92
3
 72
0
 73
1
 93
4
 10
353.585
 20
355.325
 10
353.935
 20
355.325
 10
353.935
 20
330.675
 10
353.585
 20
330.675
 97
0
 75
0
 76
1
 98
0
  0
HATCH
  5
1C9
330
17
100
AcDbEntity
  8
RASTER
 62
7
100
AcDbHatch
 10
0.0
 20
0.0
 30
0.0
210
0.0
220
0.0
230
1.0
  2
SOLID
 70
1
 71
0
 91
1
 92
3
 72
0
 73
1
 93
4
 10
353.585
 20
330.325
 10
353.935
 20
330.325
 10
353.935
 20
305.675
 10
353.585
 20
305.675
 97
0
 75
0
 76
1
 98
0
  0
HATCH
  5
1CA
330
17
100
AcDbEntity
  8
RASTER
 62
7
100
AcDbHatch
 10
0.0
 20
0.0
 30
0.0
210
0.0
220
0.0
230
1.0
  2
SOLID
 70
1
 71
0
 91
1
 92
3
 72
0
 73
1
 93
4
 10
353.585
 20
305.325
 10
353.935
 20
305.325
 10
353.935
 20
280.675
 10
353.585
 20
280.675
 97
0
 75
0
 76
1
 98
0
  0
HATCH
  5
1CB
330
17
100
AcDbEntity
  8
RASTER
 62
7
100
AcDbHatch
 10
0.0
 20
0.0
 30
0.0
210
0.0
220
0.0
230
1.0
  2
SOLID
 70
1
 71
0
 91
1
 92
3
 72
0
 73
1
 93
4
 10
353.585
 20
280.325
 10
353.935
 20
280.325
 10
353.935
 20
255.675
 10
353.585
 20
255.675
 97
0
 75
0
 76
1
 98
0
  0
HATCH
  5
1CC
330
17
100
AcDbEntity
  8
RASTER
 62
7
100
AcDbHatch
 10
0.0
 20
0.0
 30
0.0
210
0.0
220
0.0
230
1.0
  2
SOLID
 70
1
 71
0
 91
1
 92
3
 72
0
 73
1
 93
4
 10
353.585
 20
255.325
 10
353.935
 20
255.325
 10
353.935
 20
230.675
 10
353.585
 20
230.675
 97
0
 75
0
 76
1
 98
0
  0
HATCH
  5
1CD
330
17
100
AcDbEntity
  8
RASTER
 62
7
100
AcDbHatch
 10
0.0
 20
0.0
 30
0.0
210
0.0
220
0.0
230
1.0
  2
SOLID
 70
1
 71
0
 91
1
 92
3
 72
0
 73
1
 93
4
 10
378.585
 20
380.325
 10
378.935
 20
380.325
 10
378.935
 20
355.675
 10
378.585
 20
355.675
 97
0
 75
0
 76
1
 98
0
  0
HATCH
  5
1CE
330
17
100
AcDbEntity
  8
RASTER
 62
7
100
AcDbHatch
 10
0.0
 20
0.0
 30
0.0
210
0.0
220
0.0
230
1.0
  2
SOLID
 70
1
 71
0
 91
1
 92
3
 72
0
 73
1
 93
4
 10
378.585
 20
355.325
 10
378.935
 20
355.325
 10
378.935
 20
330.675
 10
378.585
 20
330.675
 97
0
 75
0
 76
1
 98
0
  0
HATCH
  5
1CF
330
17
100
AcDbEntity
  8
RASTER
 62
7
100
AcDbHatch
 10
0.0
 20
0.0
 30
0.0
210
0.0
220
0.0
230
1.0
  2
SOLID
 70
1
 71
0
 91
1
 92
3
 72
0
 73
1
 93
4
 10
378.585
 20
330.325
 10
378.935
 20
330.325
 10
378.935
 20
305.675
 10
378.585
 20
305.675
 97
0
 75
0
 76
1
 98
0
  0
HATCH
  5
1D0
330
17
100
AcDbEntity
  8
RASTER
 62
7
100
AcDbHatch
 10
0.0
 20
0.0
 30
0.0
210
0.0
220
0.0
230
1.0
  2
SOLID
 70
1
 71
0
 91
1
 92
3
 72
0
 73
1
 93
4
 10
378.585
 20
305.325
 10
378.935
 20
305.325
 10
378.935
 20
280.675
 10
378.585
 20
280.675
 97
0
 75
0
 76
1
 98
0
  0
HATCH
  5
1D1
330
17
100
AcDbEntity
  8
RASTER
 62
7
100
AcDbHatch
 10
0.0
 20
0.0
 30
0.0
210
0.0
220
0.0
230
1.0
  2
SOLID
 70
1
 71
0
 91
1
 92
3
 72
0
 73
1
 93
4
 10
378.585
 20
280.325
 10
378.935
 20
280.325
 10
378.935
 20
255.675
 10
378.585
 20
255.675
 97
0
 75
0
 76
1
 98
0
  0
HATCH
  5
1D2
330
17
100
AcDbEntity
  8
RASTER
 62
7
100
AcDbHatch
 10
0.0
 20
0.0
 30
0.0
210
0.0
220
0.0
230
1.0
  2
SOLID
 70
1
 71
0
 91
1
 92
3
 72
0
 73
1
 93
4
 10
378.585
 20
255.325
 10
378.935
 20
255.325
 10
378.935
 20
230.675
 10
378.585
 20
230.675
 97
0
 75
0
 76
1
 98
0
  0
HATCH
  5
1D3
330
17
100
AcDbEntity
  8
RASTER
 62
7
100
AcDbHatch
 10
0.0
 20
0.0
 30
0.0
210
0.0
220
0.0
230
1.0
  2
SOLID
 70
1
 71
0
 91
1
 92
3
 72
0
 73
1
 93
4
 10
403.585
 20
380.325
 10
403.935
 20
380.325
 10
403.935
 20
355.675
 10
403.585
 20
355.675
 97
0
 75
0
 76
1
 98
0
  0
HATCH
  5
1D4
330
17
100
AcDbEntity
  8
RASTER
 62
7
100
AcDbHatch
 10
0.0
 20
0.0
 30
0.0
210
0.0
220
0.0
230
1.0
  2
SOLID
 70
1
 71
0
 91
1
 92
3
 72
0
 73
1
 93
4
 10
403.585
 20
355.325
 10
403.935
 20
355.325
 10
403.935
 20
330.675
 10
403.585
 20
330.675
 97
0
 75
0
 76
1
 98
0
  0
HATCH
  5
1D5
330
17
100
AcDbEntity
  8
RASTER
 62
7
100
AcDbHatch
 10
0.0
 20
0.0
 30
0.0
210
0.0
220
0.0
230
1.0
  2
SOLID
 70
1
 71
0
 91
1
 92
3
 72
0
 73
1
 93
4
 10
403.585
 20
330.325
 10
403.935
 20
330.325
 10
403.935
 20
305.675
 10
403.585
 20
305.675
 97
0
 75
0
 76
1
 98
0
  0
HATCH
  5
1D6
330
17
100
AcDbEntity
  8
RASTER
 62
7
100
AcDbHatch
 10
0.0
 20
0.0
 30
0.0
210
0.0
220
0.0
230
1.0
  2
SOLID
 70
1
 71
0
 91
1
 92
3
 72
0
 73
1
 93
4
 10
403.585
 20
305.325
 10
403.935
 20
305.325
 10
403.935
 20
280.675
 10
403.585
 20
280.675
 97
0
 75
0
 76
1
 98
0
  0
HATCH
  5
1D7
330
17
100
AcDbEntity
  8
RASTER
 62
7
100
AcDbHatch
 10
0.0
 20
0.0
 30
0.0
210
0.0
220
0.0
230
1.0
  2
SOLID
 70
1
 71
0
 91
1
 92
3
 72
0
 73
1
 93
4
 10
403.585
 20
280.325
 10
403.935
 20
280.325
 10
403.935
 20
255.675
 10
403.585
 20
255.675
 97
0
 75
0
 76
1
 98
0
  0
HATCH
  5
1D8
330
17
100
AcDbEntity
  8
RASTER
 62
7
100
AcDbHatch
 10
0.0
 20
0.0
 30
0.0
210
0.0
220
0.0
230
1.0
  2
SOLID
 70
1
 71
0
 91
1
 92
3
 72
0
 73
1
 93
4
 10
428.585
 20
380.325
 10
428.935
 20
380.325
 10
428.935
 20
355.675
 10
428.585
 20
355.675
 97
0
 75
0
 76
1
 98
0
  0
HATCH
  5
1D9
330
17
100
AcDbEntity
  8
RASTER
 62
7
100
AcDbHatch
 10
0.0
 20
0.0
 30
0.0
210
0.0
220
0.0
230
1.0
  2
SOLID
 70
1
 71
0
 91
1
 92
3
 72
0
 73
1
 93
4
 10
428.585
 20
355.325
 10
428.935
 20
355.325
 10
428.935
 20
330.675
 10
428.585
 20
330.675
 97
0
 75
0
 76
1
 98
0
  0
HATCH
  5
1DA
330
17
100
AcDbEntity
  8
RASTER
 62
7
100
AcDbHatch
 10
0.0
 20
0.0
 30
0.0
210
0.0
220
0.0
230
1.0
  2
SOLID
 70
1
 71
0
 91
1
 92
3
 72
0
 73
1
 93
4
 10
428.585
 20
330.325
 10
428.935
 20
330.325
 10
428.935
 20
305.675
 10
428.585
 20
305.675
 97
0
 75
0
 76
1
 98
0
  0
HATCH
  5
1DB
330
17
100
AcDbEntity
  8
RASTER
 62
7
100
AcDbHatch
 10
0.0
 20
0.0
 30
0.0
210
0.0
220
0.0
230
1.0
  2
SOLID
 70
1
 71
0
 91
1
 92
3
 72
0
 73
1
 93
4
 10
428.585
 20
305.325
 10
428.935
 20
305.325
 10
428.935
 20
280.675
 10
428.585
 20
280.675
 97
0
 75
0
 76
1
 98
0
  0
HATCH
  5
1DC
330
17
100
AcDbEntity
  8
RASTER
 62
7
100
AcDbHatch
 10
0.0
 20
0.0
 30
0.0
210
0.0
220
0.0
230
1.0
  2
SOLID
 70
1
 71
0
 91
1
 92
3
 72
0
 73
1
 93
4
 10
453.585
 20
380.325
 10
453.935
 20
380.325
 10
453.935
 20
355.675
 10
453.585
 20
355.675
 97
0
 75
0
 76
1
 98
0
  0
HATCH
  5
1DD
330
17
100
AcDbEntity
  8
RASTER
 62
7
100
AcDbHatch
 10
0.0
 20
0.0
 30
0.0
210
0.0
220
0.0
230
1.0
  2
SOLID
 70
1
 71
0
 91
1
 92
3
 72
0
 73
1
 93
4
 10
453.585
 20
355.325
 10
453.935
 20
355.325
 10
453.935
 20
330.675
 10
453.585
 20
330.675
 97
0
 75
0
 76
1
 98
0
  0
LWPOLYLINE
  5
1DE
330
17
100
AcDbEntity
  8
CUT
100
AcDbPolyline
 90
369
 70
1
 10
548.357
 20
391.694
 10
548.539
 20
391.231
 10
548.609
 20
390.98
 10
548.679
 20
390.73
 10
548.729
 20
390.461
 10
548.779
 20
390.191
 10
548.808
 20
389.903
 10
548.838
 20
389.615
 10
548.848
 20
389.307
 10
548.858
 20
389.002
 10
548.858
 20
388.51
 10
548.858
 20
388.021
 10
548.858
 20
387.531
 10
548.858
 20
387.041
 10
548.858
 20
386.288
 10
546.258
 20
386.288
 10
546.258
 20
377.513
 10
548.858
 20
377.513
 10
548.858
 20
376.759
 10
548.858
 20
376.269
 10
548.858
 20
375.779
 10
548.858
 20
375.29
 10
548.858
 20
374.798
 10
548.848
 20
374.493
 10
548.838
 20
374.185
 10
548.808
 20
373.897
 10
548.779
 20
373.609
 10
548.729
 20
373.339
 10
548.679
 20
373.07
 10
548.609
 20
372.82
 10
548.539
 20
372.569
 10
548.357
 20
372.106
 10
548.135
 20
371.682
 10
547.872
 20
371.297
 10
547.568
 20
370.953
 10
547.223
 20
370.648
 10
546.838
 20
370.385
 10
546.414
 20
370.163
 10
545.952
 20
369.982
 10
545.701
 20
369.912
 10
545.451
 20
369.842
 10
545.181
 20
369.792
 10
544.912
 20
369.742
 10
544.623
 20
369.712
 10
544.335
 20
369.682
 10
544.028
 20
369.672
 10
543.723
 20
369.663
 10
543.22
 20
369.663
 10
542.72
 20
369.663
 10
542.22
 20
369.663
 10
541.72
 20
369.663
 10
541.008
 20
369.663
 10
541.008
 20
372.263
 10
532.233
 20
372.263
 10
532.233
 20
369.663
 10
531.72
 20
369.663
 10
531.22
 20
369.663
 10
530.72
 20
369.663
 10
530.22
 20
369.663
 10
529.72
 20
369.663
 10
529.22
 20
369.663
 10
528.72
 20
369.663
 10
528.22
 20
369.663
 10
527.72
 20
369.663
 10
527.22
 20
369.663
 10
526.72
 20
369.663
 10
526.22
 20
369.663
 10
525.72
 20
369.663
 10
525.22
 20
369.663
 10
524.72
 20
369.663
 10
524.22
 20
369.663
 10
523.72
 20
369.663
 10
523.22
 20
369.663
 10
522.72
 20
369.663
 10
522.22
 20
369.663
 10
521.72
 20
369.663
 10
521.22
 20
369.663
 10
520.72
 20
369.663
 10
520.22
 20
369.663
 10
519.72
 20
369.663
 10
519.22
 20
369.663
 10
518.72
 20
369.663
 10
518.22
 20
369.663
 10
517.72
 20
369.663
 10
517.22
 20
369.663
 10
516.72
 20
369.663
 10
516.008
 20
369.663
 10
516.008
 20
372.263
 10
507.233
 20
372.263
 10
507.233
 20
369.663
 10
506.72
 20
369.663
 10
506.22
 20
369.663
 10
505.72
 20
369.663
 10
505.22
 20
369.663
 10
504.72
 20
369.663
 10
504.22
 20
369.663
 10
503.723
 20
369.663
 10
503.422
 20
369.653
 10
503.124
 20
369.643
 10
502.846
 20
369.614
 10
502.568
 20
369.586
 10
502.31
 20
369.538
 10
502.052
 20
369.49
 10
501.814
 20
369.423
 10
501.577
 20
369.357
 10
501.141
 20
369.186
 10
500.745
 20
368.979
 10
500.387
 20
368.734
 10
500.068
 20
368.453
 10
499.786
 20
368.133
 10
499.542
 20
367.776
 10
499.334
 20
367.38
 10
499.164
 20
366.944
 10
499.097
 20
366.706
 10
499.03
 20
366.468
 10
498.983
 20
366.211
 10
498.935
 20
365.952
 10
498.906
 20
365.675
 10
498.877
 20
365.396
 10
498.868
 20
365.098
 10
498.858
 20
364.798
 10
498.858
 20
364.3
 10
498.858
 20
363.8
 10
498.858
 20
363.3
 10
498.858
 20
362.8
 10
498.858
 20
362.3
 10
498.858
 20
361.8
 10
498.858
 20
361.288
 10
496.258
 20
361.288
 10
496.258
 20
352.513
 10
498.858
 20
352.513
 10
498.858
 20
351.8
 10
498.858
 20
351.3
 10
498.858
 20
350.8
 10
498.858
 20
350.3
 10
498.858
 20
349.798
 10
498.848
 20
349.493
 10
498.838
 20
349.185
 10
498.808
 20
348.897
 10
498.779
 20
348.609
 10
498.729
 20
348.339
 10
498.679
 20
348.07
 10
498.609
 20
347.82
 10
498.539
 20
347.569
 10
498.357
 20
347.106
 10
498.135
 20
346.682
 10
497.872
 20
346.297
 10
497.568
 20
345.953
 10
497.223
 20
345.648
 10
496.838
 20
345.385
 10
496.414
 20
345.163
 10
495.952
 20
344.982
 10
495.701
 20
344.912
 10
495.451
 20
344.842
 10
495.181
 20
344.792
 10
494.912
 20
344.742
 10
494.623
 20
344.712
 10
494.335
 20
344.682
 10
494.028
 20
344.672
 10
493.723
 20
344.663
 10
493.231
 20
344.663
 10
492.741
 20
344.663
 10
492.252
 20
344.663
 10
491.762
 20
344.663
 10
491.008
 20
344.663
 10
491.008
 20
347.263
 10
482.233
 20
347.263
 10
482.233
 20
344.663
 10
481.479
 20
344.663
 10
480.989
 20
344.663
 10
480.5
 20
344.663
 10
480.01
 20
344.663
 10
479.518
 20
344.663
 10
479.213
 20
344.672
 10
478.906
 20
344.682
 10
478.618
 20
344.712
 10
478.329
 20
344.742
 10
478.06
 20
344.792
 10
477.79
 20
344.842
 10
477.54
 20
344.912
 10
477.289
 20
344.982
 10
476.827
 20
345.163
 10
476.403
 20
345.385
 10
476.018
 20
345.648
 10
475.673
 20
345.953
 10
475.369
 20
346.297
 10
475.106
 20
346.682
 10
474.883
 20
347.106
 10
474.702
 20
347.569
 10
474.632
 20
347.82
 10
474.562
 20
348.07
 10
474.512
 20
348.339
 10
474.462
 20
348.609
 10
474.433
 20
348.897
 10
474.403
 20
349.185
 10
474.393
 20
349.493
 10
474.383
 20
349.798
 10
474.383
 20
350.296
 10
474.383
 20
350.792
 10
474.383
 20
351.289
 10
474.383
 20
351.785
 10
474.383
 20
352.513
 10
476.983
 20
352.513
 10
476.983
 20
361.288
 10
474.383
 20
361.288
 10
474.383
 20
361.709
 10
474.383
 20
362.205
 10
474.383
 20
362.701
 10
474.383
 20
363.197
 10
474.383
 20
363.694
 10
474.383
 20
364.19
 10
474.383
 20
364.686
 10
474.383
 20
365.182
 10
474.383
 20
365.678
 10
474.383
 20
366.175
 10
474.383
 20
366.671
 10
474.383
 20
367.167
 10
474.383
 20
367.663
 10
474.383
 20
368.159
 10
474.383
 20
368.656
 10
474.383
 20
369.152
 10
474.383
 20
369.648
 10
474.383
 20
370.144
 10
474.383
 20
370.641
 10
474.383
 20
371.137
 10
474.383
 20
371.633
 10
474.383
 20
372.129
 10
474.383
 20
372.625
 10
474.383
 20
373.122
 10
474.383
 20
373.618
 10
474.383
 20
374.114
 10
474.383
 20
374.61
 10
474.383
 20
375.106
 10
474.383
 20
375.603
 10
474.383
 20
376.099
 10
474.383
 20
376.595
 10
474.383
 20
377.091
 10
474.383
 20
377.513
 10
476.983
 20
377.513
 10
476.983
 20
386.288
 10
474.383
 20
386.288
 10
474.383
 20
387.015
 10
474.383
 20
387.511
 10
474.383
 20
388.008
 10
474.383
 20
388.504
 10
474.383
 20
389.002
 10
474.393
 20
389.307
 10
474.403
 20
389.615
 10
474.433
 20
389.903
 10
474.462
 20
390.191
 10
474.512
 20
390.461
 10
474.562
 20
390.73
 10
474.632
 20
390.98
 10
474.702
 20
391.231
 10
474.883
 20
391.694
 10
475.106
 20
392.118
 10
475.369
 20
392.503
 10
475.673
 20
392.847
 10
476.018
 20
393.152
 10
476.403
 20
393.415
 10
476.827
 20
393.637
 10
477.289
 20
393.818
 10
477.54
 20
393.888
 10
477.79
 20
393.958
 10
478.06
 20
394.008
 10
478.329
 20
394.058
 10
478.618
 20
394.088
 10
478.906
 20
394.118
 10
479.213
 20
394.128
 10
479.518
 20
394.138
 10
480.018
 20
394.138
 10
480.516
 20
394.138
 10
481.013
 20
394.138
 10
481.511
 20
394.138
 10
482.233
 20
394.138
 10
482.233
 20
391.538
 10
491.008
 20
391.538
 10
491.008
 20
394.138
 10
491.465
 20
394.138
 10
491.962
 20
394.138
 10
492.46
 20
394.138
 10
492.958
 20
394.138
 10
493.455
 20
394.138
 10
493.953
 20
394.138
 10
494.451
 20
394.138
 10
494.948
 20
394.138
 10
495.446
 20
394.138
 10
495.944
 20
394.138
 10
496.441
 20
394.138
 10
496.939
 20
394.138
 10
497.437
 20
394.138
 10
497.934
 20
394.138
 10
498.432
 20
394.138
 10
498.93
 20
394.138
 10
499.427
 20
394.138
 10
499.925
 20
394.138
 10
500.423
 20
394.138
 10
500.92
 20
394.138
 10
501.418
 20
394.138
 10
501.916
 20
394.138
 10
502.413
 20
394.138
 10
502.911
 20
394.138
 10
503.409
 20
394.138
 10
503.907
 20
394.138
 10
504.404
 20
394.138
 10
504.902
 20
394.138
 10
505.4
 20
394.138
 10
505.897
 20
394.138
 10
506.395
 20
394.138
 10
506.893
 20
394.138
 10
507.233
 20
394.138
 10
507.233
 20
391.538
 10
516.008
 20
391.538
 10
516.008
 20
394.138
 10
516.348
 20
394.138
 10
516.846
 20
394.138
 10
517.344
 20
394.138
 10
517.841
 20
394.138
 10
518.339
 20
394.138
 10
518.837
 20
394.138
 10
519.334
 20
394.138
 10
519.832
 20
394.138
 10
520.33
 20
394.138
 10
520.827
 20
394.138
 10
521.325
 20
394.138
 10
521.823
 20
394.138
 10
522.32
 20
394.138
 10
522.818
 20
394.138
 10
523.316
 20
394.138
 10
523.813
 20
394.138
 10
524.311
 20
394.138
 10
524.809
 20
394.138
 10
525.307
 20
394.138
 10
525.804
 20
394.138
 10
526.302
 20
394.138
 10
526.8
 20
394.138
 10
527.297
 20
394.138
 10
527.795
 20
394.138
 10
528.293
 20
394.138
 10
528.79
 20
394.138
 10
529.288
 20
394.138
 10
529.786
 20
394.138
 10
530.283
 20
394.138
 10
530.781
 20
394.138
 10
531.279
 20
394.138
 10
531.776
 20
394.138
 10
532.233
 20
394.138
 10
532.233
 20
391.538
 10
541.008
 20
391.538
 10
541.008
 20
394.138
 10
541.73
 20
394.138
 10
542.227
 20
394.138
 10
542.725
 20
394.138
 10
543.223
 20
394.138
 10
543.723
 20
394.138
 10
544.028
 20
394.128
 10
544.335
 20
394.118
 10
544.623
 20
394.088
 10
544.912
 20
394.058
 10
545.181
 20
394.008
 10
545.451
 20
393.958
 10
545.701
 20
393.888
 10
545.952
 20
393.818
 10
546.414
 20
393.637
 10
546.838
 20
393.415
 10
547.223
 20
393.152
 10
547.568
 20
392.847
 10
547.872
 20
392.503
 10
548.135
 20
392.118
  0
HATCH
  5
1DF
330
17
100
AcDbEntity
  8
RASTER
 62
7
100
AcDbHatch
 10
0.0
 20
0.0
 30
0.0
210
0.0
220
0.0
230
1.0
  2
SOLID
 70
1
 71
0
 91
2
 92
3
 72
0
 73
1
 93
386
 10
477.062
 20
386.405
 10
477.07
 20
386.698
 10
477.069
 20
386.987
 10
477.069
 20
387.546
 10
477.065
 20
388.085
 10
477.074
 20
388.624
 10
477.125
 20
389.17
 10
477.25
 20
389.712
 10
477.472
 20
390.231
 10
477.801
 20
390.696
 10
478.231
 20
391.076
 10
478.739
 20
391.348
 10
479.297
 20
391.502
 10
479.874
 20
391.55
 10
480.448
 20
391.52
 10
481.009
 20
391.451
 10
481.572
 20
391.383
 10
481.849
 20
391.355
 10
482.126
 20
391.346
 10
482.698
 20
391.359
 10
483.28
 20
391.416
 10
483.875
 20
391.487
 10
484.479
 20
391.548
 10
485.083
 20
391.588
 10
485.68
 20
391.616
 10
486.266
 20
391.652
 10
486.846
 20
391.717
 10
487.428
 20
391.817
 10
488.02
 20
391.942
 10
488.629
 20
392.062
 10
489.256
 20
392.137
 10
489.895
 20
392.129
 10
490.531
 20
392.023
 10
491.153
 20
391.84
 10
491.754
 20
391.625
 10
492.334
 20
391.431
 10
492.895
 20
391.299
 10
493.447
 20
391.251
 10
494.005
 20
391.286
 10
494.578
 20
391.385
 10
495.17
 20
391.514
 10
495.776
 20
391.638
 10
496.389
 20
391.728
 10
496.999
 20
391.78
 10
497.601
 20
391.809
 10
498.193
 20
391.837
 10
498.78
 20
391.882
 10
499.371
 20
391.944
 10
499.974
 20
392.009
 10
500.591
 20
392.047
 10
501.22
 20
392.025
 10
501.851
 20
391.924
 10
502.47
 20
391.754
 10
503.072
 20
391.552
 10
503.653
 20
391.367
 10
504.214
 20
391.243
 10
504.762
 20
391.205
 10
505.314
 20
391.259
 10
505.883
 20
391.39
 10
506.471
 20
391.565
 10
507.079
 20
391.737
 10
507.699
 20
391.868
 10
508.322
 20
391.937
 10
508.939
 20
391.952
 10
509.543
 20
391.937
 10
510.137
 20
391.918
 10
510.727
 20
391.912
 10
511.321
 20
391.917
 10
511.926
 20
391.917
 10
512.542
 20
391.886
 10
513.163
 20
391.802
 10
513.779
 20
391.665
 10
514.381
 20
391.498
 10
514.965
 20
391.341
 10
515.528
 20
391.237
 10
516.078
 20
391.214
 10
516.629
 20
391.283
 10
517.195
 20
391.433
 10
517.782
 20
391.633
 10
518.39
 20
391.835
 10
519.015
 20
391.991
 10
519.649
 20
392.069
 10
520.278
 20
392.064
 10
520.893
 20
392.003
 10
521.493
 20
391.921
 10
522.082
 20
391.848
 10
522.667
 20
391.796
 10
523.259
 20
391.762
 10
523.86
 20
391.728
 10
524.469
 20
391.673
 10
525.079
 20
391.583
 10
525.682
 20
391.469
 10
526.269
 20
391.357
 10
526.839
 20
391.283
 10
527.395
 20
391.276
 10
527.95
 20
391.352
 10
528.516
 20
391.506
 10
529.103
 20
391.711
 10
529.71
 20
391.921
 10
530.338
 20
392.085
 10
530.978
 20
392.159
 10
531.616
 20
392.134
 10
532.239
 20
392.031
 10
532.844
 20
391.893
 10
533.432
 20
391.76
 10
534.01
 20
391.659
 10
534.588
 20
391.599
 10
535.174
 20
391.569
 10
535.77
 20
391.549
 10
536.373
 20
391.517
 10
536.975
 20
391.468
 10
537.568
 20
391.412
 10
538.148
 20
391.375
 10
538.714
 20
391.385
 10
539.277
 20
391.459
 10
539.846
 20
391.601
 10
540.433
 20
391.789
 10
541.044
 20
391.985
 10
541.377
 20
392.063
 10
541.738
 20
392.121
 10
542.4
 20
392.115
 10
543.026
 20
391.964
 10
543.579
 20
391.698
 10
544.049
 20
391.357
 10
544.437
 20
390.98
 10
544.754
 20
390.591
 10
545.018
 20
390.208
 10
545.246
 20
389.83
 10
545.456
 20
389.45
 10
545.655
 20
389.049
 10
545.842
 20
388.613
 10
546.006
 20
388.129
 10
546.129
 20
387.594
 10
546.201
 20
387.014
 10
546.212
 20
386.707
 10
546.222
 20
386.407
 10
546.236
 20
385.816
 10
546.283
 20
385.237
 10
546.378
 20
384.66
 10
546.519
 20
384.074
 10
546.682
 20
383.473
 10
546.825
 20
382.852
 10
546.901
 20
382.212
 10
546.876
 20
381.565
 10
546.749
 20
380.926
 10
546.554
 20
380.305
 10
546.343
 20
379.706
 10
546.167
 20
379.128
 10
546.059
 20
378.564
 10
546.029
 20
378.002
 10
546.068
 20
377.429
 10
546.097
 20
377.141
 10
546.135
 20
376.842
 10
546.166
 20
376.253
 10
546.136
 20
375.69
 10
546.039
 20
375.16
 10
545.881
 20
374.669
 10
545.676
 20
374.219
 10
545.434
 20
373.804
 10
545.155
 20
373.416
 10
544.837
 20
373.047
 10
544.47
 20
372.696
 10
544.044
 20
372.371
 10
543.552
 20
372.09
 10
542.99
 20
371.882
 10
542.367
 20
371.779
 10
541.713
 20
371.809
 10
541.361
 20
371.882
 10
541.033
 20
371.971
 10
540.426
 20
372.184
 10
539.843
 20
372.382
 10
539.28
 20
372.518
 10
538.728
 20
372.57
 10
538.173
 20
372.534
 10
537.602
 20
372.427
 10
537.012
 20
372.281
 10
536.405
 20
372.138
 10
535.788
 20
372.03
 10
535.172
 20
371.968
 10
534.563
 20
371.942
 10
533.966
 20
371.927
 10
533.375
 20
371.905
 10
532.784
 20
371.865
 10
532.183
 20
371.82
 10
531.569
 20
371.793
 10
530.944
 20
371.815
 10
530.315
 20
371.909
 10
529.694
 20
372.067
 10
529.09
 20
372.26
 10
528.507
 20
372.44
 10
527.944
 20
372.562
 10
527.394
 20
372.598
 10
526.843
 20
372.542
 10
526.275
 20
372.405
 10
525.687
 20
372.221
 10
525.079
 20
372.035
 10
524.456
 20
371.892
 10
523.828
 20
371.816
 10
523.205
 20
371.806
 10
522.596
 20
371.836
 10
521.998
 20
371.876
 10
521.408
 20
371.906
 10
520.815
 20
371.92
 10
520.214
 20
371.932
 10
519.602
 20
371.964
 10
518.984
 20
372.039
 10
518.368
 20
372.162
 10
517.765
 20
372.313
 10
517.179
 20
372.457
 10
516.613
 20
372.553
 10
516.06
 20
372.571
 10
515.507
 20
372.499
 10
514.94
 20
372.346
 10
514.353
 20
372.142
 10
513.744
 20
371.934
 10
513.116
 20
371.773
 10
512.479
 20
371.696
 10
511.846
 20
371.707
 10
511.226
 20
371.784
 10
510.624
 20
371.886
 10
510.034
 20
371.981
 10
509.45
 20
372.049
 10
508.862
 20
372.093
 10
508.265
 20
372.126
 10
507.659
 20
372.171
 10
507.05
 20
372.243
 10
506.447
 20
372.337
 10
505.857
 20
372.431
 10
505.284
 20
372.492
 10
504.724
 20
372.491
 10
504.166
 20
372.412
 10
503.597
 20
372.258
 10
503.009
 20
372.055
 10
502.4
 20
371.847
 10
501.77
 20
371.689
 10
501.144
 20
371.622
 10
500.824
 20
371.617
 10
500.525
 20
371.639
 10
499.971
 20
371.689
 10
499.457
 20
371.729
 10
498.98
 20
371.723
 10
498.539
 20
371.654
 10
498.137
 20
371.518
 10
497.774
 20
371.317
 10
497.45
 20
371.057
 10
497.165
 20
370.745
 10
496.914
 20
370.387
 10
496.694
 20
369.987
 10
496.501
 20
369.549
 10
496.338
 20
369.073
 10
496.217
 20
368.561
 10
496.16
 20
368.016
 10
496.167
 20
367.727
 10
496.19
 20
367.444
 10
496.304
 20
366.871
 10
496.471
 20
366.286
 10
496.661
 20
365.683
 10
496.825
 20
365.059
 10
496.915
 20
364.417
 10
496.897
 20
363.768
 10
496.777
 20
363.13
 10
496.594
 20
362.511
 10
496.398
 20
361.913
 10
496.237
 20
361.334
 10
496.137
 20
360.765
 10
496.103
 20
360.197
 10
496.124
 20
359.617
 10
496.172
 20
359.024
 10
496.22
 20
358.42
 10
496.252
 20
357.812
 10
496.27
 20
357.21
 10
496.293
 20
356.619
 10
496.343
 20
356.036
 10
496.435
 20
355.456
 10
496.565
 20
354.868
 10
496.712
 20
354.264
 10
496.834
 20
353.642
 10
496.888
 20
353.002
 10
496.842
 20
352.353
 10
496.768
 20
352.012
 10
496.671
 20
351.67
 10
496.409
 20
351.078
 10
496.109
 20
350.562
 10
495.815
 20
350.123
 10
495.547
 20
349.742
 10
495.306
 20
349.397
 10
495.079
 20
349.067
 10
494.842
 20
348.736
 10
494.574
 20
348.402
 10
494.254
 20
348.073
 10
493.87
 20
347.767
 10
493.42
 20
347.504
 10
492.911
 20
347.3
 10
492.357
 20
347.156
 10
491.768
 20
347.063
 10
491.456
 20
347.034
 10
491.155
 20
347.0
 10
490.558
 20
346.934
 10
489.962
 20
346.849
 10
489.352
 20
346.765
 10
488.726
 20
346.717
 10
488.089
 20
346.74
 10
487.453
 20
346.85
 10
486.829
 20
347.032
 10
486.225
 20
347.242
 10
485.643
 20
347.43
 10
485.08
 20
347.552
 10
484.527
 20
347.584
 10
483.969
 20
347.527
 10
483.393
 20
347.398
 10
482.797
 20
347.234
 10
482.182
 20
347.078
 10
481.858
 20
347.023
 10
481.521
 20
346.982
 10
480.897
 20
346.989
 10
480.311
 20
347.08
 10
479.772
 20
347.231
 10
479.276
 20
347.425
 10
478.815
 20
347.657
 10
478.385
 20
347.931
 10
477.988
 20
348.253
 10
477.634
 20
348.633
 10
477.338
 20
349.076
 10
477.119
 20
349.577
 10
476.995
 20
350.126
 10
476.97
 20
350.704
 10
477.033
 20
351.292
 10
477.149
 20
351.882
 10
477.217
 20
352.17
 10
477.265
 20
352.445
 10
477.317
 20
352.999
 10
477.276
 20
353.548
 10
477.149
 20
354.111
 10
476.963
 20
354.693
 10
476.764
 20
355.297
 10
476.599
 20
355.918
 10
476.504
 20
356.548
 10
476.484
 20
357.176
 10
476.521
 20
357.792
 10
476.581
 20
358.394
 10
476.637
 20
358.985
 10
476.675
 20
359.574
 10
476.699
 20
360.168
 10
476.728
 20
360.772
 10
476.785
 20
361.385
 10
476.882
 20
361.999
 10
477.012
 20
362.605
 10
477.145
 20
363.195
 10
477.244
 20
363.767
 10
477.275
 20
364.324
 10
477.222
 20
364.876
 10
477.085
 20
365.439
 10
476.887
 20
366.021
 10
476.673
 20
366.624
 10
476.494
 20
367.248
 10
476.395
 20
367.885
 10
476.392
 20
368.523
 10
476.469
 20
369.148
 10
476.586
 20
369.756
 10
476.705
 20
370.348
 10
476.798
 20
370.93
 10
476.858
 20
371.512
 10
476.893
 20
372.101
 10
476.923
 20
372.7
 10
476.97
 20
373.305
 10
477.038
 20
373.91
 10
477.115
 20
374.505
 10
477.174
 20
375.084
 10
477.183
 20
375.65
 10
477.124
 20
376.209
 10
476.991
 20
376.776
 10
476.802
 20
377.358
 10
476.596
 20
377.961
 10
476.424
 20
378.585
 10
476.334
 20
379.225
 10
476.35
 20
379.868
 10
476.461
 20
380.5
 10
476.625
 20
381.112
 10
476.794
 20
381.704
 10
476.93
 20
382.281
 10
477.014
 20
382.852
 10
477.048
 20
383.426
 10
477.047
 20
384.011
 10
477.037
 20
384.608
 10
477.036
 20
385.21
 10
477.049
 20
385.81
 97
0
 92
3
 72
0
 73
1
 93
387
 10
477.662
 20
386.39
 10
477.649
 20
385.797
 10
477.636
 20
385.204
 10
477.637
 20
384.613
 10
477.647
 20
384.017
 10
477.648
 20
383.409
 10
477.612
 20
382.79
 10
477.52
 20
382.168
 10
477.375
 20
381.552
 10
477.203
 20
380.951
 10
477.047
 20
380.37
 10
476.949
 20
379.809
 10
476.935
 20
379.259
 10
477.013
 20
378.707
 10
477.17
 20
378.138
 10
477.371
 20
377.547
 10
477.569
 20
376.937
 10
477.716
 20
376.31
 10
477.784
 20
375.677
 10
477.773
 20
375.049
 10
477.711
 20
374.436
 10
477.634
 20
373.838
 10
477.567
 20
373.249
 10
477.522
 20
372.662
 10
477.492
 20
372.068
 10
477.456
 20
371.464
 10
477.393
 20
370.852
 10
477.296
 20
370.241
 10
477.175
 20
369.64
 10
477.062
 20
369.055
 10
476.993
 20
368.488
 10
476.995
 20
367.933
 10
477.082
 20
367.377
 10
477.245
 20
366.807
 10
477.454
 20
366.218
 10
477.661
 20
365.607
 10
477.815
 20
364.977
 10
477.877
 20
364.336
 10
477.841
 20
363.699
 10
477.734
 20
363.078
 10
477.598
 20
362.476
 10
477.472
 20
361.889
 10
477.38
 20
361.31
 10
477.327
 20
360.73
 10
477.298
 20
360.141
 10
477.274
 20
359.542
 10
477.235
 20
358.938
 10
477.179
 20
358.336
 10
477.119
 20
357.744
 10
477.085
 20
357.168
 10
477.102
 20
356.603
 10
477.188
 20
356.04
 10
477.339
 20
355.468
 10
477.534
 20
354.879
 10
477.728
 20
354.268
 10
477.871
 20
353.637
 10
477.919
 20
352.994
 10
477.86
 20
352.365
 10
477.805
 20
352.049
 10
477.735
 20
351.755
 10
477.626
 20
351.202
 10
477.571
 20
350.685
 10
477.592
 20
350.206
 10
477.692
 20
349.765
 10
477.866
 20
349.365
 10
478.106
 20
349.007
 10
478.399
 20
348.693
 10
478.736
 20
348.418
 10
479.111
 20
348.18
 10
479.52
 20
347.974
 10
479.963
 20
347.801
 10
480.438
 20
347.668
 10
480.946
 20
347.589
 10
481.488
 20
347.583
 10
481.772
 20
347.617
 10
482.058
 20
347.666
 10
482.644
 20
347.814
 10
483.248
 20
347.98
 10
483.872
 20
348.12
 10
484.514
 20
348.186
 10
485.161
 20
348.148
 10
485.798
 20
348.01
 10
486.416
 20
347.811
 10
487.012
 20
347.603
 10
487.588
 20
347.436
 10
488.152
 20
347.338
 10
488.714
 20
347.318
 10
489.288
 20
347.362
 10
489.879
 20
347.443
 10
490.483
 20
347.53
 10
491.089
 20
347.597
 10
491.395
 20
347.631
 10
491.693
 20
347.659
 10
492.235
 20
347.744
 10
492.724
 20
347.871
 10
493.155
 20
348.044
 10
493.53
 20
348.263
 10
493.85
 20
348.518
 10
494.124
 20
348.8
 10
494.364
 20
349.099
 10
494.588
 20
349.411
 10
494.813
 20
349.739
 10
495.056
 20
350.086
 10
495.32
 20
350.462
 10
495.6
 20
350.881
 10
495.874
 20
351.35
 10
496.105
 20
351.874
 10
496.186
 20
352.158
 10
496.247
 20
352.438
 10
496.286
 20
352.998
 10
496.239
 20
353.558
 10
496.125
 20
354.136
 10
495.981
 20
354.732
 10
495.845
 20
355.344
 10
495.747
 20
355.964
 10
495.694
 20
356.581
 10
495.67
 20
357.19
 10
495.652
 20
357.788
 10
495.621
 20
358.38
 10
495.574
 20
358.976
 10
495.525
 20
359.583
 10
495.503
 20
360.203
 10
495.54
 20
360.835
 10
495.651
 20
361.466
 10
495.824
 20
362.087
 10
496.021
 20
362.689
 10
496.193
 20
363.27
 10
496.298
 20
363.832
 10
496.313
 20
364.383
 10
496.236
 20
364.941
 10
496.084
 20
365.517
 10
495.896
 20
366.114
 10
495.72
 20
366.729
 10
495.595
 20
367.361
 10
495.568
 20
367.695
 10
495.559
 20
368.039
 10
495.624
 20
368.662
 10
495.761
 20
369.239
 10
495.941
 20
369.767
 10
496.155
 20
370.254
 10
496.404
 20
370.704
 10
496.695
 20
371.121
 10
497.038
 20
371.496
 10
497.438
 20
371.817
 10
497.894
 20
372.07
 10
498.396
 20
372.239
 10
498.93
 20
372.322
 10
499.476
 20
372.329
 10
500.021
 20
372.287
 10
500.574
 20
372.237
 10
500.842
 20
372.218
 10
501.108
 20
372.221
 10
501.665
 20
372.281
 10
502.229
 20
372.423
 10
502.814
 20
372.623
 10
503.42
 20
372.832
 10
504.045
 20
373.001
 10
504.681
 20
373.091
 10
505.315
 20
373.092
 10
505.936
 20
373.026
 10
506.54
 20
372.93
 10
507.131
 20
372.837
 10
507.716
 20
372.769
 10
508.304
 20
372.725
 10
508.901
 20
372.691
 10
509.507
 20
372.647
 10
510.117
 20
372.575
 10
510.722
 20
372.478
 10
511.313
 20
372.377
 10
511.888
 20
372.307
 10
512.448
 20
372.297
 10
513.005
 20
372.364
 10
513.572
 20
372.509
 10
514.157
 20
372.709
 10
514.763
 20
372.92
 10
515.39
 20
373.089
 10
516.031
 20
373.172
 10
516.673
 20
373.151
 10
517.301
 20
373.045
 10
517.909
 20
372.896
 10
518.5
 20
372.747
 10
519.078
 20
372.632
 10
519.654
 20
372.562
 10
520.236
 20
372.532
 10
520.829
 20
372.52
 10
521.43
 20
372.506
 10
522.034
 20
372.475
 10
522.631
 20
372.435
 10
523.215
 20
372.406
 10
523.787
 20
372.416
 10
524.352
 20
372.484
 10
524.924
 20
372.615
 10
525.509
 20
372.794
 10
526.115
 20
372.984
 10
526.741
 20
373.135
 10
527.384
 20
373.2
 10
528.028
 20
373.158
 10
528.659
 20
373.021
 10
529.27
 20
372.833
 10
529.86
 20
372.644
 10
530.434
 20
372.498
 10
530.999
 20
372.414
 10
531.567
 20
372.393
 10
532.147
 20
372.419
 10
532.741
 20
372.464
 10
533.344
 20
372.504
 10
533.947
 20
372.527
 10
534.543
 20
372.541
 10
535.129
 20
372.567
 10
535.706
 20
372.625
 10
536.284
 20
372.726
 10
536.871
 20
372.865
 10
537.475
 20
373.013
 10
538.098
 20
373.13
 10
538.737
 20
373.172
 10
539.379
 20
373.112
 10
540.01
 20
372.958
 10
540.621
 20
372.752
 10
541.211
 20
372.544
 10
541.501
 20
372.466
 10
541.788
 20
372.406
 10
542.331
 20
372.381
 10
542.835
 20
372.464
 10
543.297
 20
372.636
 10
543.712
 20
372.872
 10
544.079
 20
373.153
 10
544.401
 20
373.46
 10
544.683
 20
373.787
 10
544.93
 20
374.131
 10
545.143
 20
374.496
 10
545.321
 20
374.886
 10
545.456
 20
375.306
 10
545.539
 20
375.761
 10
545.565
 20
376.253
 10
545.537
 20
376.789
 10
545.501
 20
377.074
 10
545.47
 20
377.379
 10
545.428
 20
377.998
 10
545.462
 20
378.636
 10
545.583
 20
379.272
 10
545.773
 20
379.894
 10
545.985
 20
380.495
 10
546.167
 20
381.074
 10
546.278
 20
381.635
 10
546.3
 20
382.188
 10
546.233
 20
382.748
 10
546.1
 20
383.327
 10
545.938
 20
383.926
 10
545.79
 20
384.54
 10
545.687
 20
385.163
 10
545.636
 20
385.784
 10
545.623
 20
386.389
 10
545.612
 20
386.685
 10
545.602
 20
386.966
 10
545.537
 20
387.49
 10
545.428
 20
387.965
 10
545.281
 20
388.398
 10
545.11
 20
388.797
 10
544.924
 20
389.171
 10
544.727
 20
389.53
 10
544.513
 20
389.882
 10
544.274
 20
390.231
 10
543.994
 20
390.574
 10
543.661
 20
390.897
 10
543.271
 20
391.18
 10
542.824
 20
391.395
 10
542.326
 20
391.515
 10
541.783
 20
391.521
 10
541.493
 20
391.474
 10
541.204
 20
391.406
 10
540.616
 20
391.218
 10
540.011
 20
391.023
 10
539.389
 20
390.869
 10
538.759
 20
390.786
 10
538.134
 20
390.775
 10
537.521
 20
390.814
 10
536.922
 20
390.87
 10
536.333
 20
390.919
 10
535.744
 20
390.949
 10
535.148
 20
390.97
 10
534.542
 20
391.001
 10
533.928
 20
391.065
 10
533.314
 20
391.171
 10
532.71
 20
391.308
 10
532.123
 20
391.442
 10
531.555
 20
391.536
 10
531.001
 20
391.558
 10
530.449
 20
391.493
 10
529.884
 20
391.347
 10
529.3
 20
391.144
 10
528.694
 20
390.932
 10
528.069
 20
390.763
 10
527.432
 20
390.676
 10
526.796
 20
390.683
 10
526.174
 20
390.764
 10
525.569
 20
390.88
 10
524.98
 20
390.992
 10
524.398
 20
391.077
 10
523.816
 20
391.13
 10
523.225
 20
391.163
 10
522.624
 20
391.198
 10
522.018
 20
391.251
 10
521.415
 20
391.326
 10
520.823
 20
391.408
 10
520.246
 20
391.465
 10
519.683
 20
391.468
 10
519.125
 20
391.4
 10
518.558
 20
391.259
 10
517.974
 20
391.064
 10
517.369
 20
390.858
 10
516.743
 20
390.692
 10
516.103
 20
390.613
 10
515.461
 20
390.639
 10
514.832
 20
390.755
 10
514.223
 20
390.919
 10
513.633
 20
391.083
 10
513.058
 20
391.211
 10
512.487
 20
391.288
 10
511.911
 20
391.317
 10
511.324
 20
391.317
 10
510.726
 20
391.312
 10
510.124
 20
391.318
 10
509.526
 20
391.337
 10
508.938
 20
391.352
 10
508.363
 20
391.338
 10
507.794
 20
391.274
 10
507.223
 20
391.154
 10
506.638
 20
390.988
 10
506.035
 20
390.81
 10
505.411
 20
390.666
 10
504.771
 20
390.603
 10
504.128
 20
390.647
 10
503.497
 20
390.787
 10
502.886
 20
390.982
 10
502.296
 20
391.18
 10
501.724
 20
391.336
 10
501.162
 20
391.426
 10
500.599
 20
391.447
 10
500.025
 20
391.411
 10
499.435
 20
391.348
 10
498.834
 20
391.284
 10
498.23
 20
391.239
 10
497.63
 20
391.21
 10
497.04
 20
391.182
 10
496.458
 20
391.132
 10
495.879
 20
391.046
 10
495.294
 20
390.927
 10
494.693
 20
390.796
 10
494.075
 20
390.689
 10
493.44
 20
390.649
 10
492.8
 20
390.705
 10
492.17
 20
390.853
 10
491.558
 20
391.058
 10
490.967
 20
391.269
 10
490.397
 20
391.437
 10
489.841
 20
391.529
 10
489.288
 20
391.537
 10
488.723
 20
391.469
 10
488.14
 20
391.354
 10
487.541
 20
391.228
 10
486.93
 20
391.123
 10
486.318
 20
391.054
 10
485.713
 20
391.017
 10
485.117
 20
390.989
 10
484.529
 20
390.95
 10
483.941
 20
390.891
 10
483.345
 20
390.819
 10
482.734
 20
390.759
 10
482.123
 20
390.746
 10
481.808
 20
390.756
 10
481.505
 20
390.787
 10
480.936
 20
390.856
 10
480.396
 20
390.922
 10
479.884
 20
390.949
 10
479.403
 20
390.909
 10
478.963
 20
390.787
 10
478.575
 20
390.58
 10
478.251
 20
390.293
 10
477.999
 20
389.937
 10
477.823
 20
389.526
 10
477.719
 20
389.074
 10
477.673
 20
388.591
 10
477.665
 20
388.082
 10
477.669
 20
387.549
 10
477.669
 20
386.988
 10
477.67
 20
386.692
 10
477.662
 20
386.39
 97
0
 75
0
 76
1
 98
0
  0
HATCH
  5
1E0
330
17
100
AcDbEntity
  8
RASTER
 62
7
100
AcDbHatch
 10
0.0
 20
0.0
 30
0.0
210
0.0
220
0.0
230
1.0
  2
SOLID
 70
1
 71
0
 91
2
 92
3
 72
0
 73
1
 93
346
 10
479.712
 20
383.388
 10
479.71
 20
383.706
 10
479.711
 20
384.027
 10
479.753
 20
384.622
 10
479.824
 20
385.186
 10
479.924
 20
385.727
 10
480.068
 20
386.251
 10
480.275
 20
386.752
 10
480.559
 20
387.215
 10
480.927
 20
387.618
 10
481.372
 20
387.939
 10
481.876
 20
388.159
 10
482.414
 20
388.276
 10
482.961
 20
388.305
 10
483.501
 20
388.275
 10
484.026
 20
388.227
 10
484.56
 20
388.202
 10
484.82
 20
388.202
 10
485.088
 20
388.226
 10
485.656
 20
388.317
 10
486.237
 20
388.461
 10
486.836
 20
388.621
 10
487.45
 20
388.756
 10
488.069
 20
388.842
 10
488.683
 20
388.878
 10
489.286
 20
388.886
 10
489.878
 20
388.891
 10
490.464
 20
388.913
 10
491.055
 20
388.953
 10
491.658
 20
388.994
 10
492.274
 20
389.006
 10
492.901
 20
388.96
 10
493.526
 20
388.843
 10
494.14
 20
388.669
 10
494.736
 20
388.476
 10
495.31
 20
388.313
 10
495.867
 20
388.218
 10
496.416
 20
388.211
 10
496.972
 20
388.29
 10
497.547
 20
388.437
 10
498.141
 20
388.612
 10
498.753
 20
388.772
 10
499.374
 20
388.882
 10
499.995
 20
388.931
 10
500.606
 20
388.935
 10
501.205
 20
388.921
 10
501.794
 20
388.914
 10
502.382
 20
388.925
 10
502.978
 20
388.947
 10
503.586
 20
388.956
 10
504.207
 20
388.924
 10
504.83
 20
388.831
 10
505.447
 20
388.679
 10
506.047
 20
388.499
 10
506.628
 20
388.334
 10
507.189
 20
388.227
 10
507.738
 20
388.204
 10
508.291
 20
388.27
 10
508.859
 20
388.412
 10
509.449
 20
388.597
 10
510.057
 20
388.777
 10
510.679
 20
388.912
 10
511.305
 20
388.979
 10
511.924
 20
388.985
 10
512.529
 20
388.956
 10
513.123
 20
388.922
 10
513.71
 20
388.904
 10
514.3
 20
388.902
 10
514.901
 20
388.903
 10
515.514
 20
388.88
 10
516.134
 20
388.809
 10
516.751
 20
388.682
 10
517.356
 20
388.52
 10
517.942
 20
388.361
 10
518.509
 20
388.246
 10
519.061
 20
388.208
 10
519.611
 20
388.258
 10
520.175
 20
388.391
 10
520.759
 20
388.578
 10
521.363
 20
388.774
 10
521.984
 20
388.932
 10
522.613
 20
389.02
 10
523.239
 20
389.034
 10
523.852
 20
388.996
 10
524.45
 20
388.939
 10
525.039
 20
388.89
 10
525.625
 20
388.863
 10
526.219
 20
388.849
 10
526.824
 20
388.829
 10
527.438
 20
388.777
 10
528.054
 20
388.677
 10
528.662
 20
388.538
 10
529.254
 20
388.39
 10
529.827
 20
388.273
 10
530.383
 20
388.222
 10
530.934
 20
388.256
 10
531.493
 20
388.375
 10
532.072
 20
388.558
 10
532.671
 20
388.764
 10
533.289
 20
388.942
 10
533.92
 20
389.052
 10
534.551
 20
389.079
 10
535.172
 20
389.038
 10
535.776
 20
388.961
 10
536.367
 20
388.885
 10
536.952
 20
388.829
 10
537.539
 20
388.797
 10
538.14
 20
388.774
 10
538.454
 20
388.747
 10
538.778
 20
388.713
 10
539.375
 20
388.578
 10
539.915
 20
388.372
 10
540.388
 20
388.118
 10
540.793
 20
387.843
 10
541.14
 20
387.572
 10
541.451
 20
387.314
 10
541.748
 20
387.066
 10
542.054
 20
386.811
 10
542.384
 20
386.528
 10
542.734
 20
386.191
 10
543.088
 20
385.782
 10
543.412
 20
385.29
 10
543.666
 20
384.714
 10
543.809
 20
384.078
 10
543.827
 20
383.722
 10
543.822
 20
383.384
 10
543.746
 20
382.757
 10
543.644
 20
382.152
 10
543.551
 20
381.56
 10
543.485
 20
380.974
 10
543.446
 20
380.378
 10
543.423
 20
380.073
 10
543.398
 20
379.757
 10
543.295
 20
379.164
 10
543.127
 20
378.616
 10
542.899
 20
378.126
 10
542.63
 20
377.702
 10
542.344
 20
377.34
 10
542.059
 20
377.027
 10
541.78
 20
376.743
 10
541.502
 20
376.464
 10
541.207
 20
376.17
 10
540.872
 20
375.853
 10
540.476
 20
375.518
 10
540.004
 20
375.189
 10
539.447
 20
374.905
 10
538.821
 20
374.714
 10
538.463
 20
374.669
 10
538.12
 20
374.652
 10
537.485
 20
374.705
 10
536.87
 20
374.814
 10
536.273
 20
374.937
 10
535.688
 20
375.041
 10
535.108
 20
375.11
 10
534.522
 20
375.148
 10
533.926
 20
375.174
 10
533.32
 20
375.211
 10
532.711
 20
375.274
 10
532.108
 20
375.36
 10
531.52
 20
375.443
 10
530.948
 20
375.491
 10
530.388
 20
375.476
 10
529.827
 20
375.384
 10
529.255
 20
375.222
 10
528.663
 20
375.019
 10
528.051
 20
374.82
 10
527.419
 20
374.677
 10
526.778
 20
374.627
 10
526.141
 20
374.674
 10
525.521
 20
374.791
 10
524.919
 20
374.935
 10
524.333
 20
375.064
 10
523.756
 20
375.155
 10
523.176
 20
375.205
 10
522.588
 20
375.227
 10
521.988
 20
375.246
 10
521.381
 20
375.282
 10
520.776
 20
375.34
 10
520.182
 20
375.405
 10
519.604
 20
375.449
 10
519.038
 20
375.441
 10
518.476
 20
375.365
 10
517.906
 20
375.219
 10
517.318
 20
375.027
 10
516.71
 20
374.828
 10
516.082
 20
374.676
 10
515.44
 20
374.611
 10
514.8
 20
374.649
 10
514.174
 20
374.769
 10
513.567
 20
374.928
 10
512.979
 20
375.08
 10
512.403
 20
375.194
 10
511.829
 20
375.259
 10
511.248
 20
375.282
 10
510.654
 20
375.287
 10
510.051
 20
375.296
 10
509.446
 20
375.325
 10
508.847
 20
375.368
 10
508.262
 20
375.402
 10
507.69
 20
375.399
 10
507.125
 20
375.337
 10
506.555
 20
375.211
 10
505.971
 20
375.033
 10
505.367
 20
374.84
 10
504.743
 20
374.682
 10
504.103
 20
374.604
 10
503.46
 20
374.631
 10
502.829
 20
374.749
 10
502.218
 20
374.918
 10
501.626
 20
375.09
 10
501.05
 20
375.226
 10
500.48
 20
375.308
 10
499.905
 20
375.336
 10
499.32
 20
375.331
 10
498.721
 20
375.317
 10
498.12
 20
375.316
 10
497.812
 20
375.313
 10
497.507
 20
375.313
 10
496.95
 20
375.274
 10
496.441
 20
375.181
 10
495.988
 20
375.022
 10
495.594
 20
374.8
 10
495.265
 20
374.522
 10
495.0
 20
374.202
 10
494.792
 20
373.855
 10
494.627
 20
373.491
 10
494.484
 20
373.114
 10
494.339
 20
372.723
 10
494.17
 20
372.313
 10
493.97
 20
371.879
 10
493.744
 20
371.408
 10
493.516
 20
370.888
 10
493.418
 20
370.607
 10
493.327
 20
370.323
 10
493.203
 20
369.752
 10
493.141
 20
369.182
 10
493.135
 20
368.606
 10
493.164
 20
368.016
 10
493.198
 20
367.413
 10
493.217
 20
366.805
 10
493.218
 20
366.2
 10
493.217
 20
365.606
 10
493.241
 20
365.024
 10
493.31
 20
364.449
 10
493.432
 20
363.87
 10
493.592
 20
363.278
 10
493.756
 20
362.668
 10
493.878
 20
362.037
 10
493.913
 20
361.392
 10
493.844
 20
360.748
 10
493.688
 20
360.118
 10
493.49
 20
359.508
 10
493.302
 20
358.919
 10
493.164
 20
358.346
 10
493.094
 20
357.78
 10
493.089
 20
357.21
 10
493.131
 20
356.625
 10
493.189
 20
356.026
 10
493.236
 20
355.416
 10
493.241
 20
355.106
 10
493.242
 20
354.795
 10
493.194
 20
354.215
 10
493.116
 20
353.68
 10
493.02
 20
353.178
 10
492.909
 20
352.694
 10
492.77
 20
352.216
 10
492.586
 20
351.74
 10
492.336
 20
351.274
 10
492.003
 20
350.839
 10
491.58
 20
350.463
 10
491.074
 20
350.175
 10
490.501
 20
350.003
 10
489.889
 20
349.955
 10
489.266
 20
350.02
 10
488.648
 20
350.162
 10
488.34
 20
350.252
 10
488.051
 20
350.326
 10
487.48
 20
350.441
 10
486.918
 20
350.479
 10
486.346
 20
350.451
 10
485.758
 20
350.38
 10
485.155
 20
350.3
 10
484.844
 20
350.275
 10
484.529
 20
350.256
 10
483.935
 20
350.28
 10
483.385
 20
350.36
 10
482.875
 20
350.476
 10
482.397
 20
350.617
 10
481.936
 20
350.783
 10
481.485
 20
350.985
 10
481.043
 20
351.238
 10
480.621
 20
351.559
 10
480.241
 20
351.958
 10
479.929
 20
352.439
 10
479.715
 20
352.993
 10
479.624
 20
353.601
 10
479.658
 20
354.234
 10
479.796
 20
354.867
 10
479.896
 20
355.188
 10
479.987
 20
355.485
 10
480.144
 20
356.058
 10
480.226
 20
356.614
 10
480.229
 20
357.172
 10
480.168
 20
357.742
 10
480.071
 20
358.33
 10
479.972
 20
358.932
 10
479.898
 20
359.541
 10
479.854
 20
360.148
 10
479.826
 20
360.746
 10
479.79
 20
361.332
 10
479.728
 20
361.914
 10
479.635
 20
362.498
 10
479.525
 20
363.094
 10
479.43
 20
363.708
 10
479.39
 20
364.338
 10
479.437
 20
364.975
 10
479.573
 20
365.605
 10
479.769
 20
366.219
 10
479.977
 20
366.812
 10
480.148
 20
367.384
 10
480.248
 20
367.942
 10
480.264
 20
368.495
 10
480.205
 20
369.059
 10
480.096
 20
369.64
 10
479.973
 20
370.238
 10
479.87
 20
370.848
 10
479.804
 20
371.46
 10
479.769
 20
372.066
 10
479.743
 20
372.66
 10
479.704
 20
373.246
 10
479.638
 20
373.83
 10
479.552
 20
374.422
 10
479.47
 20
375.029
 10
479.426
 20
375.652
 10
479.456
 20
376.285
 10
479.572
 20
376.917
 10
479.755
 20
377.534
 10
479.962
 20
378.132
 10
480.144
 20
378.71
 10
480.26
 20
379.269
 10
480.291
 20
379.82
 10
480.239
 20
380.378
 10
480.124
 20
380.953
 10
479.982
 20
381.546
 10
479.852
 20
382.155
 10
479.76
 20
382.771
 97
0
 92
3
 72
0
 73
1
 93
347
 10
480.312
 20
383.414
 10
480.357
 20
382.838
 10
480.442
 20
382.262
 10
480.567
 20
381.679
 10
480.71
 20
381.081
 10
480.833
 20
380.465
 10
480.892
 20
379.831
 10
480.856
 20
379.191
 10
480.725
 20
378.558
 10
480.532
 20
377.944
 10
480.326
 20
377.351
 10
480.156
 20
376.777
 10
480.054
 20
376.217
 10
480.027
 20
375.659
 10
480.067
 20
375.09
 10
480.147
 20
374.506
 10
480.234
 20
373.906
 10
480.301
 20
373.299
 10
480.342
 20
372.693
 10
480.368
 20
372.096
 10
480.402
 20
371.51
 10
480.465
 20
370.931
 10
480.563
 20
370.349
 10
480.685
 20
369.756
 10
480.799
 20
369.145
 10
480.865
 20
368.518
 10
480.846
 20
367.88
 10
480.733
 20
367.245
 10
480.548
 20
366.627
 10
480.338
 20
366.028
 10
480.154
 20
365.45
 10
480.033
 20
364.889
 10
479.992
 20
364.334
 10
480.027
 20
363.773
 10
480.116
 20
363.195
 10
480.226
 20
362.6
 10
480.323
 20
361.993
 10
480.388
 20
361.383
 10
480.425
 20
360.778
 10
480.453
 20
360.184
 10
480.495
 20
359.599
 10
480.566
 20
359.017
 10
480.663
 20
358.427
 10
480.763
 20
357.824
 10
480.829
 20
357.202
 10
480.826
 20
356.569
 10
480.732
 20
355.934
 10
480.563
 20
355.318
 10
480.469
 20
355.01
 10
480.376
 20
354.713
 10
480.255
 20
354.153
 10
480.226
 20
353.629
 10
480.299
 20
353.148
 10
480.466
 20
352.713
 10
480.713
 20
352.332
 10
481.023
 20
352.008
 10
481.375
 20
351.739
 10
481.758
 20
351.52
 10
482.161
 20
351.34
 10
482.583
 20
351.187
 10
483.027
 20
351.057
 10
483.494
 20
350.95
 10
483.991
 20
350.879
 10
484.523
 20
350.856
 10
484.802
 20
350.874
 10
485.091
 20
350.897
 10
485.683
 20
350.976
 10
486.295
 20
351.049
 10
486.923
 20
351.08
 10
487.56
 20
351.037
 10
488.185
 20
350.911
 10
488.498
 20
350.831
 10
488.799
 20
350.743
 10
489.365
 20
350.613
 10
489.897
 20
350.557
 10
490.39
 20
350.596
 10
490.836
 20
350.73
 10
491.229
 20
350.953
 10
491.561
 20
351.249
 10
491.83
 20
351.601
 10
492.04
 20
351.991
 10
492.201
 20
352.408
 10
492.328
 20
352.845
 10
492.433
 20
353.301
 10
492.524
 20
353.78
 10
492.598
 20
354.283
 10
492.642
 20
354.819
 10
492.641
 20
355.1
 10
492.636
 20
355.388
 10
492.591
 20
355.974
 10
492.533
 20
356.575
 10
492.489
 20
357.19
 10
492.494
 20
357.82
 10
492.572
 20
358.454
 10
492.724
 20
359.081
 10
492.919
 20
359.692
 10
493.111
 20
360.282
 10
493.252
 20
360.852
 10
493.312
 20
361.408
 10
493.281
 20
361.963
 10
493.171
 20
362.532
 10
493.012
 20
363.122
 10
492.848
 20
363.73
 10
492.718
 20
364.351
 10
492.643
 20
364.976
 10
492.617
 20
365.594
 10
492.618
 20
366.2
 10
492.617
 20
366.795
 10
492.599
 20
367.387
 10
492.565
 20
367.984
 10
492.535
 20
368.594
 10
492.541
 20
369.218
 10
492.61
 20
369.848
 10
492.747
 20
370.479
 10
492.849
 20
370.798
 10
492.958
 20
371.108
 10
493.198
 20
371.658
 10
493.427
 20
372.134
 10
493.62
 20
372.553
 10
493.78
 20
372.941
 10
493.922
 20
373.325
 10
494.073
 20
373.722
 10
494.26
 20
374.134
 10
494.509
 20
374.55
 10
494.838
 20
374.946
 10
495.25
 20
375.294
 10
495.739
 20
375.571
 10
496.287
 20
375.762
 10
496.875
 20
375.87
 10
497.486
 20
375.913
 10
497.809
 20
375.913
 10
498.116
 20
375.916
 10
498.714
 20
375.917
 10
499.309
 20
375.931
 10
499.918
 20
375.937
 10
500.537
 20
375.905
 10
501.161
 20
375.816
 10
501.779
 20
375.67
 10
502.381
 20
375.495
 10
502.964
 20
375.334
 10
503.528
 20
375.228
 10
504.079
 20
375.206
 10
504.632
 20
375.273
 10
505.202
 20
375.418
 10
505.792
 20
375.606
 10
506.402
 20
375.791
 10
507.027
 20
375.93
 10
507.656
 20
375.999
 10
508.278
 20
376.002
 10
508.886
 20
375.966
 10
509.482
 20
375.924
 10
510.07
 20
375.896
 10
510.661
 20
375.887
 10
511.262
 20
375.882
 10
511.875
 20
375.857
 10
512.495
 20
375.787
 10
513.113
 20
375.665
 10
513.718
 20
375.508
 10
514.306
 20
375.355
 10
514.874
 20
375.246
 10
515.428
 20
375.213
 10
515.98
 20
375.268
 10
516.546
 20
375.406
 10
517.132
 20
375.597
 10
517.738
 20
375.796
 10
518.362
 20
375.955
 10
518.994
 20
376.04
 10
519.622
 20
376.049
 10
520.238
 20
376.003
 10
520.838
 20
375.937
 10
521.427
 20
375.88
 10
522.015
 20
375.846
 10
522.608
 20
375.827
 10
523.214
 20
375.804
 10
523.828
 20
375.751
 10
524.445
 20
375.654
 10
525.053
 20
375.52
 10
525.646
 20
375.378
 10
526.219
 20
375.27
 10
526.777
 20
375.229
 10
527.329
 20
375.272
 10
527.892
 20
375.399
 10
528.473
 20
375.588
 10
529.076
 20
375.795
 10
529.697
 20
375.971
 10
530.331
 20
376.074
 10
530.965
 20
376.092
 10
531.587
 20
376.04
 10
532.192
 20
375.954
 10
532.784
 20
375.87
 10
533.369
 20
375.809
 10
533.957
 20
375.773
 10
534.554
 20
375.747
 10
535.163
 20
375.708
 10
535.776
 20
375.635
 10
536.386
 20
375.527
 10
536.983
 20
375.403
 10
537.562
 20
375.301
 10
538.13
 20
375.253
 10
538.411
 20
375.267
 10
538.696
 20
375.303
 10
539.221
 20
375.463
 10
539.695
 20
375.705
 10
540.11
 20
375.994
 10
540.471
 20
376.3
 10
540.789
 20
376.601
 10
541.078
 20
376.889
 10
541.353
 20
377.165
 10
541.622
 20
377.439
 10
541.887
 20
377.729
 10
542.14
 20
378.049
 10
542.371
 20
378.414
 10
542.566
 20
378.831
 10
542.71
 20
379.304
 10
542.802
 20
379.832
 10
542.824
 20
380.12
 10
542.848
 20
380.421
 10
542.887
 20
381.026
 10
542.956
 20
381.64
 10
543.052
 20
382.248
 10
543.152
 20
382.843
 10
543.223
 20
383.425
 10
543.227
 20
383.711
 10
543.212
 20
383.997
 10
543.094
 20
384.526
 10
542.884
 20
385.002
 10
542.609
 20
385.419
 10
542.299
 20
385.777
 10
541.98
 20
386.083
 10
541.667
 20
386.353
 10
541.364
 20
386.605
 10
541.067
 20
386.853
 10
540.764
 20
387.104
 10
540.439
 20
387.358
 10
540.077
 20
387.604
 10
539.666
 20
387.825
 10
539.201
 20
388.002
 10
538.679
 20
388.12
 10
538.396
 20
388.15
 10
538.103
 20
388.175
 10
537.511
 20
388.198
 10
536.907
 20
388.231
 10
536.3
 20
388.289
 10
535.7
 20
388.366
 10
535.114
 20
388.44
 10
534.544
 20
388.478
 10
533.984
 20
388.454
 10
533.424
 20
388.356
 10
532.851
 20
388.191
 10
532.259
 20
387.988
 10
531.647
 20
387.795
 10
531.015
 20
387.66
 10
530.375
 20
387.62
 10
529.74
 20
387.678
 10
529.121
 20
387.804
 10
528.523
 20
387.954
 10
527.939
 20
388.088
 10
527.365
 20
388.181
 10
526.788
 20
388.23
 10
526.202
 20
388.25
 10
525.604
 20
388.263
 10
525.0
 20
388.291
 10
524.397
 20
388.341
 10
523.805
 20
388.398
 10
523.227
 20
388.434
 10
522.662
 20
388.421
 10
522.1
 20
388.343
 10
521.53
 20
388.197
 10
520.943
 20
388.007
 10
520.335
 20
387.812
 10
519.708
 20
387.665
 10
519.068
 20
387.606
 10
518.429
 20
387.65
 10
517.804
 20
387.776
 10
517.2
 20
387.941
 10
516.613
 20
388.098
 10
516.039
 20
388.216
 10
515.468
 20
388.281
 10
514.89
 20
388.303
 10
514.3
 20
388.302
 10
513.7
 20
388.304
 10
513.096
 20
388.323
 10
512.498
 20
388.357
 10
511.912
 20
388.385
 10
511.34
 20
388.38
 10
510.775
 20
388.319
 10
510.206
 20
388.195
 10
509.624
 20
388.023
 10
509.022
 20
387.834
 10
508.4
 20
387.679
 10
507.761
 20
387.602
 10
507.12
 20
387.63
 10
506.49
 20
387.75
 10
505.879
 20
387.923
 10
505.289
 20
388.1
 10
504.714
 20
388.241
 10
504.147
 20
388.327
 10
503.576
 20
388.356
 10
502.994
 20
388.347
 10
502.398
 20
388.325
 10
501.796
 20
388.314
 10
501.194
 20
388.321
 10
500.601
 20
388.335
 10
500.021
 20
388.331
 10
499.451
 20
388.286
 10
498.881
 20
388.185
 10
498.302
 20
388.034
 10
497.706
 20
387.858
 10
497.089
 20
387.701
 10
496.454
 20
387.61
 10
495.812
 20
387.619
 10
495.178
 20
387.727
 10
494.562
 20
387.902
 10
493.966
 20
388.094
 10
493.389
 20
388.258
 10
492.823
 20
388.364
 10
492.259
 20
388.406
 10
491.684
 20
388.394
 10
491.096
 20
388.354
 10
490.496
 20
388.314
 10
489.891
 20
388.291
 10
489.292
 20
388.286
 10
488.704
 20
388.278
 10
488.127
 20
388.244
 10
487.555
 20
388.165
 10
486.978
 20
388.038
 10
486.386
 20
387.88
 10
485.776
 20
387.728
 10
485.163
 20
387.63
 10
484.847
 20
387.602
 10
484.546
 20
387.602
 10
483.984
 20
387.628
 10
483.457
 20
387.676
 10
482.96
 20
387.704
 10
482.494
 20
387.68
 10
482.061
 20
387.585
 10
481.67
 20
387.414
 10
481.328
 20
387.168
 10
481.041
 20
386.853
 10
480.811
 20
386.479
 10
480.637
 20
386.056
 10
480.509
 20
385.592
 10
480.417
 20
385.094
 10
480.351
 20
384.564
 10
480.311
 20
384.004
 10
480.31
 20
383.707
 10
480.312
 20
383.414
 97
0
 75
0
 76
1
 98
0
  0
HATCH
  5
1E1
330
17
100
AcDbEntity
  8
RASTER
 62
7
100
AcDbHatch
 10
0.0
 20
0.0
 30
0.0
210
0.0
220
0.0
230
1.0
  2
SOLID
 70
1
 71
0
 91
1
 92
3
 72
0
 73
1
 93
73
 10
484.442
 20
383.252
 10
484.487
 20
383.134
 10
484.518
 20
383.018
 10
484.535
 20
382.902
 10
484.537
 20
382.786
 10
484.526
 20
382.672
 10
484.5
 20
382.558
 10
484.46
 20
382.445
 10
484.406
 20
382.333
 10
484.342
 20
382.225
 10
484.27
 20
382.121
 10
484.191
 20
382.024
 10
484.105
 20
381.932
 10
484.011
 20
381.846
 10
483.911
 20
381.765
 10
483.803
 20
381.691
 10
483.688
 20
381.621
 10
483.569
 20
381.562
 10
483.448
 20
381.515
 10
483.325
 20
381.481
 10
483.202
 20
381.461
 10
483.076
 20
381.454
 10
482.95
 20
381.46
 10
482.822
 20
381.479
 10
482.692
 20
381.511
 10
482.563
 20
381.552
 10
482.438
 20
381.599
 10
482.316
 20
381.65
 10
482.197
 20
381.705
 10
482.082
 20
381.766
 10
481.971
 20
381.832
 10
481.862
 20
381.902
 10
481.757
 20
381.977
 10
481.661
 20
382.057
 10
481.581
 20
382.143
 10
481.516
 20
382.233
 10
481.466
 20
382.327
 10
481.432
 20
382.427
 10
481.412
 20
382.532
 10
481.408
 20
382.642
 10
481.42
 20
382.756
 10
481.443
 20
382.871
 10
481.474
 20
382.982
 10
481.513
 20
383.089
 10
481.561
 20
383.192
 10
481.616
 20
383.29
 10
481.68
 20
383.385
 10
481.752
 20
383.475
 10
481.832
 20
383.561
 10
481.918
 20
383.643
 10
482.011
 20
383.719
 10
482.11
 20
383.789
 10
482.214
 20
383.854
 10
482.325
 20
383.913
 10
482.441
 20
383.967
 10
482.563
 20
384.015
 10
482.692
 20
384.057
 10
482.822
 20
384.091
 10
482.953
 20
384.112
 10
483.083
 20
384.12
 10
483.212
 20
384.115
 10
483.341
 20
384.098
 10
483.469
 20
384.068
 10
483.597
 20
384.025
 10
483.724
 20
383.97
 10
483.847
 20
383.905
 10
483.96
 20
383.833
 10
484.064
 20
383.754
 10
484.158
 20
383.667
 10
484.243
 20
383.574
 10
484.318
 20
383.474
 10
484.385
 20
383.366
 10
484.442
 20
383.252
 97
0
 75
0
 76
1
 98
0
  0
HATCH
  5
1E2
330
17
100
AcDbEntity
  8
RASTER
 62
7
100
AcDbHatch
 10
0.0
 20
0.0
 30
0.0
210
0.0
220
0.0
230
1.0
  2
SOLID
 70
1
 71
0
 91
1
 92
3
 72
0
 73
1
 93
73
 10
486.006
 20
382.448
 10
486.038
 20
382.381
 10
486.061
 20
382.313
 10
486.075
 20
382.246
 10
486.08
 20
382.178
 10
486.077
 20
382.11
 10
486.066
 20
382.042
 10
486.046
 20
381.973
 10
486.017
 20
381.904
 10
485.981
 20
381.838
 10
485.941
 20
381.776
 10
485.895
 20
381.72
 10
485.845
 20
381.668
 10
485.789
 20
381.621
 10
485.728
 20
381.579
 10
485.662
 20
381.541
 10
485.592
 20
381.509
 10
485.518
 20
381.481
 10
485.443
 20
381.457
 10
485.367
 20
381.438
 10
485.29
 20
381.423
 10
485.212
 20
381.412
 10
485.133
 20
381.405
 10
485.053
 20
381.403
 10
484.971
 20
381.405
 10
484.891
 20
381.412
 10
484.814
 20
381.426
 10
484.741
 20
381.447
 10
484.67
 20
381.474
 10
484.603
 20
381.508
 10
484.539
 20
381.549
 10
484.479
 20
381.596
 10
484.421
 20
381.65
 10
484.37
 20
381.707
 10
484.327
 20
381.767
 10
484.291
 20
381.829
 10
484.265
 20
381.893
 10
484.246
 20
381.959
 10
484.235
 20
382.026
 10
484.233
 20
382.096
 10
484.239
 20
382.167
 10
484.251
 20
382.239
 10
484.267
 20
382.311
 10
484.286
 20
382.382
 10
484.31
 20
382.452
 10
484.337
 20
382.522
 10
484.368
 20
382.592
 10
484.402
 20
382.661
 10
484.441
 20
382.729
 10
484.485
 20
382.793
 10
484.534
 20
382.85
 10
484.59
 20
382.9
 10
484.652
 20
382.942
 10
484.72
 20
382.976
 10
484.794
 20
383.003
 10
484.874
 20
383.023
 10
484.96
 20
383.035
 10
485.048
 20
383.04
 10
485.134
 20
383.039
 10
485.217
 20
383.03
 10
485.297
 20
383.016
 10
485.374
 20
382.995
 10
485.449
 20
382.967
 10
485.521
 20
382.933
 10
485.591
 20
382.892
 10
485.657
 20
382.846
 10
485.719
 20
382.798
 10
485.777
 20
382.747
 10
485.831
 20
382.693
 10
485.881
 20
382.636
 10
485.927
 20
382.576
 10
485.969
 20
382.513
 10
486.006
 20
382.448
 97
0
 75
0
 76
1
 98
0
  0
HATCH
  5
1E3
330
17
100
AcDbEntity
  8
RASTER
 62
7
100
AcDbHatch
 10
0.0
 20
0.0
 30
0.0
210
0.0
220
0.0
230
1.0
  2
SOLID
 70
1
 71
0
 91
1
 92
3
 72
0
 73
1
 93
73
 10
486.945
 20
381.587
 10
486.962
 20
381.555
 10
486.975
 20
381.523
 10
486.983
 20
381.491
 10
486.987
 20
381.458
 10
486.986
 20
381.425
 10
486.981
 20
381.392
 10
486.971
 20
381.358
 10
486.956
 20
381.324
 10
486.939
 20
381.291
 10
486.919
 20
381.261
 10
486.896
 20
381.232
 10
486.871
 20
381.205
 10
486.844
 20
381.181
 10
486.814
 20
381.158
 10
486.781
 20
381.138
 10
486.747
 20
381.12
 10
486.711
 20
381.104
 10
486.674
 20
381.092
 10
486.637
 20
381.082
 10
486.6
 20
381.076
 10
486.563
 20
381.074
 10
486.525
 20
381.074
 10
486.487
 20
381.078
 10
486.449
 20
381.085
 10
486.411
 20
381.094
 10
486.376
 20
381.106
 10
486.342
 20
381.12
 10
486.309
 20
381.136
 10
486.279
 20
381.154
 10
486.25
 20
381.175
 10
486.224
 20
381.198
 10
486.199
 20
381.223
 10
486.176
 20
381.249
 10
486.156
 20
381.277
 10
486.139
 20
381.305
 10
486.125
 20
381.335
 10
486.113
 20
381.365
 10
486.104
 20
381.396
 10
486.099
 20
381.429
 10
486.095
 20
381.462
 10
486.095
 20
381.495
 10
486.099
 20
381.527
 10
486.106
 20
381.558
 10
486.117
 20
381.588
 10
486.131
 20
381.616
 10
486.149
 20
381.643
 10
486.171
 20
381.669
 10
486.195
 20
381.694
 10
486.223
 20
381.717
 10
486.252
 20
381.738
 10
486.282
 20
381.757
 10
486.313
 20
381.775
 10
486.346
 20
381.79
 10
486.38
 20
381.803
 10
486.415
 20
381.815
 10
486.452
 20
381.824
 10
486.489
 20
381.831
 10
486.525
 20
381.834
 10
486.561
 20
381.834
 10
486.597
 20
381.831
 10
486.632
 20
381.825
 10
486.666
 20
381.815
 10
486.7
 20
381.802
 10
486.734
 20
381.786
 10
486.767
 20
381.767
 10
486.797
 20
381.747
 10
486.826
 20
381.725
 10
486.854
 20
381.701
 10
486.879
 20
381.675
 10
486.903
 20
381.648
 10
486.925
 20
381.618
 10
486.945
 20
381.587
 97
0
 75
0
 76
1
 98
0
  0
HATCH
  5
1E4
330
17
100
AcDbEntity
  8
RASTER
 62
7
100
AcDbHatch
 10
0.0
 20
0.0
 30
0.0
210
0.0
220
0.0
230
1.0
  2
SOLID
 70
1
 71
0
 91
1
 92
3
 72
0
 73
1
 93
110
 10
490.061
 20
377.735
 10
489.809
 20
377.669
 10
489.578
 20
377.65
 10
489.368
 20
377.679
 10
489.177
 20
377.754
 10
489.007
 20
377.877
 10
488.857
 20
378.047
 10
488.727
 20
378.265
 10
488.618
 20
378.529
 10
488.802
 20
378.449
 10
488.99
 20
378.376
 10
489.182
 20
378.311
 10
489.379
 20
378.253
 10
489.579
 20
378.203
 10
489.784
 20
378.16
 10
489.994
 20
378.125
 10
490.207
 20
378.098
 10
490.213
 20
378.104
 10
490.219
 20
378.11
 10
490.224
 20
378.116
 10
490.23
 20
378.122
 10
490.236
 20
378.127
 10
490.242
 20
378.133
 10
490.02
 20
378.408
 10
489.832
 20
378.696
 10
489.679
 20
378.996
 10
489.559
 20
379.309
 10
489.473
 20
379.635
 10
489.422
 20
379.973
 10
489.405
 20
380.324
 10
489.422
 20
380.687
 10
489.589
 20
380.398
 10
489.751
 20
380.106
 10
489.907
 20
379.81
 10
490.058
 20
379.511
 10
490.203
 20
379.208
 10
490.343
 20
378.902
 10
490.477
 20
378.593
 10
490.605
 20
378.28
 10
490.61
 20
378.28
 10
490.615
 20
378.28
 10
490.62
 20
378.28
 10
490.625
 20
378.28
 10
490.63
 20
378.28
 10
490.635
 20
378.28
 10
490.764
 20
378.593
 10
490.898
 20
378.902
 10
491.038
 20
379.208
 10
491.183
 20
379.511
 10
491.334
 20
379.81
 10
491.49
 20
380.106
 10
491.652
 20
380.398
 10
491.819
 20
380.687
 10
491.836
 20
380.324
 10
491.819
 20
379.973
 10
491.768
 20
379.635
 10
491.682
 20
379.309
 10
491.562
 20
378.996
 10
491.409
 20
378.696
 10
491.221
 20
378.408
 10
490.999
 20
378.133
 10
491.005
 20
378.127
 10
491.011
 20
378.122
 10
491.016
 20
378.116
 10
491.022
 20
378.11
 10
491.028
 20
378.104
 10
491.034
 20
378.098
 10
491.247
 20
378.125
 10
491.457
 20
378.16
 10
491.662
 20
378.203
 10
491.862
 20
378.253
 10
492.059
 20
378.311
 10
492.251
 20
378.376
 10
492.439
 20
378.449
 10
492.623
 20
378.529
 10
492.514
 20
378.265
 10
492.384
 20
378.047
 10
492.234
 20
377.877
 10
492.064
 20
377.754
 10
491.873
 20
377.679
 10
491.663
 20
377.65
 10
491.432
 20
377.669
 10
491.18
 20
377.735
 10
491.165
 20
377.588
 10
491.111
 20
377.45
 10
491.023
 20
377.331
 10
490.907
 20
377.239
 10
490.771
 20
377.181
 10
490.624
 20
377.16
 10
490.625
 20
377.16
 10
490.625
 20
377.16
 10
490.625
 20
377.16
 10
490.625
 20
377.16
 10
490.624
 20
377.16
 10
490.623
 20
377.16
 10
490.622
 20
377.16
 10
490.62
 20
377.16
 10
490.619
 20
377.16
 10
490.618
 20
377.16
 10
490.617
 20
377.16
 10
490.616
 20
377.16
 10
490.616
 20
377.16
 10
490.616
 20
377.16
 10
490.616
 20
377.16
 10
490.616
 20
377.16
 10
490.47
 20
377.181
 10
490.334
 20
377.239
 10
490.218
 20
377.331
 10
490.13
 20
377.45
 10
490.076
 20
377.588
 97
0
 75
0
 76
1
 98
0
  0
HATCH
  5
1E5
330
17
100
AcDbEntity
  8
RASTER
 62
7
100
AcDbHatch
 10
0.0
 20
0.0
 30
0.0
210
0.0
220
0.0
230
1.0
  2
SOLID
 70
1
 71
0
 91
1
 92
3
 72
0
 73
1
 93
110
 10
511.061
 20
380.235
 10
510.809
 20
380.169
 10
510.578
 20
380.15
 10
510.368
 20
380.179
 10
510.177
 20
380.254
 10
510.007
 20
380.377
 10
509.857
 20
380.547
 10
509.727
 20
380.765
 10
509.618
 20
381.029
 10
509.802
 20
380.949
 10
509.99
 20
380.876
 10
510.182
 20
380.811
 10
510.379
 20
380.753
 10
510.579
 20
380.703
 10
510.784
 20
380.66
 10
510.994
 20
380.625
 10
511.207
 20
380.598
 10
511.213
 20
380.604
 10
511.219
 20
380.61
 10
511.224
 20
380.616
 10
511.23
 20
380.622
 10
511.236
 20
380.627
 10
511.242
 20
380.633
 10
511.02
 20
380.908
 10
510.832
 20
381.196
 10
510.679
 20
381.496
 10
510.559
 20
381.809
 10
510.473
 20
382.135
 10
510.422
 20
382.473
 10
510.405
 20
382.824
 10
510.422
 20
383.187
 10
510.589
 20
382.898
 10
510.751
 20
382.606
 10
510.907
 20
382.31
 10
511.058
 20
382.011
 10
511.203
 20
381.708
 10
511.343
 20
381.402
 10
511.477
 20
381.093
 10
511.605
 20
380.78
 10
511.61
 20
380.78
 10
511.615
 20
380.78
 10
511.62
 20
380.78
 10
511.625
 20
380.78
 10
511.63
 20
380.78
 10
511.635
 20
380.78
 10
511.764
 20
381.093
 10
511.898
 20
381.402
 10
512.038
 20
381.708
 10
512.183
 20
382.011
 10
512.334
 20
382.31
 10
512.49
 20
382.606
 10
512.652
 20
382.898
 10
512.819
 20
383.187
 10
512.836
 20
382.824
 10
512.819
 20
382.473
 10
512.768
 20
382.135
 10
512.682
 20
381.809
 10
512.562
 20
381.496
 10
512.409
 20
381.196
 10
512.221
 20
380.908
 10
511.999
 20
380.633
 10
512.005
 20
380.627
 10
512.011
 20
380.622
 10
512.016
 20
380.616
 10
512.022
 20
380.61
 10
512.028
 20
380.604
 10
512.034
 20
380.598
 10
512.247
 20
380.625
 10
512.457
 20
380.66
 10
512.662
 20
380.703
 10
512.862
 20
380.753
 10
513.059
 20
380.811
 10
513.251
 20
380.876
 10
513.439
 20
380.949
 10
513.623
 20
381.029
 10
513.514
 20
380.765
 10
513.384
 20
380.547
 10
513.234
 20
380.377
 10
513.064
 20
380.254
 10
512.873
 20
380.179
 10
512.663
 20
380.15
 10
512.432
 20
380.169
 10
512.18
 20
380.235
 10
512.165
 20
380.088
 10
512.111
 20
379.95
 10
512.023
 20
379.831
 10
511.907
 20
379.739
 10
511.771
 20
379.681
 10
511.624
 20
379.66
 10
511.625
 20
379.66
 10
511.625
 20
379.66
 10
511.625
 20
379.66
 10
511.625
 20
379.66
 10
511.624
 20
379.66
 10
511.623
 20
379.66
 10
511.622
 20
379.66
 10
511.62
 20
379.66
 10
511.619
 20
379.66
 10
511.618
 20
379.66
 10
511.617
 20
379.66
 10
511.616
 20
379.66
 10
511.616
 20
379.66
 10
511.616
 20
379.66
 10
511.616
 20
379.66
 10
511.616
 20
379.66
 10
511.47
 20
379.681
 10
511.334
 20
379.739
 10
511.218
 20
379.831
 10
511.13
 20
379.95
 10
511.076
 20
380.088
 97
0
 75
0
 76
1
 98
0
  0
HATCH
  5
1E6
330
17
100
AcDbEntity
  8
RASTER
 62
7
100
AcDbHatch
 10
0.0
 20
0.0
 30
0.0
210
0.0
220
0.0
230
1.0
  2
SOLID
 70
1
 71
0
 91
1
 92
3
 72
0
 73
1
 93
110
 10
536.061
 20
380.235
 10
535.809
 20
380.169
 10
535.578
 20
380.15
 10
535.368
 20
380.179
 10
535.177
 20
380.254
 10
535.007
 20
380.377
 10
534.857
 20
380.547
 10
534.727
 20
380.765
 10
534.618
 20
381.029
 10
534.802
 20
380.949
 10
534.99
 20
380.876
 10
535.182
 20
380.811
 10
535.379
 20
380.753
 10
535.579
 20
380.703
 10
535.784
 20
380.66
 10
535.994
 20
380.625
 10
536.207
 20
380.598
 10
536.213
 20
380.604
 10
536.219
 20
380.61
 10
536.224
 20
380.616
 10
536.23
 20
380.622
 10
536.236
 20
380.627
 10
536.242
 20
380.633
 10
536.02
 20
380.908
 10
535.832
 20
381.196
 10
535.679
 20
381.496
 10
535.559
 20
381.809
 10
535.473
 20
382.135
 10
535.422
 20
382.473
 10
535.405
 20
382.824
 10
535.422
 20
383.187
 10
535.589
 20
382.898
 10
535.751
 20
382.606
 10
535.907
 20
382.31
 10
536.058
 20
382.011
 10
536.203
 20
381.708
 10
536.343
 20
381.402
 10
536.477
 20
381.093
 10
536.605
 20
380.78
 10
536.61
 20
380.78
 10
536.615
 20
380.78
 10
536.62
 20
380.78
 10
536.625
 20
380.78
 10
536.63
 20
380.78
 10
536.635
 20
380.78
 10
536.764
 20
381.093
 10
536.898
 20
381.402
 10
537.038
 20
381.708
 10
537.183
 20
382.011
 10
537.334
 20
382.31
 10
537.49
 20
382.606
 10
537.652
 20
382.898
 10
537.819
 20
383.187
 10
537.836
 20
382.824
 10
537.819
 20
382.473
 10
537.768
 20
382.135
 10
537.682
 20
381.809
 10
537.562
 20
381.496
 10
537.409
 20
381.196
 10
537.221
 20
380.908
 10
536.999
 20
380.633
 10
537.005
 20
380.627
 10
537.011
 20
380.622
 10
537.016
 20
380.616
 10
537.022
 20
380.61
 10
537.028
 20
380.604
 10
537.034
 20
380.598
 10
537.247
 20
380.625
 10
537.457
 20
380.66
 10
537.662
 20
380.703
 10
537.862
 20
380.753
 10
538.059
 20
380.811
 10
538.251
 20
380.876
 10
538.439
 20
380.949
 10
538.623
 20
381.029
 10
538.514
 20
380.765
 10
538.384
 20
380.547
 10
538.234
 20
380.377
 10
538.064
 20
380.254
 10
537.873
 20
380.179
 10
537.663
 20
380.15
 10
537.432
 20
380.169
 10
537.18
 20
380.235
 10
537.165
 20
380.088
 10
537.111
 20
379.95
 10
537.023
 20
379.831
 10
536.907
 20
379.739
 10
536.771
 20
379.681
 10
536.624
 20
379.66
 10
536.625
 20
379.66
 10
536.625
 20
379.66
 10
536.625
 20
379.66
 10
536.625
 20
379.66
 10
536.624
 20
379.66
 10
536.623
 20
379.66
 10
536.622
 20
379.66
 10
536.62
 20
379.66
 10
536.619
 20
379.66
 10
536.618
 20
379.66
 10
536.617
 20
379.66
 10
536.616
 20
379.66
 10
536.616
 20
379.66
 10
536.616
 20
379.66
 10
536.616
 20
379.66
 10
536.616
 20
379.66
 10
536.47
 20
379.681
 10
536.334
 20
379.739
 10
536.218
 20
379.831
 10
536.13
 20
379.95
 10
536.076
 20
380.088
 97
0
 75
0
 76
1
 98
0
  0
HATCH
  5
1E7
330
17
100
AcDbEntity
  8
RASTER
 62
7
100
AcDbHatch
 10
0.0
 20
0.0
 30
0.0
210
0.0
220
0.0
230
1.0
  2
SOLID
 70
1
 71
0
 91
1
 92
3
 72
0
 73
1
 93
22
 10
485.567
 20
351.196
 10
485.557
 20
351.211
 10
485.522
 20
351.322
 10
485.488
 20
351.434
 10
485.455
 20
351.546
 10
485.423
 20
351.658
 10
485.393
 20
351.769
 10
485.364
 20
351.881
 10
485.337
 20
351.993
 10
485.31
 20
352.105
 10
485.301
 20
352.119
 10
483.944
 20
351.9
 10
483.943
 20
351.87
 10
483.96
 20
351.74
 10
483.978
 20
351.61
 10
483.998
 20
351.481
 10
484.019
 20
351.351
 10
484.042
 20
351.221
 10
484.066
 20
351.091
 10
484.092
 20
350.961
 10
484.119
 20
350.831
 10
484.121
 20
350.797
 97
0
 75
0
 76
1
 98
0
  0
HATCH
  5
1E8
330
17
100
AcDbEntity
  8
RASTER
 62
7
100
AcDbHatch
 10
0.0
 20
0.0
 30
0.0
210
0.0
220
0.0
230
1.0
  2
SOLID
 70
1
 71
0
 91
1
 92
3
 72
0
 73
1
 93
22
 10
485.269
 20
352.316
 10
485.262
 20
352.33
 10
485.239
 20
352.442
 10
485.218
 20
352.555
 10
485.198
 20
352.667
 10
485.179
 20
352.78
 10
485.162
 20
352.893
 10
485.146
 20
353.006
 10
485.131
 20
353.119
 10
485.118
 20
353.232
 10
485.111
 20
353.245
 10
483.862
 20
353.188
 10
483.858
 20
353.16
 10
483.859
 20
353.031
 10
483.863
 20
352.903
 10
483.868
 20
352.774
 10
483.874
 20
352.645
 10
483.882
 20
352.516
 10
483.891
 20
352.387
 10
483.902
 20
352.258
 10
483.914
 20
352.128
 10
483.912
 20
352.098
 97
0
 75
0
 76
1
 98
0
  0
HATCH
  5
1E9
330
17
100
AcDbEntity
  8
RASTER
 62
7
100
AcDbHatch
 10
0.0
 20
0.0
 30
0.0
210
0.0
220
0.0
230
1.0
  2
SOLID
 70
1
 71
0
 91
1
 92
3
 72
0
 73
1
 93
22
 10
485.101
 20
353.445
 10
485.095
 20
353.459
 10
485.086
 20
353.572
 10
485.077
 20
353.686
 10
485.07
 20
353.8
 10
485.065
 20
353.914
 10
485.061
 20
354.028
 10
485.058
 20
354.142
 10
485.056
 20
354.257
 10
485.056
 20
354.372
 10
485.05
 20
354.387
 10
483.927
 20
354.464
 10
483.92
 20
354.437
 10
483.907
 20
354.31
 10
483.896
 20
354.183
 10
483.886
 20
354.055
 10
483.877
 20
353.928
 10
483.87
 20
353.8
 10
483.865
 20
353.672
 10
483.861
 20
353.544
 10
483.858
 20
353.416
 10
483.853
 20
353.388
 97
0
 75
0
 76
1
 98
0
  0
HATCH
  5
1EA
330
17
100
AcDbEntity
  8
RASTER
 62
7
100
AcDbHatch
 10
0.0
 20
0.0
 30
0.0
210
0.0
220
0.0
230
1.0
  2
SOLID
 70
1
 71
0
 91
1
 92
3
 72
0
 73
1
 93
22
 10
485.064
 20
354.586
 10
485.059
 20
354.601
 10
485.063
 20
354.716
 10
485.068
 20
354.832
 10
485.074
 20
354.947
 10
485.082
 20
355.063
 10
485.091
 20
355.178
 10
485.101
 20
355.294
 10
485.113
 20
355.41
 10
485.126
 20
355.526
 10
485.122
 20
355.545
 10
484.138
 20
355.725
 10
484.128
 20
355.699
 10
484.101
 20
355.573
 10
484.075
 20
355.447
 10
484.05
 20
355.322
 10
484.027
 20
355.196
 10
484.006
 20
355.07
 10
483.986
 20
354.943
 10
483.967
 20
354.817
 10
483.95
 20
354.69
 10
483.941
 20
354.663
 97
0
 75
0
 76
1
 98
0
  0
HATCH
  5
1EB
330
17
100
AcDbEntity
  8
RASTER
 62
7
100
AcDbHatch
 10
0.0
 20
0.0
 30
0.0
210
0.0
220
0.0
230
1.0
  2
SOLID
 70
1
 71
0
 91
1
 92
3
 72
0
 73
1
 93
22
 10
485.158
 20
355.741
 10
485.156
 20
355.759
 10
485.173
 20
355.876
 10
485.191
 20
355.993
 10
485.211
 20
356.11
 10
485.232
 20
356.228
 10
485.255
 20
356.345
 10
485.279
 20
356.463
 10
485.304
 20
356.58
 10
485.331
 20
356.698
 10
485.33
 20
356.721
 10
484.492
 20
356.971
 10
484.478
 20
356.943
 10
484.437
 20
356.82
 10
484.397
 20
356.696
 10
484.358
 20
356.572
 10
484.321
 20
356.447
 10
484.285
 20
356.323
 10
484.251
 20
356.199
 10
484.218
 20
356.074
 10
484.187
 20
355.949
 10
484.175
 20
355.922
 97
0
 75
0
 76
1
 98
0
  0
HATCH
  5
1EC
330
17
100
AcDbEntity
  8
RASTER
 62
7
100
AcDbHatch
 10
0.0
 20
0.0
 30
0.0
210
0.0
220
0.0
230
1.0
  2
SOLID
 70
1
 71
0
 91
1
 92
3
 72
0
 73
1
 93
22
 10
485.388
 20
356.912
 10
485.389
 20
356.935
 10
485.419
 20
357.053
 10
485.452
 20
357.172
 10
485.485
 20
357.291
 10
485.521
 20
357.409
 10
485.557
 20
357.529
 10
485.595
 20
357.648
 10
485.634
 20
357.767
 10
485.675
 20
357.887
 10
485.679
 20
357.914
 10
484.986
 20
358.201
 10
484.967
 20
358.171
 10
484.912
 20
358.049
 10
484.859
 20
357.927
 10
484.806
 20
357.805
 10
484.755
 20
357.682
 10
484.706
 20
357.559
 10
484.657
 20
357.437
 10
484.61
 20
357.314
 10
484.565
 20
357.19
 10
484.549
 20
357.163
 97
0
 75
0
 76
1
 98
0
  0
HATCH
  5
1ED
330
17
100
AcDbEntity
  8
RASTER
 62
7
100
AcDbHatch
 10
0.0
 20
0.0
 30
0.0
210
0.0
220
0.0
230
1.0
  2
SOLID
 70
1
 71
0
 91
1
 92
3
 72
0
 73
1
 93
48
 10
485.933
 20
358.9
 10
485.928
 20
358.827
 10
485.914
 20
358.754
 10
485.89
 20
358.685
 10
485.858
 20
358.619
 10
485.817
 20
358.558
 10
485.768
 20
358.502
 10
485.713
 20
358.454
 10
485.652
 20
358.413
 10
485.586
 20
358.38
 10
485.516
 20
358.357
 10
485.444
 20
358.342
 10
485.37
 20
358.338
 10
485.297
 20
358.342
 10
485.225
 20
358.357
 10
485.155
 20
358.38
 10
485.089
 20
358.413
 10
485.028
 20
358.454
 10
484.973
 20
358.502
 10
484.924
 20
358.558
 10
484.883
 20
358.619
 10
484.851
 20
358.685
 10
484.827
 20
358.754
 10
484.813
 20
358.827
 10
484.808
 20
358.9
 10
484.813
 20
358.973
 10
484.827
 20
359.046
 10
484.851
 20
359.115
 10
484.883
 20
359.181
 10
484.924
 20
359.242
 10
484.973
 20
359.298
 10
485.028
 20
359.346
 10
485.089
 20
359.387
 10
485.155
 20
359.42
 10
485.225
 20
359.443
 10
485.297
 20
359.458
 10
485.37
 20
359.463
 10
485.444
 20
359.458
 10
485.516
 20
359.443
 10
485.586
 20
359.42
 10
485.652
 20
359.387
 10
485.713
 20
359.346
 10
485.768
 20
359.298
 10
485.817
 20
359.242
 10
485.858
 20
359.181
 10
485.89
 20
359.115
 10
485.914
 20
359.046
 10
485.928
 20
358.973
 97
0
 75
0
 76
1
 98
0
  0
HATCH
  5
1EE
330
17
100
AcDbEntity
  8
RASTER
 62
7
100
AcDbHatch
 10
0.0
 20
0.0
 30
0.0
210
0.0
220
0.0
230
1.0
  2
SOLID
 70
1
 71
0
 91
1
 92
3
 72
0
 73
1
 93
122
 10
485.035
 20
359.466
 10
485.014
 20
359.57
 10
484.979
 20
359.661
 10
484.938
 20
359.746
 10
484.891
 20
359.826
 10
484.839
 20
359.901
 10
484.781
 20
359.972
 10
484.718
 20
360.038
 10
484.649
 20
360.099
 10
484.574
 20
360.155
 10
484.494
 20
360.204
 10
484.408
 20
360.245
 10
484.316
 20
360.279
 10
484.22
 20
360.304
 10
484.121
 20
360.32
 10
484.02
 20
360.326
 10
483.918
 20
360.322
 10
483.816
 20
360.308
 10
483.716
 20
360.285
 10
483.619
 20
360.253
 10
483.525
 20
360.212
 10
483.435
 20
360.165
 10
483.35
 20
360.111
 10
483.27
 20
360.051
 10
483.193
 20
359.987
 10
483.121
 20
359.917
 10
483.054
 20
359.843
 10
482.99
 20
359.765
 10
482.929
 20
359.683
 10
482.872
 20
359.597
 10
482.818
 20
359.508
 10
482.767
 20
359.415
 10
482.719
 20
359.318
 10
482.673
 20
359.219
 10
482.63
 20
359.115
 10
482.588
 20
359.008
 10
482.549
 20
358.898
 10
482.511
 20
358.784
 10
482.475
 20
358.666
 10
482.441
 20
358.545
 10
482.409
 20
358.42
 10
482.377
 20
358.292
 10
482.347
 20
358.16
 10
482.319
 20
358.024
 10
482.291
 20
357.884
 10
482.265
 20
357.741
 10
482.24
 20
357.594
 10
482.215
 20
357.443
 10
482.192
 20
357.288
 10
482.17
 20
357.13
 10
482.148
 20
356.967
 10
482.127
 20
356.801
 10
482.106
 20
356.631
 10
482.087
 20
356.456
 10
482.068
 20
356.278
 10
482.049
 20
356.096
 10
482.031
 20
355.91
 10
482.014
 20
355.72
 10
481.996
 20
355.526
 10
481.98
 20
355.328
 10
481.963
 20
355.126
 10
482.283
 20
355.07
 10
482.338
 20
355.263
 10
482.392
 20
355.452
 10
482.447
 20
355.636
 10
482.503
 20
355.815
 10
482.559
 20
355.99
 10
482.615
 20
356.161
 10
482.671
 20
356.326
 10
482.727
 20
356.487
 10
482.784
 20
356.643
 10
482.84
 20
356.795
 10
482.819
 20
356.962
 10
482.787
 20
357.129
 10
482.836
 20
357.27
 10
482.977
 20
357.38
 10
483.122
 20
357.482
 10
483.178
 20
357.605
 10
483.234
 20
357.723
 10
483.289
 20
357.837
 10
483.343
 20
357.945
 10
483.397
 20
358.049
 10
483.451
 20
358.147
 10
483.503
 20
358.241
 10
483.555
 20
358.33
 10
483.606
 20
358.413
 10
483.655
 20
358.492
 10
483.636
 20
358.6
 10
483.562
 20
358.736
 10
483.512
 20
358.861
 10
483.676
 20
358.856
 10
483.838
 20
358.837
 10
483.921
 20
358.857
 10
483.959
 20
358.9
 10
483.993
 20
358.938
 10
484.025
 20
358.972
 10
484.054
 20
359.001
 10
484.08
 20
359.026
 10
484.102
 20
359.047
 10
484.12
 20
359.064
 10
484.134
 20
359.079
 10
484.145
 20
359.092
 10
484.143
 20
359.124
 10
484.1
 20
359.266
 10
484.077
 20
359.411
 10
484.114
 20
359.37
 10
484.152
 20
359.25
 10
484.168
 20
359.164
 10
484.174
 20
359.18
 10
484.185
 20
359.196
 10
484.201
 20
359.213
 10
484.223
 20
359.229
 10
484.251
 20
359.244
 10
484.286
 20
359.256
 10
484.328
 20
359.265
 10
484.376
 20
359.271
 10
484.43
 20
359.273
 10
484.49
 20
359.272
 10
484.557
 20
359.266
 10
484.63
 20
359.256
 10
484.71
 20
359.243
 10
484.805
 20
359.236
 97
0
 75
0
 76
1
 98
0
  0
HATCH
  5
1EF
330
17
100
AcDbEntity
  8
RASTER
 62
7
100
AcDbHatch
 10
0.0
 20
0.0
 30
0.0
210
0.0
220
0.0
230
1.0
  2
SOLID
 70
1
 71
0
 91
1
 92
3
 72
0
 73
1
 93
122
 10
485.42
 20
359.556
 10
485.46
 20
359.667
 10
485.481
 20
359.775
 10
485.493
 20
359.88
 10
485.498
 20
359.983
 10
485.495
 20
360.084
 10
485.485
 20
360.184
 10
485.468
 20
360.283
 10
485.443
 20
360.38
 10
485.408
 20
360.476
 10
485.364
 20
360.569
 10
485.31
 20
360.659
 10
485.245
 20
360.744
 10
485.169
 20
360.824
 10
485.084
 20
360.896
 10
484.989
 20
360.958
 10
484.887
 20
361.011
 10
484.78
 20
361.051
 10
484.669
 20
361.081
 10
484.557
 20
361.098
 10
484.445
 20
361.105
 10
484.333
 20
361.102
 10
484.223
 20
361.09
 10
484.115
 20
361.069
 10
484.009
 20
361.041
 10
483.905
 20
361.006
 10
483.802
 20
360.964
 10
483.701
 20
360.916
 10
483.601
 20
360.863
 10
483.502
 20
360.804
 10
483.404
 20
360.739
 10
483.306
 20
360.67
 10
483.208
 20
360.595
 10
483.111
 20
360.515
 10
483.013
 20
360.43
 10
482.914
 20
360.341
 10
482.816
 20
360.246
 10
482.716
 20
360.147
 10
482.616
 20
360.042
 10
482.515
 20
359.933
 10
482.413
 20
359.819
 10
482.31
 20
359.7
 10
482.205
 20
359.576
 10
482.1
 20
359.448
 10
481.993
 20
359.314
 10
481.884
 20
359.176
 10
481.774
 20
359.033
 10
481.663
 20
358.885
 10
481.55
 20
358.733
 10
481.435
 20
358.576
 10
481.319
 20
358.413
 10
481.2
 20
358.247
 10
481.08
 20
358.075
 10
480.958
 20
357.899
 10
480.834
 20
357.718
 10
480.708
 20
357.532
 10
480.58
 20
357.341
 10
480.45
 20
357.146
 10
480.318
 20
356.946
 10
480.184
 20
356.742
 10
480.047
 20
356.532
 10
480.305
 20
356.335
 10
480.472
 20
356.519
 10
480.635
 20
356.698
 10
480.797
 20
356.872
 10
480.956
 20
357.041
 10
481.113
 20
357.205
 10
481.267
 20
357.363
 10
481.419
 20
357.517
 10
481.568
 20
357.665
 10
481.714
 20
357.808
 10
481.858
 20
357.946
 10
481.938
 20
358.133
 10
482.009
 20
358.323
 10
482.139
 20
358.452
 10
482.338
 20
358.511
 10
482.535
 20
358.561
 10
482.662
 20
358.668
 10
482.785
 20
358.771
 10
482.905
 20
358.869
 10
483.022
 20
358.961
 10
483.136
 20
359.049
 10
483.246
 20
359.132
 10
483.353
 20
359.209
 10
483.456
 20
359.282
 10
483.556
 20
359.349
 10
483.651
 20
359.412
 10
483.697
 20
359.53
 10
483.705
 20
359.696
 10
483.727
 20
359.841
 10
483.887
 20
359.775
 10
484.039
 20
359.697
 10
484.134
 20
359.686
 10
484.198
 20
359.716
 10
484.256
 20
359.741
 10
484.309
 20
359.761
 10
484.355
 20
359.779
 10
484.396
 20
359.792
 10
484.43
 20
359.803
 10
484.457
 20
359.812
 10
484.478
 20
359.819
 10
484.493
 20
359.825
 10
484.504
 20
359.855
 10
484.529
 20
360.001
 10
484.575
 20
360.139
 10
484.586
 20
360.087
 10
484.554
 20
359.965
 10
484.519
 20
359.886
 10
484.528
 20
359.899
 10
484.543
 20
359.909
 10
484.564
 20
359.916
 10
484.591
 20
359.917
 10
484.623
 20
359.911
 10
484.661
 20
359.898
 10
484.703
 20
359.877
 10
484.749
 20
359.847
 10
484.798
 20
359.809
 10
484.85
 20
359.763
 10
484.905
 20
359.708
 10
484.962
 20
359.646
 10
485.023
 20
359.575
 10
485.1
 20
359.5
 97
0
 75
0
 76
1
 98
0
  0
HATCH
  5
1F0
330
17
100
AcDbEntity
  8
RASTER
 62
7
100
AcDbHatch
 10
0.0
 20
0.0
 30
0.0
210
0.0
220
0.0
230
1.0
  2
SOLID
 70
1
 71
0
 91
1
 92
3
 72
0
 73
1
 93
122
 10
485.787
 20
359.409
 10
485.885
 20
359.473
 10
485.969
 20
359.536
 10
486.047
 20
359.594
 10
486.122
 20
359.648
 10
486.195
 20
359.695
 10
486.264
 20
359.738
 10
486.33
 20
359.775
 10
486.394
 20
359.807
 10
486.455
 20
359.834
 10
486.513
 20
359.857
 10
486.569
 20
359.876
 10
486.621
 20
359.891
 10
486.671
 20
359.903
 10
486.719
 20
359.912
 10
486.765
 20
359.919
 10
486.809
 20
359.924
 10
486.853
 20
359.928
 10
486.896
 20
359.931
 10
486.94
 20
359.932
 10
486.984
 20
359.933
 10
487.031
 20
359.933
 10
487.079
 20
359.932
 10
487.13
 20
359.929
 10
487.183
 20
359.925
 10
487.241
 20
359.92
 10
487.301
 20
359.912
 10
487.366
 20
359.903
 10
487.434
 20
359.891
 10
487.506
 20
359.876
 10
487.582
 20
359.858
 10
487.662
 20
359.837
 10
487.746
 20
359.813
 10
487.834
 20
359.785
 10
487.926
 20
359.754
 10
488.021
 20
359.719
 10
488.12
 20
359.68
 10
488.222
 20
359.637
 10
488.328
 20
359.59
 10
488.437
 20
359.538
 10
488.549
 20
359.483
 10
488.665
 20
359.423
 10
488.783
 20
359.359
 10
488.905
 20
359.291
 10
489.029
 20
359.218
 10
489.156
 20
359.141
 10
489.286
 20
359.059
 10
489.418
 20
358.973
 10
489.554
 20
358.882
 10
489.691
 20
358.787
 10
489.831
 20
358.687
 10
489.974
 20
358.583
 10
490.118
 20
358.474
 10
490.265
 20
358.361
 10
490.414
 20
358.243
 10
490.566
 20
358.12
 10
490.719
 20
357.993
 10
490.875
 20
357.861
 10
491.032
 20
357.724
 10
491.191
 20
357.583
 10
491.353
 20
357.437
 10
491.592
 20
357.657
 10
491.457
 20
357.831
 10
491.324
 20
358.001
 10
491.193
 20
358.167
 10
491.063
 20
358.33
 10
490.934
 20
358.488
 10
490.807
 20
358.642
 10
490.68
 20
358.792
 10
490.556
 20
358.937
 10
490.432
 20
359.079
 10
490.309
 20
359.217
 10
490.134
 20
359.29
 10
489.955
 20
359.349
 10
489.832
 20
359.467
 10
489.771
 20
359.655
 10
489.711
 20
359.844
 10
489.594
 20
359.956
 10
489.478
 20
360.065
 10
489.362
 20
360.169
 10
489.246
 20
360.269
 10
489.131
 20
360.365
 10
489.016
 20
360.456
 10
488.902
 20
360.543
 10
488.787
 20
360.625
 10
488.673
 20
360.702
 10
488.558
 20
360.775
 10
488.411
 20
360.775
 10
488.243
 20
360.711
 10
488.09
 20
360.661
 10
488.032
 20
360.839
 10
487.966
 20
361.017
 10
487.865
 20
361.108
 10
487.748
 20
361.145
 10
487.631
 20
361.176
 10
487.513
 20
361.2
 10
487.395
 20
361.218
 10
487.276
 20
361.229
 10
487.158
 20
361.233
 10
487.04
 20
361.23
 10
486.923
 20
361.22
 10
486.808
 20
361.202
 10
486.698
 20
361.153
 10
486.623
 20
360.985
 10
486.566
 20
360.818
 10
486.457
 20
360.83
 10
486.312
 20
360.904
 10
486.175
 20
360.933
 10
486.085
 20
360.863
 10
486.001
 20
360.788
 10
485.923
 20
360.707
 10
485.851
 20
360.621
 10
485.785
 20
360.531
 10
485.725
 20
360.436
 10
485.672
 20
360.337
 10
485.625
 20
360.235
 10
485.584
 20
360.13
 10
485.55
 20
360.021
 10
485.522
 20
359.909
 10
485.5
 20
359.794
 10
485.487
 20
359.674
 10
485.493
 20
359.546
 97
0
 75
0
 76
1
 98
0
  0
HATCH
  5
1F1
330
17
100
AcDbEntity
  8
RASTER
 62
7
100
AcDbHatch
 10
0.0
 20
0.0
 30
0.0
210
0.0
220
0.0
230
1.0
  2
SOLID
 70
1
 71
0
 91
1
 92
3
 72
0
 73
1
 93
122
 10
486.004
 20
359.078
 10
486.123
 20
359.075
 10
486.231
 20
359.083
 10
486.335
 20
359.091
 10
486.435
 20
359.098
 10
486.532
 20
359.105
 10
486.626
 20
359.11
 10
486.718
 20
359.113
 10
486.806
 20
359.116
 10
486.892
 20
359.116
 10
486.976
 20
359.116
 10
487.057
 20
359.114
 10
487.137
 20
359.111
 10
487.214
 20
359.107
 10
487.29
 20
359.101
 10
487.364
 20
359.095
 10
487.437
 20
359.088
 10
487.508
 20
359.08
 10
487.579
 20
359.07
 10
487.649
 20
359.06
 10
487.719
 20
359.05
 10
487.788
 20
359.038
 10
487.857
 20
359.025
 10
487.926
 20
359.011
 10
487.996
 20
358.996
 10
488.065
 20
358.98
 10
488.136
 20
358.963
 10
488.207
 20
358.944
 10
488.28
 20
358.924
 10
488.353
 20
358.902
 10
488.427
 20
358.879
 10
488.503
 20
358.853
 10
488.58
 20
358.826
 10
488.658
 20
358.796
 10
488.738
 20
358.764
 10
488.819
 20
358.73
 10
488.901
 20
358.693
 10
488.985
 20
358.654
 10
489.07
 20
358.612
 10
489.156
 20
358.567
 10
489.244
 20
358.519
 10
489.333
 20
358.468
 10
489.423
 20
358.415
 10
489.514
 20
358.358
 10
489.606
 20
358.298
 10
489.699
 20
358.235
 10
489.794
 20
358.168
 10
489.889
 20
358.098
 10
489.985
 20
358.025
 10
490.082
 20
357.949
 10
490.179
 20
357.869
 10
490.277
 20
357.786
 10
490.376
 20
357.699
 10
490.475
 20
357.608
 10
490.575
 20
357.515
 10
490.675
 20
357.417
 10
490.775
 20
357.317
 10
490.876
 20
357.212
 10
490.977
 20
357.105
 10
491.078
 20
356.993
 10
491.18
 20
356.878
 10
491.45
 20
357.059
 10
491.378
 20
357.199
 10
491.306
 20
357.336
 10
491.234
 20
357.471
 10
491.162
 20
357.604
 10
491.088
 20
357.733
 10
491.015
 20
357.86
 10
490.94
 20
357.985
 10
490.865
 20
358.107
 10
490.789
 20
358.226
 10
490.713
 20
358.343
 10
490.575
 20
358.402
 10
490.431
 20
358.449
 10
490.348
 20
358.55
 10
490.331
 20
358.716
 10
490.315
 20
358.886
 10
490.232
 20
358.986
 10
490.147
 20
359.083
 10
490.062
 20
359.178
 10
489.975
 20
359.269
 10
489.887
 20
359.357
 10
489.797
 20
359.443
 10
489.705
 20
359.525
 10
489.612
 20
359.603
 10
489.518
 20
359.678
 10
489.422
 20
359.75
 10
489.287
 20
359.752
 10
489.126
 20
359.693
 10
488.98
 20
359.649
 10
488.942
 20
359.826
 10
488.898
 20
360.005
 10
488.812
 20
360.101
 10
488.705
 20
360.145
 10
488.597
 20
360.185
 10
488.488
 20
360.219
 10
488.378
 20
360.25
 10
488.267
 20
360.275
 10
488.155
 20
360.296
 10
488.043
 20
360.311
 10
487.93
 20
360.321
 10
487.817
 20
360.327
 10
487.703
 20
360.304
 10
487.59
 20
360.159
 10
487.487
 20
360.014
 10
487.382
 20
360.058
 10
487.267
 20
360.175
 10
487.149
 20
360.249
 10
487.041
 20
360.219
 10
486.934
 20
360.183
 10
486.829
 20
360.142
 10
486.726
 20
360.096
 10
486.625
 20
360.045
 10
486.527
 20
359.99
 10
486.43
 20
359.93
 10
486.336
 20
359.865
 10
486.244
 20
359.796
 10
486.155
 20
359.722
 10
486.07
 20
359.643
 10
485.987
 20
359.558
 10
485.909
 20
359.467
 10
485.841
 20
359.359
 97
0
 75
0
 76
1
 98
0
  0
HATCH
  5
1F2
330
17
100
AcDbEntity
  8
RASTER
 62
7
100
AcDbHatch
 10
0.0
 20
0.0
 30
0.0
210
0.0
220
0.0
230
1.0
  2
SOLID
 70
1
 71
0
 91
1
 92
3
 72
0
 73
1
 93
122
 10
485.991
 20
358.683
 10
486.075
 20
358.614
 10
486.157
 20
358.56
 10
486.238
 20
358.511
 10
486.318
 20
358.464
 10
486.396
 20
358.419
 10
486.473
 20
358.375
 10
486.548
 20
358.332
 10
486.622
 20
358.291
 10
486.695
 20
358.25
 10
486.767
 20
358.21
 10
486.837
 20
358.171
 10
486.907
 20
358.132
 10
486.975
 20
358.095
 10
487.043
 20
358.057
 10
487.11
 20
358.021
 10
487.176
 20
357.985
 10
487.241
 20
357.949
 10
487.306
 20
357.914
 10
487.37
 20
357.88
 10
487.434
 20
357.845
 10
487.498
 20
357.812
 10
487.561
 20
357.778
 10
487.623
 20
357.744
 10
487.686
 20
357.711
 10
487.748
 20
357.678
 10
487.811
 20
357.645
 10
487.873
 20
357.611
 10
487.935
 20
357.578
 10
487.997
 20
357.544
 10
488.06
 20
357.51
 10
488.122
 20
357.476
 10
488.185
 20
357.441
 10
488.247
 20
357.406
 10
488.31
 20
357.371
 10
488.373
 20
357.334
 10
488.436
 20
357.297
 10
488.5
 20
357.259
 10
488.563
 20
357.221
 10
488.627
 20
357.181
 10
488.691
 20
357.14
 10
488.755
 20
357.098
 10
488.82
 20
357.055
 10
488.884
 20
357.011
 10
488.949
 20
356.966
 10
489.013
 20
356.919
 10
489.078
 20
356.871
 10
489.143
 20
356.822
 10
489.207
 20
356.771
 10
489.272
 20
356.718
 10
489.337
 20
356.664
 10
489.401
 20
356.609
 10
489.465
 20
356.551
 10
489.529
 20
356.492
 10
489.593
 20
356.432
 10
489.656
 20
356.369
 10
489.719
 20
356.305
 10
489.782
 20
356.24
 10
489.844
 20
356.172
 10
489.905
 20
356.103
 10
489.966
 20
356.032
 10
490.253
 20
356.186
 10
490.223
 20
356.279
 10
490.193
 20
356.373
 10
490.162
 20
356.465
 10
490.129
 20
356.557
 10
490.096
 20
356.648
 10
490.061
 20
356.738
 10
490.025
 20
356.827
 10
489.988
 20
356.916
 10
489.949
 20
357.004
 10
489.909
 20
357.091
 10
489.803
 20
357.127
 10
489.689
 20
357.154
 10
489.64
 20
357.231
 10
489.663
 20
357.369
 10
489.686
 20
357.51
 10
489.637
 20
357.591
 10
489.586
 20
357.671
 10
489.533
 20
357.749
 10
489.479
 20
357.826
 10
489.423
 20
357.902
 10
489.365
 20
357.976
 10
489.306
 20
358.049
 10
489.244
 20
358.12
 10
489.181
 20
358.19
 10
489.116
 20
358.258
 10
489.003
 20
358.264
 10
488.853
 20
358.217
 10
488.719
 20
358.184
 10
488.73
 20
358.353
 10
488.737
 20
358.526
 10
488.69
 20
358.625
 10
488.613
 20
358.679
 10
488.535
 20
358.73
 10
488.455
 20
358.779
 10
488.373
 20
358.826
 10
488.29
 20
358.87
 10
488.205
 20
358.912
 10
488.119
 20
358.951
 10
488.032
 20
358.987
 10
487.944
 20
359.021
 10
487.845
 20
359.03
 10
487.704
 20
358.928
 10
487.568
 20
358.825
 10
487.5
 20
358.901
 10
487.454
 20
359.049
 10
487.391
 20
359.161
 10
487.296
 20
359.173
 10
487.2
 20
359.183
 10
487.104
 20
359.189
 10
487.007
 20
359.193
 10
486.909
 20
359.193
 10
486.811
 20
359.189
 10
486.713
 20
359.182
 10
486.615
 20
359.172
 10
486.516
 20
359.158
 10
486.417
 20
359.14
 10
486.318
 20
359.118
 10
486.219
 20
359.091
 10
486.12
 20
359.058
 10
486.02
 20
359.006
 97
0
 75
0
 76
1
 98
0
  0
LWPOLYLINE
  5
1F3
330
17
100
AcDbEntity
  8
CUT
100
AcDbPolyline
 90
21
 70
1
 10
557.87
 20
394.138
 10
563.044
 20
393.97
 10
564.548
 20
393.427
 10
565.256
 20
392.444
 10
565.355
 20
388.598
 10
566.442
 20
386.16
 10
566.81
 20
383.84
 10
566.515
 20
374.189
 10
566.391
 20
373.385
 10
565.804
 20
372.504
 10
563.67
 20
371.417
 10
561.768
 20
371.116
 10
556.04
 20
371.324
 10
553.856
 20
372.275
 10
552.958
 20
373.648
 10
552.583
 20
384.233
 10
552.942
 20
386.272
 10
553.989
 20
388.356
 10
554.127
 20
392.448
 10
554.565
 20
393.186
 10
555.472
 20
393.738
  0
HATCH
  5
1F4
330
17
100
AcDbEntity
  8
RASTER
 62
7
100
AcDbHatch
 10
0.0
 20
0.0
 30
0.0
210
0.0
220
0.0
230
1.0
  2
SOLID
 70
1
 71
0
 91
7
 92
3
 72
0
 73
1
 93
50
 10
558.645
 20
392.349
 10
560.679
 20
392.379
 10
560.875
 20
392.281
 10
561.269
 20
392.281
 10
562.349
 20
391.986
 10
563.067
 20
391.622
 10
563.263
 20
391.426
 10
563.528
 20
390.905
 10
563.627
 20
390.217
 10
563.528
 20
390.021
 10
563.528
 20
389.529
 10
563.263
 20
389.009
 10
562.939
 20
388.645
 10
563.037
 20
387.859
 10
563.597
 20
386.651
 10
564.707
 20
384.617
 10
565.002
 20
383.241
 10
565.002
 20
380.097
 10
564.904
 20
379.901
 10
564.904
 20
377.837
 10
564.806
 20
377.641
 10
564.806
 20
375.578
 10
564.707
 20
375.086
 10
564.442
 20
374.566
 10
563.754
 20
373.878
 10
562.349
 20
373.219
 10
561.072
 20
372.925
 10
560.384
 20
372.925
 10
560.188
 20
372.826
 10
559.205
 20
372.826
 10
559.009
 20
372.925
 10
557.731
 20
373.023
 10
556.749
 20
373.318
 10
555.639
 20
373.878
 10
555.049
 20
374.467
 10
554.784
 20
374.988
 10
554.587
 20
375.774
 10
554.489
 20
378.722
 10
554.391
 20
378.918
 10
554.391
 20
383.536
 10
554.784
 20
384.912
 10
556.258
 20
387.663
 10
556.454
 20
388.35
 10
556.425
 20
388.714
 10
556.13
 20
389.009
 10
555.865
 20
389.529
 10
555.766
 20
390.61
 10
556.13
 20
391.426
 10
556.523
 20
391.721
 10
557.633
 20
392.182
 97
0
 92
3
 72
0
 73
1
 93
51
 10
559.402
 20
391.888
 10
559.205
 20
391.789
 10
558.419
 20
391.789
 10
557.338
 20
391.495
 10
556.621
 20
391.131
 10
556.356
 20
390.61
 10
556.356
 20
389.922
 10
556.454
 20
389.628
 10
556.945
 20
388.94
 10
556.945
 20
388.056
 10
556.749
 20
387.466
 10
556.13
 20
386.218
 10
555.275
 20
384.715
 10
554.98
 20
383.733
 10
554.98
 20
383.34
 10
554.882
 20
383.143
 10
554.98
 20
378.132
 10
555.079
 20
377.936
 10
555.079
 20
376.56
 10
555.177
 20
376.364
 10
555.177
 20
375.578
 10
555.275
 20
375.184
 10
555.442
 20
374.86
 10
555.933
 20
374.369
 10
556.552
 20
374.005
 10
557.731
 20
373.612
 10
558.812
 20
373.514
 10
559.009
 20
373.416
 10
560.482
 20
373.416
 10
562.349
 20
373.809
 10
563.46
 20
374.369
 10
563.951
 20
374.86
 10
564.118
 20
375.184
 10
564.216
 20
375.479
 10
564.216
 20
377.346
 10
564.314
 20
377.543
 10
564.314
 20
379.115
 10
564.413
 20
379.311
 10
564.511
 20
382.553
 10
564.413
 20
382.75
 10
564.314
 20
383.929
 10
564.02
 20
384.813
 10
562.841
 20
386.975
 10
562.448
 20
388.154
 10
562.448
 20
388.94
 10
562.772
 20
389.303
 10
563.037
 20
390.021
 10
563.037
 20
390.61
 10
562.87
 20
390.934
 10
562.575
 20
391.229
 10
561.465
 20
391.691
 97
0
 92
3
 72
0
 73
1
 93
16
 10
559.038
 20
391.465
 10
560.286
 20
391.495
 10
560.482
 20
391.396
 10
561.072
 20
391.396
 10
561.986
 20
391.033
 10
562.153
 20
390.709
 10
562.025
 20
390.443
 10
561.789
 20
390.286
 10
560.875
 20
390.021
 10
558.616
 20
390.021
 10
558.124
 20
390.119
 10
557.505
 20
390.384
 10
557.309
 20
390.581
 10
557.24
 20
390.709
 10
557.309
 20
390.934
 10
557.928
 20
391.298
 97
0
 92
3
 72
0
 73
1
 93
10
 10
558.714
 20
391.003
 10
557.761
 20
390.679
 10
558.026
 20
390.512
 10
558.419
 20
390.512
 10
558.616
 20
390.414
 10
560.875
 20
390.414
 10
561.367
 20
390.512
 10
561.465
 20
390.61
 10
561.396
 20
390.738
 10
560.679
 20
391.003
 97
0
 92
3
 72
0
 73
1
 93
18
 10
562.182
 20
389.107
 10
562.251
 20
389.038
 10
562.084
 20
388.714
 10
561.17
 20
388.35
 10
560.777
 20
388.35
 10
560.581
 20
388.252
 10
558.616
 20
388.252
 10
558.419
 20
388.35
 10
558.026
 20
388.35
 10
557.309
 20
388.616
 10
557.142
 20
388.94
 10
557.338
 20
389.038
 10
557.83
 20
388.842
 10
558.812
 20
388.743
 10
559.009
 20
388.645
 10
560.482
 20
388.645
 10
560.679
 20
388.743
 10
561.563
 20
388.842
 97
0
 92
3
 72
0
 73
1
 93
43
 10
555.796
 20
384.587
 10
555.963
 20
384.519
 10
555.57
 20
383.045
 10
555.57
 20
381.374
 10
555.668
 20
381.178
 10
555.668
 20
379.311
 10
555.766
 20
379.115
 10
555.766
 20
376.953
 10
555.865
 20
376.757
 10
555.865
 20
375.676
 10
556.032
 20
375.352
 10
556.523
 20
374.959
 10
557.044
 20
374.693
 10
558.517
 20
374.3
 10
559.726
 20
374.231
 10
560.974
 20
374.3
 10
561.858
 20
374.497
 10
563.067
 20
375.057
 10
563.361
 20
375.352
 10
563.528
 20
375.774
 10
563.528
 20
376.953
 10
563.695
 20
377.317
 10
563.725
 20
375.676
 10
563.46
 20
375.155
 10
563.165
 20
374.86
 10
562.251
 20
374.398
 10
561.17
 20
374.104
 10
560.777
 20
374.104
 10
560.581
 20
374.005
 10
558.91
 20
374.005
 10
558.714
 20
374.104
 10
558.223
 20
374.104
 10
556.945
 20
374.497
 10
556.228
 20
374.86
 10
555.835
 20
375.253
 10
555.668
 20
375.578
 10
555.668
 20
376.364
 10
555.57
 20
376.56
 10
555.57
 20
378.525
 10
555.472
 20
378.722
 10
555.472
 20
380.588
 10
555.373
 20
380.785
 10
555.373
 20
383.241
 97
0
 92
3
 72
0
 73
1
 93
7
 10
563.754
 20
378.496
 10
563.823
 20
378.427
 10
563.823
 20
377.543
 10
563.725
 20
377.444
 10
563.627
 20
377.543
 10
563.627
 20
377.739
 10
563.725
 20
377.936
 97
0
 75
0
 76
1
 98
0
  0
LWPOLYLINE
  5
1F5
330
17
100
AcDbEntity
  8
CUT
100
AcDbPolyline
 90
21
 70
1
 10
575.822
 20
394.138
 10
580.996
 20
393.97
 10
582.5
 20
393.427
 10
583.208
 20
392.444
 10
583.307
 20
388.598
 10
584.394
 20
386.16
 10
584.762
 20
383.84
 10
584.467
 20
374.189
 10
584.343
 20
373.385
 10
583.756
 20
372.504
 10
581.622
 20
371.417
 10
579.72
 20
371.116
 10
573.992
 20
371.324
 10
571.808
 20
372.275
 10
570.91
 20
373.648
 10
570.535
 20
384.233
 10
570.894
 20
386.272
 10
571.941
 20
388.356
 10
572.079
 20
392.448
 10
572.517
 20
393.186
 10
573.424
 20
393.738
  0
HATCH
  5
1F6
330
17
100
AcDbEntity
  8
RASTER
 62
7
100
AcDbHatch
 10
0.0
 20
0.0
 30
0.0
210
0.0
220
0.0
230
1.0
  2
SOLID
 70
1
 71
0
 91
7
 92
3
 72
0
 73
1
 93
50
 10
576.597
 20
392.349
 10
578.631
 20
392.379
 10
578.827
 20
392.281
 10
579.22
 20
392.281
 10
580.301
 20
391.986
 10
581.019
 20
391.622
 10
581.215
 20
391.426
 10
581.48
 20
390.905
 10
581.579
 20
390.217
 10
581.48
 20
390.021
 10
581.48
 20
389.529
 10
581.215
 20
389.009
 10
580.891
 20
388.645
 10
580.989
 20
387.859
 10
581.549
 20
386.651
 10
582.659
 20
384.617
 10
582.954
 20
383.241
 10
582.954
 20
380.097
 10
582.856
 20
379.901
 10
582.856
 20
377.837
 10
582.758
 20
377.641
 10
582.758
 20
375.578
 10
582.659
 20
375.086
 10
582.394
 20
374.566
 10
581.706
 20
373.878
 10
580.301
 20
373.219
 10
579.024
 20
372.925
 10
578.336
 20
372.925
 10
578.14
 20
372.826
 10
577.157
 20
372.826
 10
576.961
 20
372.925
 10
575.683
 20
373.023
 10
574.701
 20
373.318
 10
573.591
 20
373.878
 10
573.001
 20
374.467
 10
572.736
 20
374.988
 10
572.539
 20
375.774
 10
572.441
 20
378.722
 10
572.343
 20
378.918
 10
572.343
 20
383.536
 10
572.736
 20
384.912
 10
574.21
 20
387.663
 10
574.406
 20
388.35
 10
574.377
 20
388.714
 10
574.082
 20
389.009
 10
573.817
 20
389.529
 10
573.718
 20
390.61
 10
574.082
 20
391.426
 10
574.475
 20
391.721
 10
575.585
 20
392.182
 97
0
 92
3
 72
0
 73
1
 93
51
 10
577.354
 20
391.888
 10
577.157
 20
391.789
 10
576.371
 20
391.789
 10
575.29
 20
391.495
 10
574.573
 20
391.131
 10
574.308
 20
390.61
 10
574.308
 20
389.922
 10
574.406
 20
389.628
 10
574.897
 20
388.94
 10
574.897
 20
388.056
 10
574.701
 20
387.466
 10
574.082
 20
386.218
 10
573.227
 20
384.715
 10
572.932
 20
383.733
 10
572.932
 20
383.34
 10
572.834
 20
383.143
 10
572.932
 20
378.132
 10
573.031
 20
377.936
 10
573.031
 20
376.56
 10
573.129
 20
376.364
 10
573.129
 20
375.578
 10
573.227
 20
375.184
 10
573.394
 20
374.86
 10
573.885
 20
374.369
 10
574.504
 20
374.005
 10
575.683
 20
373.612
 10
576.764
 20
373.514
 10
576.961
 20
373.416
 10
578.434
 20
373.416
 10
580.301
 20
373.809
 10
581.412
 20
374.369
 10
581.903
 20
374.86
 10
582.07
 20
375.184
 10
582.168
 20
375.479
 10
582.168
 20
377.346
 10
582.266
 20
377.543
 10
582.266
 20
379.115
 10
582.365
 20
379.311
 10
582.463
 20
382.553
 10
582.365
 20
382.75
 10
582.266
 20
383.929
 10
581.972
 20
384.813
 10
580.793
 20
386.975
 10
580.4
 20
388.154
 10
580.4
 20
388.94
 10
580.724
 20
389.303
 10
580.989
 20
390.021
 10
580.989
 20
390.61
 10
580.822
 20
390.934
 10
580.527
 20
391.229
 10
579.417
 20
391.691
 97
0
 92
3
 72
0
 73
1
 93
16
 10
576.99
 20
391.465
 10
578.238
 20
391.495
 10
578.434
 20
391.396
 10
579.024
 20
391.396
 10
579.938
 20
391.033
 10
580.105
 20
390.709
 10
579.977
 20
390.443
 10
579.741
 20
390.286
 10
578.827
 20
390.021
 10
576.568
 20
390.021
 10
576.076
 20
390.119
 10
575.457
 20
390.384
 10
575.261
 20
390.581
 10
575.192
 20
390.709
 10
575.261
 20
390.934
 10
575.88
 20
391.298
 97
0
 92
3
 72
0
 73
1
 93
10
 10
576.666
 20
391.003
 10
575.713
 20
390.679
 10
575.978
 20
390.512
 10
576.371
 20
390.512
 10
576.568
 20
390.414
 10
578.827
 20
390.414
 10
579.319
 20
390.512
 10
579.417
 20
390.61
 10
579.348
 20
390.738
 10
578.631
 20
391.003
 97
0
 92
3
 72
0
 73
1
 93
18
 10
580.134
 20
389.107
 10
580.203
 20
389.038
 10
580.036
 20
388.714
 10
579.122
 20
388.35
 10
578.729
 20
388.35
 10
578.533
 20
388.252
 10
576.568
 20
388.252
 10
576.371
 20
388.35
 10
575.978
 20
388.35
 10
575.261
 20
388.616
 10
575.094
 20
388.94
 10
575.29
 20
389.038
 10
575.782
 20
388.842
 10
576.764
 20
388.743
 10
576.961
 20
388.645
 10
578.434
 20
388.645
 10
578.631
 20
388.743
 10
579.515
 20
388.842
 97
0
 92
3
 72
0
 73
1
 93
43
 10
573.748
 20
384.587
 10
573.915
 20
384.519
 10
573.522
 20
383.045
 10
573.522
 20
381.374
 10
573.62
 20
381.178
 10
573.62
 20
379.311
 10
573.718
 20
379.115
 10
573.718
 20
376.953
 10
573.817
 20
376.757
 10
573.817
 20
375.676
 10
573.984
 20
375.352
 10
574.475
 20
374.959
 10
574.996
 20
374.693
 10
576.469
 20
374.3
 10
577.678
 20
374.231
 10
578.926
 20
374.3
 10
579.81
 20
374.497
 10
581.019
 20
375.057
 10
581.313
 20
375.352
 10
581.48
 20
375.774
 10
581.48
 20
376.953
 10
581.647
 20
377.317
 10
581.677
 20
375.676
 10
581.412
 20
375.155
 10
581.117
 20
374.86
 10
580.203
 20
374.398
 10
579.122
 20
374.104
 10
578.729
 20
374.104
 10
578.533
 20
374.005
 10
576.862
 20
374.005
 10
576.666
 20
374.104
 10
576.175
 20
374.104
 10
574.897
 20
374.497
 10
574.18
 20
374.86
 10
573.787
 20
375.253
 10
573.62
 20
375.578
 10
573.62
 20
376.364
 10
573.522
 20
376.56
 10
573.522
 20
378.525
 10
573.424
 20
378.722
 10
573.424
 20
380.588
 10
573.325
 20
380.785
 10
573.325
 20
383.241
 97
0
 92
3
 72
0
 73
1
 93
7
 10
581.706
 20
378.496
 10
581.775
 20
378.427
 10
581.775
 20
377.543
 10
581.677
 20
377.444
 10
581.579
 20
377.543
 10
581.579
 20
377.739
 10
581.677
 20
377.936
 97
0
 75
0
 76
1
 98
0
  0
ENDSEC
  0
SECTION
  2
OBJECTS
  0
DICTIONARY
  5
A
330
0
100
AcDbDictionary
281
1
  3
ACAD_COLOR
350
B
  3
ACAD_GROUP
350
C
  3
ACAD_LAYOUT
350
D
  3
ACAD_MATERIAL
350
E
  3
ACAD_MLEADERSTYLE
350
F
  3
ACAD_MLINESTYLE
350
10
  3
ACAD_PLOTSETTINGS
350
11
  3
ACAD_PLOTSTYLENAME
350
12
  3
ACAD_SCALELIST
350
14
  3
ACAD_TABLESTYLE
350
15
  3
ACAD_VISUALSTYLE
350
16
  3
EZDXF_META
350
2D
  0
DICTIONARY
  5
B
330
A
100
AcDbDictionary
281
1
  0
DICTIONARY
  5
C
330
A
100
AcDbDictionary
281
1
  0
DICTIONARY
  5
D
330
A
100
AcDbDictionary
281
1
  3
Model
350
1A
  3
Layout1
350
1E
  0
DICTIONARY
  5
E
330
A
100
AcDbDictionary
281
1
  3
ByBlock
350
1F
  3
ByLayer
350
20
  3
Global
350
21
  0
DICTIONARY
  5
F
330
A
100
AcDbDictionary
281
1
  3
Standard
350
2C
  0
DICTIONARY
  5
10
330
A
100
AcDbDictionary
281
1
  3
Standard
350
22
  0
DICTIONARY
  5
11
330
A
100
AcDbDictionary
281
1
  0
ACDBDICTIONARYWDFLT
  5
12
330
A
100
AcDbDictionary
281
1
  3
Normal
350
13
100
AcDbDictionaryWithDefault
340
13
  0
ACDBPLACEHOLDER
  5
13
330
12
  0
DICTIONARY
  5
14
330
A
100
AcDbDictionary
281
1
  0
DICTIONARY
  5
15
330
A
100
AcDbDictionary
281
1
  0
DICTIONARY
  5
16
330
A
100
AcDbDictionary
281
1
  0
LAYOUT
  5
1A
330
D
100
AcDbPlotSettings
  1

  4
A3
  6

 40
7.5
 41
20.0
 42
7.5
 43
20.0
 44
420.0
 45
297.0
 46
0.0
 47
0.0
 48
0.0
 49
0.0
140
0.0
141
0.0
142
1.0
143
1.0
 70
1024
 72
1
 73
0
 74
5
  7

 75
16
 76
0
 77
2
 78
300
147
1.0
148
0.0
149
0.0
100
AcDbLayout
  1
Model
 70
1
 71
0
 10
0.0
 20
0.0
 11
420.0
 21
297.0
 12
0.0
 22
0.0
 32
0.0
 14
1e+20
 24
1e+20
 34
1e+20
 15
-1e+20
 25
-1e+20
 35
-1e+20
146
0.0
 13
0.0
 23
0.0
 33
0.0
 16
1.0
 26
0.0
 36
0.0
 17
0.0
 27
1.0
 37
0.0
 76
1
330
17
  0
LAYOUT
  5
1E
330
D
100
AcDbPlotSettings
  1

  4
A3
  6

 40
7.5
 41
20.0
 42
7.5
 43
20.0
 44
420.0
 45
297.0
 46
0.0
 47
0.0
 48
0.0
 49
0.0
140
0.0
141
0.0
142
1.0
143
1.0
 70
0
 72
1
 73
0
 74
5
  7

 75
16
 76
0
 77
2
 78
300
147
1.0
148
0.0
149
0.0
100
AcDbLayout
  1
Layout1
 70
1
 71
1
 10
0.0
 20
0.0
 11
420.0
 21
297.0
 12
0.0
 22
0.0
 32
0.0
 14
1e+20
 24
1e+20
 34
1e+20
 15
-1e+20
 25
-1e+20
 35
-1e+20
146
0.0
 13
0.0
 23
0.0
 33
0.0
 16
1.0
 26
0.0
 36
0.0
 17
0.0
 27
1.0
 37
0.0
 76
1
330
1B
  0
MATERIAL
  5
1F
102
{ACAD_REACTORS
330
E
102
}
330
E
100
AcDbMaterial
  1
ByBlock
  2

 70
0
 40
1.0
 71
1
 41
1.0
 91
-1023410177
 42
1.0
 72
1
  3

 73
1
 74
1
 75
1
 44
0.5
 73
0
 45
1.0
 46
1.0
 77
1
  4

 78
1
 79
1
170
1
 48
1.0
171
1
  6

172
1
173
1
174
1
140
1.0
141
1.0
175
1
  7

176
1
177
1
178
1
143
1.0
179
1
  8

270
1
271
1
272
1
145
1.0
146
1.0
273
1
  9

274
1
275
1
276
1
 42
1.0
 72
1
  3

 73
1
 74
1
 75
1
 94
63
  0
MATERIAL
  5
20
102
{ACAD_REACTORS
330
E
102
}
330
E
100
AcDbMaterial
  1
ByLayer
  2

 70
0
 40
1.0
 71
1
 41
1.0
 91
-1023410177
 42
1.0
 72
1
  3

 73
1
 74
1
 75
1
 44
0.5
 73
0
 45
1.0
 46
1.0
 77
1
  4

 78
1
 79
1
170
1
 48
1.0
171
1
  6

172
1
173
1
174
1
140
1.0
141
1.0
175
1
  7

176
1
177
1
178
1
143
1.0
179
1
  8

270
1
271
1
272
1
145
1.0
146
1.0
273
1
  9

274
1
275
1
276
1
 42
1.0
 72
1
  3

 73
1
 74
1
 75
1
 94
63
  0
MATERIAL
  5
21
102
{ACAD_REACTORS
330
E
102
}
330
E
100
AcDbMaterial
  1
Global
  2

 70
0
 40
1.0
 71
1
 41
1.0
 91
-1023410177
 42
1.0
 72
1
  3

 73
1
 74
1
 75
1
 44
0.5
 73
0
 45
1.0
 46
1.0
 77
1
  4

 78
1
 79
1
170
1
 48
1.0
171
1
  6

172
1
173
1
174
1
140
1.0
141
1.0
175
1
  7

176
1
177
1
178
1
143
1.0
179
1
  8

270
1
271
1
272
1
145
1.0
146
1.0
273
1
  9

274
1
275
1
276
1
 42
1.0
 72
1
  3

 73
1
 74
1
 75
1
 94
63
  0
MLINESTYLE
  5
22
102
{ACAD_REACTORS
330
10
102
}
330
10
100
AcDbMlineStyle
  2
Standard
 70
0
  3

 62
256
 51
90.0
 52
90.0
 71
2
 49
0.5
 62
256
  6
BYLAYER
 49
-0.5
 62
256
  6
BYLAYER
  0
MLEADERSTYLE
  5
2C
102
{ACAD_REACTORS
330
F
102
}
330
F
100
AcDbMLeaderStyle
179
2
170
2
171
1
172
0
 90
2
 40
0.0
 41
0.0
173
1
 91
-1056964608
 92
-2
290
1
 42
2.0
291
1
 43
8.0
  3
Standard
 44
4.0
300

342
29
174
1
175
1
176
0
178
1
 93
-1056964608
 45
4.0
292
0
297
0
 46
4.0
 94
-1056964608
 47
1.0
 49
1.0
140
1.0
294
1
141
0.0
177
0
142
1.0
295
0
296
0
143
3.75
271
0
272
9
273
9
  0
DICTIONARY
  5
2D
330
A
100
AcDbDictionary
280
1
281
1
  3
CREATED_BY_EZDXF
350
2E
  3
WRITTEN_BY_EZDXF
350
1F9
  0
DICTIONARYVAR
  5
2E
330
2D
100
DictionaryVariables
280
0
  1
1.4.2 @ 2026-08-25T23:57:11.878803+00:00
  0
DICTIONARYVAR
  5
1F9
330
2D
100
DictionaryVariables
280
0
  1
1.4.2 @ 2026-08-25T23:57:11.889851+00:00
  0
ENDSEC
  0
EOF
